ray_id,ray_name,voxel_id,voxel_center_global_x,voxel_center_global_y,voxel_center_global_z,voxel_center_local_x,voxel_center_local_y,voxel_center_local_z,ray_origin_point,ray_origin_point,ray_origin_point,ray_target_position,ray_target_position,ray_target_position,x_collision_point,y_collision_point,z_collision_point,collision_point_global,collider_name,ray_length,voxwl_size,eye_global_position_x,eye_global_position_y,eye_global_position_z,eye_global_rotation_deg_x,eye_global_rotation_deg_y,eye_global_rotation_deg_z
0,left road,0,-3.50500011444092,0.0,5.5,-3.45000004768372,0.0,-1.45000004768372,-3.50500011444092,0.0,5.5,-1.34908008575439,1.20473492145538,10.1852684020996,-2.39522385597229,0.62014645338058,7.91177654266357,"(-2.395224, 0.620146, 7.911777)",truck body CS,5.29633045196533,0.1,-1.34908008575439,1.20473492145538,10.1852684020996,-0.00102246595769,-179.533434786753,-0.00001025744986
1,left road,1,-3.40499997138977,0.0,5.5,-3.34999990463257,0.0,-1.45000004768372,-3.40499997138977,0.0,5.5,-1.34908008575439,1.20473492145538,10.1852684020996,-2.35462045669556,0.61550486087799,7.89372539520264,"(-2.35462, 0.615505, 7.893725)",truck body CS,5.25641822814941,0.1,-1.34908008575439,1.20473492145538,10.1852684020996,-0.00102246595769,-179.533434786753,-0.00001025744986
2,left road,2,-3.3050000667572,0.0,5.5,-3.25,0.0,-1.45000004768372,-3.3050000667572,0.0,5.5,-1.34908008575439,1.20473492145538,10.1852684020996,-2.31244325637817,0.61135828495026,7.87759876251221,"(-2.312443, 0.611358, 7.877599)",truck body CS,5.21811723709106,0.1,-1.34908008575439,1.20473492145538,10.1852684020996,-0.00102246595769,-179.533434786753,-0.00001025744986
3,left road,3,-3.20500016212463,0.0,5.5,-3.15000009536743,0.0,-1.45000004768372,-3.20500016212463,0.0,5.5,-1.34908008575439,1.20473492145538,10.1852684020996,-2.26867294311523,0.60779881477356,7.86375617980957,"(-2.268673, 0.607799, 7.863756)",truck body CS,5.18146371841431,0.1,-1.34908008575439,1.20473492145538,10.1852684020996,-0.00102246595769,-179.533434786753,-0.00001025744986
4,left road,4,-3.10500001907349,0.0,5.5,-3.04999995231628,0.0,-1.45000004768372,-3.10500001907349,0.0,5.5,-1.34908008575439,1.20473492145538,10.1852684020996,-2.22334051132202,0.60490566492081,7.85250473022461,"(-2.223341, 0.604906, 7.852505)",truck body CS,5.14649200439453,0.1,-1.34908008575439,1.20473492145538,10.1852684020996,-0.00102246595769,-179.533434786753,-0.00001025744986
5,left road,5,-3.00500011444092,0.0,5.5,-2.95000004768372,0.0,-1.45000004768372,-3.00500011444092,0.0,5.5,-1.34908008575439,1.20473492145538,10.1852684020996,-2.17678427696228,0.60255348682404,7.84335708618164,"(-2.176784, 0.602553, 7.843357)",truck body CS,5.11323738098145,0.1,-1.34908008575439,1.20473492145538,10.1852684020996,-0.00102246595769,-179.533434786753,-0.00001025744986
6,left road,6,-2.90499997138977,0.0,5.5,-2.84999990463257,0.0,-1.45000004768372,-2.90499997138977,0.0,5.5,-1.34908008575439,1.20473492145538,10.1852684020996,-2.12955641746521,0.60041898488998,7.83505582809448,"(-2.129556, 0.600419, 7.835056)",truck body CS,5.08173322677612,0.1,-1.34908008575439,1.20473492145538,10.1852684020996,-0.00102246595769,-179.533434786753,-0.00001025744986
7,left road,7,-2.8050000667572,0.0,5.5,-2.75,0.0,-1.45000004768372,-2.8050000667572,0.0,5.5,-1.34908008575439,1.20473492145538,10.1852684020996,-2.08188533782959,0.59835803508759,7.82704067230225,"(-2.081885, 0.598358, 7.827041)",truck body CS,5.05201244354248,0.1,-1.34908008575439,1.20473492145538,10.1852684020996,-0.00102246595769,-179.533434786753,-0.00001025744986
8,left road,8,-2.70500016212463,0.0,5.5,-2.65000009536743,0.0,-1.45000004768372,-2.70500016212463,0.0,5.5,-1.34908008575439,1.20473492145538,10.1852684020996,-2.03363537788391,0.5965074300766,7.81984329223633,"(-2.033635, 0.596507, 7.819843)",truck body CS,5.02410650253296,0.1,-1.34908008575439,1.20473492145538,10.1852684020996,-0.00102246595769,-179.533434786753,-0.00001025744986
9,left road,9,-2.60500001907349,0.0,5.5,-2.54999995231628,0.0,-1.45000004768372,-2.60500001907349,0.0,5.5,-1.34908008575439,1.20473492145538,10.1852684020996,-1.98485779762268,0.59486836194992,7.81346893310547,"(-1.984858, 0.594868, 7.813469)",truck body CS,4.99804592132568,0.1,-1.34908008575439,1.20473492145538,10.1852684020996,-0.00102246595769,-179.533434786753,-0.00001025744986
10,left road,10,-2.50500011444092,0.0,5.5,-2.45000004768372,0.0,-1.45000004768372,-2.50500011444092,0.0,5.5,-1.34908008575439,1.20473492145538,10.1852684020996,-1.93547165393829,0.59357976913452,7.80845737457275,"(-1.935472, 0.59358, 7.808457)",truck body CS,4.97385931015015,0.1,-1.34908008575439,1.20473492145538,10.1852684020996,-0.00102246595769,-179.533434786753,-0.00001025744986
11,left road,11,-2.40499997138977,0.0,5.5,-2.34999990463257,0.0,-1.45000004768372,-2.40499997138977,0.0,5.5,-1.34908008575439,1.20473492145538,10.1852684020996,-1.88602185249329,0.5921196937561,7.80277919769287,"(-1.886022, 0.59212, 7.802779)",truck body CS,4.95157480239868,0.1,-1.34908008575439,1.20473492145538,10.1852684020996,-0.00102246595769,-179.533434786753,-0.00001025744986
12,left road,12,-2.3050000667572,0.0,5.5,-2.25,0.0,-1.45000004768372,-2.3050000667572,0.0,5.5,-1.34908008575439,1.20473492145538,10.1852684020996,-1.8358565568924,0.59125602245331,7.79942035675049,"(-1.835857, 0.591256, 7.79942)",truck body CS,4.93121767044067,0.1,-1.34908008575439,1.20473492145538,10.1852684020996,-0.00102246595769,-179.533434786753,-0.00001025744986
13,left road,13,-2.20500016212463,0.0,5.5,-2.15000009536743,0.0,-1.45000004768372,-2.20500016212463,0.0,5.5,-1.34908008575439,1.20473492145538,10.1852684020996,-1.78538024425507,0.59062850475311,7.7969799041748,"(-1.78538, 0.590629, 7.79698)",truck body CS,4.91281223297119,0.1,-1.34908008575439,1.20473492145538,10.1852684020996,-0.00102246595769,-179.533434786753,-0.00001025744986
14,left road,14,-2.10500001907349,0.0,5.5,-2.04999995231628,0.0,-1.45000004768372,-2.10500001907349,0.0,5.5,-1.34908008575439,1.20473492145538,10.1852684020996,-1.7345278263092,0.59043389558792,7.79622316360474,"(-1.734528, 0.590434, 7.796223)",truck body CS,4.89638042449951,0.1,-1.34908008575439,1.20473492145538,10.1852684020996,-0.00102246595769,-179.533434786753,-0.00001025744986
15,left road,15,-2.00500011444092,0.0,5.5,-1.95000004768372,0.0,-1.45000004768372,-2.00500011444092,0.0,5.5,-1.34908008575439,1.20473492145538,10.1852684020996,-1.68332064151764,0.59083187580109,7.79777097702026,"(-1.683321, 0.590832, 7.797771)",truck body CS,4.88194179534912,0.1,-1.34908008575439,1.20473492145538,10.1852684020996,-0.00102246595769,-179.533434786753,-0.00001025744986
16,left road,16,-1.90499997138977,0.0,5.5,-1.85000002384186,0.0,-1.45000004768372,-1.90499997138977,0.0,5.5,-1.34908008575439,1.20473492145538,10.1852684020996,-1.63211631774902,0.59136646986008,7.79984951019287,"(-1.632116, 0.591366, 7.79985)",truck body CS,4.86951494216919,0.1,-1.34908008575439,1.20473492145538,10.1852684020996,-0.00102246595769,-179.533434786753,-0.00001025744986
17,left road,17,-1.80499994754791,0.0,5.5,-1.75,0.0,-1.45000004768372,-1.80499994754791,0.0,5.5,-1.34908008575439,1.20473492145538,10.1852684020996,-1.58070504665375,0.59268289804459,7.80496978759766,"(-1.580705, 0.592683, 7.80497)",truck body CS,4.85911417007446,0.1,-1.34908008575439,1.20473492145538,10.1852684020996,-0.00102246595769,-179.533434786753,-0.00001025744986
18,left road,18,-1.70499992370605,0.0,5.5,-1.64999997615814,0.0,-1.45000004768372,-1.70499992370605,0.0,5.5,-1.34908008575439,1.20473492145538,10.1852684020996,-1.52955901622772,0.59384083747864,7.80947303771973,"(-1.529559, 0.593841, 7.809473)",truck body CS,4.85075330734253,0.1,-1.34908008575439,1.20473492145538,10.1852684020996,-0.00102246595769,-179.533434786753,-0.00001025744986
19,left road,19,-1.6049998998642,0.0,5.5,-1.54999995231628,0.0,-1.45000004768372,-1.6049998998642,0.0,5.5,-1.34908008575439,1.20473492145538,10.1852684020996,-1.47851967811584,0.59540218114853,7.81554508209229,"(-1.47852, 0.595402, 7.815545)",truck body CS,4.84444236755371,0.1,-1.34908008575439,1.20473492145538,10.1852684020996,-0.00102246595769,-179.533434786753,-0.00001025744986
20,left road,20,-1.50499999523163,0.0,5.5,-1.45000004768372,0.0,-1.45000004768372,-1.50499999523163,0.0,5.5,-1.34908008575439,1.20473492145538,10.1852684020996,-1.42772769927979,0.59705394506454,7.8219690322876,"(-1.427728, 0.597054, 7.821969)",truck body CS,4.84018993377686,0.1,-1.34908008575439,1.20473492145538,10.1852684020996,-0.00102246595769,-179.533434786753,-0.00001025744986
21,left road,21,-1.40499997138977,0.0,5.5,-1.35000002384186,0.0,-1.45000004768372,-1.40499997138977,0.0,5.5,-1.34908008575439,1.20473492145538,10.1852684020996,-1.37719547748566,0.59901911020279,7.82961177825928,"(-1.377195, 0.599019, 7.829612)",truck body CS,4.8380012512207,0.1,-1.34908008575439,1.20473492145538,10.1852684020996,-0.00102246595769,-179.533434786753,-0.00001025744986
22,left road,22,-1.30499994754791,0.0,5.5,-1.25,0.0,-1.45000004768372,-1.30499994754791,0.0,5.5,-1.34908008575439,1.20473492145538,10.1852684020996,-1.32699298858643,0.60108113288879,7.83763122558594,"(-1.326993, 0.601081, 7.837631)",truck body CS,4.83787870407104,0.1,-1.34908008575439,1.20473492145538,10.1852684020996,-0.00102246595769,-179.533434786753,-0.00001025744986
23,left road,23,-1.20499992370605,0.0,5.5,-1.14999997615814,0.0,-1.45000004768372,-1.20499992370605,0.0,5.5,-1.34908008575439,1.20473492145538,10.1852684020996,-1.27716946601868,0.60344994068146,7.84684324264526,"(-1.277169, 0.60345, 7.846843)",truck body CS,4.83982276916504,0.1,-1.34908008575439,1.20473492145538,10.1852684020996,-0.00102246595769,-179.533434786753,-0.00001025744986
24,left road,24,-1.1049998998642,0.0,5.5,-1.04999995231628,0.0,-1.45000004768372,-1.1049998998642,0.0,5.5,-1.34908008575439,1.20473492145538,10.1852684020996,-1.22789812088013,0.60660350322723,7.85910797119141,"(-1.227898, 0.606604, 7.859108)",truck body CS,4.84383153915405,0.1,-1.34908008575439,1.20473492145538,10.1852684020996,-0.00102246595769,-179.533434786753,-0.00001025744986
25,left road,25,-1.00499999523163,0.0,5.5,-0.94999998807907,0.0,-1.45000004768372,-1.00499999523163,0.0,5.5,-1.34908008575439,1.20473492145538,10.1852684020996,-1.1793749332428,0.61054265499115,7.874427318573,"(-1.179375, 0.610543, 7.874427)",truck body CS,4.84989881515503,0.1,-1.34908008575439,1.20473492145538,10.1852684020996,-0.00102246595769,-179.533434786753,-0.00001025744986
26,left road,26,-0.90500003099442,0.0,5.5,-0.85000002384186,0.0,-1.45000004768372,-0.90500003099442,0.0,5.5,-1.34908008575439,1.20473492145538,10.1852684020996,-1.13177740573883,0.61521935462952,7.89261531829834,"(-1.131777, 0.615219, 7.892615)",truck body CS,4.8580174446106,0.1,-1.34908008575439,1.20473492145538,10.1852684020996,-0.00102246595769,-179.533434786753,-0.00001025744986
27,left road,27,-0.80500000715256,0.0,5.5,-0.75,0.0,-1.45000004768372,-0.80500000715256,0.0,5.5,-1.34908008575439,1.20473492145538,10.1852684020996,-1.08552420139313,0.62115371227264,7.91569423675537,"(-1.085524, 0.621154, 7.915694)",truck body CS,4.86817741394043,0.1,-1.34908008575439,1.20473492145538,10.1852684020996,-0.00102246595769,-179.533434786753,-0.00001025744986
28,left road,28,-0.7049999833107,0.0,5.5,-0.64999997615814,0.0,-1.45000004768372,-0.7049999833107,0.0,5.5,-1.34908008575439,1.20473492145538,10.1852684020996,-1.04238903522491,0.63107734918594,7.9542875289917,"(-1.042389, 0.631077, 7.954288)",truck body CS,4.8803653717041,0.1,-1.34908008575439,1.20473492145538,10.1852684020996,-0.00102246595769,-179.533434786753,-0.00001025744986
29,left road,29,-0.60500001907349,0.0,5.5,-0.55000001192093,0.0,-1.45000004768372,-0.60500001907349,0.0,5.5,-1.34908008575439,1.20473492145538,10.1852684020996,-0.99891555309296,0.63778591156006,7.98037719726563,"(-0.998916, 0.637786, 7.980377)",truck body CS,4.89456653594971,0.1,-1.34908008575439,1.20473492145538,10.1852684020996,-0.00102246595769,-179.533434786753,-0.00001025744986
30,left road,30,-0.50499999523163,0.0,5.5,-0.44999998807907,0.0,-1.45000004768372,-0.50499999523163,0.0,5.5,-1.34908008575439,1.20473492145538,10.1852684020996,-0.96141731739044,0.65143322944641,8.0334529876709,"(-0.961417, 0.651433, 8.033453)",truck body CS,4.91076326370239,0.1,-1.34908008575439,1.20473492145538,10.1852684020996,-0.00102246595769,-179.533434786753,-0.00001025744986
31,left road,31,-0.40500000119209,0.0,5.5,-0.34999999403954,0.0,-1.45000004768372,-0.40500000119209,0.0,5.5,-1.34908008575439,1.20473492145538,10.1852684020996,-0.93587338924408,0.67744427919388,8.13461017608643,"(-0.935873, 0.677444, 8.13461)",truck body CS,4.92893648147583,0.1,-1.34908008575439,1.20473492145538,10.1852684020996,-0.00102246595769,-179.533434786753,-0.00001025744986
32,left road,32,-0.30500000715256,0.0,5.5,-0.25,0.0,-1.45000004768372,-0.30500000715256,0.0,5.5,-1.34908008575439,1.20473492145538,10.1852684020996,-0.91528022289276,0.70418524742126,8.23860740661621,"(-0.91528, 0.704185, 8.238607)",truck body CS,4.94906330108643,0.1,-1.34908008575439,1.20473492145538,10.1852684020996,-0.00102246595769,-179.533434786753,-0.00001025744986
33,left road,33,-0.20500001311302,0.0,5.5,-0.15000000596046,0.0,-1.45000004768372,-0.20500001311302,0.0,5.5,-1.34908008575439,1.20473492145538,10.1852684020996,-0.89769715070724,0.72942137718201,8.33675193786621,"(-0.897697, 0.729421, 8.336752)",truck body CS,4.97112131118774,0.1,-1.34908008575439,1.20473492145538,10.1852684020996,-0.00102246595769,-179.533434786753,-0.00001025744986
34,left road,34,-0.10500000417233,0.0,5.5,-0.05000000074506,0.0,-1.45000004768372,-0.10500000417233,0.0,5.5,-1.34908008575439,1.20473492145538,10.1852684020996,-0.88236910104752,0.75278401374817,8.42761039733887,"(-0.882369, 0.752784, 8.42761)",truck body CS,4.99508380889893,0.1,-1.34908008575439,1.20473492145538,10.1852684020996,-0.00102246595769,-179.533434786753,-0.00001025744986
35,left road,35,-0.00499999895692,0.0,5.5,0.05000000074506,0.0,-1.45000004768372,-0.00499999895692,0.0,5.5,-1.34908008575439,1.20473492145538,10.1852684020996,-0.86874806880951,0.77420043945313,8.51089954376221,"(-0.868748, 0.7742, 8.5109)",truck body CS,5.02092409133911,0.1,-1.34908008575439,1.20473492145538,10.1852684020996,-0.00102246595769,-179.533434786753,-0.00001025744986
36,left road,36,0.09500000625849,0.0,5.5,0.15000000596046,0.0,-1.45000004768372,0.09500000625849,0.0,5.5,-1.34908008575439,1.20473492145538,10.1852684020996,-0.86093318462372,0.7974945306778,8.60149192810059,"(-0.860933, 0.797495, 8.601492)",truck body CS,5.04861307144165,0.1,-1.34908008575439,1.20473492145538,10.1852684020996,-0.00102246595769,-179.533434786753,-0.00001025744986
37,left road,37,0.19499999284744,0.0,5.5,0.25,0.0,-1.45000004768372,0.19499999284744,0.0,5.5,-1.34908008575439,1.20473492145538,10.1852684020996,-0.85770016908646,0.82134634256363,8.69425201416016,"(-0.8577, 0.821346, 8.694252)",truck body CS,5.07812070846558,0.1,-1.34908008575439,1.20473492145538,10.1852684020996,-0.00102246595769,-179.533434786753,-0.00001025744986
38,left road,38,0.29499998688698,0.0,5.5,0.34999999403954,0.0,-1.45000004768372,0.29499998688698,0.0,5.5,-1.34908008575439,1.20473492145538,10.1852684020996,-0.86061668395996,0.84680283069611,8.79325389862061,"(-0.860617, 0.846803, 8.793254)",truck body CS,5.10941553115845,0.1,-1.34908008575439,1.20473492145538,10.1852684020996,-0.00102246595769,-179.533434786753,-0.00001025744986
39,left road,39,0.39499998092651,0.0,5.5,0.44999998807907,0.0,-1.45000004768372,0.39499998092651,0.0,5.5,-1.34908008575439,1.20473492145538,10.1852684020996,-0.86833792924881,0.8726589679718,8.89380931854248,"(-0.868338, 0.872659, 8.893809)",truck body CS,5.14246463775635,0.1,-1.34908008575439,1.20473492145538,10.1852684020996,-0.00102246595769,-179.533434786753,-0.00001025744986
40,left road,40,0.49500000476837,0.0,5.5,0.55000001192093,0.0,-1.45000004768372,0.49500000476837,0.0,5.5,-1.34908008575439,1.20473492145538,10.1852684020996,-0.87485307455063,0.89492309093475,8.98039531707764,"(-0.874853, 0.894923, 8.980395)",truck body CS,5.1772346496582,0.1,-1.34908008575439,1.20473492145538,10.1852684020996,-0.00102246595769,-179.533434786753,-0.00001025744986
41,left road,41,0.59499996900558,0.0,5.5,0.64999997615814,0.0,-1.45000004768372,0.59499996900558,0.0,5.5,-1.34908008575439,1.20473492145538,10.1852684020996,-0.87374883890152,0.91017496585846,9.03971099853516,"(-0.873749, 0.910175, 9.039711)",truck body CS,5.21369123458862,0.1,-1.34908008575439,1.20473492145538,10.1852684020996,-0.00102246595769,-179.533434786753,-0.00001025744986
42,left road,42,0.69499999284744,0.0,5.5,0.75,0.0,-1.45000004768372,0.69499999284744,0.0,5.5,-1.34908008575439,1.20473492145538,10.1852684020996,-0.85959106683731,0.91624104976654,9.0633020401001,"(-0.859591, 0.916241, 9.063302)",truck body CS,5.25179862976074,0.1,-1.34908008575439,1.20473492145538,10.1852684020996,-0.00102246595769,-179.533434786753,-0.00001025744986
43,left road,43,0.7950000166893,0.0,5.5,0.85000002384186,0.0,-1.45000004768372,0.7950000166893,0.0,5.5,-1.34908008575439,1.20473492145538,10.1852684020996,-0.85557287931442,0.92743861675262,9.10684967041016,"(-0.855573, 0.927439, 9.10685)",truck body CS,5.29152202606201,0.1,-1.34908008575439,1.20473492145538,10.1852684020996,-0.00102246595769,-179.533434786753,-0.00001025744986
44,left road,44,0.89499998092651,0.0,5.5,0.94999998807907,0.0,-1.45000004768372,0.89499998092651,0.0,5.5,-1.34908008575439,1.20473492145538,10.1852684020996,-0.88511377573013,0.95565444231033,9.21658229827881,"(-0.885114, 0.955654, 9.216582)",truck body CS,5.33282518386841,0.1,-1.34908008575439,1.20473492145538,10.1852684020996,-0.00102246595769,-179.533434786753,-0.00001025744986
45,left road,45,0.99499994516373,0.0,5.5,1.04999995231628,0.0,-1.45000004768372,0.99499994516373,0.0,5.5,-1.34908008575439,1.20473492145538,10.1852684020996,-0.87971818447113,0.96350729465485,9.2471227645874,"(-0.879718, 0.963507, 9.247123)",truck body CS,5.37567090988159,0.1,-1.34908008575439,1.20473492145538,10.1852684020996,-0.00102246595769,-179.533434786753,-0.00001025744986
46,left road,46,1.09500002861023,0.0,5.5,1.14999997615814,0.0,-1.45000004768372,1.09500002861023,0.0,5.5,-1.34908008575439,1.20473492145538,10.1852684020996,-0.87847691774368,0.97276538610458,9.283127784729,"(-0.878477, 0.972765, 9.283128)",truck body CS,5.4200234413147,0.1,-1.34908008575439,1.20473492145538,10.1852684020996,-0.00102246595769,-179.533434786753,-0.00001025744986
47,left road,47,1.19500005245209,0.0,5.5,1.25,0.0,-1.45000004768372,1.19500005245209,0.0,5.5,-1.34908008575439,1.20473492145538,10.1852684020996,-0.88074141740799,0.98295563459396,9.32275772094727,"(-0.880741, 0.982956, 9.322758)",truck body CS,5.46584606170654,0.1,-1.34908008575439,1.20473492145538,10.1852684020996,-0.00102246595769,-179.533434786753,-0.00001025744986
48,left road,48,1.29500007629395,0.0,5.5,1.35000002384186,0.0,-1.45000004768372,1.29500007629395,0.0,5.5,-1.34908008575439,1.20473492145538,10.1852684020996,-0.88801354169846,0.99465692043304,9.36826419830322,"(-0.888014, 0.994657, 9.368264)",truck body CS,5.51310157775879,0.1,-1.34908008575439,1.20473492145538,10.1852684020996,-0.00102246595769,-179.533434786753,-0.00001025744986
49,left road,49,1.3950001001358,0.0,5.5,1.45000004768372,0.0,-1.45000004768372,1.3950001001358,0.0,5.5,-1.34908008575439,1.20473492145538,10.1852684020996,-0.90138918161392,1.00818490982056,9.42087554931641,"(-0.901389, 1.008185, 9.420876)",truck body CS,5.56175327301025,0.1,-1.34908008575439,1.20473492145538,10.1852684020996,-0.00102246595769,-179.533434786753,-0.00001025744986
50,left road,50,1.49500000476837,0.0,5.5,1.54999995231628,0.0,-1.45000004768372,1.49500000476837,0.0,5.5,-1.34908008575439,1.20473492145538,10.1852684020996,-0.91193056106567,1.01956117153168,9.46511840820313,"(-0.911931, 1.019561, 9.465118)",truck body CS,5.61176586151123,0.1,-1.34908008575439,1.20473492145538,10.1852684020996,-0.00102246595769,-179.533434786753,-0.00001025744986
51,left road,51,1.59500002861023,0.0,5.5,1.64999997615814,0.0,-1.45000004768372,1.59500002861023,0.0,5.5,-1.34908008575439,1.20473492145538,10.1852684020996,-0.91935044527054,1.02888691425323,9.50138664245605,"(-0.91935, 1.028887, 9.501387)",truck body CS,5.66310262680054,0.1,-1.34908008575439,1.20473492145538,10.1852684020996,-0.00102246595769,-179.533434786753,-0.00001025744986
52,left road,52,1.69500005245209,0.0,5.5,1.75,0.0,-1.45000004768372,1.69500005245209,0.0,5.5,-1.34908008575439,1.20473492145538,10.1852684020996,-0.92670071125031,1.03757262229919,9.53516578674316,"(-0.926701, 1.037573, 9.535166)",truck body CS,5.71572828292847,0.1,-1.34908008575439,1.20473492145538,10.1852684020996,-0.00102246595769,-179.533434786753,-0.00001025744986
53,left road,53,1.79500007629395,0.0,5.5,1.85000002384186,0.0,-1.45000004768372,1.79500007629395,0.0,5.5,-1.34908008575439,1.20473492145538,10.1852684020996,-0.93346869945526,1.04548275470734,9.56592845916748,"(-0.933469, 1.045483, 9.565928)",truck body CS,5.76960706710815,0.1,-1.34908008575439,1.20473492145538,10.1852684020996,-0.00102246595769,-179.533434786753,-0.00001025744986
54,left road,54,1.8950001001358,0.0,5.5,1.95000004768372,0.0,-1.45000004768372,1.8950001001358,0.0,5.5,-1.34908008575439,1.20473492145538,10.1852684020996,-1.31426274776459,1.19180500507355,10.1349830627441,"(-1.314263, 1.191805, 10.13498)",EyeArea,5.82470417022705,0.1,-1.34908008575439,1.20473492145538,10.1852684020996,-0.00102246595769,-179.533434786753,-0.00001025744986
55,left road,55,1.99500000476837,0.0,5.5,2.04999995231628,0.0,-1.45000004768372,1.99500000476837,0.0,5.5,-1.34908008575439,1.20473492145538,10.1852684020996,-1.31318318843842,1.19180285930634,10.1349744796753,"(-1.313183, 1.191803, 10.13497)",EyeArea,5.88098621368408,0.1,-1.34908008575439,1.20473492145538,10.1852684020996,-0.00102246595769,-179.533434786753,-0.00001025744986
56,left road,56,2.09500002861023,0.0,5.5,2.15000009536743,0.0,-1.45000004768372,2.09500002861023,0.0,5.5,-1.34908008575439,1.20473492145538,10.1852684020996,-1.31210327148438,1.19180047512054,10.1349658966064,"(-1.312103, 1.1918, 10.13497)",EyeArea,5.93841886520386,0.1,-1.34908008575439,1.20473492145538,10.1852684020996,-0.00102246595769,-179.533434786753,-0.00001025744986
57,left road,57,2.1949999332428,0.0,5.5,2.25,0.0,-1.45000004768372,2.1949999332428,0.0,5.5,-1.34908008575439,1.20473492145538,10.1852684020996,-1.31102299690247,1.19179832935333,10.1349573135376,"(-1.311023, 1.191798, 10.13496)",EyeArea,5.99696826934814,0.1,-1.34908008575439,1.20473492145538,10.1852684020996,-0.00102246595769,-179.533434786753,-0.00001025744986
58,left road,58,2.29499983787537,0.0,5.5,2.34999990463257,0.0,-1.45000004768372,2.29499983787537,0.0,5.5,-1.34908008575439,1.20473492145538,10.1852684020996,-1.03312516212463,1.10028004646301,9.77903747558594,"(-1.033125, 1.10028, 9.779037)",truck body CS,6.05660343170166,0.1,-1.34908008575439,1.20473492145538,10.1852684020996,-0.00102246595769,-179.533434786753,-0.00001025744986
59,left road,59,2.39499998092651,0.0,5.5,2.45000004768372,0.0,-1.45000004768372,2.39499998092651,0.0,5.5,-1.34908008575439,1.20473492145538,10.1852684020996,-1.02389144897461,1.10009872913361,9.77833271026611,"(-1.023891, 1.100099, 9.778333)",truck body CS,6.11729192733765,0.1,-1.34908008575439,1.20473492145538,10.1852684020996,-0.00102246595769,-179.533434786753,-0.00001025744986
60,left road,60,2.49499988555908,0.0,5.5,2.54999995231628,0.0,-1.45000004768372,2.49499988555908,0.0,5.5,-1.34908008575439,1.20473492145538,10.1852684020996,-1.30777966976166,1.19179153442383,10.1349306106567,"(-1.30778, 1.191792, 10.13493)",EyeArea,6.17900276184082,0.1,-1.34908008575439,1.20473492145538,10.1852684020996,-0.00102246595769,-179.533434786753,-0.00001025744986
61,left road,61,2.59500002861023,0.0,5.5,2.65000009536743,0.0,-1.45000004768372,2.59500002861023,0.0,5.5,-1.34908008575439,1.20473492145538,10.1852684020996,-1.07779610157013,1.12187016010284,9.86300277709961,"(-1.077796, 1.12187, 9.863003)",truck body CS,6.24170589447021,0.1,-1.34908008575439,1.20473492145538,10.1852684020996,-0.00102246595769,-179.533434786753,-0.00001025744986
62,left road,62,2.6949999332428,0.0,5.5,2.75,0.0,-1.45000004768372,2.6949999332428,0.0,5.5,-1.34908008575439,1.20473492145538,10.1852684020996,-0.99840259552002,1.10026788711548,9.77899074554443,"(-0.998403, 1.100268, 9.778991)",truck body CS,6.30537128448486,0.1,-1.34908008575439,1.20473492145538,10.1852684020996,-0.00102246595769,-179.533434786753,-0.00001025744986
63,left road,63,2.79499983787537,0.0,5.5,2.84999990463257,0.0,-1.45000004768372,2.79499983787537,0.0,5.5,-1.34908008575439,1.20473492145538,10.1852684020996,-0.98922508955002,1.10012078285217,9.77841758728027,"(-0.989225, 1.100121, 9.778418)",truck body CS,6.36997079849243,0.1,-1.34908008575439,1.20473492145538,10.1852684020996,-0.00102246595769,-179.533434786753,-0.00001025744986
64,left road,64,2.89499998092651,0.0,5.5,2.95000004768372,0.0,-1.45000004768372,2.89499998092651,0.0,5.5,-1.34908008575439,1.20473492145538,10.1852684020996,-0.97973293066025,1.09989106655121,9.77752494812012,"(-0.979733, 1.099891, 9.777525)",truck body CS,6.43547534942627,0.1,-1.34908008575439,1.20473492145538,10.1852684020996,-0.00102246595769,-179.533434786753,-0.00001025744986
65,left road,65,2.99499988555908,0.0,5.5,3.04999995231628,0.0,-1.45000004768372,2.99499988555908,0.0,5.5,-1.34908008575439,1.20473492145538,10.1852684020996,-0.97042816877365,1.09972405433655,9.77687549591064,"(-0.970428, 1.099724, 9.776875)",truck body CS,6.50185775756836,0.1,-1.34908008575439,1.20473492145538,10.1852684020996,-0.00102246595769,-179.533434786753,-0.00001025744986
66,left road,66,3.09500002861023,0.0,5.5,3.15000009536743,0.0,-1.45000004768372,3.09500002861023,0.0,5.5,-1.34908008575439,1.20473492145538,10.1852684020996,-0.96205151081085,1.09981620311737,9.77723407745361,"(-0.962052, 1.099816, 9.777234)",truck body CS,6.56909275054932,0.1,-1.34908008575439,1.20473492145538,10.1852684020996,-0.00102246595769,-179.533434786753,-0.00001025744986
67,left road,67,3.1949999332428,0.0,5.5,3.25,0.0,-1.45000004768372,3.1949999332428,0.0,5.5,-1.34908008575439,1.20473492145538,10.1852684020996,-0.96074646711349,1.1017792224884,9.78486824035645,"(-0.960746, 1.101779, 9.784868)",truck body CS,6.63715219497681,0.1,-1.34908008575439,1.20473492145538,10.1852684020996,-0.00102246595769,-179.533434786753,-0.00001025744986
68,left road,68,3.29499983787537,0.0,5.5,3.34999990463257,0.0,-1.45000004768372,3.29499983787537,0.0,5.5,-1.34908008575439,1.20473492145538,10.1852684020996,-0.96170437335968,1.10424447059631,9.79445648193359,"(-0.961704, 1.104244, 9.794456)",truck body CS,6.70601272583008,0.1,-1.34908008575439,1.20473492145538,10.1852684020996,-0.00102246595769,-179.533434786753,-0.00001025744986
69,left road,69,3.39499998092651,0.0,5.5,3.45000004768372,0.0,-1.45000004768372,3.39499998092651,0.0,5.5,-1.34908008575439,1.20473492145538,10.1852684020996,-0.96267133951187,1.10660827159882,9.80364894866943,"(-0.962671, 1.106608, 9.803649)",truck body CS,6.7756495475769,0.1,-1.34908008575439,1.20473492145538,10.1852684020996,-0.00102246595769,-179.533434786753,-0.00001025744986
70,left road,70,-3.50500011444092,0.0,5.59999990463257,-3.45000004768372,0.0,-1.35000002384186,-3.50500011444092,0.0,5.59999990463257,-1.34908008575439,1.20473492145538,10.1852684020996,-2.41356444358826,0.60989767313004,7.92129325866699,"(-2.413564, 0.609898, 7.921293)",truck body CS,5.20807695388794,0.1,-1.34908008575439,1.20473492145538,10.1852684020996,-0.00102246595769,-179.533434786753,-0.00001025744986
71,left road,71,-3.40499997138977,0.0,5.59999990463257,-3.34999990463257,0.0,-1.35000002384186,-3.40499997138977,0.0,5.59999990463257,-1.34908008575439,1.20473492145538,10.1852684020996,-2.37258052825928,0.60498052835464,7.90257930755615,"(-2.372581, 0.604981, 7.902579)",truck body CS,5.16748285293579,0.1,-1.34908008575439,1.20473492145538,10.1852684020996,-0.00102246595769,-179.533434786753,-0.00001025744986
72,left road,72,-3.3050000667572,0.0,5.59999990463257,-3.25,0.0,-1.35000002384186,-3.3050000667572,0.0,5.59999990463257,-1.34908008575439,1.20473492145538,10.1852684020996,-2.32969117164612,0.60073447227478,7.88641834259033,"(-2.329691, 0.600734, 7.886418)",truck body CS,5.12851810455322,0.1,-1.34908008575439,1.20473492145538,10.1852684020996,-0.00102246595769,-179.533434786753,-0.00001025744986
73,left road,73,-3.20500016212463,0.0,5.59999990463257,-3.15000009536743,0.0,-1.35000002384186,-3.20500016212463,0.0,5.59999990463257,-1.34908008575439,1.20473492145538,10.1852684020996,-2.28557205200195,0.59682899713516,7.87155342102051,"(-2.285572, 0.596829, 7.871553)",truck body CS,5.09121942520142,0.1,-1.34908008575439,1.20473492145538,10.1852684020996,-0.00102246595769,-179.533434786753,-0.00001025744986
74,left road,74,-3.10500001907349,0.0,5.59999990463257,-3.04999995231628,0.0,-1.35000002384186,-3.10500001907349,0.0,5.59999990463257,-1.34908008575439,1.20473492145538,10.1852684020996,-2.23972225189209,0.59366619586945,7.85951614379883,"(-2.239722, 0.593666, 7.859516)",truck body CS,5.05562353134155,0.1,-1.34908008575439,1.20473492145538,10.1852684020996,-0.00102246595769,-179.533434786753,-0.00001025744986
75,left road,75,-3.00500011444092,0.0,5.59999990463257,-2.95000004768372,0.0,-1.35000002384186,-3.00500011444092,0.0,5.59999990463257,-1.34908008575439,1.20473492145538,10.1852684020996,-2.19258952140808,0.59105455875397,7.84957647323608,"(-2.19259, 0.591055, 7.849576)",truck body CS,5.02176713943481,0.1,-1.34908008575439,1.20473492145538,10.1852684020996,-0.00102246595769,-179.533434786753,-0.00001025744986
76,left road,76,-2.90499997138977,0.0,5.59999990463257,-2.84999990463257,0.0,-1.35000002384186,-2.90499997138977,0.0,5.59999990463257,-1.34908008575439,1.20473492145538,10.1852684020996,-2.14461159706116,0.58876186609268,7.84085035324097,"(-2.144612, 0.588762, 7.84085)",truck body CS,4.98968505859375,0.1,-1.34908008575439,1.20473492145538,10.1852684020996,-0.00102246595769,-179.533434786753,-0.00001025744986
77,left road,77,-2.8050000667572,0.0,5.59999990463257,-2.75,0.0,-1.35000002384186,-2.8050000667572,0.0,5.59999990463257,-1.34908008575439,1.20473492145538,10.1852684020996,-2.0961172580719,0.5865815281868,7.83255195617676,"(-2.096117, 0.586582, 7.832552)",truck body CS,4.95941305160522,0.1,-1.34908008575439,1.20473492145538,10.1852684020996,-0.00102246595769,-179.533434786753,-0.00001025744986
78,left road,78,-2.70500016212463,0.0,5.59999990463257,-2.65000009536743,0.0,-1.35000002384186,-2.70500016212463,0.0,5.59999990463257,-1.34908008575439,1.20473492145538,10.1852684020996,-2.04703402519226,0.58460277318954,7.82502031326294,"(-2.047034, 0.584603, 7.82502)",truck body CS,4.93098306655884,0.1,-1.34908008575439,1.20473492145538,10.1852684020996,-0.00102246595769,-179.533434786753,-0.00001025744986
79,left road,79,-2.60500001907349,0.0,5.59999990463257,-2.54999995231628,0.0,-1.35000002384186,-2.60500001907349,0.0,5.59999990463257,-1.34908008575439,1.20473492145538,10.1852684020996,-1.99739491939545,0.58284205198288,7.81831932067871,"(-1.997395, 0.582842, 7.818319)",truck body CS,4.90442752838135,0.1,-1.34908008575439,1.20473492145538,10.1852684020996,-0.00102246595769,-179.533434786753,-0.00001025744986
80,left road,80,-2.50500011444092,0.0,5.59999990463257,-2.45000004768372,0.0,-1.35000002384186,-2.50500011444092,0.0,5.59999990463257,-1.34908008575439,1.20473492145538,10.1852684020996,-1.9470626115799,0.58149927854538,7.81320858001709,"(-1.947063, 0.581499, 7.813209)",truck body CS,4.87977695465088,0.1,-1.34908008575439,1.20473492145538,10.1852684020996,-0.00102246595769,-179.533434786753,-0.00001025744986
81,left road,81,-2.40499997138977,0.0,5.59999990463257,-2.34999990463257,0.0,-1.35000002384186,-2.40499997138977,0.0,5.59999990463257,-1.34908008575439,1.20473492145538,10.1852684020996,-1.89655101299286,0.58010667562485,7.8079080581665,"(-1.896551, 0.580107, 7.807908)",truck body CS,4.85706090927124,0.1,-1.34908008575439,1.20473492145538,10.1852684020996,-0.00102246595769,-179.533434786753,-0.00001025744986
82,left road,82,-2.3050000667572,0.0,5.59999990463257,-2.25,0.0,-1.35000002384186,-2.3050000667572,0.0,5.59999990463257,-1.34908008575439,1.20473492145538,10.1852684020996,-1.84554743766785,0.57904279232025,7.80385875701904,"(-1.845547, 0.579043, 7.803859)",truck body CS,4.83630609512329,0.1,-1.34908008575439,1.20473492145538,10.1852684020996,-0.00102246595769,-179.533434786753,-0.00001025744986
83,left road,83,-2.20500016212463,0.0,5.59999990463257,-2.15000009536743,0.0,-1.35000002384186,-2.20500016212463,0.0,5.59999990463257,-1.34908008575439,1.20473492145538,10.1852684020996,-1.79403221607208,0.57845050096512,7.80160474777222,"(-1.794032, 0.578451, 7.801605)",truck body CS,4.81753778457642,0.1,-1.34908008575439,1.20473492145538,10.1852684020996,-0.00102246595769,-179.533434786753,-0.00001025744986
84,left road,84,-2.10500001907349,0.0,5.59999990463257,-2.04999995231628,0.0,-1.35000002384186,-2.10500001907349,0.0,5.59999990463257,-1.34908008575439,1.20473492145538,10.1852684020996,-1.74226355552673,0.57810509204865,7.80029010772705,"(-1.742264, 0.578105, 7.80029)",truck body CS,4.80077981948853,0.1,-1.34908008575439,1.20473492145538,10.1852684020996,-0.00102246595769,-179.533434786753,-0.00001025744986
85,left road,85,-2.00500011444092,0.0,5.59999990463257,-1.95000004768372,0.0,-1.35000002384186,-2.00500011444092,0.0,5.59999990463257,-1.34908008575439,1.20473492145538,10.1852684020996,-1.69005465507507,0.57846343517303,7.80165386199951,"(-1.690055, 0.578463, 7.801654)",truck body CS,4.78605318069458,0.1,-1.34908008575439,1.20473492145538,10.1852684020996,-0.00102246595769,-179.533434786753,-0.00001025744986
86,left road,86,-1.90499997138977,0.0,5.59999990463257,-1.85000002384186,0.0,-1.35000002384186,-1.90499997138977,0.0,5.59999990463257,-1.34908008575439,1.20473492145538,10.1852684020996,-1.63784682750702,0.57894796133041,7.80349826812744,"(-1.637847, 0.578948, 7.803498)",truck body CS,4.77337598800659,0.1,-1.34908008575439,1.20473492145538,10.1852684020996,-0.00102246595769,-179.533434786753,-0.00001025744986
87,left road,87,-1.80499994754791,0.0,5.59999990463257,-1.75,0.0,-1.35000002384186,-1.80499994754791,0.0,5.59999990463257,-1.34908008575439,1.20473492145538,10.1852684020996,-1.58542466163635,0.58021146059036,7.80830764770508,"(-1.585425, 0.580211, 7.808308)",truck body CS,4.76276540756226,0.1,-1.34908008575439,1.20473492145538,10.1852684020996,-0.00102246595769,-179.533434786753,-0.00001025744986
88,left road,88,-1.70499992370605,0.0,5.59999990463257,-1.64999997615814,0.0,-1.35000002384186,-1.70499992370605,0.0,5.59999990463257,-1.34908008575439,1.20473492145538,10.1852684020996,-1.53325295448303,0.58133733272552,7.81259250640869,"(-1.533253, 0.581337, 7.812593)",truck body CS,4.75423526763916,0.1,-1.34908008575439,1.20473492145538,10.1852684020996,-0.00102246595769,-179.533434786753,-0.00001025744986
89,left road,89,-1.6049998998642,0.0,5.59999990463257,-1.54999995231628,0.0,-1.35000002384186,-1.6049998998642,0.0,5.59999990463257,-1.34908008575439,1.20473492145538,10.1852684020996,-1.48116862773895,0.58293199539185,7.8186616897583,"(-1.481169, 0.582932, 7.818662)",truck body CS,4.74779605865479,0.1,-1.34908008575439,1.20473492145538,10.1852684020996,-0.00102246595769,-179.533434786753,-0.00001025744986
90,left road,90,-1.50499999523163,0.0,5.59999990463257,-1.45000004768372,0.0,-1.35000002384186,-1.50499999523163,0.0,5.59999990463257,-1.34908008575439,1.20473492145538,10.1852684020996,-1.42934346199036,0.58457010984421,7.82489585876465,"(-1.429343, 0.58457, 7.824896)",truck body CS,4.74345684051514,0.1,-1.34908008575439,1.20473492145538,10.1852684020996,-0.00102246595769,-179.533434786753,-0.00001025744986
91,left road,91,-1.40499997138977,0.0,5.59999990463257,-1.35000002384186,0.0,-1.35000002384186,-1.40499997138977,0.0,5.59999990463257,-1.34908008575439,1.20473492145538,10.1852684020996,-1.37777030467987,0.58663362264633,7.83275032043457,"(-1.37777, 0.586634, 7.83275)",truck body CS,4.74122333526611,0.1,-1.34908008575439,1.20473492145538,10.1852684020996,-0.00102246595769,-179.533434786753,-0.00001025744986
92,left road,92,-1.30499994754791,0.0,5.59999990463257,-1.25,0.0,-1.35000002384186,-1.30499994754791,0.0,5.59999990463257,-1.34908008575439,1.20473492145538,10.1852684020996,-1.32654309272766,0.58878803253174,7.84095001220703,"(-1.326543, 0.588788, 7.84095)",truck body CS,4.74109840393066,0.1,-1.34908008575439,1.20473492145538,10.1852684020996,-0.00102246595769,-179.533434786753,-0.00001025744986
93,left road,93,-1.20499992370605,0.0,5.59999990463257,-1.14999997615814,0.0,-1.35000002384186,-1.20499992370605,0.0,5.59999990463257,-1.34908008575439,1.20473492145538,10.1852684020996,-1.2757169008255,0.59130454063416,7.8505277633667,"(-1.275717, 0.591305, 7.850528)",truck body CS,4.74308252334595,0.1,-1.34908008575439,1.20473492145538,10.1852684020996,-0.00102246595769,-179.533434786753,-0.00001025744986
94,left road,94,-1.1049998998642,0.0,5.59999990463257,-1.04999995231628,0.0,-1.35000002384186,-1.1049998998642,0.0,5.59999990463257,-1.34908008575439,1.20473492145538,10.1852684020996,-1.22546243667603,0.59458059072495,7.86299705505371,"(-1.225462, 0.594581, 7.862997)",truck body CS,4.74717283248901,0.1,-1.34908008575439,1.20473492145538,10.1852684020996,-0.00102246595769,-179.533434786753,-0.00001025744986
95,left road,95,-1.00499999523163,0.0,5.59999990463257,-0.94999998807907,0.0,-1.35000002384186,-1.00499999523163,0.0,5.59999990463257,-1.34908008575439,1.20473492145538,10.1852684020996,-1.17591667175293,0.59843403100967,7.87766265869141,"(-1.175917, 0.598434, 7.877663)",truck body CS,4.75336360931396,0.1,-1.34908008575439,1.20473492145538,10.1852684020996,-0.00102246595769,-179.533434786753,-0.00001025744986
96,left road,96,-0.90500003099442,0.0,5.59999990463257,-0.85000002384186,0.0,-1.35000002384186,-0.90500003099442,0.0,5.59999990463257,-1.34908008575439,1.20473492145538,10.1852684020996,-1.12737417221069,0.60327416658401,7.89608478546143,"(-1.127374, 0.603274, 7.896085)",truck body CS,4.76164674758911,0.1,-1.34908008575439,1.20473492145538,10.1852684020996,-0.00102246595769,-179.533434786753,-0.00001025744986
97,left road,97,-0.80500000715256,0.0,5.59999990463257,-0.75,0.0,-1.35000002384186,-0.80500000715256,0.0,5.59999990463257,-1.34908008575439,1.20473492145538,10.1852684020996,-1.07989525794983,0.60868990421295,7.91669654846191,"(-1.079895, 0.60869, 7.916697)",truck body CS,4.77201175689697,0.1,-1.34908008575439,1.20473492145538,10.1852684020996,-0.00102246595769,-179.533434786753,-0.00001025744986
98,left road,98,-0.7049999833107,0.0,5.59999990463257,-0.64999997615814,0.0,-1.35000002384186,-0.7049999833107,0.0,5.59999990463257,-1.34908008575439,1.20473492145538,10.1852684020996,-1.03416872024536,0.61570131778717,7.94338321685791,"(-1.034169, 0.615701, 7.943383)",truck body CS,4.78444480895996,0.1,-1.34908008575439,1.20473492145538,10.1852684020996,-0.00102246595769,-179.533434786753,-0.00001025744986
99,left road,99,-0.60500001907349,0.0,5.59999990463257,-0.55000001192093,0.0,-1.35000002384186,-0.60500001907349,0.0,5.59999990463257,-1.34908008575439,1.20473492145538,10.1852684020996,-0.9922559261322,0.62700337171555,7.98639917373657,"(-0.992256, 0.627003, 7.986399)",truck body CS,4.7989296913147,0.1,-1.34908008575439,1.20473492145538,10.1852684020996,-0.00102246595769,-179.533434786753,-0.00001025744986
100,left road,100,-0.50499999523163,0.0,5.59999990463257,-0.44999998807907,0.0,-1.35000002384186,-0.50499999523163,0.0,5.59999990463257,-1.34908008575439,1.20473492145538,10.1852684020996,-0.95458710193634,0.64168471097946,8.04227638244629,"(-0.954587, 0.641685, 8.042276)",truck body CS,4.81544876098633,0.1,-1.34908008575439,1.20473492145538,10.1852684020996,-0.00102246595769,-179.533434786753,-0.00001025744986
101,left road,101,-0.40500000119209,0.0,5.59999990463257,-0.34999999403954,0.0,-1.35000002384186,-0.40500000119209,0.0,5.59999990463257,-1.34908008575439,1.20473492145538,10.1852684020996,-0.92980343103409,0.66969847679138,8.14889812469482,"(-0.929803, 0.669698, 8.148898)",truck body CS,4.83397960662842,0.1,-1.34908008575439,1.20473492145538,10.1852684020996,-0.00102246595769,-179.533434786753,-0.00001025744986
102,left road,102,-0.30500000715256,0.0,5.59999990463257,-0.25,0.0,-1.35000002384186,-0.30500000715256,0.0,5.59999990463257,-1.34908008575439,1.20473492145538,10.1852684020996,-0.90970885753632,0.69775664806366,8.25568866729736,"(-0.909709, 0.697757, 8.255689)",truck body CS,4.85450077056885,0.1,-1.34908008575439,1.20473492145538,10.1852684020996,-0.00102246595769,-179.533434786753,-0.00001025744986
103,left road,103,-0.20500001311302,0.0,5.59999990463257,-0.15000000596046,0.0,-1.35000002384186,-0.20500001311302,0.0,5.59999990463257,-1.34908008575439,1.20473492145538,10.1852684020996,-0.89243507385254,0.72388029098511,8.35511589050293,"(-0.892435, 0.72388, 8.355116)",truck body CS,4.87698602676392,0.1,-1.34908008575439,1.20473492145538,10.1852684020996,-0.00102246595769,-179.533434786753,-0.00001025744986
104,left road,104,-0.10500000417233,0.0,5.59999990463257,-0.05000000074506,0.0,-1.35000002384186,-0.10500000417233,0.0,5.59999990463257,-1.34908008575439,1.20473492145538,10.1852684020996,-0.87676197290421,0.74735414981842,8.44445896148682,"(-0.876762, 0.747354, 8.444459)",truck body CS,4.90140867233276,0.1,-1.34908008575439,1.20473492145538,10.1852684020996,-0.00102246595769,-179.533434786753,-0.00001025744986
105,left road,105,-0.00499999895692,0.0,5.59999990463257,0.05000000074506,0.0,-1.35000002384186,-0.00499999895692,0.0,5.59999990463257,-1.34908008575439,1.20473492145538,10.1852684020996,-0.86388635635376,0.7698427438736,8.53005123138428,"(-0.863886, 0.769843, 8.530051)",truck body CS,4.9277400970459,0.1,-1.34908008575439,1.20473492145538,10.1852684020996,-0.00102246595769,-179.533434786753,-0.00001025744986
106,left road,106,0.09500000625849,0.0,5.59999990463257,0.15000000596046,0.0,-1.35000002384186,0.09500000625849,0.0,5.59999990463257,-1.34908008575439,1.20473492145538,10.1852684020996,-0.85908061265945,0.79594910144806,8.62941265106201,"(-0.859081, 0.795949, 8.629413)",truck body CS,4.9559497833252,0.1,-1.34908008575439,1.20473492145538,10.1852684020996,-0.00102246595769,-179.533434786753,-0.00001025744986
107,left road,107,0.19499999284744,0.0,5.59999990463257,0.25,0.0,-1.35000002384186,0.19499999284744,0.0,5.59999990463257,-1.34908008575439,1.20473492145538,10.1852684020996,-0.85671877861023,0.8205806016922,8.7231616973877,"(-0.856719, 0.820581, 8.723162)",truck body CS,4.98600625991821,0.1,-1.34908008575439,1.20473492145538,10.1852684020996,-0.00102246595769,-179.533434786753,-0.00001025744986
108,left road,108,0.29499998688698,0.0,5.59999990463257,0.34999999403954,0.0,-1.35000002384186,0.29499998688698,0.0,5.59999990463257,-1.34908008575439,1.20473492145538,10.1852684020996,-0.85903084278107,0.84564077854156,8.81854152679443,"(-0.859031, 0.845641, 8.818542)",truck body CS,5.01787519454956,0.1,-1.34908008575439,1.20473492145538,10.1852684020996,-0.00102246595769,-179.533434786753,-0.00001025744986
109,left road,109,0.39499998092651,0.0,5.59999990463257,0.44999998807907,0.0,-1.35000002384186,0.39499998092651,0.0,5.59999990463257,-1.34908008575439,1.20473492145538,10.1852684020996,-0.8695884346962,0.87352287769318,8.92466163635254,"(-0.869588, 0.873523, 8.924662)",truck body CS,5.05152320861816,0.1,-1.34908008575439,1.20473492145538,10.1852684020996,-0.00102246595769,-179.533434786753,-0.00001025744986
110,left road,110,0.49500000476837,0.0,5.59999990463257,0.55000001192093,0.0,-1.35000002384186,0.49500000476837,0.0,5.59999990463257,-1.34908008575439,1.20473492145538,10.1852684020996,-0.87401473522186,0.89437544345856,9.00402736663818,"(-0.874015, 0.894375, 9.004027)",truck body CS,5.08691501617432,0.1,-1.34908008575439,1.20473492145538,10.1852684020996,-0.00102246595769,-179.533434786753,-0.00001025744986
111,left road,111,0.59499996900558,0.0,5.59999990463257,0.64999997615814,0.0,-1.35000002384186,0.59499996900558,0.0,5.59999990463257,-1.34908008575439,1.20473492145538,10.1852684020996,-0.87226486206055,0.90925526618958,9.06066036224365,"(-0.872265, 0.909255, 9.06066)",truck body CS,5.12401390075684,0.1,-1.34908008575439,1.20473492145538,10.1852684020996,-0.00102246595769,-179.533434786753,-0.00001025744986
112,left road,112,0.69499999284744,0.0,5.59999990463257,0.75,0.0,-1.35000002384186,0.69499999284744,0.0,5.59999990463257,-1.34908008575439,1.20473492145538,10.1852684020996,-0.85648506879807,0.91441035270691,9.08028125762939,"(-0.856485, 0.91441, 9.080281)",truck body CS,5.1627836227417,0.1,-1.34908008575439,1.20473492145538,10.1852684020996,-0.00102246595769,-179.533434786753,-0.00001025744986
113,left road,113,0.7950000166893,0.0,5.59999990463257,0.85000002384186,0.0,-1.35000002384186,0.7950000166893,0.0,5.59999990463257,-1.34908008575439,1.20473492145538,10.1852684020996,-0.85372400283813,0.92639970779419,9.1259126663208,"(-0.853724, 0.9264, 9.125913)",truck body CS,5.20318698883057,0.1,-1.34908008575439,1.20473492145538,10.1852684020996,-0.00102246595769,-179.533434786753,-0.00001025744986
114,left road,114,0.89499998092651,0.0,5.59999990463257,0.94999998807907,0.0,-1.35000002384186,0.89499998092651,0.0,5.59999990463257,-1.34908008575439,1.20473492145538,10.1852684020996,-0.88163727521896,0.95378816127777,9.23015403747559,"(-0.881637, 0.953788, 9.230154)",truck body CS,5.24518537521362,0.1,-1.34908008575439,1.20473492145538,10.1852684020996,-0.00102246595769,-179.533434786753,-0.00001025744986
115,left road,115,0.99499994516373,0.0,5.59999990463257,1.04999995231628,0.0,-1.35000002384186,0.99499994516373,0.0,5.59999990463257,-1.34908008575439,1.20473492145538,10.1852684020996,-0.87877714633942,0.96302366256714,9.265305519104,"(-0.878777, 0.963024, 9.265306)",truck body CS,5.28874111175537,0.1,-1.34908008575439,1.20473492145538,10.1852684020996,-0.00102246595769,-179.533434786753,-0.00001025744986
116,left road,116,1.09500002861023,0.0,5.59999990463257,1.14999997615814,0.0,-1.35000002384186,1.09500002861023,0.0,5.59999990463257,-1.34908008575439,1.20473492145538,10.1852684020996,-0.87789356708527,0.97247785329819,9.30128765106201,"(-0.877894, 0.972478, 9.301288)",truck body CS,5.33381652832031,0.1,-1.34908008575439,1.20473492145538,10.1852684020996,-0.00102246595769,-179.533434786753,-0.00001025744986
117,left road,117,1.19500005245209,0.0,5.59999990463257,1.25,0.0,-1.35000002384186,1.19500005245209,0.0,5.59999990463257,-1.34908008575439,1.20473492145538,10.1852684020996,-0.88002103567123,0.98261457681656,9.33986854553223,"(-0.880021, 0.982615, 9.339869)",truck body CS,5.38037347793579,0.1,-1.34908008575439,1.20473492145538,10.1852684020996,-0.00102246595769,-179.533434786753,-0.00001025744986
118,left road,118,1.29500007629395,0.0,5.59999990463257,1.35000002384186,0.0,-1.35000002384186,1.29500007629395,0.0,5.59999990463257,-1.34908008575439,1.20473492145538,10.1852684020996,-0.88719093799591,0.99428224563599,9.38427639007568,"(-0.887191, 0.994282, 9.384276)",truck body CS,5.42837285995483,0.1,-1.34908008575439,1.20473492145538,10.1852684020996,-0.00102246595769,-179.533434786753,-0.00001025744986
119,left road,119,1.3950001001358,0.0,5.59999990463257,1.45000004768372,0.0,-1.35000002384186,1.3950001001358,0.0,5.59999990463257,-1.34908008575439,1.20473492145538,10.1852684020996,-0.90091651678085,1.00797748565674,9.4364013671875,"(-0.900917, 1.007977, 9.436401)",truck body CS,5.4777774810791,0.1,-1.34908008575439,1.20473492145538,10.1852684020996,-0.00102246595769,-179.533434786753,-0.00001025744986
120,left road,120,1.49500000476837,0.0,5.59999990463257,1.54999995231628,0.0,-1.35000002384186,1.49500000476837,0.0,5.59999990463257,-1.34908008575439,1.20473492145538,10.1852684020996,-0.91151183843613,1.01938378810883,9.47981357574463,"(-0.911512, 1.019384, 9.479814)",truck body CS,5.52855014801025,0.1,-1.34908008575439,1.20473492145538,10.1852684020996,-0.00102246595769,-179.533434786753,-0.00001025744986
121,left road,121,1.59500002861023,0.0,5.59999990463257,1.64999997615814,0.0,-1.35000002384186,1.59500002861023,0.0,5.59999990463257,-1.34908008575439,1.20473492145538,10.1852684020996,-0.9192413687706,1.02884232997894,9.51581382751465,"(-0.919241, 1.028842, 9.515814)",truck body CS,5.58065223693848,0.1,-1.34908008575439,1.20473492145538,10.1852684020996,-0.00102246595769,-179.533434786753,-0.00001025744986
122,left road,122,1.69500005245209,0.0,5.59999990463257,1.75,0.0,-1.35000002384186,1.69500005245209,0.0,5.59999990463257,-1.34908008575439,1.20473492145538,10.1852684020996,-0.92665839195251,1.03755593299866,9.54897785186768,"(-0.926658, 1.037556, 9.548978)",truck body CS,5.6340479850769,0.1,-1.34908008575439,1.20473492145538,10.1852684020996,-0.00102246595769,-179.533434786753,-0.00001025744986
123,left road,123,1.79500007629395,0.0,5.59999990463257,1.85000002384186,0.0,-1.35000002384186,1.79500007629395,0.0,5.59999990463257,-1.34908008575439,1.20473492145538,10.1852684020996,-0.93344706296921,1.04547452926636,9.57911682128906,"(-0.933447, 1.045475, 9.579117)",truck body CS,5.68870067596436,0.1,-1.34908008575439,1.20473492145538,10.1852684020996,-0.00102246595769,-179.533434786753,-0.00001025744986
124,left road,124,1.8950001001358,0.0,5.59999990463257,1.95000004768372,0.0,-1.35000002384186,1.8950001001358,0.0,5.59999990463257,-1.34908008575439,1.20473492145538,10.1852684020996,-1.31349909305573,1.191521525383,10.1349773406982,"(-1.313499, 1.191522, 10.13498)",EyeArea,5.74457406997681,0.1,-1.34908008575439,1.20473492145538,10.1852684020996,-0.00102246595769,-179.533434786753,-0.00001025744986
125,left road,125,1.99500000476837,0.0,5.59999990463257,2.04999995231628,0.0,-1.35000002384186,1.99500000476837,0.0,5.59999990463257,-1.34908008575439,1.20473492145538,10.1852684020996,-1.31239581108093,1.1915191411972,10.1349678039551,"(-1.312396, 1.191519, 10.13497)",EyeArea,5.80163288116455,0.1,-1.34908008575439,1.20473492145538,10.1852684020996,-0.00102246595769,-179.533434786753,-0.00001025744986
126,left road,126,2.09500002861023,0.0,5.59999990463257,2.15000009536743,0.0,-1.35000002384186,2.09500002861023,0.0,5.59999990463257,-1.34908008575439,1.20473492145538,10.1852684020996,-1.31129193305969,1.19151675701141,10.1349592208862,"(-1.311292, 1.191517, 10.13496)",EyeArea,5.85984325408936,0.1,-1.34908008575439,1.20473492145538,10.1852684020996,-0.00102246595769,-179.533434786753,-0.00001025744986
127,left road,127,2.1949999332428,0.0,5.59999990463257,2.25,0.0,-1.35000002384186,2.1949999332428,0.0,5.59999990463257,-1.34908008575439,1.20473492145538,10.1852684020996,-1.03553676605225,1.0981525182724,9.7796106338501,"(-1.035537, 1.098153, 9.779611)",truck body CS,5.91917037963867,0.1,-1.34908008575439,1.20473492145538,10.1852684020996,-0.00102246595769,-179.533434786753,-0.00001025744986
128,left road,128,2.29499983787537,0.0,5.59999990463257,2.34999990463257,0.0,-1.35000002384186,2.29499983787537,0.0,5.59999990463257,-1.34908008575439,1.20473492145538,10.1852684020996,-1.02591466903687,1.09789609909058,9.77863502502441,"(-1.025915, 1.097896, 9.778635)",truck body CS,5.97958135604858,0.1,-1.34908008575439,1.20473492145538,10.1852684020996,-0.00102246595769,-179.533434786753,-0.00001025744986
129,left road,129,2.39499998092651,0.0,5.59999990463257,2.45000004768372,0.0,-1.35000002384186,2.39499998092651,0.0,5.59999990463257,-1.34908008575439,1.20473492145538,10.1852684020996,-1.01644229888916,1.09770178794861,9.77789497375488,"(-1.016442, 1.097702, 9.777895)",truck body CS,6.04104375839233,0.1,-1.34908008575439,1.20473492145538,10.1852684020996,-0.00102246595769,-179.533434786753,-0.00001025744986
130,left road,130,2.49499988555908,0.0,5.59999990463257,2.54999995231628,0.0,-1.35000002384186,2.49499988555908,0.0,5.59999990463257,-1.34908008575439,1.20473492145538,10.1852684020996,-1.30687308311462,1.19150722026825,10.1349229812622,"(-1.306873, 1.191507, 10.13492)",EyeArea,6.10352516174316,0.1,-1.34908008575439,1.20473492145538,10.1852684020996,-0.00102246595769,-179.533434786753,-0.00001025744986
131,left road,131,2.59500002861023,0.0,5.59999990463257,2.65000009536743,0.0,-1.35000002384186,2.59500002861023,0.0,5.59999990463257,-1.34908008575439,1.20473492145538,10.1852684020996,-0.99978250265121,1.09804058074951,9.77918434143066,"(-0.999783, 1.098041, 9.779184)",truck body CS,6.16699600219727,0.1,-1.34908008575439,1.20473492145538,10.1852684020996,-0.00102246595769,-179.533434786753,-0.00001025744986
132,left road,132,2.6949999332428,0.0,5.59999990463257,2.75,0.0,-1.35000002384186,2.6949999332428,0.0,5.59999990463257,-1.34908008575439,1.20473492145538,10.1852684020996,-0.99043160676956,1.09789323806763,9.77862453460693,"(-0.990432, 1.097893, 9.778625)",truck body CS,6.2314248085022,0.1,-1.34908008575439,1.20473492145538,10.1852684020996,-0.00102246595769,-179.533434786753,-0.00001025744986
133,left road,133,2.79499983787537,0.0,5.59999990463257,2.84999990463257,0.0,-1.35000002384186,2.79499983787537,0.0,5.59999990463257,-1.34908008575439,1.20473492145538,10.1852684020996,-0.98081797361374,1.09767651557922,9.77779960632324,"(-0.980818, 1.097677, 9.7778)",truck body CS,6.29678297042847,0.1,-1.34908008575439,1.20473492145538,10.1852684020996,-0.00102246595769,-179.533434786753,-0.00001025744986
134,left road,134,2.89499998092651,0.0,5.59999990463257,2.95000004768372,0.0,-1.35000002384186,2.89499998092651,0.0,5.59999990463257,-1.34908008575439,1.20473492145538,10.1852684020996,-0.97126513719559,1.09748733043671,9.77707958221436,"(-0.971265, 1.097487, 9.77708)",truck body CS,6.36304092407227,0.1,-1.34908008575439,1.20473492145538,10.1852684020996,-0.00102246595769,-179.533434786753,-0.00001025744986
135,left road,135,2.99499988555908,0.0,5.59999990463257,3.04999995231628,0.0,-1.35000002384186,2.99499988555908,0.0,5.59999990463257,-1.34908008575439,1.20473492145538,10.1852684020996,-0.96258765459061,1.09754967689514,9.77731704711914,"(-0.962588, 1.09755, 9.777317)",truck body CS,6.43017148971558,0.1,-1.34908008575439,1.20473492145538,10.1852684020996,-0.00102246595769,-179.533434786753,-0.00001025744986
136,left road,136,3.09500002861023,0.0,5.59999990463257,3.15000009536743,0.0,-1.35000002384186,3.09500002861023,0.0,5.59999990463257,-1.34908008575439,1.20473492145538,10.1852684020996,-0.95964676141739,1.09916424751282,9.78346157073975,"(-0.959647, 1.099164, 9.783462)",truck body CS,6.49814748764038,0.1,-1.34908008575439,1.20473492145538,10.1852684020996,-0.00102246595769,-179.533434786753,-0.00001025744986
137,left road,137,3.1949999332428,0.0,5.59999990463257,3.25,0.0,-1.35000002384186,3.1949999332428,0.0,5.59999990463257,-1.34908008575439,1.20473492145538,10.1852684020996,-0.96064472198486,1.10175228118896,9.79331207275391,"(-0.960645, 1.101752, 9.793312)",truck body CS,6.56694221496582,0.1,-1.34908008575439,1.20473492145538,10.1852684020996,-0.00102246595769,-179.533434786753,-0.00001025744986
138,left road,138,3.29499983787537,0.0,5.59999990463257,3.34999990463257,0.0,-1.35000002384186,3.29499983787537,0.0,5.59999990463257,-1.34908008575439,1.20473492145538,10.1852684020996,-0.96166092157364,1.1042332649231,9.80275440216064,"(-0.961661, 1.104233, 9.802754)",truck body CS,6.63653182983398,0.1,-1.34908008575439,1.20473492145538,10.1852684020996,-0.00102246595769,-179.533434786753,-0.00001025744986
139,left road,139,3.39499998092651,0.0,5.59999990463257,3.45000004768372,0.0,-1.35000002384186,3.39499998092651,0.0,5.59999990463257,-1.34908008575439,1.20473492145538,10.1852684020996,-0.96262764930725,1.10659718513489,9.81175231933594,"(-0.962628, 1.106597, 9.811752)",truck body CS,6.70688962936401,0.1,-1.34908008575439,1.20473492145538,10.1852684020996,-0.00102246595769,-179.533434786753,-0.00001025744986
140,left road,140,-3.50500011444092,0.0,5.69999980926514,-3.45000004768372,0.0,-1.25,-3.50500011444092,0.0,5.69999980926514,-1.34908008575439,1.20473492145538,10.1852684020996,-2.43242645263672,0.59935748577118,7.93142700195313,"(-2.432426, 0.599357, 7.931427)",truck body CS,5.12025499343872,0.1,-1.34908008575439,1.20473492145538,10.1852684020996,-0.00102246595769,-179.533434786753,-0.00001025744986
141,left road,141,-3.40499997138977,0.0,5.69999980926514,-3.34999990463257,0.0,-1.25,-3.40499997138977,0.0,5.69999980926514,-1.34908008575439,1.20473492145538,10.1852684020996,-2.39082169532776,0.59429150819778,7.91256666183472,"(-2.390822, 0.594292, 7.912567)",truck body CS,5.0789589881897,0.1,-1.34908008575439,1.20473492145538,10.1852684020996,-0.00102246595769,-179.533434786753,-0.00001025744986
142,left road,142,-3.3050000667572,0.0,5.69999980926514,-3.25,0.0,-1.25,-3.3050000667572,0.0,5.69999980926514,-1.34908008575439,1.20473492145538,10.1852684020996,-2.34755897521973,0.58972889184952,7.89557933807373,"(-2.347559, 0.589729, 7.895579)",truck body CS,5.03930950164795,0.1,-1.34908008575439,1.20473492145538,10.1852684020996,-0.00102246595769,-179.533434786753,-0.00001025744986
143,left road,143,-3.20500016212463,0.0,5.69999980926514,-3.15000009536743,0.0,-1.25,-3.20500016212463,0.0,5.69999980926514,-1.34908008575439,1.20473492145538,10.1852684020996,-2.3030641078949,0.5854743719101,7.87973976135254,"(-2.303064, 0.585474, 7.87974)",truck body CS,5.00134563446045,0.1,-1.34908008575439,1.20473492145538,10.1852684020996,-0.00102246595769,-179.533434786753,-0.00001025744986
144,left road,144,-3.10500001907349,0.0,5.69999980926514,-3.04999995231628,0.0,-1.25,-3.10500001907349,0.0,5.69999980926514,-1.34908008575439,1.20473492145538,10.1852684020996,-2.25666236877441,0.58204352855682,7.86696624755859,"(-2.256662, 0.582044, 7.866966)",truck body CS,4.96510553359985,0.1,-1.34908008575439,1.20473492145538,10.1852684020996,-0.00102246595769,-179.533434786753,-0.00001025744986
145,left road,145,-3.00500011444092,0.0,5.69999980926514,-2.95000004768372,0.0,-1.25,-3.00500011444092,0.0,5.69999980926514,-1.34908008575439,1.20473492145538,10.1852684020996,-2.2088770866394,0.5792048573494,7.8563985824585,"(-2.208877, 0.579205, 7.856399)",truck body CS,4.93062782287598,0.1,-1.34908008575439,1.20473492145538,10.1852684020996,-0.00102246595769,-179.533434786753,-0.00001025744986
146,left road,146,-2.90499997138977,0.0,5.69999980926514,-2.84999990463257,0.0,-1.25,-2.90499997138977,0.0,5.69999980926514,-1.34908008575439,1.20473492145538,10.1852684020996,-2.16024827957153,0.57665455341339,7.84690380096436,"(-2.160248, 0.576655, 7.846904)",truck body CS,4.89794921875,0.1,-1.34908008575439,1.20473492145538,10.1852684020996,-0.00102246595769,-179.533434786753,-0.00001025744986
147,left road,147,-2.8050000667572,0.0,5.69999980926514,-2.75,0.0,-1.25,-2.8050000667572,0.0,5.69999980926514,-1.34908008575439,1.20473492145538,10.1852684020996,-2.11086702346802,0.57437640428543,7.83842182159424,"(-2.110867, 0.574376, 7.838422)",truck body CS,4.86710596084595,0.1,-1.34908008575439,1.20473492145538,10.1852684020996,-0.00102246595769,-179.533434786753,-0.00001025744986
148,left road,148,-2.70500016212463,0.0,5.69999980926514,-2.65000009536743,0.0,-1.25,-2.70500016212463,0.0,5.69999980926514,-1.34908008575439,1.20473492145538,10.1852684020996,-2.06096744537354,0.57222294807434,7.83040428161621,"(-2.060967, 0.572223, 7.830404)",truck body CS,4.83813381195068,0.1,-1.34908008575439,1.20473492145538,10.1852684020996,-0.00102246595769,-179.533434786753,-0.00001025744986
149,left road,149,-2.60500001907349,0.0,5.69999980926514,-2.54999995231628,0.0,-1.25,-2.60500001907349,0.0,5.69999980926514,-1.34908008575439,1.20473492145538,10.1852684020996,-2.01035785675049,0.57040750980377,7.82364559173584,"(-2.010358, 0.570408, 7.823646)",truck body CS,4.81106567382813,0.1,-1.34908008575439,1.20473492145538,10.1852684020996,-0.00102246595769,-179.533434786753,-0.00001025744986
150,left road,150,-2.50500011444092,0.0,5.69999980926514,-2.45000004768372,0.0,-1.25,-2.50500011444092,0.0,5.69999980926514,-1.34908008575439,1.20473492145538,10.1852684020996,-1.95917105674744,0.56887948513031,7.81795644760132,"(-1.959171, 0.568879, 7.817956)",truck body CS,4.78593444824219,0.1,-1.34908008575439,1.20473492145538,10.1852684020996,-0.00102246595769,-179.533434786753,-0.00001025744986
151,left road,151,-2.40499997138977,0.0,5.69999980926514,-2.34999990463257,0.0,-1.25,-2.40499997138977,0.0,5.69999980926514,-1.34908008575439,1.20473492145538,10.1852684020996,-1.9075733423233,0.56753081083298,7.81293535232544,"(-1.907573, 0.567531, 7.812935)",truck body CS,4.76277112960815,0.1,-1.34908008575439,1.20473492145538,10.1852684020996,-0.00102246595769,-179.533434786753,-0.00001025744986
152,left road,152,-2.3050000667572,0.0,5.69999980926514,-2.25,0.0,-1.25,-2.3050000667572,0.0,5.69999980926514,-1.34908008575439,1.20473492145538,10.1852684020996,-1.85561180114746,0.5663588643074,7.80857229232788,"(-1.855612, 0.566359, 7.808572)",truck body CS,4.7416033744812,0.1,-1.34908008575439,1.20473492145538,10.1852684020996,-0.00102246595769,-179.533434786753,-0.00001025744986
153,left road,153,-2.20500016212463,0.0,5.69999980926514,-2.15000009536743,0.0,-1.25,-2.20500016212463,0.0,5.69999980926514,-1.34908008575439,1.20473492145538,10.1852684020996,-1.80303418636322,0.56577998399734,7.8064169883728,"(-1.803034, 0.56578, 7.806417)",truck body CS,4.7224588394165,0.1,-1.34908008575439,1.20473492145538,10.1852684020996,-0.00102246595769,-179.533434786753,-0.00001025744986
154,left road,154,-2.10500001907349,0.0,5.69999980926514,-2.04999995231628,0.0,-1.25,-2.10500001907349,0.0,5.69999980926514,-1.34908008575439,1.20473492145538,10.1852684020996,-1.75031626224518,0.56527125835419,7.80452346801758,"(-1.750316, 0.565271, 7.804523)",truck body CS,4.70536231994629,0.1,-1.34908008575439,1.20473492145538,10.1852684020996,-0.00102246595769,-179.533434786753,-0.00001025744986
155,left road,155,-2.00500011444092,0.0,5.69999980926514,-1.95000004768372,0.0,-1.25,-2.00500011444092,0.0,5.69999980926514,-1.34908008575439,1.20473492145538,10.1852684020996,-1.6970340013504,0.56564438343048,7.80591249465942,"(-1.697034, 0.565644, 7.805912)",truck body CS,4.69033575057983,0.1,-1.34908008575439,1.20473492145538,10.1852684020996,-0.00102246595769,-179.533434786753,-0.00001025744986
156,left road,156,-1.90499997138977,0.0,5.69999980926514,-1.85000002384186,0.0,-1.25,-1.90499997138977,0.0,5.69999980926514,-1.34908008575439,1.20473492145538,10.1852684020996,-1.6438113451004,0.56602227687836,7.80731868743896,"(-1.643811, 0.566022, 7.807319)",truck body CS,4.67739963531494,0.1,-1.34908008575439,1.20473492145538,10.1852684020996,-0.00102246595769,-179.533434786753,-0.00001025744986
157,left road,157,-1.80499994754791,0.0,5.69999980926514,-1.75,0.0,-1.25,-1.80499994754791,0.0,5.69999980926514,-1.34908008575439,1.20473492145538,10.1852684020996,-1.59037208557129,0.56713819503784,7.81147384643555,"(-1.590372, 0.567138, 7.811474)",truck body CS,4.66657066345215,0.1,-1.34908008575439,1.20473492145538,10.1852684020996,-0.00102246595769,-179.533434786753,-0.00001025744986
158,left road,158,-1.70499992370605,0.0,5.69999980926514,-1.64999997615814,0.0,-1.25,-1.70499992370605,0.0,5.69999980926514,-1.34908008575439,1.20473492145538,10.1852684020996,-1.53710114955902,0.56831175088882,7.815842628479,"(-1.537101, 0.568312, 7.815843)",truck body CS,4.65786409378052,0.1,-1.34908008575439,1.20473492145538,10.1852684020996,-0.00102246595769,-179.533434786753,-0.00001025744986
159,left road,159,-1.6049998998642,0.0,5.69999980926514,-1.54999995231628,0.0,-1.25,-1.6049998998642,0.0,5.69999980926514,-1.34908008575439,1.20473492145538,10.1852684020996,-1.48394167423248,0.56987810134888,7.82167434692383,"(-1.483942, 0.569878, 7.821674)",truck body CS,4.651291847229,0.1,-1.34908008575439,1.20473492145538,10.1852684020996,-0.00102246595769,-179.533434786753,-0.00001025744986
160,left road,160,-1.50499999523163,0.0,5.69999980926514,-1.45000004768372,0.0,-1.25,-1.50499999523163,0.0,5.69999980926514,-1.34908008575439,1.20473492145538,10.1852684020996,-1.43102693557739,0.57156282663345,7.82794666290283,"(-1.431027, 0.571563, 7.827947)",truck body CS,4.64686250686646,0.1,-1.34908008575439,1.20473492145538,10.1852684020996,-0.00102246595769,-179.533434786753,-0.00001025744986
161,left road,161,-1.40499997138977,0.0,5.69999980926514,-1.35000002384186,0.0,-1.25,-1.40499997138977,0.0,5.69999980926514,-1.34908008575439,1.20473492145538,10.1852684020996,-1.3783700466156,0.57371485233307,7.83595895767212,"(-1.37837, 0.573715, 7.835959)",truck body CS,4.64458274841309,0.1,-1.34908008575439,1.20473492145538,10.1852684020996,-0.00102246595769,-179.533434786753,-0.00001025744986
162,left road,162,-1.30499994754791,0.0,5.69999980926514,-1.25,0.0,-1.25,-1.30499994754791,0.0,5.69999980926514,-1.34908008575439,1.20473492145538,10.1852684020996,-1.32607567310333,0.57601034641266,7.84450531005859,"(-1.326076, 0.57601, 7.844505)",truck body CS,4.64445495605469,0.1,-1.34908008575439,1.20473492145538,10.1852684020996,-0.00102246595769,-179.533434786753,-0.00001025744986
163,left road,163,-1.20499992370605,0.0,5.69999980926514,-1.14999997615814,0.0,-1.25,-1.20499992370605,0.0,5.69999980926514,-1.34908008575439,1.20473492145538,10.1852684020996,-1.27420544624329,0.57866555452347,7.85439014434814,"(-1.274205, 0.578666, 7.85439)",truck body CS,4.64648008346558,0.1,-1.34908008575439,1.20473492145538,10.1852684020996,-0.00102246595769,-179.533434786753,-0.00001025744986
164,left road,164,-1.1049998998642,0.0,5.69999980926514,-1.04999995231628,0.0,-1.25,-1.1049998998642,0.0,5.69999980926514,-1.34908008575439,1.20473492145538,10.1852684020996,-1.2229266166687,0.58206450939178,7.86704540252686,"(-1.222927, 0.582065, 7.867045)",truck body CS,4.6506552696228,0.1,-1.34908008575439,1.20473492145538,10.1852684020996,-0.00102246595769,-179.533434786753,-0.00001025744986
165,left road,165,-1.00499999523163,0.0,5.69999980926514,-0.94999998807907,0.0,-1.25,-1.00499999523163,0.0,5.69999980926514,-1.34908008575439,1.20473492145538,10.1852684020996,-1.17231941223145,0.58583897352219,7.8810977935791,"(-1.172319, 0.585839, 7.881098)",truck body CS,4.65697431564331,0.1,-1.34908008575439,1.20473492145538,10.1852684020996,-0.00102246595769,-179.533434786753,-0.00001025744986
166,left road,166,-0.90500003099442,0.0,5.69999980926514,-0.85000002384186,0.0,-1.25,-0.90500003099442,0.0,5.69999980926514,-1.34908008575439,1.20473492145538,10.1852684020996,-1.12284445762634,0.59098529815674,7.9002571105957,"(-1.122844, 0.590985, 7.900257)",truck body CS,4.66542911529541,0.1,-1.34908008575439,1.20473492145538,10.1852684020996,-0.00102246595769,-179.533434786753,-0.00001025744986
167,left road,167,-0.80500000715256,0.0,5.69999980926514,-0.75,0.0,-1.25,-0.80500000715256,0.0,5.69999980926514,-1.34908008575439,1.20473492145538,10.1852684020996,-1.07439231872559,0.59650474786758,7.92080640792847,"(-1.074392, 0.596505, 7.920806)",truck body CS,4.67600727081299,0.1,-1.34908008575439,1.20473492145538,10.1852684020996,-0.00102246595769,-179.533434786753,-0.00001025744986
168,left road,168,-0.7049999833107,0.0,5.69999980926514,-0.64999997615814,0.0,-1.25,-0.7049999833107,0.0,5.69999980926514,-1.34908008575439,1.20473492145538,10.1852684020996,-1.02782785892487,0.60384100675583,7.94811964035034,"(-1.027828, 0.603841, 7.94812)",truck body CS,4.68869495391846,0.1,-1.34908008575439,1.20473492145538,10.1852684020996,-0.00102246595769,-179.533434786753,-0.00001025744986
169,left road,169,-0.60500001907349,0.0,5.69999980926514,-0.55000001192093,0.0,-1.25,-0.60500001907349,0.0,5.69999980926514,-1.34908008575439,1.20473492145538,10.1852684020996,-0.98391926288605,0.61350560188293,7.98410129547119,"(-0.983919, 0.613506, 7.984101)",truck body CS,4.70347499847412,0.1,-1.34908008575439,1.20473492145538,10.1852684020996,-0.00102246595769,-179.533434786753,-0.00001025744986
170,left road,170,-0.50499999523163,0.0,5.69999980926514,-0.44999998807907,0.0,-1.25,-0.50499999523163,0.0,5.69999980926514,-1.34908008575439,1.20473492145538,10.1852684020996,-0.94833421707153,0.63276016712189,8.0557861328125,"(-0.948334, 0.63276, 8.055786)",truck body CS,4.72032737731934,0.1,-1.34908008575439,1.20473492145538,10.1852684020996,-0.00102246595769,-179.533434786753,-0.00001025744986
171,left road,171,-0.40500000119209,0.0,5.69999980926514,-0.34999999403954,0.0,-1.25,-0.40500000119209,0.0,5.69999980926514,-1.34908008575439,1.20473492145538,10.1852684020996,-0.92355245351791,0.66172170639038,8.16361045837402,"(-0.923552, 0.661722, 8.16361)",truck body CS,4.73923063278198,0.1,-1.34908008575439,1.20473492145538,10.1852684020996,-0.00102246595769,-179.533434786753,-0.00001025744986
172,left road,172,-0.30500000715256,0.0,5.69999980926514,-0.25,0.0,-1.25,-0.30500000715256,0.0,5.69999980926514,-1.34908008575439,1.20473492145538,10.1852684020996,-0.90400767326355,0.69117820262909,8.27327919006348,"(-0.904008, 0.691178, 8.273279)",truck body CS,4.76015996932983,0.1,-1.34908008575439,1.20473492145538,10.1852684020996,-0.00102246595769,-179.533434786753,-0.00001025744986
173,left road,173,-0.20500001311302,0.0,5.69999980926514,-0.15000000596046,0.0,-1.25,-0.20500001311302,0.0,5.69999980926514,-1.34908008575439,1.20473492145538,10.1852684020996,-0.8870490193367,0.71820867061615,8.37391376495361,"(-0.887049, 0.718209, 8.373914)",truck body CS,4.78308868408203,0.1,-1.34908008575439,1.20473492145538,10.1852684020996,-0.00102246595769,-179.533434786753,-0.00001025744986
174,left road,174,-0.10500000417233,0.0,5.69999980926514,-0.05000000074506,0.0,-1.25,-0.10500000417233,0.0,5.69999980926514,-1.34908008575439,1.20473492145538,10.1852684020996,-0.87101829051971,0.74179226160049,8.4617166519165,"(-0.871018, 0.741792, 8.461717)",truck body CS,4.80798864364624,0.1,-1.34908008575439,1.20473492145538,10.1852684020996,-0.00102246595769,-179.533434786753,-0.00001025744986
175,left road,175,-0.00499999895692,0.0,5.69999980926514,0.05000000074506,0.0,-1.25,-0.00499999895692,0.0,5.69999980926514,-1.34908008575439,1.20473492145538,10.1852684020996,-0.85973280668259,0.76611983776093,8.55228900909424,"(-0.859733, 0.76612, 8.552289)",truck body CS,4.83482885360718,0.1,-1.34908008575439,1.20473492145538,10.1852684020996,-0.00102246595769,-179.533434786753,-0.00001025744986
176,left road,176,0.09500000625849,0.0,5.69999980926514,0.15000000596046,0.0,-1.25,0.09500000625849,0.0,5.69999980926514,-1.34908008575439,1.20473492145538,10.1852684020996,-0.85820025205612,0.79521453380585,8.66061019897461,"(-0.8582, 0.795215, 8.66061)",truck body CS,4.8635778427124,0.1,-1.34908008575439,1.20473492145538,10.1852684020996,-0.00102246595769,-179.533434786753,-0.00001025744986
177,left road,177,0.19499999284744,0.0,5.69999980926514,0.25,0.0,-1.25,0.19499999284744,0.0,5.69999980926514,-1.34908008575439,1.20473492145538,10.1852684020996,-0.85610365867615,0.82010078430176,8.75326156616211,"(-0.856104, 0.820101, 8.753262)",truck body CS,4.89420080184937,0.1,-1.34908008575439,1.20473492145538,10.1852684020996,-0.00102246595769,-179.533434786753,-0.00001025744986
178,left road,178,0.29499998688698,0.0,5.69999980926514,0.34999999403954,0.0,-1.25,0.29499998688698,0.0,5.69999980926514,-1.34908008575439,1.20473492145538,10.1852684020996,-0.85743534564972,0.84447169303894,8.84399604797363,"(-0.857435, 0.844472, 8.843996)",truck body CS,4.92666387557983,0.1,-1.34908008575439,1.20473492145538,10.1852684020996,-0.00102246595769,-179.533434786753,-0.00001025744986
179,left road,179,0.39499998092651,0.0,5.69999980926514,0.44999998807907,0.0,-1.25,0.39499998092651,0.0,5.69999980926514,-1.34908008575439,1.20473492145538,10.1852684020996,-0.86981076002121,0.87367641925812,8.95272541046143,"(-0.869811, 0.873676, 8.952725)",truck body CS,4.96093082427979,0.1,-1.34908008575439,1.20473492145538,10.1852684020996,-0.00102246595769,-179.533434786753,-0.00001025744986
180,left road,180,0.49500000476837,0.0,5.69999980926514,0.55000001192093,0.0,-1.25,0.49500000476837,0.0,5.69999980926514,-1.34908008575439,1.20473492145538,10.1852684020996,-0.87274539470673,0.89354610443115,9.02670097351074,"(-0.872745, 0.893546, 9.026701)",truck body CS,4.99696397781372,0.1,-1.34908008575439,1.20473492145538,10.1852684020996,-0.00102246595769,-179.533434786753,-0.00001025744986
181,left road,181,0.59499996900558,0.0,5.69999980926514,0.64999997615814,0.0,-1.25,0.59499996900558,0.0,5.69999980926514,-1.34908008575439,1.20473492145538,10.1852684020996,-0.87147903442383,0.90876823663712,9.0833740234375,"(-0.871479, 0.908768, 9.083374)",truck body CS,5.0347261428833,0.1,-1.34908008575439,1.20473492145538,10.1852684020996,-0.00102246595769,-179.533434786753,-0.00001025744986
182,left road,182,0.69499999284744,0.0,5.69999980926514,0.75,0.0,-1.25,0.69499999284744,0.0,5.69999980926514,-1.34908008575439,1.20473492145538,10.1852684020996,-0.85533088445663,0.91373026371002,9.10184764862061,"(-0.855331, 0.91373, 9.101848)",truck body CS,5.07417821884155,0.1,-1.34908008575439,1.20473492145538,10.1852684020996,-0.00102246595769,-179.533434786753,-0.00001025744986
183,left road,183,0.7950000166893,0.0,5.69999980926514,0.85000002384186,0.0,-1.25,0.7950000166893,0.0,5.69999980926514,-1.34908008575439,1.20473492145538,10.1852684020996,-0.8518613576889,0.92535316944122,9.14512062072754,"(-0.851861, 0.925353, 9.145121)",truck body CS,5.1152811050415,0.1,-1.34908008575439,1.20473492145538,10.1852684020996,-0.00102246595769,-179.533434786753,-0.00001025744986
184,left road,184,0.89499998092651,0.0,5.69999980926514,0.94999998807907,0.0,-1.25,0.89499998092651,0.0,5.69999980926514,-1.34908008575439,1.20473492145538,10.1852684020996,-0.87938916683197,0.95258116722107,9.24649047851563,"(-0.879389, 0.952581, 9.24649)",truck body CS,5.15799522399902,0.1,-1.34908008575439,1.20473492145538,10.1852684020996,-0.00102246595769,-179.533434786753,-0.00001025744986
185,left road,185,0.99499994516373,0.0,5.69999980926514,1.04999995231628,0.0,-1.25,0.99499994516373,0.0,5.69999980926514,-1.34908008575439,1.20473492145538,10.1852684020996,-0.87779247760773,0.962517619133,9.28348445892334,"(-0.877792, 0.962518, 9.283484)",truck body CS,5.20228147506714,0.1,-1.34908008575439,1.20473492145538,10.1852684020996,-0.00102246595769,-179.533434786753,-0.00001025744986
186,left road,186,1.09500002861023,0.0,5.69999980926514,1.14999997615814,0.0,-1.25,1.09500002861023,0.0,5.69999980926514,-1.34908008575439,1.20473492145538,10.1852684020996,-0.87730759382248,0.97218906879425,9.31949138641357,"(-0.877308, 0.972189, 9.319491)",truck body CS,5.2480993270874,0.1,-1.34908008575439,1.20473492145538,10.1852684020996,-0.00102246595769,-179.533434786753,-0.00001025744986
187,left road,187,1.19500005245209,0.0,5.69999980926514,1.25,0.0,-1.25,1.19500005245209,0.0,5.69999980926514,-1.34908008575439,1.20473492145538,10.1852684020996,-0.87928426265717,0.9822655916214,9.35700702667236,"(-0.879284, 0.982266, 9.357007)",truck body CS,5.29540967941284,0.1,-1.34908008575439,1.20473492145538,10.1852684020996,-0.00102246595769,-179.533434786753,-0.00001025744986
188,left road,188,1.29500007629395,0.0,5.69999980926514,1.35000002384186,0.0,-1.25,1.29500007629395,0.0,5.69999980926514,-1.34908008575439,1.20473492145538,10.1852684020996,-0.88672691583633,0.99407064914703,9.40095710754395,"(-0.886727, 0.994071, 9.400957)",truck body CS,5.34417247772217,0.1,-1.34908008575439,1.20473492145538,10.1852684020996,-0.00102246595769,-179.533434786753,-0.00001025744986
189,left road,189,1.3950001001358,0.0,5.69999980926514,1.45000004768372,0.0,-1.25,1.3950001001358,0.0,5.69999980926514,-1.34908008575439,1.20473492145538,10.1852684020996,-0.90044224262238,1.00776922702789,9.45195770263672,"(-0.900442, 1.007769, 9.451958)",truck body CS,5.39434862136841,0.1,-1.34908008575439,1.20473492145538,10.1852684020996,-0.00102246595769,-179.533434786753,-0.00001025744986
190,left road,190,1.49500000476837,0.0,5.69999980926514,1.54999995231628,0.0,-1.25,1.49500000476837,0.0,5.69999980926514,-1.34908008575439,1.20473492145538,10.1852684020996,-0.91109210252762,1.01920592784882,9.49453735351563,"(-0.911092, 1.019206, 9.494537)",truck body CS,5.44589853286743,0.1,-1.34908008575439,1.20473492145538,10.1852684020996,-0.00102246595769,-179.533434786753,-0.00001025744986
191,left road,191,1.59500002861023,0.0,5.69999980926514,1.64999997615814,0.0,-1.25,1.59500002861023,0.0,5.69999980926514,-1.34908008575439,1.20473492145538,10.1852684020996,-0.91913175582886,1.02879738807678,9.53024673461914,"(-0.919132, 1.028797, 9.530247)",truck body CS,5.49878406524658,0.1,-1.34908008575439,1.20473492145538,10.1852684020996,-0.00102246595769,-179.533434786753,-0.00001025744986
192,left road,192,1.69500005245209,0.0,5.69999980926514,1.75,0.0,-1.25,1.69500005245209,0.0,5.69999980926514,-1.34908008575439,1.20473492145538,10.1852684020996,-0.92661702632904,1.0375394821167,9.56279373168945,"(-0.926617, 1.037539, 9.562794)",truck body CS,5.5529670715332,0.1,-1.34908008575439,1.20473492145538,10.1852684020996,-0.00102246595769,-179.533434786753,-0.00001025744986
193,left road,193,1.79500007629395,0.0,5.69999980926514,1.85000002384186,0.0,-1.25,1.79500007629395,0.0,5.69999980926514,-1.34908008575439,1.20473492145538,10.1852684020996,-0.9334260225296,1.04546618461609,9.59230518341064,"(-0.933426, 1.045466, 9.592305)",truck body CS,5.6084098815918,0.1,-1.34908008575439,1.20473492145538,10.1852684020996,-0.00102246595769,-179.533434786753,-0.00001025744986
194,left road,194,1.8950001001358,0.0,5.69999980926514,1.95000004768372,0.0,-1.25,1.8950001001358,0.0,5.69999980926514,-1.34908008575439,1.20473492145538,10.1852684020996,-1.31270098686218,1.19122517108917,10.134970664978,"(-1.312701, 1.191225, 10.13497)",EyeArea,5.66507482528687,0.1,-1.34908008575439,1.20473492145538,10.1852684020996,-0.00102246595769,-179.533434786753,-0.00001025744986
195,left road,195,1.99500000476837,0.0,5.69999980926514,2.04999995231628,0.0,-1.25,1.99500000476837,0.0,5.69999980926514,-1.34908008575439,1.20473492145538,10.1852684020996,-1.31157279014587,1.19122266769409,10.1349611282349,"(-1.311573, 1.191223, 10.13496)",EyeArea,5.72292709350586,0.1,-1.34908008575439,1.20473492145538,10.1852684020996,-0.00102246595769,-179.533434786753,-0.00001025744986
196,left road,196,2.09500002861023,0.0,5.69999980926514,2.15000009536743,0.0,-1.25,2.09500002861023,0.0,5.69999980926514,-1.34908008575439,1.20473492145538,10.1852684020996,-1.03816890716553,1.09597849845886,9.78036403656006,"(-1.038169, 1.095978, 9.780364)",truck body CS,5.78192949295044,0.1,-1.34908008575439,1.20473492145538,10.1852684020996,-0.00102246595769,-179.533434786753,-0.00001025744986
197,left road,197,2.1949999332428,0.0,5.69999980926514,2.25,0.0,-1.25,2.1949999332428,0.0,5.69999980926514,-1.34908008575439,1.20473492145538,10.1852684020996,-1.02801775932312,1.09559655189514,9.77894115447998,"(-1.028018, 1.095597, 9.778941)",truck body CS,5.84204816818237,0.1,-1.34908008575439,1.20473492145538,10.1852684020996,-0.00102246595769,-179.533434786753,-0.00001025744986
198,left road,198,2.29499983787537,0.0,5.69999980926514,2.34999990463257,0.0,-1.25,2.29499983787537,0.0,5.69999980926514,-1.34908008575439,1.20473492145538,10.1852684020996,-1.01835250854492,1.09539604187012,9.77819538116455,"(-1.018353, 1.095396, 9.778195)",truck body CS,5.90324831008911,0.1,-1.34908008575439,1.20473492145538,10.1852684020996,-0.00102246595769,-179.533434786753,-0.00001025744986
199,left road,199,2.39499998092651,0.0,5.69999980926514,2.45000004768372,0.0,-1.25,2.39499998092651,0.0,5.69999980926514,-1.34908008575439,1.20473492145538,10.1852684020996,-1.30705571174622,1.19121277332306,10.1349248886108,"(-1.307056, 1.191213, 10.13492)",EyeArea,5.96549701690674,0.1,-1.34908008575439,1.20473492145538,10.1852684020996,-0.00102246595769,-179.533434786753,-0.00001025744986
200,left road,200,2.49499988555908,0.0,5.69999980926514,2.54999995231628,0.0,-1.25,2.49499988555908,0.0,5.69999980926514,-1.34908008575439,1.20473492145538,10.1852684020996,-1.0085461139679,1.09801149368286,9.78793334960938,"(-1.008546, 1.098011, 9.787933)",truck body CS,6.0287618637085,0.1,-1.34908008575439,1.20473492145538,10.1852684020996,-0.00102246595769,-179.533434786753,-0.00001025744986
201,left road,201,2.59500002861023,0.0,5.69999980926514,2.65000009536743,0.0,-1.25,2.59500002861023,0.0,5.69999980926514,-1.34908008575439,1.20473492145538,10.1852684020996,-0.99166935682297,1.09556233882904,9.7788143157959,"(-0.991669, 1.095562, 9.778814)",truck body CS,6.09301137924194,0.1,-1.34908008575439,1.20473492145538,10.1852684020996,-0.00102246595769,-179.533434786753,-0.00001025744986
202,left road,202,2.6949999332428,0.0,5.69999980926514,2.75,0.0,-1.25,2.6949999332428,0.0,5.69999980926514,-1.34908008575439,1.20473492145538,10.1852684020996,-0.98195141553879,1.09536707401276,9.7780876159668,"(-0.981951, 1.095367, 9.778088)",truck body CS,6.15821409225464,0.1,-1.34908008575439,1.20473492145538,10.1852684020996,-0.00102246595769,-179.533434786753,-0.00001025744986
203,left road,203,2.79499983787537,0.0,5.69999980926514,2.84999990463257,0.0,-1.25,2.79499983787537,0.0,5.69999980926514,-1.34908008575439,1.20473492145538,10.1852684020996,-0.97213953733444,1.09515357017517,9.77729225158691,"(-0.97214, 1.095154, 9.777292)",truck body CS,6.22434091567993,0.1,-1.34908008575439,1.20473492145538,10.1852684020996,-0.00102246595769,-179.533434786753,-0.00001025744986
204,left road,204,2.89499998092651,0.0,5.69999980926514,2.95000004768372,0.0,-1.25,2.89499998092651,0.0,5.69999980926514,-1.34908008575439,1.20473492145538,10.1852684020996,-0.96314567327499,1.09518265724182,9.77740097045898,"(-0.963146, 1.095183, 9.777401)",truck body CS,6.29136180877686,0.1,-1.34908008575439,1.20473492145538,10.1852684020996,-0.00102246595769,-179.533434786753,-0.00001025744986
205,left road,205,2.99499988555908,0.0,5.69999980926514,3.04999995231628,0.0,-1.25,2.99499988555908,0.0,5.69999980926514,-1.34908008575439,1.20473492145538,10.1852684020996,-0.95848846435547,1.09641289710999,9.78198146820068,"(-0.958488, 1.096413, 9.781981)",truck body CS,6.35924911499023,0.1,-1.34908008575439,1.20473492145538,10.1852684020996,-0.00102246595769,-179.533434786753,-0.00001025744986
206,left road,206,3.09500002861023,0.0,5.69999980926514,3.15000009536743,0.0,-1.25,3.09500002861023,0.0,5.69999980926514,-1.34908008575439,1.20473492145538,10.1852684020996,-0.9595302939415,1.09913277626038,9.79210758209229,"(-0.95953, 1.099133, 9.792108)",truck body CS,6.42797565460205,0.1,-1.34908008575439,1.20473492145538,10.1852684020996,-0.00102246595769,-179.533434786753,-0.00001025744986
207,left road,207,3.1949999332428,0.0,5.69999980926514,3.25,0.0,-1.25,3.1949999332428,0.0,5.69999980926514,-1.34908008575439,1.20473492145538,10.1852684020996,-0.96059954166412,1.10174036026001,9.80181503295898,"(-0.9606, 1.10174, 9.801815)",truck body CS,6.49751329421997,0.1,-1.34908008575439,1.20473492145538,10.1852684020996,-0.00102246595769,-179.533434786753,-0.00001025744986
208,left road,208,3.29499983787537,0.0,5.69999980926514,3.34999990463257,0.0,-1.25,3.29499983787537,0.0,5.69999980926514,-1.34908008575439,1.20473492145538,10.1852684020996,-0.96161651611328,1.10422170162201,9.81105327606201,"(-0.961617, 1.104222, 9.811053)",truck body CS,6.56783819198608,0.1,-1.34908008575439,1.20473492145538,10.1852684020996,-0.00102246595769,-179.533434786753,-0.00001025744986
209,left road,209,3.39499998092651,0.0,5.69999980926514,3.45000004768372,0.0,-1.25,3.39499998092651,0.0,5.69999980926514,-1.34908008575439,1.20473492145538,10.1852684020996,-0.96253097057343,1.10657262802124,9.81980609893799,"(-0.962531, 1.106573, 9.819806)",truck body CS,6.63892459869385,0.1,-1.34908008575439,1.20473492145538,10.1852684020996,-0.00102246595769,-179.533434786753,-0.00001025744986
210,left road,210,-3.50500011444092,0.0,5.79999971389771,-3.45000004768372,0.0,-1.14999997615814,-3.50500011444092,0.0,5.79999971389771,-1.34908008575439,1.20473492145538,10.1852684020996,-2.45085835456848,0.58905762434006,7.94418525695801,"(-2.450858, 0.589058, 7.944185)",truck body CS,5.03288793563843,0.1,-1.34908008575439,1.20473492145538,10.1852684020996,-0.00102246595769,-179.533434786753,-0.00001025744986
211,left road,211,-3.40499997138977,0.0,5.79999971389771,-3.34999990463257,0.0,-1.14999997615814,-3.40499997138977,0.0,5.79999971389771,-1.34908008575439,1.20473492145538,10.1852684020996,-2.40972495079041,0.58321452140808,7.92291593551636,"(-2.409725, 0.583215, 7.922916)",truck body CS,4.99086904525757,0.1,-1.34908008575439,1.20473492145538,10.1852684020996,-0.00102246595769,-179.533434786753,-0.00001025744986
212,left road,212,-3.3050000667572,0.0,5.79999971389771,-3.25,0.0,-1.14999997615814,-3.3050000667572,0.0,5.79999971389771,-1.34908008575439,1.20473492145538,10.1852684020996,-2.36641407012939,0.57811522483826,7.90435457229614,"(-2.366414, 0.578115, 7.904355)",truck body CS,4.95051431655884,0.1,-1.34908008575439,1.20473492145538,10.1852684020996,-0.00102246595769,-179.533434786753,-0.00001025744986
213,left road,213,-3.20500016212463,0.0,5.79999971389771,-3.15000009536743,0.0,-1.14999997615814,-3.20500016212463,0.0,5.79999971389771,-1.34908008575439,1.20473492145538,10.1852684020996,-2.3209388256073,0.57387137413025,7.88890647888184,"(-2.320939, 0.573871, 7.888906)",truck body CS,4.91186380386353,0.1,-1.34908008575439,1.20473492145538,10.1852684020996,-0.00102246595769,-179.533434786753,-0.00001025744986
214,left road,214,-3.10500001907349,0.0,5.79999971389771,-3.04999995231628,0.0,-1.14999997615814,-3.10500001907349,0.0,5.79999971389771,-1.34908008575439,1.20473492145538,10.1852684020996,-2.27418231964111,0.57002294063568,7.8748984336853,"(-2.274182, 0.570023, 7.874898)",truck body CS,4.87495851516724,0.1,-1.34908008575439,1.20473492145538,10.1852684020996,-0.00102246595769,-179.533434786753,-0.00001025744986
215,left road,215,-3.00500011444092,0.0,5.79999971389771,-2.95000004768372,0.0,-1.14999997615814,-3.00500011444092,0.0,5.79999971389771,-1.34908008575439,1.20473492145538,10.1852684020996,-2.22575545310974,0.56692522764206,7.86362266540527,"(-2.225755, 0.566925, 7.863623)",truck body CS,4.83983850479126,0.1,-1.34908008575439,1.20473492145538,10.1852684020996,-0.00102246595769,-179.533434786753,-0.00001025744986
216,left road,216,-2.90499997138977,0.0,5.79999971389771,-2.84999990463257,0.0,-1.14999997615814,-2.90499997138977,0.0,5.79999971389771,-1.34908008575439,1.20473492145538,10.1852684020996,-2.17636871337891,0.56417256593704,7.85360288619995,"(-2.176369, 0.564173, 7.853603)",truck body CS,4.80654287338257,0.1,-1.34908008575439,1.20473492145538,10.1852684020996,-0.00102246595769,-179.533434786753,-0.00001025744986
217,left road,217,-2.8050000667572,0.0,5.79999971389771,-2.75,0.0,-1.14999997615814,-2.8050000667572,0.0,5.79999971389771,-1.34908008575439,1.20473492145538,10.1852684020996,-2.12621140480042,0.56167948246002,7.84452772140503,"(-2.126211, 0.561679, 7.844528)",truck body CS,4.77510929107666,0.1,-1.34908008575439,1.20473492145538,10.1852684020996,-0.00102246595769,-179.533434786753,-0.00001025744986
218,left road,218,-2.70500016212463,0.0,5.79999971389771,-2.65000009536743,0.0,-1.14999997615814,-2.70500016212463,0.0,5.79999971389771,-1.34908008575439,1.20473492145538,10.1852684020996,-2.07546043395996,0.55934590101242,7.83603382110596,"(-2.07546, 0.559346, 7.836034)",truck body CS,4.74557542800903,0.1,-1.34908008575439,1.20473492145538,10.1852684020996,-0.00102246595769,-179.533434786753,-0.00001025744986
219,left road,219,-2.60500001907349,0.0,5.79999971389771,-2.54999995231628,0.0,-1.14999997615814,-2.60500001907349,0.0,5.79999971389771,-1.34908008575439,1.20473492145538,10.1852684020996,-2.02394652366638,0.55737257003784,7.82885074615479,"(-2.023947, 0.557373, 7.828851)",truck body CS,4.71797657012939,0.1,-1.34908008575439,1.20473492145538,10.1852684020996,-0.00102246595769,-179.533434786753,-0.00001025744986
220,left road,220,-2.50500011444092,0.0,5.79999971389771,-2.45000004768372,0.0,-1.14999997615814,-2.50500011444092,0.0,5.79999971389771,-1.34908008575439,1.20473492145538,10.1852684020996,-1.97192811965942,0.5555836558342,7.82233905792236,"(-1.971928, 0.555584, 7.822339)",truck body CS,4.69234657287598,0.1,-1.34908008575439,1.20473492145538,10.1852684020996,-0.00102246595769,-179.533434786753,-0.00001025744986
221,left road,221,-2.40499997138977,0.0,5.79999971389771,-2.34999990463257,0.0,-1.14999997615814,-2.40499997138977,0.0,5.79999971389771,-1.34908008575439,1.20473492145538,10.1852684020996,-1.91932916641235,0.55411821603775,7.81700468063354,"(-1.919329, 0.554118, 7.817005)",truck body CS,4.66871881484985,0.1,-1.34908008575439,1.20473492145538,10.1852684020996,-0.00102246595769,-179.533434786753,-0.00001025744986
222,left road,222,-2.3050000667572,0.0,5.79999971389771,-2.25,0.0,-1.14999997615814,-2.3050000667572,0.0,5.79999971389771,-1.34908008575439,1.20473492145538,10.1852684020996,-1.86638522148132,0.55278116464615,7.81213760375977,"(-1.866385, 0.552781, 7.812138)",truck body CS,4.64712285995483,0.1,-1.34908008575439,1.20473492145538,10.1852684020996,-0.00102246595769,-179.533434786753,-0.00001025744986
223,left road,223,-2.20500016212463,0.0,5.79999971389771,-2.15000009536743,0.0,-1.14999997615814,-2.20500016212463,0.0,5.79999971389771,-1.34908008575439,1.20473492145538,10.1852684020996,-1.81272411346436,0.55214107036591,7.80980777740479,"(-1.812724, 0.552141, 7.809808)",truck body CS,4.62758731842041,0.1,-1.34908008575439,1.20473492145538,10.1852684020996,-0.00102246595769,-179.533434786753,-0.00001025744986
224,left road,224,-2.10500001907349,0.0,5.79999971389771,-2.04999995231628,0.0,-1.14999997615814,-2.10500001907349,0.0,5.79999971389771,-1.34908008575439,1.20473492145538,10.1852684020996,-1.75893247127533,0.5515393614769,7.80761766433716,"(-1.758932, 0.551539, 7.807618)",truck body CS,4.61013889312744,0.1,-1.34908008575439,1.20473492145538,10.1852684020996,-0.00102246595769,-179.533434786753,-0.00001025744986
225,left road,225,-2.00500011444092,0.0,5.79999971389771,-1.95000004768372,0.0,-1.14999997615814,-2.00500011444092,0.0,5.79999971389771,-1.34908008575439,1.20473492145538,10.1852684020996,-1.70455956459045,0.55182212591171,7.80864715576172,"(-1.70456, 0.551822, 7.808647)",truck body CS,4.59480094909668,0.1,-1.34908008575439,1.20473492145538,10.1852684020996,-0.00102246595769,-179.533434786753,-0.00001025744986
226,left road,226,-1.90499997138977,0.0,5.79999971389771,-1.85000002384186,0.0,-1.14999997615814,-1.90499997138977,0.0,5.79999971389771,-1.34908008575439,1.20473492145538,10.1852684020996,-1.65017294883728,0.55223596096039,7.81015300750732,"(-1.650173, 0.552236, 7.810153)",truck body CS,4.5815954208374,0.1,-1.34908008575439,1.20473492145538,10.1852684020996,-0.00102246595769,-179.533434786753,-0.00001025744986
227,left road,227,-1.80499994754791,0.0,5.79999971389771,-1.75,0.0,-1.14999997615814,-1.80499994754791,0.0,5.79999971389771,-1.34908008575439,1.20473492145538,10.1852684020996,-1.59562718868256,0.55325198173523,7.81385183334351,"(-1.595627, 0.553252, 7.813852)",truck body CS,4.5705394744873,0.1,-1.34908008575439,1.20473492145538,10.1852684020996,-0.00102246595769,-179.533434786753,-0.00001025744986
228,left road,228,-1.70499992370605,0.0,5.79999971389771,-1.64999997615814,0.0,-1.14999997615814,-1.70499992370605,0.0,5.79999971389771,-1.34908008575439,1.20473492145538,10.1852684020996,-1.54117214679718,0.55453211069107,7.81851100921631,"(-1.541172, 0.554532, 7.818511)",truck body CS,4.56164979934692,0.1,-1.34908008575439,1.20473492145538,10.1852684020996,-0.00102246595769,-179.533434786753,-0.00001025744986
229,left road,229,-1.6049998998642,0.0,5.79999971389771,-1.54999995231628,0.0,-1.14999997615814,-1.6049998998642,0.0,5.79999971389771,-1.34908008575439,1.20473492145538,10.1852684020996,-1.48686861991882,0.55609947443008,7.82421636581421,"(-1.486869, 0.556099, 7.824216)",truck body CS,4.55493831634521,0.1,-1.34908008575439,1.20473492145538,10.1852684020996,-0.00102246595769,-179.533434786753,-0.00001025744986
230,left road,230,-1.50499999523163,0.0,5.79999971389771,-1.45000004768372,0.0,-1.14999997615814,-1.50499999523163,0.0,5.79999971389771,-1.34908008575439,1.20473492145538,10.1852684020996,-1.43278968334198,0.55794209241867,7.83092308044434,"(-1.43279, 0.557942, 7.830923)",truck body CS,4.5504150390625,0.1,-1.34908008575439,1.20473492145538,10.1852684020996,-0.00102246595769,-179.533434786753,-0.00001025744986
231,left road,231,-1.40499997138977,0.0,5.79999971389771,-1.35000002384186,0.0,-1.14999997615814,-1.40499997138977,0.0,5.79999971389771,-1.34908008575439,1.20473492145538,10.1852684020996,-1.37899518013,0.5602445602417,7.83930492401123,"(-1.378995, 0.560245, 7.839305)",truck body CS,4.54808712005615,0.1,-1.34908008575439,1.20473492145538,10.1852684020996,-0.00102246595769,-179.533434786753,-0.00001025744986
232,left road,232,-1.30499994754791,0.0,5.79999971389771,-1.25,0.0,-1.14999997615814,-1.30499994754791,0.0,5.79999971389771,-1.34908008575439,1.20473492145538,10.1852684020996,-1.32558870315552,0.56270402669907,7.84825706481934,"(-1.325589, 0.562704, 7.848257)",truck body CS,4.54795694351196,0.1,-1.34908008575439,1.20473492145538,10.1852684020996,-0.00102246595769,-179.533434786753,-0.00001025744986
233,left road,233,-1.20499992370605,0.0,5.79999971389771,-1.14999997615814,0.0,-1.14999997615814,-1.20499992370605,0.0,5.79999971389771,-1.34908008575439,1.20473492145538,10.1852684020996,-1.27263331413269,0.56552088260651,7.85851097106934,"(-1.272633, 0.565521, 7.858511)",truck body CS,4.55002498626709,0.1,-1.34908008575439,1.20473492145538,10.1852684020996,-0.00102246595769,-179.533434786753,-0.00001025744986
234,left road,234,-1.1049998998642,0.0,5.79999971389771,-1.04999995231628,0.0,-1.14999997615814,-1.1049998998642,0.0,5.79999971389771,-1.34908008575439,1.20473492145538,10.1852684020996,-1.22024512290955,0.56882923841476,7.87055397033691,"(-1.220245, 0.568829, 7.870554)",truck body CS,4.55428838729858,0.1,-1.34908008575439,1.20473492145538,10.1852684020996,-0.00102246595769,-179.533434786753,-0.00001025744986
235,left road,235,-1.00499999523163,0.0,5.79999971389771,-0.94999998807907,0.0,-1.14999997615814,-1.00499999523163,0.0,5.79999971389771,-1.34908008575439,1.20473492145538,10.1852684020996,-1.16858792304993,0.57277405261993,7.88491249084473,"(-1.168588, 0.572774, 7.884912)",truck body CS,4.56074094772339,0.1,-1.34908008575439,1.20473492145538,10.1852684020996,-0.00102246595769,-179.533434786753,-0.00001025744986
236,left road,236,-0.90500003099442,0.0,5.79999971389771,-0.85000002384186,0.0,-1.14999997615814,-0.90500003099442,0.0,5.79999971389771,-1.34908008575439,1.20473492145538,10.1852684020996,-1.11812567710876,0.57818377017975,7.90460395812988,"(-1.118126, 0.578184, 7.904604)",truck body CS,4.5693736076355,0.1,-1.34908008575439,1.20473492145538,10.1852684020996,-0.00102246595769,-179.533434786753,-0.00001025744986
237,left road,237,-0.80500000715256,0.0,5.79999971389771,-0.75,0.0,-1.14999997615814,-0.80500000715256,0.0,5.79999971389771,-1.34908008575439,1.20473492145538,10.1852684020996,-1.06867551803589,0.58384621143341,7.92521572113037,"(-1.068676, 0.583846, 7.925216)",truck body CS,4.58017349243164,0.1,-1.34908008575439,1.20473492145538,10.1852684020996,-0.00102246595769,-179.533434786753,-0.00001025744986
238,left road,238,-0.7049999833107,0.0,5.79999971389771,-0.64999997615814,0.0,-1.14999997615814,-0.7049999833107,0.0,5.79999971389771,-1.34908008575439,1.20473492145538,10.1852684020996,-1.02127265930176,0.59157961606979,7.95336532592773,"(-1.021273, 0.59158, 7.953365)",truck body CS,4.59312629699707,0.1,-1.34908008575439,1.20473492145538,10.1852684020996,-0.00102246595769,-179.533434786753,-0.00001025744986
239,left road,239,-0.60500001907349,0.0,5.79999971389771,-0.55000001192093,0.0,-1.14999997615814,-0.60500001907349,0.0,5.79999971389771,-1.34908008575439,1.20473492145538,10.1852684020996,-0.97757655382156,0.603236079216,7.99579524993896,"(-0.977577, 0.603236, 7.995795)",truck body CS,4.6082124710083,0.1,-1.34908008575439,1.20473492145538,10.1852684020996,-0.00102246595769,-179.533434786753,-0.00001025744986
240,left road,240,-0.50499999523163,0.0,5.79999971389771,-0.44999998807907,0.0,-1.14999997615814,-0.50499999523163,0.0,5.79999971389771,-1.34908008575439,1.20473492145538,10.1852684020996,-0.94237446784973,0.6242538690567,8.07229995727539,"(-0.942374, 0.624254, 8.0723)",truck body CS,4.62541246414185,0.1,-1.34908008575439,1.20473492145538,10.1852684020996,-0.00102246595769,-179.533434786753,-0.00001025744986
241,left road,241,-0.40500000119209,0.0,5.79999971389771,-0.34999999403954,0.0,-1.14999997615814,-0.40500000119209,0.0,5.79999971389771,-1.34908008575439,1.20473492145538,10.1852684020996,-0.917729139328,0.65429043769836,8.18163394927979,"(-0.917729, 0.65429, 8.181634)",truck body CS,4.64470195770264,0.1,-1.34908008575439,1.20473492145538,10.1852684020996,-0.00102246595769,-179.533434786753,-0.00001025744986
242,left road,242,-0.30500000715256,0.0,5.79999971389771,-0.25,0.0,-1.14999997615814,-0.30500000715256,0.0,5.79999971389771,-1.34908008575439,1.20473492145538,10.1852684020996,-0.89854520559311,0.68487524986267,8.29296398162842,"(-0.898545, 0.684875, 8.292964)",truck body CS,4.66605520248413,0.1,-1.34908008575439,1.20473492145538,10.1852684020996,-0.00102246595769,-179.533434786753,-0.00001025744986
243,left road,243,-0.20500001311302,0.0,5.79999971389771,-0.15000000596046,0.0,-1.14999997615814,-0.20500001311302,0.0,5.79999971389771,-1.34908008575439,1.20473492145538,10.1852684020996,-0.8815341591835,0.71240150928497,8.39315986633301,"(-0.881534, 0.712402, 8.39316)",truck body CS,4.68944406509399,0.1,-1.34908008575439,1.20473492145538,10.1852684020996,-0.00102246595769,-179.533434786753,-0.00001025744986
244,left road,244,-0.10500000417233,0.0,5.79999971389771,-0.05000000074506,0.0,-1.14999997615814,-0.10500000417233,0.0,5.79999971389771,-1.34908008575439,1.20473492145538,10.1852684020996,-0.86538773775101,0.73633974790573,8.48029613494873,"(-0.865388, 0.73634, 8.480296)",truck body CS,4.71483850479126,0.1,-1.34908008575439,1.20473492145538,10.1852684020996,-0.00102246595769,-179.533434786753,-0.00001025744986
245,left road,245,-0.00499999895692,0.0,5.79999971389771,0.05000000074506,0.0,-1.14999997615814,-0.00499999895692,0.0,5.79999971389771,-1.34908008575439,1.20473492145538,10.1852684020996,-0.85911697149277,0.76556783914566,8.5866870880127,"(-0.859117, 0.765568, 8.586687)",truck body CS,4.74220609664917,0.1,-1.34908008575439,1.20473492145538,10.1852684020996,-0.00102246595769,-179.533434786753,-0.00001025744986
246,left road,246,0.09500000625849,0.0,5.79999971389771,0.15000000596046,0.0,-1.14999997615814,0.09500000625849,0.0,5.79999971389771,-1.34908008575439,1.20473492145538,10.1852684020996,-0.85663014650345,0.79390472173691,8.68983459472656,"(-0.85663, 0.793905, 8.689835)",truck body CS,4.77151298522949,0.1,-1.34908008575439,1.20473492145538,10.1852684020996,-0.00102246595769,-179.533434786753,-0.00001025744986
247,left road,247,0.19499999284744,0.0,5.79999971389771,0.25,0.0,-1.14999997615814,0.19499999284744,0.0,5.79999971389771,-1.34908008575439,1.20473492145538,10.1852684020996,-0.85511255264282,0.81932735443115,8.78237342834473,"(-0.855113, 0.819327, 8.782373)",truck body CS,4.80272340774536,0.1,-1.34908008575439,1.20473492145538,10.1852684020996,-0.00102246595769,-179.533434786753,-0.00001025744986
248,left road,248,0.29499998688698,0.0,5.79999971389771,0.34999999403954,0.0,-1.14999997615814,0.29499998688698,0.0,5.79999971389771,-1.34908008575439,1.20473492145538,10.1852684020996,-0.85694670677185,0.84411352872849,8.87259578704834,"(-0.856947, 0.844114, 8.872596)",truck body CS,4.8358006477356,0.1,-1.34908008575439,1.20473492145538,10.1852684020996,-0.00102246595769,-179.533434786753,-0.00001025744986
249,left road,249,0.39499998092651,0.0,5.79999971389771,0.44999998807907,0.0,-1.14999997615814,0.39499998092651,0.0,5.79999971389771,-1.34908008575439,1.20473492145538,10.1852684020996,-0.86871230602264,0.87291765213013,8.97744369506836,"(-0.868712, 0.872918, 8.977444)",truck body CS,4.87070655822754,0.1,-1.34908008575439,1.20473492145538,10.1852684020996,-0.00102246595769,-179.533434786753,-0.00001025744986
250,left road,250,0.49500000476837,0.0,5.79999971389771,0.55000001192093,0.0,-1.14999997615814,0.49500000476837,0.0,5.79999971389771,-1.34908008575439,1.20473492145538,10.1852684020996,-0.87274408340454,0.89354526996613,9.05252838134766,"(-0.872744, 0.893545, 9.052528)",truck body CS,4.90740251541138,0.1,-1.34908008575439,1.20473492145538,10.1852684020996,-0.00102246595769,-179.533434786753,-0.00001025744986
251,left road,251,0.59499996900558,0.0,5.79999971389771,0.64999997615814,0.0,-1.14999997615814,0.59499996900558,0.0,5.79999971389771,-1.34908008575439,1.20473492145538,10.1852684020996,-0.8709192276001,0.90842133760452,9.1066780090332,"(-0.870919, 0.908421, 9.106678)",truck body CS,4.94584798812866,0.1,-1.34908008575439,1.20473492145538,10.1852684020996,-0.00102246595769,-179.533434786753,-0.00001025744986
252,left road,252,0.69499999284744,0.0,5.79999971389771,0.75,0.0,-1.14999997615814,0.69499999284744,0.0,5.79999971389771,-1.34908008575439,1.20473492145538,10.1852684020996,-0.85428577661514,0.91311419010162,9.12376022338867,"(-0.854286, 0.913114, 9.12376)",truck body CS,4.98600339889526,0.1,-1.34908008575439,1.20473492145538,10.1852684020996,-0.00102246595769,-179.533434786753,-0.00001025744986
253,left road,253,0.7950000166893,0.0,5.79999971389771,0.85000002384186,0.0,-1.14999997615814,0.7950000166893,0.0,5.79999971389771,-1.34908008575439,1.20473492145538,10.1852684020996,-0.85113817453384,0.92494678497314,9.16683101654053,"(-0.851138, 0.924947, 9.166831)",truck body CS,5.02782726287842,0.1,-1.34908008575439,1.20473492145538,10.1852684020996,-0.00102246595769,-179.533434786753,-0.00001025744986
254,left road,254,0.89499998092651,0.0,5.79999971389771,0.94999998807907,0.0,-1.14999997615814,0.89499998092651,0.0,5.79999971389771,-1.34908008575439,1.20473492145538,10.1852684020996,-0.87835282087326,0.95202475786209,9.26539611816406,"(-0.878353, 0.952025, 9.265396)",truck body CS,5.07127809524536,0.1,-1.34908008575439,1.20473492145538,10.1852684020996,-0.00102246595769,-179.533434786753,-0.00001025744986
255,left road,255,0.99499994516373,0.0,5.79999971389771,1.04999995231628,0.0,-1.14999997615814,0.99499994516373,0.0,5.79999971389771,-1.34908008575439,1.20473492145538,10.1852684020996,-0.87709134817123,0.96215724945068,9.30227851867676,"(-0.877091, 0.962157, 9.302279)",truck body CS,5.11631488800049,0.1,-1.34908008575439,1.20473492145538,10.1852684020996,-0.00102246595769,-179.533434786753,-0.00001025744986
256,left road,256,1.09500002861023,0.0,5.79999971389771,1.14999997615814,0.0,-1.14999997615814,1.09500002861023,0.0,5.79999971389771,-1.34908008575439,1.20473492145538,10.1852684020996,-0.87672132253647,0.97190010547638,9.33774185180664,"(-0.876721, 0.9719, 9.337742)",truck body CS,5.16289615631104,0.1,-1.34908008575439,1.20473492145538,10.1852684020996,-0.00102246595769,-179.533434786753,-0.00001025744986
257,left road,257,1.19500005245209,0.0,5.79999971389771,1.25,0.0,-1.14999997615814,1.19500005245209,0.0,5.79999971389771,-1.34908008575439,1.20473492145538,10.1852684020996,-0.87854540348053,0.98191571235657,9.37419986724854,"(-0.878545, 0.981916, 9.3742)",truck body CS,5.21097993850708,0.1,-1.34908008575439,1.20473492145538,10.1852684020996,-0.00102246595769,-179.533434786753,-0.00001025744986
258,left road,258,1.29500007629395,0.0,5.79999971389771,1.35000002384186,0.0,-1.14999997615814,1.29500007629395,0.0,5.79999971389771,-1.34908008575439,1.20473492145538,10.1852684020996,-0.88626164197922,0.99385863542557,9.4176721572876,"(-0.886262, 0.993859, 9.417672)",truck body CS,5.26052522659302,0.1,-1.34908008575439,1.20473492145538,10.1852684020996,-0.00102246595769,-179.533434786753,-0.00001025744986
259,left road,259,1.3950001001358,0.0,5.79999971389771,1.45000004768372,0.0,-1.14999997615814,1.3950001001358,0.0,5.79999971389771,-1.34908008575439,1.20473492145538,10.1852684020996,-0.89996784925461,1.00756096839905,9.46754932403564,"(-0.899968, 1.007561, 9.467549)",truck body CS,5.3114914894104,0.1,-1.34908008575439,1.20473492145538,10.1852684020996,-0.00102246595769,-179.533434786753,-0.00001025744986
260,left road,260,1.49500000476837,0.0,5.79999971389771,1.54999995231628,0.0,-1.14999997615814,1.49500000476837,0.0,5.79999971389771,-1.34908008575439,1.20473492145538,10.1852684020996,-0.91090363264084,1.01912605762482,9.50964641571045,"(-0.910904, 1.019126, 9.509646)",truck body CS,5.36383819580078,0.1,-1.34908008575439,1.20473492145538,10.1852684020996,-0.00102246595769,-179.533434786753,-0.00001025744986
261,left road,261,1.59500002861023,0.0,5.79999971389771,1.64999997615814,0.0,-1.14999997615814,1.59500002861023,0.0,5.79999971389771,-1.34908008575439,1.20473492145538,10.1852684020996,-0.91902303695679,1.02875292301178,9.54468822479248,"(-0.919023, 1.028753, 9.544688)",truck body CS,5.41752481460571,0.1,-1.34908008575439,1.20473492145538,10.1852684020996,-0.00102246595769,-179.533434786753,-0.00001025744986
262,left road,262,1.69500005245209,0.0,5.79999971389771,1.75,0.0,-1.14999997615814,1.69500005245209,0.0,5.79999971389771,-1.34908008575439,1.20473492145538,10.1852684020996,-0.92657434940338,1.03752267360687,9.57661056518555,"(-0.926574, 1.037523, 9.576611)",truck body CS,5.47251224517822,0.1,-1.34908008575439,1.20473492145538,10.1852684020996,-0.00102246595769,-179.533434786753,-0.00001025744986
263,left road,263,1.79500007629395,0.0,5.79999971389771,1.85000002384186,0.0,-1.14999997615814,1.79500007629395,0.0,5.79999971389771,-1.34908008575439,1.20473492145538,10.1852684020996,-1.31302011013031,1.19091773033142,10.134973526001,"(-1.31302, 1.190918, 10.13497)",EyeArea,5.5287618637085,0.1,-1.34908008575439,1.20473492145538,10.1852684020996,-0.00102246595769,-179.533434786753,-0.00001025744986
264,left road,264,1.8950001001358,0.0,5.79999971389771,1.95000004768372,0.0,-1.14999997615814,1.8950001001358,0.0,5.79999971389771,-1.34908008575439,1.20473492145538,10.1852684020996,-1.31186628341675,1.19091510772705,10.1349639892578,"(-1.311866, 1.190915, 10.13496)",EyeArea,5.58623504638672,0.1,-1.34908008575439,1.20473492145538,10.1852684020996,-0.00102246595769,-179.533434786753,-0.00001025744986
265,left road,265,1.99500000476837,0.0,5.79999971389771,2.04999995231628,0.0,-1.14999997615814,1.99500000476837,0.0,5.79999971389771,-1.34908008575439,1.20473492145538,10.1852684020996,-1.31071186065674,1.19091260433197,10.1349544525146,"(-1.310712, 1.190913, 10.13495)",EyeArea,5.64489459991455,0.1,-1.34908008575439,1.20473492145538,10.1852684020996,-0.00102246595769,-179.533434786753,-0.00001025744986
266,left road,266,2.09500002861023,0.0,5.79999971389771,2.15000009536743,0.0,-1.14999997615814,2.09500002861023,0.0,5.79999971389771,-1.34908008575439,1.20473492145538,10.1852684020996,-1.0302118062973,1.09319519996643,9.77925968170166,"(-1.030212, 1.093195, 9.77926)",truck body CS,5.70470476150513,0.1,-1.34908008575439,1.20473492145538,10.1852684020996,-0.00102246595769,-179.533434786753,-0.00001025744986
267,left road,267,2.1949999332428,0.0,5.79999971389771,2.25,0.0,-1.14999997615814,2.1949999332428,0.0,5.79999971389771,-1.34908008575439,1.20473492145538,10.1852684020996,-1.02034616470337,1.09298884868622,9.77850818634033,"(-1.020346, 1.092989, 9.778508)",truck body CS,5.76562833786011,0.1,-1.34908008575439,1.20473492145538,10.1852684020996,-0.00102246595769,-179.533434786753,-0.00001025744986
268,left road,268,2.29499983787537,0.0,5.79999971389771,2.34999990463257,0.0,-1.14999997615814,2.29499983787537,0.0,5.79999971389771,-1.34908008575439,1.20473492145538,10.1852684020996,-1.30724668502808,1.19090473651886,10.1349258422852,"(-1.307247, 1.190905, 10.13493)",EyeArea,5.82763147354126,0.1,-1.34908008575439,1.20473492145538,10.1852684020996,-0.00102246595769,-179.533434786753,-0.00001025744986
269,left road,269,2.39499998092651,0.0,5.79999971389771,2.45000004768372,0.0,-1.14999997615814,2.39499998092651,0.0,5.79999971389771,-1.34908008575439,1.20473492145538,10.1852684020996,-1.00812125205994,1.09502446651459,9.78591823577881,"(-1.008121, 1.095024, 9.785918)",truck body CS,5.89067935943604,0.1,-1.34908008575439,1.20473492145538,10.1852684020996,-0.00102246595769,-179.533434786753,-0.00001025744986
270,left road,270,2.49499988555908,0.0,5.79999971389771,2.54999995231628,0.0,-1.14999997615814,2.49499988555908,0.0,5.79999971389771,-1.34908008575439,1.20473492145538,10.1852684020996,-0.99296218156815,1.09312748908997,9.77901363372803,"(-0.992962, 1.093127, 9.779014)",truck body CS,5.95473909378052,0.1,-1.34908008575439,1.20473492145538,10.1852684020996,-0.00102246595769,-179.533434786753,-0.00001025744986
271,left road,271,2.59500002861023,0.0,5.79999971389771,2.65000009536743,0.0,-1.14999997615814,2.59500002861023,0.0,5.79999971389771,-1.34908008575439,1.20473492145538,10.1852684020996,-0.9831348657608,1.09295558929443,9.77838706970215,"(-0.983135, 1.092956, 9.778387)",truck body CS,6.01977872848511,0.1,-1.34908008575439,1.20473492145538,10.1852684020996,-0.00102246595769,-179.533434786753,-0.00001025744986
272,left road,272,2.6949999332428,0.0,5.79999971389771,2.75,0.0,-1.14999997615814,2.6949999332428,0.0,5.79999971389771,-1.34908008575439,1.20473492145538,10.1852684020996,-0.97300779819489,1.09270286560059,9.77746772766113,"(-0.973008, 1.092703, 9.777468)",truck body CS,6.08576583862305,0.1,-1.34908008575439,1.20473492145538,10.1852684020996,-0.00102246595769,-179.533434786753,-0.00001025744986
273,left road,273,2.79499983787537,0.0,5.79999971389771,2.84999990463257,0.0,-1.14999997615814,2.79499983787537,0.0,5.79999971389771,-1.34908008575439,1.20473492145538,10.1852684020996,-0.96374118328094,1.09271216392517,9.77750205993652,"(-0.963741, 1.092712, 9.777502)",truck body CS,6.15267181396484,0.1,-1.34908008575439,1.20473492145538,10.1852684020996,-0.00102246595769,-179.533434786753,-0.00001025744986
274,left road,274,2.89499998092651,0.0,5.79999971389771,2.95000004768372,0.0,-1.14999997615814,2.89499998092651,0.0,5.79999971389771,-1.34908008575439,1.20473492145538,10.1852684020996,-0.95726865530014,1.09351432323456,9.78042125701904,"(-0.957269, 1.093514, 9.780421)",truck body CS,6.2204647064209,0.1,-1.34908008575439,1.20473492145538,10.1852684020996,-0.00102246595769,-179.533434786753,-0.00001025744986
275,left road,275,2.99499988555908,0.0,5.79999971389771,3.04999995231628,0.0,-1.14999997615814,2.99499988555908,0.0,5.79999971389771,-1.34908008575439,1.20473492145538,10.1852684020996,-0.95835900306702,1.09637689590454,9.79084205627441,"(-0.958359, 1.096377, 9.790842)",truck body CS,6.28911733627319,0.1,-1.34908008575439,1.20473492145538,10.1852684020996,-0.00102246595769,-179.533434786753,-0.00001025744986
276,left road,276,3.09500002861023,0.0,5.79999971389771,3.15000009536743,0.0,-1.14999997615814,3.09500002861023,0.0,5.79999971389771,-1.34908008575439,1.20473492145538,10.1852684020996,-0.9594846367836,1.09912037849426,9.8008279800415,"(-0.959485, 1.09912, 9.800828)",truck body CS,6.35860157012939,0.1,-1.34908008575439,1.20473492145538,10.1852684020996,-0.00102246595769,-179.533434786753,-0.00001025744986
277,left road,277,3.1949999332428,0.0,5.79999971389771,3.25,0.0,-1.14999997615814,3.1949999332428,0.0,5.79999971389771,-1.34908008575439,1.20473492145538,10.1852684020996,-0.96055471897125,1.10172843933105,9.81032085418701,"(-0.960555, 1.101728, 9.810321)",truck body CS,6.42889022827148,0.1,-1.34908008575439,1.20473492145538,10.1852684020996,-0.00102246595769,-179.533434786753,-0.00001025744986
278,left road,278,3.29499983787537,0.0,5.79999971389771,3.34999990463257,0.0,-1.14999997615814,3.29499983787537,0.0,5.79999971389771,-1.34908008575439,1.20473492145538,10.1852684020996,-0.96156913042068,1.10420942306519,9.81935214996338,"(-0.961569, 1.104209, 9.819352)",truck body CS,6.49995756149292,0.1,-1.34908008575439,1.20473492145538,10.1852684020996,-0.00102246595769,-179.533434786753,-0.00001025744986
279,left road,279,3.39499998092651,0.0,5.79999971389771,3.45000004768372,0.0,-1.14999997615814,3.39499998092651,0.0,5.79999971389771,-1.34908008575439,1.20473492145538,10.1852684020996,-0.96236819028854,1.10653138160706,9.82780361175537,"(-0.962368, 1.106531, 9.827804)",truck body CS,6.57177782058716,0.1,-1.34908008575439,1.20473492145538,10.1852684020996,-0.00102246595769,-179.533434786753,-0.00001025744986
280,left road,280,-3.50500011444092,0.0,5.89999961853027,-3.45000004768372,0.0,-1.04999995231628,-3.50500011444092,0.0,5.89999961853027,-1.34908008575439,1.20473492145538,10.1852684020996,-2.46955275535584,0.57861125469208,7.95813179016113,"(-2.469553, 0.578611, 7.958132)",truck body CS,4.94599914550781,0.1,-1.34908008575439,1.20473492145538,10.1852684020996,-0.00102246595769,-179.533434786753,-0.00001025744986
281,left road,281,-3.40499997138977,0.0,5.89999961853027,-3.34999990463257,0.0,-1.04999995231628,-3.40499997138977,0.0,5.89999961853027,-1.34908008575439,1.20473492145538,10.1852684020996,-2.42932724952698,0.57172793149948,7.93364763259888,"(-2.429327, 0.571728, 7.933648)",truck body CS,4.903235912323,0.1,-1.34908008575439,1.20473492145538,10.1852684020996,-0.00102246595769,-179.533434786753,-0.00001025744986
282,left road,282,-3.3050000667572,0.0,5.89999961853027,-3.25,0.0,-1.04999995231628,-3.3050000667572,0.0,5.89999961853027,-1.34908008575439,1.20473492145538,10.1852684020996,-2.38543605804443,0.56639885902405,7.91469192504883,"(-2.385436, 0.566399, 7.914692)",truck body CS,4.86215353012085,0.1,-1.34908008575439,1.20473492145538,10.1852684020996,-0.00102246595769,-179.533434786753,-0.00001025744986
283,left road,283,-3.20500016212463,0.0,5.89999961853027,-3.15000009536743,0.0,-1.04999995231628,-3.20500016212463,0.0,5.89999961853027,-1.34908008575439,1.20473492145538,10.1852684020996,-2.33987212181091,0.56158125400543,7.89755535125732,"(-2.339872, 0.561581, 7.897555)",truck body CS,4.82279539108276,0.1,-1.34908008575439,1.20473492145538,10.1852684020996,-0.00102246595769,-179.533434786753,-0.00001025744986
284,left road,284,-3.10500001907349,0.0,5.89999961853027,-3.04999995231628,0.0,-1.04999995231628,-3.10500001907349,0.0,5.89999961853027,-1.34908008575439,1.20473492145538,10.1852684020996,-2.29243278503418,0.55750155448914,7.88304424285889,"(-2.292433, 0.557502, 7.883044)",truck body CS,4.78520345687866,0.1,-1.34908008575439,1.20473492145538,10.1852684020996,-0.00102246595769,-179.533434786753,-0.00001025744986
285,left road,285,-3.00500011444092,0.0,5.89999961853027,-2.95000004768372,0.0,-1.04999995231628,-3.00500011444092,0.0,5.89999961853027,-1.34908008575439,1.20473492145538,10.1852684020996,-2.24352622032166,0.55399656295776,7.87057685852051,"(-2.243526, 0.553997, 7.870577)",truck body CS,4.74941968917847,0.1,-1.34908008575439,1.20473492145538,10.1852684020996,-0.00102246595769,-179.533434786753,-0.00001025744986
286,left road,286,-2.90499997138977,0.0,5.89999961853027,-2.84999990463257,0.0,-1.04999995231628,-2.90499997138977,0.0,5.89999961853027,-1.34908008575439,1.20473492145538,10.1852684020996,-2.19358038902283,0.55084574222565,7.8593692779541,"(-2.19358, 0.550846, 7.859369)",truck body CS,4.71548509597778,0.1,-1.34908008575439,1.20473492145538,10.1852684020996,-0.00102246595769,-179.533434786753,-0.00001025744986
287,left road,287,-2.8050000667572,0.0,5.89999961853027,-2.75,0.0,-1.04999995231628,-2.8050000667572,0.0,5.89999961853027,-1.34908008575439,1.20473492145538,10.1852684020996,-2.14273405075073,0.54800742864609,7.84927320480347,"(-2.142734, 0.548007, 7.849273)",truck body CS,4.68344068527222,0.1,-1.34908008575439,1.20473492145538,10.1852684020996,-0.00102246595769,-179.533434786753,-0.00001025744986
288,left road,288,-2.70500016212463,0.0,5.89999961853027,-2.65000009536743,0.0,-1.04999995231628,-2.70500016212463,0.0,5.89999961853027,-1.34908008575439,1.20473492145538,10.1852684020996,-2.091068983078,0.54547768831253,7.84027481079102,"(-2.091069, 0.545478, 7.840275)",truck body CS,4.65332508087158,0.1,-1.34908008575439,1.20473492145538,10.1852684020996,-0.00102246595769,-179.533434786753,-0.00001025744986
289,left road,289,-2.60500001907349,0.0,5.89999961853027,-2.54999995231628,0.0,-1.04999995231628,-2.60500001907349,0.0,5.89999961853027,-1.34908008575439,1.20473492145538,10.1852684020996,-2.03859305381775,0.54332304000854,7.83261108398438,"(-2.038593, 0.543323, 7.832611)",truck body CS,4.62517547607422,0.1,-1.34908008575439,1.20473492145538,10.1852684020996,-0.00102246595769,-179.533434786753,-0.00001025744986
290,left road,290,-2.50500011444092,0.0,5.89999961853027,-2.45000004768372,0.0,-1.04999995231628,-2.50500011444092,0.0,5.89999961853027,-1.34908008575439,1.20473492145538,10.1852684020996,-1.98564147949219,0.54129129648209,7.82538414001465,"(-1.985641, 0.541291, 7.825384)",truck body CS,4.59902858734131,0.1,-1.34908008575439,1.20473492145538,10.1852684020996,-0.00102246595769,-179.533434786753,-0.00001025744986
291,left road,291,-2.40499997138977,0.0,5.89999961853027,-2.34999990463257,0.0,-1.04999995231628,-2.40499997138977,0.0,5.89999961853027,-1.34908008575439,1.20473492145538,10.1852684020996,-1.93183386325836,0.53985118865967,7.82026147842407,"(-1.931834, 0.539851, 7.820261)",truck body CS,4.57491874694824,0.1,-1.34908008575439,1.20473492145538,10.1852684020996,-0.00102246595769,-179.533434786753,-0.00001025744986
292,left road,292,-2.3050000667572,0.0,5.89999961853027,-2.25,0.0,-1.04999995231628,-2.3050000667572,0.0,5.89999961853027,-1.34908008575439,1.20473492145538,10.1852684020996,-1.87786471843719,0.53831374645233,7.81479263305664,"(-1.877865, 0.538314, 7.814793)",truck body CS,4.55287790298462,0.1,-1.34908008575439,1.20473492145538,10.1852684020996,-0.00102246595769,-179.533434786753,-0.00001025744986
293,left road,293,-2.20500016212463,0.0,5.89999961853027,-2.15000009536743,0.0,-1.04999995231628,-2.20500016212463,0.0,5.89999961853027,-1.34908008575439,1.20473492145538,10.1852684020996,-1.82305788993835,0.53759586811066,7.81223964691162,"(-1.823058, 0.537596, 7.81224)",truck body CS,4.53293657302856,0.1,-1.34908008575439,1.20473492145538,10.1852684020996,-0.00102246595769,-179.533434786753,-0.00001025744986
294,left road,294,-2.10500001907349,0.0,5.89999961853027,-2.04999995231628,0.0,-1.04999995231628,-2.10500001907349,0.0,5.89999961853027,-1.34908008575439,1.20473492145538,10.1852684020996,-1.7680389881134,0.5370260477066,7.81021213531494,"(-1.768039, 0.537026, 7.810212)",truck body CS,4.51512241363525,0.1,-1.34908008575439,1.20473492145538,10.1852684020996,-0.00102246595769,-179.533434786753,-0.00001025744986
295,left road,295,-2.00500011444092,0.0,5.89999961853027,-1.95000004768372,0.0,-1.04999995231628,-2.00500011444092,0.0,5.89999961853027,-1.34908008575439,1.20473492145538,10.1852684020996,-1.71257483959198,0.53710031509399,7.81047630310059,"(-1.712575, 0.5371, 7.810476)",truck body CS,4.49946069717407,0.1,-1.34908008575439,1.20473492145538,10.1852684020996,-0.00102246595769,-179.533434786753,-0.00001025744986
296,left road,296,-1.90499997138977,0.0,5.89999961853027,-1.85000002384186,0.0,-1.04999995231628,-1.90499997138977,0.0,5.89999961853027,-1.34908008575439,1.20473492145538,10.1852684020996,-1.6569664478302,0.53751373291016,7.81194686889648,"(-1.656966, 0.537514, 7.811947)",truck body CS,4.48597383499146,0.1,-1.34908008575439,1.20473492145538,10.1852684020996,-0.00102246595769,-179.533434786753,-0.00001025744986
297,left road,297,-1.80499994754791,0.0,5.89999961853027,-1.75,0.0,-1.04999995231628,-1.80499994754791,0.0,5.89999961853027,-1.34908008575439,1.20473492145538,10.1852684020996,-1.60121989250183,0.53847396373749,7.81536293029785,"(-1.60122, 0.538474, 7.815363)",truck body CS,4.47468185424805,0.1,-1.34908008575439,1.20473492145538,10.1852684020996,-0.00102246595769,-179.533434786753,-0.00001025744986
298,left road,298,-1.70499992370605,0.0,5.89999961853027,-1.64999997615814,0.0,-1.04999995231628,-1.70499992370605,0.0,5.89999961853027,-1.34908008575439,1.20473492145538,10.1852684020996,-1.54553174972534,0.53977537155151,7.81999158859253,"(-1.545532, 0.539775, 7.819992)",truck body CS,4.46560144424438,0.1,-1.34908008575439,1.20473492145538,10.1852684020996,-0.00102246595769,-179.533434786753,-0.00001025744986
299,left road,299,-1.6049998998642,0.0,5.89999961853027,-1.54999995231628,0.0,-1.04999995231628,-1.6049998998642,0.0,5.89999961853027,-1.34908008575439,1.20473492145538,10.1852684020996,-1.49001884460449,0.54127025604248,7.82530879974365,"(-1.490019, 0.54127, 7.825309)",truck body CS,4.45874547958374,0.1,-1.34908008575439,1.20473492145538,10.1852684020996,-0.00102246595769,-179.533434786753,-0.00001025744986
300,left road,300,-1.50499999523163,0.0,5.89999961853027,-1.45000004768372,0.0,-1.04999995231628,-1.50499999523163,0.0,5.89999961853027,-1.34908008575439,1.20473492145538,10.1852684020996,-1.43469786643982,0.54319804906845,7.83216571807861,"(-1.434698, 0.543198, 7.832166)",truck body CS,4.45412445068359,0.1,-1.34908008575439,1.20473492145538,10.1852684020996,-0.00102246595769,-179.533434786753,-0.00001025744986
301,left road,301,-1.40499997138977,0.0,5.89999961853027,-1.35000002384186,0.0,-1.04999995231628,-1.40499997138977,0.0,5.89999961853027,-1.34908008575439,1.20473492145538,10.1852684020996,-1.37967562675476,0.54558604955673,7.840660572052,"(-1.379676, 0.545586, 7.840661)",truck body CS,4.45174598693848,0.1,-1.34908008575439,1.20473492145538,10.1852684020996,-0.00102246595769,-179.533434786753,-0.00001025744986
302,left road,302,-1.30499994754791,0.0,5.89999961853027,-1.25,0.0,-1.04999995231628,-1.30499994754791,0.0,5.89999961853027,-1.34908008575439,1.20473492145538,10.1852684020996,-1.32506334781647,0.54834300279617,7.85046720504761,"(-1.325063, 0.548343, 7.850467)",truck body CS,4.45161294937134,0.1,-1.34908008575439,1.20473492145538,10.1852684020996,-0.00102246595769,-179.533434786753,-0.00001025744986
303,left road,303,-1.20499992370605,0.0,5.89999961853027,-1.14999997615814,0.0,-1.04999995231628,-1.20499992370605,0.0,5.89999961853027,-1.34908008575439,1.20473492145538,10.1852684020996,-1.27094030380249,0.55136507749557,7.86121654510498,"(-1.27094, 0.551365, 7.861217)",truck body CS,4.45372581481934,0.1,-1.34908008575439,1.20473492145538,10.1852684020996,-0.00102246595769,-179.533434786753,-0.00001025744986
304,left road,304,-1.1049998998642,0.0,5.89999961853027,-1.04999995231628,0.0,-1.04999995231628,-1.1049998998642,0.0,5.89999961853027,-1.34908008575439,1.20473492145538,10.1852684020996,-1.21741986274719,0.55488467216492,7.8737359046936,"(-1.21742, 0.554885, 7.873736)",truck body CS,4.45808172225952,0.1,-1.34908008575439,1.20473492145538,10.1852684020996,-0.00102246595769,-179.533434786753,-0.00001025744986
305,left road,305,-1.00499999523163,0.0,5.89999961853027,-0.94999998807907,0.0,-1.04999995231628,-1.00499999523163,0.0,5.89999961853027,-1.34908008575439,1.20473492145538,10.1852684020996,-1.16470956802368,0.55919444561005,7.88906574249268,"(-1.16471, 0.559194, 7.889066)",truck body CS,4.46467304229736,0.1,-1.34908008575439,1.20473492145538,10.1852684020996,-0.00102246595769,-179.533434786753,-0.00001025744986
306,left road,306,-0.90500003099442,0.0,5.89999961853027,-0.85000002384186,0.0,-1.04999995231628,-0.90500003099442,0.0,5.89999961853027,-1.34908008575439,1.20473492145538,10.1852684020996,-1.11315035820007,0.56468653678894,7.90860176086426,"(-1.11315, 0.564687, 7.908602)",truck body CS,4.47349119186401,0.1,-1.34908008575439,1.20473492145538,10.1852684020996,-0.00102246595769,-179.533434786753,-0.00001025744986
307,left road,307,-0.80500000715256,0.0,5.89999961853027,-0.75,0.0,-1.04999995231628,-0.80500000715256,0.0,5.89999961853027,-1.34908008575439,1.20473492145538,10.1852684020996,-1.0628137588501,0.57086658477783,7.93058395385742,"(-1.062814, 0.570867, 7.930584)",truck body CS,4.48452234268188,0.1,-1.34908008575439,1.20473492145538,10.1852684020996,-0.00102246595769,-179.533434786753,-0.00001025744986
308,left road,308,-0.7049999833107,0.0,5.89999961853027,-0.64999997615814,0.0,-1.04999995231628,-0.7049999833107,0.0,5.89999961853027,-1.34908008575439,1.20473492145538,10.1852684020996,-1.01445293426514,0.57882356643677,7.95888710021973,"(-1.014453, 0.578824, 7.958887)",truck body CS,4.49774980545044,0.1,-1.34908008575439,1.20473492145538,10.1852684020996,-0.00102246595769,-179.533434786753,-0.00001025744986
309,left road,309,-0.60500001907349,0.0,5.89999961853027,-0.55000001192093,0.0,-1.04999995231628,-0.60500001907349,0.0,5.89999961853027,-1.34908008575439,1.20473492145538,10.1852684020996,-0.97118693590164,0.59289067983627,8.00892448425293,"(-0.971187, 0.592891, 8.008924)",truck body CS,4.51315546035767,0.1,-1.34908008575439,1.20473492145538,10.1852684020996,-0.00102246595769,-179.533434786753,-0.00001025744986
310,left road,310,-0.50499999523163,0.0,5.89999961853027,-0.44999998807907,0.0,-1.04999995231628,-0.50499999523163,0.0,5.89999961853027,-1.34908008575439,1.20473492145538,10.1852684020996,-0.93629914522171,0.61558270454407,8.08963966369629,"(-0.936299, 0.615583, 8.08964)",truck body CS,4.53071594238281,0.1,-1.34908008575439,1.20473492145538,10.1852684020996,-0.00102246595769,-179.533434786753,-0.00001025744986
311,left road,311,-0.40500000119209,0.0,5.89999961853027,-0.34999999403954,0.0,-1.04999995231628,-0.40500000119209,0.0,5.89999961853027,-1.34908008575439,1.20473492145538,10.1852684020996,-0.9120626449585,0.64705950021744,8.20160388946533,"(-0.912063, 0.64706, 8.201604)",truck body CS,4.55040693283081,0.1,-1.34908008575439,1.20473492145538,10.1852684020996,-0.00102246595769,-179.533434786753,-0.00001025744986
312,left road,312,-0.30500000715256,0.0,5.89999961853027,-0.25,0.0,-1.04999995231628,-0.30500000715256,0.0,5.89999961853027,-1.34908008575439,1.20473492145538,10.1852684020996,-0.89298450946808,0.67845892906189,8.31329250335693,"(-0.892985, 0.678459, 8.313293)",truck body CS,4.57220077514648,0.1,-1.34908008575439,1.20473492145538,10.1852684020996,-0.00102246595769,-179.533434786753,-0.00001025744986
313,left road,313,-0.20500001311302,0.0,5.89999961853027,-0.15000000596046,0.0,-1.04999995231628,-0.20500001311302,0.0,5.89999961853027,-1.34908008575439,1.20473492145538,10.1852684020996,-0.87588608264923,0.70645385980606,8.41287136077881,"(-0.875886, 0.706454, 8.412871)",truck body CS,4.59606742858887,0.1,-1.34908008575439,1.20473492145538,10.1852684020996,-0.00102246595769,-179.533434786753,-0.00001025744986
314,left road,314,-0.10500000417233,0.0,5.89999961853027,-0.05000000074506,0.0,-1.04999995231628,-0.10500000417233,0.0,5.89999961853027,-1.34908008575439,1.20473492145538,10.1852684020996,-0.86055320501328,0.73165810108185,8.50252246856689,"(-0.860553, 0.731658, 8.502522)",truck body CS,4.6219744682312,0.1,-1.34908008575439,1.20473492145538,10.1852684020996,-0.00102246595769,-179.533434786753,-0.00001025744986
315,left road,315,-0.00499999895692,0.0,5.89999961853027,0.05000000074506,0.0,-1.04999995231628,-0.00499999895692,0.0,5.89999961853027,-1.34908008575439,1.20473492145538,10.1852684020996,-0.85657864809036,0.76329267024994,8.61504745483398,"(-0.856579, 0.763293, 8.615047)",truck body CS,4.64988899230957,0.1,-1.34908008575439,1.20473492145538,10.1852684020996,-0.00102246595769,-179.533434786753,-0.00001025744986
316,left road,316,0.09500000625849,0.0,5.89999961853027,0.15000000596046,0.0,-1.04999995231628,0.09500000625849,0.0,5.89999961853027,-1.34908008575439,1.20473492145538,10.1852684020996,-0.85497200489044,0.79252135753632,8.71901512145996,"(-0.854972, 0.792521, 8.719015)",truck body CS,4.67977380752563,0.1,-1.34908008575439,1.20473492145538,10.1852684020996,-0.00102246595769,-179.533434786753,-0.00001025744986
317,left road,317,0.19499999284744,0.0,5.89999961853027,0.25,0.0,-1.04999995231628,0.19499999284744,0.0,5.89999961853027,-1.34908008575439,1.20473492145538,10.1852684020996,-0.85411727428436,0.81855094432831,8.81160259246826,"(-0.854117, 0.818551, 8.811603)",truck body CS,4.71159172058105,0.1,-1.34908008575439,1.20473492145538,10.1852684020996,-0.00102246595769,-179.533434786753,-0.00001025744986
318,left road,318,0.29499998688698,0.0,5.89999961853027,0.34999999403954,0.0,-1.04999995231628,0.29499998688698,0.0,5.89999961853027,-1.34908008575439,1.20473492145538,10.1852684020996,-0.85891360044479,0.84555488824844,8.9076566696167,"(-0.858914, 0.845555, 8.907657)",truck body CS,4.74530458450317,0.1,-1.34908008575439,1.20473492145538,10.1852684020996,-0.00102246595769,-179.533434786753,-0.00001025744986
319,left road,319,0.39499998092651,0.0,5.89999961853027,0.44999998807907,0.0,-1.04999995231628,0.39499998092651,0.0,5.89999961853027,-1.34908008575439,1.20473492145538,10.1852684020996,-0.86780565977097,0.87229132652283,9.00275802612305,"(-0.867806, 0.872291, 9.002758)",truck body CS,4.78087139129639,0.1,-1.34908008575439,1.20473492145538,10.1852684020996,-0.00102246595769,-179.533434786753,-0.00001025744986
320,left road,320,0.49500000476837,0.0,5.89999961853027,0.55000001192093,0.0,-1.04999995231628,0.49500000476837,0.0,5.89999961853027,-1.34908008575439,1.20473492145538,10.1852684020996,-0.87237411737442,0.89330363273621,9.07749938964844,"(-0.872374, 0.893304, 9.077499)",truck body CS,4.81825113296509,0.1,-1.34908008575439,1.20473492145538,10.1852684020996,-0.00102246595769,-179.533434786753,-0.00001025744986
321,left road,321,0.59499996900558,0.0,5.89999961853027,0.64999997615814,0.0,-1.04999995231628,0.59499996900558,0.0,5.89999961853027,-1.34908008575439,1.20473492145538,10.1852684020996,-0.90652048587799,0.93048334121704,9.20974826812744,"(-0.90652, 0.930483, 9.209748)",truck body CS,4.85740280151367,0.1,-1.34908008575439,1.20473492145538,10.1852684020996,-0.00102246595769,-179.533434786753,-0.00001025744986
322,left road,322,0.69499999284744,0.0,5.89999961853027,0.75,0.0,-1.04999995231628,0.69499999284744,0.0,5.89999961853027,-1.34908008575439,1.20473492145538,10.1852684020996,-0.85325813293457,0.91250848770142,9.14581203460693,"(-0.853258, 0.912508, 9.145812)",truck body CS,4.8982834815979,0.1,-1.34908008575439,1.20473492145538,10.1852684020996,-0.00102246595769,-179.533434786753,-0.00001025744986
323,left road,323,0.7950000166893,0.0,5.89999961853027,0.85000002384186,0.0,-1.04999995231628,0.7950000166893,0.0,5.89999961853027,-1.34908008575439,1.20473492145538,10.1852684020996,-0.85057789087296,0.92463207244873,9.18893527984619,"(-0.850578, 0.924632, 9.188935)",truck body CS,4.94084978103638,0.1,-1.34908008575439,1.20473492145538,10.1852684020996,-0.00102246595769,-179.533434786753,-0.00001025744986
324,left road,324,0.89499998092651,0.0,5.89999961853027,0.94999998807907,0.0,-1.04999995231628,0.89499998092651,0.0,5.89999961853027,-1.34908008575439,1.20473492145538,10.1852684020996,-0.87731224298477,0.95146626234055,9.28438568115234,"(-0.877312, 0.951466, 9.284386)",truck body CS,4.98505878448486,0.1,-1.34908008575439,1.20473492145538,10.1852684020996,-0.00102246595769,-179.533434786753,-0.00001025744986
325,left road,325,0.99499994516373,0.0,5.89999961853027,1.04999995231628,0.0,-1.04999995231628,0.99499994516373,0.0,5.89999961853027,-1.34908008575439,1.20473492145538,10.1852684020996,-0.87638747692108,0.96179556846619,9.32112693786621,"(-0.876387, 0.961796, 9.321127)",truck body CS,5.03086757659912,0.1,-1.34908008575439,1.20473492145538,10.1852684020996,-0.00102246595769,-179.533434786753,-0.00001025744986
326,left road,326,1.09500002861023,0.0,5.89999961853027,1.14999997615814,0.0,-1.04999995231628,1.09500002861023,0.0,5.89999961853027,-1.34908008575439,1.20473492145538,10.1852684020996,-0.87613308429718,0.9716100692749,9.35603713989258,"(-0.876133, 0.97161, 9.356037)",truck body CS,5.0782322883606,0.1,-1.34908008575439,1.20473492145538,10.1852684020996,-0.00102246595769,-179.533434786753,-0.00001025744986
327,left road,327,1.19500005245209,0.0,5.89999961853027,1.25,0.0,-1.04999995231628,1.19500005245209,0.0,5.89999961853027,-1.34908008575439,1.20473492145538,10.1852684020996,-0.87807095050812,0.98169112205505,9.39189529418945,"(-0.878071, 0.981691, 9.391895)",truck body CS,5.12711048126221,0.1,-1.34908008575439,1.20473492145538,10.1852684020996,-0.00102246595769,-179.533434786753,-0.00001025744986
328,left road,328,1.29500007629395,0.0,5.89999961853027,1.35000002384186,0.0,-1.04999995231628,1.29500007629395,0.0,5.89999961853027,-1.34908008575439,1.20473492145538,10.1852684020996,-0.88579642772675,0.99364674091339,9.43442153930664,"(-0.885796, 0.993647, 9.434422)",truck body CS,5.1774582862854,0.1,-1.34908008575439,1.20473492145538,10.1852684020996,-0.00102246595769,-179.533434786753,-0.00001025744986
329,left road,329,1.3950001001358,0.0,5.89999961853027,1.45000004768372,0.0,-1.04999995231628,1.3950001001358,0.0,5.89999961853027,-1.34908008575439,1.20473492145538,10.1852684020996,-0.89949196577072,1.00735211372375,9.48317241668701,"(-0.899492, 1.007352, 9.483172)",truck body CS,5.22923421859741,0.1,-1.34908008575439,1.20473492145538,10.1852684020996,-0.00102246595769,-179.533434786753,-0.00001025744986
330,left road,330,1.49500000476837,0.0,5.89999961853027,1.54999995231628,0.0,-1.04999995231628,1.49500000476837,0.0,5.89999961853027,-1.34908008575439,1.20473492145538,10.1852684020996,-0.91078680753708,1.01907658576965,9.52487659454346,"(-0.910787, 1.019077, 9.524877)",truck body CS,5.28239583969116,0.1,-1.34908008575439,1.20473492145538,10.1852684020996,-0.00102246595769,-179.533434786753,-0.00001025744986
331,left road,331,1.59500002861023,0.0,5.89999961853027,1.64999997615814,0.0,-1.04999995231628,1.59500002861023,0.0,5.89999961853027,-1.34908008575439,1.20473492145538,10.1852684020996,-0.91891330480576,1.02870798110962,9.55913639068604,"(-0.918913, 1.028708, 9.559136)",truck body CS,5.33690214157104,0.1,-1.34908008575439,1.20473492145538,10.1852684020996,-0.00102246595769,-179.533434786753,-0.00001025744986
332,left road,332,1.69500005245209,0.0,5.89999961853027,1.75,0.0,-1.04999995231628,1.69500005245209,0.0,5.89999961853027,-1.34908008575439,1.20473492145538,10.1852684020996,-0.92653292417526,1.03750610351563,9.59043121337891,"(-0.926533, 1.037506, 9.590431)",truck body CS,5.3927116394043,0.1,-1.34908008575439,1.20473492145538,10.1852684020996,-0.00102246595769,-179.533434786753,-0.00001025744986
333,left road,333,1.79500007629395,0.0,5.89999961853027,1.85000002384186,0.0,-1.04999995231628,1.79500007629395,0.0,5.89999961853027,-1.34908008575439,1.20473492145538,10.1852684020996,-1.31217384338379,1.19059336185455,10.1349668502808,"(-1.312174, 1.190593, 10.13497)",EyeArea,5.44978475570679,0.1,-1.34908008575439,1.20473492145538,10.1852684020996,-0.00102246595769,-179.533434786753,-0.00001025744986
334,left road,334,1.8950001001358,0.0,5.89999961853027,1.95000004768372,0.0,-1.04999995231628,1.8950001001358,0.0,5.89999961853027,-1.34908008575439,1.20473492145538,10.1852684020996,-1.31099247932434,1.19059062004089,10.1349563598633,"(-1.310992, 1.190591, 10.13496)",EyeArea,5.50808238983154,0.1,-1.34908008575439,1.20473492145538,10.1852684020996,-0.00102246595769,-179.533434786753,-0.00001025744986
335,left road,335,1.99500000476837,0.0,5.89999961853027,2.04999995231628,0.0,-1.04999995231628,1.99500000476837,0.0,5.89999961853027,-1.34908008575439,1.20473492145538,10.1852684020996,-1.03260064125061,1.09072041511536,9.7797155380249,"(-1.032601, 1.09072, 9.779716)",truck body CS,5.56756544113159,0.1,-1.34908008575439,1.20473492145538,10.1852684020996,-0.00102246595769,-179.533434786753,-0.00001025744986
336,left road,336,2.09500002861023,0.0,5.89999961853027,2.15000009536743,0.0,-1.04999995231628,2.09500002861023,0.0,5.89999961853027,-1.34908008575439,1.20473492145538,10.1852684020996,-1.02243041992188,1.09047317504883,9.77883625030518,"(-1.02243, 1.090473, 9.778836)",truck body CS,5.62819719314575,0.1,-1.34908008575439,1.20473492145538,10.1852684020996,-0.00102246595769,-179.533434786753,-0.00001025744986
337,left road,337,2.1949999332428,0.0,5.89999961853027,2.25,0.0,-1.04999995231628,2.1949999332428,0.0,5.89999961853027,-1.34908008575439,1.20473492145538,10.1852684020996,-1.30744647979736,1.1905825138092,10.1349277496338,"(-1.307446, 1.190583, 10.13493)",EyeArea,5.68993997573853,0.1,-1.34908008575439,1.20473492145538,10.1852684020996,-0.00102246595769,-179.533434786753,-0.00001025744986
338,left road,338,2.29499983787537,0.0,5.89999961853027,2.34999990463257,0.0,-1.04999995231628,2.29499983787537,0.0,5.89999961853027,-1.34908008575439,1.20473492145538,10.1852684020996,-1.00767087936401,1.09186482429504,9.78378582000732,"(-1.007671, 1.091865, 9.783786)",truck body CS,5.75275897979736,0.1,-1.34908008575439,1.20473492145538,10.1852684020996,-0.00102246595769,-179.533434786753,-0.00001025744986
339,left road,339,2.39499998092651,0.0,5.89999961853027,2.45000004768372,0.0,-1.04999995231628,2.39499998092651,0.0,5.89999961853027,-1.34908008575439,1.20473492145538,10.1852684020996,-0.99431455135345,1.09058177471161,9.77922248840332,"(-0.994315, 1.090582, 9.779222)",truck body CS,5.8166184425354,0.1,-1.34908008575439,1.20473492145538,10.1852684020996,-0.00102246595769,-179.533434786753,-0.00001025744986
340,left road,340,2.49499988555908,0.0,5.89999961853027,2.54999995231628,0.0,-1.04999995231628,2.49499988555908,0.0,5.89999961853027,-1.34908008575439,1.20473492145538,10.1852684020996,-0.98430114984512,1.09041309356689,9.7786226272583,"(-0.984301, 1.090413, 9.778623)",truck body CS,5.88148498535156,0.1,-1.34908008575439,1.20473492145538,10.1852684020996,-0.00102246595769,-179.533434786753,-0.00001025744986
341,left road,341,2.59500002861023,0.0,5.89999961853027,2.65000009536743,0.0,-1.04999995231628,2.59500002861023,0.0,5.89999961853027,-1.34908008575439,1.20473492145538,10.1852684020996,-0.97398561239243,1.09016072750092,9.77772521972656,"(-0.973986, 1.090161, 9.777725)",truck body CS,5.94732570648193,0.1,-1.34908008575439,1.20473492145538,10.1852684020996,-0.00102246595769,-179.533434786753,-0.00001025744986
342,left road,342,2.6949999332428,0.0,5.89999961853027,2.75,0.0,-1.04999995231628,2.6949999332428,0.0,5.89999961853027,-1.34908008575439,1.20473492145538,10.1852684020996,-0.98844140768051,1.09730041027069,9.80312061309814,"(-0.988441, 1.0973, 9.803121)",truck body CS,6.01410818099976,0.1,-1.34908008575439,1.20473492145538,10.1852684020996,-0.00102246595769,-179.533434786753,-0.00001025744986
343,left road,343,2.79499983787537,0.0,5.89999961853027,2.84999990463257,0.0,-1.04999995231628,2.79499983787537,0.0,5.89999961853027,-1.34908008575439,1.20473492145538,10.1852684020996,-0.9563530087471,1.09056425094604,9.77916049957275,"(-0.956353, 1.090564, 9.77916)",truck body CS,6.0818018913269,0.1,-1.34908008575439,1.20473492145538,10.1852684020996,-0.00102246595769,-179.533434786753,-0.00001025744986
344,left road,344,2.89499998092651,0.0,5.89999961853027,2.95000004768372,0.0,-1.04999995231628,2.89499998092651,0.0,5.89999961853027,-1.34908008575439,1.20473492145538,10.1852684020996,-0.95712447166443,1.09347331523895,9.78950786590576,"(-0.957124, 1.093473, 9.789508)",truck body CS,6.15037631988525,0.1,-1.34908008575439,1.20473492145538,10.1852684020996,-0.00102246595769,-179.533434786753,-0.00001025744986
345,left road,345,2.99499988555908,0.0,5.89999961853027,3.04999995231628,0.0,-1.04999995231628,2.99499988555908,0.0,5.89999961853027,-1.34908008575439,1.20473492145538,10.1852684020996,-0.95831173658371,1.09636378288269,9.79978942871094,"(-0.958312, 1.096364, 9.799789)",truck body CS,6.21980237960815,0.1,-1.34908008575439,1.20473492145538,10.1852684020996,-0.00102246595769,-179.533434786753,-0.00001025744986
346,left road,346,3.09500002861023,0.0,5.89999961853027,3.15000009536743,0.0,-1.04999995231628,3.09500002861023,0.0,5.89999961853027,-1.34908008575439,1.20473492145538,10.1852684020996,-0.95943766832352,1.09910750389099,9.80954933166504,"(-0.959438, 1.099108, 9.809549)",truck body CS,6.29005289077759,0.1,-1.34908008575439,1.20473492145538,10.1852684020996,-0.00102246595769,-179.533434786753,-0.00001025744986
347,left road,347,3.1949999332428,0.0,5.89999961853027,3.25,0.0,-1.04999995231628,3.1949999332428,0.0,5.89999961853027,-1.34908008575439,1.20473492145538,10.1852684020996,-0.96050924062729,1.10171627998352,9.81882858276367,"(-0.960509, 1.101716, 9.818829)",truck body CS,6.3610987663269,0.1,-1.34908008575439,1.20473492145538,10.1852684020996,-0.00102246595769,-179.533434786753,-0.00001025744986
348,left road,348,3.29499983787537,0.0,5.89999961853027,3.34999990463257,0.0,-1.04999995231628,3.29499983787537,0.0,5.89999961853027,-1.34908008575439,1.20473492145538,10.1852684020996,-0.96140259504318,1.10416626930237,9.82754325866699,"(-0.961403, 1.104166, 9.827543)",truck body CS,6.43291473388672,0.1,-1.34908008575439,1.20473492145538,10.1852684020996,-0.00102246595769,-179.533434786753,-0.00001025744986
349,left road,349,3.39499998092651,0.0,5.89999961853027,3.45000004768372,0.0,-1.04999995231628,3.39499998092651,0.0,5.89999961853027,-1.34908008575439,1.20473492145538,10.1852684020996,-0.96220594644547,1.10649013519287,9.83580875396729,"(-0.962206, 1.10649, 9.835809)",truck body CS,6.50547552108765,0.1,-1.34908008575439,1.20473492145538,10.1852684020996,-0.00102246595769,-179.533434786753,-0.00001025744986
350,left road,350,-3.50500011444092,0.0,6.0,-3.45000004768372,0.0,-0.94999998807907,-3.50500011444092,0.0,6.0,-1.34908008575439,1.20473492145538,10.1852684020996,-2.48951172828674,0.56745803356171,7.97135782241821,"(-2.489512, 0.567458, 7.971358)",truck body CS,4.85961389541626,0.1,-1.34908008575439,1.20473492145538,10.1852684020996,-0.00102246595769,-179.533434786753,-0.00001025744986
351,left road,351,-3.40499997138977,0.0,6.0,-3.34999990463257,0.0,-0.94999998807907,-3.40499997138977,0.0,6.0,-1.34908008575439,1.20473492145538,10.1852684020996,-2.44856405258179,0.56045538187027,7.94703102111816,"(-2.448564, 0.560455, 7.947031)",truck body CS,4.81608390808105,0.1,-1.34908008575439,1.20473492145538,10.1852684020996,-0.00102246595769,-179.533434786753,-0.00001025744986
352,left road,352,-3.3050000667572,0.0,6.0,-3.25,0.0,-0.94999998807907,-3.3050000667572,0.0,6.0,-1.34908008575439,1.20473492145538,10.1852684020996,-2.40518283843994,0.55423593521118,7.92542409896851,"(-2.405183, 0.554236, 7.925424)",truck body CS,4.77425193786621,0.1,-1.34908008575439,1.20473492145538,10.1852684020996,-0.00102246595769,-179.533434786753,-0.00001025744986
353,left road,353,-3.20500016212463,0.0,6.0,-3.15000009536743,0.0,-0.94999998807907,-3.20500016212463,0.0,6.0,-1.34908008575439,1.20473492145538,10.1852684020996,-2.36016750335693,0.54840666055679,7.90517330169678,"(-2.360168, 0.548407, 7.905173)",truck body CS,4.7341628074646,0.1,-1.34908008575439,1.20473492145538,10.1852684020996,-0.00102246595769,-179.533434786753,-0.00001025744986
354,left road,354,-3.10500001907349,0.0,6.0,-3.04999995231628,0.0,-0.94999998807907,-3.10500001907349,0.0,6.0,-1.34908008575439,1.20473492145538,10.1852684020996,-2.31251573562622,0.54372245073318,7.88889980316162,"(-2.312516, 0.543722, 7.8889)",truck body CS,4.69586133956909,0.1,-1.34908008575439,1.20473492145538,10.1852684020996,-0.00102246595769,-179.533434786753,-0.00001025744986
355,left road,355,-3.00500011444092,0.0,6.0,-2.95000004768372,0.0,-0.94999998807907,-3.00500011444092,0.0,6.0,-1.34908008575439,1.20473492145538,10.1852684020996,-2.26285004615784,0.53993779420853,7.87575244903564,"(-2.26285, 0.539938, 7.875752)",truck body CS,4.65939140319824,0.1,-1.34908008575439,1.20473492145538,10.1852684020996,-0.00102246595769,-179.533434786753,-0.00001025744986
356,left road,356,-2.90499997138977,0.0,6.0,-2.84999990463257,0.0,-0.94999998807907,-2.90499997138977,0.0,6.0,-1.34908008575439,1.20473492145538,10.1852684020996,-2.2119562625885,0.53661733865738,7.86421680450439,"(-2.211956, 0.536617, 7.864217)",truck body CS,4.62479686737061,0.1,-1.34908008575439,1.20473492145538,10.1852684020996,-0.00102246595769,-179.533434786753,-0.00001025744986
357,left road,357,-2.8050000667572,0.0,6.0,-2.75,0.0,-0.94999998807907,-2.8050000667572,0.0,6.0,-1.34908008575439,1.20473492145538,10.1852684020996,-2.16015815734863,0.53358936309814,7.85369777679443,"(-2.160158, 0.533589, 7.853698)",truck body CS,4.59211921691895,0.1,-1.34908008575439,1.20473492145538,10.1852684020996,-0.00102246595769,-179.533434786753,-0.00001025744986
358,left road,358,-2.70500016212463,0.0,6.0,-2.65000009536743,0.0,-0.94999998807907,-2.70500016212463,0.0,6.0,-1.34908008575439,1.20473492145538,10.1852684020996,-2.10733723640442,0.53102332353592,7.84478282928467,"(-2.107337, 0.531023, 7.844783)",truck body CS,4.56140089035034,0.1,-1.34908008575439,1.20473492145538,10.1852684020996,-0.00102246595769,-179.533434786753,-0.00001025744986
359,left road,359,-2.60500001907349,0.0,6.0,-2.54999995231628,0.0,-0.94999998807907,-2.60500001907349,0.0,6.0,-1.34908008575439,1.20473492145538,10.1852684020996,-2.05397033691406,0.52857226133347,7.83626842498779,"(-2.05397, 0.528572, 7.836268)",truck body CS,4.53268051147461,0.1,-1.34908008575439,1.20473492145538,10.1852684020996,-0.00102246595769,-179.533434786753,-0.00001025744986
360,left road,360,-2.50500011444092,0.0,6.0,-2.45000004768372,0.0,-0.94999998807907,-2.50500011444092,0.0,6.0,-1.34908008575439,1.20473492145538,10.1852684020996,-1.99984836578369,0.52648437023163,7.82901477813721,"(-1.999848, 0.526484, 7.829015)",truck body CS,4.50599718093872,0.1,-1.34908008575439,1.20473492145538,10.1852684020996,-0.00102246595769,-179.533434786753,-0.00001025744986
361,left road,361,-2.40499997138977,0.0,6.0,-2.34999990463257,0.0,-0.94999998807907,-2.40499997138977,0.0,6.0,-1.34908008575439,1.20473492145538,10.1852684020996,-1.94496119022369,0.5248738527298,7.82341957092285,"(-1.944961, 0.524874, 7.82342)",truck body CS,4.48138666152954,0.1,-1.34908008575439,1.20473492145538,10.1852684020996,-0.00102246595769,-179.533434786753,-0.00001025744986
362,left road,362,-2.3050000667572,0.0,6.0,-2.25,0.0,-0.94999998807907,-2.3050000667572,0.0,6.0,-1.34908008575439,1.20473492145538,10.1852684020996,-1.88974833488464,0.52333682775497,7.81807994842529,"(-1.889748, 0.523337, 7.81808)",truck body CS,4.45888328552246,0.1,-1.34908008575439,1.20473492145538,10.1852684020996,-0.00102246595769,-179.533434786753,-0.00001025744986
363,left road,363,-2.20500016212463,0.0,6.0,-2.15000009536743,0.0,-0.94999998807907,-2.20500016212463,0.0,6.0,-1.34908008575439,1.20473492145538,10.1852684020996,-1.83386301994324,0.52238744497299,7.81478214263916,"(-1.833863, 0.522387, 7.814782)",truck body CS,4.43851947784424,0.1,-1.34908008575439,1.20473492145538,10.1852684020996,-0.00102246595769,-179.533434786753,-0.00001025744986
364,left road,364,-2.10500001907349,0.0,6.0,-2.04999995231628,0.0,-0.94999998807907,-2.10500001907349,0.0,6.0,-1.34908008575439,1.20473492145538,10.1852684020996,-1.77755928039551,0.52185314893723,7.81292581558228,"(-1.777559, 0.521853, 7.812926)",truck body CS,4.42032480239868,0.1,-1.34908008575439,1.20473492145538,10.1852684020996,-0.00102246595769,-179.533434786753,-0.00001025744986
365,left road,365,-2.00500011444092,0.0,6.0,-1.95000004768372,0.0,-0.94999998807907,-2.00500011444092,0.0,6.0,-1.34908008575439,1.20473492145538,10.1852684020996,-1.72090637683868,0.52179783582687,7.81273365020752,"(-1.720906, 0.521798, 7.812734)",truck body CS,4.40432596206665,0.1,-1.34908008575439,1.20473492145538,10.1852684020996,-0.00102246595769,-179.533434786753,-0.00001025744986
366,left road,366,-1.90499997138977,0.0,6.0,-1.85000002384186,0.0,-0.94999998807907,-1.90499997138977,0.0,6.0,-1.34908008575439,1.20473492145538,10.1852684020996,-1.66407370567322,0.52211153507233,7.81382322311401,"(-1.664074, 0.522112, 7.813823)",truck body CS,4.39054727554321,0.1,-1.34908008575439,1.20473492145538,10.1852684020996,-0.00102246595769,-179.533434786753,-0.00001025744986
367,left road,367,-1.80499994754791,0.0,6.0,-1.75,0.0,-0.94999998807907,-1.80499994754791,0.0,6.0,-1.34908008575439,1.20473492145538,10.1852684020996,-1.60707211494446,0.52300959825516,7.81694316864014,"(-1.607072, 0.52301, 7.816943)",truck body CS,4.37900924682617,0.1,-1.34908008575439,1.20473492145538,10.1852684020996,-0.00102246595769,-179.533434786753,-0.00001025744986
368,left road,368,-1.70499992370605,0.0,6.0,-1.64999997615814,0.0,-0.94999998807907,-1.70499992370605,0.0,6.0,-1.34908008575439,1.20473492145538,10.1852684020996,-1.55010437965393,0.52429759502411,7.82141780853271,"(-1.550104, 0.524298, 7.821418)",truck body CS,4.36972951889038,0.1,-1.34908008575439,1.20473492145538,10.1852684020996,-0.00102246595769,-179.533434786753,-0.00001025744986
369,left road,369,-1.6049998998642,0.0,6.0,-1.54999995231628,0.0,-0.94999998807907,-1.6049998998642,0.0,6.0,-1.34908008575439,1.20473492145538,10.1852684020996,-1.49330139160156,0.5258172750473,7.82669734954834,"(-1.493301, 0.525817, 7.826697)",truck body CS,4.3627233505249,0.1,-1.34908008575439,1.20473492145538,10.1852684020996,-0.00102246595769,-179.533434786753,-0.00001025744986
370,left road,370,-1.50499999523163,0.0,6.0,-1.45000004768372,0.0,-0.94999998807907,-1.50499999523163,0.0,6.0,-1.34908008575439,1.20473492145538,10.1852684020996,-1.43669509887695,0.52776604890823,7.83346700668335,"(-1.436695, 0.527766, 7.833467)",truck body CS,4.3580002784729,0.1,-1.34908008575439,1.20473492145538,10.1852684020996,-0.00102246595769,-179.533434786753,-0.00001025744986
371,left road,371,-1.40499997138977,0.0,6.0,-1.35000002384186,0.0,-0.94999998807907,-1.40499997138977,0.0,6.0,-1.34908008575439,1.20473492145538,10.1852684020996,-1.38039064407349,0.53018313646317,7.84186458587646,"(-1.380391, 0.530183, 7.841865)",truck body CS,4.35556936264038,0.1,-1.34908008575439,1.20473492145538,10.1852684020996,-0.00102246595769,-179.533434786753,-0.00001025744986
372,left road,372,-1.30499994754791,0.0,6.0,-1.25,0.0,-0.94999998807907,-1.30499994754791,0.0,6.0,-1.34908008575439,1.20473492145538,10.1852684020996,-1.32450246810913,0.53301364183426,7.85169792175293,"(-1.324502, 0.533014, 7.851698)",truck body CS,4.35543346405029,0.1,-1.34908008575439,1.20473492145538,10.1852684020996,-0.00102246595769,-179.533434786753,-0.00001025744986
373,left road,373,-1.20499992370605,0.0,6.0,-1.14999997615814,0.0,-0.94999998807907,-1.20499992370605,0.0,6.0,-1.34908008575439,1.20473492145538,10.1852684020996,-1.26911926269531,0.53613716363907,7.862548828125,"(-1.269119, 0.536137, 7.862549)",truck body CS,4.35759305953979,0.1,-1.34908008575439,1.20473492145538,10.1852684020996,-0.00102246595769,-179.533434786753,-0.00001025744986
374,left road,374,-1.1049998998642,0.0,6.0,-1.04999995231628,0.0,-0.94999998807907,-1.1049998998642,0.0,6.0,-1.34908008575439,1.20473492145538,10.1852684020996,-1.21433293819427,0.53964775800705,7.8747444152832,"(-1.214333, 0.539648, 7.874744)",truck body CS,4.36204481124878,0.1,-1.34908008575439,1.20473492145538,10.1852684020996,-0.00102246595769,-179.533434786753,-0.00001025744986
375,left road,375,-1.00499999523163,0.0,6.0,-0.94999998807907,0.0,-0.94999998807907,-1.00499999523163,0.0,6.0,-1.34908008575439,1.20473492145538,10.1852684020996,-1.16043734550476,0.54423612356186,7.89068460464478,"(-1.160437, 0.544236, 7.890685)",truck body CS,4.36878108978271,0.1,-1.34908008575439,1.20473492145538,10.1852684020996,-0.00102246595769,-179.533434786753,-0.00001025744986
376,left road,376,-0.90500003099442,0.0,6.0,-0.85000002384186,0.0,-0.94999998807907,-0.90500003099442,0.0,6.0,-1.34908008575439,1.20473492145538,10.1852684020996,-1.10784649848938,0.55029785633087,7.9117431640625,"(-1.107846, 0.550298, 7.911743)",truck body CS,4.37779235839844,0.1,-1.34908008575439,1.20473492145538,10.1852684020996,-0.00102246595769,-179.533434786753,-0.00001025744986
377,left road,377,-0.80500000715256,0.0,6.0,-0.75,0.0,-0.94999998807907,-0.80500000715256,0.0,6.0,-1.34908008575439,1.20473492145538,10.1852684020996,-1.05670142173767,0.55733239650726,7.93618106842041,"(-1.056701, 0.557332, 7.936181)",truck body CS,4.38906383514404,0.1,-1.34908008575439,1.20473492145538,10.1852684020996,-0.00102246595769,-179.533434786753,-0.00001025744986
378,left road,378,-0.7049999833107,0.0,6.0,-0.64999997615814,0.0,-0.94999998807907,-0.7049999833107,0.0,6.0,-1.34908008575439,1.20473492145538,10.1852684020996,-1.00734353065491,0.5655255317688,7.96464443206787,"(-1.007344, 0.565526, 7.964644)",truck body CS,4.40257835388184,0.1,-1.34908008575439,1.20473492145538,10.1852684020996,-0.00102246595769,-179.533434786753,-0.00001025744986
379,left road,379,-0.60500001907349,0.0,6.0,-0.55000001192093,0.0,-0.94999998807907,-0.60500001907349,0.0,6.0,-1.34908008575439,1.20473492145538,10.1852684020996,-0.96461194753647,0.58224523067474,8.02272891998291,"(-0.964612, 0.582245, 8.022729)",truck body CS,4.41831541061401,0.1,-1.34908008575439,1.20473492145538,10.1852684020996,-0.00102246595769,-179.533434786753,-0.00001025744986
380,left road,380,-0.50499999523163,0.0,6.0,-0.44999998807907,0.0,-0.94999998807907,-0.50499999523163,0.0,6.0,-1.34908008575439,1.20473492145538,10.1852684020996,-0.93076741695404,0.60768747329712,8.11111545562744,"(-0.930767, 0.607687, 8.111115)",truck body CS,4.43625164031982,0.1,-1.34908008575439,1.20473492145538,10.1852684020996,-0.00102246595769,-179.533434786753,-0.00001025744986
381,left road,381,-0.40500000119209,0.0,6.0,-0.34999999403954,0.0,-0.94999998807907,-0.40500000119209,0.0,6.0,-1.34908008575439,1.20473492145538,10.1852684020996,-0.9063458442688,0.63976442813873,8.2225513458252,"(-0.906346, 0.639764, 8.222551)",truck body CS,4.45636034011841,0.1,-1.34908008575439,1.20473492145538,10.1852684020996,-0.00102246595769,-179.533434786753,-0.00001025744986
382,left road,382,-0.30500000715256,0.0,6.0,-0.25,0.0,-0.94999998807907,-0.30500000715256,0.0,6.0,-1.34908008575439,1.20473492145538,10.1852684020996,-0.88728493452072,0.67188227176666,8.33412933349609,"(-0.887285, 0.671882, 8.334129)",truck body CS,4.4786114692688,0.1,-1.34908008575439,1.20473492145538,10.1852684020996,-0.00102246595769,-179.533434786753,-0.00001025744986
383,left road,383,-0.20500001311302,0.0,6.0,-0.15000000596046,0.0,-0.94999998807907,-0.20500001311302,0.0,6.0,-1.34908008575439,1.20473492145538,10.1852684020996,-0.87013912200928,0.70040237903595,8.43320846557617,"(-0.870139, 0.700402, 8.433208)",truck body CS,4.50297403335571,0.1,-1.34908008575439,1.20473492145538,10.1852684020996,-0.00102246595769,-179.533434786753,-0.00001025744986
384,left road,384,-0.10500000417233,0.0,6.0,-0.05000000074506,0.0,-0.94999998807907,-0.10500000417233,0.0,6.0,-1.34908008575439,1.20473492145538,10.1852684020996,-0.85863041877747,0.72979617118835,8.53532314300537,"(-0.85863, 0.729796, 8.535323)",truck body CS,4.52941417694092,0.1,-1.34908008575439,1.20473492145538,10.1852684020996,-0.00102246595769,-179.533434786753,-0.00001025744986
385,left road,385,-0.00499999895692,0.0,6.0,0.05000000074506,0.0,-0.94999998807907,-0.00499999895692,0.0,6.0,-1.34908008575439,1.20473492145538,10.1852684020996,-0.85401374101639,0.76099371910095,8.64370346069336,"(-0.854014, 0.760994, 8.643703)",truck body CS,4.55789518356323,0.1,-1.34908008575439,1.20473492145538,10.1852684020996,-0.00102246595769,-179.533434786753,-0.00001025744986
386,left road,386,0.09500000625849,0.0,6.0,0.15000000596046,0.0,-0.94999998807907,0.09500000625849,0.0,6.0,-1.34908008575439,1.20473492145538,10.1852684020996,-0.85330241918564,0.79112863540649,8.74839305877686,"(-0.853302, 0.791129, 8.748393)",truck body CS,4.58837938308716,0.1,-1.34908008575439,1.20473492145538,10.1852684020996,-0.00102246595769,-179.533434786753,-0.00001025744986
387,left road,387,0.19499999284744,0.0,6.0,0.25,0.0,-0.94999998807907,0.19499999284744,0.0,6.0,-1.34908008575439,1.20473492145538,10.1852684020996,-0.85298037528992,0.81766390800476,8.840576171875,"(-0.85298, 0.817664, 8.840576)",truck body CS,4.62082672119141,0.1,-1.34908008575439,1.20473492145538,10.1852684020996,-0.00102246595769,-179.533434786753,-0.00001025744986
388,left road,388,0.29499998688698,0.0,6.0,0.34999999403954,0.0,-0.94999998807907,0.29499998688698,0.0,6.0,-1.34908008575439,1.20473492145538,10.1852684020996,-0.86086487770081,0.84698474407196,8.94243812561035,"(-0.860865, 0.846985, 8.942438)",truck body CS,4.65519666671753,0.1,-1.34908008575439,1.20473492145538,10.1852684020996,-0.00102246595769,-179.533434786753,-0.00001025744986
389,left road,389,0.39499998092651,0.0,6.0,0.44999998807907,0.0,-0.94999998807907,0.39499998092651,0.0,6.0,-1.34908008575439,1.20473492145538,10.1852684020996,-0.86648017168045,0.87137591838837,9.02717304229736,"(-0.86648, 0.871376, 9.027173)",truck body CS,4.69144678115845,0.1,-1.34908008575439,1.20473492145538,10.1852684020996,-0.00102246595769,-179.533434786753,-0.00001025744986
390,left road,390,0.49500000476837,0.0,6.0,0.55000001192093,0.0,-0.94999998807907,0.49500000476837,0.0,6.0,-1.34908008575439,1.20473492145538,10.1852684020996,-0.90991425514221,0.91782855987549,9.18854999542236,"(-0.909914, 0.917829, 9.18855)",truck body CS,4.72953367233276,0.1,-1.34908008575439,1.20473492145538,10.1852684020996,-0.00102246595769,-179.533434786753,-0.00001025744986
391,left road,391,0.59499996900558,0.0,6.0,0.64999997615814,0.0,-0.94999998807907,0.59499996900558,0.0,6.0,-1.34908008575439,1.20473492145538,10.1852684020996,-0.90071421861649,0.92688524723053,9.22001361846924,"(-0.900714, 0.926885, 9.220014)",truck body CS,4.76941347122192,0.1,-1.34908008575439,1.20473492145538,10.1852684020996,-0.00102246595769,-179.533434786753,-0.00001025744986
392,left road,392,0.69499999284744,0.0,6.0,0.75,0.0,-0.94999998807907,0.69499999284744,0.0,6.0,-1.34908008575439,1.20473492145538,10.1852684020996,-0.85236465930939,0.91198194026947,9.16823959350586,"(-0.852365, 0.911982, 9.16824)",truck body CS,4.81104183197021,0.1,-1.34908008575439,1.20473492145538,10.1852684020996,-0.00102246595769,-179.533434786753,-0.00001025744986
393,left road,393,0.7950000166893,0.0,6.0,0.85000002384186,0.0,-0.94999998807907,0.7950000166893,0.0,6.0,-1.34908008575439,1.20473492145538,10.1852684020996,-0.85156786441803,0.92518830299377,9.21411800384521,"(-0.851568, 0.925188, 9.214118)",truck body CS,4.85437297821045,0.1,-1.34908008575439,1.20473492145538,10.1852684020996,-0.00102246595769,-179.533434786753,-0.00001025744986
394,left road,394,0.89499998092651,0.0,6.0,0.94999998807907,0.0,-0.94999998807907,0.89499998092651,0.0,6.0,-1.34908008575439,1.20473492145538,10.1852684020996,-0.87632870674133,0.95093822479248,9.30357360839844,"(-0.876329, 0.950938, 9.303574)",truck body CS,4.89936256408691,0.1,-1.34908008575439,1.20473492145538,10.1852684020996,-0.00102246595769,-179.533434786753,-0.00001025744986
395,left road,395,0.99499994516373,0.0,6.0,1.04999995231628,0.0,-0.94999998807907,0.99499994516373,0.0,6.0,-1.34908008575439,1.20473492145538,10.1852684020996,-0.87575966119766,0.96147292852402,9.34017181396484,"(-0.87576, 0.961473, 9.340172)",truck body CS,4.94596481323242,0.1,-1.34908008575439,1.20473492145538,10.1852684020996,-0.00102246595769,-179.533434786753,-0.00001025744986
396,left road,396,1.09500002861023,0.0,6.0,1.14999997615814,0.0,-0.94999998807907,1.09500002861023,0.0,6.0,-1.34908008575439,1.20473492145538,10.1852684020996,-0.87554305791855,0.97131931781769,9.3743782043457,"(-0.875543, 0.971319, 9.374378)",truck body CS,4.9941349029541,0.1,-1.34908008575439,1.20473492145538,10.1852684020996,-0.00102246595769,-179.533434786753,-0.00001025744986
397,left road,397,1.19500005245209,0.0,6.0,1.25,0.0,-0.94999998807907,1.19500005245209,0.0,6.0,-1.34908008575439,1.20473492145538,10.1852684020996,-0.87771290540695,0.98152148723602,9.40982055664063,"(-0.877713, 0.981521, 9.409821)",truck body CS,5.04382801055908,0.1,-1.34908008575439,1.20473492145538,10.1852684020996,-0.00102246595769,-179.533434786753,-0.00001025744986
398,left road,398,1.29500007629395,0.0,6.0,1.35000002384186,0.0,-0.94999998807907,1.29500007629395,0.0,6.0,-1.34908008575439,1.20473492145538,10.1852684020996,-0.88532984256744,0.99343419075012,9.45120525360107,"(-0.88533, 0.993434, 9.451205)",truck body CS,5.09499931335449,0.1,-1.34908008575439,1.20473492145538,10.1852684020996,-0.00102246595769,-179.533434786753,-0.00001025744986
399,left road,399,1.3950001001358,0.0,6.0,1.45000004768372,0.0,-0.94999998807907,1.3950001001358,0.0,6.0,-1.34908008575439,1.20473492145538,10.1852684020996,-0.89904004335403,1.00715363025665,9.49886703491211,"(-0.89904, 1.007154, 9.498867)",truck body CS,5.14760446548462,0.1,-1.34908008575439,1.20473492145538,10.1852684020996,-0.00102246595769,-179.533434786753,-0.00001025744986
400,left road,400,1.49500000476837,0.0,6.0,1.54999995231628,0.0,-0.94999998807907,1.49500000476837,0.0,6.0,-1.34908008575439,1.20473492145538,10.1852684020996,-0.91066890954971,1.01902663707733,9.540114402771,"(-0.910669, 1.019027, 9.540114)",truck body CS,5.20160055160522,0.1,-1.34908008575439,1.20473492145538,10.1852684020996,-0.00102246595769,-179.533434786753,-0.00001025744986
401,left road,401,1.59500002861023,0.0,6.0,1.64999997615814,0.0,-0.94999998807907,1.59500002861023,0.0,6.0,-1.34908008575439,1.20473492145538,10.1852684020996,-0.91880410909653,1.02866339683533,9.57359218597412,"(-0.918804, 1.028663, 9.573592)",truck body CS,5.25694465637207,0.1,-1.34908008575439,1.20473492145538,10.1852684020996,-0.00102246595769,-179.533434786753,-0.00001025744986
402,left road,402,1.69500005245209,0.0,6.0,1.75,0.0,-0.94999998807907,1.69500005245209,0.0,6.0,-1.34908008575439,1.20473492145538,10.1852684020996,-0.9264902472496,1.0374892950058,9.6042537689209,"(-0.92649, 1.037489, 9.604254)",truck body CS,5.31359434127808,0.1,-1.34908008575439,1.20473492145538,10.1852684020996,-0.00102246595769,-179.533434786753,-0.00001025744986
403,left road,403,1.79500007629395,0.0,6.0,1.85000002384186,0.0,-0.94999998807907,1.79500007629395,0.0,6.0,-1.34908008575439,1.20473492145538,10.1852684020996,-1.31128668785095,1.19025337696075,10.1349592208862,"(-1.311287, 1.190253, 10.13496)",EyeArea,5.37150812149048,0.1,-1.34908008575439,1.20473492145538,10.1852684020996,-0.00102246595769,-179.533434786753,-0.00001025744986
404,left road,404,1.8950001001358,0.0,6.0,1.95000004768372,0.0,-0.94999998807907,1.8950001001358,0.0,6.0,-1.34908008575439,1.20473492145538,10.1852684020996,-1.03535413742065,1.08822846412659,9.78052234649658,"(-1.035354, 1.088228, 9.780522)",truck body CS,5.43064594268799,0.1,-1.34908008575439,1.20473492145538,10.1852684020996,-0.00102246595769,-179.533434786753,-0.00001025744986
405,left road,405,1.99500000476837,0.0,6.0,2.04999995231628,0.0,-0.94999998807907,1.99500000476837,0.0,6.0,-1.34908008575439,1.20473492145538,10.1852684020996,-1.02460050582886,1.0878381729126,9.77916717529297,"(-1.024601, 1.087838, 9.779167)",truck body CS,5.49096822738647,0.1,-1.34908008575439,1.20473492145538,10.1852684020996,-0.00102246595769,-179.533434786753,-0.00001025744986
406,left road,406,2.09500002861023,0.0,6.0,2.15000009536743,0.0,-0.94999998807907,2.09500002861023,0.0,6.0,-1.34908008575439,1.20473492145538,10.1852684020996,-1.01424181461334,1.0876088142395,9.77836990356445,"(-1.014242, 1.087609, 9.77837)",truck body CS,5.55243587493896,0.1,-1.34908008575439,1.20473492145538,10.1852684020996,-0.00102246595769,-179.533434786753,-0.00001025744986
407,left road,407,2.1949999332428,0.0,6.0,2.25,0.0,-0.94999998807907,2.1949999332428,0.0,6.0,-1.34908008575439,1.20473492145538,10.1852684020996,-1.30644488334656,1.19024205207825,10.1349201202393,"(-1.306445, 1.190242, 10.13492)",EyeArea,5.61501216888428,0.1,-1.34908008575439,1.20473492145538,10.1852684020996,-0.00102246595769,-179.533434786753,-0.00001025744986
408,left road,408,2.29499983787537,0.0,6.0,2.34999990463257,0.0,-0.94999998807907,2.29499983787537,0.0,6.0,-1.34908008575439,1.20473492145538,10.1852684020996,-0.99572902917862,1.08791673183441,9.77943992614746,"(-0.995729, 1.087917, 9.77944)",truck body CS,5.67865991592407,0.1,-1.34908008575439,1.20473492145538,10.1852684020996,-0.00102246595769,-179.533434786753,-0.00001025744986
409,left road,409,2.39499998092651,0.0,6.0,2.45000004768372,0.0,-0.94999998807907,2.39499998092651,0.0,6.0,-1.34908008575439,1.20473492145538,10.1852684020996,-0.98548412322998,1.08774018287659,9.77882671356201,"(-0.985484, 1.08774, 9.778827)",truck body CS,5.74334335327148,0.1,-1.34908008575439,1.20473492145538,10.1852684020996,-0.00102246595769,-179.533434786753,-0.00001025744986
410,left road,410,2.49499988555908,0.0,6.0,2.54999995231628,0.0,-0.94999998807907,2.49499988555908,0.0,6.0,-1.34908008575439,1.20473492145538,10.1852684020996,-0.9750417470932,1.08751106262207,9.77803039550781,"(-0.975042, 1.087511, 9.77803)",truck body CS,5.80902814865112,0.1,-1.34908008575439,1.20473492145538,10.1852684020996,-0.00102246595769,-179.533434786753,-0.00001025744986
411,left road,411,2.59500002861023,0.0,6.0,2.65000009536743,0.0,-0.94999998807907,2.59500002861023,0.0,6.0,-1.34908008575439,1.20473492145538,10.1852684020996,-0.96466737985611,1.0873144865036,9.77734756469727,"(-0.964667, 1.087314, 9.777348)",truck body CS,5.87568092346191,0.1,-1.34908008575439,1.20473492145538,10.1852684020996,-0.00102246595769,-179.533434786753,-0.00001025744986
412,left road,412,2.6949999332428,0.0,6.0,2.75,0.0,-0.94999998807907,2.6949999332428,0.0,6.0,-1.34908008575439,1.20473492145538,10.1852684020996,-0.95584791898727,1.08759081363678,9.77830696105957,"(-0.955848, 1.087591, 9.778307)",truck body CS,5.94326877593994,0.1,-1.34908008575439,1.20473492145538,10.1852684020996,-0.00102246595769,-179.533434786753,-0.00001025744986
413,left road,413,2.79499983787537,0.0,6.0,2.84999990463257,0.0,-0.94999998807907,2.79499983787537,0.0,6.0,-1.34908008575439,1.20473492145538,10.1852684020996,-0.9558213353157,1.09040975570679,9.78810024261475,"(-0.955821, 1.09041, 9.7881)",truck body CS,6.01175975799561,0.1,-1.34908008575439,1.20473492145538,10.1852684020996,-0.00102246595769,-179.533434786753,-0.00001025744986
414,left road,414,2.89499998092651,0.0,6.0,2.95000004768372,0.0,-0.94999998807907,2.89499998092651,0.0,6.0,-1.34908008575439,1.20473492145538,10.1852684020996,-0.95707529783249,1.09345936775208,9.7986946105957,"(-0.957075, 1.093459, 9.798695)",truck body CS,6.0811243057251,0.1,-1.34908008575439,1.20473492145538,10.1852684020996,-0.00102246595769,-179.533434786753,-0.00001025744986
415,left road,415,2.99499988555908,0.0,6.0,3.04999995231628,0.0,-0.94999998807907,2.99499988555908,0.0,6.0,-1.34908008575439,1.20473492145538,10.1852684020996,-0.95826363563538,1.09635043144226,9.80873870849609,"(-0.958264, 1.09635, 9.808739)",truck body CS,6.15133237838745,0.1,-1.34908008575439,1.20473492145538,10.1852684020996,-0.00102246595769,-179.533434786753,-0.00001025744986
416,left road,416,3.09500002861023,0.0,6.0,3.15000009536743,0.0,-0.94999998807907,3.09500002861023,0.0,6.0,-1.34908008575439,1.20473492145538,10.1852684020996,-0.95939111709595,1.09909498691559,9.81827259063721,"(-0.959391, 1.099095, 9.818273)",truck body CS,6.22235536575317,0.1,-1.34908008575439,1.20473492145538,10.1852684020996,-0.00102246595769,-179.533434786753,-0.00001025744986
417,left road,417,3.1949999332428,0.0,6.0,3.25,0.0,-0.94999998807907,3.1949999332428,0.0,6.0,-1.34908008575439,1.20473492145538,10.1852684020996,-0.96038836240768,1.10168433189392,9.82726860046387,"(-0.960388, 1.101684, 9.827269)",truck body CS,6.29416513442993,0.1,-1.34908008575439,1.20473492145538,10.1852684020996,-0.00102246595769,-179.533434786753,-0.00001025744986
418,left road,418,3.29499983787537,0.0,6.0,3.34999990463257,0.0,-0.94999998807907,3.29499983787537,0.0,6.0,-1.34908008575439,1.20473492145538,10.1852684020996,-0.96123540401459,1.10412287712097,9.8357400894165,"(-0.961235, 1.104123, 9.83574)",truck body CS,6.3667368888855,0.1,-1.34908008575439,1.20473492145538,10.1852684020996,-0.00102246595769,-179.533434786753,-0.00001025744986
419,left road,419,3.39499998092651,0.0,6.0,3.45000004768372,0.0,-0.94999998807907,3.39499998092651,0.0,6.0,-1.34908008575439,1.20473492145538,10.1852684020996,-0.96204394102097,1.10644888877869,9.84382057189941,"(-0.962044, 1.106449, 9.843821)",truck body CS,6.4400429725647,0.1,-1.34908008575439,1.20473492145538,10.1852684020996,-0.00102246595769,-179.533434786753,-0.00001025744986
420,left road,420,-3.50500011444092,0.0,6.09999990463257,-3.45000004768372,0.0,-0.85000002384186,-3.50500011444092,0.0,6.09999990463257,-1.34908008575439,1.20473492145538,10.1852684020996,-2.50733661651611,0.55749750137329,7.99047899246216,"(-2.507337, 0.557498, 7.990479)",truck body CS,4.77376127243042,0.1,-1.34908008575439,1.20473492145538,10.1852684020996,-0.00102246595769,-179.533434786753,-0.00001025744986
421,left road,421,-3.40499997138977,0.0,6.09999990463257,-3.34999990463257,0.0,-0.85000002384186,-3.40499997138977,0.0,6.09999990463257,-1.34908008575439,1.20473492145538,10.1852684020996,-2.46892166137695,0.54852622747421,7.96005725860596,"(-2.468922, 0.548526, 7.960057)",truck body CS,4.72944068908691,0.1,-1.34908008575439,1.20473492145538,10.1852684020996,-0.00102246595769,-179.533434786753,-0.00001025744986
422,left road,422,-3.3050000667572,0.0,6.09999990463257,-3.25,0.0,-0.85000002384186,-3.3050000667572,0.0,6.09999990463257,-1.34908008575439,1.20473492145538,10.1852684020996,-2.42698335647583,0.54080802202225,7.9338846206665,"(-2.426983, 0.540808, 7.933885)",truck body CS,4.68683528900146,0.1,-1.34908008575439,1.20473492145538,10.1852684020996,-0.00102246595769,-179.533434786753,-0.00001025744986
423,left road,423,-3.20500016212463,0.0,6.09999990463257,-3.15000009536743,0.0,-0.85000002384186,-3.20500016212463,0.0,6.09999990463257,-1.34908008575439,1.20473492145538,10.1852684020996,-2.38138151168823,0.53463613986969,7.91295623779297,"(-2.381382, 0.534636, 7.912956)",truck body CS,4.64599227905273,0.1,-1.34908008575439,1.20473492145538,10.1852684020996,-0.00102246595769,-179.533434786753,-0.00001025744986
424,left road,424,-3.10500001907349,0.0,6.09999990463257,-3.04999995231628,0.0,-0.85000002384186,-3.10500001907349,0.0,6.09999990463257,-1.34908008575439,1.20473492145538,10.1852684020996,-2.33335781097412,0.52942287921906,7.89527797698975,"(-2.333358, 0.529423, 7.895278)",truck body CS,4.60695791244507,0.1,-1.34908008575439,1.20473492145538,10.1852684020996,-0.00102246595769,-179.533434786753,-0.00001025744986
425,left road,425,-3.00500011444092,0.0,6.09999990463257,-2.95000004768372,0.0,-0.85000002384186,-3.00500011444092,0.0,6.09999990463257,-1.34908008575439,1.20473492145538,10.1852684020996,-2.28280425071716,0.52542048692703,7.88170576095581,"(-2.282804, 0.52542, 7.881706)",truck body CS,4.56977891921997,0.1,-1.34908008575439,1.20473492145538,10.1852684020996,-0.00102246595769,-179.533434786753,-0.00001025744986
426,left road,426,-2.90499997138977,0.0,6.09999990463257,-2.84999990463257,0.0,-0.85000002384186,-2.90499997138977,0.0,6.09999990463257,-1.34908008575439,1.20473492145538,10.1852684020996,-2.23105573654175,0.5218288898468,7.86952686309814,"(-2.231056, 0.521829, 7.869527)",truck body CS,4.53450012207031,0.1,-1.34908008575439,1.20473492145538,10.1852684020996,-0.00102246595769,-179.533434786753,-0.00001025744986
427,left road,427,-2.8050000667572,0.0,6.09999990463257,-2.75,0.0,-0.85000002384186,-2.8050000667572,0.0,6.09999990463257,-1.34908008575439,1.20473492145538,10.1852684020996,-2.1782922744751,0.51858395338058,7.85852289199829,"(-2.178292, 0.518584, 7.858523)",truck body CS,4.50116729736328,0.1,-1.34908008575439,1.20473492145538,10.1852684020996,-0.00102246595769,-179.533434786753,-0.00001025744986
428,left road,428,-2.70500016212463,0.0,6.09999990463257,-2.65000009536743,0.0,-0.85000002384186,-2.70500016212463,0.0,6.09999990463257,-1.34908008575439,1.20473492145538,10.1852684020996,-2.1245265007019,0.51575082540512,7.84891510009766,"(-2.124527, 0.515751, 7.848915)",truck body CS,4.46982383728027,0.1,-1.34908008575439,1.20473492145538,10.1852684020996,-0.00102246595769,-179.533434786753,-0.00001025744986
429,left road,429,-2.60500001907349,0.0,6.09999990463257,-2.54999995231628,0.0,-0.85000002384186,-2.60500001907349,0.0,6.09999990463257,-1.34908008575439,1.20473492145538,10.1852684020996,-2.07009768486023,0.51310241222382,7.83993530273438,"(-2.070098, 0.513102, 7.839935)",truck body CS,4.44051122665405,0.1,-1.34908008575439,1.20473492145538,10.1852684020996,-0.00102246595769,-179.533434786753,-0.00001025744986
430,left road,430,-2.50500011444092,0.0,6.09999990463257,-2.45000004768372,0.0,-0.85000002384186,-2.50500011444092,0.0,6.09999990463257,-1.34908008575439,1.20473492145538,10.1852684020996,-2.01470184326172,0.51100361347198,7.83281803131104,"(-2.014702, 0.511004, 7.832818)",truck body CS,4.41327047348022,0.1,-1.34908008575439,1.20473492145538,10.1852684020996,-0.00102246595769,-179.533434786753,-0.00001025744986
431,left road,431,-2.40499997138977,0.0,6.09999990463257,-2.34999990463257,0.0,-0.85000002384186,-2.40499997138977,0.0,6.09999990463257,-1.34908008575439,1.20473492145538,10.1852684020996,-1.95873999595642,0.50915312767029,7.82654285430908,"(-1.95874, 0.509153, 7.826543)",truck body CS,4.38813972473145,0.1,-1.34908008575439,1.20473492145538,10.1852684020996,-0.00102246595769,-179.533434786753,-0.00001025744986
432,left road,432,-2.3050000667572,0.0,6.09999990463257,-2.25,0.0,-0.85000002384186,-2.3050000667572,0.0,6.09999990463257,-1.34908008575439,1.20473492145538,10.1852684020996,-1.90221643447876,0.50762349367142,7.82135534286499,"(-1.902216, 0.507623, 7.821355)",truck body CS,4.36515617370605,0.1,-1.34908008575439,1.20473492145538,10.1852684020996,-0.00102246595769,-179.533434786753,-0.00001025744986
433,left road,433,-2.20500016212463,0.0,6.09999990463257,-2.15000009536743,0.0,-0.85000002384186,-2.20500016212463,0.0,6.09999990463257,-1.34908008575439,1.20473492145538,10.1852684020996,-1.84512865543365,0.50653058290482,7.81764984130859,"(-1.845129, 0.506531, 7.81765)",truck body CS,4.34435319900513,0.1,-1.34908008575439,1.20473492145538,10.1852684020996,-0.00102246595769,-179.533434786753,-0.00001025744986
434,left road,434,-2.10500001907349,0.0,6.09999990463257,-2.04999995231628,0.0,-0.85000002384186,-2.10500001907349,0.0,6.09999990463257,-1.34908008575439,1.20473492145538,10.1852684020996,-1.787522315979,0.50597470998764,7.81576490402222,"(-1.787522, 0.505975, 7.815765)",truck body CS,4.3257622718811,0.1,-1.34908008575439,1.20473492145538,10.1852684020996,-0.00102246595769,-179.533434786753,-0.00001025744986
435,left road,435,-2.00500011444092,0.0,6.09999990463257,-1.95000004768372,0.0,-0.85000002384186,-2.00500011444092,0.0,6.09999990463257,-1.34908008575439,1.20473492145538,10.1852684020996,-1.72962856292725,0.50577753782272,7.81509590148926,"(-1.729629, 0.505778, 7.815096)",truck body CS,4.30941247940063,0.1,-1.34908008575439,1.20473492145538,10.1852684020996,-0.00102246595769,-179.533434786753,-0.00001025744986
436,left road,436,-1.90499997138977,0.0,6.09999990463257,-1.85000002384186,0.0,-0.85000002384186,-1.90499997138977,0.0,6.09999990463257,-1.34908008575439,1.20473492145538,10.1852684020996,-1.67147529125214,0.5060715675354,7.81609296798706,"(-1.671475, 0.506072, 7.816093)",truck body CS,4.29532909393311,0.1,-1.34908008575439,1.20473492145538,10.1852684020996,-0.00102246595769,-179.533434786753,-0.00001025744986
437,left road,437,-1.80499994754791,0.0,6.09999990463257,-1.75,0.0,-0.85000002384186,-1.80499994754791,0.0,6.09999990463257,-1.34908008575439,1.20473492145538,10.1852684020996,-1.61321520805359,0.50677686929703,7.81848526000977,"(-1.613215, 0.506777, 7.818485)",truck body CS,4.28353452682495,0.1,-1.34908008575439,1.20473492145538,10.1852684020996,-0.00102246595769,-179.533434786753,-0.00001025744986
438,left road,438,-1.70499992370605,0.0,6.09999990463257,-1.64999997615814,0.0,-0.85000002384186,-1.70499992370605,0.0,6.09999990463257,-1.34908008575439,1.20473492145538,10.1852684020996,-1.55489492416382,0.50808244943619,7.82291221618652,"(-1.554895, 0.508082, 7.822912)",truck body CS,4.2740478515625,0.1,-1.34908008575439,1.20473492145538,10.1852684020996,-0.00102246595769,-179.533434786753,-0.00001025744986
439,left road,439,-1.6049998998642,0.0,6.09999990463257,-1.54999995231628,0.0,-0.85000002384186,-1.6049998998642,0.0,6.09999990463257,-1.34908008575439,1.20473492145538,10.1852684020996,-1.49673819541931,0.50963908433914,7.82819080352783,"(-1.496738, 0.509639, 7.828191)",truck body CS,4.26688432693481,0.1,-1.34908008575439,1.20473492145538,10.1852684020996,-0.00102246595769,-179.533434786753,-0.00001025744986
440,left road,440,-1.50499999523163,0.0,6.09999990463257,-1.45000004768372,0.0,-0.85000002384186,-1.50499999523163,0.0,6.09999990463257,-1.34908008575439,1.20473492145538,10.1852684020996,-1.43878781795502,0.51159697771072,7.83482980728149,"(-1.438788, 0.511597, 7.83483)",truck body CS,4.26205539703369,0.1,-1.34908008575439,1.20473492145538,10.1852684020996,-0.00102246595769,-179.533434786753,-0.00001025744986
441,left road,441,-1.40499997138977,0.0,6.09999990463257,-1.35000002384186,0.0,-0.85000002384186,-1.40499997138977,0.0,6.09999990463257,-1.34908008575439,1.20473492145538,10.1852684020996,-1.38113975524902,0.51404356956482,7.84312629699707,"(-1.38114, 0.514044, 7.843126)",truck body CS,4.25956964492798,0.1,-1.34908008575439,1.20473492145538,10.1852684020996,-0.00102246595769,-179.533434786753,-0.00001025744986
442,left road,442,-1.30499994754791,0.0,6.09999990463257,-1.25,0.0,-0.85000002384186,-1.30499994754791,0.0,6.09999990463257,-1.34908008575439,1.20473492145538,10.1852684020996,-1.32391381263733,0.51692724227905,7.85290479660034,"(-1.323914, 0.516927, 7.852905)",truck body CS,4.25943040847778,0.1,-1.34908008575439,1.20473492145538,10.1852684020996,-0.00102246595769,-179.533434786753,-0.00001025744986
443,left road,443,-1.20499992370605,0.0,6.09999990463257,-1.14999997615814,0.0,-0.85000002384186,-1.20499992370605,0.0,6.09999990463257,-1.34908008575439,1.20473492145538,10.1852684020996,-1.26720571517944,0.52013802528381,7.86379241943359,"(-1.267206, 0.520138, 7.863792)",truck body CS,4.26163864135742,0.1,-1.34908008575439,1.20473492145538,10.1852684020996,-0.00102246595769,-179.533434786753,-0.00001025744986
444,left road,444,-1.1049998998642,0.0,6.09999990463257,-1.04999995231628,0.0,-0.85000002384186,-1.1049998998642,0.0,6.09999990463257,-1.34908008575439,1.20473492145538,10.1852684020996,-1.21109771728516,0.52367961406708,7.87580299377441,"(-1.211098, 0.52368, 7.875803)",truck body CS,4.26619052886963,0.1,-1.34908008575439,1.20473492145538,10.1852684020996,-0.00102246595769,-179.533434786753,-0.00001025744986
445,left road,445,-1.00499999523163,0.0,6.09999990463257,-0.94999998807907,0.0,-0.85000002384186,-1.00499999523163,0.0,6.09999990463257,-1.34908008575439,1.20473492145538,10.1852684020996,-1.15590000152588,0.52834939956665,7.89163780212402,"(-1.1559, 0.528349, 7.891638)",truck body CS,4.27307796478271,0.1,-1.34908008575439,1.20473492145538,10.1852684020996,-0.00102246595769,-179.533434786753,-0.00001025744986
446,left road,446,-0.90500003099442,0.0,6.09999990463257,-0.85000002384186,0.0,-0.85000002384186,-0.90500003099442,0.0,6.09999990463257,-1.34908008575439,1.20473492145538,10.1852684020996,-1.10204482078552,0.53455835580826,7.91269207000732,"(-1.102045, 0.534558, 7.912692)",truck body CS,4.2822904586792,0.1,-1.34908008575439,1.20473492145538,10.1852684020996,-0.00102246595769,-179.533434786753,-0.00001025744986
447,left road,447,-0.80500000715256,0.0,6.09999990463257,-0.75,0.0,-0.85000002384186,-0.80500000715256,0.0,6.09999990463257,-1.34908008575439,1.20473492145538,10.1852684020996,-1.05008268356323,0.54267692565918,7.94022226333618,"(-1.050083, 0.542677, 7.940222)",truck body CS,4.29381275177002,0.1,-1.34908008575439,1.20473492145538,10.1852684020996,-0.00102246595769,-179.533434786753,-0.00001025744986
448,left road,448,-0.7049999833107,0.0,6.09999990463257,-0.64999997615814,0.0,-0.85000002384186,-0.7049999833107,0.0,6.09999990463257,-1.34908008575439,1.20473492145538,10.1852684020996,-1.00071406364441,0.55312532186508,7.97565317153931,"(-1.000714, 0.553125, 7.975653)",truck body CS,4.30762624740601,0.1,-1.34908008575439,1.20473492145538,10.1852684020996,-0.00102246595769,-179.533434786753,-0.00001025744986
449,left road,449,-0.60500001907349,0.0,6.09999990463257,-0.55000001192093,0.0,-0.85000002384186,-0.60500001907349,0.0,6.09999990463257,-1.34908008575439,1.20473492145538,10.1852684020996,-0.95803612470627,0.57159823179245,8.03829479217529,"(-0.958036, 0.571598, 8.038295)",truck body CS,4.32370901107788,0.1,-1.34908008575439,1.20473492145538,10.1852684020996,-0.00102246595769,-179.533434786753,-0.00001025744986
450,left road,450,-0.50499999523163,0.0,6.09999990463257,-0.44999998807907,0.0,-0.85000002384186,-0.50499999523163,0.0,6.09999990463257,-1.34908008575439,1.20473492145538,10.1852684020996,-0.92546337842941,0.60011702775955,8.13500213623047,"(-0.925463, 0.600117, 8.135002)",truck body CS,4.34203577041626,0.1,-1.34908008575439,1.20473492145538,10.1852684020996,-0.00102246595769,-179.533434786753,-0.00001025744986
451,left road,451,-0.40500000119209,0.0,6.09999990463257,-0.34999999403954,0.0,-0.85000002384186,-0.40500000119209,0.0,6.09999990463257,-1.34908008575439,1.20473492145538,10.1852684020996,-0.90068852901459,0.63254511356354,8.24496650695801,"(-0.900689, 0.632545, 8.244967)",truck body CS,4.36257886886597,0.1,-1.34908008575439,1.20473492145538,10.1852684020996,-0.00102246595769,-179.533434786753,-0.00001025744986
452,left road,452,-0.30500000715256,0.0,6.09999990463257,-0.25,0.0,-0.85000002384186,-0.30500000715256,0.0,6.09999990463257,-1.34908008575439,1.20473492145538,10.1852684020996,-0.88168483972549,0.66542047262192,8.35644721984863,"(-0.881685, 0.66542, 8.356447)",truck body CS,4.38530588150024,0.1,-1.34908008575439,1.20473492145538,10.1852684020996,-0.00102246595769,-179.533434786753,-0.00001025744986
453,left road,453,-0.20500001311302,0.0,6.09999990463257,-0.15000000596046,0.0,-0.85000002384186,-0.20500001311302,0.0,6.09999990463257,-1.34908008575439,1.20473492145538,10.1852684020996,-0.86467617750168,0.69464975595474,8.45556354522705,"(-0.864676, 0.69465, 8.455564)",truck body CS,4.41018438339233,0.1,-1.34908008575439,1.20473492145538,10.1852684020996,-0.00102246595769,-179.533434786753,-0.00001025744986
454,left road,454,-0.10500000417233,0.0,6.09999990463257,-0.05000000074506,0.0,-0.85000002384186,-0.10500000417233,0.0,6.09999990463257,-1.34908008575439,1.20473492145538,10.1852684020996,-0.85541623830795,0.72668361663818,8.56419086456299,"(-0.855416, 0.726684, 8.564191)",truck body CS,4.4371771812439,0.1,-1.34908008575439,1.20473492145538,10.1852684020996,-0.00102246595769,-179.533434786753,-0.00001025744986
455,left road,455,-0.00499999895692,0.0,6.09999990463257,0.05000000074506,0.0,-0.85000002384186,-0.00499999895692,0.0,6.09999990463257,-1.34908008575439,1.20473492145538,10.1852684020996,-0.85131168365479,0.75857180356979,8.67232418060303,"(-0.851312, 0.758572, 8.672324)",truck body CS,4.46624660491943,0.1,-1.34908008575439,1.20473492145538,10.1852684020996,-0.00102246595769,-179.533434786753,-0.00001025744986
456,left road,456,0.09500000625849,0.0,6.09999990463257,0.15000000596046,0.0,-0.85000002384186,0.09500000625849,0.0,6.09999990463257,-1.34908008575439,1.20473492145538,10.1852684020996,-0.85261142253876,0.79055213928223,8.78076934814453,"(-0.852611, 0.790552, 8.780769)",truck body CS,4.49735164642334,0.1,-1.34908008575439,1.20473492145538,10.1852684020996,-0.00102246595769,-179.533434786753,-0.00001025744986
457,left road,457,0.19499999284744,0.0,6.09999990463257,0.25,0.0,-0.85000002384186,0.19499999284744,0.0,6.09999990463257,-1.34908008575439,1.20473492145538,10.1852684020996,-0.85142666101456,0.81645160913467,8.86859512329102,"(-0.851427, 0.816452, 8.868595)",truck body CS,4.53045129776001,0.1,-1.34908008575439,1.20473492145538,10.1852684020996,-0.00102246595769,-179.533434786753,-0.00001025744986
458,left road,458,0.29499998688698,0.0,6.09999990463257,0.34999999403954,0.0,-0.85000002384186,0.29499998688698,0.0,6.09999990463257,-1.34908008575439,1.20473492145538,10.1852684020996,-0.86169773340225,0.84759497642517,8.97420310974121,"(-0.861698, 0.847595, 8.974203)",truck body CS,4.56550121307373,0.1,-1.34908008575439,1.20473492145538,10.1852684020996,-0.00102246595769,-179.533434786753,-0.00001025744986
459,left road,459,0.39499998092651,0.0,6.09999990463257,0.44999998807907,0.0,-0.85000002384186,0.39499998092651,0.0,6.09999990463257,-1.34908008575439,1.20473492145538,10.1852684020996,-0.86535078287125,0.87059557437897,9.05219841003418,"(-0.865351, 0.870596, 9.052198)",truck body CS,4.60245800018311,0.1,-1.34908008575439,1.20473492145538,10.1852684020996,-0.00102246595769,-179.533434786753,-0.00001025744986
460,left road,460,0.49500000476837,0.0,6.09999990463257,0.55000001192093,0.0,-0.85000002384186,0.49500000476837,0.0,6.09999990463257,-1.34908008575439,1.20473492145538,10.1852684020996,-0.906041264534,0.91529828310013,9.20378494262695,"(-0.906041, 0.915298, 9.203785)",truck body CS,4.64127540588379,0.1,-1.34908008575439,1.20473492145538,10.1852684020996,-0.00102246595769,-179.533434786753,-0.00001025744986
461,left road,461,0.59499996900558,0.0,6.09999990463257,0.64999997615814,0.0,-0.85000002384186,0.59499996900558,0.0,6.09999990463257,-1.34908008575439,1.20473492145538,10.1852684020996,-0.89576226472855,0.92381644248962,9.23266983032227,"(-0.895762, 0.923816, 9.23267)",truck body CS,4.68190717697144,0.1,-1.34908008575439,1.20473492145538,10.1852684020996,-0.00102246595769,-179.533434786753,-0.00001025744986
462,left road,462,0.69499999284744,0.0,6.09999990463257,0.75,0.0,-0.85000002384186,0.69499999284744,0.0,6.09999990463257,-1.34908008575439,1.20473492145538,10.1852684020996,-0.85148149728775,0.911461353302,9.19077396392822,"(-0.851481, 0.911461, 9.190774)",truck body CS,4.72430610656738,0.1,-1.34908008575439,1.20473492145538,10.1852684020996,-0.00102246595769,-179.533434786753,-0.00001025744986
463,left road,463,0.7950000166893,0.0,6.09999990463257,0.85000002384186,0.0,-0.85000002384186,0.7950000166893,0.0,6.09999990463257,-1.34908008575439,1.20473492145538,10.1852684020996,-0.8533022403717,0.92616277933121,9.24062633514404,"(-0.853302, 0.926163, 9.240626)",truck body CS,4.76842594146729,0.1,-1.34908008575439,1.20473492145538,10.1852684020996,-0.00102246595769,-179.533434786753,-0.00001025744986
464,left road,464,0.89499998092651,0.0,6.09999990463257,0.94999998807907,0.0,-0.85000002384186,0.89499998092651,0.0,6.09999990463257,-1.34908008575439,1.20473492145538,10.1852684020996,-0.87559145689011,0.95054233074188,9.32329845428467,"(-0.875591, 0.950542, 9.323298)",truck body CS,4.81421852111816,0.1,-1.34908008575439,1.20473492145538,10.1852684020996,-0.00102246595769,-179.533434786753,-0.00001025744986
465,left road,465,0.99499994516373,0.0,6.09999990463257,1.04999995231628,0.0,-0.85000002384186,0.99499994516373,0.0,6.09999990463257,-1.34908008575439,1.20473492145538,10.1852684020996,-0.87514394521713,0.96115636825562,9.35929012298584,"(-0.875144, 0.961156, 9.35929)",truck body CS,4.86163711547852,0.1,-1.34908008575439,1.20473492145538,10.1852684020996,-0.00102246595769,-179.533434786753,-0.00001025744986
466,left road,466,1.09500002861023,0.0,6.09999990463257,1.14999997615814,0.0,-0.85000002384186,1.09500002861023,0.0,6.09999990463257,-1.34908008575439,1.20473492145538,10.1852684020996,-0.87510770559311,0.97110462188721,9.39302444458008,"(-0.875108, 0.971105, 9.393024)",truck body CS,4.91063451766968,0.1,-1.34908008575439,1.20473492145538,10.1852684020996,-0.00102246595769,-179.533434786753,-0.00001025744986
467,left road,467,1.19500005245209,0.0,6.09999990463257,1.25,0.0,-0.85000002384186,1.19500005245209,0.0,6.09999990463257,-1.34908008575439,1.20473492145538,10.1852684020996,-0.87735491991043,0.98135197162628,9.42777347564697,"(-0.877355, 0.981352, 9.427773)",truck body CS,4.96116399765015,0.1,-1.34908008575439,1.20473492145538,10.1852684020996,-0.00102246595769,-179.533434786753,-0.00001025744986
468,left road,468,1.29500007629395,0.0,6.09999990463257,1.35000002384186,0.0,-0.85000002384186,1.29500007629395,0.0,6.09999990463257,-1.34908008575439,1.20473492145538,10.1852684020996,-0.88486170768738,0.99322068691254,9.46802139282227,"(-0.884862, 0.993221, 9.468021)",truck body CS,5.01317930221558,0.1,-1.34908008575439,1.20473492145538,10.1852684020996,-0.00102246595769,-179.533434786753,-0.00001025744986
469,left road,469,1.3950001001358,0.0,6.09999990463257,1.45000004768372,0.0,-0.85000002384186,1.3950001001358,0.0,6.09999990463257,-1.34908008575439,1.20473492145538,10.1852684020996,-0.8989691734314,1.00712251663208,9.51516151428223,"(-0.898969, 1.007123, 9.515162)",truck body CS,5.06663417816162,0.1,-1.34908008575439,1.20473492145538,10.1852684020996,-0.00102246595769,-179.533434786753,-0.00001025744986
470,left road,470,1.49500000476837,0.0,6.09999990463257,1.54999995231628,0.0,-0.85000002384186,1.49500000476837,0.0,6.09999990463257,-1.34908008575439,1.20473492145538,10.1852684020996,-0.91055148839951,1.01897692680359,9.55536079406738,"(-0.910551, 1.018977, 9.555361)",truck body CS,5.12148380279541,0.1,-1.34908008575439,1.20473492145538,10.1852684020996,-0.00102246595769,-179.533434786753,-0.00001025744986
471,left road,471,1.59500002861023,0.0,6.09999990463257,1.64999997615814,0.0,-0.85000002384186,1.59500002861023,0.0,6.09999990463257,-1.34908008575439,1.20473492145538,10.1852684020996,-0.9187508225441,1.02864158153534,9.58813285827637,"(-0.918751, 1.028642, 9.588133)",truck body CS,5.17768430709839,0.1,-1.34908008575439,1.20473492145538,10.1852684020996,-0.00102246595769,-179.533434786753,-0.00001025744986
472,left road,472,1.69500005245209,0.0,6.09999990463257,1.75,0.0,-0.85000002384186,1.69500005245209,0.0,6.09999990463257,-1.34908008575439,1.20473492145538,10.1852684020996,-0.92644816637039,1.03747272491455,9.61808013916016,"(-0.926448, 1.037473, 9.61808)",truck body CS,5.23519134521484,0.1,-1.34908008575439,1.20473492145538,10.1852684020996,-0.00102246595769,-179.533434786753,-0.00001025744986
473,left road,473,1.79500007629395,0.0,6.09999990463257,1.85000002384186,0.0,-0.85000002384186,1.79500007629395,0.0,6.09999990463257,-1.34908008575439,1.20473492145538,10.1852684020996,-1.31035542488098,1.18989670276642,10.1349515914917,"(-1.310355, 1.189897, 10.13495)",EyeArea,5.29396295547485,0.1,-1.34908008575439,1.20473492145538,10.1852684020996,-0.00102246595769,-179.533434786753,-0.00001025744986
474,left road,474,1.8950001001358,0.0,6.09999990463257,1.95000004768372,0.0,-0.85000002384186,1.8950001001358,0.0,6.09999990463257,-1.34908008575439,1.20473492145538,10.1852684020996,-1.02687275409698,1.08507871627808,9.77951240539551,"(-1.026873, 1.085079, 9.779512)",truck body CS,5.3539571762085,0.1,-1.34908008575439,1.20473492145538,10.1852684020996,-0.00102246595769,-179.533434786753,-0.00001025744986
475,left road,475,1.99500000476837,0.0,6.09999990463257,2.04999995231628,0.0,-0.85000002384186,1.99500000476837,0.0,6.09999990463257,-1.34908008575439,1.20473492145538,10.1852684020996,-1.01628422737122,1.08484220504761,9.77871036529541,"(-1.016284, 1.084842, 9.77871)",truck body CS,5.41513395309448,0.1,-1.34908008575439,1.20473492145538,10.1852684020996,-0.00102246595769,-179.533434786753,-0.00001025744986
476,left road,476,2.09500002861023,0.0,6.09999990463257,2.15000009536743,0.0,-0.85000002384186,2.09500002861023,0.0,6.09999990463257,-1.34908008575439,1.20473492145538,10.1852684020996,-1.30663514137268,1.1898877620697,10.1349210739136,"(-1.306635, 1.189888, 10.13492)",EyeArea,5.47745323181152,0.1,-1.34908008575439,1.20473492145538,10.1852684020996,-0.00102246595769,-179.533434786753,-0.00001025744986
477,left road,477,2.1949999332428,0.0,6.09999990463257,2.25,0.0,-0.85000002384186,2.1949999332428,0.0,6.09999990463257,-1.34908008575439,1.20473492145538,10.1852684020996,-0.99850219488144,1.08556342124939,9.78115558624268,"(-0.998502, 1.085563, 9.781156)",truck body CS,5.5408763885498,0.1,-1.34908008575439,1.20473492145538,10.1852684020996,-0.00102246595769,-179.533434786753,-0.00001025744986
478,left road,478,2.29499983787537,0.0,6.09999990463257,2.34999990463257,0.0,-0.85000002384186,2.29499983787537,0.0,6.09999990463257,-1.34908008575439,1.20473492145538,10.1852684020996,-0.98672384023666,1.08493971824646,9.77904033660889,"(-0.986724, 1.08494, 9.77904)",truck body CS,5.60536575317383,0.1,-1.34908008575439,1.20473492145538,10.1852684020996,-0.00102246595769,-179.533434786753,-0.00001025744986
479,left road,479,2.39499998092651,0.0,6.09999990463257,2.45000004768372,0.0,-0.85000002384186,2.39499998092651,0.0,6.09999990463257,-1.34908008575439,1.20473492145538,10.1852684020996,-0.97614842653275,1.08473634719849,9.77835178375244,"(-0.976148, 1.084736, 9.778352)",truck body CS,5.67088508605957,0.1,-1.34908008575439,1.20473492145538,10.1852684020996,-0.00102246595769,-179.533434786753,-0.00001025744986
480,left road,480,2.49499988555908,0.0,6.09999990463257,2.54999995231628,0.0,-0.85000002384186,2.49499988555908,0.0,6.09999990463257,-1.34908008575439,1.20473492145538,10.1852684020996,-0.96546590328217,1.08451008796692,9.77758407592773,"(-0.965466, 1.08451, 9.777584)",truck body CS,5.73739957809448,0.1,-1.34908008575439,1.20473492145538,10.1852684020996,-0.00102246595769,-179.533434786753,-0.00001025744986
481,left road,481,2.59500002861023,0.0,6.09999990463257,2.65000009536743,0.0,-0.85000002384186,2.59500002861023,0.0,6.09999990463257,-1.34908008575439,1.20473492145538,10.1852684020996,-0.95575994253159,1.08459365367889,9.77786731719971,"(-0.95576, 1.084594, 9.777867)",truck body CS,5.80487489700317,0.1,-1.34908008575439,1.20473492145538,10.1852684020996,-0.00102246595769,-179.533434786753,-0.00001025744986
482,left road,482,2.6949999332428,0.0,6.09999990463257,2.75,0.0,-0.85000002384186,2.6949999332428,0.0,6.09999990463257,-1.34908008575439,1.20473492145538,10.1852684020996,-0.95444518327713,1.0871729850769,9.78661346435547,"(-0.954445, 1.087173, 9.786613)",truck body CS,5.87327718734741,0.1,-1.34908008575439,1.20473492145538,10.1852684020996,-0.00102246595769,-179.533434786753,-0.00001025744986
483,left road,483,2.79499983787537,0.0,6.09999990463257,2.84999990463257,0.0,-0.85000002384186,2.79499983787537,0.0,6.09999990463257,-1.34908008575439,1.20473492145538,10.1852684020996,-0.95577096939087,1.09039509296417,9.79753971099854,"(-0.955771, 1.090395, 9.79754)",truck body CS,5.94257545471191,0.1,-1.34908008575439,1.20473492145538,10.1852684020996,-0.00102246595769,-179.533434786753,-0.00001025744986
484,left road,484,2.89499998092651,0.0,6.09999990463257,2.95000004768372,0.0,-0.85000002384186,2.89499998092651,0.0,6.09999990463257,-1.34908008575439,1.20473492145538,10.1852684020996,-0.9570260643959,1.0934454202652,9.80788421630859,"(-0.957026, 1.093445, 9.807884)",truck body CS,6.01273822784424,0.1,-1.34908008575439,1.20473492145538,10.1852684020996,-0.00102246595769,-179.533434786753,-0.00001025744986
485,left road,485,2.99499988555908,0.0,6.09999990463257,3.04999995231628,0.0,-0.85000002384186,2.99499988555908,0.0,6.09999990463257,-1.34908008575439,1.20473492145538,10.1852684020996,-0.9582148194313,1.09633708000183,9.81768894195557,"(-0.958215, 1.096337, 9.817689)",truck body CS,6.08373498916626,0.1,-1.34908008575439,1.20473492145538,10.1852684020996,-0.00102246595769,-179.533434786753,-0.00001025744986
486,left road,486,3.09500002861023,0.0,6.09999990463257,3.15000009536743,0.0,-0.85000002384186,3.09500002861023,0.0,6.09999990463257,-1.34908008575439,1.20473492145538,10.1852684020996,-0.95932227373123,1.09907627105713,9.82697868347168,"(-0.959322, 1.099076, 9.826979)",truck body CS,6.15553855895996,0.1,-1.34908008575439,1.20473492145538,10.1852684020996,-0.00102246595769,-179.533434786753,-0.00001025744986
487,left road,487,3.1949999332428,0.0,6.09999990463257,3.25,0.0,-0.85000002384186,3.1949999332428,0.0,6.09999990463257,-1.34908008575439,1.20473492145538,10.1852684020996,-0.9602170586586,1.10163903236389,9.83566761016846,"(-0.960217, 1.101639, 9.835668)",truck body CS,6.22811889648438,0.1,-1.34908008575439,1.20473492145538,10.1852684020996,-0.00102246595769,-179.533434786753,-0.00001025744986
488,left road,488,3.29499983787537,0.0,6.09999990463257,3.34999990463257,0.0,-0.85000002384186,3.29499983787537,0.0,6.09999990463257,-1.34908008575439,1.20473492145538,10.1852684020996,-0.96106880903244,1.10407972335815,9.84394454956055,"(-0.961069, 1.10408, 9.843945)",truck body CS,6.30145072937012,0.1,-1.34908008575439,1.20473492145538,10.1852684020996,-0.00102246595769,-179.533434786753,-0.00001025744986
489,left road,489,3.39499998092651,0.0,6.09999990463257,3.45000004768372,0.0,-0.85000002384186,3.39499998092651,0.0,6.09999990463257,-1.34908008575439,1.20473492145538,10.1852684020996,-0.96188223361969,1.10640788078308,9.85184001922607,"(-0.961882, 1.106408, 9.85184)",truck body CS,6.37550783157349,0.1,-1.34908008575439,1.20473492145538,10.1852684020996,-0.00102246595769,-179.533434786753,-0.00001025744986
490,left road,490,-3.50500011444092,0.0,6.19999980926514,-3.45000004768372,0.0,-0.75,-3.50500011444092,0.0,6.19999980926514,-1.34908008575439,1.20473492145538,10.1852684020996,-2.52295613288879,0.54876917600632,8.01533031463623,"(-2.522956, 0.548769, 8.01533)",truck body CS,4.68846893310547,0.1,-1.34908008575439,1.20473492145538,10.1852684020996,-0.00102246595769,-179.533434786753,-0.00001025744986
491,left road,491,-3.40499997138977,0.0,6.19999980926514,-3.34999990463257,0.0,-0.75,-3.40499997138977,0.0,6.19999980926514,-1.34908008575439,1.20473492145538,10.1852684020996,-2.49065637588501,0.53578996658325,7.9723949432373,"(-2.490656, 0.53579, 7.972395)",truck body CS,4.64333486557007,0.1,-1.34908008575439,1.20473492145538,10.1852684020996,-0.00102246595769,-179.533434786753,-0.00001025744986
492,left road,492,-3.3050000667572,0.0,6.19999980926514,-3.25,0.0,-0.75,-3.3050000667572,0.0,6.19999980926514,-1.34908008575439,1.20473492145538,10.1852684020996,-2.44836664199829,0.52763718366623,7.94542503356934,"(-2.448367, 0.527637, 7.945425)",truck body CS,4.5999321937561,0.1,-1.34908008575439,1.20473492145538,10.1852684020996,-0.00102246595769,-179.533434786753,-0.00001025744986
493,left road,493,-3.20500016212463,0.0,6.19999980926514,-3.15000009536743,0.0,-0.75,-3.20500016212463,0.0,6.19999980926514,-1.34908008575439,1.20473492145538,10.1852684020996,-2.40338897705078,0.52035039663315,7.92132043838501,"(-2.403389, 0.52035, 7.92132)",truck body CS,4.55831003189087,0.1,-1.34908008575439,1.20473492145538,10.1852684020996,-0.00102246595769,-179.533434786753,-0.00001025744986
494,left road,494,-3.10500001907349,0.0,6.19999980926514,-3.04999995231628,0.0,-0.75,-3.10500001907349,0.0,6.19999980926514,-1.34908008575439,1.20473492145538,10.1852684020996,-2.35499620437622,0.51457679271698,7.90222120285034,"(-2.354996, 0.514577, 7.902221)",truck body CS,4.51851844787598,0.1,-1.34908008575439,1.20473492145538,10.1852684020996,-0.00102246595769,-179.533434786753,-0.00001025744986
495,left road,495,-3.00500011444092,0.0,6.19999980926514,-2.95000004768372,0.0,-0.75,-3.00500011444092,0.0,6.19999980926514,-1.34908008575439,1.20473492145538,10.1852684020996,-2.30403995513916,0.50997084379196,7.88698482513428,"(-2.30404, 0.509971, 7.886985)",truck body CS,4.4806056022644,0.1,-1.34908008575439,1.20473492145538,10.1852684020996,-0.00102246595769,-179.533434786753,-0.00001025744986
496,left road,496,-2.90499997138977,0.0,6.19999980926514,-2.84999990463257,0.0,-0.75,-2.90499997138977,0.0,6.19999980926514,-1.34908008575439,1.20473492145538,10.1852684020996,-2.25123190879822,0.50620657205582,7.87453269958496,"(-2.251232, 0.506207, 7.874533)",truck body CS,4.44461917877197,0.1,-1.34908008575439,1.20473492145538,10.1852684020996,-0.00102246595769,-179.533434786753,-0.00001025744986
497,left road,497,-2.8050000667572,0.0,6.19999980926514,-2.75,0.0,-0.75,-2.8050000667572,0.0,6.19999980926514,-1.34908008575439,1.20473492145538,10.1852684020996,-2.19726657867432,0.50288307666779,7.86353874206543,"(-2.197267, 0.502883, 7.863539)",truck body CS,4.4106068611145,0.1,-1.34908008575439,1.20473492145538,10.1852684020996,-0.00102246595769,-179.533434786753,-0.00001025744986
498,left road,498,-2.70500016212463,0.0,6.19999980926514,-2.65000009536743,0.0,-0.75,-2.70500016212463,0.0,6.19999980926514,-1.34908008575439,1.20473492145538,10.1852684020996,-2.14264559745789,0.49965184926987,7.85284948348999,"(-2.142646, 0.499652, 7.852849)",truck body CS,4.3786153793335,0.1,-1.34908008575439,1.20473492145538,10.1852684020996,-0.00102246595769,-179.533434786753,-0.00001025744986
499,left road,499,-2.60500001907349,0.0,6.19999980926514,-2.54999995231628,0.0,-0.75,-2.60500001907349,0.0,6.19999980926514,-1.34908008575439,1.20473492145538,10.1852684020996,-2.08720993995667,0.49668750166893,7.8430438041687,"(-2.08721, 0.496688, 7.843044)",truck body CS,4.34868812561035,0.1,-1.34908008575439,1.20473492145538,10.1852684020996,-0.00102246595769,-179.533434786753,-0.00001025744986
500,left road,500,-2.50500011444092,0.0,6.19999980926514,-2.45000004768372,0.0,-0.75,-2.50500011444092,0.0,6.19999980926514,-1.34908008575439,1.20473492145538,10.1852684020996,-2.03069591522217,0.49433425068855,7.83525896072388,"(-2.030696, 0.494334, 7.835259)",truck body CS,4.32086849212646,0.1,-1.34908008575439,1.20473492145538,10.1852684020996,-0.00102246595769,-179.533434786753,-0.00001025744986
501,left road,501,-2.40499997138977,0.0,6.19999980926514,-2.34999990463257,0.0,-0.75,-2.40499997138977,0.0,6.19999980926514,-1.34908008575439,1.20473492145538,10.1852684020996,-1.97364521026611,0.49214720726013,7.82802438735962,"(-1.973645, 0.492147, 7.828024)",truck body CS,4.29519701004028,0.1,-1.34908008575439,1.20473492145538,10.1852684020996,-0.00102246595769,-179.533434786753,-0.00001025744986
502,left road,502,-2.3050000667572,0.0,6.19999980926514,-2.25,0.0,-0.75,-2.3050000667572,0.0,6.19999980926514,-1.34908008575439,1.20473492145538,10.1852684020996,-1.91584801673889,0.49044382572174,7.82238960266113,"(-1.915848, 0.490444, 7.82239)",truck body CS,4.27171325683594,0.1,-1.34908008575439,1.20473492145538,10.1852684020996,-0.00102246595769,-179.533434786753,-0.00001025744986
503,left road,503,-2.20500016212463,0.0,6.19999980926514,-2.15000009536743,0.0,-0.75,-2.20500016212463,0.0,6.19999980926514,-1.34908008575439,1.20473492145538,10.1852684020996,-1.8575291633606,0.48907652497292,7.81786680221558,"(-1.857529, 0.489077, 7.817867)",truck body CS,4.25045299530029,0.1,-1.34908008575439,1.20473492145538,10.1852684020996,-0.00102246595769,-179.533434786753,-0.00001025744986
504,left road,504,-2.10500001907349,0.0,6.19999980926514,-2.04999995231628,0.0,-0.75,-2.10500001907349,0.0,6.19999980926514,-1.34908008575439,1.20473492145538,10.1852684020996,-1.79851937294006,0.48844838142395,7.81578874588013,"(-1.798519, 0.488448, 7.815789)",truck body CS,4.23144960403442,0.1,-1.34908008575439,1.20473492145538,10.1852684020996,-0.00102246595769,-179.533434786753,-0.00001025744986
505,left road,505,-2.00500011444092,0.0,6.19999980926514,-1.95000004768372,0.0,-0.75,-2.00500011444092,0.0,6.19999980926514,-1.34908008575439,1.20473492145538,10.1852684020996,-1.73929643630981,0.48802062869072,7.81437349319458,"(-1.739296, 0.488021, 7.814373)",truck body CS,4.21473407745361,0.1,-1.34908008575439,1.20473492145538,10.1852684020996,-0.00102246595769,-179.533434786753,-0.00001025744986
506,left road,506,-1.90499997138977,0.0,6.19999980926514,-1.85000002384186,0.0,-0.75,-1.90499997138977,0.0,6.19999980926514,-1.34908008575439,1.20473492145538,10.1852684020996,-1.67965018749237,0.48835563659668,7.81548166275024,"(-1.67965, 0.488356, 7.815482)",truck body CS,4.20033311843872,0.1,-1.34908008575439,1.20473492145538,10.1852684020996,-0.00102246595769,-179.533434786753,-0.00001025744986
507,left road,507,-1.80499994754791,0.0,6.19999980926514,-1.75,0.0,-0.75,-1.80499994754791,0.0,6.19999980926514,-1.34908008575439,1.20473492145538,10.1852684020996,-1.6199449300766,0.48899412155151,7.81759405136108,"(-1.619945, 0.488994, 7.817594)",truck body CS,4.18827104568481,0.1,-1.34908008575439,1.20473492145538,10.1852684020996,-0.00102246595769,-179.533434786753,-0.00001025744986
508,left road,508,-1.70499992370605,0.0,6.19999980926514,-1.64999997615814,0.0,-0.75,-1.70499992370605,0.0,6.19999980926514,-1.34908008575439,1.20473492145538,10.1852684020996,-1.56010437011719,0.49044945836067,7.8224081993103,"(-1.560104, 0.490449, 7.822408)",truck body CS,4.1785683631897,0.1,-1.34908008575439,1.20473492145538,10.1852684020996,-0.00102246595769,-179.533434786753,-0.00001025744986
509,left road,509,-1.6049998998642,0.0,6.19999980926514,-1.54999995231628,0.0,-0.75,-1.6049998998642,0.0,6.19999980926514,-1.34908008575439,1.20473492145538,10.1852684020996,-1.50048327445984,0.49200868606567,7.82756614685059,"(-1.500483, 0.492009, 7.827566)",truck body CS,4.17124080657959,0.1,-1.34908008575439,1.20473492145538,10.1852684020996,-0.00102246595769,-179.533434786753,-0.00001025744986
510,left road,510,-1.50499999523163,0.0,6.19999980926514,-1.45000004768372,0.0,-0.75,-1.50499999523163,0.0,6.19999980926514,-1.34908008575439,1.20473492145538,10.1852684020996,-1.4410445690155,0.49415946006775,7.83468055725098,"(-1.441045, 0.494159, 7.834681)",truck body CS,4.16630077362061,0.1,-1.34908008575439,1.20473492145538,10.1852684020996,-0.00102246595769,-179.533434786753,-0.00001025744986
511,left road,511,-1.40499997138977,0.0,6.19999980926514,-1.35000002384186,0.0,-0.75,-1.40499997138977,0.0,6.19999980926514,-1.34908008575439,1.20473492145538,10.1852684020996,-1.38193595409393,0.49688917398453,7.84371089935303,"(-1.381936, 0.496889, 7.843711)",truck body CS,4.16375780105591,0.1,-1.34908008575439,1.20473492145538,10.1852684020996,-0.00102246595769,-179.533434786753,-0.00001025744986
512,left road,512,-1.30499994754791,0.0,6.19999980926514,-1.25,0.0,-0.75,-1.30499994754791,0.0,6.19999980926514,-1.34908008575439,1.20473492145538,10.1852684020996,-1.32329177856445,0.49992495775223,7.85375308990479,"(-1.323292, 0.499925, 7.853753)",truck body CS,4.16361570358276,0.1,-1.34908008575439,1.20473492145538,10.1852684020996,-0.00102246595769,-179.533434786753,-0.00001025744986
513,left road,513,-1.20499992370605,0.0,6.19999980926514,-1.14999997615814,0.0,-0.75,-1.20499992370605,0.0,6.19999980926514,-1.34908008575439,1.20473492145538,10.1852684020996,-1.26518845558167,0.50327038764954,7.86481952667236,"(-1.265188, 0.50327, 7.86482)",truck body CS,4.16587448120117,0.1,-1.34908008575439,1.20473492145538,10.1852684020996,-0.00102246595769,-179.533434786753,-0.00001025744986
514,left road,514,-1.1049998998642,0.0,6.19999980926514,-1.04999995231628,0.0,-0.75,-1.1049998998642,0.0,6.19999980926514,-1.34908008575439,1.20473492145538,10.1852684020996,-1.20770418643951,0.50692975521088,7.87692546844482,"(-1.207704, 0.50693, 7.876925)",truck body CS,4.17053079605103,0.1,-1.34908008575439,1.20473492145538,10.1852684020996,-0.00102246595769,-179.533434786753,-0.00001025744986
515,left road,515,-1.00499999523163,0.0,6.19999980926514,-0.94999998807907,0.0,-0.75,-1.00499999523163,0.0,6.19999980926514,-1.34908008575439,1.20473492145538,10.1852684020996,-1.1511390209198,0.5116793513298,7.89263725280762,"(-1.151139, 0.511679, 7.892637)",truck body CS,4.17757606506348,0.1,-1.34908008575439,1.20473492145538,10.1852684020996,-0.00102246595769,-179.533434786753,-0.00001025744986
516,left road,516,-0.90500003099442,0.0,6.19999980926514,-0.85000002384186,0.0,-0.75,-0.90500003099442,0.0,6.19999980926514,-1.34908008575439,1.20473492145538,10.1852684020996,-1.09595704078674,0.51804310083389,7.91368818283081,"(-1.095957, 0.518043, 7.913688)",truck body CS,4.18699884414673,0.1,-1.34908008575439,1.20473492145538,10.1852684020996,-0.00102246595769,-179.533434786753,-0.00001025744986
517,left road,517,-0.80500000715256,0.0,6.19999980926514,-0.75,0.0,-0.75,-0.80500000715256,0.0,6.19999980926514,-1.34908008575439,1.20473492145538,10.1852684020996,-1.04297757148743,0.52694416046143,7.94313287734985,"(-1.042978, 0.526944, 7.943133)",truck body CS,4.19878244400024,0.1,-1.34908008575439,1.20473492145538,10.1852684020996,-0.00102246595769,-179.533434786753,-0.00001025744986
518,left road,518,-0.7049999833107,0.0,6.19999980926514,-0.64999997615814,0.0,-0.75,-0.7049999833107,0.0,6.19999980926514,-1.34908008575439,1.20473492145538,10.1852684020996,-0.99384880065918,0.54028403759003,7.9872612953186,"(-0.993849, 0.540284, 7.987261)",truck body CS,4.2129077911377,0.1,-1.34908008575439,1.20473492145538,10.1852684020996,-0.00102246595769,-179.533434786753,-0.00001025744986
519,left road,519,-0.60500001907349,0.0,6.19999980926514,-0.55000001192093,0.0,-0.75,-0.60500001907349,0.0,6.19999980926514,-1.34908008575439,1.20473492145538,10.1852684020996,-0.95242291688919,0.56250989437103,8.06078433990479,"(-0.952423, 0.56251, 8.060784)",truck body CS,4.22935056686401,0.1,-1.34908008575439,1.20473492145538,10.1852684020996,-0.00102246595769,-179.533434786753,-0.00001025744986
520,left road,520,-0.50499999523163,0.0,6.19999980926514,-0.44999998807907,0.0,-0.75,-0.50499999523163,0.0,6.19999980926514,-1.34908008575439,1.20473492145538,10.1852684020996,-0.91987246274948,0.59213733673096,8.15879249572754,"(-0.919872, 0.592137, 8.158792)",truck body CS,4.2480845451355,0.1,-1.34908008575439,1.20473492145538,10.1852684020996,-0.00102246595769,-179.533434786753,-0.00001025744986
521,left road,521,-0.40500000119209,0.0,6.19999980926514,-0.34999999403954,0.0,-0.75,-0.40500000119209,0.0,6.19999980926514,-1.34908008575439,1.20473492145538,10.1852684020996,-0.89488476514816,0.62513887882233,8.2679615020752,"(-0.894885, 0.625139, 8.267962)",truck body CS,4.26907968521118,0.1,-1.34908008575439,1.20473492145538,10.1852684020996,-0.00102246595769,-179.533434786753,-0.00001025744986
522,left road,522,-0.30500000715256,0.0,6.19999980926514,-0.25,0.0,-0.75,-0.30500000715256,0.0,6.19999980926514,-1.34908008575439,1.20473492145538,10.1852684020996,-0.87673497200012,0.65970897674561,8.38231945037842,"(-0.876735, 0.659709, 8.382319)",truck body CS,4.29230165481567,0.1,-1.34908008575439,1.20473492145538,10.1852684020996,-0.00102246595769,-179.533434786753,-0.00001025744986
523,left road,523,-0.20500001311302,0.0,6.19999980926514,-0.15000000596046,0.0,-0.75,-0.20500001311302,0.0,6.19999980926514,-1.34908008575439,1.20473492145538,10.1852684020996,-0.86190271377563,0.69172918796539,8.48824310302734,"(-0.861903, 0.691729, 8.488243)",truck body CS,4.31771612167358,0.1,-1.34908008575439,1.20473492145538,10.1852684020996,-0.00102246595769,-179.533434786753,-0.00001025744986
524,left road,524,-0.10500000417233,0.0,6.19999980926514,-0.05000000074506,0.0,-0.75,-0.10500000417233,0.0,6.19999980926514,-1.34908008575439,1.20473492145538,10.1852684020996,-0.90637296438217,0.77602875232697,8.76710605621338,"(-0.906373, 0.776029, 8.767106)",truck body CS,4.34528350830078,0.1,-1.34908008575439,1.20473492145538,10.1852684020996,-0.00102246595769,-179.533434786753,-0.00001025744986
525,left road,525,-0.00499999895692,0.0,6.19999980926514,0.05000000074506,0.0,-0.75,-0.00499999895692,0.0,6.19999980926514,-1.34908008575439,1.20473492145538,10.1852684020996,-0.87068849802017,0.77593970298767,8.76681137084961,"(-0.870688, 0.77594, 8.766811)",truck body CS,4.37496328353882,0.1,-1.34908008575439,1.20473492145538,10.1852684020996,-0.00102246595769,-179.533434786753,-0.00001025744986
526,left road,526,0.09500000625849,0.0,6.19999980926514,0.15000000596046,0.0,-0.75,0.09500000625849,0.0,6.19999980926514,-1.34908008575439,1.20473492145538,10.1852684020996,-0.85210710763931,0.7901314496994,8.81375789642334,"(-0.852107, 0.790131, 8.813758)",truck body CS,4.40671300888062,0.1,-1.34908008575439,1.20473492145538,10.1852684020996,-0.00102246595769,-179.533434786753,-0.00001025744986
527,left road,527,0.19499999284744,0.0,6.19999980926514,0.25,0.0,-0.75,0.19499999284744,0.0,6.19999980926514,-1.34908008575439,1.20473492145538,10.1852684020996,-0.8495728969574,0.81500524282455,8.89603996276855,"(-0.849573, 0.815005, 8.89604)",truck body CS,4.44048833847046,0.1,-1.34908008575439,1.20473492145538,10.1852684020996,-0.00102246595769,-179.533434786753,-0.00001025744986
528,left road,528,0.29499998688698,0.0,6.19999980926514,0.34999999403954,0.0,-0.75,0.29499998688698,0.0,6.19999980926514,-1.34908008575439,1.20473492145538,10.1852684020996,-0.86064422130585,0.84682297706604,9.00129318237305,"(-0.860644, 0.846823, 9.001293)",truck body CS,4.476243019104,0.1,-1.34908008575439,1.20473492145538,10.1852684020996,-0.00102246595769,-179.533434786753,-0.00001025744986
529,left road,529,0.39499998092651,0.0,6.19999980926514,0.44999998807907,0.0,-0.75,0.39499998092651,0.0,6.19999980926514,-1.34908008575439,1.20473492145538,10.1852684020996,-0.86431270837784,0.86987853050232,9.077561378479,"(-0.864313, 0.869879, 9.077561)",truck body CS,4.51393032073975,0.1,-1.34908008575439,1.20473492145538,10.1852684020996,-0.00102246595769,-179.533434786753,-0.00001025744986
530,left road,530,0.49500000476837,0.0,6.19999980926514,0.55000001192093,0.0,-0.75,0.49500000476837,0.0,6.19999980926514,-1.34908008575439,1.20473492145538,10.1852684020996,-0.89976620674133,0.91119873523712,9.21424865722656,"(-0.899766, 0.911199, 9.214249)",truck body CS,4.55350208282471,0.1,-1.34908008575439,1.20473492145538,10.1852684020996,-0.00102246595769,-179.533434786753,-0.00001025744986
531,left road,531,0.59499996900558,0.0,6.19999980926514,0.64999997615814,0.0,-0.75,0.59499996900558,0.0,6.19999980926514,-1.34908008575439,1.20473492145538,10.1852684020996,-0.88313829898834,0.91599345207214,9.23011016845703,"(-0.883138, 0.915993, 9.23011)",truck body CS,4.59491014480591,0.1,-1.34908008575439,1.20473492145538,10.1852684020996,-0.00102246595769,-179.533434786753,-0.00001025744986
532,left road,532,0.69499999284744,0.0,6.19999980926514,0.75,0.0,-0.75,0.69499999284744,0.0,6.19999980926514,-1.34908008575439,1.20473492145538,10.1852684020996,-0.85074490308762,0.91102731227875,9.2136812210083,"(-0.850745, 0.911027, 9.213681)",truck body CS,4.6381049156189,0.1,-1.34908008575439,1.20473492145538,10.1852684020996,-0.00102246595769,-179.533434786753,-0.00001025744986
533,left road,533,0.7950000166893,0.0,6.19999980926514,0.85000002384186,0.0,-0.75,0.7950000166893,0.0,6.19999980926514,-1.34908008575439,1.20473492145538,10.1852684020996,-0.85720413923264,0.92835521697998,9.2710018157959,"(-0.857204, 0.928355, 9.271002)",truck body CS,4.68303680419922,0.1,-1.34908008575439,1.20473492145538,10.1852684020996,-0.00102246595769,-179.533434786753,-0.00001025744986
534,left road,534,0.89499998092651,0.0,6.19999980926514,0.94999998807907,0.0,-0.75,0.89499998092651,0.0,6.19999980926514,-1.34908008575439,1.20473492145538,10.1852684020996,-0.8748517036438,0.95014530420303,9.34308433532715,"(-0.874852, 0.950145, 9.343084)",truck body CS,4.72965621948242,0.1,-1.34908008575439,1.20473492145538,10.1852684020996,-0.00102246595769,-179.533434786753,-0.00001025744986
535,left road,535,0.99499994516373,0.0,6.19999980926514,1.04999995231628,0.0,-0.75,0.99499994516373,0.0,6.19999980926514,-1.34908008575439,1.20473492145538,10.1852684020996,-0.87452656030655,0.96083915233612,9.37845897674561,"(-0.874527, 0.960839, 9.378459)",truck body CS,4.77791404724121,0.1,-1.34908008575439,1.20473492145538,10.1852684020996,-0.00102246595769,-179.533434786753,-0.00001025744986
536,left road,536,1.09500002861023,0.0,6.19999980926514,1.14999997615814,0.0,-0.75,1.09500002861023,0.0,6.19999980926514,-1.34908008575439,1.20473492145538,10.1852684020996,-0.87478184700012,0.97094398736954,9.41188621520996,"(-0.874782, 0.970944, 9.411886)",truck body CS,4.82776117324829,0.1,-1.34908008575439,1.20473492145538,10.1852684020996,-0.00102246595769,-179.533434786753,-0.00001025744986
537,left road,537,1.19500005245209,0.0,6.19999980926514,1.25,0.0,-0.75,1.19500005245209,0.0,6.19999980926514,-1.34908008575439,1.20473492145538,10.1852684020996,-0.87699621915817,0.98118215799332,9.4457540512085,"(-0.876996, 0.981182, 9.445754)",truck body CS,4.87914943695068,0.1,-1.34908008575439,1.20473492145538,10.1852684020996,-0.00102246595769,-179.533434786753,-0.00001025744986
538,left road,538,1.29500007629395,0.0,6.19999980926514,1.35000002384186,0.0,-0.75,1.29500007629395,0.0,6.19999980926514,-1.34908008575439,1.20473492145538,10.1852684020996,-0.88438761234283,0.99300479888916,9.48486328125,"(-0.884388, 0.993005, 9.484863)",truck body CS,4.93202924728394,0.1,-1.34908008575439,1.20473492145538,10.1852684020996,-0.00102246595769,-179.533434786753,-0.00001025744986
539,left road,539,1.3950001001358,0.0,6.19999980926514,1.45000004768372,0.0,-0.75,1.3950001001358,0.0,6.19999980926514,-1.34908008575439,1.20473492145538,10.1852684020996,-0.89889866113663,1.0070915222168,9.53146266937256,"(-0.898899, 1.007092, 9.531463)",truck body CS,4.9863543510437,0.1,-1.34908008575439,1.20473492145538,10.1852684020996,-0.00102246595769,-179.533434786753,-0.00001025744986
540,left road,540,1.49500000476837,0.0,6.19999980926514,1.54999995231628,0.0,-0.75,1.49500000476837,0.0,6.19999980926514,-1.34908008575439,1.20473492145538,10.1852684020996,-0.91043400764465,1.01892709732056,9.5706148147583,"(-0.910434, 1.018927, 9.570615)",truck body CS,5.04207706451416,0.1,-1.34908008575439,1.20473492145538,10.1852684020996,-0.00102246595769,-179.533434786753,-0.00001025744986
541,left road,541,1.59500002861023,0.0,6.19999980926514,1.64999997615814,0.0,-0.75,1.59500002861023,0.0,6.19999980926514,-1.34908008575439,1.20473492145538,10.1852684020996,-0.91870480775833,1.02862274646759,9.60268783569336,"(-0.918705, 1.028623, 9.602688)",truck body CS,5.0991530418396,0.1,-1.34908008575439,1.20473492145538,10.1852684020996,-0.00102246595769,-179.533434786753,-0.00001025744986
542,left road,542,1.69500005245209,0.0,6.19999980926514,1.75,0.0,-0.75,1.69500005245209,0.0,6.19999980926514,-1.34908008575439,1.20473492145538,10.1852684020996,-0.92640668153763,1.03745627403259,9.63190937042236,"(-0.926407, 1.037456, 9.631909)",truck body CS,5.15753602981567,0.1,-1.34908008575439,1.20473492145538,10.1852684020996,-0.00102246595769,-179.533434786753,-0.00001025744986
543,left road,543,1.79500007629395,0.0,6.19999980926514,1.85000002384186,0.0,-0.75,1.79500007629395,0.0,6.19999980926514,-1.34908008575439,1.20473492145538,10.1852684020996,-1.02925658226013,1.08218622207642,9.77987575531006,"(-1.029257, 1.082186, 9.779876)",truck body CS,5.21718263626099,0.1,-1.34908008575439,1.20473492145538,10.1852684020996,-0.00102246595769,-179.533434786753,-0.00001025744986
544,left road,544,1.8950001001358,0.0,6.19999980926514,1.95000004768372,0.0,-0.75,1.8950001001358,0.0,6.19999980926514,-1.34908008575439,1.20473492145538,10.1852684020996,-1.01842355728149,1.08194100856781,9.7790641784668,"(-1.018424, 1.081941, 9.779064)",truck body CS,5.27804946899414,0.1,-1.34908008575439,1.20473492145538,10.1852684020996,-0.00102246595769,-179.533434786753,-0.00001025744986
545,left road,545,1.99500000476837,0.0,6.19999980926514,2.04999995231628,0.0,-0.75,1.99500000476837,0.0,6.19999980926514,-1.34908008575439,1.20473492145538,10.1852684020996,-1.30683469772339,1.18951570987701,10.1349229812622,"(-1.306835, 1.189516, 10.13492)",EyeArea,5.34009599685669,0.1,-1.34908008575439,1.20473492145538,10.1852684020996,-0.00102246595769,-179.533434786753,-0.00001025744986
546,left road,546,2.09500002861023,0.0,6.19999980926514,2.15000009536743,0.0,-0.75,2.09500002861023,0.0,6.19999980926514,-1.34908008575439,1.20473492145538,10.1852684020996,-1.00507593154907,1.08440256118774,9.78720760345459,"(-1.005076, 1.084403, 9.787208)",truck body CS,5.40328073501587,0.1,-1.34908008575439,1.20473492145538,10.1852684020996,-0.00102246595769,-179.533434786753,-0.00001025744986
547,left road,547,2.1949999332428,0.0,6.19999980926514,2.25,0.0,-0.75,2.1949999332428,0.0,6.19999980926514,-1.34908008575439,1.20473492145538,10.1852684020996,-0.98802471160889,1.08200192451477,9.77926635742188,"(-0.988025, 1.082002, 9.779266)",truck body CS,5.46756410598755,0.1,-1.34908008575439,1.20473492145538,10.1852684020996,-0.00102246595769,-179.533434786753,-0.00001025744986
548,left road,548,2.29499983787537,0.0,6.19999980926514,2.34999990463257,0.0,-0.75,2.29499983787537,0.0,6.19999980926514,-1.34908008575439,1.20473492145538,10.1852684020996,-0.9772475361824,1.08180677890778,9.77862071990967,"(-0.977248, 1.081807, 9.778621)",truck body CS,5.53290796279907,0.1,-1.34908008575439,1.20473492145538,10.1852684020996,-0.00102246595769,-179.533434786753,-0.00001025744986
549,left road,549,2.39499998092651,0.0,6.19999980926514,2.45000004768372,0.0,-0.75,2.39499998092651,0.0,6.19999980926514,-1.34908008575439,1.20473492145538,10.1852684020996,-0.96627014875412,1.08155798912048,9.77779769897461,"(-0.96627, 1.081558, 9.777798)",truck body CS,5.59927558898926,0.1,-1.34908008575439,1.20473492145538,10.1852684020996,-0.00102246595769,-179.533434786753,-0.00001025744986
550,left road,550,2.49499988555908,0.0,6.19999980926514,2.54999995231628,0.0,-0.75,2.49499988555908,0.0,6.19999980926514,-1.34908008575439,1.20473492145538,10.1852684020996,-0.95621383190155,1.08161056041718,9.7779712677002,"(-0.956214, 1.081611, 9.777971)",truck body CS,5.66663074493408,0.1,-1.34908008575439,1.20473492145538,10.1852684020996,-0.00102246595769,-179.533434786753,-0.00001025744986
551,left road,551,2.59500002861023,0.0,6.19999980926514,2.65000009536743,0.0,-0.75,2.59500002861023,0.0,6.19999980926514,-1.34908008575439,1.20473492145538,10.1852684020996,-0.95298796892166,1.08374714851379,9.7850399017334,"(-0.952988, 1.083747, 9.78504)",truck body CS,5.734938621521,0.1,-1.34908008575439,1.20473492145538,10.1852684020996,-0.00102246595769,-179.533434786753,-0.00001025744986
552,left road,552,2.6949999332428,0.0,6.19999980926514,2.75,0.0,-0.75,2.6949999332428,0.0,6.19999980926514,-1.34908008575439,1.20473492145538,10.1852684020996,-0.95439302921295,1.08715736865997,9.79632091522217,"(-0.954393, 1.087157, 9.796321)",truck body CS,5.80416488647461,0.1,-1.34908008575439,1.20473492145538,10.1852684020996,-0.00102246595769,-179.533434786753,-0.00001025744986
553,left road,553,2.79499983787537,0.0,6.19999980926514,2.84999990463257,0.0,-0.75,2.79499983787537,0.0,6.19999980926514,-1.34908008575439,1.20473492145538,10.1852684020996,-0.95572000741959,1.09038019180298,9.80698204040527,"(-0.95572, 1.09038, 9.806982)",truck body CS,5.8742790222168,0.1,-1.34908008575439,1.20473492145538,10.1852684020996,-0.00102246595769,-179.533434786753,-0.00001025744986
554,left road,554,2.89499998092651,0.0,6.19999980926514,2.95000004768372,0.0,-0.75,2.89499998092651,0.0,6.19999980926514,-1.34908008575439,1.20473492145538,10.1852684020996,-0.9569765329361,1.09343135356903,9.8170747756958,"(-0.956977, 1.093431, 9.817075)",truck body CS,5.94524717330933,0.1,-1.34908008575439,1.20473492145538,10.1852684020996,-0.00102246595769,-179.533434786753,-0.00001025744986
555,left road,555,2.99499988555908,0.0,6.19999980926514,3.04999995231628,0.0,-0.75,2.99499988555908,0.0,6.19999980926514,-1.34908008575439,1.20473492145538,10.1852684020996,-0.95816725492477,1.0963237285614,9.8266429901123,"(-0.958167, 1.096324, 9.826643)",truck body CS,6.01704072952271,0.1,-1.34908008575439,1.20473492145538,10.1852684020996,-0.00102246595769,-179.533434786753,-0.00001025744986
556,left road,556,3.09500002861023,0.0,6.19999980926514,3.15000009536743,0.0,-0.75,3.09500002861023,0.0,6.19999980926514,-1.34908008575439,1.20473492145538,10.1852684020996,-0.95914715528488,1.09902882575989,9.83559131622314,"(-0.959147, 1.099029, 9.835591)",truck body CS,6.08963060379028,0.1,-1.34908008575439,1.20473492145538,10.1852684020996,-0.00102246595769,-179.533434786753,-0.00001025744986
557,left road,557,3.1949999332428,0.0,6.19999980926514,3.25,0.0,-0.75,3.1949999332428,0.0,6.19999980926514,-1.34908008575439,1.20473492145538,10.1852684020996,-0.96004575490952,1.10159349441528,9.84407520294189,"(-0.960046, 1.101593, 9.844075)",truck body CS,6.16298723220825,0.1,-1.34908008575439,1.20473492145538,10.1852684020996,-0.00102246595769,-179.533434786753,-0.00001025744986
558,left road,558,3.29499983787537,0.0,6.19999980926514,3.34999990463257,0.0,-0.75,3.29499983787537,0.0,6.19999980926514,-1.34908008575439,1.20473492145538,10.1852684020996,-0.96090281009674,1.10403656959534,9.85215759277344,"(-0.960903, 1.104037, 9.852158)",truck body CS,6.23708486557007,0.1,-1.34908008575439,1.20473492145538,10.1852684020996,-0.00102246595769,-179.533434786753,-0.00001025744986
559,left road,559,3.39499998092651,0.0,6.19999980926514,3.45000004768372,0.0,-0.75,3.39499998092651,0.0,6.19999980926514,-1.34908008575439,1.20473492145538,10.1852684020996,-0.96172469854355,1.10636782646179,9.8598690032959,"(-0.961725, 1.106368, 9.859869)",truck body CS,6.31189727783203,0.1,-1.34908008575439,1.20473492145538,10.1852684020996,-0.00102246595769,-179.533434786753,-0.00001025744986
560,left road,560,-3.50500011444092,0.0,6.29999971389771,-3.45000004768372,0.0,-0.64999997615814,-3.50500011444092,0.0,6.29999971389771,-1.34908008575439,1.20473492145538,10.1852684020996,-2.53799223899841,0.54036700725555,8.04268169403076,"(-2.537992, 0.540367, 8.042682)",truck body CS,4.60376930236816,0.1,-1.34908008575439,1.20473492145538,10.1852684020996,-0.00102246595769,-179.533434786753,-0.00001025744986
561,left road,561,-3.40499997138977,0.0,6.29999971389771,-3.34999990463257,0.0,-0.64999997615814,-3.40499997138977,0.0,6.29999971389771,-1.34908008575439,1.20473492145538,10.1852684020996,-2.50804328918457,0.52560168504715,7.99506378173828,"(-2.508043, 0.525602, 7.995064)",truck body CS,4.55779600143433,0.1,-1.34908008575439,1.20473492145538,10.1852684020996,-0.00102246595769,-179.533434786753,-0.00001025744986
562,left road,562,-3.3050000667572,0.0,6.29999971389771,-3.25,0.0,-0.64999997615814,-3.3050000667572,0.0,6.29999971389771,-1.34908008575439,1.20473492145538,10.1852684020996,-2.47040510177612,0.51406276226044,7.95785045623779,"(-2.470405, 0.514063, 7.95785)",truck body CS,4.51357078552246,0.1,-1.34908008575439,1.20473492145538,10.1852684020996,-0.00102246595769,-179.533434786753,-0.00001025744986
563,left road,563,-3.20500016212463,0.0,6.29999971389771,-3.15000009536743,0.0,-0.64999997615814,-3.20500016212463,0.0,6.29999971389771,-1.34908008575439,1.20473492145538,10.1852684020996,-2.42632174491882,0.50546407699585,7.93011999130249,"(-2.426322, 0.505464, 7.93012)",truck body CS,4.47114515304565,0.1,-1.34908008575439,1.20473492145538,10.1852684020996,-0.00102246595769,-179.533434786753,-0.00001025744986
564,left road,564,-3.10500001907349,0.0,6.29999971389771,-3.04999995231628,0.0,-0.64999997615814,-3.10500001907349,0.0,6.29999971389771,-1.34908008575439,1.20473492145538,10.1852684020996,-2.37726759910584,0.4992963373661,7.91022872924805,"(-2.377268, 0.499296, 7.910229)",truck body CS,4.43057060241699,0.1,-1.34908008575439,1.20473492145538,10.1852684020996,-0.00102246595769,-179.533434786753,-0.00001025744986
565,left road,565,-3.00500011444092,0.0,6.29999971389771,-2.95000004768372,0.0,-0.64999997615814,-3.00500011444092,0.0,6.29999971389771,-1.34908008575439,1.20473492145538,10.1852684020996,-2.32651710510254,0.49361804127693,7.89191627502441,"(-2.326517, 0.493618, 7.891916)",truck body CS,4.3918981552124,0.1,-1.34908008575439,1.20473492145538,10.1852684020996,-0.00102246595769,-179.533434786753,-0.00001025744986
566,left road,566,-2.90499997138977,0.0,6.29999971389771,-2.84999990463257,0.0,-0.64999997615814,-2.90499997138977,0.0,6.29999971389771,-1.34908008575439,1.20473492145538,10.1852684020996,-2.27337884902954,0.48905843496323,7.8772120475769,"(-2.273379, 0.489058, 7.877212)",truck body CS,4.35517930984497,0.1,-1.34908008575439,1.20473492145538,10.1852684020996,-0.00102246595769,-179.533434786753,-0.00001025744986
567,left road,567,-2.8050000667572,0.0,6.29999971389771,-2.75,0.0,-0.64999997615814,-2.8050000667572,0.0,6.29999971389771,-1.34908008575439,1.20473492145538,10.1852684020996,-2.21870946884155,0.48513975739479,7.86457443237305,"(-2.218709, 0.48514, 7.864574)",truck body CS,4.32046318054199,0.1,-1.34908008575439,1.20473492145538,10.1852684020996,-0.00102246595769,-179.533434786753,-0.00001025744986
568,left road,568,-2.70500016212463,0.0,6.29999971389771,-2.65000009536743,0.0,-0.64999997615814,-2.70500016212463,0.0,6.29999971389771,-1.34908008575439,1.20473492145538,10.1852684020996,-2.16285085678101,0.48169952630997,7.85347938537598,"(-2.162851, 0.4817, 7.853479)",truck body CS,4.28779888153076,0.1,-1.34908008575439,1.20473492145538,10.1852684020996,-0.00102246595769,-179.533434786753,-0.00001025744986
569,left road,569,-2.60500001907349,0.0,6.29999971389771,-2.54999995231628,0.0,-0.64999997615814,-2.60500001907349,0.0,6.29999971389771,-1.34908008575439,1.20473492145538,10.1852684020996,-2.10615992546082,0.4785099029541,7.84319305419922,"(-2.10616, 0.47851, 7.843193)",truck body CS,4.25723314285278,0.1,-1.34908008575439,1.20473492145538,10.1852684020996,-0.00102246595769,-179.533434786753,-0.00001025744986
570,left road,570,-2.50500011444092,0.0,6.29999971389771,-2.45000004768372,0.0,-0.64999997615814,-2.50500011444092,0.0,6.29999971389771,-1.34908008575439,1.20473492145538,10.1852684020996,-2.04816508293152,0.47612714767456,7.83550834655762,"(-2.048165, 0.476127, 7.835508)",truck body CS,4.22881174087524,0.1,-1.34908008575439,1.20473492145538,10.1852684020996,-0.00102246595769,-179.533434786753,-0.00001025744986
571,left road,571,-2.40499997138977,0.0,6.29999971389771,-2.34999990463257,0.0,-0.64999997615814,-2.40499997138977,0.0,6.29999971389771,-1.34908008575439,1.20473492145538,10.1852684020996,-1.98966073989868,0.47387450933456,7.82824325561523,"(-1.989661, 0.473875, 7.828243)",truck body CS,4.2025785446167,0.1,-1.34908008575439,1.20473492145538,10.1852684020996,-0.00102246595769,-179.533434786753,-0.00001025744986
572,left road,572,-2.3050000667572,0.0,6.29999971389771,-2.25,0.0,-0.64999997615814,-2.3050000667572,0.0,6.29999971389771,-1.34908008575439,1.20473492145538,10.1852684020996,-1.93041956424713,0.47207942605019,7.82245445251465,"(-1.93042, 0.472079, 7.822454)",truck body CS,4.1785740852356,0.1,-1.34908008575439,1.20473492145538,10.1852684020996,-0.00102246595769,-179.533434786753,-0.00001025744986
573,left road,573,-2.20500016212463,0.0,6.29999971389771,-2.15000009536743,0.0,-0.64999997615814,-2.20500016212463,0.0,6.29999971389771,-1.34908008575439,1.20473492145538,10.1852684020996,-1.87080061435699,0.47039642930031,7.81702709197998,"(-1.870801, 0.470396, 7.817027)",truck body CS,4.15683746337891,0.1,-1.34908008575439,1.20473492145538,10.1852684020996,-0.00102246595769,-179.533434786753,-0.00001025744986
574,left road,574,-2.10500001907349,0.0,6.29999971389771,-2.04999995231628,0.0,-0.64999997615814,-2.10500001907349,0.0,6.29999971389771,-1.34908008575439,1.20473492145538,10.1852684020996,-1.81029176712036,0.46968629956245,7.81473636627197,"(-1.810292, 0.469686, 7.814736)",truck body CS,4.1374044418335,0.1,-1.34908008575439,1.20473492145538,10.1852684020996,-0.00102246595769,-179.533434786753,-0.00001025744986
575,left road,575,-2.00500011444092,0.0,6.29999971389771,-1.95000004768372,0.0,-0.64999997615814,-2.00500011444092,0.0,6.29999971389771,-1.34908008575439,1.20473492145538,10.1852684020996,-1.74962556362152,0.4690488576889,7.81268119812012,"(-1.749626, 0.469049, 7.812681)",truck body CS,4.12030696868896,0.1,-1.34908008575439,1.20473492145538,10.1852684020996,-0.00102246595769,-179.533434786753,-0.00001025744986
576,left road,576,-1.90499997138977,0.0,6.29999971389771,-1.85000002384186,0.0,-0.64999997615814,-1.90499997138977,0.0,6.29999971389771,-1.34908008575439,1.20473492145538,10.1852684020996,-1.68837201595306,0.46945452690125,7.81398916244507,"(-1.688372, 0.469455, 7.813989)",truck body CS,4.10557508468628,0.1,-1.34908008575439,1.20473492145538,10.1852684020996,-0.00102246595769,-179.533434786753,-0.00001025744986
577,left road,577,-1.80499994754791,0.0,6.29999971389771,-1.75,0.0,-0.64999997615814,-1.80499994754791,0.0,6.29999971389771,-1.34908008575439,1.20473492145538,10.1852684020996,-1.62713718414307,0.46998924016953,7.81571388244629,"(-1.627137, 0.469989, 7.815714)",truck body CS,4.09323358535767,0.1,-1.34908008575439,1.20473492145538,10.1852684020996,-0.00102246595769,-179.533434786753,-0.00001025744986
578,left road,578,-1.70499992370605,0.0,6.29999971389771,-1.64999997615814,0.0,-0.64999997615814,-1.70499992370605,0.0,6.29999971389771,-1.34908008575439,1.20473492145538,10.1852684020996,-1.56571006774902,0.47147509455681,7.82050561904907,"(-1.56571, 0.471475, 7.820506)",truck body CS,4.08330488204956,0.1,-1.34908008575439,1.20473492145538,10.1852684020996,-0.00102246595769,-179.533434786753,-0.00001025744986
579,left road,579,-1.6049998998642,0.0,6.29999971389771,-1.54999995231628,0.0,-0.64999997615814,-1.6049998998642,0.0,6.29999971389771,-1.34908008575439,1.20473492145538,10.1852684020996,-1.50450313091278,0.47308564186096,7.82569980621338,"(-1.504503, 0.473086, 7.8257)",truck body CS,4.07580614089966,0.1,-1.34908008575439,1.20473492145538,10.1852684020996,-0.00102246595769,-179.533434786753,-0.00001025744986
580,left road,580,-1.50499999523163,0.0,6.29999971389771,-1.45000004768372,0.0,-0.64999997615814,-1.50499999523163,0.0,6.29999971389771,-1.34908008575439,1.20473492145538,10.1852684020996,-1.44350981712341,0.47511166334152,7.83223342895508,"(-1.44351, 0.475112, 7.832233)",truck body CS,4.07075071334839,0.1,-1.34908008575439,1.20473492145538,10.1852684020996,-0.00102246595769,-179.533434786753,-0.00001025744986
581,left road,581,-1.40499997138977,0.0,6.29999971389771,-1.35000002384186,0.0,-0.64999997615814,-1.40499997138977,0.0,6.29999971389771,-1.34908008575439,1.20473492145538,10.1852684020996,-1.38283205032349,0.47758415341377,7.84020709991455,"(-1.382832, 0.477584, 7.840207)",truck body CS,4.06814765930176,0.1,-1.34908008575439,1.20473492145538,10.1852684020996,-0.00102246595769,-179.533434786753,-0.00001025744986
582,left road,582,-1.30499994754791,0.0,6.29999971389771,-1.25,0.0,-0.64999997615814,-1.30499994754791,0.0,6.29999971389771,-1.34908008575439,1.20473492145538,10.1852684020996,-1.3225873708725,0.48067387938499,7.85017204284668,"(-1.322587, 0.480674, 7.850172)",truck body CS,4.06800222396851,0.1,-1.34908008575439,1.20473492145538,10.1852684020996,-0.00102246595769,-179.533434786753,-0.00001025744986
583,left road,583,-1.20499992370605,0.0,6.29999971389771,-1.14999997615814,0.0,-0.64999997615814,-1.20499992370605,0.0,6.29999971389771,-1.34908008575439,1.20473492145538,10.1852684020996,-1.26291465759277,0.48425766825676,7.86172914505005,"(-1.262915, 0.484258, 7.861729)",truck body CS,4.07031440734863,0.1,-1.34908008575439,1.20473492145538,10.1852684020996,-0.00102246595769,-179.533434786753,-0.00001025744986
584,left road,584,-1.1049998998642,0.0,6.29999971389771,-1.04999995231628,0.0,-0.64999997615814,-1.1049998998642,0.0,6.29999971389771,-1.34908008575439,1.20473492145538,10.1852684020996,-1.2039635181427,0.48846662044525,7.87530326843262,"(-1.203964, 0.488467, 7.875303)",truck body CS,4.07507944107056,0.1,-1.34908008575439,1.20473492145538,10.1852684020996,-0.00102246595769,-179.533434786753,-0.00001025744986
585,left road,585,-1.00499999523163,0.0,6.29999971389771,-0.94999998807907,0.0,-0.64999997615814,-1.00499999523163,0.0,6.29999971389771,-1.34908008575439,1.20473492145538,10.1852684020996,-1.14605188369751,0.49386817216873,7.89272308349609,"(-1.146052, 0.493868, 7.892723)",truck body CS,4.08228969573975,0.1,-1.34908008575439,1.20473492145538,10.1852684020996,-0.00102246595769,-179.533434786753,-0.00001025744986
586,left road,586,-0.90500003099442,0.0,6.29999971389771,-0.85000002384186,0.0,-0.64999997615814,-0.90500003099442,0.0,6.29999971389771,-1.34908008575439,1.20473492145538,10.1852684020996,-1.0895824432373,0.50074946880341,7.91491508483887,"(-1.089582, 0.500749, 7.914915)",truck body CS,4.09193181991577,0.1,-1.34908008575439,1.20473492145538,10.1852684020996,-0.00102246595769,-179.533434786753,-0.00001025744986
587,left road,587,-0.80500000715256,0.0,6.29999971389771,-0.75,0.0,-0.64999997615814,-0.80500000715256,0.0,6.29999971389771,-1.34908008575439,1.20473492145538,10.1852684020996,-1.03551363945007,0.51041728258133,7.94609355926514,"(-1.035514, 0.510417, 7.946094)",truck body CS,4.10398864746094,0.1,-1.34908008575439,1.20473492145538,10.1852684020996,-0.00102246595769,-179.533434786753,-0.00001025744986
588,left road,588,-0.7049999833107,0.0,6.29999971389771,-0.64999997615814,0.0,-0.64999997615814,-0.7049999833107,0.0,6.29999971389771,-1.34908008575439,1.20473492145538,10.1852684020996,-0.98660606145859,0.52673661708832,7.99872398376465,"(-0.986606, 0.526737, 7.998724)",truck body CS,4.11843872070313,0.1,-1.34908008575439,1.20473492145538,10.1852684020996,-0.00102246595769,-179.533434786753,-0.00001025744986
589,left road,589,-0.60500001907349,0.0,6.29999971389771,-0.55000001192093,0.0,-0.64999997615814,-0.60500001907349,0.0,6.29999971389771,-1.34908008575439,1.20473492145538,10.1852684020996,-0.94650989770889,0.55293619632721,8.08321762084961,"(-0.94651, 0.552936, 8.083218)",truck body CS,4.13525772094727,0.1,-1.34908008575439,1.20473492145538,10.1852684020996,-0.00102246595769,-179.533434786753,-0.00001025744986
590,left road,590,-0.50499999523163,0.0,6.29999971389771,-0.44999998807907,0.0,-0.64999997615814,-0.50499999523163,0.0,6.29999971389771,-1.34908008575439,1.20473492145538,10.1852684020996,-0.91432601213455,0.58422100543976,8.18411064147949,"(-0.914326, 0.584221, 8.184111)",truck body CS,4.15441560745239,0.1,-1.34908008575439,1.20473492145538,10.1852684020996,-0.00102246595769,-179.533434786753,-0.00001025744986
591,left road,591,-0.40500000119209,0.0,6.29999971389771,-0.34999999403954,0.0,-0.64999997615814,-0.40500000119209,0.0,6.29999971389771,-1.34908008575439,1.20473492145538,10.1852684020996,-0.88936644792557,0.61809706687927,8.29336166381836,"(-0.889366, 0.618097, 8.293362)",truck body CS,4.17588138580322,0.1,-1.34908008575439,1.20473492145538,10.1852684020996,-0.00102246595769,-179.533434786753,-0.00001025744986
592,left road,592,-0.30500000715256,0.0,6.29999971389771,-0.25,0.0,-0.64999997615814,-0.30500000715256,0.0,6.29999971389771,-1.34908008575439,1.20473492145538,10.1852684020996,-0.87198930978775,0.65423309803009,8.40989971160889,"(-0.871989, 0.654233, 8.4099)",truck body CS,4.19961929321289,0.1,-1.34908008575439,1.20473492145538,10.1852684020996,-0.00102246595769,-179.533434786753,-0.00001025744986
593,left road,593,-0.20500001311302,0.0,6.29999971389771,-0.15000000596046,0.0,-0.64999997615814,-0.20500001311302,0.0,6.29999971389771,-1.34908008575439,1.20473492145538,10.1852684020996,-0.8577047586441,0.68730866909027,8.51656818389893,"(-0.857705, 0.687309, 8.516568)",truck body CS,4.22559070587158,0.1,-1.34908008575439,1.20473492145538,10.1852684020996,-0.00102246595769,-179.533434786753,-0.00001025744986
594,left road,594,-0.10500000417233,0.0,6.29999971389771,-0.05000000074506,0.0,-0.64999997615814,-0.10500000417233,0.0,6.29999971389771,-1.34908008575439,1.20473492145538,10.1852684020996,-0.90304040908813,0.77280157804489,8.7922830581665,"(-0.90304, 0.772802, 8.792283)",truck body CS,4.25375556945801,0.1,-1.34908008575439,1.20473492145538,10.1852684020996,-0.00102246595769,-179.533434786753,-0.00001025744986
595,left road,595,-0.00499999895692,0.0,6.29999971389771,0.05000000074506,0.0,-0.64999997615814,-0.00499999895692,0.0,6.29999971389771,-1.34908008575439,1.20473492145538,10.1852684020996,-0.86602824926376,0.77176260948181,8.78893280029297,"(-0.866028, 0.771763, 8.788933)",truck body CS,4.28406953811646,0.1,-1.34908008575439,1.20473492145538,10.1852684020996,-0.00102246595769,-179.533434786753,-0.00001025744986
596,left road,596,0.09500000625849,0.0,6.29999971389771,0.15000000596046,0.0,-0.64999997615814,0.09500000625849,0.0,6.29999971389771,-1.34908008575439,1.20473492145538,10.1852684020996,-0.85111999511719,0.7893078327179,8.84551620483398,"(-0.85112, 0.789308, 8.845516)",truck body CS,4.31648778915405,0.1,-1.34908008575439,1.20473492145538,10.1852684020996,-0.00102246595769,-179.533434786753,-0.00001025744986
597,left road,597,0.19499999284744,0.0,6.29999971389771,0.25,0.0,-0.64999997615814,0.19499999284744,0.0,6.29999971389771,-1.34908008575439,1.20473492145538,10.1852684020996,-0.85028821229935,0.81556344032288,8.93019008636475,"(-0.850288, 0.815563, 8.93019)",truck body CS,4.35096311569214,0.1,-1.34908008575439,1.20473492145538,10.1852684020996,-0.00102246595769,-179.533434786753,-0.00001025744986
598,left road,598,0.29499998688698,0.0,6.29999971389771,0.34999999403954,0.0,-0.64999997615814,0.29499998688698,0.0,6.29999971389771,-1.34908008575439,1.20473492145538,10.1852684020996,-0.85939633846283,0.84590864181519,9.02805328369141,"(-0.859396, 0.845909, 9.028053)",truck body CS,4.38744783401489,0.1,-1.34908008575439,1.20473492145538,10.1852684020996,-0.00102246595769,-179.533434786753,-0.00001025744986
599,left road,599,0.39499998092651,0.0,6.29999971389771,0.44999998807907,0.0,-0.64999997615814,0.39499998092651,0.0,6.29999971389771,-1.34908008575439,1.20473492145538,10.1852684020996,-0.86353302001953,0.86934006214142,9.10361957550049,"(-0.863533, 0.86934, 9.10362)",truck body CS,4.42589139938354,0.1,-1.34908008575439,1.20473492145538,10.1852684020996,-0.00102246595769,-179.533434786753,-0.00001025744986
600,left road,600,0.49500000476837,0.0,6.29999971389771,0.55000001192093,0.0,-0.64999997615814,0.49500000476837,0.0,6.29999971389771,-1.34908008575439,1.20473492145538,10.1852684020996,-0.89210772514343,0.90619564056396,9.22247886657715,"(-0.892108, 0.906196, 9.222479)",truck body CS,4.46624326705933,0.1,-1.34908008575439,1.20473492145538,10.1852684020996,-0.00102246595769,-179.533434786753,-0.00001025744986
601,left road,601,0.59499996900558,0.0,6.29999971389771,0.64999997615814,0.0,-0.64999997615814,0.59499996900558,0.0,6.29999971389771,-1.34908008575439,1.20473492145538,10.1852684020996,-0.87004041671753,0.9078768491745,9.22790050506592,"(-0.87004, 0.907877, 9.227901)",truck body CS,4.50845289230347,0.1,-1.34908008575439,1.20473492145538,10.1852684020996,-0.00102246595769,-179.533434786753,-0.00001025744986
602,left road,602,0.69499999284744,0.0,6.29999971389771,0.75,0.0,-0.64999997615814,0.69499999284744,0.0,6.29999971389771,-1.34908008575439,1.20473492145538,10.1852684020996,-0.85003793239594,0.91061067581177,9.23671722412109,"(-0.850038, 0.910611, 9.236717)",truck body CS,4.55246782302856,0.1,-1.34908008575439,1.20473492145538,10.1852684020996,-0.00102246595769,-179.533434786753,-0.00001025744986
603,left road,603,0.7950000166893,0.0,6.29999971389771,0.85000002384186,0.0,-0.64999997615814,0.7950000166893,0.0,6.29999971389771,-1.34908008575439,1.20473492145538,10.1852684020996,-0.87329035997391,0.9373939037323,9.32309341430664,"(-0.87329, 0.937394, 9.323093)",truck body CS,4.59823656082153,0.1,-1.34908008575439,1.20473492145538,10.1852684020996,-0.00102246595769,-179.533434786753,-0.00001025744986
604,left road,604,0.89499998092651,0.0,6.29999971389771,0.94999998807907,0.0,-0.64999997615814,0.89499998092651,0.0,6.29999971389771,-1.34908008575439,1.20473492145538,10.1852684020996,-0.87410998344421,0.94974708557129,9.3629322052002,"(-0.87411, 0.949747, 9.362932)",truck body CS,4.64570713043213,0.1,-1.34908008575439,1.20473492145538,10.1852684020996,-0.00102246595769,-179.533434786753,-0.00001025744986
605,left road,605,0.99499994516373,0.0,6.29999971389771,1.04999995231628,0.0,-0.64999997615814,0.99499994516373,0.0,6.29999971389771,-1.34908008575439,1.20473492145538,10.1852684020996,-0.87408691644669,0.96061313152313,9.39797496795654,"(-0.874087, 0.960613, 9.397975)",truck body CS,4.69482803344727,0.1,-1.34908008575439,1.20473492145538,10.1852684020996,-0.00102246595769,-179.533434786753,-0.00001025744986
606,left road,606,1.09500002861023,0.0,6.29999971389771,1.14999997615814,0.0,-0.64999997615814,1.09500002861023,0.0,6.29999971389771,-1.34908008575439,1.20473492145538,10.1852684020996,-0.87445574998856,0.97078329324722,9.43077373504639,"(-0.874456, 0.970783, 9.430774)",truck body CS,4.74554777145386,0.1,-1.34908008575439,1.20473492145538,10.1852684020996,-0.00102246595769,-179.533434786753,-0.00001025744986
607,left road,607,1.19500005245209,0.0,6.29999971389771,1.25,0.0,-0.64999997615814,1.19500005245209,0.0,6.29999971389771,-1.34908008575439,1.20473492145538,10.1852684020996,-0.87663221359253,0.98100972175598,9.46375465393066,"(-0.876632, 0.98101, 9.463755)",truck body CS,4.79781627655029,0.1,-1.34908008575439,1.20473492145538,10.1852684020996,-0.00102246595769,-179.533434786753,-0.00001025744986
608,left road,608,1.29500007629395,0.0,6.29999971389771,1.35000002384186,0.0,-0.64999997615814,1.29500007629395,0.0,6.29999971389771,-1.34908008575439,1.20473492145538,10.1852684020996,-0.8839585185051,0.9928092956543,9.50180816650391,"(-0.883959, 0.992809, 9.501808)",truck body CS,4.8515830039978,0.1,-1.34908008575439,1.20473492145538,10.1852684020996,-0.00102246595769,-179.533434786753,-0.00001025744986
609,left road,609,1.3950001001358,0.0,6.29999971389771,1.45000004768372,0.0,-0.64999997615814,1.3950001001358,0.0,6.29999971389771,-1.34908008575439,1.20473492145538,10.1852684020996,-0.89882743358612,1.00706028938293,9.54776763916016,"(-0.898827, 1.00706, 9.547768)",truck body CS,4.90679883956909,0.1,-1.34908008575439,1.20473492145538,10.1852684020996,-0.00102246595769,-179.533434786753,-0.00001025744986
610,left road,610,1.49500000476837,0.0,6.29999971389771,1.54999995231628,0.0,-0.64999997615814,1.49500000476837,0.0,6.29999971389771,-1.34908008575439,1.20473492145538,10.1852684020996,-0.91031640768051,1.01887738704681,9.58587741851807,"(-0.910316, 1.018877, 9.585877)",truck body CS,4.96341514587402,0.1,-1.34908008575439,1.20473492145538,10.1852684020996,-0.00102246595769,-179.533434786753,-0.00001025744986
611,left road,611,1.59500002861023,0.0,6.29999971389771,1.64999997615814,0.0,-0.64999997615814,1.59500002861023,0.0,6.29999971389771,-1.34908008575439,1.20473492145538,10.1852684020996,-0.91865980625153,1.02860426902771,9.61724662780762,"(-0.91866, 1.028604, 9.617247)",truck body CS,5.02138471603394,0.1,-1.34908008575439,1.20473492145538,10.1852684020996,-0.00102246595769,-179.533434786753,-0.00001025744986
612,left road,612,1.69500005245209,0.0,6.29999971389771,1.75,0.0,-0.64999997615814,1.69500005245209,0.0,6.29999971389771,-1.34908008575439,1.20473492145538,10.1852684020996,-0.92636454105377,1.03743958473206,9.6457405090332,"(-0.926365, 1.03744, 9.645741)",truck body CS,5.08066177368164,0.1,-1.34908008575439,1.20473492145538,10.1852684020996,-0.00102246595769,-179.533434786753,-0.00001025744986
613,left road,613,1.79500007629395,0.0,6.29999971389771,1.85000002384186,0.0,-0.64999997615814,1.79500007629395,0.0,6.29999971389771,-1.34908008575439,1.20473492145538,10.1852684020996,-1.02066159248352,1.07889294624329,9.77942657470703,"(-1.020662, 1.078893, 9.779427)",truck body CS,5.14120006561279,0.1,-1.34908008575439,1.20473492145538,10.1852684020996,-0.00102246595769,-179.533434786753,-0.00001025744986
614,left road,614,1.8950001001358,0.0,6.29999971389771,1.95000004768372,0.0,-0.64999997615814,1.8950001001358,0.0,6.29999971389771,-1.34908008575439,1.20473492145538,10.1852684020996,-1.30704474449158,1.189124584198,10.1349248886108,"(-1.307045, 1.189125, 10.13492)",EyeArea,5.202956199646,0.1,-1.34908008575439,1.20473492145538,10.1852684020996,-0.00102246595769,-179.533434786753,-0.00001025744986
615,left road,615,1.99500000476837,0.0,6.29999971389771,2.04999995231628,0.0,-0.64999997615814,1.99500000476837,0.0,6.29999971389771,-1.34908008575439,1.20473492145538,10.1852684020996,-1.00448429584503,1.08059120178223,9.78490447998047,"(-1.004484, 1.080591, 9.784904)",truck body CS,5.26588726043701,0.1,-1.34908008575439,1.20473492145538,10.1852684020996,-0.00102246595769,-179.533434786753,-0.00001025744986
616,left road,616,2.09500002861023,0.0,6.29999971389771,2.15000009536743,0.0,-0.64999997615814,2.09500002861023,0.0,6.29999971389771,-1.34908008575439,1.20473492145538,10.1852684020996,-0.98939061164856,1.07891583442688,9.77950191497803,"(-0.989391, 1.078916, 9.779502)",truck body CS,5.32995176315308,0.1,-1.34908008575439,1.20473492145538,10.1852684020996,-0.00102246595769,-179.533434786753,-0.00001025744986
617,left road,617,2.1949999332428,0.0,6.29999971389771,2.25,0.0,-0.64999997615814,2.1949999332428,0.0,6.29999971389771,-1.34908008575439,1.20473492145538,10.1852684020996,-0.97834432125092,1.07871103286743,9.77884101867676,"(-0.978344, 1.078711, 9.778841)",truck body CS,5.39510917663574,0.1,-1.34908008575439,1.20473492145538,10.1852684020996,-0.00102246595769,-179.533434786753,-0.00001025744986
618,left road,618,2.29499983787537,0.0,6.29999971389771,2.34999990463257,0.0,-0.64999997615814,2.29499983787537,0.0,6.29999971389771,-1.34908008575439,1.20473492145538,10.1852684020996,-0.96710246801376,1.07845282554626,9.77800846099854,"(-0.967102, 1.078453, 9.778008)",truck body CS,5.46132040023804,0.1,-1.34908008575439,1.20473492145538,10.1852684020996,-0.00102246595769,-179.533434786753,-0.00001025744986
619,left road,619,2.39499998092651,0.0,6.29999971389771,2.45000004768372,0.0,-0.64999997615814,2.39499998092651,0.0,6.29999971389771,-1.34908008575439,1.20473492145538,10.1852684020996,-0.95669412612915,1.07847654819489,9.77808475494385,"(-0.956694, 1.078477, 9.778085)",truck body CS,5.5285472869873,0.1,-1.34908008575439,1.20473492145538,10.1852684020996,-0.00102246595769,-179.533434786753,-0.00001025744986
620,left road,620,2.49499988555908,0.0,6.29999971389771,2.54999995231628,0.0,-0.64999997615814,2.49499988555908,0.0,6.29999971389771,-1.34908008575439,1.20473492145538,10.1852684020996,-0.95144611597061,1.08011627197266,9.78337287902832,"(-0.951446, 1.080116, 9.783373)",truck body CS,5.59675359725952,0.1,-1.34908008575439,1.20473492145538,10.1852684020996,-0.00102246595769,-179.533434786753,-0.00001025744986
621,left road,621,2.59500002861023,0.0,6.29999971389771,2.65000009536743,0.0,-0.64999997615814,2.59500002861023,0.0,6.29999971389771,-1.34908008575439,1.20473492145538,10.1852684020996,-0.95293414592743,1.08373045921326,9.79502868652344,"(-0.952934, 1.08373, 9.795029)",truck body CS,5.66590404510498,0.1,-1.34908008575439,1.20473492145538,10.1852684020996,-0.00102246595769,-179.533434786753,-0.00001025744986
622,left road,622,2.6949999332428,0.0,6.29999971389771,2.75,0.0,-0.64999997615814,2.6949999332428,0.0,6.29999971389771,-1.34908008575439,1.20473492145538,10.1852684020996,-0.95433992147446,1.08714151382446,9.80602931976318,"(-0.95434, 1.087142, 9.806029)",truck body CS,5.73596382141113,0.1,-1.34908008575439,1.20473492145538,10.1852684020996,-0.00102246595769,-179.533434786753,-0.00001025744986
623,left road,623,2.79499983787537,0.0,6.29999971389771,2.84999990463257,0.0,-0.64999997615814,2.79499983787537,0.0,6.29999971389771,-1.34908008575439,1.20473492145538,10.1852684020996,-0.9556690454483,1.09036540985107,9.81642627716064,"(-0.955669, 1.090365, 9.816426)",truck body CS,5.80690097808838,0.1,-1.34908008575439,1.20473492145538,10.1852684020996,-0.00102246595769,-179.533434786753,-0.00001025744986
624,left road,624,2.89499998092651,0.0,6.29999971389771,2.95000004768372,0.0,-0.64999997615814,2.89499998092651,0.0,6.29999971389771,-1.34908008575439,1.20473492145538,10.1852684020996,-0.95692670345306,1.09341716766357,9.82626819610596,"(-0.956927, 1.093417, 9.826268)",truck body CS,5.87868309020996,0.1,-1.34908008575439,1.20473492145538,10.1852684020996,-0.00102246595769,-179.533434786753,-0.00001025744986
625,left road,625,2.99499988555908,0.0,6.29999971389771,3.04999995231628,0.0,-0.64999997615814,2.99499988555908,0.0,6.29999971389771,-1.34908008575439,1.20473492145538,10.1852684020996,-0.95801967382431,1.09628283977509,9.83551025390625,"(-0.95802, 1.096283, 9.83551)",truck body CS,5.95127964019775,0.1,-1.34908008575439,1.20473492145538,10.1852684020996,-0.00102246595769,-179.533434786753,-0.00001025744986
626,left road,626,3.09500002861023,0.0,6.29999971389771,3.15000009536743,0.0,-0.64999997615814,3.09500002861023,0.0,6.29999971389771,-1.34908008575439,1.20473492145538,10.1852684020996,-0.95896989107132,1.09898066520691,9.84421062469482,"(-0.95897, 1.098981, 9.844211)",truck body CS,6.02466154098511,0.1,-1.34908008575439,1.20473492145538,10.1852684020996,-0.00102246595769,-179.533434786753,-0.00001025744986
627,left road,627,3.1949999332428,0.0,6.29999971389771,3.25,0.0,-0.64999997615814,3.1949999332428,0.0,6.29999971389771,-1.34908008575439,1.20473492145538,10.1852684020996,-0.95987415313721,1.10154795646667,9.85248947143555,"(-0.959874, 1.101548, 9.852489)",truck body CS,6.09879970550537,0.1,-1.34908008575439,1.20473492145538,10.1852684020996,-0.00102246595769,-179.533434786753,-0.00001025744986
628,left road,628,3.29499983787537,0.0,6.29999971389771,3.34999990463257,0.0,-0.64999997615814,3.29499983787537,0.0,6.29999971389771,-1.34908008575439,1.20473492145538,10.1852684020996,-0.96074330806732,1.10399520397186,9.86038208007813,"(-0.960743, 1.103995, 9.860382)",truck body CS,6.17366790771484,0.1,-1.34908008575439,1.20473492145538,10.1852684020996,-0.00102246595769,-179.533434786753,-0.00001025744986
629,left road,629,3.39499998092651,0.0,6.29999971389771,3.45000004768372,0.0,-0.64999997615814,3.39499998092651,0.0,6.29999971389771,-1.34908008575439,1.20473492145538,10.1852684020996,-0.96163463592529,1.1063449382782,9.86796092987061,"(-0.961635, 1.106345, 9.867961)",truck body CS,6.24923944473267,0.1,-1.34908008575439,1.20473492145538,10.1852684020996,-0.00102246595769,-179.533434786753,-0.00001025744986
630,left road,630,-3.50500011444092,0.0,6.39999961853027,-3.45000004768372,0.0,-0.55000001192093,-3.50500011444092,0.0,6.39999961853027,-1.34908008575439,1.20473492145538,10.1852684020996,-2.54868149757385,0.53439378738403,8.07906055450439,"(-2.548681, 0.534394, 8.079061)",truck body CS,4.51969432830811,0.1,-1.34908008575439,1.20473492145538,10.1852684020996,-0.00102246595769,-179.533434786753,-0.00001025744986
631,left road,631,-3.40499997138977,0.0,6.39999961853027,-3.34999990463257,0.0,-0.55000001192093,-3.40499997138977,0.0,6.39999961853027,-1.34908008575439,1.20473492145538,10.1852684020996,-2.52479076385498,0.51578778028488,8.02060127258301,"(-2.524791, 0.515788, 8.020601)",truck body CS,4.47285747528076,0.1,-1.34908008575439,1.20473492145538,10.1852684020996,-0.00102246595769,-179.533434786753,-0.00001025744986
632,left road,632,-3.3050000667572,0.0,6.39999961853027,-3.25,0.0,-0.55000001192093,-3.3050000667572,0.0,6.39999961853027,-1.34908008575439,1.20473492145538,10.1852684020996,-2.49231243133545,0.50056904554367,7.9727840423584,"(-2.492312, 0.500569, 7.972784)",truck body CS,4.42778348922729,0.1,-1.34908008575439,1.20473492145538,10.1852684020996,-0.00102246595769,-179.533434786753,-0.00001025744986
633,left road,633,-3.20500016212463,0.0,6.39999961853027,-3.15000009536743,0.0,-0.55000001192093,-3.20500016212463,0.0,6.39999961853027,-1.34908008575439,1.20473492145538,10.1852684020996,-2.44886946678162,0.49082753062248,7.94217586517334,"(-2.448869, 0.490828, 7.942176)",truck body CS,4.38452768325806,0.1,-1.34908008575439,1.20473492145538,10.1852684020996,-0.00102246595769,-179.533434786753,-0.00001025744986
634,left road,634,-3.10500001907349,0.0,6.39999961853027,-3.04999995231628,0.0,-0.55000001192093,-3.10500001907349,0.0,6.39999961853027,-1.34908008575439,1.20473492145538,10.1852684020996,-2.40176248550415,0.48249042034149,7.91598033905029,"(-2.401762, 0.48249, 7.91598)",truck body CS,4.34314393997192,0.1,-1.34908008575439,1.20473492145538,10.1852684020996,-0.00102246595769,-179.533434786753,-0.00001025744986
635,left road,635,-3.00500011444092,0.0,6.39999961853027,-2.95000004768372,0.0,-0.55000001192093,-3.00500011444092,0.0,6.39999961853027,-1.34908008575439,1.20473492145538,10.1852684020996,-2.35110902786255,0.47572657465935,7.8947286605835,"(-2.351109, 0.475727, 7.894729)",truck body CS,4.30368661880493,0.1,-1.34908008575439,1.20473492145538,10.1852684020996,-0.00102246595769,-179.533434786753,-0.00001025744986
636,left road,636,-2.90499997138977,0.0,6.39999961853027,-2.84999990463257,0.0,-0.55000001192093,-2.90499997138977,0.0,6.39999961853027,-1.34908008575439,1.20473492145538,10.1852684020996,-2.29708242416382,0.47070503234863,7.87895107269287,"(-2.297082, 0.470705, 7.878951)",truck body CS,4.26620817184448,0.1,-1.34908008575439,1.20473492145538,10.1852684020996,-0.00102246595769,-179.533434786753,-0.00001025744986
637,left road,637,-2.8050000667572,0.0,6.39999961853027,-2.75,0.0,-0.55000001192093,-2.8050000667572,0.0,6.39999961853027,-1.34908008575439,1.20473492145538,10.1852684020996,-2.24130010604858,0.46644651889801,7.86557102203369,"(-2.2413, 0.466447, 7.865571)",truck body CS,4.23076248168945,0.1,-1.34908008575439,1.20473492145538,10.1852684020996,-0.00102246595769,-179.533434786753,-0.00001025744986
638,left road,638,-2.70500016212463,0.0,6.39999961853027,-2.65000009536743,0.0,-0.55000001192093,-2.70500016212463,0.0,6.39999961853027,-1.34908008575439,1.20473492145538,10.1852684020996,-2.18400526046753,0.46290364861488,7.85443878173828,"(-2.184005, 0.462904, 7.854439)",truck body CS,4.19739961624146,0.1,-1.34908008575439,1.20473492145538,10.1852684020996,-0.00102246595769,-179.533434786753,-0.00001025744986
639,left road,639,-2.60500001907349,0.0,6.39999961853027,-2.54999995231628,0.0,-0.55000001192093,-2.60500001907349,0.0,6.39999961853027,-1.34908008575439,1.20473492145538,10.1852684020996,-2.1256320476532,0.45983111858368,7.84478569030762,"(-2.125632, 0.459831, 7.844786)",truck body CS,4.16617107391357,0.1,-1.34908008575439,1.20473492145538,10.1852684020996,-0.00102246595769,-179.533434786753,-0.00001025744986
640,left road,640,-2.50500011444092,0.0,6.39999961853027,-2.45000004768372,0.0,-0.55000001192093,-2.50500011444092,0.0,6.39999961853027,-1.34908008575439,1.20473492145538,10.1852684020996,-2.06597852706909,0.45756164193153,7.83765459060669,"(-2.065979, 0.457562, 7.837655)",truck body CS,4.13712406158447,0.1,-1.34908008575439,1.20473492145538,10.1852684020996,-0.00102246595769,-179.533434786753,-0.00001025744986
641,left road,641,-2.40499997138977,0.0,6.39999961853027,-2.34999990463257,0.0,-0.55000001192093,-2.40499997138977,0.0,6.39999961853027,-1.34908008575439,1.20473492145538,10.1852684020996,-2.00559735298157,0.45569199323654,7.83178043365479,"(-2.005597, 0.455692, 7.83178)",truck body CS,4.11030530929565,0.1,-1.34908008575439,1.20473492145538,10.1852684020996,-0.00102246595769,-179.533434786753,-0.00001025744986
642,left road,642,-2.3050000667572,0.0,6.39999961853027,-2.25,0.0,-0.55000001192093,-2.3050000667572,0.0,6.39999961853027,-1.34908008575439,1.20473492145538,10.1852684020996,-1.94472563266754,0.4540496468544,7.82662010192871,"(-1.944726, 0.45405, 7.82662)",truck body CS,4.08575916290283,0.1,-1.34908008575439,1.20473492145538,10.1852684020996,-0.00102246595769,-179.533434786753,-0.00001025744986
643,left road,643,-2.20500016212463,0.0,6.39999961853027,-2.15000009536743,0.0,-0.55000001192093,-2.20500016212463,0.0,6.39999961853027,-1.34908008575439,1.20473492145538,10.1852684020996,-1.88350915908813,0.45250877737999,7.82177829742432,"(-1.883509, 0.452509, 7.821778)",truck body CS,4.06352615356445,0.1,-1.34908008575439,1.20473492145538,10.1852684020996,-0.00102246595769,-179.533434786753,-0.00001025744986
644,left road,644,-2.10500001907349,0.0,6.39999961853027,-2.04999995231628,0.0,-0.55000001192093,-2.10500001907349,0.0,6.39999961853027,-1.34908008575439,1.20473492145538,10.1852684020996,-1.82156300544739,0.45172303915024,7.81931018829346,"(-1.821563, 0.451723, 7.81931)",truck body CS,4.04364442825317,0.1,-1.34908008575439,1.20473492145538,10.1852684020996,-0.00102246595769,-179.533434786753,-0.00001025744986
645,left road,645,-2.00500011444092,0.0,6.39999961853027,-1.95000004768372,0.0,-0.55000001192093,-2.00500011444092,0.0,6.39999961853027,-1.34908008575439,1.20473492145538,10.1852684020996,-1.75941336154938,0.45107159018517,7.81726264953613,"(-1.759413, 0.451072, 7.817263)",truck body CS,4.0261492729187,0.1,-1.34908008575439,1.20473492145538,10.1852684020996,-0.00102246595769,-179.533434786753,-0.00001025744986
646,left road,646,-1.90499997138977,0.0,6.39999961853027,-1.85000002384186,0.0,-0.55000001192093,-1.90499997138977,0.0,6.39999961853027,-1.34908008575439,1.20473492145538,10.1852684020996,-1.69672012329102,0.45136344432831,7.81817960739136,"(-1.69672, 0.451363, 7.81818)",truck body CS,4.01107120513916,0.1,-1.34908008575439,1.20473492145538,10.1852684020996,-0.00102246595769,-179.533434786753,-0.00001025744986
647,left road,647,-1.80499994754791,0.0,6.39999961853027,-1.75,0.0,-0.55000001192093,-1.80499994754791,0.0,6.39999961853027,-1.34908008575439,1.20473492145538,10.1852684020996,-1.63404250144959,0.45174238085747,7.81937074661255,"(-1.634043, 0.451742, 7.819371)",truck body CS,3.99843835830688,0.1,-1.34908008575439,1.20473492145538,10.1852684020996,-0.00102246595769,-179.533434786753,-0.00001025744986
648,left road,648,-1.70499992370605,0.0,6.39999961853027,-1.64999997615814,0.0,-0.55000001192093,-1.70499992370605,0.0,6.39999961853027,-1.34908008575439,1.20473492145538,10.1852684020996,-1.57115530967712,0.45304372906685,7.82345962524414,"(-1.571155, 0.453044, 7.82346)",truck body CS,3.98827338218689,0.1,-1.34908008575439,1.20473492145538,10.1852684020996,-0.00102246595769,-179.533434786753,-0.00001025744986
649,left road,649,-1.6049998998642,0.0,6.39999961853027,-1.54999995231628,0.0,-0.55000001192093,-1.6049998998642,0.0,6.39999961853027,-1.34908008575439,1.20473492145538,10.1852684020996,-1.50846862792969,0.45441797375679,7.82777690887451,"(-1.508469, 0.454418, 7.827777)",truck body CS,3.98059558868408,0.1,-1.34908008575439,1.20473492145538,10.1852684020996,-0.00102246595769,-179.533434786753,-0.00001025744986
650,left road,650,-1.50499999523163,0.0,6.39999961853027,-1.45000004768372,0.0,-0.55000001192093,-1.50499999523163,0.0,6.39999961853027,-1.34908008575439,1.20473492145538,10.1852684020996,-1.44597506523132,0.45606362819672,7.83294773101807,"(-1.445975, 0.456064, 7.832948)",truck body CS,3.97541904449463,0.1,-1.34908008575439,1.20473492145538,10.1852684020996,-0.00102246595769,-179.533434786753,-0.00001025744986
651,left road,651,-1.40499997138977,0.0,6.39999961853027,-1.35000002384186,0.0,-0.55000001192093,-1.40499997138977,0.0,6.39999961853027,-1.34908008575439,1.20473492145538,10.1852684020996,-1.38374483585358,0.45791918039322,7.83877801895142,"(-1.383745, 0.457919, 7.838778)",truck body CS,3.97275376319885,0.1,-1.34908008575439,1.20473492145538,10.1852684020996,-0.00102246595769,-179.533434786753,-0.00001025744986
652,left road,652,-1.30499994754791,0.0,6.39999961853027,-1.25,0.0,-0.55000001192093,-1.30499994754791,0.0,6.39999961853027,-1.34908008575439,1.20473492145538,10.1852684020996,-1.32186007499695,0.46079793572426,7.84782314300537,"(-1.32186, 0.460798, 7.847823)",truck body CS,3.97260475158691,0.1,-1.34908008575439,1.20473492145538,10.1852684020996,-0.00102246595769,-179.533434786753,-0.00001025744986
653,left road,653,-1.20499992370605,0.0,6.39999961853027,-1.14999997615814,0.0,-0.55000001192093,-1.20499992370605,0.0,6.39999961853027,-1.34908008575439,1.20473492145538,10.1852684020996,-1.2605254650116,0.46427962183952,7.85876226425171,"(-1.260525, 0.46428, 7.858762)",truck body CS,3.97497224807739,0.1,-1.34908008575439,1.20473492145538,10.1852684020996,-0.00102246595769,-179.533434786753,-0.00001025744986
654,left road,654,-1.1049998998642,0.0,6.39999961853027,-1.04999995231628,0.0,-0.55000001192093,-1.1049998998642,0.0,6.39999961853027,-1.34908008575439,1.20473492145538,10.1852684020996,-1.19992554187775,0.46853572130203,7.87213516235352,"(-1.199926, 0.468536, 7.872135)",truck body CS,3.97985196113586,0.1,-1.34908008575439,1.20473492145538,10.1852684020996,-0.00102246595769,-179.533434786753,-0.00001025744986
655,left road,655,-1.00499999523163,0.0,6.39999961853027,-0.94999998807907,0.0,-0.55000001192093,-1.00499999523163,0.0,6.39999961853027,-1.34908008575439,1.20473492145538,10.1852684020996,-1.1404345035553,0.47419941425323,7.8899302482605,"(-1.140435, 0.474199, 7.88993)",truck body CS,3.98723435401917,0.1,-1.34908008575439,1.20473492145538,10.1852684020996,-0.00102246595769,-179.533434786753,-0.00001025744986
656,left road,656,-0.90500003099442,0.0,6.39999961853027,-0.85000002384186,0.0,-0.55000001192093,-0.90500003099442,0.0,6.39999961853027,-1.34908008575439,1.20473492145538,10.1852684020996,-1.08253276348114,0.48162457346916,7.9132604598999,"(-1.082533, 0.481625, 7.91326)",truck body CS,3.99710559844971,0.1,-1.34908008575439,1.20473492145538,10.1852684020996,-0.00102246595769,-179.533434786753,-0.00001025744986
657,left road,657,-0.80500000715256,0.0,6.39999961853027,-0.75,0.0,-0.55000001192093,-0.80500000715256,0.0,6.39999961853027,-1.34908008575439,1.20473492145538,10.1852684020996,-1.02767300605774,0.49305608868599,7.94917774200439,"(-1.027673, 0.493056, 7.949178)",truck body CS,4.00944757461548,0.1,-1.34908008575439,1.20473492145538,10.1852684020996,-0.00102246595769,-179.533434786753,-0.00001025744986
658,left road,658,-0.7049999833107,0.0,6.39999961853027,-0.64999997615814,0.0,-0.55000001192093,-0.7049999833107,0.0,6.39999961853027,-1.34908008575439,1.20473492145538,10.1852684020996,-0.9789634346962,0.51244151592255,8.01008701324463,"(-0.978963, 0.512442, 8.010087)",truck body CS,4.02423715591431,0.1,-1.34908008575439,1.20473492145538,10.1852684020996,-0.00102246595769,-179.533434786753,-0.00001025744986
659,left road,659,-0.60500001907349,0.0,6.39999961853027,-0.55000001192093,0.0,-0.55000001192093,-0.60500001907349,0.0,6.39999961853027,-1.34908008575439,1.20473492145538,10.1852684020996,-0.94083994626999,0.54375618696213,8.10847759246826,"(-0.94084, 0.543756, 8.108478)",truck body CS,4.04144811630249,0.1,-1.34908008575439,1.20473492145538,10.1852684020996,-0.00102246595769,-179.533434786753,-0.00001025744986
660,left road,660,-0.50499999523163,0.0,6.39999961853027,-0.44999998807907,0.0,-0.55000001192093,-0.50499999523163,0.0,6.39999961853027,-1.34908008575439,1.20473492145538,10.1852684020996,-0.90885788202286,0.57641661167145,8.21109580993652,"(-0.908858, 0.576417, 8.211096)",truck body CS,4.06104898452759,0.1,-1.34908008575439,1.20473492145538,10.1852684020996,-0.00102246595769,-179.533434786753,-0.00001025744986
661,left road,661,-0.40500000119209,0.0,6.39999961853027,-0.34999999403954,0.0,-0.55000001192093,-0.40500000119209,0.0,6.39999961853027,-1.34908008575439,1.20473492145538,10.1852684020996,-0.88466095924377,0.61209237575531,8.32318878173828,"(-0.884661, 0.612092, 8.323189)",truck body CS,4.08300542831421,0.1,-1.34908008575439,1.20473492145538,10.1852684020996,-0.00102246595769,-179.533434786753,-0.00001025744986
662,left road,662,-0.30500000715256,0.0,6.39999961853027,-0.25,0.0,-0.55000001192093,-0.30500000715256,0.0,6.39999961853027,-1.34908008575439,1.20473492145538,10.1852684020996,-0.86759042739868,0.6491574048996,8.43964767456055,"(-0.86759, 0.649157, 8.439648)",truck body CS,4.10727977752686,0.1,-1.34908008575439,1.20473492145538,10.1852684020996,-0.00102246595769,-179.533434786753,-0.00001025744986
663,left road,663,-0.20500001311302,0.0,6.39999961853027,-0.15000000596046,0.0,-0.55000001192093,-0.20500001311302,0.0,6.39999961853027,-1.34908008575439,1.20473492145538,10.1852684020996,-0.93586957454681,0.76961749792099,8.81813144683838,"(-0.93587, 0.769617, 8.818131)",truck body CS,4.13383197784424,0.1,-1.34908008575439,1.20473492145538,10.1852684020996,-0.00102246595769,-179.533434786753,-0.00001025744986
664,left road,664,-0.10500000417233,0.0,6.39999961853027,-0.05000000074506,0.0,-0.55000001192093,-0.10500000417233,0.0,6.39999961853027,-1.34908008575439,1.20473492145538,10.1852684020996,-0.89866328239441,0.76856291294098,8.81481838226318,"(-0.898663, 0.768563, 8.814818)",truck body CS,4.16261720657349,0.1,-1.34908008575439,1.20473492145538,10.1852684020996,-0.00102246595769,-179.533434786753,-0.00001025744986
665,left road,665,-0.00499999895692,0.0,6.39999961853027,0.05000000074506,0.0,-0.55000001192093,-0.00499999895692,0.0,6.39999961853027,-1.34908008575439,1.20473492145538,10.1852684020996,-0.86127632856369,0.76750338077545,8.81148910522461,"(-0.861276, 0.767503, 8.811489)",truck body CS,4.19359016418457,0.1,-1.34908008575439,1.20473492145538,10.1852684020996,-0.00102246595769,-179.533434786753,-0.00001025744986
666,left road,666,0.09500000625849,0.0,6.39999961853027,0.15000000596046,0.0,-0.55000001192093,0.09500000625849,0.0,6.39999961853027,-1.34908008575439,1.20473492145538,10.1852684020996,-0.85036146640778,0.78867501020432,8.87801074981689,"(-0.850361, 0.788675, 8.878011)",truck body CS,4.22670221328735,0.1,-1.34908008575439,1.20473492145538,10.1852684020996,-0.00102246595769,-179.533434786753,-0.00001025744986
667,left road,667,0.19499999284744,0.0,6.39999961853027,0.25,0.0,-0.55000001192093,0.19499999284744,0.0,6.39999961853027,-1.34908008575439,1.20473492145538,10.1852684020996,-0.85136759281158,0.81640547513962,8.96513938903809,"(-0.851368, 0.816405, 8.965139)",truck body CS,4.2619047164917,0.1,-1.34908008575439,1.20473492145538,10.1852684020996,-0.00102246595769,-179.533434786753,-0.00001025744986
668,left road,668,0.29499998688698,0.0,6.39999961853027,0.34999999403954,0.0,-0.55000001192093,0.29499998688698,0.0,6.39999961853027,-1.34908008575439,1.20473492145538,10.1852684020996,-0.85850262641907,0.84525370597839,9.0557804107666,"(-0.858503, 0.845254, 9.05578)",truck body CS,4.29914474487305,0.1,-1.34908008575439,1.20473492145538,10.1852684020996,-0.00102246595769,-179.533434786753,-0.00001025744986
669,left road,669,0.39499998092651,0.0,6.39999961853027,0.44999998807907,0.0,-0.55000001192093,0.39499998092651,0.0,6.39999961853027,-1.34908008575439,1.20473492145538,10.1852684020996,-0.86463898420334,0.87010395526886,9.13385963439941,"(-0.864639, 0.870104, 9.13386)",truck body CS,4.33837080001831,0.1,-1.34908008575439,1.20473492145538,10.1852684020996,-0.00102246595769,-179.533434786753,-0.00001025744986
670,left road,670,0.49500000476837,0.0,6.39999961853027,0.55000001192093,0.0,-0.55000001192093,0.49500000476837,0.0,6.39999961853027,-1.34908008575439,1.20473492145538,10.1852684020996,-0.88541901111603,0.9018257856369,9.23352909088135,"(-0.885419, 0.901826, 9.233529)",truck body CS,4.37952947616577,0.1,-1.34908008575439,1.20473492145538,10.1852684020996,-0.00102246595769,-179.533434786753,-0.00001025744986
671,left road,671,0.59499996900558,0.0,6.39999961853027,0.64999997615814,0.0,-0.55000001192093,0.59499996900558,0.0,6.39999961853027,-1.34908008575439,1.20473492145538,10.1852684020996,-0.86521983146667,0.90488946437836,9.24315547943115,"(-0.86522, 0.904889, 9.243155)",truck body CS,4.42256641387939,0.1,-1.34908008575439,1.20473492145538,10.1852684020996,-0.00102246595769,-179.533434786753,-0.00001025744986
672,left road,672,0.69499999284744,0.0,6.39999961853027,0.75,0.0,-0.55000001192093,0.69499999284744,0.0,6.39999961853027,-1.34908008575439,1.20473492145538,10.1852684020996,-0.85209906101227,0.91182541847229,9.26494789123535,"(-0.852099, 0.911825, 9.264948)",truck body CS,4.4674277305603,0.1,-1.34908008575439,1.20473492145538,10.1852684020996,-0.00102246595769,-179.533434786753,-0.00001025744986
673,left road,673,0.7950000166893,0.0,6.39999961853027,0.85000002384186,0.0,-0.55000001192093,0.7950000166893,0.0,6.39999961853027,-1.34908008575439,1.20473492145538,10.1852684020996,-0.8725243806839,0.93696343898773,9.34393215179443,"(-0.872524, 0.936963, 9.343932)",truck body CS,4.5140585899353,0.1,-1.34908008575439,1.20473492145538,10.1852684020996,-0.00102246595769,-179.533434786753,-0.00001025744986
674,left road,674,0.89499998092651,0.0,6.39999961853027,0.94999998807907,0.0,-0.55000001192093,0.89499998092651,0.0,6.39999961853027,-1.34908008575439,1.20473492145538,10.1852684020996,-0.87341433763504,0.94937360286713,9.38292407989502,"(-0.873414, 0.949374, 9.382924)",truck body CS,4.56240510940552,0.1,-1.34908008575439,1.20473492145538,10.1852684020996,-0.00102246595769,-179.533434786753,-0.00001025744986
675,left road,675,0.99499994516373,0.0,6.39999961853027,1.04999995231628,0.0,-0.55000001192093,0.99499994516373,0.0,6.39999961853027,-1.34908008575439,1.20473492145538,10.1852684020996,-0.87374567985535,0.9604377746582,9.41768741607666,"(-0.873746, 0.960438, 9.417687)",truck body CS,4.61241340637207,0.1,-1.34908008575439,1.20473492145538,10.1852684020996,-0.00102246595769,-179.533434786753,-0.00001025744986
676,left road,676,1.09500002861023,0.0,6.39999961853027,1.14999997615814,0.0,-0.55000001192093,1.09500002861023,0.0,6.39999961853027,-1.34908008575439,1.20473492145538,10.1852684020996,-0.87412935495377,0.97062230110168,9.44968795776367,"(-0.874129, 0.970622, 9.449688)",truck body CS,4.66402959823608,0.1,-1.34908008575439,1.20473492145538,10.1852684020996,-0.00102246595769,-179.533434786753,-0.00001025744986
677,left road,677,1.19500005245209,0.0,6.39999961853027,1.25,0.0,-0.55000001192093,1.19500005245209,0.0,6.39999961853027,-1.34908008575439,1.20473492145538,10.1852684020996,-0.87622892856598,0.98081874847412,9.48172473907471,"(-0.876229, 0.980819, 9.481725)",truck body CS,4.71720170974731,0.1,-1.34908008575439,1.20473492145538,10.1852684020996,-0.00102246595769,-179.533434786753,-0.00001025744986
678,left road,678,1.29500007629395,0.0,6.39999961853027,1.35000002384186,0.0,-0.55000001192093,1.29500007629395,0.0,6.39999961853027,-1.34908008575439,1.20473492145538,10.1852684020996,-0.8838803768158,0.99277371168137,9.519287109375,"(-0.88388, 0.992774, 9.519287)",truck body CS,4.77187633514404,0.1,-1.34908008575439,1.20473492145538,10.1852684020996,-0.00102246595769,-179.533434786753,-0.00001025744986
679,left road,679,1.3950001001358,0.0,6.39999961853027,1.45000004768372,0.0,-0.55000001192093,1.3950001001358,0.0,6.39999961853027,-1.34908008575439,1.20473492145538,10.1852684020996,-0.89875680208206,1.00702929496765,9.56407833099365,"(-0.898757, 1.007029, 9.564078)",truck body CS,4.82800388336182,0.1,-1.34908008575439,1.20473492145538,10.1852684020996,-0.00102246595769,-179.533434786753,-0.00001025744986
680,left road,680,1.49500000476837,0.0,6.39999961853027,1.54999995231628,0.0,-0.55000001192093,1.49500000476837,0.0,6.39999961853027,-1.34908008575439,1.20473492145538,10.1852684020996,-0.91019803285599,1.01882708072662,9.60114669799805,"(-0.910198, 1.018827, 9.601147)",truck body CS,4.88553333282471,0.1,-1.34908008575439,1.20473492145538,10.1852684020996,-0.00102246595769,-179.533434786753,-0.00001025744986
681,left road,681,1.59500002861023,0.0,6.39999961853027,1.64999997615814,0.0,-0.55000001192093,1.59500002861023,0.0,6.39999961853027,-1.34908008575439,1.20473492145538,10.1852684020996,-0.91861480474472,1.02858591079712,9.63180923461914,"(-0.918615, 1.028586, 9.631809)",truck body CS,4.94441652297974,0.1,-1.34908008575439,1.20473492145538,10.1852684020996,-0.00102246595769,-179.533434786753,-0.00001025744986
682,left road,682,1.69500005245209,0.0,6.39999961853027,1.75,0.0,-0.55000001192093,1.69500005245209,0.0,6.39999961853027,-1.34908008575439,1.20473492145538,10.1852684020996,-0.92632204294205,1.03742265701294,9.65957355499268,"(-0.926322, 1.037423, 9.659574)",truck body CS,5.00460481643677,0.1,-1.34908008575439,1.20473492145538,10.1852684020996,-0.00102246595769,-179.533434786753,-0.00001025744986
683,left road,683,1.79500007629395,0.0,6.39999961853027,1.85000002384186,0.0,-0.55000001192093,1.79500007629395,0.0,6.39999961853027,-1.34908008575439,1.20473492145538,10.1852684020996,-1.01158368587494,1.07541465759277,9.77894401550293,"(-1.011584, 1.075415, 9.778944)",truck body CS,5.06605243682861,0.1,-1.34908008575439,1.20473492145538,10.1852684020996,-0.00102246595769,-179.533434786753,-0.00001025744986
684,left road,684,1.8950001001358,0.0,6.39999961853027,1.95000004768372,0.0,-0.55000001192093,1.8950001001358,0.0,6.39999961853027,-1.34908008575439,1.20473492145538,10.1852684020996,-1.30592656135559,1.1887092590332,10.1349153518677,"(-1.305927, 1.188709, 10.13492)",EyeArea,5.12871360778809,0.1,-1.34908008575439,1.20473492145538,10.1852684020996,-0.00102246595769,-179.533434786753,-0.00001025744986
685,left road,685,1.99500000476837,0.0,6.39999961853027,2.04999995231628,0.0,-0.55000001192093,1.99500000476837,0.0,6.39999961853027,-1.34908008575439,1.20473492145538,10.1852684020996,-0.99082612991333,1.07567071914673,9.77974891662598,"(-0.990826, 1.075671, 9.779749)",truck body CS,5.19254446029663,0.1,-1.34908008575439,1.20473492145538,10.1852684020996,-0.00102246595769,-179.533434786753,-0.00001025744986
686,left road,686,2.09500002861023,0.0,6.39999961853027,2.15000009536743,0.0,-0.55000001192093,2.09500002861023,0.0,6.39999961853027,-1.34908008575439,1.20473492145538,10.1852684020996,-0.97949749231339,1.0754554271698,9.77907180786133,"(-0.979497, 1.075455, 9.779072)",truck body CS,5.25750255584717,0.1,-1.34908008575439,1.20473492145538,10.1852684020996,-0.00102246595769,-179.533434786753,-0.00001025744986
687,left road,687,2.1949999332428,0.0,6.39999961853027,2.25,0.0,-0.55000001192093,2.1949999332428,0.0,6.39999961853027,-1.34908008575439,1.20473492145538,10.1852684020996,-0.96805244684219,1.07521259784698,9.77830982208252,"(-0.968052, 1.075213, 9.77831)",truck body CS,5.32354688644409,0.1,-1.34908008575439,1.20473492145538,10.1852684020996,-0.00102246595769,-179.533434786753,-0.00001025744986
688,left road,688,2.29499983787537,0.0,6.39999961853027,2.34999990463257,0.0,-0.55000001192093,2.29499983787537,0.0,6.39999961853027,-1.34908008575439,1.20473492145538,10.1852684020996,-0.95720702409744,1.07518124580383,9.77821063995361,"(-0.957207, 1.075181, 9.778211)",truck body CS,5.3906364440918,0.1,-1.34908008575439,1.20473492145538,10.1852684020996,-0.00102246595769,-179.533434786753,-0.00001025744986
689,left road,689,2.39499998092651,0.0,6.39999961853027,2.45000004768372,0.0,-0.55000001192093,2.39499998092651,0.0,6.39999961853027,-1.34908008575439,1.20473492145538,10.1852684020996,-0.94982022047043,1.07626485824585,9.78161525726318,"(-0.94982, 1.076265, 9.781615)",truck body CS,5.4587345123291,0.1,-1.34908008575439,1.20473492145538,10.1852684020996,-0.00102246595769,-179.533434786753,-0.00001025744986
690,left road,690,2.49499988555908,0.0,6.39999961853027,2.54999995231628,0.0,-0.55000001192093,2.49499988555908,0.0,6.39999961853027,-1.34908008575439,1.20473492145538,10.1852684020996,-0.95138835906982,1.08009815216064,9.79366016387939,"(-0.951388, 1.080098, 9.79366)",truck body CS,5.52780199050903,0.1,-1.34908008575439,1.20473492145538,10.1852684020996,-0.00102246595769,-179.533434786753,-0.00001025744986
691,left road,691,2.59500002861023,0.0,6.39999961853027,2.65000009536743,0.0,-0.55000001192093,2.59500002861023,0.0,6.39999961853027,-1.34908008575439,1.20473492145538,10.1852684020996,-0.95288026332855,1.0837140083313,9.80502128601074,"(-0.95288, 1.083714, 9.805021)",truck body CS,5.5978045463562,0.1,-1.34908008575439,1.20473492145538,10.1852684020996,-0.00102246595769,-179.533434786753,-0.00001025744986
692,left road,692,2.6949999332428,0.0,6.39999961853027,2.75,0.0,-0.55000001192093,2.6949999332428,0.0,6.39999961853027,-1.34908008575439,1.20473492145538,10.1852684020996,-0.95428824424744,1.08712613582611,9.81574153900146,"(-0.954288, 1.087126, 9.815742)",truck body CS,5.66870594024658,0.1,-1.34908008575439,1.20473492145538,10.1852684020996,-0.00102246595769,-179.533434786753,-0.00001025744986
693,left road,693,2.79499983787537,0.0,6.39999961853027,2.84999990463257,0.0,-0.55000001192093,2.79499983787537,0.0,6.39999961853027,-1.34908008575439,1.20473492145538,10.1852684020996,-0.95561838150024,1.09035062789917,9.82587337493896,"(-0.955618, 1.090351, 9.825873)",truck body CS,5.74047422409058,0.1,-1.34908008575439,1.20473492145538,10.1852684020996,-0.00102246595769,-179.533434786753,-0.00001025744986
694,left road,694,2.89499998092651,0.0,6.39999961853027,2.95000004768372,0.0,-0.55000001192093,2.89499998092651,0.0,6.39999961853027,-1.34908008575439,1.20473492145538,10.1852684020996,-0.95683324337006,1.09339070320129,9.83542537689209,"(-0.956833, 1.093391, 9.835425)",truck body CS,5.81307649612427,0.1,-1.34908008575439,1.20473492145538,10.1852684020996,-0.00102246595769,-179.533434786753,-0.00001025744986
695,left road,695,2.99499988555908,0.0,6.39999961853027,3.04999995231628,0.0,-0.55000001192093,2.99499988555908,0.0,6.39999961853027,-1.34908008575439,1.20473492145538,10.1852684020996,-0.95783931016922,1.09623277187347,9.8443546295166,"(-0.957839, 1.096233, 9.844355)",truck body CS,5.88648271560669,0.1,-1.34908008575439,1.20473492145538,10.1852684020996,-0.00102246595769,-179.533434786753,-0.00001025744986
696,left road,696,3.09500002861023,0.0,6.39999961853027,3.15000009536743,0.0,-0.55000001192093,3.09500002861023,0.0,6.39999961853027,-1.34908008575439,1.20473492145538,10.1852684020996,-0.95879435539246,1.09893321990967,9.85283946990967,"(-0.958794, 1.098933, 9.852839)",truck body CS,5.96066236495972,0.1,-1.34908008575439,1.20473492145538,10.1852684020996,-0.00102246595769,-179.533434786753,-0.00001025744986
697,left road,697,3.1949999332428,0.0,6.39999961853027,3.25,0.0,-0.55000001192093,3.1949999332428,0.0,6.39999961853027,-1.34908008575439,1.20473492145538,10.1852684020996,-0.95971304178238,1.10150527954102,9.86092090606689,"(-0.959713, 1.101505, 9.860921)",truck body CS,6.03558683395386,0.1,-1.34908008575439,1.20473492145538,10.1852684020996,-0.00102246595769,-179.533434786753,-0.00001025744986
698,left road,698,3.29499983787537,0.0,6.39999961853027,3.34999990463257,0.0,-0.55000001192093,3.29499983787537,0.0,6.39999961853027,-1.34908008575439,1.20473492145538,10.1852684020996,-0.96065634489059,1.10397267341614,9.86867332458496,"(-0.960656, 1.103973, 9.868673)",truck body CS,6.11122941970825,0.1,-1.34908008575439,1.20473492145538,10.1852684020996,-0.00102246595769,-179.533434786753,-0.00001025744986
699,left road,699,3.39499998092651,0.0,6.39999961853027,3.45000004768372,0.0,-0.55000001192093,3.39499998092651,0.0,6.39999961853027,-1.34908008575439,1.20473492145538,10.1852684020996,-0.96146762371063,1.1063027381897,9.8759937286377,"(-0.961468, 1.106303, 9.875994)",truck body CS,6.18756341934204,0.1,-1.34908008575439,1.20473492145538,10.1852684020996,-0.00102246595769,-179.533434786753,-0.00001025744986
700,left road,700,-3.50500011444092,0.0,6.5,-3.45000004768372,0.0,-0.44999998807907,-3.50500011444092,0.0,6.5,-1.34908008575439,1.20473492145538,10.1852684020996,-2.55894708633423,0.52865731716156,8.11715507507324,"(-2.558947, 0.528657, 8.117155)",truck body CS,4.43627977371216,0.1,-1.34908008575439,1.20473492145538,10.1852684020996,-0.00102246595769,-179.533434786753,-0.00001025744986
701,left road,701,-3.40499997138977,0.0,6.5,-3.34999990463257,0.0,-0.44999998807907,-3.40499997138977,0.0,6.5,-1.34908008575439,1.20473492145538,10.1852684020996,-2.53804969787598,0.50801837444305,8.05402088165283,"(-2.53805, 0.508018, 8.054021)",truck body CS,4.38855266571045,0.1,-1.34908008575439,1.20473492145538,10.1852684020996,-0.00102246595769,-179.533434786753,-0.00001025744986
702,left road,702,-3.3050000667572,0.0,6.5,-3.25,0.0,-0.44999998807907,-3.3050000667572,0.0,6.5,-1.34908008575439,1.20473492145538,10.1852684020996,-2.50959372520447,0.48992475867271,7.99867248535156,"(-2.509594, 0.489925, 7.998672)",truck body CS,4.34260416030884,0.1,-1.34908008575439,1.20473492145538,10.1852684020996,-0.00102246595769,-179.533434786753,-0.00001025744986
703,left road,703,-3.20500016212463,0.0,6.5,-3.15000009536743,0.0,-0.44999998807907,-3.20500016212463,0.0,6.5,-1.34908008575439,1.20473492145538,10.1852684020996,-2.47329902648926,0.47496968507767,7.95292568206787,"(-2.473299, 0.47497, 7.952926)",truck body CS,4.29849147796631,0.1,-1.34908008575439,1.20473492145538,10.1852684020996,-0.00102246595769,-179.533434786753,-0.00001025744986
704,left road,704,-3.10500001907349,0.0,6.5,-3.04999995231628,0.0,-0.44999998807907,-3.10500001907349,0.0,6.5,-1.34908008575439,1.20473492145538,10.1852684020996,-2.42801547050476,0.46447831392288,7.92083263397217,"(-2.428015, 0.464478, 7.920833)",truck body CS,4.25627136230469,0.1,-1.34908008575439,1.20473492145538,10.1852684020996,-0.00102246595769,-179.533434786753,-0.00001025744986
705,left road,705,-3.00500011444092,0.0,6.5,-2.95000004768372,0.0,-0.44999998807907,-3.00500011444092,0.0,6.5,-1.34908008575439,1.20473492145538,10.1852684020996,-2.37564992904663,0.45787233114243,7.90062522888184,"(-2.37565, 0.457872, 7.900625)",truck body CS,4.2160005569458,0.1,-1.34908008575439,1.20473492145538,10.1852684020996,-0.00102246595769,-179.533434786753,-0.00001025744986
706,left road,706,-2.90499997138977,0.0,6.5,-2.84999990463257,0.0,-0.44999998807907,-2.90499997138977,0.0,6.5,-1.34908008575439,1.20473492145538,10.1852684020996,-2.31959271430969,0.45327550172806,7.88656330108643,"(-2.319593, 0.453276, 7.886563)",truck body CS,4.17773580551147,0.1,-1.34908008575439,1.20473492145538,10.1852684020996,-0.00102246595769,-179.533434786753,-0.00001025744986
707,left road,707,-2.8050000667572,0.0,6.5,-2.75,0.0,-0.44999998807907,-2.8050000667572,0.0,6.5,-1.34908008575439,1.20473492145538,10.1852684020996,-2.26193332672119,0.44937324523926,7.87462615966797,"(-2.261933, 0.449373, 7.874626)",truck body CS,4.14153242111206,0.1,-1.34908008575439,1.20473492145538,10.1852684020996,-0.00102246595769,-179.533434786753,-0.00001025744986
708,left road,708,-2.70500016212463,0.0,6.5,-2.65000009536743,0.0,-0.44999998807907,-2.70500016212463,0.0,6.5,-1.34908008575439,1.20473492145538,10.1852684020996,-2.20288395881653,0.44613021612167,7.86470603942871,"(-2.202884, 0.44613, 7.864706)",truck body CS,4.10744571685791,0.1,-1.34908008575439,1.20473492145538,10.1852684020996,-0.00102246595769,-179.533434786753,-0.00001025744986
709,left road,709,-2.60500001907349,0.0,6.5,-2.54999995231628,0.0,-0.44999998807907,-2.60500001907349,0.0,6.5,-1.34908008575439,1.20473492145538,10.1852684020996,-2.14300107955933,0.44317024946213,7.85565185546875,"(-2.143001, 0.44317, 7.855652)",truck body CS,4.07552766799927,0.1,-1.34908008575439,1.20473492145538,10.1852684020996,-0.00102246595769,-179.533434786753,-0.00001025744986
710,left road,710,-2.50500011444092,0.0,6.5,-2.45000004768372,0.0,-0.44999998807907,-2.50500011444092,0.0,6.5,-1.34908008575439,1.20473492145538,10.1852684020996,-2.08201861381531,0.4408440887928,7.84853553771973,"(-2.082019, 0.440844, 7.848536)",truck body CS,4.04582977294922,0.1,-1.34908008575439,1.20473492145538,10.1852684020996,-0.00102246595769,-179.533434786753,-0.00001025744986
711,left road,711,-2.40499997138977,0.0,6.5,-2.34999990463257,0.0,-0.44999998807907,-2.40499997138977,0.0,6.5,-1.34908008575439,1.20473492145538,10.1852684020996,-2.02030611038208,0.43891024589539,7.84261989593506,"(-2.020306, 0.43891, 7.84262)",truck body CS,4.01840209960938,0.1,-1.34908008575439,1.20473492145538,10.1852684020996,-0.00102246595769,-179.533434786753,-0.00001025744986
712,left road,712,-2.3050000667572,0.0,6.5,-2.25,0.0,-0.44999998807907,-2.3050000667572,0.0,6.5,-1.34908008575439,1.20473492145538,10.1852684020996,-1.95807659626007,0.43722355365753,7.8374605178833,"(-1.958077, 0.437224, 7.837461)",truck body CS,3.99329090118408,0.1,-1.34908008575439,1.20473492145538,10.1852684020996,-0.00102246595769,-179.533434786753,-0.00001025744986
713,left road,713,-2.20500016212463,0.0,6.5,-2.15000009536743,0.0,-0.44999998807907,-2.20500016212463,0.0,6.5,-1.34908008575439,1.20473492145538,10.1852684020996,-1.89541065692902,0.43575713038445,7.83297491073608,"(-1.895411, 0.435757, 7.832975)",truck body CS,3.97054004669189,0.1,-1.34908008575439,1.20473492145538,10.1852684020996,-0.00102246595769,-179.533434786753,-0.00001025744986
714,left road,714,-2.10500001907349,0.0,6.5,-2.04999995231628,0.0,-0.44999998807907,-2.10500001907349,0.0,6.5,-1.34908008575439,1.20473492145538,10.1852684020996,-1.83217453956604,0.43481102585793,7.83008098602295,"(-1.832175, 0.434811, 7.830081)",truck body CS,3.95019054412842,0.1,-1.34908008575439,1.20473492145538,10.1852684020996,-0.00102246595769,-179.533434786753,-0.00001025744986
715,left road,715,-2.00500011444092,0.0,6.5,-1.95000004768372,0.0,-0.44999998807907,-2.00500011444092,0.0,6.5,-1.34908008575439,1.20473492145538,10.1852684020996,-1.76861572265625,0.43416956067085,7.82811832427979,"(-1.768616, 0.43417, 7.828118)",truck body CS,3.93227934837341,0.1,-1.34908008575439,1.20473492145538,10.1852684020996,-0.00102246595769,-179.533434786753,-0.00001025744986
716,left road,716,-1.90499997138977,0.0,6.5,-1.85000002384186,0.0,-0.44999998807907,-1.90499997138977,0.0,6.5,-1.34908008575439,1.20473492145538,10.1852684020996,-1.70459091663361,0.4343067407608,7.828537940979,"(-1.704591, 0.434307, 7.828538)",truck body CS,3.91684007644653,0.1,-1.34908008575439,1.20473492145538,10.1852684020996,-0.00102246595769,-179.533434786753,-0.00001025744986
717,left road,717,-1.80499994754791,0.0,6.5,-1.75,0.0,-0.44999998807907,-1.80499994754791,0.0,6.5,-1.34908008575439,1.20473492145538,10.1852684020996,-1.64050078392029,0.43467682600021,7.82967042922974,"(-1.640501, 0.434677, 7.82967)",truck body CS,3.90390229225159,0.1,-1.34908008575439,1.20473492145538,10.1852684020996,-0.00102246595769,-179.533434786753,-0.00001025744986
718,left road,718,-1.70499992370605,0.0,6.5,-1.64999997615814,0.0,-0.44999998807907,-1.70499992370605,0.0,6.5,-1.34908008575439,1.20473492145538,10.1852684020996,-1.57626187801361,0.43575859069824,7.83297920227051,"(-1.576262, 0.435759, 7.832979)",truck body CS,3.89349055290222,0.1,-1.34908008575439,1.20473492145538,10.1852684020996,-0.00102246595769,-179.533434786753,-0.00001025744986
719,left road,719,-1.6049998998642,0.0,6.5,-1.54999995231628,0.0,-0.44999998807907,-1.6049998998642,0.0,6.5,-1.34908008575439,1.20473492145538,10.1852684020996,-1.51215028762817,0.43708661198616,7.8370418548584,"(-1.51215, 0.437087, 7.837042)",truck body CS,3.88562536239624,0.1,-1.34908008575439,1.20473492145538,10.1852684020996,-0.00102246595769,-179.533434786753,-0.00001025744986
720,left road,720,-1.50499999523163,0.0,6.5,-1.45000004768372,0.0,-0.44999998807907,-1.50499999523163,0.0,6.5,-1.34908008575439,1.20473492145538,10.1852684020996,-1.44822299480438,0.43869468569756,7.84196090698242,"(-1.448223, 0.438695, 7.841961)",truck body CS,3.88032221794128,0.1,-1.34908008575439,1.20473492145538,10.1852684020996,-0.00102246595769,-179.533434786753,-0.00001025744986
721,left road,721,-1.40499997138977,0.0,6.5,-1.35000002384186,0.0,-0.44999998807907,-1.40499997138977,0.0,6.5,-1.34908008575439,1.20473492145538,10.1852684020996,-1.38454747200012,0.44062867760658,7.84787702560425,"(-1.384547, 0.440629, 7.847877)",truck body CS,3.87759160995483,0.1,-1.34908008575439,1.20473492145538,10.1852684020996,-0.00102246595769,-179.533434786753,-0.00001025744986
722,left road,722,-1.30499994754791,0.0,6.5,-1.25,0.0,-0.44999998807907,-1.30499994754791,0.0,6.5,-1.34908008575439,1.20473492145538,10.1852684020996,-1.32121896743774,0.44327658414841,7.85597658157349,"(-1.321219, 0.443277, 7.855977)",truck body CS,3.87743902206421,0.1,-1.34908008575439,1.20473492145538,10.1852684020996,-0.00102246595769,-179.533434786753,-0.00001025744986
723,left road,723,-1.20499992370605,0.0,6.5,-1.14999997615814,0.0,-0.44999998807907,-1.20499992370605,0.0,6.5,-1.34908008575439,1.20473492145538,10.1852684020996,-1.25839066505432,0.4464299082756,7.86562252044678,"(-1.258391, 0.44643, 7.865623)",truck body CS,3.87986445426941,0.1,-1.34908008575439,1.20473492145538,10.1852684020996,-0.00102246595769,-179.533434786753,-0.00001025744986
724,left road,724,-1.1049998998642,0.0,6.5,-1.04999995231628,0.0,-0.44999998807907,-1.1049998998642,0.0,6.5,-1.34908008575439,1.20473492145538,10.1852684020996,-1.1961977481842,0.45013612508774,7.87696027755737,"(-1.196198, 0.450136, 7.87696)",truck body CS,3.88486361503601,0.1,-1.34908008575439,1.20473492145538,10.1852684020996,-0.00102246595769,-179.533434786753,-0.00001025744986
725,left road,725,-1.00499999523163,0.0,6.5,-0.94999998807907,0.0,-0.44999998807907,-1.00499999523163,0.0,6.5,-1.34908008575439,1.20473492145538,10.1852684020996,-1.13478970527649,0.45443540811539,7.89011144638062,"(-1.13479, 0.454435, 7.890111)",truck body CS,3.89242601394653,0.1,-1.34908008575439,1.20473492145538,10.1852684020996,-0.00102246595769,-179.533434786753,-0.00001025744986
726,left road,726,-0.90500003099442,0.0,6.5,-0.85000002384186,0.0,-0.44999998807907,-0.90500003099442,0.0,6.5,-1.34908008575439,1.20473492145538,10.1852684020996,-1.07504975795746,0.4613242149353,7.91118431091309,"(-1.07505, 0.461324, 7.911184)",truck body CS,3.90253710746765,0.1,-1.34908008575439,1.20473492145538,10.1852684020996,-0.00102246595769,-179.533434786753,-0.00001025744986
727,left road,727,-0.80500000715256,0.0,6.5,-0.75,0.0,-0.44999998807907,-0.80500000715256,0.0,6.5,-1.34908008575439,1.20473492145538,10.1852684020996,-1.0191091299057,0.47409337759018,7.95024490356445,"(-1.019109, 0.474093, 7.950245)",truck body CS,3.91517734527588,0.1,-1.34908008575439,1.20473492145538,10.1852684020996,-0.00102246595769,-179.533434786753,-0.00001025744986
728,left road,728,-0.7049999833107,0.0,6.5,-0.64999997615814,0.0,-0.44999998807907,-0.7049999833107,0.0,6.5,-1.34908008575439,1.20473492145538,10.1852684020996,-0.97210055589676,0.49960443377495,8.02828311920166,"(-0.972101, 0.499604, 8.028283)",truck body CS,3.93032169342041,0.1,-1.34908008575439,1.20473492145538,10.1852684020996,-0.00102246595769,-179.533434786753,-0.00001025744986
729,left road,729,-0.60500001907349,0.0,6.5,-0.55000001192093,0.0,-0.44999998807907,-0.60500001907349,0.0,6.5,-1.34908008575439,1.20473492145538,10.1852684020996,-0.93514573574066,0.53453654050827,8.13514041900635,"(-0.935146, 0.534537, 8.13514)",truck body CS,3.94794178009033,0.1,-1.34908008575439,1.20473492145538,10.1852684020996,-0.00102246595769,-179.533434786753,-0.00001025744986
730,left road,730,-0.50499999523163,0.0,6.5,-0.44999998807907,0.0,-0.44999998807907,-0.50499999523163,0.0,6.5,-1.34908008575439,1.20473492145538,10.1852684020996,-0.90329259634018,0.56847333908081,8.23895168304443,"(-0.903293, 0.568473, 8.238952)",truck body CS,3.96800470352173,0.1,-1.34908008575439,1.20473492145538,10.1852684020996,-0.00102246595769,-179.533434786753,-0.00001025744986
731,left road,731,-0.40500000119209,0.0,6.5,-0.34999999403954,0.0,-0.44999998807907,-0.40500000119209,0.0,6.5,-1.34908008575439,1.20473492145538,10.1852684020996,-0.880027115345,0.60617923736572,8.35429382324219,"(-0.880027, 0.606179, 8.354294)",truck body CS,3.99047327041626,0.1,-1.34908008575439,1.20473492145538,10.1852684020996,-0.00102246595769,-179.533434786753,-0.00001025744986
732,left road,732,-0.30500000715256,0.0,6.5,-0.25,0.0,-0.44999998807907,-0.30500000715256,0.0,6.5,-1.34908008575439,1.20473492145538,10.1852684020996,-0.8631597161293,0.64404487609863,8.47012424468994,"(-0.86316, 0.644045, 8.470124)",truck body CS,4.01530742645264,0.1,-1.34908008575439,1.20473492145538,10.1852684020996,-0.00102246595769,-179.533434786753,-0.00001025744986
733,left road,733,-0.20500001311302,0.0,6.5,-0.15000000596046,0.0,-0.44999998807907,-0.20500001311302,0.0,6.5,-1.34908008575439,1.20473492145538,10.1852684020996,-0.93178433179855,0.76531559228897,8.84109020233154,"(-0.931784, 0.765316, 8.84109)",truck body CS,4.0424633026123,0.1,-1.34908008575439,1.20473492145538,10.1852684020996,-0.00102246595769,-179.533434786753,-0.00001025744986
734,left road,734,-0.10500000417233,0.0,6.5,-0.05000000074506,0.0,-0.44999998807907,-0.10500000417233,0.0,6.5,-1.34908008575439,1.20473492145538,10.1852684020996,-0.89419937133789,0.76424014568329,8.83780002593994,"(-0.894199, 0.76424, 8.8378)",truck body CS,4.07189464569092,0.1,-1.34908008575439,1.20473492145538,10.1852684020996,-0.00102246595769,-179.533434786753,-0.00001025744986
735,left road,735,-0.00499999895692,0.0,6.5,0.05000000074506,0.0,-0.44999998807907,-0.00499999895692,0.0,6.5,-1.34908008575439,1.20473492145538,10.1852684020996,-0.85643011331558,0.76315951347351,8.83449459075928,"(-0.85643, 0.76316, 8.834495)",truck body CS,4.10355234146118,0.1,-1.34908008575439,1.20473492145538,10.1852684020996,-0.00102246595769,-179.533434786753,-0.00001025744986
736,left road,736,0.09500000625849,0.0,6.5,0.15000000596046,0.0,-0.44999998807907,0.09500000625849,0.0,6.5,-1.34908008575439,1.20473492145538,10.1852684020996,-0.84974336624146,0.78815937042236,8.91096878051758,"(-0.849743, 0.788159, 8.910969)",truck body CS,4.13738536834717,0.1,-1.34908008575439,1.20473492145538,10.1852684020996,-0.00102246595769,-179.533434786753,-0.00001025744986
737,left road,737,0.19499999284744,0.0,6.5,0.25,0.0,-0.44999998807907,0.19499999284744,0.0,6.5,-1.34908008575439,1.20473492145538,10.1852684020996,-0.85305148363113,0.81771922111511,9.00139236450195,"(-0.853051, 0.817719, 9.001392)",truck body CS,4.17334079742432,0.1,-1.34908008575439,1.20473492145538,10.1852684020996,-0.00102246595769,-179.533434786753,-0.00001025744986
738,left road,738,0.29499998688698,0.0,6.5,0.34999999403954,0.0,-0.44999998807907,0.29499998688698,0.0,6.5,-1.34908008575439,1.20473492145538,10.1852684020996,-0.85806024074554,0.84492951631546,9.08462810516357,"(-0.85806, 0.84493, 9.084628)",truck body CS,4.21136426925659,0.1,-1.34908008575439,1.20473492145538,10.1852684020996,-0.00102246595769,-179.533434786753,-0.00001025744986
739,left road,739,0.39499998092651,0.0,6.5,0.44999998807907,0.0,-0.44999998807907,0.39499998092651,0.0,6.5,-1.34908008575439,1.20473492145538,10.1852684020996,-0.88510811328888,0.8842431306839,9.20488739013672,"(-0.885108, 0.884243, 9.204887)",truck body CS,4.25140047073364,0.1,-1.34908008575439,1.20473492145538,10.1852684020996,-0.00102246595769,-179.533434786753,-0.00001025744986
740,left road,740,0.49500000476837,0.0,6.5,0.55000001192093,0.0,-0.44999998807907,0.49500000476837,0.0,6.5,-1.34908008575439,1.20473492145538,10.1852684020996,-0.87843888998032,0.89726555347443,9.24472332000732,"(-0.878439, 0.897266, 9.244723)",truck body CS,4.29339265823364,0.1,-1.34908008575439,1.20473492145538,10.1852684020996,-0.00102246595769,-179.533434786753,-0.00001025744986
741,left road,741,0.59499996900558,0.0,6.5,0.64999997615814,0.0,-0.44999998807907,0.59499996900558,0.0,6.5,-1.34908008575439,1.20473492145538,10.1852684020996,-0.86404532194138,0.90416169166565,9.26581859588623,"(-0.864045, 0.904162, 9.265819)",truck body CS,4.33728456497192,0.1,-1.34908008575439,1.20473492145538,10.1852684020996,-0.00102246595769,-179.533434786753,-0.00001025744986
742,left road,742,0.69499999284744,0.0,6.5,0.75,0.0,-0.44999998807907,0.69499999284744,0.0,6.5,-1.34908008575439,1.20473492145538,10.1852684020996,-0.87005877494812,0.92241048812866,9.32164096832275,"(-0.870059, 0.92241, 9.321641)",truck body CS,4.3830189704895,0.1,-1.34908008575439,1.20473492145538,10.1852684020996,-0.00102246595769,-179.533434786753,-0.00001025744986
743,left road,743,0.7950000166893,0.0,6.5,0.85000002384186,0.0,-0.44999998807907,0.7950000166893,0.0,6.5,-1.34908008575439,1.20473492145538,10.1852684020996,-0.87175565958023,0.93653154373169,9.36483669281006,"(-0.871756, 0.936532, 9.364837)",truck body CS,4.43053817749023,0.1,-1.34908008575439,1.20473492145538,10.1852684020996,-0.00102246595769,-179.533434786753,-0.00001025744986
744,left road,744,0.89499998092651,0.0,6.5,0.94999998807907,0.0,-0.44999998807907,0.89499998092651,0.0,6.5,-1.34908008575439,1.20473492145538,10.1852684020996,-0.87297004461288,0.94913500547409,9.40339088439941,"(-0.87297, 0.949135, 9.403391)",truck body CS,4.47978639602661,0.1,-1.34908008575439,1.20473492145538,10.1852684020996,-0.00102246595769,-179.533434786753,-0.00001025744986
745,left road,745,0.99499994516373,0.0,6.5,1.04999995231628,0.0,-0.44999998807907,0.99499994516373,0.0,6.5,-1.34908008575439,1.20473492145538,10.1852684020996,-0.87340444326401,0.96026241779327,9.43742942810059,"(-0.873404, 0.960262, 9.437429)",truck body CS,4.53070640563965,0.1,-1.34908008575439,1.20473492145538,10.1852684020996,-0.00102246595769,-179.533434786753,-0.00001025744986
746,left road,746,1.09500002861023,0.0,6.5,1.14999997615814,0.0,-0.44999998807907,1.09500002861023,0.0,6.5,-1.34908008575439,1.20473492145538,10.1852684020996,-0.87380236387253,0.9704612493515,9.4686279296875,"(-0.873802, 0.970461, 9.468628)",truck body CS,4.58324289321899,0.1,-1.34908008575439,1.20473492145538,10.1852684020996,-0.00102246595769,-179.533434786753,-0.00001025744986
747,left road,747,1.19500005245209,0.0,6.5,1.25,0.0,-0.44999998807907,1.19500005245209,0.0,6.5,-1.34908008575439,1.20473492145538,10.1852684020996,-0.87583607435226,0.98063278198242,9.49974155426025,"(-0.875836, 0.980633, 9.499742)",truck body CS,4.63734149932861,0.1,-1.34908008575439,1.20473492145538,10.1852684020996,-0.00102246595769,-179.533434786753,-0.00001025744986
748,left road,748,1.29500007629395,0.0,6.5,1.35000002384186,0.0,-0.44999998807907,1.29500007629395,0.0,6.5,-1.34908008575439,1.20473492145538,10.1852684020996,-0.88385778665543,0.99276340007782,9.53684902191162,"(-0.883858, 0.992763, 9.536849)",truck body CS,4.69294691085815,0.1,-1.34908008575439,1.20473492145538,10.1852684020996,-0.00102246595769,-179.533434786753,-0.00001025744986
749,left road,749,1.3950001001358,0.0,6.5,1.45000004768372,0.0,-0.44999998807907,1.3950001001358,0.0,6.5,-1.34908008575439,1.20473492145538,10.1852684020996,-0.89868575334549,1.00699818134308,9.58039379119873,"(-0.898686, 1.006998, 9.580394)",truck body CS,4.75000667572021,0.1,-1.34908008575439,1.20473492145538,10.1852684020996,-0.00102246595769,-179.533434786753,-0.00001025744986
750,left road,750,1.49500000476837,0.0,6.5,1.54999995231628,0.0,-0.44999998807907,1.49500000476837,0.0,6.5,-1.34908008575439,1.20473492145538,10.1852684020996,-0.91008049249649,1.01877737045288,9.61642646789551,"(-0.91008, 1.018777, 9.616426)",truck body CS,4.80846977233887,0.1,-1.34908008575439,1.20473492145538,10.1852684020996,-0.00102246595769,-179.533434786753,-0.00001025744986
751,left road,751,1.59500002861023,0.0,6.5,1.64999997615814,0.0,-0.44999998807907,1.59500002861023,0.0,6.5,-1.34908008575439,1.20473492145538,10.1852684020996,-0.91857016086578,1.02856755256653,9.6463737487793,"(-0.91857, 1.028568, 9.646374)",truck body CS,4.86828470230103,0.1,-1.34908008575439,1.20473492145538,10.1852684020996,-0.00102246595769,-179.533434786753,-0.00001025744986
752,left road,752,1.69500005245209,0.0,6.5,1.75,0.0,-0.44999998807907,1.69500005245209,0.0,6.5,-1.34908008575439,1.20473492145538,10.1852684020996,-0.92645728588104,1.03747630119324,9.67362594604492,"(-0.926457, 1.037476, 9.673626)",truck body CS,4.92940330505371,0.1,-1.34908008575439,1.20473492145538,10.1852684020996,-0.00102246595769,-179.533434786753,-0.00001025744986
753,left road,753,1.79500007629395,0.0,6.5,1.85000002384186,0.0,-0.44999998807907,1.79500007629395,0.0,6.5,-1.34908008575439,1.20473492145538,10.1852684020996,-1.30612301826477,1.18827486038208,10.1349172592163,"(-1.306123, 1.188275, 10.13492)",EyeArea,4.99177598953247,0.1,-1.34908008575439,1.20473492145538,10.1852684020996,-0.00102246595769,-179.533434786753,-0.00001025744986
754,left road,754,1.8950001001358,0.0,6.5,1.95000004768372,0.0,-0.44999998807907,1.8950001001358,0.0,6.5,-1.34908008575439,1.20473492145538,10.1852684020996,-0.99233853816986,1.07225394248962,9.78001022338867,"(-0.992339, 1.072254, 9.78001)",truck body CS,5.05535793304443,0.1,-1.34908008575439,1.20473492145538,10.1852684020996,-0.00102246595769,-179.533434786753,-0.00001025744986
755,left road,755,1.99500000476837,0.0,6.5,2.04999995231628,0.0,-0.44999998807907,1.99500000476837,0.0,6.5,-1.34908008575439,1.20473492145538,10.1852684020996,-0.98071193695068,1.07202696800232,9.77931594848633,"(-0.980712, 1.072027, 9.779316)",truck body CS,5.12010383605957,0.1,-1.34908008575439,1.20473492145538,10.1852684020996,-0.00102246595769,-179.533434786753,-0.00001025744986
756,left road,756,2.09500002861023,0.0,6.5,2.15000009536743,0.0,-0.44999998807907,2.09500002861023,0.0,6.5,-1.34908008575439,1.20473492145538,10.1852684020996,-0.96904498338699,1.07179927825928,9.77861881256104,"(-0.969045, 1.071799, 9.778619)",truck body CS,5.18596935272217,0.1,-1.34908008575439,1.20473492145538,10.1852684020996,-0.00102246595769,-179.533434786753,-0.00001025744986
757,left road,757,2.1949999332428,0.0,6.5,2.25,0.0,-0.44999998807907,2.1949999332428,0.0,6.5,-1.34908008575439,1.20473492145538,10.1852684020996,-0.98218762874603,1.08001756668091,9.80375862121582,"(-0.982188, 1.080018, 9.803759)",truck body CS,5.25291299819946,0.1,-1.34908008575439,1.20473492145538,10.1852684020996,-0.00102246595769,-179.533434786753,-0.00001025744986
758,left road,758,2.29499983787537,0.0,6.5,2.34999990463257,0.0,-0.44999998807907,2.29499983787537,0.0,6.5,-1.34908008575439,1.20473492145538,10.1852684020996,-0.94837409257889,1.07226121425629,9.78003215789795,"(-0.948374, 1.072261, 9.780032)",truck body CS,5.32089376449585,0.1,-1.34908008575439,1.20473492145538,10.1852684020996,-0.00102246595769,-179.533434786753,-0.00001025744986
759,left road,759,2.39499998092651,0.0,6.5,2.45000004768372,0.0,-0.44999998807907,2.39499998092651,0.0,6.5,-1.34908008575439,1.20473492145538,10.1852684020996,-0.94974708557129,1.07624125480652,9.79220676422119,"(-0.949747, 1.076241, 9.792207)",truck body CS,5.38987255096436,0.1,-1.34908008575439,1.20473492145538,10.1852684020996,-0.00102246595769,-179.533434786753,-0.00001025744986
760,left road,760,2.49499988555908,0.0,6.5,2.54999995231628,0.0,-0.44999998807907,2.49499988555908,0.0,6.5,-1.34908008575439,1.20473492145538,10.1852684020996,-0.95133262872696,1.08008074760437,9.80395221710205,"(-0.951333, 1.080081, 9.803952)",truck body CS,5.45981121063232,0.1,-1.34908008575439,1.20473492145538,10.1852684020996,-0.00102246595769,-179.533434786753,-0.00001025744986
761,left road,761,2.59500002861023,0.0,6.5,2.65000009536743,0.0,-0.44999998807907,2.59500002861023,0.0,6.5,-1.34908008575439,1.20473492145538,10.1852684020996,-0.95282602310181,1.08369755744934,9.81501579284668,"(-0.952826, 1.083698, 9.815016)",truck body CS,5.53067445755005,0.1,-1.34908008575439,1.20473492145538,10.1852684020996,-0.00102246595769,-179.533434786753,-0.00001025744986
762,left road,762,2.6949999332428,0.0,6.5,2.75,0.0,-0.44999998807907,2.6949999332428,0.0,6.5,-1.34908008575439,1.20473492145538,10.1852684020996,-0.95423477888107,1.0871102809906,9.82545566558838,"(-0.954235, 1.08711, 9.825456)",truck body CS,5.60242557525635,0.1,-1.34908008575439,1.20473492145538,10.1852684020996,-0.00102246595769,-179.533434786753,-0.00001025744986
763,left road,763,2.79499983787537,0.0,6.5,2.84999990463257,0.0,-0.44999998807907,2.79499983787537,0.0,6.5,-1.34908008575439,1.20473492145538,10.1852684020996,-0.95556735992432,1.09033584594727,9.83532238006592,"(-0.955567, 1.090336, 9.835322)",truck body CS,5.67503213882446,0.1,-1.34908008575439,1.20473492145538,10.1852684020996,-0.00102246595769,-179.533434786753,-0.00001025744986
764,left road,764,2.89499998092651,0.0,6.5,2.95000004768372,0.0,-0.44999998807907,2.89499998092651,0.0,6.5,-1.34908008575439,1.20473492145538,10.1852684020996,-0.95664703845978,1.09333777427673,9.84450531005859,"(-0.956647, 1.093338, 9.844505)",truck body CS,5.74846076965332,0.1,-1.34908008575439,1.20473492145538,10.1852684020996,-0.00102246595769,-179.533434786753,-0.00001025744986
765,left road,765,2.99499988555908,0.0,6.5,3.04999995231628,0.0,-0.44999998807907,2.99499988555908,0.0,6.5,-1.34908008575439,1.20473492145538,10.1852684020996,-0.95765763521194,1.09618246555328,9.8532075881958,"(-0.957658, 1.096182, 9.853208)",truck body CS,5.82268142700195,0.1,-1.34908008575439,1.20473492145538,10.1852684020996,-0.00102246595769,-179.533434786753,-0.00001025744986
766,left road,766,3.09500002861023,0.0,6.5,3.15000009536743,0.0,-0.44999998807907,3.09500002861023,0.0,6.5,-1.34908008575439,1.20473492145538,10.1852684020996,-0.95862931013107,1.0988883972168,9.86148452758789,"(-0.958629, 1.098888, 9.861485)",truck body CS,5.89766407012939,0.1,-1.34908008575439,1.20473492145538,10.1852684020996,-0.00102246595769,-179.533434786753,-0.00001025744986
767,left road,767,3.1949999332428,0.0,6.5,3.25,0.0,-0.44999998807907,3.1949999332428,0.0,6.5,-1.34908008575439,1.20473492145538,10.1852684020996,-0.95962852239609,1.10148286819458,9.86942100524902,"(-0.959629, 1.101483, 9.869421)",truck body CS,5.97337865829468,0.1,-1.34908008575439,1.20473492145538,10.1852684020996,-0.00102246595769,-179.533434786753,-0.00001025744986
768,left road,768,3.29499983787537,0.0,6.5,3.34999990463257,0.0,-0.44999998807907,3.29499983787537,0.0,6.5,-1.34908008575439,1.20473492145538,10.1852684020996,-0.96098399162292,1.10405778884888,9.87729740142822,"(-0.960984, 1.104058, 9.877297)",truck body CS,6.0497989654541,0.1,-1.34908008575439,1.20473492145538,10.1852684020996,-0.00102246595769,-179.533434786753,-0.00001025744986
769,left road,769,3.39499998092651,0.0,6.5,3.45000004768372,0.0,-0.44999998807907,3.39499998092651,0.0,6.5,-1.34908008575439,1.20473492145538,10.1852684020996,-0.96147280931473,1.10630393028259,9.88416862487793,"(-0.961473, 1.106304, 9.884169)",truck body CS,6.12689876556396,0.1,-1.34908008575439,1.20473492145538,10.1852684020996,-0.00102246595769,-179.533434786753,-0.00001025744986
770,left road,770,-3.50500011444092,0.0,6.59999990463257,-3.45000004768372,0.0,-0.34999999403954,-3.50500011444092,0.0,6.59999990463257,-1.34908008575439,1.20473492145538,10.1852684020996,-2.56856322288513,0.52328383922577,8.15728187561035,"(-2.568563, 0.523284, 8.157282)",truck body CS,4.35356473922729,0.1,-1.34908008575439,1.20473492145538,10.1852684020996,-0.00102246595769,-179.533434786753,-0.00001025744986
771,left road,771,-3.40499997138977,0.0,6.59999990463257,-3.34999990463257,0.0,-0.34999999403954,-3.40499997138977,0.0,6.59999990463257,-1.34908008575439,1.20473492145538,10.1852684020996,-2.54907035827637,0.50156033039093,8.09263324737549,"(-2.54907, 0.50156, 8.092633)",truck body CS,4.30492067337036,0.1,-1.34908008575439,1.20473492145538,10.1852684020996,-0.00102246595769,-179.533434786753,-0.00001025744986
772,left road,772,-3.3050000667572,0.0,6.59999990463257,-3.25,0.0,-0.34999999403954,-3.3050000667572,0.0,6.59999990463257,-1.34908008575439,1.20473492145538,10.1852684020996,-2.5260055065155,0.47981601953506,8.02792263031006,"(-2.526006, 0.479816, 8.027923)",truck body CS,4.25806999206543,0.1,-1.34908008575439,1.20473492145538,10.1852684020996,-0.00102246595769,-179.533434786753,-0.00001025744986
773,left road,773,-3.20500016212463,0.0,6.59999990463257,-3.15000009536743,0.0,-0.34999999403954,-3.20500016212463,0.0,6.59999990463257,-1.34908008575439,1.20473492145538,10.1852684020996,-2.49614763259888,0.46013796329498,7.96936130523682,"(-2.496148, 0.460138, 7.969361)",truck body CS,4.21307182312012,0.1,-1.34908008575439,1.20473492145538,10.1852684020996,-0.00102246595769,-179.533434786753,-0.00001025744986
774,left road,774,-3.10500001907349,0.0,6.59999990463257,-3.04999995231628,0.0,-0.34999999403954,-3.10500001907349,0.0,6.59999990463257,-1.34908008575439,1.20473492145538,10.1852684020996,-2.45199465751648,0.44802612066269,7.93331623077393,"(-2.451995, 0.448026, 7.933316)",truck body CS,4.16998672485352,0.1,-1.34908008575439,1.20473492145538,10.1852684020996,-0.00102246595769,-179.533434786753,-0.00001025744986
775,left road,775,-3.00500011444092,0.0,6.59999990463257,-2.95000004768372,0.0,-0.34999999403954,-3.00500011444092,0.0,6.59999990463257,-1.34908008575439,1.20473492145538,10.1852684020996,-2.39768981933594,0.44183751940727,7.9148998260498,"(-2.39769, 0.441838, 7.9149)",truck body CS,4.12887477874756,0.1,-1.34908008575439,1.20473492145538,10.1852684020996,-0.00102246595769,-179.533434786753,-0.00001025744986
776,left road,776,-2.90499997138977,0.0,6.59999990463257,-2.84999990463257,0.0,-0.34999999403954,-2.90499997138977,0.0,6.59999990463257,-1.34908008575439,1.20473492145538,10.1852684020996,-2.33983111381531,0.43760502338409,7.90230369567871,"(-2.339831, 0.437605, 7.902304)",truck body CS,4.08979511260986,0.1,-1.34908008575439,1.20473492145538,10.1852684020996,-0.00102246595769,-179.533434786753,-0.00001025744986
777,left road,777,-2.8050000667572,0.0,6.59999990463257,-2.75,0.0,-0.34999999403954,-2.8050000667572,0.0,6.59999990463257,-1.34908008575439,1.20473492145538,10.1852684020996,-2.2819390296936,0.43281888961792,7.88806009292603,"(-2.281939, 0.432819, 7.88806)",truck body CS,4.05280637741089,0.1,-1.34908008575439,1.20473492145538,10.1852684020996,-0.00102246595769,-179.533434786753,-0.00001025744986
778,left road,778,-2.70500016212463,0.0,6.59999990463257,-2.65000009536743,0.0,-0.34999999403954,-2.70500016212463,0.0,6.59999990463257,-1.34908008575439,1.20473492145538,10.1852684020996,-2.2223494052887,0.42883497476578,7.8762035369873,"(-2.222349, 0.428835, 7.876204)",truck body CS,4.01796627044678,0.1,-1.34908008575439,1.20473492145538,10.1852684020996,-0.00102246595769,-179.533434786753,-0.00001025744986
779,left road,779,-2.60500001907349,0.0,6.59999990463257,-2.54999995231628,0.0,-0.34999999403954,-2.60500001907349,0.0,6.59999990463257,-1.34908008575439,1.20473492145538,10.1852684020996,-2.16123652458191,0.42567783594131,7.86680889129639,"(-2.161237, 0.425678, 7.866809)",truck body CS,3.98533201217651,0.1,-1.34908008575439,1.20473492145538,10.1852684020996,-0.00102246595769,-179.533434786753,-0.00001025744986
780,left road,780,-2.50500011444092,0.0,6.59999990463257,-2.45000004768372,0.0,-0.34999999403954,-2.50500011444092,0.0,6.59999990463257,-1.34908008575439,1.20473492145538,10.1852684020996,-2.09892892837524,0.4232195019722,7.85949230194092,"(-2.098929, 0.42322, 7.859492)",truck body CS,3.9549572467804,0.1,-1.34908008575439,1.20473492145538,10.1852684020996,-0.00102246595769,-179.533434786753,-0.00001025744986
781,left road,781,-2.40499997138977,0.0,6.59999990463257,-2.34999990463257,0.0,-0.34999999403954,-2.40499997138977,0.0,6.59999990463257,-1.34908008575439,1.20473492145538,10.1852684020996,-2.03626298904419,0.42070445418358,7.85200786590576,"(-2.036263, 0.420704, 7.852008)",truck body CS,3.92689490318298,0.1,-1.34908008575439,1.20473492145538,10.1852684020996,-0.00102246595769,-179.533434786753,-0.00001025744986
782,left road,782,-2.3050000667572,0.0,6.59999990463257,-2.25,0.0,-0.34999999403954,-2.3050000667572,0.0,6.59999990463257,-1.34908008575439,1.20473492145538,10.1852684020996,-1.97297263145447,0.41845032572746,7.84529972076416,"(-1.972973, 0.41845, 7.8453)",truck body CS,3.90119457244873,0.1,-1.34908008575439,1.20473492145538,10.1852684020996,-0.00102246595769,-179.533434786753,-0.00001025744986
783,left road,783,-2.20500016212463,0.0,6.59999990463257,-2.15000009536743,0.0,-0.34999999403954,-2.20500016212463,0.0,6.59999990463257,-1.34908008575439,1.20473492145538,10.1852684020996,-1.90891635417938,0.41674739122391,7.84023189544678,"(-1.908916, 0.416747, 7.840232)",truck body CS,3.8779034614563,0.1,-1.34908008575439,1.20473492145538,10.1852684020996,-0.00102246595769,-179.533434786753,-0.00001025744986
784,left road,784,-2.10500001907349,0.0,6.59999990463257,-2.04999995231628,0.0,-0.34999999403954,-2.10500001907349,0.0,6.59999990463257,-1.34908008575439,1.20473492145538,10.1852684020996,-1.84432792663574,0.41544178128242,7.83634662628174,"(-1.844328, 0.415442, 7.836347)",truck body CS,3.85706520080566,0.1,-1.34908008575439,1.20473492145538,10.1852684020996,-0.00102246595769,-179.533434786753,-0.00001025744986
785,left road,785,-2.00500011444092,0.0,6.59999990463257,-1.95000004768372,0.0,-0.34999999403954,-2.00500011444092,0.0,6.59999990463257,-1.34908008575439,1.20473492145538,10.1852684020996,-1.77923679351807,0.41466170549393,7.83402442932129,"(-1.779237, 0.414662, 7.834024)",truck body CS,3.83871960639954,0.1,-1.34908008575439,1.20473492145538,10.1852684020996,-0.00102246595769,-179.533434786753,-0.00001025744986
786,left road,786,-1.90499997138977,0.0,6.59999990463257,-1.85000002384186,0.0,-0.34999999403954,-1.90499997138977,0.0,6.59999990463257,-1.34908008575439,1.20473492145538,10.1852684020996,-1.71368181705475,0.41460576653481,7.83385848999023,"(-1.713682, 0.414606, 7.833858)",truck body CS,3.82290244102478,0.1,-1.34908008575439,1.20473492145538,10.1852684020996,-0.00102246595769,-179.533434786753,-0.00001025744986
787,left road,787,-1.80499994754791,0.0,6.59999990463257,-1.75,0.0,-0.34999999403954,-1.80499994754791,0.0,6.59999990463257,-1.34908008575439,1.20473492145538,10.1852684020996,-1.64794087409973,0.41501694917679,7.83508205413818,"(-1.647941, 0.415017, 7.835082)",truck body CS,3.809645652771,0.1,-1.34908008575439,1.20473492145538,10.1852684020996,-0.00102246595769,-179.533434786753,-0.00001025744986
788,left road,788,-1.70499992370605,0.0,6.59999990463257,-1.64999997615814,0.0,-0.34999999403954,-1.70499992370605,0.0,6.59999990463257,-1.34908008575439,1.20473492145538,10.1852684020996,-1.58203887939453,0.41620415449142,7.83861541748047,"(-1.582039, 0.416204, 7.838615)",truck body CS,3.79897546768188,0.1,-1.34908008575439,1.20473492145538,10.1852684020996,-0.00102246595769,-179.533434786753,-0.00001025744986
789,left road,789,-1.6049998998642,0.0,6.59999990463257,-1.54999995231628,0.0,-0.34999999403954,-1.6049998998642,0.0,6.59999990463257,-1.34908008575439,1.20473492145538,10.1852684020996,-1.5162878036499,0.41760951280594,7.84279727935791,"(-1.516288, 0.41761, 7.842797)",truck body CS,3.79091429710388,0.1,-1.34908008575439,1.20473492145538,10.1852684020996,-0.00102246595769,-179.533434786753,-0.00001025744986
790,left road,790,-1.50499999523163,0.0,6.59999990463257,-1.45000004768372,0.0,-0.34999999403954,-1.50499999523163,0.0,6.59999990463257,-1.34908008575439,1.20473492145538,10.1852684020996,-1.45067870616913,0.41972011327744,7.84907817840576,"(-1.450679, 0.41972, 7.849078)",truck body CS,3.78547859191895,0.1,-1.34908008575439,1.20473492145538,10.1852684020996,-0.00102246595769,-179.533434786753,-0.00001025744986
791,left road,791,-1.40499997138977,0.0,6.59999990463257,-1.35000002384186,0.0,-0.34999999403954,-1.40499997138977,0.0,6.59999990463257,-1.34908008575439,1.20473492145538,10.1852684020996,-1.38540041446686,0.42225283384323,7.85661602020264,"(-1.3854, 0.422253, 7.856616)",truck body CS,3.78267931938171,0.1,-1.34908008575439,1.20473492145538,10.1852684020996,-0.00102246595769,-179.533434786753,-0.00001025744986
792,left road,792,-1.30499994754791,0.0,6.59999990463257,-1.25,0.0,-0.34999999403954,-1.30499994754791,0.0,6.59999990463257,-1.34908008575439,1.20473492145538,10.1852684020996,-1.3205451965332,0.42485925555229,7.86437225341797,"(-1.320545, 0.424859, 7.864372)",truck body CS,3.78252291679382,0.1,-1.34908008575439,1.20473492145538,10.1852684020996,-0.00102246595769,-179.533434786753,-0.00001025744986
793,left road,793,-1.20499992370605,0.0,6.59999990463257,-1.14999997615814,0.0,-0.34999999403954,-1.20499992370605,0.0,6.59999990463257,-1.34908008575439,1.20473492145538,10.1852684020996,-1.25621104240417,0.42820519208908,7.87433004379272,"(-1.256211, 0.428205, 7.87433)",truck body CS,3.78500914573669,0.1,-1.34908008575439,1.20473492145538,10.1852684020996,-0.00102246595769,-179.533434786753,-0.00001025744986
794,left road,794,-1.1049998998642,0.0,6.59999990463257,-1.04999995231628,0.0,-0.34999999403954,-1.1049998998642,0.0,6.59999990463257,-1.34908008575439,1.20473492145538,10.1852684020996,-1.19272553920746,0.43299776315689,7.88859272003174,"(-1.192726, 0.432998, 7.888593)",truck body CS,3.79013347625732,0.1,-1.34908008575439,1.20473492145538,10.1852684020996,-0.00102246595769,-179.533434786753,-0.00001025744986
795,left road,795,-1.00499999523163,0.0,6.59999990463257,-0.94999998807907,0.0,-0.34999999403954,-1.00499999523163,0.0,6.59999990463257,-1.34908008575439,1.20473492145538,10.1852684020996,-1.12999284267426,0.43764007091522,7.90240812301636,"(-1.129993, 0.43764, 7.902408)",truck body CS,3.79788446426392,0.1,-1.34908008575439,1.20473492145538,10.1852684020996,-0.00102246595769,-179.533434786753,-0.00001025744986
796,left road,796,-0.90500003099442,0.0,6.59999990463257,-0.85000002384186,0.0,-0.34999999403954,-0.90500003099442,0.0,6.59999990463257,-1.34908008575439,1.20473492145538,10.1852684020996,-1.06822693347931,0.44281452894211,7.91780710220337,"(-1.068227, 0.442815, 7.917807)",truck body CS,3.80824661254883,0.1,-1.34908008575439,1.20473492145538,10.1852684020996,-0.00102246595769,-179.533434786753,-0.00001025744986
797,left road,797,-0.80500000715256,0.0,6.59999990463257,-0.75,0.0,-0.34999999403954,-0.80500000715256,0.0,6.59999990463257,-1.34908008575439,1.20473492145538,10.1852684020996,-1.01104152202606,0.4562294781208,7.95772933959961,"(-1.011042, 0.456229, 7.957729)",truck body CS,3.82119870185852,0.1,-1.34908008575439,1.20473492145538,10.1852684020996,-0.00102246595769,-179.533434786753,-0.00001025744986
798,left road,798,-0.7049999833107,0.0,6.59999990463257,-0.64999997615814,0.0,-0.34999999403954,-0.7049999833107,0.0,6.59999990463257,-1.34908008575439,1.20473492145538,10.1852684020996,-0.96550625562668,0.48727011680603,8.05010604858398,"(-0.965506, 0.48727, 8.050106)",truck body CS,3.83671402931213,0.1,-1.34908008575439,1.20473492145538,10.1852684020996,-0.00102246595769,-179.533434786753,-0.00001025744986
799,left road,799,-0.60500001907349,0.0,6.59999990463257,-0.55000001192093,0.0,-0.34999999403954,-0.60500001907349,0.0,6.59999990463257,-1.34908008575439,1.20473492145538,10.1852684020996,-0.92923730611801,0.52497029304504,8.1623010635376,"(-0.929237, 0.52497, 8.162301)",truck body CS,3.85476207733154,0.1,-1.34908008575439,1.20473492145538,10.1852684020996,-0.00102246595769,-179.533434786753,-0.00001025744986
800,left road,800,-0.50499999523163,0.0,6.59999990463257,-0.44999998807907,0.0,-0.34999999403954,-0.50499999523163,0.0,6.59999990463257,-1.34908008575439,1.20473492145538,10.1852684020996,-0.89795958995819,0.56086164712906,8.26911354064941,"(-0.89796, 0.560862, 8.269114)",truck body CS,3.87530732154846,0.1,-1.34908008575439,1.20473492145538,10.1852684020996,-0.00102246595769,-179.533434786753,-0.00001025744986
801,left road,801,-0.40500000119209,0.0,6.59999990463257,-0.34999999403954,0.0,-0.34999999403954,-0.40500000119209,0.0,6.59999990463257,-1.34908008575439,1.20473492145538,10.1852684020996,-0.87545585632324,0.60034584999084,8.38661670684814,"(-0.875456, 0.600346, 8.386617)",truck body CS,3.89831018447876,0.1,-1.34908008575439,1.20473492145538,10.1852684020996,-0.00102246595769,-179.533434786753,-0.00001025744986
802,left road,802,-0.30500000715256,0.0,6.59999990463257,-0.25,0.0,-0.34999999403954,-0.30500000715256,0.0,6.59999990463257,-1.34908008575439,1.20473492145538,10.1852684020996,-0.96540200710297,0.76201945543289,8.86775493621826,"(-0.965402, 0.762019, 8.867755)",truck body CS,3.9237277507782,0.1,-1.34908008575439,1.20473492145538,10.1852684020996,-0.00102246595769,-179.533434786753,-0.00001025744986
803,left road,803,-0.20500001311302,0.0,6.59999990463257,-0.15000000596046,0.0,-0.34999999403954,-0.20500001311302,0.0,6.59999990463257,-1.34908008575439,1.20473492145538,10.1852684020996,-0.92761754989624,0.76092803478241,8.86450672149658,"(-0.927618, 0.760928, 8.864507)",truck body CS,3.95151305198669,0.1,-1.34908008575439,1.20473492145538,10.1852684020996,-0.00102246595769,-179.533434786753,-0.00001025744986
804,left road,804,-0.10500000417233,0.0,6.59999990463257,-0.05000000074506,0.0,-0.34999999403954,-0.10500000417233,0.0,6.59999990463257,-1.34908008575439,1.20473492145538,10.1852684020996,-0.8896461725235,0.75983095169067,8.86124134063721,"(-0.889646, 0.759831, 8.861241)",truck body CS,3.98161673545837,0.1,-1.34908008575439,1.20473492145538,10.1852684020996,-0.00102246595769,-179.533434786753,-0.00001025744986
805,left road,805,-0.00499999895692,0.0,6.59999990463257,0.05000000074506,0.0,-0.34999999403954,-0.00499999895692,0.0,6.59999990463257,-1.34908008575439,1.20473492145538,10.1852684020996,-0.85148656368256,0.75872850418091,8.85796070098877,"(-0.851487, 0.758729, 8.857961)",truck body CS,4.01398658752441,0.1,-1.34908008575439,1.20473492145538,10.1852684020996,-0.00102246595769,-179.533434786753,-0.00001025744986
806,left road,806,0.09500000625849,0.0,6.59999990463257,0.15000000596046,0.0,-0.34999999403954,0.09500000625849,0.0,6.59999990463257,-1.34908008575439,1.20473492145538,10.1852684020996,-0.84842151403427,0.78705668449402,8.94226551055908,"(-0.848422, 0.787057, 8.942266)",truck body CS,4.04856824874878,0.1,-1.34908008575439,1.20473492145538,10.1852684020996,-0.00102246595769,-179.533434786753,-0.00001025744986
807,left road,807,0.19499999284744,0.0,6.59999990463257,0.25,0.0,-0.34999999403954,0.19499999284744,0.0,6.59999990463257,-1.34908008575439,1.20473492145538,10.1852684020996,-0.85279792547226,0.81752157211304,9.03292846679688,"(-0.852798, 0.817522, 9.032928)",truck body CS,4.08530521392822,0.1,-1.34908008575439,1.20473492145538,10.1852684020996,-0.00102246595769,-179.533434786753,-0.00001025744986
808,left road,808,0.29499998688698,0.0,6.59999990463257,0.34999999403954,0.0,-0.34999999403954,0.29499998688698,0.0,6.59999990463257,-1.34908008575439,1.20473492145538,10.1852684020996,-0.85706132650375,0.84419763088226,9.11231517791748,"(-0.857061, 0.844198, 9.112315)",truck body CS,4.12414073944092,0.1,-1.34908008575439,1.20473492145538,10.1852684020996,-0.00102246595769,-179.533434786753,-0.00001025744986
809,left road,809,0.39499998092651,0.0,6.59999990463257,0.44999998807907,0.0,-0.34999999403954,0.39499998092651,0.0,6.59999990463257,-1.34908008575439,1.20473492145538,10.1852684020996,-0.86817222833633,0.87254464626312,9.19667530059814,"(-0.868172, 0.872545, 9.196675)",truck body CS,4.16501522064209,0.1,-1.34908008575439,1.20473492145538,10.1852684020996,-0.00102246595769,-179.533434786753,-0.00001025744986
810,left road,810,0.49500000476837,0.0,6.59999990463257,0.55000001192093,0.0,-0.34999999403954,0.49500000476837,0.0,6.59999990463257,-1.34908008575439,1.20473492145538,10.1852684020996,-0.86684834957123,0.88969355821609,9.24771022796631,"(-0.866848, 0.889694, 9.24771)",truck body CS,4.20786952972412,0.1,-1.34908008575439,1.20473492145538,10.1852684020996,-0.00102246595769,-179.533434786753,-0.00001025744986
811,left road,811,0.59499996900558,0.0,6.59999990463257,0.64999997615814,0.0,-0.34999999403954,0.59499996900558,0.0,6.59999990463257,-1.34908008575439,1.20473492145538,10.1852684020996,-0.86389565467834,0.90406900644302,9.29049110412598,"(-0.863896, 0.904069, 9.290491)",truck body CS,4.25264453887939,0.1,-1.34908008575439,1.20473492145538,10.1852684020996,-0.00102246595769,-179.533434786753,-0.00001025744986
812,left road,812,0.69499999284744,0.0,6.59999990463257,0.75,0.0,-0.34999999403954,0.69499999284744,0.0,6.59999990463257,-1.34908008575439,1.20473492145538,10.1852684020996,-0.86925530433655,0.92193692922592,9.34366607666016,"(-0.869255, 0.921937, 9.343666)",truck body CS,4.2992787361145,0.1,-1.34908008575439,1.20473492145538,10.1852684020996,-0.00102246595769,-179.533434786753,-0.00001025744986
813,left road,813,0.7950000166893,0.0,6.59999990463257,0.85000002384186,0.0,-0.34999999403954,0.7950000166893,0.0,6.59999990463257,-1.34908008575439,1.20473492145538,10.1852684020996,-0.87105131149292,0.93613588809967,9.38592147827148,"(-0.871051, 0.936136, 9.385921)",truck body CS,4.34771394729614,0.1,-1.34908008575439,1.20473492145538,10.1852684020996,-0.00102246595769,-179.533434786753,-0.00001025744986
814,left road,814,0.89499998092651,0.0,6.59999990463257,0.94999998807907,0.0,-0.34999999403954,0.89499998092651,0.0,6.59999990463257,-1.34908008575439,1.20473492145538,10.1852684020996,-0.87266236543655,0.94896996021271,9.42411613464355,"(-0.872662, 0.94897, 9.424116)",truck body CS,4.39788913726807,0.1,-1.34908008575439,1.20473492145538,10.1852684020996,-0.00102246595769,-179.533434786753,-0.00001025744986
815,left road,815,0.99499994516373,0.0,6.59999990463257,1.04999995231628,0.0,-0.34999999403954,0.99499994516373,0.0,6.59999990463257,-1.34908008575439,1.20473492145538,10.1852684020996,-0.87309944629669,0.96010565757751,9.45725536346436,"(-0.873099, 0.960106, 9.457255)",truck body CS,4.44974708557129,0.1,-1.34908008575439,1.20473492145538,10.1852684020996,-0.00102246595769,-179.533434786753,-0.00001025744986
816,left road,816,1.09500002861023,0.0,6.59999990463257,1.14999997615814,0.0,-0.34999999403954,1.09500002861023,0.0,6.59999990463257,-1.34908008575439,1.20473492145538,10.1852684020996,-0.87350070476532,0.97031259536743,9.48763084411621,"(-0.873501, 0.970313, 9.487631)",truck body CS,4.50322818756104,0.1,-1.34908008575439,1.20473492145538,10.1852684020996,-0.00102246595769,-179.533434786753,-0.00001025744986
817,left road,817,1.19500005245209,0.0,6.59999990463257,1.25,0.0,-0.34999999403954,1.19500005245209,0.0,6.59999990463257,-1.34908008575439,1.20473492145538,10.1852684020996,-0.87576401233673,0.98059868812561,9.51824188232422,"(-0.875764, 0.980599, 9.518242)",truck body CS,4.55827617645264,0.1,-1.34908008575439,1.20473492145538,10.1852684020996,-0.00102246595769,-179.533434786753,-0.00001025744986
818,left road,818,1.29500007629395,0.0,6.59999990463257,1.35000002384186,0.0,-0.34999999403954,1.29500007629395,0.0,6.59999990463257,-1.34908008575439,1.20473492145538,10.1852684020996,-0.88384008407593,0.99275541305542,9.55442047119141,"(-0.88384, 0.992755, 9.55442)",truck body CS,4.61483430862427,0.1,-1.34908008575439,1.20473492145538,10.1852684020996,-0.00102246595769,-179.533434786753,-0.00001025744986
819,left road,819,1.3950001001358,0.0,6.59999990463257,1.45000004768372,0.0,-0.34999999403954,1.3950001001358,0.0,6.59999990463257,-1.34908008575439,1.20473492145538,10.1852684020996,-0.89861482381821,1.00696694850922,9.59671401977539,"(-0.898615, 1.006967, 9.596714)",truck body CS,4.67284822463989,0.1,-1.34908008575439,1.20473492145538,10.1852684020996,-0.00102246595769,-179.533434786753,-0.00001025744986
820,left road,820,1.49500000476837,0.0,6.59999990463257,1.54999995231628,0.0,-0.34999999403954,1.49500000476837,0.0,6.59999990463257,-1.34908008575439,1.20473492145538,10.1852684020996,-0.90996271371841,1.01872754096985,9.63171291351318,"(-0.909963, 1.018728, 9.631713)",truck body CS,4.73226451873779,0.1,-1.34908008575439,1.20473492145538,10.1852684020996,-0.00102246595769,-179.533434786753,-0.00001025744986
821,left road,821,1.59500002861023,0.0,6.59999990463257,1.64999997615814,0.0,-0.34999999403954,1.59500002861023,0.0,6.59999990463257,-1.34908008575439,1.20473492145538,10.1852684020996,-0.91852450370789,1.02854895591736,9.6609411239624,"(-0.918525, 1.028549, 9.660941)",truck body CS,4.79303073883057,0.1,-1.34908008575439,1.20473492145538,10.1852684020996,-0.00102246595769,-179.533434786753,-0.00001025744986
822,left road,822,1.69500005245209,0.0,6.59999990463257,1.75,0.0,-0.34999999403954,1.69500005245209,0.0,6.59999990463257,-1.34908008575439,1.20473492145538,10.1852684020996,-0.92671006917953,1.03757643699646,9.68780708312988,"(-0.92671, 1.037576, 9.687807)",truck body CS,4.85509634017944,0.1,-1.34908008575439,1.20473492145538,10.1852684020996,-0.00102246595769,-179.533434786753,-0.00001025744986
823,left road,823,1.79500007629395,0.0,6.59999990463257,1.85000002384186,0.0,-0.34999999403954,1.79500007629395,0.0,6.59999990463257,-1.34908008575439,1.20473492145538,10.1852684020996,-1.00137662887573,1.07150340080261,9.78877258300781,"(-1.001377, 1.071503, 9.788773)",truck body CS,4.91841220855713,0.1,-1.34908008575439,1.20473492145538,10.1852684020996,-0.00102246595769,-179.533434786753,-0.00001025744986
824,left road,824,1.8950001001358,0.0,6.59999990463257,1.95000004768372,0.0,-0.34999999403954,1.8950001001358,0.0,6.59999990463257,-1.34908008575439,1.20473492145538,10.1852684020996,-0.98199307918549,1.06841194629669,9.77957344055176,"(-0.981993, 1.068412, 9.779573)",truck body CS,4.98293018341064,0.1,-1.34908008575439,1.20473492145538,10.1852684020996,-0.00102246595769,-179.533434786753,-0.00001025744986
825,left road,825,1.99500000476837,0.0,6.59999990463257,2.04999995231628,0.0,-0.34999999403954,1.99500000476837,0.0,6.59999990463257,-1.34908008575439,1.20473492145538,10.1852684020996,-0.97001016139984,1.06817150115967,9.77885723114014,"(-0.97001, 1.068172, 9.778857)",truck body CS,5.0486044883728,0.1,-1.34908008575439,1.20473492145538,10.1852684020996,-0.00102246595769,-179.533434786753,-0.00001025744986
826,left road,826,2.09500002861023,0.0,6.59999990463257,2.15000009536743,0.0,-0.34999999403954,2.09500002861023,0.0,6.59999990463257,-1.34908008575439,1.20473492145538,10.1852684020996,-0.95804566144943,1.06795144081116,9.77820205688477,"(-0.958046, 1.067951, 9.778202)",truck body CS,5.11539077758789,0.1,-1.34908008575439,1.20473492145538,10.1852684020996,-0.00102246595769,-179.533434786753,-0.00001025744986
827,left road,827,2.1949999332428,0.0,6.59999990463257,2.25,0.0,-0.34999999403954,2.1949999332428,0.0,6.59999990463257,-1.34908008575439,1.20473492145538,10.1852684020996,-0.94753819704056,1.06823921203613,9.77905941009521,"(-0.947538, 1.068239, 9.779059)",truck body CS,5.18324613571167,0.1,-1.34908008575439,1.20473492145538,10.1852684020996,-0.00102246595769,-179.533434786753,-0.00001025744986
828,left road,828,2.29499983787537,0.0,6.59999990463257,2.34999990463257,0.0,-0.34999999403954,2.29499983787537,0.0,6.59999990463257,-1.34908008575439,1.20473492145538,10.1852684020996,-0.94800037145615,1.07213771343231,9.7906608581543,"(-0.948, 1.072138, 9.790661)",truck body CS,5.25212860107422,0.1,-1.34908008575439,1.20473492145538,10.1852684020996,-0.00102246595769,-179.533434786753,-0.00001025744986
829,left road,829,2.39499998092651,0.0,6.59999990463257,2.45000004768372,0.0,-0.34999999403954,2.39499998092651,0.0,6.59999990463257,-1.34908008575439,1.20473492145538,10.1852684020996,-0.94968873262405,1.07622253894806,9.80281734466553,"(-0.949689, 1.076223, 9.802817)",truck body CS,5.32199859619141,0.1,-1.34908008575439,1.20473492145538,10.1852684020996,-0.00102246595769,-179.533434786753,-0.00001025744986
830,left road,830,2.49499988555908,0.0,6.59999990463257,2.54999995231628,0.0,-0.34999999403954,2.49499988555908,0.0,6.59999990463257,-1.34908008575439,1.20473492145538,10.1852684020996,-0.95127618312836,1.08006298542023,9.81424617767334,"(-0.951276, 1.080063, 9.814246)",truck body CS,5.39281797409058,0.1,-1.34908008575439,1.20473492145538,10.1852684020996,-0.00102246595769,-179.533434786753,-0.00001025744986
831,left road,831,2.59500002861023,0.0,6.59999990463257,2.65000009536743,0.0,-0.34999999403954,2.59500002861023,0.0,6.59999990463257,-1.34908008575439,1.20473492145538,10.1852684020996,-0.95277082920074,1.08368062973022,9.82501220703125,"(-0.952771, 1.083681, 9.825012)",truck body CS,5.46455001831055,0.1,-1.34908008575439,1.20473492145538,10.1852684020996,-0.00102246595769,-179.533434786753,-0.00001025744986
832,left road,832,2.6949999332428,0.0,6.59999990463257,2.75,0.0,-0.34999999403954,2.6949999332428,0.0,6.59999990463257,-1.34908008575439,1.20473492145538,10.1852684020996,-0.95418280363083,1.08709478378296,9.83517265319824,"(-0.954183, 1.087095, 9.835173)",truck body CS,5.53715801239014,0.1,-1.34908008575439,1.20473492145538,10.1852684020996,-0.00102246595769,-179.533434786753,-0.00001025744986
833,left road,833,2.79499983787537,0.0,6.59999990463257,2.84999990463257,0.0,-0.34999999403954,2.79499983787537,0.0,6.59999990463257,-1.34908008575439,1.20473492145538,10.1852684020996,-0.95539116859436,1.09028458595276,9.84466552734375,"(-0.955391, 1.090285, 9.844666)",truck body CS,5.61060905456543,0.1,-1.34908008575439,1.20473492145538,10.1852684020996,-0.00102246595769,-179.533434786753,-0.00001025744986
834,left road,834,2.89499998092651,0.0,6.59999990463257,2.95000004768372,0.0,-0.34999999403954,2.89499998092651,0.0,6.59999990463257,-1.34908008575439,1.20473492145538,10.1852684020996,-0.95646071434021,1.09328484535217,9.85359477996826,"(-0.956461, 1.093285, 9.853595)",truck body CS,5.68487024307251,0.1,-1.34908008575439,1.20473492145538,10.1852684020996,-0.00102246595769,-179.533434786753,-0.00001025744986
835,left road,835,2.99499988555908,0.0,6.59999990463257,3.04999995231628,0.0,-0.34999999403954,2.99499988555908,0.0,6.59999990463257,-1.34908008575439,1.20473492145538,10.1852684020996,-0.95749080181122,1.09613621234894,9.86207962036133,"(-0.957491, 1.096136, 9.86208)",truck body CS,5.75991010665894,0.1,-1.34908008575439,1.20473492145538,10.1852684020996,-0.00102246595769,-179.533434786753,-0.00001025744986
836,left road,836,3.09500002861023,0.0,6.59999990463257,3.15000009536743,0.0,-0.34999999403954,3.09500002861023,0.0,6.59999990463257,-1.34908008575439,1.20473492145538,10.1852684020996,-0.95855277776718,1.09886765480042,9.87020874023438,"(-0.958553, 1.098868, 9.870209)",truck body CS,5.8356990814209,0.1,-1.34908008575439,1.20473492145538,10.1852684020996,-0.00102246595769,-179.533434786753,-0.00001025744986
837,left road,837,3.1949999332428,0.0,6.59999990463257,3.25,0.0,-0.34999999403954,3.1949999332428,0.0,6.59999990463257,-1.34908008575439,1.20473492145538,10.1852684020996,-0.96085661649704,1.10180842876434,9.87896060943604,"(-0.960857, 1.101808, 9.878961)",truck body CS,5.91220760345459,0.1,-1.34908008575439,1.20473492145538,10.1852684020996,-0.00102246595769,-179.533434786753,-0.00001025744986
838,left road,838,3.29499983787537,0.0,6.59999990463257,3.34999990463257,0.0,-0.34999999403954,3.29499983787537,0.0,6.59999990463257,-1.34908008575439,1.20473492145538,10.1852684020996,-0.96035325527191,1.10389399528503,9.88516712188721,"(-0.960353, 1.103894, 9.885167)",truck body CS,5.98940849304199,0.1,-1.34908008575439,1.20473492145538,10.1852684020996,-0.00102246595769,-179.533434786753,-0.00001025744986
839,left road,839,3.39499998092651,0.0,6.59999990463257,3.45000004768372,0.0,-0.34999999403954,3.39499998092651,0.0,6.59999990463257,-1.34908008575439,1.20473492145538,10.1852684020996,-0.96117097139359,1.10622727870941,9.89211082458496,"(-0.961171, 1.106227, 9.892111)",truck body CS,6.0672755241394,0.1,-1.34908008575439,1.20473492145538,10.1852684020996,-0.00102246595769,-179.533434786753,-0.00001025744986
840,left road,840,-3.50500011444092,0.0,6.69999980926514,-3.45000004768372,0.0,-0.25,-3.50500011444092,0.0,6.69999980926514,-1.34908008575439,1.20473492145538,10.1852684020996,-2.57785749435425,0.51809012889862,8.19882106781006,"(-2.577857, 0.51809, 8.198821)",truck body CS,4.2715892791748,0.1,-1.34908008575439,1.20473492145538,10.1852684020996,-0.00102246595769,-179.533434786753,-0.00001025744986
841,left road,841,-3.40499997138977,0.0,6.69999980926514,-3.34999990463257,0.0,-0.25,-3.40499997138977,0.0,6.69999980926514,-1.34908008575439,1.20473492145538,10.1852684020996,-2.55873799324036,0.4958952665329,8.13461208343506,"(-2.558738, 0.495895, 8.134612)",truck body CS,4.22200059890747,0.1,-1.34908008575439,1.20473492145538,10.1852684020996,-0.00102246595769,-179.533434786753,-0.00001025744986
842,left road,842,-3.3050000667572,0.0,6.69999980926514,-3.25,0.0,-0.25,-3.3050000667572,0.0,6.69999980926514,-1.34908008575439,1.20473492145538,10.1852684020996,-2.53839945793152,0.47218206524849,8.06601047515869,"(-2.538399, 0.472182, 8.06601)",truck body CS,4.17421913146973,0.1,-1.34908008575439,1.20473492145538,10.1852684020996,-0.00102246595769,-179.533434786753,-0.00001025744986
843,left road,843,-3.20500016212463,0.0,6.69999980926514,-3.15000009536743,0.0,-0.25,-3.20500016212463,0.0,6.69999980926514,-1.34908008575439,1.20473492145538,10.1852684020996,-2.51650929450989,0.4469205737114,7.99292945861816,"(-2.516509, 0.446921, 7.992929)",truck body CS,4.1283073425293,0.1,-1.34908008575439,1.20473492145538,10.1852684020996,-0.00102246595769,-179.533434786753,-0.00001025744986
844,left road,844,-3.10500001907349,0.0,6.69999980926514,-3.04999995231628,0.0,-0.25,-3.10500001907349,0.0,6.69999980926514,-1.34908008575439,1.20473492145538,10.1852684020996,-2.47449731826782,0.43258711695671,7.9514627456665,"(-2.474497, 0.432587, 7.951463)",truck body CS,4.08432865142822,0.1,-1.34908008575439,1.20473492145538,10.1852684020996,-0.00102246595769,-179.533434786753,-0.00001025744986
845,left road,845,-3.00500011444092,0.0,6.69999980926514,-2.95000004768372,0.0,-0.25,-3.00500011444092,0.0,6.69999980926514,-1.34908008575439,1.20473492145538,10.1852684020996,-2.41843366622925,0.42674574255943,7.93456411361694,"(-2.418434, 0.426746, 7.934564)",truck body CS,4.04234504699707,0.1,-1.34908008575439,1.20473492145538,10.1852684020996,-0.00102246595769,-179.533434786753,-0.00001025744986
846,left road,846,-2.90499997138977,0.0,6.69999980926514,-2.84999990463257,0.0,-0.25,-2.90499997138977,0.0,6.69999980926514,-1.34908008575439,1.20473492145538,10.1852684020996,-2.35987782478333,0.42208305001259,7.92107486724854,"(-2.359878, 0.422083, 7.921075)",truck body CS,4.00242042541504,0.1,-1.34908008575439,1.20473492145538,10.1852684020996,-0.00102246595769,-179.533434786753,-0.00001025744986
847,left road,847,-2.8050000667572,0.0,6.69999980926514,-2.75,0.0,-0.25,-2.8050000667572,0.0,6.69999980926514,-1.34908008575439,1.20473492145538,10.1852684020996,-2.30233931541443,0.41593831777573,7.90329837799072,"(-2.302339, 0.415938, 7.903298)",truck body CS,3.96461701393127,0.1,-1.34908008575439,1.20473492145538,10.1852684020996,-0.00102246595769,-179.533434786753,-0.00001025744986
848,left road,848,-2.70500016212463,0.0,6.69999980926514,-2.65000009536743,0.0,-0.25,-2.70500016212463,0.0,6.69999980926514,-1.34908008575439,1.20473492145538,10.1852684020996,-2.24275398254395,0.41070559620857,7.88815975189209,"(-2.242754, 0.410706, 7.88816)",truck body CS,3.92899513244629,0.1,-1.34908008575439,1.20473492145538,10.1852684020996,-0.00102246595769,-179.533434786753,-0.00001025744986
849,left road,849,-2.60500001907349,0.0,6.69999980926514,-2.54999995231628,0.0,-0.25,-2.60500001907349,0.0,6.69999980926514,-1.34908008575439,1.20473492145538,10.1852684020996,-2.18393778800964,0.40390178561211,7.86847734451294,"(-2.183938, 0.403902, 7.868477)",truck body CS,3.89561533927917,0.1,-1.34908008575439,1.20473492145538,10.1852684020996,-0.00102246595769,-179.533434786753,-0.00001025744986
850,left road,850,-2.50500011444092,0.0,6.69999980926514,-2.45000004768372,0.0,-0.25,-2.50500011444092,0.0,6.69999980926514,-1.34908008575439,1.20473492145538,10.1852684020996,-2.12263369560242,0.39851370453835,7.85288953781128,"(-2.122634, 0.398514, 7.85289)",truck body CS,3.86453557014465,0.1,-1.34908008575439,1.20473492145538,10.1852684020996,-0.00102246595769,-179.533434786753,-0.00001025744986
851,left road,851,-2.40499997138977,0.0,6.69999980926514,-2.34999990463257,0.0,-0.25,-2.40499997138977,0.0,6.69999980926514,-1.34908008575439,1.20473492145538,10.1852684020996,-2.05783033370972,0.39609751105309,7.84589958190918,"(-2.05783, 0.396098, 7.8459)",truck body CS,3.83581161499023,0.1,-1.34908008575439,1.20473492145538,10.1852684020996,-0.00102246595769,-179.533434786753,-0.00001025744986
852,left road,852,-2.3050000667572,0.0,6.69999980926514,-2.25,0.0,-0.25,-2.3050000667572,0.0,6.69999980926514,-1.34908008575439,1.20473492145538,10.1852684020996,-1.99203705787659,0.39442366361618,7.84105682373047,"(-1.992037, 0.394424, 7.841057)",truck body CS,3.80949687957764,0.1,-1.34908008575439,1.20473492145538,10.1852684020996,-0.00102246595769,-179.533434786753,-0.00001025744986
853,left road,853,-2.20500016212463,0.0,6.69999980926514,-2.15000009536743,0.0,-0.25,-2.20500016212463,0.0,6.69999980926514,-1.34908008575439,1.20473492145538,10.1852684020996,-1.92561078071594,0.39324939250946,7.83765983581543,"(-1.925611, 0.393249, 7.83766)",truck body CS,3.78564167022705,0.1,-1.34908008575439,1.20473492145538,10.1852684020996,-0.00102246595769,-179.533434786753,-0.00001025744986
854,left road,854,-2.10500001907349,0.0,6.69999980926514,-2.04999995231628,0.0,-0.25,-2.10500001907349,0.0,6.69999980926514,-1.34908008575439,1.20473492145538,10.1852684020996,-1.85888695716858,0.39223858714104,7.83473587036133,"(-1.858887, 0.392239, 7.834736)",truck body CS,3.76429271697998,0.1,-1.34908008575439,1.20473492145538,10.1852684020996,-0.00102246595769,-179.533434786753,-0.00001025744986
855,left road,855,-2.00500011444092,0.0,6.69999980926514,-1.95000004768372,0.0,-0.25,-2.00500011444092,0.0,6.69999980926514,-1.34908008575439,1.20473492145538,10.1852684020996,-1.79170608520508,0.39175918698311,7.83334875106812,"(-1.791706, 0.391759, 7.833349)",truck body CS,3.74549269676209,0.1,-1.34908008575439,1.20473492145538,10.1852684020996,-0.00102246595769,-179.533434786753,-0.00001025744986
856,left road,856,-1.90499997138977,0.0,6.69999980926514,-1.85000002384186,0.0,-0.25,-1.90499997138977,0.0,6.69999980926514,-1.34908008575439,1.20473492145538,10.1852684020996,-1.72429192066193,0.39161264896393,7.83292484283447,"(-1.724292, 0.391613, 7.832925)",truck body CS,3.72928023338318,0.1,-1.34908008575439,1.20473492145538,10.1852684020996,-0.00102246595769,-179.533434786753,-0.00001025744986
857,left road,857,-1.80499994754791,0.0,6.69999980926514,-1.75,0.0,-0.25,-1.80499994754791,0.0,6.69999980926514,-1.34908008575439,1.20473492145538,10.1852684020996,-1.65671956539154,0.39181989431381,7.83352470397949,"(-1.65672, 0.39182, 7.833525)",truck body CS,3.71568918228149,0.1,-1.34908008575439,1.20473492145538,10.1852684020996,-0.00102246595769,-179.533434786753,-0.00001025744986
858,left road,858,-1.70499992370605,0.0,6.69999980926514,-1.64999997615814,0.0,-0.25,-1.70499992370605,0.0,6.69999980926514,-1.34908008575439,1.20473492145538,10.1852684020996,-1.58905065059662,0.3924703001976,7.83540630340576,"(-1.589051, 0.39247, 7.835406)",truck body CS,3.70474863052368,0.1,-1.34908008575439,1.20473492145538,10.1852684020996,-0.00102246595769,-179.533434786753,-0.00001025744986
859,left road,859,-1.6049998998642,0.0,6.69999980926514,-1.54999995231628,0.0,-0.25,-1.6049998998642,0.0,6.69999980926514,-1.34908008575439,1.20473492145538,10.1852684020996,-1.52143251895905,0.39339092373848,7.83806896209717,"(-1.521433, 0.393391, 7.838069)",truck body CS,3.69648194313049,0.1,-1.34908008575439,1.20473492145538,10.1852684020996,-0.00102246595769,-179.533434786753,-0.00001025744986
860,left road,860,-1.50499999523163,0.0,6.69999980926514,-1.45000004768372,0.0,-0.25,-1.50499999523163,0.0,6.69999980926514,-1.34908008575439,1.20473492145538,10.1852684020996,-1.45389997959137,0.39483085274696,7.84223461151123,"(-1.4539, 0.394831, 7.842235)",truck body CS,3.69090700149536,0.1,-1.34908008575439,1.20473492145538,10.1852684020996,-0.00102246595769,-179.533434786753,-0.00001025744986
861,left road,861,-1.40499997138977,0.0,6.69999980926514,-1.35000002384186,0.0,-0.25,-1.40499997138977,0.0,6.69999980926514,-1.34908008575439,1.20473492145538,10.1852684020996,-1.38657259941101,0.3969983458519,7.84850597381592,"(-1.386573, 0.396998, 7.848506)",truck body CS,3.6880362033844,0.1,-1.34908008575439,1.20473492145538,10.1852684020996,-0.00102246595769,-179.533434786753,-0.00001025744986
862,left road,862,-1.30499994754791,0.0,6.69999980926514,-1.25,0.0,-0.25,-1.30499994754791,0.0,6.69999980926514,-1.34908008575439,1.20473492145538,10.1852684020996,-1.31968581676483,0.401371717453,7.86115741729736,"(-1.319686, 0.401372, 7.861157)",truck body CS,3.68787574768066,0.1,-1.34908008575439,1.20473492145538,10.1852684020996,-0.00102246595769,-179.533434786753,-0.00001025744986
863,left road,863,-1.20499992370605,0.0,6.69999980926514,-1.14999997615814,0.0,-0.25,-1.20499992370605,0.0,6.69999980926514,-1.34908008575439,1.20473492145538,10.1852684020996,-1.25382101535797,0.40822085738182,7.88097190856934,"(-1.253821, 0.408221, 7.880972)",truck body CS,3.69042587280273,0.1,-1.34908008575439,1.20473492145538,10.1852684020996,-0.00102246595769,-179.533434786753,-0.00001025744986
864,left road,864,-1.1049998998642,0.0,6.69999980926514,-1.04999995231628,0.0,-0.25,-1.1049998998642,0.0,6.69999980926514,-1.34908008575439,1.20473492145538,10.1852684020996,-1.18903231620789,0.41476848721504,7.89991426467896,"(-1.189032, 0.414768, 7.899914)",truck body CS,3.69568109512329,0.1,-1.34908008575439,1.20473492145538,10.1852684020996,-0.00102246595769,-179.533434786753,-0.00001025744986
865,left road,865,-1.00499999523163,0.0,6.69999980926514,-0.94999998807907,0.0,-0.25,-1.00499999523163,0.0,6.69999980926514,-1.34908008575439,1.20473492145538,10.1852684020996,-1.12526392936707,0.42108270525932,7.9181809425354,"(-1.125264, 0.421083, 7.918181)",truck body CS,3.70362997055054,0.1,-1.34908008575439,1.20473492145538,10.1852684020996,-0.00102246595769,-179.533434786753,-0.00001025744986
866,left road,866,-0.90500003099442,0.0,6.69999980926514,-0.85000002384186,0.0,-0.25,-0.90500003099442,0.0,6.69999980926514,-1.34908008575439,1.20473492145538,10.1852684020996,-1.06213748455048,0.42629477381706,7.93325901031494,"(-1.062137, 0.426295, 7.933259)",truck body CS,3.7142550945282,0.1,-1.34908008575439,1.20473492145538,10.1852684020996,-0.00102246595769,-179.533434786753,-0.00001025744986
867,left road,867,-0.80500000715256,0.0,6.69999980926514,-0.75,0.0,-0.25,-0.80500000715256,0.0,6.69999980926514,-1.34908008575439,1.20473492145538,10.1852684020996,-1.00176644325256,0.435692101717,7.96044540405273,"(-1.001766, 0.435692, 7.960445)",truck body CS,3.72753357887268,0.1,-1.34908008575439,1.20473492145538,10.1852684020996,-0.00102246595769,-179.533434786753,-0.00001025744986
868,left road,868,-0.7049999833107,0.0,6.69999980926514,-0.64999997615814,0.0,-0.25,-0.7049999833107,0.0,6.69999980926514,-1.34908008575439,1.20473492145538,10.1852684020996,-0.95893210172653,0.47497326135635,8.0740852355957,"(-0.958932, 0.474973, 8.074085)",truck body CS,3.74343729019165,0.1,-1.34908008575439,1.20473492145538,10.1852684020996,-0.00102246595769,-179.533434786753,-0.00001025744986
869,left road,869,-0.60500001907349,0.0,6.69999980926514,-0.55000001192093,0.0,-0.25,-0.60500001907349,0.0,6.69999980926514,-1.34908008575439,1.20473492145538,10.1852684020996,-0.9233586192131,0.51545226573944,8.19118976593018,"(-0.923359, 0.515452, 8.19119)",truck body CS,3.76193284988403,0.1,-1.34908008575439,1.20473492145538,10.1852684020996,-0.00102246595769,-179.533434786753,-0.00001025744986
870,left road,870,-0.50499999523163,0.0,6.69999980926514,-0.44999998807907,0.0,-0.25,-0.50499999523163,0.0,6.69999980926514,-1.34908008575439,1.20473492145538,10.1852684020996,-0.89322704076767,0.55410695075989,8.30301666259766,"(-0.893227, 0.554107, 8.303017)",truck body CS,3.78298234939575,0.1,-1.34908008575439,1.20473492145538,10.1852684020996,-0.00102246595769,-179.533434786753,-0.00001025744986
871,left road,871,-0.40500000119209,0.0,6.69999980926514,-0.34999999403954,0.0,-0.25,-0.40500000119209,0.0,6.69999980926514,-1.34908008575439,1.20473492145538,10.1852684020996,-0.87135928869247,0.59511828422546,8.42166137695313,"(-0.871359, 0.595118, 8.421661)",truck body CS,3.80654311180115,0.1,-1.34908008575439,1.20473492145538,10.1852684020996,-0.00102246595769,-179.533434786753,-0.00001025744986
872,left road,872,-0.30500000715256,0.0,6.69999980926514,-0.25,0.0,-0.25,-0.30500000715256,0.0,6.69999980926514,-1.34908008575439,1.20473492145538,10.1852684020996,-0.96154195070267,0.75756543874741,8.89161682128906,"(-0.961542, 0.757565, 8.891617)",truck body CS,3.83256936073303,0.1,-1.34908008575439,1.20473492145538,10.1852684020996,-0.00102246595769,-179.533434786753,-0.00001025744986
873,left road,873,-0.20500001311302,0.0,6.69999980926514,-0.15000000596046,0.0,-0.25,-0.20500001311302,0.0,6.69999980926514,-1.34908008575439,1.20473492145538,10.1852684020996,-0.92336654663086,0.75645160675049,8.88839530944824,"(-0.923367, 0.756452, 8.888395)",truck body CS,3.86101055145264,0.1,-1.34908008575439,1.20473492145538,10.1852684020996,-0.00102246595769,-179.533434786753,-0.00001025744986
874,left road,874,-0.10500000417233,0.0,6.69999980926514,-0.05000000074506,0.0,-0.25,-0.10500000417233,0.0,6.69999980926514,-1.34908008575439,1.20473492145538,10.1852684020996,-0.88500082492828,0.75533246994019,8.88515758514404,"(-0.885001, 0.755332, 8.885158)",truck body CS,3.89181447029114,0.1,-1.34908008575439,1.20473492145538,10.1852684020996,-0.00102246595769,-179.533434786753,-0.00001025744986
875,left road,875,-0.00499999895692,0.0,6.69999980926514,0.05000000074506,0.0,-0.25,-0.00499999895692,0.0,6.69999980926514,-1.34908008575439,1.20473492145538,10.1852684020996,-0.84901624917984,0.75651425123215,8.88857650756836,"(-0.849016, 0.756514, 8.888577)",truck body CS,3.92492485046387,0.1,-1.34908008575439,1.20473492145538,10.1852684020996,-0.00102246595769,-179.533434786753,-0.00001025744986
876,left road,876,0.09500000625849,0.0,6.69999980926514,0.15000000596046,0.0,-0.25,0.09500000625849,0.0,6.69999980926514,-1.34908008575439,1.20473492145538,10.1852684020996,-0.84703707695007,0.78590166568756,8.97359275817871,"(-0.847037, 0.785902, 8.973593)",truck body CS,3.96028423309326,0.1,-1.34908008575439,1.20473492145538,10.1852684020996,-0.00102246595769,-179.533434786753,-0.00001025744986
877,left road,877,0.19499999284744,0.0,6.69999980926514,0.25,0.0,-0.25,0.19499999284744,0.0,6.69999980926514,-1.34908008575439,1.20473492145538,10.1852684020996,-0.85206830501556,0.81695222854614,9.06342220306396,"(-0.852068, 0.816952, 9.063422)",truck body CS,3.99783277511597,0.1,-1.34908008575439,1.20473492145538,10.1852684020996,-0.00102246595769,-179.533434786753,-0.00001025744986
878,left road,878,0.29499998688698,0.0,6.69999980926514,0.34999999403954,0.0,-0.25,0.29499998688698,0.0,6.69999980926514,-1.34908008575439,1.20473492145538,10.1852684020996,-0.85622751712799,0.84358668327332,9.14047431945801,"(-0.856228, 0.843587, 9.140474)",truck body CS,4.03750944137573,0.1,-1.34908008575439,1.20473492145538,10.1852684020996,-0.00102246595769,-179.533434786753,-0.00001025744986
879,left road,879,0.39499998092651,0.0,6.69999980926514,0.44999998807907,0.0,-0.25,0.39499998092651,0.0,6.69999980926514,-1.34908008575439,1.20473492145538,10.1852684020996,-0.86094546318054,0.86755263805389,9.20980739593506,"(-0.860945, 0.867553, 9.209807)",truck body CS,4.07925224304199,0.1,-1.34908008575439,1.20473492145538,10.1852684020996,-0.00102246595769,-179.533434786753,-0.00001025744986
880,left road,880,0.49500000476837,0.0,6.69999980926514,0.55000001192093,0.0,-0.25,0.49500000476837,0.0,6.69999980926514,-1.34908008575439,1.20473492145538,10.1852684020996,-0.86552721261978,0.8888304233551,9.27136421203613,"(-0.865527, 0.88883, 9.271364)",truck body CS,4.12299823760986,0.1,-1.34908008575439,1.20473492145538,10.1852684020996,-0.00102246595769,-179.533434786753,-0.00001025744986
881,left road,881,0.59499996900558,0.0,6.69999980926514,0.64999997615814,0.0,-0.25,0.59499996900558,0.0,6.69999980926514,-1.34908008575439,1.20473492145538,10.1852684020996,-0.86637288331985,0.90560412406921,9.31988906860352,"(-0.866373, 0.905604, 9.319889)",truck body CS,4.16868448257446,0.1,-1.34908008575439,1.20473492145538,10.1852684020996,-0.00102246595769,-179.533434786753,-0.00001025744986
882,left road,882,0.69499999284744,0.0,6.69999980926514,0.75,0.0,-0.25,0.69499999284744,0.0,6.69999980926514,-1.34908008575439,1.20473492145538,10.1852684020996,-0.86854273080826,0.92151695489883,9.36592483520508,"(-0.868543, 0.921517, 9.365925)",truck body CS,4.21624803543091,0.1,-1.34908008575439,1.20473492145538,10.1852684020996,-0.00102246595769,-179.533434786753,-0.00001025744986
883,left road,883,0.7950000166893,0.0,6.69999980926514,0.85000002384186,0.0,-0.25,0.7950000166893,0.0,6.69999980926514,-1.34908008575439,1.20473492145538,10.1852684020996,-0.87066060304642,0.93591624498367,9.4075813293457,"(-0.870661, 0.935916, 9.407581)",truck body CS,4.26562595367432,0.1,-1.34908008575439,1.20473492145538,10.1852684020996,-0.00102246595769,-179.533434786753,-0.00001025744986
884,left road,884,0.89499998092651,0.0,6.69999980926514,0.94999998807907,0.0,-0.25,0.89499998092651,0.0,6.69999980926514,-1.34908008575439,1.20473492145538,10.1852684020996,-0.87235486507416,0.94880491495132,9.44486808776855,"(-0.872355, 0.948805, 9.444868)",truck body CS,4.31675577163696,0.1,-1.34908008575439,1.20473492145538,10.1852684020996,-0.00102246595769,-179.533434786753,-0.00001025744986
885,left road,885,0.99499994516373,0.0,6.69999980926514,1.04999995231628,0.0,-0.25,0.99499994516373,0.0,6.69999980926514,-1.34908008575439,1.20473492145538,10.1852684020996,-0.87280547618866,0.95995461940765,9.47712421417236,"(-0.872805, 0.959955, 9.477124)",truck body CS,4.36957597732544,0.1,-1.34908008575439,1.20473492145538,10.1852684020996,-0.00102246595769,-179.533434786753,-0.00001025744986
886,left road,886,1.09500002861023,0.0,6.69999980926514,1.14999997615814,0.0,-0.25,1.09500002861023,0.0,6.69999980926514,-1.34908008575439,1.20473492145538,10.1852684020996,-0.87326472997665,0.97019612789154,9.50675296783447,"(-0.873265, 0.970196, 9.506753)",truck body CS,4.42402648925781,0.1,-1.34908008575439,1.20473492145538,10.1852684020996,-0.00102246595769,-179.533434786753,-0.00001025744986
887,left road,887,1.19500005245209,0.0,6.69999980926514,1.25,0.0,-0.25,1.19500005245209,0.0,6.69999980926514,-1.34908008575439,1.20473492145538,10.1852684020996,-0.87569057941437,0.98056387901306,9.53674602508545,"(-0.875691, 0.980564, 9.536746)",truck body CS,4.48004770278931,0.1,-1.34908008575439,1.20473492145538,10.1852684020996,-0.00102246595769,-179.533434786753,-0.00001025744986
888,left road,888,1.29500007629395,0.0,6.69999980926514,1.35000002384186,0.0,-0.25,1.29500007629395,0.0,6.69999980926514,-1.34908008575439,1.20473492145538,10.1852684020996,-0.88382244110107,0.99274718761444,9.57199287414551,"(-0.883822, 0.992747, 9.571993)",truck body CS,4.53758144378662,0.1,-1.34908008575439,1.20473492145538,10.1852684020996,-0.00102246595769,-179.533434786753,-0.00001025744986
889,left road,889,1.3950001001358,0.0,6.69999980926514,1.45000004768372,0.0,-0.25,1.3950001001358,0.0,6.69999980926514,-1.34908008575439,1.20473492145538,10.1852684020996,-0.89854407310486,1.00693583488464,9.61303997039795,"(-0.898544, 1.006936, 9.61304)",truck body CS,4.59657049179077,0.1,-1.34908008575439,1.20473492145538,10.1852684020996,-0.00102246595769,-179.533434786753,-0.00001025744986
890,left road,890,1.49500000476837,0.0,6.69999980926514,1.54999995231628,0.0,-0.25,1.49500000476837,0.0,6.69999980926514,-1.34908008575439,1.20473492145538,10.1852684020996,-0.9099029302597,1.01870214939117,9.64707946777344,"(-0.909903, 1.018702, 9.647079)",truck body CS,4.65696001052856,0.1,-1.34908008575439,1.20473492145538,10.1852684020996,-0.00102246595769,-179.533434786753,-0.00001025744986
891,left road,891,1.59500002861023,0.0,6.69999980926514,1.64999997615814,0.0,-0.25,1.59500002861023,0.0,6.69999980926514,-1.34908008575439,1.20473492145538,10.1852684020996,-0.91865825653076,1.02860355377197,9.67572402954102,"(-0.918658, 1.028604, 9.675724)",truck body CS,4.71869564056396,0.1,-1.34908008575439,1.20473492145538,10.1852684020996,-0.00102246595769,-179.533434786753,-0.00001025744986
892,left road,892,1.69500005245209,0.0,6.69999980926514,1.75,0.0,-0.25,1.69500005245209,0.0,6.69999980926514,-1.34908008575439,1.20473492145538,10.1852684020996,-0.92695128917694,1.0376718044281,9.70195865631104,"(-0.926951, 1.037672, 9.701959)",truck body CS,4.78172636032104,0.1,-1.34908008575439,1.20473492145538,10.1852684020996,-0.00102246595769,-179.533434786753,-0.00001025744986
893,left road,893,1.79500007629395,0.0,6.69999980926514,1.85000002384186,0.0,-0.25,1.79500007629395,0.0,6.69999980926514,-1.34908008575439,1.20473492145538,10.1852684020996,-0.98338752985001,1.06461024284363,9.77989101409912,"(-0.983388, 1.06461, 9.779891)",truck body CS,4.84600067138672,0.1,-1.34908008575439,1.20473492145538,10.1852684020996,-0.00102246595769,-179.533434786753,-0.00001025744986
894,left road,894,1.8950001001358,0.0,6.69999980926514,1.95000004768372,0.0,-0.25,1.8950001001358,0.0,6.69999980926514,-1.34908008575439,1.20473492145538,10.1852684020996,-0.97105520963669,1.06435012817383,9.77913761138916,"(-0.971055, 1.06435, 9.779138)",truck body CS,4.91147041320801,0.1,-1.34908008575439,1.20473492145538,10.1852684020996,-0.00102246595769,-179.533434786753,-0.00001025744986
895,left road,895,1.99500000476837,0.0,6.69999980926514,2.04999995231628,0.0,-0.25,1.99500000476837,0.0,6.69999980926514,-1.34908008575439,1.20473492145538,10.1852684020996,-0.95873945951462,1.06411123275757,9.77844715118408,"(-0.958739, 1.064111, 9.778447)",truck body CS,4.97808742523193,0.1,-1.34908008575439,1.20473492145538,10.1852684020996,-0.00102246595769,-179.533434786753,-0.00001025744986
896,left road,896,2.09500002861023,0.0,6.69999980926514,2.15000009536743,0.0,-0.25,2.09500002861023,0.0,6.69999980926514,-1.34908008575439,1.20473492145538,10.1852684020996,-0.94731897115707,1.06419920921326,9.77870178222656,"(-0.947319, 1.064199, 9.778702)",truck body CS,5.04580736160278,0.1,-1.34908008575439,1.20473492145538,10.1852684020996,-0.00102246595769,-179.533434786753,-0.00001025744986
897,left road,897,2.1949999332428,0.0,6.69999980926514,2.25,0.0,-0.25,2.1949999332428,0.0,6.69999980926514,-1.34908008575439,1.20473492145538,10.1852684020996,-0.94613945484161,1.06776356697083,9.78901290893555,"(-0.946139, 1.067764, 9.789013)",truck body CS,5.11458587646484,0.1,-1.34908008575439,1.20473492145538,10.1852684020996,-0.00102246595769,-179.533434786753,-0.00001025744986
898,left road,898,2.29499983787537,0.0,6.69999980926514,2.34999990463257,0.0,-0.25,2.29499983787537,0.0,6.69999980926514,-1.34908008575439,1.20473492145538,10.1852684020996,-0.94793993234634,1.07211780548096,9.80160903930664,"(-0.94794, 1.072118, 9.801609)",truck body CS,5.18438053131104,0.1,-1.34908008575439,1.20473492145538,10.1852684020996,-0.00102246595769,-179.533434786753,-0.00001025744986
899,left road,899,2.39499998092651,0.0,6.69999980926514,2.45000004768372,0.0,-0.25,2.39499998092651,0.0,6.69999980926514,-1.34908008575439,1.20473492145538,10.1852684020996,-0.94963067770004,1.07620370388031,9.8134298324585,"(-0.949631, 1.076204, 9.81343)",truck body CS,5.25515174865723,0.1,-1.34908008575439,1.20473492145538,10.1852684020996,-0.00102246595769,-179.533434786753,-0.00001025744986
900,left road,900,2.49499988555908,0.0,6.69999980926514,2.54999995231628,0.0,-0.25,2.49499988555908,0.0,6.69999980926514,-1.34908008575439,1.20473492145538,10.1852684020996,-0.95121985673904,1.08004546165466,9.82454395294189,"(-0.95122, 1.080045, 9.824544)",truck body CS,5.32685995101929,0.1,-1.34908008575439,1.20473492145538,10.1852684020996,-0.00102246595769,-179.533434786753,-0.00001025744986
901,left road,901,2.59500002861023,0.0,6.69999980926514,2.65000009536743,0.0,-0.25,2.59500002861023,0.0,6.69999980926514,-1.34908008575439,1.20473492145538,10.1852684020996,-0.95271718502045,1.08366417884827,9.8350133895874,"(-0.952717, 1.083664, 9.835013)",truck body CS,5.39946746826172,0.1,-1.34908008575439,1.20473492145538,10.1852684020996,-0.00102246595769,-179.533434786753,-0.00001025744986
902,left road,902,2.6949999332428,0.0,6.69999980926514,2.75,0.0,-0.25,2.6949999332428,0.0,6.69999980926514,-1.34908008575439,1.20473492145538,10.1852684020996,-0.95406353473663,1.08705925941467,9.84483528137207,"(-0.954064, 1.087059, 9.844835)",truck body CS,5.47293901443481,0.1,-1.34908008575439,1.20473492145538,10.1852684020996,-0.00102246595769,-179.533434786753,-0.00001025744986
903,left road,903,2.79499983787537,0.0,6.69999980926514,2.84999990463257,0.0,-0.25,2.79499983787537,0.0,6.69999980926514,-1.34908008575439,1.20473492145538,10.1852684020996,-0.95519828796387,1.09022855758667,9.85400295257568,"(-0.955198, 1.090229, 9.854003)",truck body CS,5.5472412109375,0.1,-1.34908008575439,1.20473492145538,10.1852684020996,-0.00102246595769,-179.533434786753,-0.00001025744986
904,left road,904,2.89499998092651,0.0,6.69999980926514,2.95000004768372,0.0,-0.25,2.89499998092651,0.0,6.69999980926514,-1.34908008575439,1.20473492145538,10.1852684020996,-0.95629066228867,1.09323668479919,9.86270618438721,"(-0.956291, 1.093237, 9.862706)",truck body CS,5.62233924865723,0.1,-1.34908008575439,1.20473492145538,10.1852684020996,-0.00102246595769,-179.533434786753,-0.00001025744986
905,left road,905,2.99499988555908,0.0,6.69999980926514,3.04999995231628,0.0,-0.25,2.99499988555908,0.0,6.69999980926514,-1.34908008575439,1.20473492145538,10.1852684020996,-0.95741939544678,1.09611630439758,9.87103652954102,"(-0.957419, 1.096116, 9.871037)",truck body CS,5.69820261001587,0.1,-1.34908008575439,1.20473492145538,10.1852684020996,-0.00102246595769,-179.533434786753,-0.00001025744986
906,left road,906,3.09500002861023,0.0,6.69999980926514,3.15000009536743,0.0,-0.25,3.09500002861023,0.0,6.69999980926514,-1.34908008575439,1.20473492145538,10.1852684020996,-0.96333795785904,1.10016489028931,9.88274955749512,"(-0.963338, 1.100165, 9.88275)",truck body CS,5.77480125427246,0.1,-1.34908008575439,1.20473492145538,10.1852684020996,-0.00102246595769,-179.533434786753,-0.00001025744986
907,left road,907,3.1949999332428,0.0,6.69999980926514,3.25,0.0,-0.25,3.1949999332428,0.0,6.69999980926514,-1.34908008575439,1.20473492145538,10.1852684020996,-0.95932298898697,1.10140180587769,9.88632774353027,"(-0.959323, 1.101402, 9.886328)",truck body CS,5.85210561752319,0.1,-1.34908008575439,1.20473492145538,10.1852684020996,-0.00102246595769,-179.533434786753,-0.00001025744986
908,left road,908,3.29499983787537,0.0,6.69999980926514,3.34999990463257,0.0,-0.25,3.29499983787537,0.0,6.69999980926514,-1.34908008575439,1.20473492145538,10.1852684020996,-0.96018421649933,1.10385012626648,9.89341068267822,"(-0.960184, 1.10385, 9.893411)",truck body CS,5.93008947372437,0.1,-1.34908008575439,1.20473492145538,10.1852684020996,-0.00102246595769,-179.533434786753,-0.00001025744986
909,left road,909,3.39499998092651,0.0,6.69999980926514,3.45000004768372,0.0,-0.25,3.39499998092651,0.0,6.69999980926514,-1.34908008575439,1.20473492145538,10.1852684020996,-0.96106600761414,1.10620069503784,9.9002103805542,"(-0.961066, 1.106201, 9.90021)",truck body CS,6.0087251663208,0.1,-1.34908008575439,1.20473492145538,10.1852684020996,-0.00102246595769,-179.533434786753,-0.00001025744986
910,left road,910,-3.50500011444092,0.0,6.79999971389771,-3.45000004768372,0.0,-0.15000000596046,-3.50500011444092,0.0,6.79999971389771,-1.34908008575439,1.20473492145538,10.1852684020996,-2.58711576461792,0.51291650533676,8.24127864837646,"(-2.587116, 0.512917, 8.241279)",truck body CS,4.19039630889893,0.1,-1.34908008575439,1.20473492145538,10.1852684020996,-0.00102246595769,-179.533434786753,-0.00001025744986
911,left road,911,-3.40499997138977,0.0,6.79999971389771,-3.34999990463257,0.0,-0.15000000596046,-3.40499997138977,0.0,6.79999971389771,-1.34908008575439,1.20473492145538,10.1852684020996,-2.56849336624146,0.49017882347107,8.17738723754883,"(-2.568493, 0.490179, 8.177387)",truck body CS,4.13983535766602,0.1,-1.34908008575439,1.20473492145538,10.1852684020996,-0.00102246595769,-179.533434786753,-0.00001025744986
912,left road,912,-3.3050000667572,0.0,6.79999971389771,-3.25,0.0,-0.15000000596046,-3.3050000667572,0.0,6.79999971389771,-1.34908008575439,1.20473492145538,10.1852684020996,-2.54930067062378,0.46546751260757,8.10794830322266,"(-2.549301, 0.465468, 8.107948)",truck body CS,4.09109449386597,0.1,-1.34908008575439,1.20473492145538,10.1852684020996,-0.00102246595769,-179.533434786753,-0.00001025744986
913,left road,913,-3.20500016212463,0.0,6.79999971389771,-3.15000009536743,0.0,-0.15000000596046,-3.20500016212463,0.0,6.79999971389771,-1.34908008575439,1.20473492145538,10.1852684020996,-2.52999091148376,0.43816915154457,8.03124046325684,"(-2.529991, 0.438169, 8.03124)",truck body CS,4.04423904418945,0.1,-1.34908008575439,1.20473492145538,10.1852684020996,-0.00102246595769,-179.533434786753,-0.00001025744986
914,left road,914,-3.10500001907349,0.0,6.79999971389771,-3.04999995231628,0.0,-0.15000000596046,-3.10500001907349,0.0,6.79999971389771,-1.34908008575439,1.20473492145538,10.1852684020996,-2.49613857269287,0.41773903369904,7.97383308410645,"(-2.496139, 0.417739, 7.973833)",truck body CS,3.99933552742004,0.1,-1.34908008575439,1.20473492145538,10.1852684020996,-0.00102246595769,-179.533434786753,-0.00001025744986
915,left road,915,-3.00500011444092,0.0,6.79999971389771,-2.95000004768372,0.0,-0.15000000596046,-3.00500011444092,0.0,6.79999971389771,-1.34908008575439,1.20473492145538,10.1852684020996,-2.43919897079468,0.41163817048073,7.95668983459473,"(-2.439199, 0.411638, 7.95669)",truck body CS,3.95645070075989,0.1,-1.34908008575439,1.20473492145538,10.1852684020996,-0.00102246595769,-179.533434786753,-0.00001025744986
916,left road,916,-2.90499997138977,0.0,6.79999971389771,-2.84999990463257,0.0,-0.15000000596046,-2.90499997138977,0.0,6.79999971389771,-1.34908008575439,1.20473492145538,10.1852684020996,-2.38339567184448,0.40387344360352,7.93487071990967,"(-2.383396, 0.403873, 7.934871)",truck body CS,3.91565036773682,0.1,-1.34908008575439,1.20473492145538,10.1852684020996,-0.00102246595769,-179.533434786753,-0.00001025744986
917,left road,917,-2.8050000667572,0.0,6.79999971389771,-2.75,0.0,-0.15000000596046,-2.8050000667572,0.0,6.79999971389771,-1.34908008575439,1.20473492145538,10.1852684020996,-2.32794141769409,0.39475327730179,7.9092435836792,"(-2.327941, 0.394753, 7.909244)",truck body CS,3.87700057029724,0.1,-1.34908008575439,1.20473492145538,10.1852684020996,-0.00102246595769,-179.533434786753,-0.00001025744986
918,left road,918,-2.70500016212463,0.0,6.79999971389771,-2.65000009536743,0.0,-0.15000000596046,-2.70500016212463,0.0,6.79999971389771,-1.34908008575439,1.20473492145538,10.1852684020996,-2.26704120635986,0.38912633061409,7.89343166351318,"(-2.267041, 0.389126, 7.893432)",truck body CS,3.84056639671326,0.1,-1.34908008575439,1.20473492145538,10.1852684020996,-0.00102246595769,-179.533434786753,-0.00001025744986
919,left road,919,-2.60500001907349,0.0,6.79999971389771,-2.54999995231628,0.0,-0.15000000596046,-2.60500001907349,0.0,6.79999971389771,-1.34908008575439,1.20473492145538,10.1852684020996,-2.20266914367676,0.38593375682831,7.88446092605591,"(-2.202669, 0.385934, 7.884461)",truck body CS,3.80641102790833,0.1,-1.34908008575439,1.20473492145538,10.1852684020996,-0.00102246595769,-179.533434786753,-0.00001025744986
920,left road,920,-2.50500011444092,0.0,6.79999971389771,-2.45000004768372,0.0,-0.15000000596046,-2.50500011444092,0.0,6.79999971389771,-1.34908008575439,1.20473492145538,10.1852684020996,-2.13629245758057,0.38427793979645,7.87980842590332,"(-2.136292, 0.384278, 7.879808)",truck body CS,3.77459692955017,0.1,-1.34908008575439,1.20473492145538,10.1852684020996,-0.00102246595769,-179.533434786753,-0.00001025744986
921,left road,921,-2.40499997138977,0.0,6.79999971389771,-2.34999990463257,0.0,-0.15000000596046,-2.40499997138977,0.0,6.79999971389771,-1.34908008575439,1.20473492145538,10.1852684020996,-2.06856489181519,0.38385015726089,7.87860584259033,"(-2.068565, 0.38385, 7.878606)",truck body CS,3.74518322944641,0.1,-1.34908008575439,1.20473492145538,10.1852684020996,-0.00102246595769,-179.533434786753,-0.00001025744986
922,left road,922,-2.3050000667572,0.0,6.79999971389771,-2.25,0.0,-0.15000000596046,-2.3050000667572,0.0,6.79999971389771,-1.34908008575439,1.20473492145538,10.1852684020996,-2.00069141387939,0.38351649045944,7.8776683807373,"(-2.000691, 0.383516, 7.877668)",truck body CS,3.71822714805603,0.1,-1.34908008575439,1.20473492145538,10.1852684020996,-0.00102246595769,-179.533434786753,-0.00001025744986
923,left road,923,-2.20500016212463,0.0,6.79999971389771,-2.15000009536743,0.0,-0.15000000596046,-2.20500016212463,0.0,6.79999971389771,-1.34908008575439,1.20473492145538,10.1852684020996,-1.93269181251526,0.38328278064728,7.87701225280762,"(-1.932692, 0.383283, 7.877012)",truck body CS,3.69378256797791,0.1,-1.34908008575439,1.20473492145538,10.1852684020996,-0.00102246595769,-179.533434786753,-0.00001025744986
924,left road,924,-2.10500001907349,0.0,6.79999971389771,-2.04999995231628,0.0,-0.15000000596046,-2.10500001907349,0.0,6.79999971389771,-1.34908008575439,1.20473492145538,10.1852684020996,-1.86462497711182,0.38309371471405,7.87648105621338,"(-1.864625, 0.383094, 7.876481)",truck body CS,3.67189931869507,0.1,-1.34908008575439,1.20473492145538,10.1852684020996,-0.00102246595769,-179.533434786753,-0.00001025744986
925,left road,925,-2.00500011444092,0.0,6.79999971389771,-1.95000004768372,0.0,-0.15000000596046,-2.00500011444092,0.0,6.79999971389771,-1.34908008575439,1.20473492145538,10.1852684020996,-1.7964608669281,0.38302603363991,7.8762903213501,"(-1.796461, 0.383026, 7.87629)",truck body CS,3.65262389183044,0.1,-1.34908008575439,1.20473492145538,10.1852684020996,-0.00102246595769,-179.533434786753,-0.00001025744986
926,left road,926,-1.90499997138977,0.0,6.79999971389771,-1.85000002384186,0.0,-0.15000000596046,-1.90499997138977,0.0,6.79999971389771,-1.34908008575439,1.20473492145538,10.1852684020996,-1.72826373577118,0.38300514221191,7.87623119354248,"(-1.728264, 0.383005, 7.876231)",truck body CS,3.63599729537964,0.1,-1.34908008575439,1.20473492145538,10.1852684020996,-0.00102246595769,-179.533434786753,-0.00001025744986
927,left road,927,-1.80499994754791,0.0,6.79999971389771,-1.75,0.0,-0.15000000596046,-1.80499994754791,0.0,6.79999971389771,-1.34908008575439,1.20473492145538,10.1852684020996,-1.66005349159241,0.38301020860672,7.87624645233154,"(-1.660053, 0.38301, 7.876246)",truck body CS,3.62205648422241,0.1,-1.34908008575439,1.20473492145538,10.1852684020996,-0.00102246595769,-179.533434786753,-0.00001025744986
928,left road,928,-1.70499992370605,0.0,6.79999971389771,-1.64999997615814,0.0,-0.15000000596046,-1.70499992370605,0.0,6.79999971389771,-1.34908008575439,1.20473492145538,10.1852684020996,-1.59181666374207,0.38310796022415,7.87652015686035,"(-1.591817, 0.383108, 7.87652)",truck body CS,3.61083221435547,0.1,-1.34908008575439,1.20473492145538,10.1852684020996,-0.00102246595769,-179.533434786753,-0.00001025744986
929,left road,929,-1.6049998998642,0.0,6.79999971389771,-1.54999995231628,0.0,-0.15000000596046,-1.6049998998642,0.0,6.79999971389771,-1.34908008575439,1.20473492145538,10.1852684020996,-1.52358174324036,0.38327386975288,7.87698650360107,"(-1.523582, 0.383274, 7.876987)",truck body CS,3.60234999656677,0.1,-1.34908008575439,1.20473492145538,10.1852684020996,-0.00102246595769,-179.533434786753,-0.00001025744986
930,left road,930,-1.50499999523163,0.0,6.79999971389771,-1.45000004768372,0.0,-0.15000000596046,-1.50499999523163,0.0,6.79999971389771,-1.34908008575439,1.20473492145538,10.1852684020996,-1.45536303520203,0.38352644443512,7.87769603729248,"(-1.455363, 0.383526, 7.877696)",truck body CS,3.59662914276123,0.1,-1.34908008575439,1.20473492145538,10.1852684020996,-0.00102246595769,-179.533434786753,-0.00001025744986
931,left road,931,-1.40499997138977,0.0,6.79999971389771,-1.35000002384186,0.0,-0.15000000596046,-1.40499997138977,0.0,6.79999971389771,-1.34908008575439,1.20473492145538,10.1852684020996,-1.38718247413635,0.38385820388794,7.87862873077393,"(-1.387182, 0.383858, 7.878629)",truck body CS,3.59368300437927,0.1,-1.34908008575439,1.20473492145538,10.1852684020996,-0.00102246595769,-179.533434786753,-0.00001025744986
932,left road,932,-1.30499994754791,0.0,6.79999971389771,-1.25,0.0,-0.15000000596046,-1.30499994754791,0.0,6.79999971389771,-1.34908008575439,1.20473492145538,10.1852684020996,-1.3190712928772,0.38457918167114,7.88065433502197,"(-1.319071, 0.384579, 7.880654)",truck body CS,3.59351825714111,0.1,-1.34908008575439,1.20473492145538,10.1852684020996,-0.00102246595769,-179.533434786753,-0.00001025744986
933,left road,933,-1.20499992370605,0.0,6.79999971389771,-1.14999997615814,0.0,-0.15000000596046,-1.20499992370605,0.0,6.79999971389771,-1.34908008575439,1.20473492145538,10.1852684020996,-1.25135016441345,0.38756015896797,7.88903141021729,"(-1.25135, 0.38756, 7.889031)",truck body CS,3.59613537788391,0.1,-1.34908008575439,1.20473492145538,10.1852684020996,-0.00102246595769,-179.533434786753,-0.00001025744986
934,left road,934,-1.1049998998642,0.0,6.79999971389771,-1.04999995231628,0.0,-0.15000000596046,-1.1049998998642,0.0,6.79999971389771,-1.34908008575439,1.20473492145538,10.1852684020996,-1.18415367603302,0.39068847894669,7.89782190322876,"(-1.184154, 0.390688, 7.897822)",truck body CS,3.60152816772461,0.1,-1.34908008575439,1.20473492145538,10.1852684020996,-0.00102246595769,-179.533434786753,-0.00001025744986
935,left road,935,-1.00499999523163,0.0,6.79999971389771,-0.94999998807907,0.0,-0.15000000596046,-1.00499999523163,0.0,6.79999971389771,-1.34908008575439,1.20473492145538,10.1852684020996,-1.11945831775665,0.40075528621674,7.92610931396484,"(-1.119458, 0.400755, 7.926109)",truck body CS,3.60968446731567,0.1,-1.34908008575439,1.20473492145538,10.1852684020996,-0.00102246595769,-179.533434786753,-0.00001025744986
936,left road,936,-0.90500003099442,0.0,6.79999971389771,-0.85000002384186,0.0,-0.15000000596046,-0.90500003099442,0.0,6.79999971389771,-1.34908008575439,1.20473492145538,10.1852684020996,-1.0560382604599,0.40974831581116,7.95137929916382,"(-1.056038, 0.409748, 7.951379)",truck body CS,3.62058520317078,0.1,-1.34908008575439,1.20473492145538,10.1852684020996,-0.00102246595769,-179.533434786753,-0.00001025744986
937,left road,937,-0.80500000715256,0.0,6.79999971389771,-0.75,0.0,-0.15000000596046,-0.80500000715256,0.0,6.79999971389771,-1.34908008575439,1.20473492145538,10.1852684020996,-0.99340170621872,0.41717052459717,7.97223520278931,"(-0.993402, 0.417171, 7.972235)",truck body CS,3.63420581817627,0.1,-1.34908008575439,1.20473492145538,10.1852684020996,-0.00102246595769,-179.533434786753,-0.00001025744986
938,left road,938,-0.7049999833107,0.0,6.79999971389771,-0.64999997615814,0.0,-0.15000000596046,-0.7049999833107,0.0,6.79999971389771,-1.34908008575439,1.20473492145538,10.1852684020996,-0.95272314548492,0.46335959434509,8.10202598571777,"(-0.952723, 0.46336, 8.102026)",truck body CS,3.65051627159119,0.1,-1.34908008575439,1.20473492145538,10.1852684020996,-0.00102246595769,-179.533434786753,-0.00001025744986
939,left road,939,-0.60500001907349,0.0,6.79999971389771,-0.55000001192093,0.0,-0.15000000596046,-0.60500001907349,0.0,6.79999971389771,-1.34908008575439,1.20473492145538,10.1852684020996,-0.9173139333725,0.50566524267197,8.22090339660645,"(-0.917314, 0.505665, 8.220903)",truck body CS,3.6694803237915,0.1,-1.34908008575439,1.20473492145538,10.1852684020996,-0.00102246595769,-179.533434786753,-0.00001025744986
940,left road,940,-0.50499999523163,0.0,6.79999971389771,-0.44999998807907,0.0,-0.15000000596046,-0.50499999523163,0.0,6.79999971389771,-1.34908008575439,1.20473492145538,10.1852684020996,-0.8883940577507,0.54720896482468,8.33763980865479,"(-0.888394, 0.547209, 8.33764)",truck body CS,3.69105696678162,0.1,-1.34908008575439,1.20473492145538,10.1852684020996,-0.00102246595769,-179.533434786753,-0.00001025744986
941,left road,941,-0.40500000119209,0.0,6.79999971389771,-0.34999999403954,0.0,-0.15000000596046,-0.40500000119209,0.0,6.79999971389771,-1.34908008575439,1.20473492145538,10.1852684020996,-0.86638367176056,0.58876889944077,8.45442199707031,"(-0.866384, 0.588769, 8.454422)",truck body CS,3.71520090103149,0.1,-1.34908008575439,1.20473492145538,10.1852684020996,-0.00102246595769,-179.533434786753,-0.00001025744986
942,left road,942,-0.30500000715256,0.0,6.79999971389771,-0.25,0.0,-0.15000000596046,-0.30500000715256,0.0,6.79999971389771,-1.34908008575439,1.20473492145538,10.1852684020996,-0.95726883411407,0.75263476371765,8.91487979888916,"(-0.957269, 0.752635, 8.91488)",truck body CS,3.74186229705811,0.1,-1.34908008575439,1.20473492145538,10.1852684020996,-0.00102246595769,-179.533434786753,-0.00001025744986
943,left road,943,-0.20500001311302,0.0,6.79999971389771,-0.15000000596046,0.0,-0.15000000596046,-0.20500001311302,0.0,6.79999971389771,-1.34908008575439,1.20473492145538,10.1852684020996,-0.91902923583984,0.75188428163528,8.91277122497559,"(-0.919029, 0.751884, 8.912771)",truck body CS,3.77098774909973,0.1,-1.34908008575439,1.20473492145538,10.1852684020996,-0.00102246595769,-179.533434786753,-0.00001025744986
944,left road,944,-0.10500000417233,0.0,6.79999971389771,-0.05000000074506,0.0,-0.15000000596046,-0.10500000417233,0.0,6.79999971389771,-1.34908008575439,1.20473492145538,10.1852684020996,-0.88026034832001,0.75074195861816,8.90956115722656,"(-0.88026, 0.750742, 8.909561)",truck body CS,3.8025209903717,0.1,-1.34908008575439,1.20473492145538,10.1852684020996,-0.00102246595769,-179.533434786753,-0.00001025744986
945,left road,945,-0.00499999895692,0.0,6.79999971389771,0.05000000074506,0.0,-0.15000000596046,-0.00499999895692,0.0,6.79999971389771,-1.34908008575439,1.20473492145538,10.1852684020996,-0.84765410423279,0.75529330968857,8.92234992980957,"(-0.847654, 0.755293, 8.92235)",truck body CS,3.83640217781067,0.1,-1.34908008575439,1.20473492145538,10.1852684020996,-0.00102246595769,-179.533434786753,-0.00001025744986
946,left road,946,0.09500000625849,0.0,6.79999971389771,0.15000000596046,0.0,-0.15000000596046,0.09500000625849,0.0,6.79999971389771,-1.34908008575439,1.20473492145538,10.1852684020996,-0.84938812255859,0.78786301612854,9.01387023925781,"(-0.849388, 0.787863, 9.01387)",truck body CS,3.87256979942322,0.1,-1.34908008575439,1.20473492145538,10.1852684020996,-0.00102246595769,-179.533434786753,-0.00001025744986
947,left road,947,0.19499999284744,0.0,6.79999971389771,0.25,0.0,-0.15000000596046,0.19499999284744,0.0,6.79999971389771,-1.34908008575439,1.20473492145538,10.1852684020996,-0.85184425115585,0.81677740812302,9.09511852264404,"(-0.851844, 0.816777, 9.095119)",truck body CS,3.91096067428589,0.1,-1.34908008575439,1.20473492145538,10.1852684020996,-0.00102246595769,-179.533434786753,-0.00001025744986
948,left road,948,0.29499998688698,0.0,6.79999971389771,0.34999999403954,0.0,-0.15000000596046,0.29499998688698,0.0,6.79999971389771,-1.34908008575439,1.20473492145538,10.1852684020996,-0.85575067996979,0.84323716163635,9.16946983337402,"(-0.855751, 0.843237, 9.16947)",truck body CS,3.95150971412659,0.1,-1.34908008575439,1.20473492145538,10.1852684020996,-0.00102246595769,-179.533434786753,-0.00001025744986
949,left road,949,0.39499998092651,0.0,6.79999971389771,0.44999998807907,0.0,-0.15000000596046,0.39499998092651,0.0,6.79999971389771,-1.34908008575439,1.20473492145538,10.1852684020996,-0.85967212915421,0.86667305231094,9.23532390594482,"(-0.859672, 0.866673, 9.235324)",truck body CS,3.99415135383606,0.1,-1.34908008575439,1.20473492145538,10.1852684020996,-0.00102246595769,-179.533434786753,-0.00001025744986
950,left road,950,0.49500000476837,0.0,6.79999971389771,0.55000001192093,0.0,-0.15000000596046,0.49500000476837,0.0,6.79999971389771,-1.34908008575439,1.20473492145538,10.1852684020996,-0.86455643177032,0.88819622993469,9.29580402374268,"(-0.864556, 0.888196, 9.295804)",truck body CS,4.03881931304932,0.1,-1.34908008575439,1.20473492145538,10.1852684020996,-0.00102246595769,-179.533434786753,-0.00001025744986
951,left road,951,0.59499996900558,0.0,6.79999971389771,0.64999997615814,0.0,-0.15000000596046,0.59499996900558,0.0,6.79999971389771,-1.34908008575439,1.20473492145538,10.1852684020996,-0.86574512720108,0.90521502494812,9.34362602233887,"(-0.865745, 0.905215, 9.343626)",truck body CS,4.08544731140137,0.1,-1.34908008575439,1.20473492145538,10.1852684020996,-0.00102246595769,-179.533434786753,-0.00001025744986
952,left road,952,0.69499999284744,0.0,6.79999971389771,0.75,0.0,-0.15000000596046,0.69499999284744,0.0,6.79999971389771,-1.34908008575439,1.20473492145538,10.1852684020996,-0.86782824993134,0.9210958480835,9.38825035095215,"(-0.867828, 0.921096, 9.38825)",truck body CS,4.13396835327148,0.1,-1.34908008575439,1.20473492145538,10.1852684020996,-0.00102246595769,-179.533434786753,-0.00001025744986
953,left road,953,0.7950000166893,0.0,6.79999971389771,0.85000002384186,0.0,-0.15000000596046,0.7950000166893,0.0,6.79999971389771,-1.34908008575439,1.20473492145538,10.1852684020996,-0.87032675743103,0.93572866916656,9.429368019104,"(-0.870327, 0.935729, 9.429368)",truck body CS,4.18431711196899,0.1,-1.34908008575439,1.20473492145538,10.1852684020996,-0.00102246595769,-179.533434786753,-0.00001025744986
954,left road,954,0.89499998092651,0.0,6.79999971389771,0.94999998807907,0.0,-0.15000000596046,0.89499998092651,0.0,6.79999971389771,-1.34908008575439,1.20473492145538,10.1852684020996,-0.87204682826996,0.94863939285278,9.46564674377441,"(-0.872047, 0.948639, 9.465647)",truck body CS,4.23642873764038,0.1,-1.34908008575439,1.20473492145538,10.1852684020996,-0.00102246595769,-179.533434786753,-0.00001025744986
955,left road,955,0.99499994516373,0.0,6.79999971389771,1.04999995231628,0.0,-0.15000000596046,0.99499994516373,0.0,6.79999971389771,-1.34908008575439,1.20473492145538,10.1852684020996,-0.87251150608063,0.9598034620285,9.4970178604126,"(-0.872512, 0.959803, 9.497018)",truck body CS,4.29023790359497,0.1,-1.34908008575439,1.20473492145538,10.1852684020996,-0.00102246595769,-179.533434786753,-0.00001025744986
956,left road,956,1.09500002861023,0.0,6.79999971389771,1.14999997615814,0.0,-0.15000000596046,1.09500002861023,0.0,6.79999971389771,-1.34908008575439,1.20473492145538,10.1852684020996,-0.87313497066498,0.9701321721077,9.52604103088379,"(-0.873135, 0.970132, 9.526041)",truck body CS,4.3456826210022,0.1,-1.34908008575439,1.20473492145538,10.1852684020996,-0.00102246595769,-179.533434786753,-0.00001025744986
957,left road,957,1.19500005245209,0.0,6.79999971389771,1.25,0.0,-0.15000000596046,1.19500005245209,0.0,6.79999971389771,-1.34908008575439,1.20473492145538,10.1852684020996,-0.87561851739883,0.98052978515625,9.55525779724121,"(-0.875619, 0.98053, 9.555258)",truck body CS,4.40270090103149,0.1,-1.34908008575439,1.20473492145538,10.1852684020996,-0.00102246595769,-179.533434786753,-0.00001025744986
958,left road,958,1.29500007629395,0.0,6.79999971389771,1.35000002384186,0.0,-0.15000000596046,1.29500007629395,0.0,6.79999971389771,-1.34908008575439,1.20473492145538,10.1852684020996,-0.88380473852158,0.99273931980133,9.58956623077393,"(-0.883805, 0.992739, 9.589566)",truck body CS,4.46123170852661,0.1,-1.34908008575439,1.20473492145538,10.1852684020996,-0.00102246595769,-179.533434786753,-0.00001025744986
959,left road,959,1.3950001001358,0.0,6.79999971389771,1.45000004768372,0.0,-0.15000000596046,1.3950001001358,0.0,6.79999971389771,-1.34908008575439,1.20473492145538,10.1852684020996,-0.89850342273712,1.0069180727005,9.62940788269043,"(-0.898503, 1.006918, 9.629408)",truck body CS,4.52121734619141,0.1,-1.34908008575439,1.20473492145538,10.1852684020996,-0.00102246595769,-179.533434786753,-0.00001025744986
960,left road,960,1.49500000476837,0.0,6.79999971389771,1.54999995231628,0.0,-0.15000000596046,1.49500000476837,0.0,6.79999971389771,-1.34908008575439,1.20473492145538,10.1852684020996,-0.90985405445099,1.01868152618408,9.66246318817139,"(-0.909854, 1.018682, 9.662463)",truck body CS,4.58259963989258,0.1,-1.34908008575439,1.20473492145538,10.1852684020996,-0.00102246595769,-179.533434786753,-0.00001025744986
961,left road,961,1.59500002861023,0.0,6.79999971389771,1.64999997615814,0.0,-0.15000000596046,1.59500002861023,0.0,6.79999971389771,-1.34908008575439,1.20473492145538,10.1852684020996,-0.91884750127792,1.02868115901947,9.69056224822998,"(-0.918848, 1.028681, 9.690562)",truck body CS,4.64532423019409,0.1,-1.34908008575439,1.20473492145538,10.1852684020996,-0.00102246595769,-179.533434786753,-0.00001025744986
962,left road,962,1.69500005245209,0.0,6.79999971389771,1.75,0.0,-0.15000000596046,1.69500005245209,0.0,6.79999971389771,-1.34908008575439,1.20473492145538,10.1852684020996,-0.9271844625473,1.03776407241821,9.71608448028564,"(-0.927184, 1.037764, 9.716084)",truck body CS,4.70933675765991,0.1,-1.34908008575439,1.20473492145538,10.1852684020996,-0.00102246595769,-179.533434786753,-0.00001025744986
963,left road,963,1.79500007629395,0.0,6.79999971389771,1.85000002384186,0.0,-0.15000000596046,1.79500007629395,0.0,6.79999971389771,-1.34908008575439,1.20473492145538,10.1852684020996,-0.97219198942184,1.06032061576843,9.77946758270264,"(-0.972192, 1.060321, 9.779468)",truck body CS,4.77458572387695,0.1,-1.34908008575439,1.20473492145538,10.1852684020996,-0.00102246595769,-179.533434786753,-0.00001025744986
964,left road,964,1.8950001001358,0.0,6.79999971389771,1.95000004768372,0.0,-0.15000000596046,1.8950001001358,0.0,6.79999971389771,-1.34908008575439,1.20473492145538,10.1852684020996,-0.95947247743607,1.06004869937897,9.7787036895752,"(-0.959472, 1.060049, 9.778704)",truck body CS,4.8410210609436,0.1,-1.34908008575439,1.20473492145538,10.1852684020996,-0.00102246595769,-179.533434786753,-0.00001025744986
965,left road,965,1.99500000476837,0.0,6.79999971389771,2.04999995231628,0.0,-0.15000000596046,1.99500000476837,0.0,6.79999971389771,-1.34908008575439,1.20473492145538,10.1852684020996,-0.94760072231293,1.06009840965271,9.77884292602539,"(-0.947601, 1.060098, 9.778843)",truck body CS,4.90859460830688,0.1,-1.34908008575439,1.20473492145538,10.1852684020996,-0.00102246595769,-179.533434786753,-0.00001025744986
966,left road,966,2.09500002861023,0.0,6.79999971389771,2.15000009536743,0.0,-0.15000000596046,2.09500002861023,0.0,6.79999971389771,-1.34908008575439,1.20473492145538,10.1852684020996,-0.94426637887955,1.06313157081604,9.78736686706543,"(-0.944266, 1.063132, 9.787367)",truck body CS,4.97726011276245,0.1,-1.34908008575439,1.20473492145538,10.1852684020996,-0.00102246595769,-179.533434786753,-0.00001025744986
967,left road,967,2.1949999332428,0.0,6.79999971389771,2.25,0.0,-0.15000000596046,2.1949999332428,0.0,6.79999971389771,-1.34908008575439,1.20473492145538,10.1852684020996,-0.94607609510422,1.06774210929871,9.80032157897949,"(-0.946076, 1.067742, 9.800322)",truck body CS,5.04697275161743,0.1,-1.34908008575439,1.20473492145538,10.1852684020996,-0.00102246595769,-179.533434786753,-0.00001025744986
968,left road,968,2.29499983787537,0.0,6.79999971389771,2.34999990463257,0.0,-0.15000000596046,2.29499983787537,0.0,6.79999971389771,-1.34908008575439,1.20473492145538,10.1852684020996,-0.94788002967834,1.07209777832031,9.81256103515625,"(-0.94788, 1.072098, 9.812561)",truck body CS,5.11769008636475,0.1,-1.34908008575439,1.20473492145538,10.1852684020996,-0.00102246595769,-179.533434786753,-0.00001025744986
969,left road,969,2.39499998092651,0.0,6.79999971389771,2.45000004768372,0.0,-0.15000000596046,2.39499998092651,0.0,6.79999971389771,-1.34908008575439,1.20473492145538,10.1852684020996,-0.94957262277603,1.07618510723114,9.82404613494873,"(-0.949573, 1.076185, 9.824046)",truck body CS,5.18937063217163,0.1,-1.34908008575439,1.20473492145538,10.1852684020996,-0.00102246595769,-179.533434786753,-0.00001025744986
970,left road,970,2.49499988555908,0.0,6.79999971389771,2.54999995231628,0.0,-0.15000000596046,2.49499988555908,0.0,6.79999971389771,-1.34908008575439,1.20473492145538,10.1852684020996,-0.95116341114044,1.08002781867981,9.83484363555908,"(-0.951163, 1.080028, 9.834844)",truck body CS,5.26197481155396,0.1,-1.34908008575439,1.20473492145538,10.1852684020996,-0.00102246595769,-179.533434786753,-0.00001025744986
971,left road,971,2.59500002861023,0.0,6.79999971389771,2.65000009536743,0.0,-0.15000000596046,2.59500002861023,0.0,6.79999971389771,-1.34908008575439,1.20473492145538,10.1852684020996,-0.9526589512825,1.08364653587341,9.84501266479492,"(-0.952659, 1.083647, 9.845013)",truck body CS,5.33546590805054,0.1,-1.34908008575439,1.20473492145538,10.1852684020996,-0.00102246595769,-179.533434786753,-0.00001025744986
972,left road,972,2.6949999332428,0.0,6.79999971389771,2.75,0.0,-0.15000000596046,2.6949999332428,0.0,6.79999971389771,-1.34908008575439,1.20473492145538,10.1852684020996,-0.9538642168045,1.08699989318848,9.85443592071533,"(-0.953864, 1.087, 9.854436)",truck body CS,5.40980672836304,0.1,-1.34908008575439,1.20473492145538,10.1852684020996,-0.00102246595769,-179.533434786753,-0.00001025744986
973,left road,973,2.79499983787537,0.0,6.79999971389771,2.84999990463257,0.0,-0.15000000596046,2.79499983787537,0.0,6.79999971389771,-1.34908008575439,1.20473492145538,10.1852684020996,-0.95502585172653,1.09017848968506,9.86336708068848,"(-0.955026, 1.090178, 9.863367)",truck body CS,5.48496389389038,0.1,-1.34908008575439,1.20473492145538,10.1852684020996,-0.00102246595769,-179.533434786753,-0.00001025744986
974,left road,974,2.89499998092651,0.0,6.79999971389771,2.95000004768372,0.0,-0.15000000596046,2.89499998092651,0.0,6.79999971389771,-1.34908008575439,1.20473492145538,10.1852684020996,-0.95622307062149,1.09321761131287,9.87190723419189,"(-0.956223, 1.093218, 9.871907)",truck body CS,5.56090307235718,0.1,-1.34908008575439,1.20473492145538,10.1852684020996,-0.00102246595769,-179.533434786753,-0.00001025744986
975,left road,975,2.99499988555908,0.0,6.79999971389771,3.04999995231628,0.0,-0.15000000596046,2.99499988555908,0.0,6.79999971389771,-1.34908008575439,1.20473492145538,10.1852684020996,-0.96157270669937,1.09726822376251,9.8832893371582,"(-0.961573, 1.097268, 9.883289)",truck body CS,5.63759326934814,0.1,-1.34908008575439,1.20473492145538,10.1852684020996,-0.00102246595769,-179.533434786753,-0.00001025744986
976,left road,976,3.09500002861023,0.0,6.79999971389771,3.15000009536743,0.0,-0.15000000596046,3.09500002861023,0.0,6.79999971389771,-1.34908008575439,1.20473492145538,10.1852684020996,-0.9582422375679,1.09878361225128,9.88754749298096,"(-0.958242, 1.098784, 9.887547)",truck body CS,5.71500444412231,0.1,-1.34908008575439,1.20473492145538,10.1852684020996,-0.00102246595769,-179.533434786753,-0.00001025744986
977,left road,977,3.1949999332428,0.0,6.79999971389771,3.25,0.0,-0.15000000596046,3.1949999332428,0.0,6.79999971389771,-1.34908008575439,1.20473492145538,10.1852684020996,-0.95915043354034,1.10135614871979,9.89477634429932,"(-0.95915, 1.101356, 9.894776)",truck body CS,5.79310703277588,0.1,-1.34908008575439,1.20473492145538,10.1852684020996,-0.00102246595769,-179.533434786753,-0.00001025744986
978,left road,978,3.29499983787537,0.0,6.79999971389771,3.34999990463257,0.0,-0.15000000596046,3.29499983787537,0.0,6.79999971389771,-1.34908008575439,1.20473492145538,10.1852684020996,-0.96010273694992,1.10382914543152,9.90172576904297,"(-0.960103, 1.103829, 9.901726)",truck body CS,5.87187433242798,0.1,-1.34908008575439,1.20473492145538,10.1852684020996,-0.00102246595769,-179.533434786753,-0.00001025744986
979,left road,979,3.39499998092651,0.0,6.79999971389771,3.45000004768372,0.0,-0.15000000596046,3.39499998092651,0.0,6.79999971389771,-1.34908008575439,1.20473492145538,10.1852684020996,-0.96102011203766,1.10618901252747,9.90835666656494,"(-0.96102, 1.106189, 9.908357)",truck body CS,5.9512791633606,0.1,-1.34908008575439,1.20473492145538,10.1852684020996,-0.00102246595769,-179.533434786753,-0.00001025744986
980,left road,980,-3.50500011444092,0.0,6.89999961853027,-3.45000004768372,0.0,-0.05000000074506,-3.50500011444092,0.0,6.89999961853027,-1.34908008575439,1.20473492145538,10.1852684020996,-2.59575152397156,0.50809097290039,8.28554439544678,"(-2.595752, 0.508091, 8.285544)",truck body CS,4.11003255844116,0.1,-1.34908008575439,1.20473492145538,10.1852684020996,-0.00102246595769,-179.533434786753,-0.00001025744986
981,left road,981,-3.40499997138977,0.0,6.89999961853027,-3.34999990463257,0.0,-0.05000000074506,-3.40499997138977,0.0,6.89999961853027,-1.34908008575439,1.20473492145538,10.1852684020996,-2.57793617248535,0.48464560508728,8.2216100692749,"(-2.577936, 0.484646, 8.22161)",truck body CS,4.05847072601318,0.1,-1.34908008575439,1.20473492145538,10.1852684020996,-0.00102246595769,-179.533434786753,-0.00001025744986
982,left road,982,-3.3050000667572,0.0,6.89999961853027,-3.25,0.0,-0.05000000074506,-3.3050000667572,0.0,6.89999961853027,-1.34908008575439,1.20473492145538,10.1852684020996,-2.5592303276062,0.45935153961182,8.15263366699219,"(-2.55923, 0.459352, 8.152634)",truck body CS,4.00874042510986,0.1,-1.34908008575439,1.20473492145538,10.1852684020996,-0.00102246595769,-179.533434786753,-0.00001025744986
983,left road,983,-3.20500016212463,0.0,6.89999961853027,-3.15000009536743,0.0,-0.05000000074506,-3.20500016212463,0.0,6.89999961853027,-1.34908008575439,1.20473492145538,10.1852684020996,-2.5435357093811,0.42937687039375,8.07089424133301,"(-2.543536, 0.429377, 8.070894)",truck body CS,3.96091103553772,0.1,-1.34908008575439,1.20473492145538,10.1852684020996,-0.00102246595769,-179.533434786753,-0.00001025744986
984,left road,984,-3.10500001907349,0.0,6.89999961853027,-3.04999995231628,0.0,-0.05000000074506,-3.10500001907349,0.0,6.89999961853027,-1.34908008575439,1.20473492145538,10.1852684020996,-2.51737928390503,0.40316590666771,7.99941778182983,"(-2.517379, 0.403166, 7.999418)",truck body CS,3.91505193710327,0.1,-1.34908008575439,1.20473492145538,10.1852684020996,-0.00102246595769,-179.533434786753,-0.00001025744986
985,left road,985,-3.00500011444092,0.0,6.89999961853027,-2.95000004768372,0.0,-0.05000000074506,-3.00500011444092,0.0,6.89999961853027,-1.34908008575439,1.20473492145538,10.1852684020996,-2.46164393424988,0.39530894160271,7.97799205780029,"(-2.461644, 0.395309, 7.977992)",truck body CS,3.87123346328735,0.1,-1.34908008575439,1.20473492145538,10.1852684020996,-0.00102246595769,-179.533434786753,-0.00001025744986
986,left road,986,-2.90499997138977,0.0,6.89999961853027,-2.84999990463257,0.0,-0.05000000074506,-2.90499997138977,0.0,6.89999961853027,-1.34908008575439,1.20473492145538,10.1852684020996,-2.40886759757996,0.38415077328682,7.94756412506104,"(-2.408868, 0.384151, 7.947564)",truck body CS,3.82952523231506,0.1,-1.34908008575439,1.20473492145538,10.1852684020996,-0.00102246595769,-179.533434786753,-0.00001025744986
987,left road,987,-2.8050000667572,0.0,6.89999961853027,-2.75,0.0,-0.05000000074506,-2.8050000667572,0.0,6.89999961853027,-1.34908008575439,1.20473492145538,10.1852684020996,-2.34487342834473,0.38074237108231,7.93826961517334,"(-2.344873, 0.380742, 7.93827)",truck body CS,3.78999733924866,0.1,-1.34908008575439,1.20473492145538,10.1852684020996,-0.00102246595769,-179.533434786753,-0.00001025744986
988,left road,988,-2.70500016212463,0.0,6.89999961853027,-2.65000009536743,0.0,-0.05000000074506,-2.70500016212463,0.0,6.89999961853027,-1.34908008575439,1.20473492145538,10.1852684020996,-2.27547597885132,0.38163197040558,7.94069576263428,"(-2.275476, 0.381632, 7.940696)",truck body CS,3.75271844863892,0.1,-1.34908008575439,1.20473492145538,10.1852684020996,-0.00102246595769,-179.533434786753,-0.00001025744986
989,left road,989,-2.60500001907349,0.0,6.89999961853027,-2.54999995231628,0.0,-0.05000000074506,-2.60500001907349,0.0,6.89999961853027,-1.34908008575439,1.20473492145538,10.1852684020996,-2.20614409446716,0.38260042667389,7.94333648681641,"(-2.206144, 0.3826, 7.943336)",truck body CS,3.7177562713623,0.1,-1.34908008575439,1.20473492145538,10.1852684020996,-0.00102246595769,-179.533434786753,-0.00001025744986
990,left road,990,-2.50500011444092,0.0,6.89999961853027,-2.45000004768372,0.0,-0.05000000074506,-2.50500011444092,0.0,6.89999961853027,-1.34908008575439,1.20473492145538,10.1852684020996,-2.13811159133911,0.38238209486008,7.94274139404297,"(-2.138112, 0.382382, 7.942741)",truck body CS,3.68517684936523,0.1,-1.34908008575439,1.20473492145538,10.1852684020996,-0.00102246595769,-179.533434786753,-0.00001025744986
991,left road,991,-2.40499997138977,0.0,6.89999961853027,-2.34999990463257,0.0,-0.05000000074506,-2.40499997138977,0.0,6.89999961853027,-1.34908008575439,1.20473492145538,10.1852684020996,-2.06992220878601,0.38230162858963,7.94252157211304,"(-2.069922, 0.382302, 7.942522)",truck body CS,3.65504360198975,0.1,-1.34908008575439,1.20473492145538,10.1852684020996,-0.00102246595769,-179.533434786753,-0.00001025744986
992,left road,992,-2.3050000667572,0.0,6.89999961853027,-2.25,0.0,-0.05000000074506,-2.3050000667572,0.0,6.89999961853027,-1.34908008575439,1.20473492145538,10.1852684020996,-2.00168776512146,0.38226106762886,7.94241094589233,"(-2.001688, 0.382261, 7.942411)",truck body CS,3.62741780281067,0.1,-1.34908008575439,1.20473492145538,10.1852684020996,-0.00102246595769,-179.533434786753,-0.00001025744986
993,left road,993,-2.20500016212463,0.0,6.89999961853027,-2.15000009536743,0.0,-0.05000000074506,-2.20500016212463,0.0,6.89999961853027,-1.34908008575439,1.20473492145538,10.1852684020996,-1.93346524238586,0.38219398260117,7.94222831726074,"(-1.933465, 0.382194, 7.942228)",truck body CS,3.60235714912415,0.1,-1.34908008575439,1.20473492145538,10.1852684020996,-0.00102246595769,-179.533434786753,-0.00001025744986
994,left road,994,-2.10500001907349,0.0,6.89999961853027,-2.04999995231628,0.0,-0.05000000074506,-2.10500001907349,0.0,6.89999961853027,-1.34908008575439,1.20473492145538,10.1852684020996,-1.8652046918869,0.38216978311539,7.94216251373291,"(-1.865205, 0.38217, 7.942163)",truck body CS,3.57991504669189,0.1,-1.34908008575439,1.20473492145538,10.1852684020996,-0.00102246595769,-179.533434786753,-0.00001025744986
995,left road,995,-2.00500011444092,0.0,6.89999961853027,-1.95000004768372,0.0,-0.05000000074506,-2.00500011444092,0.0,6.89999961853027,-1.34908008575439,1.20473492145538,10.1852684020996,-1.79693722724915,0.38215106725693,7.94211101531982,"(-1.796937, 0.382151, 7.942111)",truck body CS,3.56014156341553,0.1,-1.34908008575439,1.20473492145538,10.1852684020996,-0.00102246595769,-179.533434786753,-0.00001025744986
996,left road,996,-1.90499997138977,0.0,6.89999961853027,-1.85000002384186,0.0,-0.05000000074506,-1.90499997138977,0.0,6.89999961853027,-1.34908008575439,1.20473492145538,10.1852684020996,-1.72865915298462,0.38214826583862,7.94210338592529,"(-1.728659, 0.382148, 7.942103)",truck body CS,3.54308104515076,0.1,-1.34908008575439,1.20473492145538,10.1852684020996,-0.00102246595769,-179.533434786753,-0.00001025744986
997,left road,997,-1.80499994754791,0.0,6.89999961853027,-1.75,0.0,-0.05000000074506,-1.80499994754791,0.0,6.89999961853027,-1.34908008575439,1.20473492145538,10.1852684020996,-1.66037893295288,0.3821502327919,7.94210910797119,"(-1.660379, 0.38215, 7.942109)",truck body CS,3.52877306938171,0.1,-1.34908008575439,1.20473492145538,10.1852684020996,-0.00102246595769,-179.533434786753,-0.00001025744986
998,left road,998,-1.70499992370605,0.0,6.89999961853027,-1.64999997615814,0.0,-0.05000000074506,-1.70499992370605,0.0,6.89999961853027,-1.34908008575439,1.20473492145538,10.1852684020996,-1.59210169315338,0.38214319944382,7.94208955764771,"(-1.592102, 0.382143, 7.94209)",truck body CS,3.51725125312805,0.1,-1.34908008575439,1.20473492145538,10.1852684020996,-0.00102246595769,-179.533434786753,-0.00001025744986
999,left road,999,-1.6049998998642,0.0,6.89999961853027,-1.54999995231628,0.0,-0.05000000074506,-1.6049998998642,0.0,6.89999961853027,-1.34908008575439,1.20473492145538,10.1852684020996,-1.52381205558777,0.38218915462494,7.94221496582031,"(-1.523812, 0.382189, 7.942215)",truck body CS,3.50854277610779,0.1,-1.34908008575439,1.20473492145538,10.1852684020996,-0.00102246595769,-179.533434786753,-0.00001025744986
1000,left road,1000,-1.50499999523163,0.0,6.89999961853027,-1.45000004768372,0.0,-0.05000000074506,-1.50499999523163,0.0,6.89999961853027,-1.34908008575439,1.20473492145538,10.1852684020996,-1.45553040504456,0.38223335146904,7.94233560562134,"(-1.45553, 0.382233, 7.942336)",truck body CS,3.50266861915588,0.1,-1.34908008575439,1.20473492145538,10.1852684020996,-0.00102246595769,-179.533434786753,-0.00001025744986
1001,left road,1001,-1.40499997138977,0.0,6.89999961853027,-1.35000002384186,0.0,-0.05000000074506,-1.40499997138977,0.0,6.89999961853027,-1.34908008575439,1.20473492145538,10.1852684020996,-1.38725566864014,0.38228213787079,7.94246864318848,"(-1.387256, 0.382282, 7.942469)",truck body CS,3.49964332580566,0.1,-1.34908008575439,1.20473492145538,10.1852684020996,-0.00102246595769,-179.533434786753,-0.00001025744986
1002,left road,1002,-1.30499994754791,0.0,6.89999961853027,-1.25,0.0,-0.05000000074506,-1.30499994754791,0.0,6.89999961853027,-1.34908008575439,1.20473492145538,10.1852684020996,-1.31899213790894,0.38241329789162,7.94282627105713,"(-1.318992, 0.382413, 7.942826)",truck body CS,3.49947428703308,0.1,-1.34908008575439,1.20473492145538,10.1852684020996,-0.00102246595769,-179.533434786753,-0.00001025744986
1003,left road,1003,-1.20499992370605,0.0,6.89999961853027,-1.14999997615814,0.0,-0.05000000074506,-1.20499992370605,0.0,6.89999961853027,-1.34908008575439,1.20473492145538,10.1852684020996,-1.25066363811493,0.38181930780411,7.94120645523071,"(-1.250664, 0.381819, 7.941206)",truck body CS,3.50216150283813,0.1,-1.34908008575439,1.20473492145538,10.1852684020996,-0.00102246595769,-179.533434786753,-0.00001025744986
1004,left road,1004,-1.1049998998642,0.0,6.89999961853027,-1.04999995231628,0.0,-0.05000000074506,-1.1049998998642,0.0,6.89999961853027,-1.34908008575439,1.20473492145538,10.1852684020996,-1.18202018737793,0.38015764951706,7.93667554855347,"(-1.18202, 0.380158, 7.936676)",truck body CS,3.50769901275635,0.1,-1.34908008575439,1.20473492145538,10.1852684020996,-0.00102246595769,-179.533434786753,-0.00001025744986
1005,left road,1005,-1.00499999523163,0.0,6.89999961853027,-0.94999998807907,0.0,-0.05000000074506,-1.00499999523163,0.0,6.89999961853027,-1.34908008575439,1.20473492145538,10.1852684020996,-1.11371386051178,0.38064226508141,7.93799686431885,"(-1.113714, 0.380642, 7.937997)",truck body CS,3.51607275009155,0.1,-1.34908008575439,1.20473492145538,10.1852684020996,-0.00102246595769,-179.533434786753,-0.00001025744986
1006,left road,1006,-0.90500003099442,0.0,6.89999961853027,-0.85000002384186,0.0,-0.05000000074506,-0.90500003099442,0.0,6.89999961853027,-1.34908008575439,1.20473492145538,10.1852684020996,-1.04883861541748,0.39021623134613,7.96410465240479,"(-1.048839, 0.390216, 7.964105)",truck body CS,3.52726292610168,0.1,-1.34908008575439,1.20473492145538,10.1852684020996,-0.00102246595769,-179.533434786753,-0.00001025744986
1007,left road,1007,-0.80500000715256,0.0,6.89999961853027,-0.75,0.0,-0.05000000074506,-0.80500000715256,0.0,6.89999961853027,-1.34908008575439,1.20473492145538,10.1852684020996,-0.98574221134186,0.40021020174026,7.99135780334473,"(-0.985742, 0.40021, 7.991358)",truck body CS,3.5412425994873,0.1,-1.34908008575439,1.20473492145538,10.1852684020996,-0.00102246595769,-179.533434786753,-0.00001025744986
1008,left road,1008,-0.7049999833107,0.0,6.89999961853027,-0.64999997615814,0.0,-0.05000000074506,-0.7049999833107,0.0,6.89999961853027,-1.34908008575439,1.20473492145538,10.1852684020996,-0.94647246599197,0.45166781544685,8.13168144226074,"(-0.946472, 0.451668, 8.131681)",truck body CS,3.55797910690308,0.1,-1.34908008575439,1.20473492145538,10.1852684020996,-0.00102246595769,-179.533434786753,-0.00001025744986
1009,left road,1009,-0.60500001907349,0.0,6.89999961853027,-0.55000001192093,0.0,-0.05000000074506,-0.60500001907349,0.0,6.89999961853027,-1.34908008575439,1.20473492145538,10.1852684020996,-0.91140991449356,0.49610608816147,8.25286293029785,"(-0.91141, 0.496106, 8.252863)",truck body CS,3.57743358612061,0.1,-1.34908008575439,1.20473492145538,10.1852684020996,-0.00102246595769,-179.533434786753,-0.00001025744986
1010,left road,1010,-0.50499999523163,0.0,6.89999961853027,-0.44999998807907,0.0,-0.05000000074506,-0.50499999523163,0.0,6.89999961853027,-1.34908008575439,1.20473492145538,10.1852684020996,-0.88338953256607,0.54006606340408,8.37273979187012,"(-0.88339, 0.540066, 8.37274)",truck body CS,3.59956216812134,0.1,-1.34908008575439,1.20473492145538,10.1852684020996,-0.00102246595769,-179.533434786753,-0.00001025744986
1011,left road,1011,-0.40500000119209,0.0,6.89999961853027,-0.34999999403954,0.0,-0.05000000074506,-0.40500000119209,0.0,6.89999961853027,-1.34908008575439,1.20473492145538,10.1852684020996,-0.98826748132706,0.74430406093597,8.92968940734863,"(-0.988267, 0.744304, 8.929689)",truck body CS,3.62431573867798,0.1,-1.34908008575439,1.20473492145538,10.1852684020996,-0.00102246595769,-179.533434786753,-0.00001025744986
1012,left road,1012,-0.30500000715256,0.0,6.89999961853027,-0.25,0.0,-0.05000000074506,-0.30500000715256,0.0,6.89999961853027,-1.34908008575439,1.20473492145538,10.1852684020996,-0.95072150230408,0.74507993459702,8.93180561065674,"(-0.950722, 0.74508, 8.931806)",truck body CS,3.65164065361023,0.1,-1.34908008575439,1.20473492145538,10.1852684020996,-0.00102246595769,-179.533434786753,-0.00001025744986
1013,left road,1013,-0.20500001311302,0.0,6.89999961853027,-0.15000000596046,0.0,-0.05000000074506,-0.20500001311302,0.0,6.89999961853027,-1.34908008575439,1.20473492145538,10.1852684020996,-0.91330170631409,0.74585318565369,8.93391418457031,"(-0.913302, 0.745853, 8.933914)",truck body CS,3.68148016929626,0.1,-1.34908008575439,1.20473492145538,10.1852684020996,-0.00102246595769,-179.533434786753,-0.00001025744986
1014,left road,1014,-0.10500000417233,0.0,6.89999961853027,-0.05000000074506,0.0,-0.05000000074506,-0.10500000417233,0.0,6.89999961853027,-1.34908008575439,1.20473492145538,10.1852684020996,-0.87542223930359,0.74605691432953,8.93446922302246,"(-0.875422, 0.746057, 8.934469)",truck body CS,3.71377325057983,0.1,-1.34908008575439,1.20473492145538,10.1852684020996,-0.00102246595769,-179.533434786753,-0.00001025744986
1015,left road,1015,-0.00499999895692,0.0,6.89999961853027,0.05000000074506,0.0,-0.05000000074506,-0.00499999895692,0.0,6.89999961853027,-1.34908008575439,1.20473492145538,10.1852684020996,-0.84710884094238,0.75480461120605,8.95832347869873,"(-0.847109, 0.754805, 8.958323)",truck body CS,3.74845671653748,0.1,-1.34908008575439,1.20473492145538,10.1852684020996,-0.00102246595769,-179.533434786753,-0.00001025744986
1016,left road,1016,0.09500000625849,0.0,6.89999961853027,0.15000000596046,0.0,-0.05000000074506,0.09500000625849,0.0,6.89999961853027,-1.34908008575439,1.20473492145538,10.1852684020996,-0.85018503665924,0.78852784633636,9.05028629302979,"(-0.850185, 0.788528, 9.050286)",truck body CS,3.78546476364136,0.1,-1.34908008575439,1.20473492145538,10.1852684020996,-0.00102246595769,-179.533434786753,-0.00001025744986
1017,left road,1017,0.19499999284744,0.0,6.89999961853027,0.25,0.0,-0.05000000074506,0.19499999284744,0.0,6.89999961853027,-1.34908008575439,1.20473492145538,10.1852684020996,-0.85130876302719,0.81635963916779,9.12618255615234,"(-0.851309, 0.81636, 9.126183)",truck body CS,3.82473015785217,0.1,-1.34908008575439,1.20473492145538,10.1852684020996,-0.00102246595769,-179.533434786753,-0.00001025744986
1018,left road,1018,0.29499998688698,0.0,6.89999961853027,0.34999999403954,0.0,-0.05000000074506,0.29499998688698,0.0,6.89999961853027,-1.34908008575439,1.20473492145538,10.1852684020996,-0.85514849424362,0.84279596805573,9.19827365875244,"(-0.855148, 0.842796, 9.198274)",truck body CS,3.86618375778198,0.1,-1.34908008575439,1.20473492145538,10.1852684020996,-0.00102246595769,-179.533434786753,-0.00001025744986
1019,left road,1019,0.39499998092651,0.0,6.89999961853027,0.44999998807907,0.0,-0.05000000074506,0.39499998092651,0.0,6.89999961853027,-1.34908008575439,1.20473492145538,10.1852684020996,-0.85928416252136,0.86640501022339,9.26265430450439,"(-0.859284, 0.866405, 9.262654)",truck body CS,3.90975594520569,0.1,-1.34908008575439,1.20473492145538,10.1852684020996,-0.00102246595769,-179.533434786753,-0.00001025744986
1020,left road,1020,0.49500000476837,0.0,6.89999961853027,0.55000001192093,0.0,-0.05000000074506,0.49500000476837,0.0,6.89999961853027,-1.34908008575439,1.20473492145538,10.1852684020996,-0.8620468378067,0.8865567445755,9.31760692596436,"(-0.862047, 0.886557, 9.317607)",truck body CS,3.95537710189819,0.1,-1.34908008575439,1.20473492145538,10.1852684020996,-0.00102246595769,-179.533434786753,-0.00001025744986
1021,left road,1021,0.59499996900558,0.0,6.89999961853027,0.64999997615814,0.0,-0.05000000074506,0.59499996900558,0.0,6.89999961853027,-1.34908008575439,1.20473492145538,10.1852684020996,-0.86498522758484,0.90474420785904,9.36720371246338,"(-0.864985, 0.904744, 9.367204)",truck body CS,4.00297689437866,0.1,-1.34908008575439,1.20473492145538,10.1852684020996,-0.00102246595769,-179.533434786753,-0.00001025744986
1022,left road,1022,0.69499999284744,0.0,6.89999961853027,0.75,0.0,-0.05000000074506,0.69499999284744,0.0,6.89999961853027,-1.34908008575439,1.20473492145538,10.1852684020996,-0.86744636297226,0.92087090015411,9.41118049621582,"(-0.867446, 0.920871, 9.41118)",truck body CS,4.05248546600342,0.1,-1.34908008575439,1.20473492145538,10.1852684020996,-0.00102246595769,-179.533434786753,-0.00001025744986
1023,left road,1023,0.7950000166893,0.0,6.89999961853027,0.85000002384186,0.0,-0.05000000074506,0.7950000166893,0.0,6.89999961853027,-1.34908008575439,1.20473492145538,10.1852684020996,-0.86998921632767,0.93553906679153,9.45118045806885,"(-0.869989, 0.935539, 9.45118)",truck body CS,4.10383462905884,0.1,-1.34908008575439,1.20473492145538,10.1852684020996,-0.00102246595769,-179.533434786753,-0.00001025744986
1024,left road,1024,0.89499998092651,0.0,6.89999961853027,0.94999998807907,0.0,-0.05000000074506,0.89499998092651,0.0,6.89999961853027,-1.34908008575439,1.20473492145538,10.1852684020996,-0.87173849344254,0.94847393035889,9.48645305633545,"(-0.871738, 0.948474, 9.486453)",truck body CS,4.15695476531982,0.1,-1.34908008575439,1.20473492145538,10.1852684020996,-0.00102246595769,-179.533434786753,-0.00001025744986
1025,left road,1025,0.99499994516373,0.0,6.89999961853027,1.04999995231628,0.0,-0.05000000074506,0.99499994516373,0.0,6.89999961853027,-1.34908008575439,1.20473492145538,10.1852684020996,-0.8723276257515,0.95970892906189,9.51709079742432,"(-0.872328, 0.959709, 9.517091)",truck body CS,4.21177959442139,0.1,-1.34908008575439,1.20473492145538,10.1852684020996,-0.00102246595769,-179.533434786753,-0.00001025744986
1026,left road,1026,1.09500002861023,0.0,6.89999961853027,1.14999997615814,0.0,-0.05000000074506,1.09500002861023,0.0,6.89999961853027,-1.34908008575439,1.20473492145538,10.1852684020996,-0.87300586700439,0.97006863355637,9.5453405380249,"(-0.873006, 0.970069, 9.545341)",truck body CS,4.26824378967285,0.1,-1.34908008575439,1.20473492145538,10.1852684020996,-0.00102246595769,-179.533434786753,-0.00001025744986
1027,left road,1027,1.19500005245209,0.0,6.89999961853027,1.25,0.0,-0.05000000074506,1.19500005245209,0.0,6.89999961853027,-1.34908008575439,1.20473492145538,10.1852684020996,-0.87554556131363,0.98049521446228,9.57377338409424,"(-0.875546, 0.980495, 9.573773)",truck body CS,4.3262825012207,0.1,-1.34908008575439,1.20473492145538,10.1852684020996,-0.00102246595769,-179.533434786753,-0.00001025744986
1028,left road,1028,1.29500007629395,0.0,6.89999961853027,1.35000002384186,0.0,-0.05000000074506,1.29500007629395,0.0,6.89999961853027,-1.34908008575439,1.20473492145538,10.1852684020996,-0.88378721475601,0.99273127317429,9.60714149475098,"(-0.883787, 0.992731, 9.607141)",truck body CS,4.38583374023438,0.1,-1.34908008575439,1.20473492145538,10.1852684020996,-0.00102246595769,-179.533434786753,-0.00001025744986
1029,left road,1029,1.3950001001358,0.0,6.89999961853027,1.45000004768372,0.0,-0.05000000074506,1.3950001001358,0.0,6.89999961853027,-1.34908008575439,1.20473492145538,10.1852684020996,-0.89848709106445,1.00691092014313,9.64580821990967,"(-0.898487, 1.006911, 9.645808)",truck body CS,4.44683647155762,0.1,-1.34908008575439,1.20473492145538,10.1852684020996,-0.00102246595769,-179.533434786753,-0.00001025744986
1030,left road,1030,1.49500000476837,0.0,6.89999961853027,1.54999995231628,0.0,-0.05000000074506,1.49500000476837,0.0,6.89999961853027,-1.34908008575439,1.20473492145538,10.1852684020996,-0.91001015901566,1.01874756813049,9.67808723449707,"(-0.91001, 1.018748, 9.678087)",truck body CS,4.50923156738281,0.1,-1.34908008575439,1.20473492145538,10.1852684020996,-0.00102246595769,-179.533434786753,-0.00001025744986
1031,left road,1031,1.59500002861023,0.0,6.89999961853027,1.64999997615814,0.0,-0.05000000074506,1.59500002861023,0.0,6.89999961853027,-1.34908008575439,1.20473492145538,10.1852684020996,-0.91903573274612,1.02875828742981,9.70538520812988,"(-0.919036, 1.028758, 9.705385)",truck body CS,4.57296228408813,0.1,-1.34908008575439,1.20473492145538,10.1852684020996,-0.00102246595769,-179.533434786753,-0.00001025744986
1032,left road,1032,1.69500005245209,0.0,6.89999961853027,1.75,0.0,-0.05000000074506,1.69500005245209,0.0,6.89999961853027,-1.34908008575439,1.20473492145538,10.1852684020996,-0.92741709947586,1.03785610198975,9.73019504547119,"(-0.927417, 1.037856, 9.730195)",truck body CS,4.63797378540039,0.1,-1.34908008575439,1.20473492145538,10.1852684020996,-0.00102246595769,-179.533434786753,-0.00001025744986
1033,left road,1033,1.79500007629395,0.0,6.89999961853027,1.85000002384186,0.0,-0.05000000074506,1.79500007629395,0.0,6.89999961853027,-1.34908008575439,1.20473492145538,10.1852684020996,-0.96029359102249,1.05576133728027,9.77902221679688,"(-0.960294, 1.055761, 9.779022)",truck body CS,4.70421266555786,0.1,-1.34908008575439,1.20473492145538,10.1852684020996,-0.00102246595769,-179.533434786753,-0.00001025744986
1034,left road,1034,1.8950001001358,0.0,6.89999961853027,1.95000004768372,0.0,-0.05000000074506,1.8950001001358,0.0,6.89999961853027,-1.34908008575439,1.20473492145538,10.1852684020996,-0.94789922237396,1.05575084686279,9.77899265289307,"(-0.947899, 1.055751, 9.778993)",truck body CS,4.77162790298462,0.1,-1.34908008575439,1.20473492145538,10.1852684020996,-0.00102246595769,-179.533434786753,-0.00001025744986
1035,left road,1035,1.99500000476837,0.0,6.89999961853027,2.04999995231628,0.0,-0.05000000074506,1.99500000476837,0.0,6.89999961853027,-1.34908008575439,1.20473492145538,10.1852684020996,-0.94226384162903,1.05817568302155,9.78560638427734,"(-0.942264, 1.058176, 9.785606)",truck body CS,4.84017038345337,0.1,-1.34908008575439,1.20473492145538,10.1852684020996,-0.00102246595769,-179.533434786753,-0.00001025744986
1036,left road,1036,2.09500002861023,0.0,6.89999961853027,2.15000009536743,0.0,-0.05000000074506,2.09500002861023,0.0,6.89999961853027,-1.34908008575439,1.20473492145538,10.1852684020996,-0.94421952962875,1.06311511993408,9.79907608032227,"(-0.94422, 1.063115, 9.799076)",truck body CS,4.90979242324829,0.1,-1.34908008575439,1.20473492145538,10.1852684020996,-0.00102246595769,-179.533434786753,-0.00001025744986
1037,left road,1037,2.1949999332428,0.0,6.89999961853027,2.25,0.0,-0.05000000074506,2.1949999332428,0.0,6.89999961853027,-1.34908008575439,1.20473492145538,10.1852684020996,-0.9460135102272,1.06772089004517,9.81163501739502,"(-0.946014, 1.067721, 9.811635)",truck body CS,4.98044967651367,0.1,-1.34908008575439,1.20473492145538,10.1852684020996,-0.00102246595769,-179.533434786753,-0.00001025744986
1038,left road,1038,2.29499983787537,0.0,6.89999961853027,2.34999990463257,0.0,-0.05000000074506,2.29499983787537,0.0,6.89999961853027,-1.34908008575439,1.20473492145538,10.1852684020996,-0.94781976938248,1.07207798957825,9.82351684570313,"(-0.94782, 1.072078, 9.823517)",truck body CS,5.05209827423096,0.1,-1.34908008575439,1.20473492145538,10.1852684020996,-0.00102246595769,-179.533434786753,-0.00001025744986
1039,left road,1039,2.39499998092651,0.0,6.89999961853027,2.45000004768372,0.0,-0.05000000074506,2.39499998092651,0.0,6.89999961853027,-1.34908008575439,1.20473492145538,10.1852684020996,-0.94951421022415,1.07616639137268,9.83466529846191,"(-0.949514, 1.076166, 9.834665)",truck body CS,5.12469625473022,0.1,-1.34908008575439,1.20473492145538,10.1852684020996,-0.00102246595769,-179.533434786753,-0.00001025744986
1040,left road,1040,2.49499988555908,0.0,6.89999961853027,2.54999995231628,0.0,-0.05000000074506,2.49499988555908,0.0,6.89999961853027,-1.34908008575439,1.20473492145538,10.1852684020996,-0.95110762119293,1.08001017570496,9.84514808654785,"(-0.951108, 1.08001, 9.845148)",truck body CS,5.1982045173645,0.1,-1.34908008575439,1.20473492145538,10.1852684020996,-0.00102246595769,-179.533434786753,-0.00001025744986
1041,left road,1041,2.59500002861023,0.0,6.89999961853027,2.65000009536743,0.0,-0.05000000074506,2.59500002861023,0.0,6.89999961853027,-1.34908008575439,1.20473492145538,10.1852684020996,-0.95245397090912,1.08358383178711,9.85489273071289,"(-0.952454, 1.083584, 9.854893)",truck body CS,5.27258443832397,0.1,-1.34908008575439,1.20473492145538,10.1852684020996,-0.00102246595769,-179.533434786753,-0.00001025744986
1042,left road,1042,2.6949999332428,0.0,6.89999961853027,2.75,0.0,-0.05000000074506,2.6949999332428,0.0,6.89999961853027,-1.34908008575439,1.20473492145538,10.1852684020996,-0.95368814468384,1.08694744110107,9.86406517028809,"(-0.953688, 1.086947, 9.864065)",truck body CS,5.34779930114746,0.1,-1.34908008575439,1.20473492145538,10.1852684020996,-0.00102246595769,-179.533434786753,-0.00001025744986
1043,left road,1043,2.79499983787537,0.0,6.89999961853027,2.84999990463257,0.0,-0.05000000074506,2.79499983787537,0.0,6.89999961853027,-1.34908008575439,1.20473492145538,10.1852684020996,-0.95496410131454,1.09016048908234,9.87282752990723,"(-0.954964, 1.09016, 9.872828)",truck body CS,5.42381572723389,0.1,-1.34908008575439,1.20473492145538,10.1852684020996,-0.00102246595769,-179.533434786753,-0.00001025744986
1044,left road,1044,2.89499998092651,0.0,6.89999961853027,2.95000004768372,0.0,-0.05000000074506,2.89499998092651,0.0,6.89999961853027,-1.34908008575439,1.20473492145538,10.1852684020996,-0.95971167087555,1.09420776367188,9.883864402771,"(-0.959712, 1.094208, 9.883864)",truck body CS,5.50059938430786,0.1,-1.34908008575439,1.20473492145538,10.1852684020996,-0.00102246595769,-179.533434786753,-0.00001025744986
1045,left road,1045,2.99499988555908,0.0,6.89999961853027,3.04999995231628,0.0,-0.05000000074506,2.99499988555908,0.0,6.89999961853027,-1.34908008575439,1.20473492145538,10.1852684020996,-0.95710390806198,1.09602880477905,9.88883018493652,"(-0.957104, 1.096029, 9.88883)",truck body CS,5.57811832427979,0.1,-1.34908008575439,1.20473492145538,10.1852684020996,-0.00102246595769,-179.533434786753,-0.00001025744986
1046,left road,1046,3.09500002861023,0.0,6.89999961853027,3.15000009536743,0.0,-0.05000000074506,3.09500002861023,0.0,6.89999961853027,-1.34908008575439,1.20473492145538,10.1852684020996,-0.95807945728302,1.09873938560486,9.89622116088867,"(-0.958079, 1.098739, 9.896221)",truck body CS,5.65634393692017,0.1,-1.34908008575439,1.20473492145538,10.1852684020996,-0.00102246595769,-179.533434786753,-0.00001025744986
1047,left road,1047,3.1949999332428,0.0,6.89999961853027,3.25,0.0,-0.05000000074506,3.1949999332428,0.0,6.89999961853027,-1.34908008575439,1.20473492145538,10.1852684020996,-0.95909190177917,1.10134053230286,9.90331554412842,"(-0.959092, 1.101341, 9.903316)",truck body CS,5.73524522781372,0.1,-1.34908008575439,1.20473492145538,10.1852684020996,-0.00102246595769,-179.533434786753,-0.00001025744986
1048,left road,1048,3.29499983787537,0.0,6.89999961853027,3.34999990463257,0.0,-0.05000000074506,3.29499983787537,0.0,6.89999961853027,-1.34908008575439,1.20473492145538,10.1852684020996,-0.96005588769913,1.10381674766541,9.91006755828857,"(-0.960056, 1.103817, 9.910068)",truck body CS,5.81479644775391,0.1,-1.34908008575439,1.20473492145538,10.1852684020996,-0.00102246595769,-179.533434786753,-0.00001025744986
1049,left road,1049,3.39499998092651,0.0,6.89999961853027,3.45000004768372,0.0,-0.05000000074506,3.39499998092651,0.0,6.89999961853027,-1.34908008575439,1.20473492145538,10.1852684020996,-0.96097564697266,1.10617768764496,9.91650581359863,"(-0.960976, 1.106178, 9.916506)",truck body CS,5.89496994018555,0.1,-1.34908008575439,1.20473492145538,10.1852684020996,-0.00102246595769,-179.533434786753,-0.00001025744986
1050,left road,1050,-3.50500011444092,0.0,7.0,-3.45000004768372,0.0,0.05000000074506,-3.50500011444092,0.0,7.0,-1.34908008575439,1.20473492145538,10.1852684020996,-2.60364055633545,0.50368249416351,8.33171463012695,"(-2.603641, 0.503682, 8.331715)",truck body CS,4.03054714202881,0.1,-1.34908008575439,1.20473492145538,10.1852684020996,-0.00102246595769,-179.533434786753,-0.00001025744986
1051,left road,1051,-3.40499997138977,0.0,7.0,-3.34999990463257,0.0,0.05000000074506,-3.40499997138977,0.0,7.0,-1.34908008575439,1.20473492145538,10.1852684020996,-2.58738136291504,0.47911083698273,8.26674842834473,"(-2.587381, 0.479111, 8.266748)",truck body CS,3.97795534133911,0.1,-1.34908008575439,1.20473492145538,10.1852684020996,-0.00102246595769,-179.533434786753,-0.00001025744986
1052,left road,1052,-3.3050000667572,0.0,7.0,-3.25,0.0,0.05000000074506,-3.3050000667572,0.0,7.0,-1.34908008575439,1.20473492145538,10.1852684020996,-2.56920647621155,0.45320668816566,8.19825839996338,"(-2.569206, 0.453207, 8.198258)",truck body CS,3.92720556259155,0.1,-1.34908008575439,1.20473492145538,10.1852684020996,-0.00102246595769,-179.533434786753,-0.00001025744986
1053,left road,1053,-3.20500016212463,0.0,7.0,-3.15000009536743,0.0,0.05000000074506,-3.20500016212463,0.0,7.0,-1.34908008575439,1.20473492145538,10.1852684020996,-2.5533242225647,0.42302280664444,8.11845397949219,"(-2.553324, 0.423023, 8.118454)",truck body CS,3.87837076187134,0.1,-1.34908008575439,1.20473492145538,10.1852684020996,-0.00102246595769,-179.533434786753,-0.00001025744986
1054,left road,1054,-3.10500001907349,0.0,7.0,-3.04999995231628,0.0,0.05000000074506,-3.10500001907349,0.0,7.0,-1.34908008575439,1.20473492145538,10.1852684020996,-2.53594875335693,0.39042544364929,8.03226757049561,"(-2.535949, 0.390425, 8.032268)",truck body CS,3.83152413368225,0.1,-1.34908008575439,1.20473492145538,10.1852684020996,-0.00102246595769,-179.533434786753,-0.00001025744986
1055,left road,1055,-3.00500011444092,0.0,7.0,-2.95000004768372,0.0,0.05000000074506,-3.00500011444092,0.0,7.0,-1.34908008575439,1.20473492145538,10.1852684020996,-2.48569178581238,0.37781322002411,7.99892234802246,"(-2.485692, 0.377813, 7.998922)",truck body CS,3.78673911094666,0.1,-1.34908008575439,1.20473492145538,10.1852684020996,-0.00102246595769,-179.533434786753,-0.00001025744986
1056,left road,1056,-2.90499997138977,0.0,7.0,-2.84999990463257,0.0,0.05000000074506,-2.90499997138977,0.0,7.0,-1.34908008575439,1.20473492145538,10.1852684020996,-2.41973400115967,0.37573677301407,7.99343156814575,"(-2.419734, 0.375737, 7.993432)",truck body CS,3.74408960342407,0.1,-1.34908008575439,1.20473492145538,10.1852684020996,-0.00102246595769,-179.533434786753,-0.00001025744986
1057,left road,1057,-2.8050000667572,0.0,7.0,-2.75,0.0,0.05000000074506,-2.8050000667572,0.0,7.0,-1.34908008575439,1.20473492145538,10.1852684020996,-2.34998035430908,0.37651652097702,7.99549341201782,"(-2.34998, 0.376517, 7.995493)",truck body CS,3.70364999771118,0.1,-1.34908008575439,1.20473492145538,10.1852684020996,-0.00102246595769,-179.533434786753,-0.00001025744986
1058,left road,1058,-2.70500016212463,0.0,7.0,-2.65000009536743,0.0,0.05000000074506,-2.70500016212463,0.0,7.0,-1.34908008575439,1.20473492145538,10.1852684020996,-2.27947282791138,0.37808078527451,7.99962902069092,"(-2.279473, 0.378081, 7.999629)",truck body CS,3.66549324989319,0.1,-1.34908008575439,1.20473492145538,10.1852684020996,-0.00102246595769,-179.533434786753,-0.00001025744986
1059,left road,1059,-2.60500001907349,0.0,7.0,-2.54999995231628,0.0,0.05000000074506,-2.60500001907349,0.0,7.0,-1.34908008575439,1.20473492145538,10.1852684020996,-2.20749354362488,0.3813059926033,8.00815677642822,"(-2.207494, 0.381306, 8.008157)",truck body CS,3.62969088554382,0.1,-1.34908008575439,1.20473492145538,10.1852684020996,-0.00102246595769,-179.533434786753,-0.00001025744986
1060,left road,1060,-2.50500011444092,0.0,7.0,-2.45000004768372,0.0,0.05000000074506,-2.50500011444092,0.0,7.0,-1.34908008575439,1.20473492145538,10.1852684020996,-2.13905048370361,0.38140368461609,8.00841522216797,"(-2.13905, 0.381404, 8.008415)",truck body CS,3.59631371498108,0.1,-1.34908008575439,1.20473492145538,10.1852684020996,-0.00102246595769,-179.533434786753,-0.00001025744986
1061,left road,1061,-2.40499997138977,0.0,7.0,-2.34999990463257,0.0,0.05000000074506,-2.40499997138977,0.0,7.0,-1.34908008575439,1.20473492145538,10.1852684020996,-2.07074069976807,0.38136777281761,8.00831985473633,"(-2.070741, 0.381368, 8.00832)",truck body CS,3.56542944908142,0.1,-1.34908008575439,1.20473492145538,10.1852684020996,-0.00102246595769,-179.533434786753,-0.00001025744986
1062,left road,1062,-2.3050000667572,0.0,7.0,-2.25,0.0,0.05000000074506,-2.3050000667572,0.0,7.0,-1.34908008575439,1.20473492145538,10.1852684020996,-2.00240254402161,0.38136011362076,8.00829887390137,"(-2.002403, 0.38136, 8.008299)",truck body CS,3.53710389137268,0.1,-1.34908008575439,1.20473492145538,10.1852684020996,-0.00102246595769,-179.533434786753,-0.00001025744986
1063,left road,1063,-2.20500016212463,0.0,7.0,-2.15000009536743,0.0,0.05000000074506,-2.20500016212463,0.0,7.0,-1.34908008575439,1.20473492145538,10.1852684020996,-1.93409216403961,0.38131168484688,8.00817203521729,"(-1.934092, 0.381312, 8.008172)",truck body CS,3.51139879226685,0.1,-1.34908008575439,1.20473492145538,10.1852684020996,-0.00102246595769,-179.533434786753,-0.00001025744986
1064,left road,1064,-2.10500001907349,0.0,7.0,-2.04999995231628,0.0,0.05000000074506,-2.10500001907349,0.0,7.0,-1.34908008575439,1.20473492145538,10.1852684020996,-1.86574840545654,0.38130325078964,8.00814914703369,"(-1.865748, 0.381303, 8.008149)",truck body CS,3.48837161064148,0.1,-1.34908008575439,1.20473492145538,10.1852684020996,-0.00102246595769,-179.533434786753,-0.00001025744986
1065,left road,1065,-2.00500011444092,0.0,7.0,-1.95000004768372,0.0,0.05000000074506,-2.00500011444092,0.0,7.0,-1.34908008575439,1.20473492145538,10.1852684020996,-1.79740464687347,0.38129258155823,8.00812149047852,"(-1.797405, 0.381293, 8.008121)",truck body CS,3.46807622909546,0.1,-1.34908008575439,1.20473492145538,10.1852684020996,-0.00102246595769,-179.533434786753,-0.00001025744986
1066,left road,1066,-1.90499997138977,0.0,7.0,-1.85000002384186,0.0,0.05000000074506,-1.90499997138977,0.0,7.0,-1.34908008575439,1.20473492145538,10.1852684020996,-1.7290552854538,0.3812897503376,8.00811386108398,"(-1.729055, 0.38129, 8.008114)",truck body CS,3.45056056976318,0.1,-1.34908008575439,1.20473492145538,10.1852684020996,-0.00102246595769,-179.533434786753,-0.00001025744986
1067,left road,1067,-1.80499994754791,0.0,7.0,-1.75,0.0,0.05000000074506,-1.80499994754791,0.0,7.0,-1.34908008575439,1.20473492145538,10.1852684020996,-1.66070699691772,0.38128346204758,8.00809669494629,"(-1.660707, 0.381283, 8.008097)",truck body CS,3.43586730957031,0.1,-1.34908008575439,1.20473492145538,10.1852684020996,-0.00102246595769,-179.533434786753,-0.00001025744986
1068,left road,1068,-1.70499992370605,0.0,7.0,-1.64999997615814,0.0,0.05000000074506,-1.70499992370605,0.0,7.0,-1.34908008575439,1.20473492145538,10.1852684020996,-1.59237098693848,0.3812318444252,8.00796031951904,"(-1.592371, 0.381232, 8.00796)",truck body CS,3.42403268814087,0.1,-1.34908008575439,1.20473492145538,10.1852684020996,-0.00102246595769,-179.533434786753,-0.00001025744986
1069,left road,1069,-1.6049998998642,0.0,7.0,-1.54999995231628,0.0,0.05000000074506,-1.6049998998642,0.0,7.0,-1.34908008575439,1.20473492145538,10.1852684020996,-1.52400255203247,0.381292283535,8.0081205368042,"(-1.524003, 0.381292, 8.008121)",truck body CS,3.41508650779724,0.1,-1.34908008575439,1.20473492145538,10.1852684020996,-0.00102246595769,-179.533434786753,-0.00001025744986
1070,left road,1070,-1.50499999523163,0.0,7.0,-1.45000004768372,0.0,0.05000000074506,-1.50499999523163,0.0,7.0,-1.34908008575439,1.20473492145538,10.1852684020996,-1.45565128326416,0.38129934668541,8.00813865661621,"(-1.455651, 0.381299, 8.008139)",truck body CS,3.40905165672302,0.1,-1.34908008575439,1.20473492145538,10.1852684020996,-0.00102246595769,-179.533434786753,-0.00001025744986
1071,left road,1071,-1.40499997138977,0.0,7.0,-1.35000002384186,0.0,0.05000000074506,-1.40499997138977,0.0,7.0,-1.34908008575439,1.20473492145538,10.1852684020996,-1.38730096817017,0.38130670785904,8.00815868377686,"(-1.387301, 0.381307, 8.008159)",truck body CS,3.4059431552887,0.1,-1.34908008575439,1.20473492145538,10.1852684020996,-0.00102246595769,-179.533434786753,-0.00001025744986
1072,left road,1072,-1.30499994754791,0.0,7.0,-1.25,0.0,0.05000000074506,-1.30499994754791,0.0,7.0,-1.34908008575439,1.20473492145538,10.1852684020996,-1.31895482540131,0.38139373064041,8.00838851928711,"(-1.318955, 0.381394, 8.008389)",truck body CS,3.40576934814453,0.1,-1.34908008575439,1.20473492145538,10.1852684020996,-0.00102246595769,-179.533434786753,-0.00001025744986
1073,left road,1073,-1.20499992370605,0.0,7.0,-1.14999997615814,0.0,0.05000000074506,-1.20499992370605,0.0,7.0,-1.34908008575439,1.20473492145538,10.1852684020996,-1.25027215480804,0.37854608893394,8.00085926055908,"(-1.250272, 0.378546, 8.000859)",truck body CS,3.40853047370911,0.1,-1.34908008575439,1.20473492145538,10.1852684020996,-0.00102246595769,-179.533434786753,-0.00001025744986
1074,left road,1074,-1.1049998998642,0.0,7.0,-1.04999995231628,0.0,0.05000000074506,-1.1049998998642,0.0,7.0,-1.34908008575439,1.20473492145538,10.1852684020996,-1.18125939369202,0.37640285491943,7.99519300460815,"(-1.181259, 0.376403, 7.995193)",truck body CS,3.41421985626221,0.1,-1.34908008575439,1.20473492145538,10.1852684020996,-0.00102246595769,-179.533434786753,-0.00001025744986
1075,left road,1075,-1.00499999523163,0.0,7.0,-0.94999998807907,0.0,0.05000000074506,-1.00499999523163,0.0,7.0,-1.34908008575439,1.20473492145538,10.1852684020996,-1.11218166351318,0.37527751922607,7.99221754074097,"(-1.112182, 0.375278, 7.992218)",truck body CS,3.42282223701477,0.1,-1.34908008575439,1.20473492145538,10.1852684020996,-0.00102246595769,-179.533434786753,-0.00001025744986
1076,left road,1076,-0.90500003099442,0.0,7.0,-0.85000002384186,0.0,0.05000000074506,-0.90500003099442,0.0,7.0,-1.34908008575439,1.20473492145538,10.1852684020996,-1.04324996471405,0.37505519390106,7.9916296005249,"(-1.04325, 0.375055, 7.99163)",truck body CS,3.43431615829468,0.1,-1.34908008575439,1.20473492145538,10.1852684020996,-0.00102246595769,-179.533434786753,-0.00001025744986
1077,left road,1077,-0.80500000715256,0.0,7.0,-0.75,0.0,0.05000000074506,-0.80500000715256,0.0,7.0,-1.34908008575439,1.20473492145538,10.1852684020996,-0.97811949253082,0.38333165645599,8.01351165771484,"(-0.978119, 0.383332, 8.013512)",truck body CS,3.44867300987244,0.1,-1.34908008575439,1.20473492145538,10.1852684020996,-0.00102246595769,-179.533434786753,-0.00001025744986
1078,left road,1078,-0.7049999833107,0.0,7.0,-0.64999997615814,0.0,0.05000000074506,-0.7049999833107,0.0,7.0,-1.34908008575439,1.20473492145538,10.1852684020996,-0.94006448984146,0.43968191742897,8.16250038146973,"(-0.940064, 0.439682, 8.1625)",truck body CS,3.46585631370544,0.1,-1.34908008575439,1.20473492145538,10.1852684020996,-0.00102246595769,-179.533434786753,-0.00001025744986
1079,left road,1079,-0.60500001907349,0.0,7.0,-0.55000001192093,0.0,0.05000000074506,-0.60500001907349,0.0,7.0,-1.34908008575439,1.20473492145538,10.1852684020996,-0.90572828054428,0.4869070649147,8.28736114501953,"(-0.905728, 0.486907, 8.287361)",truck body CS,3.4858250617981,0.1,-1.34908008575439,1.20473492145538,10.1852684020996,-0.00102246595769,-179.533434786753,-0.00001025744986
1080,left road,1080,-0.50499999523163,0.0,7.0,-0.44999998807907,0.0,0.05000000074506,-0.50499999523163,0.0,7.0,-1.34908008575439,1.20473492145538,10.1852684020996,-0.87798887491226,0.53235787153244,8.40753078460693,"(-0.877989, 0.532358, 8.407531)",truck body CS,3.50853133201599,0.1,-1.34908008575439,1.20473492145538,10.1852684020996,-0.00102246595769,-179.533434786753,-0.00001025744986
1081,left road,1081,-0.40500000119209,0.0,7.0,-0.34999999403954,0.0,0.05000000074506,-0.40500000119209,0.0,7.0,-1.34908008575439,1.20473492145538,10.1852684020996,-0.98212504386902,0.73646581172943,8.94718360900879,"(-0.982125, 0.736466, 8.947184)",truck body CS,3.53392243385315,0.1,-1.34908008575439,1.20473492145538,10.1852684020996,-0.00102246595769,-179.533434786753,-0.00001025744986
1082,left road,1082,-0.30500000715256,0.0,7.0,-0.25,0.0,0.05000000074506,-0.30500000715256,0.0,7.0,-1.34908008575439,1.20473492145538,10.1852684020996,-0.9439514875412,0.7372682094574,8.94930553436279,"(-0.943951, 0.737268, 8.949306)",truck body CS,3.56194090843201,0.1,-1.34908008575439,1.20473492145538,10.1852684020996,-0.00102246595769,-179.533434786753,-0.00001025744986
1083,left road,1083,-0.20500001311302,0.0,7.0,-0.15000000596046,0.0,0.05000000074506,-0.20500001311302,0.0,7.0,-1.34908008575439,1.20473492145538,10.1852684020996,-0.90590852499008,0.73806804418564,8.95141983032227,"(-0.905909, 0.738068, 8.95142)",truck body CS,3.59252572059631,0.1,-1.34908008575439,1.20473492145538,10.1852684020996,-0.00102246595769,-179.533434786753,-0.00001025744986
1084,left road,1084,-0.10500000417233,0.0,7.0,-0.05000000074506,0.0,0.05000000074506,-0.10500000417233,0.0,7.0,-1.34908008575439,1.20473492145538,10.1852684020996,-0.86799550056458,0.73886507749557,8.95352745056152,"(-0.867996, 0.738865, 8.953527)",truck body CS,3.62561130523682,0.1,-1.34908008575439,1.20473492145538,10.1852684020996,-0.00102246595769,-179.533434786753,-0.00001025744986
1085,left road,1085,-0.00499999895692,0.0,7.0,0.05000000074506,0.0,0.05000000074506,-0.00499999895692,0.0,7.0,-1.34908008575439,1.20473492145538,10.1852684020996,-0.84734886884689,0.75501984357834,8.99623966217041,"(-0.847349, 0.75502, 8.99624)",truck body CS,3.66112995147705,0.1,-1.34908008575439,1.20473492145538,10.1852684020996,-0.00102246595769,-179.533434786753,-0.00001025744986
1086,left road,1086,0.09500000625849,0.0,7.0,0.15000000596046,0.0,0.05000000074506,0.09500000625849,0.0,7.0,-1.34908008575439,1.20473492145538,10.1852684020996,-0.84977459907532,0.78818547725677,9.08392906188965,"(-0.849775, 0.788185, 9.083929)",truck body CS,3.69901180267334,0.1,-1.34908008575439,1.20473492145538,10.1852684020996,-0.00102246595769,-179.533434786753,-0.00001025744986
1087,left road,1087,0.19499999284744,0.0,7.0,0.25,0.0,0.05000000074506,0.19499999284744,0.0,7.0,-1.34908008575439,1.20473492145538,10.1852684020996,-0.85077208280563,0.81594097614288,9.15731239318848,"(-0.850772, 0.815941, 9.157312)",truck body CS,3.73918509483337,0.1,-1.34908008575439,1.20473492145538,10.1852684020996,-0.00102246595769,-179.533434786753,-0.00001025744986
1088,left road,1088,0.29499998688698,0.0,7.0,0.34999999403954,0.0,0.05000000074506,0.29499998688698,0.0,7.0,-1.34908008575439,1.20473492145538,10.1852684020996,-0.85473388433456,0.84249210357666,9.22751235961914,"(-0.854734, 0.842492, 9.227512)",truck body CS,3.78157639503479,0.1,-1.34908008575439,1.20473492145538,10.1852684020996,-0.00102246595769,-179.533434786753,-0.00001025744986
1089,left road,1089,0.39499998092651,0.0,7.0,0.44999998807907,0.0,0.05000000074506,0.39499998092651,0.0,7.0,-1.34908008575439,1.20473492145538,10.1852684020996,-0.85858136415482,0.86591964960098,9.28945446014404,"(-0.858581, 0.86592, 9.289454)",truck body CS,3.8261125087738,0.1,-1.34908008575439,1.20473492145538,10.1852684020996,-0.00102246595769,-179.533434786753,-0.00001025744986
1090,left road,1090,0.49500000476837,0.0,7.0,0.55000001192093,0.0,0.05000000074506,0.49500000476837,0.0,7.0,-1.34908008575439,1.20473492145538,10.1852684020996,-0.86138254404068,0.88612282276154,9.34287071228027,"(-0.861383, 0.886123, 9.342871)",truck body CS,3.87271904945374,0.1,-1.34908008575439,1.20473492145538,10.1852684020996,-0.00102246595769,-179.533434786753,-0.00001025744986
1091,left road,1091,0.59499996900558,0.0,7.0,0.64999997615814,0.0,0.05000000074506,0.59499996900558,0.0,7.0,-1.34908008575439,1.20473492145538,10.1852684020996,-0.86422288417816,0.9042717218399,9.39085578918457,"(-0.864223, 0.904272, 9.390856)",truck body CS,3.92132234573364,0.1,-1.34908008575439,1.20473492145538,10.1852684020996,-0.00102246595769,-179.533434786753,-0.00001025744986
1092,left road,1092,0.69499999284744,0.0,7.0,0.75,0.0,0.05000000074506,0.69499999284744,0.0,7.0,-1.34908008575439,1.20473492145538,10.1852684020996,-0.86711472272873,0.92067527770996,9.43422603607178,"(-0.867115, 0.920675, 9.434226)",truck body CS,3.97184896469116,0.1,-1.34908008575439,1.20473492145538,10.1852684020996,-0.00102246595769,-179.533434786753,-0.00001025744986
1093,left road,1093,0.7950000166893,0.0,7.0,0.85000002384186,0.0,0.05000000074506,0.7950000166893,0.0,7.0,-1.34908008575439,1.20473492145538,10.1852684020996,-0.86965143680573,0.93534922599792,9.47302341461182,"(-0.869651, 0.935349, 9.473023)",truck body CS,4.02422666549683,0.1,-1.34908008575439,1.20473492145538,10.1852684020996,-0.00102246595769,-179.533434786753,-0.00001025744986
1094,left road,1094,0.89499998092651,0.0,7.0,0.94999998807907,0.0,0.05000000074506,0.89499998092651,0.0,7.0,-1.34908008575439,1.20473492145538,10.1852684020996,-0.87144464254379,0.94831609725952,9.5073070526123,"(-0.871445, 0.948316, 9.507307)",truck body CS,4.0783839225769,0.1,-1.34908008575439,1.20473492145538,10.1852684020996,-0.00102246595769,-179.533434786753,-0.00001025744986
1095,left road,1095,0.99499994516373,0.0,7.0,1.04999995231628,0.0,0.05000000074506,0.99499994516373,0.0,7.0,-1.34908008575439,1.20473492145538,10.1852684020996,-0.87219160795212,0.95963907241821,9.53724479675293,"(-0.872192, 0.959639, 9.537245)",truck body CS,4.1342511177063,0.1,-1.34908008575439,1.20473492145538,10.1852684020996,-0.00102246595769,-179.533434786753,-0.00001025744986
1096,left road,1096,1.09500002861023,0.0,7.0,1.14999997615814,0.0,0.05000000074506,1.09500002861023,0.0,7.0,-1.34908008575439,1.20473492145538,10.1852684020996,-0.87287610769272,0.97000461816788,9.5646505355835,"(-0.872876, 0.970005, 9.564651)",truck body CS,4.19175958633423,0.1,-1.34908008575439,1.20473492145538,10.1852684020996,-0.00102246595769,-179.533434786753,-0.00001025744986
1097,left road,1097,1.19500005245209,0.0,7.0,1.25,0.0,0.05000000074506,1.19500005245209,0.0,7.0,-1.34908008575439,1.20473492145538,10.1852684020996,-0.87547314167023,0.98046088218689,9.5922966003418,"(-0.875473, 0.980461, 9.592297)",truck body CS,4.2508430480957,0.1,-1.34908008575439,1.20473492145538,10.1852684020996,-0.00102246595769,-179.533434786753,-0.00001025744986
1098,left road,1098,1.29500007629395,0.0,7.0,1.35000002384186,0.0,0.05000000074506,1.29500007629395,0.0,7.0,-1.34908008575439,1.20473492145538,10.1852684020996,-0.88376873731613,0.99272280931473,9.62471675872803,"(-0.883769, 0.992723, 9.624717)",truck body CS,4.31143617630005,0.1,-1.34908008575439,1.20473492145538,10.1852684020996,-0.00102246595769,-179.533434786753,-0.00001025744986
1099,left road,1099,1.3950001001358,0.0,7.0,1.45000004768372,0.0,0.05000000074506,1.3950001001358,0.0,7.0,-1.34908008575439,1.20473492145538,10.1852684020996,-0.89847147464752,1.00690400600433,9.66221141815186,"(-0.898471, 1.006904, 9.662211)",truck body CS,4.37347650527954,0.1,-1.34908008575439,1.20473492145538,10.1852684020996,-0.00102246595769,-179.533434786753,-0.00001025744986
1100,left road,1100,1.49500000476837,0.0,7.0,1.54999995231628,0.0,0.05000000074506,1.49500000476837,0.0,7.0,-1.34908008575439,1.20473492145538,10.1852684020996,-0.91021311283112,1.01883351802826,9.69375228881836,"(-0.910213, 1.018834, 9.693752)",truck body CS,4.43690347671509,0.1,-1.34908008575439,1.20473492145538,10.1852684020996,-0.00102246595769,-179.533434786753,-0.00001025744986
1101,left road,1101,1.59500002861023,0.0,7.0,1.64999997615814,0.0,0.05000000074506,1.59500002861023,0.0,7.0,-1.34908008575439,1.20473492145538,10.1852684020996,-0.91922318935394,1.0288348197937,9.72019577026367,"(-0.919223, 1.028835, 9.720196)",truck body CS,4.50165843963623,0.1,-1.34908008575439,1.20473492145538,10.1852684020996,-0.00102246595769,-179.533434786753,-0.00001025744986
1102,left road,1102,1.69500005245209,0.0,7.0,1.75,0.0,0.05000000074506,1.69500005245209,0.0,7.0,-1.34908008575439,1.20473492145538,10.1852684020996,-0.92764902114868,1.0379478931427,9.74428939819336,"(-0.927649, 1.037948, 9.744289)",truck body CS,4.5676851272583,0.1,-1.34908008575439,1.20473492145538,10.1852684020996,-0.00102246595769,-179.533434786753,-0.00001025744986
1103,left road,1103,1.79500007629395,0.0,7.0,1.85000002384186,0.0,0.05000000074506,1.79500007629395,0.0,7.0,-1.34908008575439,1.20473492145538,10.1852684020996,-0.97510677576065,1.06143736839294,9.80639457702637,"(-0.975107, 1.061437, 9.806395)",truck body CS,4.63492822647095,0.1,-1.34908008575439,1.20473492145538,10.1852684020996,-0.00102246595769,-179.533434786753,-0.00001025744986
1104,left road,1104,1.8950001001358,0.0,7.0,1.95000004768372,0.0,0.05000000074506,1.8950001001358,0.0,7.0,-1.34908008575439,1.20473492145538,10.1852684020996,-0.94107466936111,1.05321621894836,9.78465938568115,"(-0.941075, 1.053216, 9.784659)",truck body CS,4.70333671569824,0.1,-1.34908008575439,1.20473492145538,10.1852684020996,-0.00102246595769,-179.533434786753,-0.00001025744986
1105,left road,1105,1.99500000476837,0.0,7.0,2.04999995231628,0.0,0.05000000074506,1.99500000476837,0.0,7.0,-1.34908008575439,1.20473492145538,10.1852684020996,-0.94222855567932,1.05816292762756,9.79773712158203,"(-0.942229, 1.058163, 9.797737)",truck body CS,4.77286005020142,0.1,-1.34908008575439,1.20473492145538,10.1852684020996,-0.00102246595769,-179.533434786753,-0.00001025744986
1106,left road,1106,2.09500002861023,0.0,7.0,2.15000009536743,0.0,0.05000000074506,2.09500002861023,0.0,7.0,-1.34908008575439,1.20473492145538,10.1852684020996,-0.9441853761673,1.06310319900513,9.81079959869385,"(-0.944185, 1.063103, 9.8108)",truck body CS,4.84345006942749,0.1,-1.34908008575439,1.20473492145538,10.1852684020996,-0.00102246595769,-179.533434786753,-0.00001025744986
1107,left road,1107,2.1949999332428,0.0,7.0,2.25,0.0,0.05000000074506,2.1949999332428,0.0,7.0,-1.34908008575439,1.20473492145538,10.1852684020996,-0.94595098495483,1.06769967079163,9.82295227050781,"(-0.945951, 1.0677, 9.822952)",truck body CS,4.91506099700928,0.1,-1.34908008575439,1.20473492145538,10.1852684020996,-0.00102246595769,-179.533434786753,-0.00001025744986
1108,left road,1108,2.29499983787537,0.0,7.0,2.34999990463257,0.0,0.05000000074506,2.29499983787537,0.0,7.0,-1.34908008575439,1.20473492145538,10.1852684020996,-0.94775927066803,1.0720579624176,9.83447551727295,"(-0.947759, 1.072058, 9.834476)",truck body CS,4.98764896392822,0.1,-1.34908008575439,1.20473492145538,10.1852684020996,-0.00102246595769,-179.533434786753,-0.00001025744986
1109,left road,1109,2.39499998092651,0.0,7.0,2.45000004768372,0.0,0.05000000074506,2.39499998092651,0.0,7.0,-1.34908008575439,1.20473492145538,10.1852684020996,-0.94945615530014,1.07614767551422,9.84528827667236,"(-0.949456, 1.076148, 9.845288)",truck body CS,5.06117153167725,0.1,-1.34908008575439,1.20473492145538,10.1852684020996,-0.00102246595769,-179.533434786753,-0.00001025744986
1110,left road,1110,2.49499988555908,0.0,7.0,2.54999995231628,0.0,0.05000000074506,2.49499988555908,0.0,7.0,-1.34908008575439,1.20473492145538,10.1852684020996,-0.95095896720886,1.07996368408203,9.85537719726563,"(-0.950959, 1.079964, 9.855377)",truck body CS,5.13558864593506,0.1,-1.34908008575439,1.20473492145538,10.1852684020996,-0.00102246595769,-179.533434786753,-0.00001025744986
1111,left road,1111,2.59500002861023,0.0,7.0,2.65000009536743,0.0,0.05000000074506,2.59500002861023,0.0,7.0,-1.34908008575439,1.20473492145538,10.1852684020996,-0.95227289199829,1.08352851867676,9.86480331420898,"(-0.952273, 1.083529, 9.864803)",truck body CS,5.21086263656616,0.1,-1.34908008575439,1.20473492145538,10.1852684020996,-0.00102246595769,-179.533434786753,-0.00001025744986
1112,left road,1112,2.6949999332428,0.0,7.0,2.75,0.0,0.05000000074506,2.6949999332428,0.0,7.0,-1.34908008575439,1.20473492145538,10.1852684020996,-0.95363295078278,1.08693099021912,9.87379837036133,"(-0.953633, 1.086931, 9.873798)",truck body CS,5.28695583343506,0.1,-1.34908008575439,1.20473492145538,10.1852684020996,-0.00102246595769,-179.533434786753,-0.00001025744986
1113,left road,1113,2.79499983787537,0.0,7.0,2.84999990463257,0.0,0.05000000074506,2.79499983787537,0.0,7.0,-1.34908008575439,1.20473492145538,10.1852684020996,-0.9577402472496,1.0909675359726,9.88447189331055,"(-0.95774, 1.090968, 9.884472)",truck body CS,5.36383438110352,0.1,-1.34908008575439,1.20473492145538,10.1852684020996,-0.00102246595769,-179.533434786753,-0.00001025744986
1114,left road,1114,2.89499998092651,0.0,7.0,2.95000004768372,0.0,0.05000000074506,2.89499998092651,0.0,7.0,-1.34908008575439,1.20473492145538,10.1852684020996,-0.95590490102768,1.0931271314621,9.89018154144287,"(-0.955905, 1.093127, 9.890182)",truck body CS,5.4414644241333,0.1,-1.34908008575439,1.20473492145538,10.1852684020996,-0.00102246595769,-179.533434786753,-0.00001025744986
1115,left road,1115,2.99499988555908,0.0,7.0,3.04999995231628,0.0,0.05000000074506,2.99499988555908,0.0,7.0,-1.34908008575439,1.20473492145538,10.1852684020996,-0.95696258544922,1.09598970413208,9.89774990081787,"(-0.956963, 1.09599, 9.89775)",truck body CS,5.51981449127197,0.1,-1.34908008575439,1.20473492145538,10.1852684020996,-0.00102246595769,-179.533434786753,-0.00001025744986
1116,left road,1116,3.09500002861023,0.0,7.0,3.15000009536743,0.0,0.05000000074506,3.09500002861023,0.0,7.0,-1.34908008575439,1.20473492145538,10.1852684020996,-0.95802885293961,1.09872579574585,9.90498352050781,"(-0.958029, 1.098726, 9.904984)",truck body CS,5.59885454177856,0.1,-1.34908008575439,1.20473492145538,10.1852684020996,-0.00102246595769,-179.533434786753,-0.00001025744986
1117,left road,1117,3.1949999332428,0.0,7.0,3.25,0.0,0.05000000074506,3.1949999332428,0.0,7.0,-1.34908008575439,1.20473492145538,10.1852684020996,-0.95904302597046,1.10132765769959,9.91186332702637,"(-0.959043, 1.101328, 9.911863)",truck body CS,5.67855453491211,0.1,-1.34908008575439,1.20473492145538,10.1852684020996,-0.00102246595769,-179.533434786753,-0.00001025744986
1118,left road,1118,3.29499983787537,0.0,7.0,3.34999990463257,0.0,0.05000000074506,3.29499983787537,0.0,7.0,-1.34908008575439,1.20473492145538,10.1852684020996,-0.96000802516937,1.10380458831787,9.91841220855713,"(-0.960008, 1.103805, 9.918412)",truck body CS,5.75888919830322,0.1,-1.34908008575439,1.20473492145538,10.1852684020996,-0.00102246595769,-179.533434786753,-0.00001025744986
1119,left road,1119,3.39499998092651,0.0,7.0,3.45000004768372,0.0,0.05000000074506,3.39499998092651,0.0,7.0,-1.34908008575439,1.20473492145538,10.1852684020996,-0.96087485551834,1.10615205764771,9.9246187210083,"(-0.960875, 1.106152, 9.924619)",truck body CS,5.83982992172241,0.1,-1.34908008575439,1.20473492145538,10.1852684020996,-0.00102246595769,-179.533434786753,-0.00001025744986
1120,left road,1120,-3.50500011444092,0.0,7.09999990463257,-3.45000004768372,0.0,0.15000000596046,-3.50500011444092,0.0,7.09999990463257,-1.34908008575439,1.20473492145538,10.1852684020996,-2.61036062240601,0.49992725253105,8.38028907775879,"(-2.610361, 0.499927, 8.380289)",truck body CS,3.9519944190979,0.1,-1.34908008575439,1.20473492145538,10.1852684020996,-0.00102246595769,-179.533434786753,-0.00001025744986
1121,left road,1121,-3.40499997138977,0.0,7.09999990463257,-3.34999990463257,0.0,0.15000000596046,-3.40499997138977,0.0,7.09999990463257,-1.34908008575439,1.20473492145538,10.1852684020996,-2.59625649452209,0.4739100933075,8.31366062164307,"(-2.596256, 0.47391, 8.313661)",truck body CS,3.89834260940552,0.1,-1.34908008575439,1.20473492145538,10.1852684020996,-0.00102246595769,-179.533434786753,-0.00001025744986
1122,left road,1122,-3.3050000667572,0.0,7.09999990463257,-3.25,0.0,0.15000000596046,-3.3050000667572,0.0,7.09999990463257,-1.34908008575439,1.20473492145538,10.1852684020996,-2.5790810585022,0.44712460041046,8.24506378173828,"(-2.579081, 0.447125, 8.245064)",truck body CS,3.84654259681702,0.1,-1.34908008575439,1.20473492145538,10.1852684020996,-0.00102246595769,-179.533434786753,-0.00001025744986
1123,left road,1123,-3.20500016212463,0.0,7.09999990463257,-3.15000009536743,0.0,0.15000000596046,-3.20500016212463,0.0,7.09999990463257,-1.34908008575439,1.20473492145538,10.1852684020996,-2.5626494884491,0.41696944832802,8.16783809661865,"(-2.562649, 0.416969, 8.167838)",truck body CS,3.79667043685913,0.1,-1.34908008575439,1.20473492145538,10.1852684020996,-0.00102246595769,-179.533434786753,-0.00001025744986
1124,left road,1124,-3.10500001907349,0.0,7.09999990463257,-3.04999995231628,0.0,0.15000000596046,-3.10500001907349,0.0,7.09999990463257,-1.34908008575439,1.20473492145538,10.1852684020996,-2.54900169372559,0.38146978616714,8.07692527770996,"(-2.549002, 0.38147, 8.076925)",truck body CS,3.74880290031433,0.1,-1.34908008575439,1.20473492145538,10.1852684020996,-0.00102246595769,-179.533434786753,-0.00001025744986
1125,left road,1125,-3.00500011444092,0.0,7.09999990463257,-2.95000004768372,0.0,0.15000000596046,-3.00500011444092,0.0,7.09999990463257,-1.34908008575439,1.20473492145538,10.1852684020996,-2.49669289588928,0.36980965733528,8.04706382751465,"(-2.496693, 0.36981, 8.047064)",truck body CS,3.7030177116394,0.1,-1.34908008575439,1.20473492145538,10.1852684020996,-0.00102246595769,-179.533434786753,-0.00001025744986
1126,left road,1126,-2.90499997138977,0.0,7.09999990463257,-2.84999990463257,0.0,0.15000000596046,-2.90499997138977,0.0,7.09999990463257,-1.34908008575439,1.20473492145538,10.1852684020996,-2.426114320755,0.37079668045044,8.04959201812744,"(-2.426114, 0.370797, 8.049592)",truck body CS,3.65939283370972,0.1,-1.34908008575439,1.20473492145538,10.1852684020996,-0.00102246595769,-179.533434786753,-0.00001025744986
1127,left road,1127,-2.8050000667572,0.0,7.09999990463257,-2.75,0.0,0.15000000596046,-2.8050000667572,0.0,7.09999990463257,-1.34908008575439,1.20473492145538,10.1852684020996,-2.38094353675842,0.35089540481567,7.9986252784729,"(-2.380944, 0.350895, 7.998625)",truck body CS,3.61800646781921,0.1,-1.34908008575439,1.20473492145538,10.1852684020996,-0.00102246595769,-179.533434786753,-0.00001025744986
1128,left road,1128,-2.70500016212463,0.0,7.09999990463257,-2.65000009536743,0.0,0.15000000596046,-2.70500016212463,0.0,7.09999990463257,-1.34908008575439,1.20473492145538,10.1852684020996,-2.29102396965027,0.36781769990921,8.04196262359619,"(-2.291024, 0.367818, 8.041963)",truck body CS,3.57893657684326,0.1,-1.34908008575439,1.20473492145538,10.1852684020996,-0.00102246595769,-179.533434786753,-0.00001025744986
1129,left road,1129,-2.60500001907349,0.0,7.09999990463257,-2.54999995231628,0.0,0.15000000596046,-2.60500001907349,0.0,7.09999990463257,-1.34908008575439,1.20473492145538,10.1852684020996,-2.22304439544678,0.36638885736465,8.03830337524414,"(-2.223044, 0.366389, 8.038303)",truck body CS,3.54225945472717,0.1,-1.34908008575439,1.20473492145538,10.1852684020996,-0.00102246595769,-179.533434786753,-0.00001025744986
1130,left road,1130,-2.50500011444092,0.0,7.09999990463257,-2.45000004768372,0.0,0.15000000596046,-2.50500011444092,0.0,7.09999990463257,-1.34908008575439,1.20473492145538,10.1852684020996,-2.15436506271362,0.3654423058033,8.03587913513184,"(-2.154365, 0.365442, 8.035879)",truck body CS,3.50805068016052,0.1,-1.34908008575439,1.20473492145538,10.1852684020996,-0.00102246595769,-179.533434786753,-0.00001025744986
1131,left road,1131,-2.40499997138977,0.0,7.09999990463257,-2.34999990463257,0.0,0.15000000596046,-2.40499997138977,0.0,7.09999990463257,-1.34908008575439,1.20473492145538,10.1852684020996,-2.08532738685608,0.36472535133362,8.03404331207275,"(-2.085327, 0.364725, 8.034043)",truck body CS,3.47638249397278,0.1,-1.34908008575439,1.20473492145538,10.1852684020996,-0.00102246595769,-179.533434786753,-0.00001025744986
1132,left road,1132,-2.3050000667572,0.0,7.09999990463257,-2.25,0.0,0.15000000596046,-2.3050000667572,0.0,7.09999990463257,-1.34908008575439,1.20473492145538,10.1852684020996,-2.01617169380188,0.36400711536407,8.03220367431641,"(-2.016172, 0.364007, 8.032204)",truck body CS,3.44732522964478,0.1,-1.34908008575439,1.20473492145538,10.1852684020996,-0.00102246595769,-179.533434786753,-0.00001025744986
1133,left road,1133,-2.20500016212463,0.0,7.09999990463257,-2.15000009536743,0.0,0.15000000596046,-2.20500016212463,0.0,7.09999990463257,-1.34908008575439,1.20473492145538,10.1852684020996,-1.94689750671387,0.36328762769699,8.03036117553711,"(-1.946898, 0.363288, 8.030361)",truck body CS,3.42094540596008,0.1,-1.34908008575439,1.20473492145538,10.1852684020996,-0.00102246595769,-179.533434786753,-0.00001025744986
1134,left road,1134,-2.10500001907349,0.0,7.09999990463257,-2.04999995231628,0.0,0.15000000596046,-2.10500001907349,0.0,7.09999990463257,-1.34908008575439,1.20473492145538,10.1852684020996,-1.87750458717346,0.36256694793701,8.02851581573486,"(-1.877505, 0.362567, 8.028516)",truck body CS,3.39730525016785,0.1,-1.34908008575439,1.20473492145538,10.1852684020996,-0.00102246595769,-179.533434786753,-0.00001025744986
1135,left road,1135,-2.00500011444092,0.0,7.09999990463257,-1.95000004768372,0.0,0.15000000596046,-2.00500011444092,0.0,7.09999990463257,-1.34908008575439,1.20473492145538,10.1852684020996,-1.80799281597137,0.36184513568878,8.02666759490967,"(-1.807993, 0.361845, 8.026668)",truck body CS,3.37646245956421,0.1,-1.34908008575439,1.20473492145538,10.1852684020996,-0.00102246595769,-179.533434786753,-0.00001025744986
1136,left road,1136,-1.90499997138977,0.0,7.09999990463257,-1.85000002384186,0.0,0.15000000596046,-1.90499997138977,0.0,7.09999990463257,-1.34908008575439,1.20473492145538,10.1852684020996,-1.73819077014923,0.36149233579636,8.02576351165771,"(-1.738191, 0.361492, 8.025764)",truck body CS,3.35846924781799,0.1,-1.34908008575439,1.20473492145538,10.1852684020996,-0.00102246595769,-179.533434786753,-0.00001025744986
1137,left road,1137,-1.80499994754791,0.0,7.09999990463257,-1.75,0.0,0.15000000596046,-1.80499994754791,0.0,7.09999990463257,-1.34908008575439,1.20473492145538,10.1852684020996,-1.66592264175415,0.36750149726868,8.04115295410156,"(-1.665923, 0.367501, 8.041153)",truck body CS,3.34337115287781,0.1,-1.34908008575439,1.20473492145538,10.1852684020996,-0.00102246595769,-179.533434786753,-0.00001025744986
1138,left road,1138,-1.70499992370605,0.0,7.09999990463257,-1.64999997615814,0.0,0.15000000596046,-1.70499992370605,0.0,7.09999990463257,-1.34908008575439,1.20473492145538,10.1852684020996,-1.59410655498505,0.37535685300827,8.06126976013184,"(-1.594107, 0.375357, 8.06127)",truck body CS,3.33120799064636,0.1,-1.34908008575439,1.20473492145538,10.1852684020996,-0.00102246595769,-179.533434786753,-0.00001025744986
1139,left road,1139,-1.6049998998642,0.0,7.09999990463257,-1.54999995231628,0.0,0.15000000596046,-1.6049998998642,0.0,7.09999990463257,-1.34908008575439,1.20473492145538,10.1852684020996,-1.52493059635162,0.37692415714264,8.06528377532959,"(-1.524931, 0.376924, 8.065284)",truck body CS,3.32201194763184,0.1,-1.34908008575439,1.20473492145538,10.1852684020996,-0.00102246595769,-179.533434786753,-0.00001025744986
1140,left road,1140,-1.50499999523163,0.0,7.09999990463257,-1.45000004768372,0.0,0.15000000596046,-1.50499999523163,0.0,7.09999990463257,-1.34908008575439,1.20473492145538,10.1852684020996,-1.45669913291931,0.37320303916931,8.05575370788574,"(-1.456699, 0.373203, 8.055754)",truck body CS,3.31580758094788,0.1,-1.34908008575439,1.20473492145538,10.1852684020996,-0.00102246595769,-179.533434786753,-0.00001025744986
1141,left road,1141,-1.40499997138977,0.0,7.09999990463257,-1.35000002384186,0.0,0.15000000596046,-1.40499997138977,0.0,7.09999990463257,-1.34908008575439,1.20473492145538,10.1852684020996,-1.38785135746002,0.3694481253624,8.04613876342773,"(-1.387851, 0.369448, 8.046139)",truck body CS,3.31261157989502,0.1,-1.34908008575439,1.20473492145538,10.1852684020996,-0.00102246595769,-179.533434786753,-0.00001025744986
1142,left road,1142,-1.30499994754791,0.0,7.09999990463257,-1.25,0.0,0.15000000596046,-1.30499994754791,0.0,7.09999990463257,-1.34908008575439,1.20473492145538,10.1852684020996,-1.31837904453278,0.36565932631493,8.0364351272583,"(-1.318379, 0.365659, 8.036435)",truck body CS,3.31243276596069,0.1,-1.34908008575439,1.20473492145538,10.1852684020996,-0.00102246595769,-179.533434786753,-0.00001025744986
1143,left road,1143,-1.20499992370605,0.0,7.09999990463257,-1.14999997615814,0.0,0.15000000596046,-1.20499992370605,0.0,7.09999990463257,-1.34908008575439,1.20473492145538,10.1852684020996,-1.2486058473587,0.36461341381073,8.03375625610352,"(-1.248606, 0.364613, 8.033756)",truck body CS,3.31527185440063,0.1,-1.34908008575439,1.20473492145538,10.1852684020996,-0.00102246595769,-179.533434786753,-0.00001025744986
1144,left road,1144,-1.1049998998642,0.0,7.09999990463257,-1.04999995231628,0.0,0.15000000596046,-1.1049998998642,0.0,7.09999990463257,-1.34908008575439,1.20473492145538,10.1852684020996,-1.18286144733429,0.38431036472321,8.08419990539551,"(-1.182861, 0.38431, 8.0842)",truck body CS,3.32112073898315,0.1,-1.34908008575439,1.20473492145538,10.1852684020996,-0.00102246595769,-179.533434786753,-0.00001025744986
1145,left road,1145,-1.00499999523163,0.0,7.09999990463257,-0.94999998807907,0.0,0.15000000596046,-1.00499999523163,0.0,7.09999990463257,-1.34908008575439,1.20473492145538,10.1852684020996,-1.11336803436279,0.37943124771118,8.07170486450195,"(-1.113368, 0.379431, 8.071705)",truck body CS,3.32996392250061,0.1,-1.34908008575439,1.20473492145538,10.1852684020996,-0.00102246595769,-179.533434786753,-0.00001025744986
1146,left road,1146,-0.90500003099442,0.0,7.09999990463257,-0.85000002384186,0.0,0.15000000596046,-0.90500003099442,0.0,7.09999990463257,-1.34908008575439,1.20473492145538,10.1852684020996,-1.04093480110168,0.3687744140625,8.04441261291504,"(-1.040935, 0.368774, 8.044413)",truck body CS,3.34177708625793,0.1,-1.34908008575439,1.20473492145538,10.1852684020996,-0.00102246595769,-179.533434786753,-0.00001025744986
1147,left road,1147,-0.80500000715256,0.0,7.09999990463257,-0.75,0.0,0.15000000596046,-0.80500000715256,0.0,7.09999990463257,-1.34908008575439,1.20473492145538,10.1852684020996,-0.97177398204803,0.36928108334541,8.04571056365967,"(-0.971774, 0.369281, 8.045711)",truck body CS,3.35652947425842,0.1,-1.34908008575439,1.20473492145538,10.1852684020996,-0.00102246595769,-179.533434786753,-0.00001025744986
1148,left road,1148,-0.7049999833107,0.0,7.09999990463257,-0.64999997615814,0.0,0.15000000596046,-0.7049999833107,0.0,7.09999990463257,-1.34908008575439,1.20473492145538,10.1852684020996,-0.93356907367706,0.42753252387047,8.19489002227783,"(-0.933569, 0.427533, 8.19489)",truck body CS,3.37418246269226,0.1,-1.34908008575439,1.20473492145538,10.1852684020996,-0.00102246595769,-179.533434786753,-0.00001025744986
1149,left road,1149,-0.60500001907349,0.0,7.09999990463257,-0.55000001192093,0.0,0.15000000596046,-0.60500001907349,0.0,7.09999990463257,-1.34908008575439,1.20473492145538,10.1852684020996,-0.89958918094635,0.47696724534035,8.32148933410645,"(-0.899589, 0.476967, 8.321489)",truck body CS,3.39469051361084,0.1,-1.34908008575439,1.20473492145538,10.1852684020996,-0.00102246595769,-179.533434786753,-0.00001025744986
1150,left road,1150,-0.50499999523163,0.0,7.09999990463257,-0.44999998807907,0.0,0.15000000596046,-0.50499999523163,0.0,7.09999990463257,-1.34908008575439,1.20473492145538,10.1852684020996,-1.014728307724,0.72752261161804,8.96315002441406,"(-1.014728, 0.727523, 8.96315)",truck body CS,3.41800212860107,0.1,-1.34908008575439,1.20473492145538,10.1852684020996,-0.00102246595769,-179.533434786753,-0.00001025744986
1151,left road,1151,-0.40500000119209,0.0,7.09999990463257,-0.34999999403954,0.0,0.15000000596046,-0.40500000119209,0.0,7.09999990463257,-1.34908008575439,1.20473492145538,10.1852684020996,-0.97576987743378,0.72835594415665,8.96528339385986,"(-0.97577, 0.728356, 8.965283)",truck body CS,3.44406080245972,0.1,-1.34908008575439,1.20473492145538,10.1852684020996,-0.00102246595769,-179.533434786753,-0.00001025744986
1152,left road,1152,-0.30500000715256,0.0,7.09999990463257,-0.25,0.0,0.15000000596046,-0.30500000715256,0.0,7.09999990463257,-1.34908008575439,1.20473492145538,10.1852684020996,-0.936947286129,0.7291864156723,8.96741104125977,"(-0.936947, 0.729186, 8.967411)",truck body CS,3.4728045463562,0.1,-1.34908008575439,1.20473492145538,10.1852684020996,-0.00102246595769,-179.533434786753,-0.00001025744986
1153,left road,1153,-0.20500001311302,0.0,7.09999990463257,-0.15000000596046,0.0,0.15000000596046,-0.20500001311302,0.0,7.09999990463257,-1.34908008575439,1.20473492145538,10.1852684020996,-0.89765101671219,0.72937273979187,8.96788787841797,"(-0.897651, 0.729373, 8.967888)",truck body CS,3.50416707992554,0.1,-1.34908008575439,1.20473492145538,10.1852684020996,-0.00102246595769,-179.533434786753,-0.00001025744986
1154,left road,1154,-0.10500000417233,0.0,7.09999990463257,-0.05000000074506,0.0,0.15000000596046,-0.10500000417233,0.0,7.09999990463257,-1.34908008575439,1.20473492145538,10.1852684020996,-0.85744327306747,0.72864645719528,8.96602821350098,"(-0.857443, 0.728646, 8.966028)",truck body CS,3.53807902336121,0.1,-1.34908008575439,1.20473492145538,10.1852684020996,-0.00102246595769,-179.533434786753,-0.00001025744986
1155,left road,1155,-0.00499999895692,0.0,7.09999990463257,0.05000000074506,0.0,0.15000000596046,-0.00499999895692,0.0,7.09999990463257,-1.34908008575439,1.20473492145538,10.1852684020996,-0.84705066680908,0.75475251674652,9.03288459777832,"(-0.847051, 0.754753, 9.032885)",truck body CS,3.57446765899658,0.1,-1.34908008575439,1.20473492145538,10.1852684020996,-0.00102246595769,-179.533434786753,-0.00001025744986
1156,left road,1156,0.09500000625849,0.0,7.09999990463257,0.15000000596046,0.0,0.15000000596046,0.09500000625849,0.0,7.09999990463257,-1.34908008575439,1.20473492145538,10.1852684020996,-0.84989273548126,0.78828400373459,9.1187572479248,"(-0.849893, 0.788284, 9.118757)",truck body CS,3.61325836181641,0.1,-1.34908008575439,1.20473492145538,10.1852684020996,-0.00102246595769,-179.533434786753,-0.00001025744986
1157,left road,1157,0.19499999284744,0.0,7.09999990463257,0.25,0.0,0.15000000596046,0.19499999284744,0.0,7.09999990463257,-1.34908008575439,1.20473492145538,10.1852684020996,-0.85023432970047,0.81552135944366,9.18850994110107,"(-0.850234, 0.815521, 9.18851)",truck body CS,3.65437436103821,0.1,-1.34908008575439,1.20473492145538,10.1852684020996,-0.00102246595769,-179.533434786753,-0.00001025744986
1158,left road,1158,0.29499998688698,0.0,7.09999990463257,0.34999999403954,0.0,0.15000000596046,0.29499998688698,0.0,7.09999990463257,-1.34908008575439,1.20473492145538,10.1852684020996,-0.85431396961212,0.84218436479568,9.25679302215576,"(-0.854314, 0.842184, 9.256793)",truck body CS,3.69773817062378,0.1,-1.34908008575439,1.20473492145538,10.1852684020996,-0.00102246595769,-179.533434786753,-0.00001025744986
1159,left road,1159,0.39499998092651,0.0,7.09999990463257,0.44999998807907,0.0,0.15000000596046,0.39499998092651,0.0,7.09999990463257,-1.34908008575439,1.20473492145538,10.1852684020996,-0.85787284374237,0.86543017625809,9.31632423400879,"(-0.857873, 0.86543, 9.316324)",truck body CS,3.74327158927917,0.1,-1.34908008575439,1.20473492145538,10.1852684020996,-0.00102246595769,-179.533434786753,-0.00001025744986
1160,left road,1160,0.49500000476837,0.0,7.09999990463257,0.55000001192093,0.0,0.15000000596046,0.49500000476837,0.0,7.09999990463257,-1.34908008575439,1.20473492145538,10.1852684020996,-0.86080849170685,0.88574767112732,9.36835670471191,"(-0.860808, 0.885748, 9.368357)",truck body CS,3.79089689254761,0.1,-1.34908008575439,1.20473492145538,10.1852684020996,-0.00102246595769,-179.533434786753,-0.00001025744986
1161,left road,1161,0.59499996900558,0.0,7.09999990463257,0.64999997615814,0.0,0.15000000596046,0.59499996900558,0.0,7.09999990463257,-1.34908008575439,1.20473492145538,10.1852684020996,-0.86385107040405,0.90404134988785,9.41520595550537,"(-0.863851, 0.904041, 9.415206)",truck body CS,3.84053587913513,0.1,-1.34908008575439,1.20473492145538,10.1852684020996,-0.00102246595769,-179.533434786753,-0.00001025744986
1162,left road,1162,0.69499999284744,0.0,7.09999990463257,0.75,0.0,0.15000000596046,0.69499999284744,0.0,7.09999990463257,-1.34908008575439,1.20473492145538,10.1852684020996,-0.86676627397537,0.92046988010406,9.45727825164795,"(-0.866766, 0.92047, 9.457278)",truck body CS,3.89211130142212,0.1,-1.34908008575439,1.20473492145538,10.1852684020996,-0.00102246595769,-179.533434786753,-0.00001025744986
1163,left road,1163,0.7950000166893,0.0,7.09999990463257,0.85000002384186,0.0,0.15000000596046,0.7950000166893,0.0,7.09999990463257,-1.34908008575439,1.20473492145538,10.1852684020996,-0.86931312084198,0.93515908718109,9.49489688873291,"(-0.869313, 0.935159, 9.494897)",truck body CS,3.94554781913757,0.1,-1.34908008575439,1.20473492145538,10.1852684020996,-0.00102246595769,-179.533434786753,-0.00001025744986
1164,left road,1164,0.89499998092651,0.0,7.09999990463257,0.94999998807907,0.0,0.15000000596046,0.89499998092651,0.0,7.09999990463257,-1.34908008575439,1.20473492145538,10.1852684020996,-0.87131559848785,0.94824689626694,9.52841377258301,"(-0.871316, 0.948247, 9.528414)",truck body CS,4.00077056884766,0.1,-1.34908008575439,1.20473492145538,10.1852684020996,-0.00102246595769,-179.533434786753,-0.00001025744986
1165,left road,1165,0.99499994516373,0.0,7.09999990463257,1.04999995231628,0.0,0.15000000596046,0.99499994516373,0.0,7.09999990463257,-1.34908008575439,1.20473492145538,10.1852684020996,-0.87205600738525,0.95956933498383,9.55741024017334,"(-0.872056, 0.959569, 9.55741)",truck body CS,4.05770635604858,0.1,-1.34908008575439,1.20473492145538,10.1852684020996,-0.00102246595769,-179.533434786753,-0.00001025744986
1166,left road,1166,1.09500002861023,0.0,7.09999990463257,1.14999997615814,0.0,0.15000000596046,1.09500002861023,0.0,7.09999990463257,-1.34908008575439,1.20473492145538,10.1852684020996,-0.87274593114853,0.96994042396545,9.58397006988525,"(-0.872746, 0.96994, 9.58397)",truck body CS,4.11628389358521,0.1,-1.34908008575439,1.20473492145538,10.1852684020996,-0.00102246595769,-179.533434786753,-0.00001025744986
1167,left road,1167,1.19500005245209,0.0,7.09999990463257,1.25,0.0,0.15000000596046,1.19500005245209,0.0,7.09999990463257,-1.34908008575439,1.20473492145538,10.1852684020996,-0.87540024518967,0.98042631149292,9.61082458496094,"(-0.8754, 0.980426, 9.610825)",truck body CS,4.17643547058105,0.1,-1.34908008575439,1.20473492145538,10.1852684020996,-0.00102246595769,-179.533434786753,-0.00001025744986
1168,left road,1168,1.29500007629395,0.0,7.09999990463257,1.35000002384186,0.0,0.15000000596046,1.29500007629395,0.0,7.09999990463257,-1.34908008575439,1.20473492145538,10.1852684020996,-0.88375163078308,0.99271500110626,9.64229488372803,"(-0.883752, 0.992715, 9.642295)",truck body CS,4.23809242248535,0.1,-1.34908008575439,1.20473492145538,10.1852684020996,-0.00102246595769,-179.533434786753,-0.00001025744986
1169,left road,1169,1.3950001001358,0.0,7.09999990463257,1.45000004768372,0.0,0.15000000596046,1.3950001001358,0.0,7.09999990463257,-1.34908008575439,1.20473492145538,10.1852684020996,-0.89876121282578,1.00703120231628,9.67895793914795,"(-0.898761, 1.007031, 9.678958)",truck body CS,4.3011908531189,0.1,-1.34908008575439,1.20473492145538,10.1852684020996,-0.00102246595769,-179.533434786753,-0.00001025744986
1170,left road,1170,1.49500000476837,0.0,7.09999990463257,1.54999995231628,0.0,0.15000000596046,1.49500000476837,0.0,7.09999990463257,-1.34908008575439,1.20473492145538,10.1852684020996,-0.91041570901871,1.01891934871674,9.7094030380249,"(-0.910416, 1.018919, 9.709403)",truck body CS,4.36566829681396,0.1,-1.34908008575439,1.20473492145538,10.1852684020996,-0.00102246595769,-179.533434786753,-0.00001025744986
1171,left road,1171,1.59500002861023,0.0,7.09999990463257,1.64999997615814,0.0,0.15000000596046,1.59500002861023,0.0,7.09999990463257,-1.34908008575439,1.20473492145538,10.1852684020996,-0.91944694519043,1.02892637252808,9.73503017425537,"(-0.919447, 1.028926, 9.73503)",truck body CS,4.43146419525146,0.1,-1.34908008575439,1.20473492145538,10.1852684020996,-0.00102246595769,-179.533434786753,-0.00001025744986
1172,left road,1172,1.69500005245209,0.0,7.09999990463257,1.75,0.0,0.15000000596046,1.69500005245209,0.0,7.09999990463257,-1.34908008575439,1.20473492145538,10.1852684020996,-0.92788100242615,1.03803980350494,9.75836944580078,"(-0.927881, 1.03804, 9.758369)",truck body CS,4.49852132797241,0.1,-1.34908008575439,1.20473492145538,10.1852684020996,-0.00102246595769,-179.533434786753,-0.00001025744986
1173,left road,1173,1.79500007629395,0.0,7.09999990463257,1.85000002384186,0.0,0.15000000596046,1.79500007629395,0.0,7.09999990463257,-1.34908008575439,1.20473492145538,10.1852684020996,-0.94487863779068,1.04985475540161,9.7886266708374,"(-0.944879, 1.049855, 9.788627)",truck body CS,4.56678295135498,0.1,-1.34908008575439,1.20473492145538,10.1852684020996,-0.00102246595769,-179.533434786753,-0.00001025744986
1174,left road,1174,1.8950001001358,0.0,7.09999990463257,1.95000004768372,0.0,0.15000000596046,1.8950001001358,0.0,7.09999990463257,-1.34908008575439,1.20473492145538,10.1852684020996,-0.9409664273262,1.05317616462708,9.79713249206543,"(-0.940966, 1.053176, 9.797132)",truck body CS,4.63619709014893,0.1,-1.34908008575439,1.20473492145538,10.1852684020996,-0.00102246595769,-179.533434786753,-0.00001025744986
1175,left road,1175,1.99500000476837,0.0,7.09999990463257,2.04999995231628,0.0,0.15000000596046,1.99500000476837,0.0,7.09999990463257,-1.34908008575439,1.20473492145538,10.1852684020996,-0.94219225645065,1.058149933815,9.80987071990967,"(-0.942192, 1.05815, 9.809871)",truck body CS,4.70671224594116,0.1,-1.34908008575439,1.20473492145538,10.1852684020996,-0.00102246595769,-179.533434786753,-0.00001025744986
1176,left road,1176,2.09500002861023,0.0,7.09999990463257,2.15000009536743,0.0,0.15000000596046,2.09500002861023,0.0,7.09999990463257,-1.34908008575439,1.20473492145538,10.1852684020996,-0.94414609670639,1.06308937072754,9.82252025604248,"(-0.944146, 1.063089, 9.82252)",truck body CS,4.77827930450439,0.1,-1.34908008575439,1.20473492145538,10.1852684020996,-0.00102246595769,-179.533434786753,-0.00001025744986
1177,left road,1177,2.1949999332428,0.0,7.09999990463257,2.25,0.0,0.15000000596046,2.1949999332428,0.0,7.09999990463257,-1.34908008575439,1.20473492145538,10.1852684020996,-0.94588840007782,1.0676783323288,9.83427238464355,"(-0.945888, 1.067678, 9.834272)",truck body CS,4.85085248947144,0.1,-1.34908008575439,1.20473492145538,10.1852684020996,-0.00102246595769,-179.533434786753,-0.00001025744986
1178,left road,1178,2.29499983787537,0.0,7.09999990463257,2.34999990463257,0.0,0.15000000596046,2.29499983787537,0.0,7.09999990463257,-1.34908008575439,1.20473492145538,10.1852684020996,-0.94769865274429,1.07203805446625,9.84543704986572,"(-0.947699, 1.072038, 9.845437)",truck body CS,4.92438697814941,0.1,-1.34908008575439,1.20473492145538,10.1852684020996,-0.00102246595769,-179.533434786753,-0.00001025744986
1179,left road,1179,2.39499998092651,0.0,7.09999990463257,2.45000004768372,0.0,0.15000000596046,2.39499998092651,0.0,7.09999990463257,-1.34908008575439,1.20473492145538,10.1852684020996,-0.94937068223953,1.07612013816834,9.85589122772217,"(-0.949371, 1.07612, 9.855891)",truck body CS,4.99884033203125,0.1,-1.34908008575439,1.20473492145538,10.1852684020996,-0.00102246595769,-179.533434786753,-0.00001025744986
1180,left road,1180,2.49499988555908,0.0,7.09999990463257,2.54999995231628,0.0,0.15000000596046,2.49499988555908,0.0,7.09999990463257,-1.34908008575439,1.20473492145538,10.1852684020996,-0.95077359676361,1.07990574836731,9.86558532714844,"(-0.950774, 1.079906, 9.865585)",truck body CS,5.07417154312134,0.1,-1.34908008575439,1.20473492145538,10.1852684020996,-0.00102246595769,-179.533434786753,-0.00001025744986
1181,left road,1181,2.59500002861023,0.0,7.09999990463257,2.65000009536743,0.0,0.15000000596046,2.59500002861023,0.0,7.09999990463257,-1.34908008575439,1.20473492145538,10.1852684020996,-0.9522163271904,1.08351135253906,9.8748197555542,"(-0.952216, 1.083511, 9.87482)",truck body CS,5.15034341812134,0.1,-1.34908008575439,1.20473492145538,10.1852684020996,-0.00102246595769,-179.533434786753,-0.00001025744986
1182,left road,1182,2.6949999332428,0.0,7.09999990463257,2.75,0.0,0.15000000596046,2.6949999332428,0.0,7.09999990463257,-1.34908008575439,1.20473492145538,10.1852684020996,-0.95564985275269,1.08753180503845,9.88511562347412,"(-0.95565, 1.087532, 9.885116)",truck body CS,5.22731733322144,0.1,-1.34908008575439,1.20473492145538,10.1852684020996,-0.00102246595769,-179.533434786753,-0.00001025744986
1183,left road,1183,2.79499983787537,0.0,7.09999990463257,2.84999990463257,0.0,0.15000000596046,2.79499983787537,0.0,7.09999990463257,-1.34908008575439,1.20473492145538,10.1852684020996,-0.95464152097702,1.09006679058075,9.8916072845459,"(-0.954642, 1.090067, 9.891607)",truck body CS,5.30506086349487,0.1,-1.34908008575439,1.20473492145538,10.1852684020996,-0.00102246595769,-179.533434786753,-0.00001025744986
1184,left road,1184,2.89499998092651,0.0,7.09999990463257,2.95000004768372,0.0,0.15000000596046,2.89499998092651,0.0,7.09999990463257,-1.34908008575439,1.20473492145538,10.1852684020996,-0.95578742027283,1.09309387207031,9.89936065673828,"(-0.955787, 1.093094, 9.899361)",truck body CS,5.38353824615479,0.1,-1.34908008575439,1.20473492145538,10.1852684020996,-0.00102246595769,-179.533434786753,-0.00001025744986
1185,left road,1185,2.99499988555908,0.0,7.09999990463257,3.04999995231628,0.0,0.15000000596046,2.99499988555908,0.0,7.09999990463257,-1.34908008575439,1.20473492145538,10.1852684020996,-0.9569119811058,1.09597563743591,9.90674018859863,"(-0.956912, 1.095976, 9.90674)",truck body CS,5.46271896362305,0.1,-1.34908008575439,1.20473492145538,10.1852684020996,-0.00102246595769,-179.533434786753,-0.00001025744986
1186,left road,1186,3.09500002861023,0.0,7.09999990463257,3.15000009536743,0.0,0.15000000596046,3.09500002861023,0.0,7.09999990463257,-1.34908008575439,1.20473492145538,10.1852684020996,-0.95798003673553,1.09871244430542,9.9137487411499,"(-0.95798, 1.098712, 9.913749)",truck body CS,5.54257297515869,0.1,-1.34908008575439,1.20473492145538,10.1852684020996,-0.00102246595769,-179.533434786753,-0.00001025744986
1187,left road,1187,3.1949999332428,0.0,7.09999990463257,3.25,0.0,0.15000000596046,3.1949999332428,0.0,7.09999990463257,-1.34908008575439,1.20473492145538,10.1852684020996,-0.95899599790573,1.10131525993347,9.92041397094727,"(-0.958996, 1.101315, 9.920414)",truck body CS,5.62307119369507,0.1,-1.34908008575439,1.20473492145538,10.1852684020996,-0.00102246595769,-179.533434786753,-0.00001025744986
1188,left road,1188,3.29499983787537,0.0,7.09999990463257,3.34999990463257,0.0,0.15000000596046,3.29499983787537,0.0,7.09999990463257,-1.34908008575439,1.20473492145538,10.1852684020996,-0.95992350578308,1.10378265380859,9.92673301696777,"(-0.959924, 1.103783, 9.926733)",truck body CS,5.70418691635132,0.1,-1.34908008575439,1.20473492145538,10.1852684020996,-0.00102246595769,-179.533434786753,-0.00001025744986
1189,left road,1189,3.39499998092651,0.0,7.09999990463257,3.45000004768372,0.0,0.15000000596046,3.39499998092651,0.0,7.09999990463257,-1.34908008575439,1.20473492145538,10.1852684020996,-0.96070748567581,1.10610961914063,9.93269348144531,"(-0.960707, 1.10611, 9.932693)",truck body CS,5.78589344024658,0.1,-1.34908008575439,1.20473492145538,10.1852684020996,-0.00102246595769,-179.533434786753,-0.00001025744986
1190,left road,1190,-3.50500011444092,0.0,7.19999980926514,-3.45000004768372,0.0,0.25,-3.50500011444092,0.0,7.19999980926514,-1.34908008575439,1.20473492145538,10.1852684020996,-2.61831283569336,0.49548354744911,8.42778015136719,"(-2.618313, 0.495484, 8.42778)",truck body CS,3.87442994117737,0.1,-1.34908008575439,1.20473492145538,10.1852684020996,-0.00102246595769,-179.533434786753,-0.00001025744986
1191,left road,1191,-3.40499997138977,0.0,7.19999980926514,-3.34999990463257,0.0,0.25,-3.40499997138977,0.0,7.19999980926514,-1.34908008575439,1.20473492145538,10.1852684020996,-2.60427927970886,0.46920883655548,8.36267375946045,"(-2.604279, 0.469209, 8.362674)",truck body CS,3.81968879699707,0.1,-1.34908008575439,1.20473492145538,10.1852684020996,-0.00102246595769,-179.533434786753,-0.00001025744986
1192,left road,1192,-3.3050000667572,0.0,7.19999980926514,-3.25,0.0,0.25,-3.3050000667572,0.0,7.19999980926514,-1.34908008575439,1.20473492145538,10.1852684020996,-2.58893394470215,0.44105571508408,8.29291152954102,"(-2.588934, 0.441056, 8.292912)",truck body CS,3.76680731773376,0.1,-1.34908008575439,1.20473492145538,10.1852684020996,-0.00102246595769,-179.533434786753,-0.00001025744986
1193,left road,1193,-3.20500016212463,0.0,7.19999980926514,-3.15000009536743,0.0,0.25,-3.20500016212463,0.0,7.19999980926514,-1.34908008575439,1.20473492145538,10.1852684020996,-2.57142066955566,0.41127580404282,8.21911811828613,"(-2.571421, 0.411276, 8.219118)",truck body CS,3.71586513519287,0.1,-1.34908008575439,1.20473492145538,10.1852684020996,-0.00102246595769,-179.533434786753,-0.00001025744986
1194,left road,1194,-3.10500001907349,0.0,7.19999980926514,-3.04999995231628,0.0,0.25,-3.10500001907349,0.0,7.19999980926514,-1.34908008575439,1.20473492145538,10.1852684020996,-2.55853486061096,0.37492904067039,8.12905311584473,"(-2.558535, 0.374929, 8.129053)",truck body CS,3.66694283485413,0.1,-1.34908008575439,1.20473492145538,10.1852684020996,-0.00102246595769,-179.533434786753,-0.00001025744986
1195,left road,1195,-3.00500011444092,0.0,7.19999980926514,-2.95000004768372,0.0,0.25,-3.00500011444092,0.0,7.19999980926514,-1.34908008575439,1.20473492145538,10.1852684020996,-2.50659346580505,0.36260655522346,8.09851837158203,"(-2.506593, 0.362607, 8.098518)",truck body CS,3.62012243270874,0.1,-1.34908008575439,1.20473492145538,10.1852684020996,-0.00102246595769,-179.533434786753,-0.00001025744986
1196,left road,1196,-2.90499997138977,0.0,7.19999980926514,-2.84999990463257,0.0,0.25,-2.90499997138977,0.0,7.19999980926514,-1.34908008575439,1.20473492145538,10.1852684020996,-2.44044947624207,0.35969716310501,8.09130954742432,"(-2.440449, 0.359697, 8.09131)",truck body CS,3.5754861831665,0.1,-1.34908008575439,1.20473492145538,10.1852684020996,-0.00102246595769,-179.533434786753,-0.00001025744986
1197,left road,1197,-2.8050000667572,0.0,7.19999980926514,-2.75,0.0,0.25,-2.8050000667572,0.0,7.19999980926514,-1.34908008575439,1.20473492145538,10.1852684020996,-2.38067746162415,0.35111546516418,8.07004451751709,"(-2.380677, 0.351115, 8.070045)",truck body CS,3.53311729431152,0.1,-1.34908008575439,1.20473492145538,10.1852684020996,-0.00102246595769,-179.533434786753,-0.00001025744986
1198,left road,1198,-2.70500016212463,0.0,7.19999980926514,-2.65000009536743,0.0,0.25,-2.70500016212463,0.0,7.19999980926514,-1.34908008575439,1.20473492145538,10.1852684020996,-2.30678081512451,0.35381770133972,8.07674026489258,"(-2.306781, 0.353818, 8.07674)",truck body CS,3.49309802055359,0.1,-1.34908008575439,1.20473492145538,10.1852684020996,-0.00102246595769,-179.533434786753,-0.00001025744986
1199,left road,1199,-2.60500001907349,0.0,7.19999980926514,-2.54999995231628,0.0,0.25,-2.60500001907349,0.0,7.19999980926514,-1.34908008575439,1.20473492145538,10.1852684020996,-2.23683786392212,0.35315763950348,8.07510471343994,"(-2.236838, 0.353158, 8.075105)",truck body CS,3.45551013946533,0.1,-1.34908008575439,1.20473492145538,10.1852684020996,-0.00102246595769,-179.533434786753,-0.00001025744986
1200,left road,1200,-2.50500011444092,0.0,7.19999980926514,-2.45000004768372,0.0,0.25,-2.50500011444092,0.0,7.19999980926514,-1.34908008575439,1.20473492145538,10.1852684020996,-2.16626501083374,0.35303965210915,8.0748119354248,"(-2.166265, 0.35304, 8.074812)",truck body CS,3.42043375968933,0.1,-1.34908008575439,1.20473492145538,10.1852684020996,-0.00102246595769,-179.533434786753,-0.00001025744986
1201,left road,1201,-2.40499997138977,0.0,7.19999980926514,-2.34999990463257,0.0,0.25,-2.40499997138977,0.0,7.19999980926514,-1.34908008575439,1.20473492145538,10.1852684020996,-2.09567308425903,0.35292160511017,8.07452011108398,"(-2.095673, 0.352922, 8.07452)",truck body CS,3.38794660568237,0.1,-1.34908008575439,1.20473492145538,10.1852684020996,-0.00102246595769,-179.533434786753,-0.00001025744986
1202,left road,1202,-2.3050000667572,0.0,7.19999980926514,-2.25,0.0,0.25,-2.3050000667572,0.0,7.19999980926514,-1.34908008575439,1.20473492145538,10.1852684020996,-2.02506136894226,0.35280358791351,8.07422733306885,"(-2.025061, 0.352804, 8.074227)",truck body CS,3.35812425613403,0.1,-1.34908008575439,1.20473492145538,10.1852684020996,-0.00102246595769,-179.533434786753,-0.00001025744986
1203,left road,1203,-2.20500016212463,0.0,7.19999980926514,-2.15000009536743,0.0,0.25,-2.20500016212463,0.0,7.19999980926514,-1.34908008575439,1.20473492145538,10.1852684020996,-1.954430103302,0.35268539190292,8.07393455505371,"(-1.95443, 0.352685, 8.073935)",truck body CS,3.33103799819946,0.1,-1.34908008575439,1.20473492145538,10.1852684020996,-0.00102246595769,-179.533434786753,-0.00001025744986
1204,left road,1204,-2.10500001907349,0.0,7.19999980926514,-2.04999995231628,0.0,0.25,-2.10500001907349,0.0,7.19999980926514,-1.34908008575439,1.20473492145538,10.1852684020996,-1.88377892971039,0.35256725549698,8.07364177703857,"(-1.883779, 0.352567, 8.073642)",truck body CS,3.30675530433655,0.1,-1.34908008575439,1.20473492145538,10.1852684020996,-0.00102246595769,-179.533434786753,-0.00001025744986
1205,left road,1205,-2.00500011444092,0.0,7.19999980926514,-1.95000004768372,0.0,0.25,-2.00500011444092,0.0,7.19999980926514,-1.34908008575439,1.20473492145538,10.1852684020996,-1.81310856342316,0.35244911909103,8.07334899902344,"(-1.813109, 0.352449, 8.073349)",truck body CS,3.28533816337585,0.1,-1.34908008575439,1.20473492145538,10.1852684020996,-0.00102246595769,-179.533434786753,-0.00001025744986
1206,left road,1206,-1.90499997138977,0.0,7.19999980926514,-1.85000002384186,0.0,0.25,-1.90499997138977,0.0,7.19999980926514,-1.34908008575439,1.20473492145538,10.1852684020996,-1.74189162254334,0.3534722328186,8.07588386535645,"(-1.741892, 0.353472, 8.075884)",truck body CS,3.26684284210205,0.1,-1.34908008575439,1.20473492145538,10.1852684020996,-0.00102246595769,-179.533434786753,-0.00001025744986
1207,left road,1207,-1.80499994754791,0.0,7.19999980926514,-1.75,0.0,0.25,-1.80499994754791,0.0,7.19999980926514,-1.34908008575439,1.20473492145538,10.1852684020996,-1.66815912723541,0.36159163713455,8.09600353240967,"(-1.668159, 0.361592, 8.096004)",truck body CS,3.25131940841675,0.1,-1.34908008575439,1.20473492145538,10.1852684020996,-0.00102246595769,-179.533434786753,-0.00001025744986
1208,left road,1208,-1.70499992370605,0.0,7.19999980926514,-1.64999997615814,0.0,0.25,-1.70499992370605,0.0,7.19999980926514,-1.34908008575439,1.20473492145538,10.1852684020996,-1.59581983089447,0.36955767869949,8.11574268341064,"(-1.59582, 0.369558, 8.115743)",truck body CS,3.23881053924561,0.1,-1.34908008575439,1.20473492145538,10.1852684020996,-0.00102246595769,-179.533434786753,-0.00001025744986
1209,left road,1209,-1.6049998998642,0.0,7.19999980926514,-1.54999995231628,0.0,0.25,-1.6049998998642,0.0,7.19999980926514,-1.34908008575439,1.20473492145538,10.1852684020996,-1.52702045440674,0.36708572506905,8.10961723327637,"(-1.52702, 0.367086, 8.109617)",truck body CS,3.22935128211975,0.1,-1.34908008575439,1.20473492145538,10.1852684020996,-0.00102246595769,-179.533434786753,-0.00001025744986
1210,left road,1210,-1.50499999523163,0.0,7.19999980926514,-1.45000004768372,0.0,0.25,-1.50499999523163,0.0,7.19999980926514,-1.34908008575439,1.20473492145538,10.1852684020996,-1.45798397064209,0.36327534914017,8.10017585754395,"(-1.457984, 0.363275, 8.100176)",truck body CS,3.22296857833862,0.1,-1.34908008575439,1.20473492145538,10.1852684020996,-0.00102246595769,-179.533434786753,-0.00001025744986
1211,left road,1211,-1.40499997138977,0.0,7.19999980926514,-1.35000002384186,0.0,0.25,-1.40499997138977,0.0,7.19999980926514,-1.34908008575439,1.20473492145538,10.1852684020996,-1.38831639289856,0.35943013429642,8.09064769744873,"(-1.388316, 0.35943, 8.090648)",truck body CS,3.21968054771423,0.1,-1.34908008575439,1.20473492145538,10.1852684020996,-0.00102246595769,-179.533434786753,-0.00001025744986
1212,left road,1212,-1.30499994754791,0.0,7.19999980926514,-1.25,0.0,0.25,-1.30499994754791,0.0,7.19999980926514,-1.34908008575439,1.20473492145538,10.1852684020996,-1.3180091381073,0.35554963350296,8.08103179931641,"(-1.318009, 0.35555, 8.081032)",truck body CS,3.21949648857117,0.1,-1.34908008575439,1.20473492145538,10.1852684020996,-0.00102246595769,-179.533434786753,-0.00001025744986
1213,left road,1213,-1.20499992370605,0.0,7.19999980926514,-1.14999997615814,0.0,0.25,-1.20499992370605,0.0,7.19999980926514,-1.34908008575439,1.20473492145538,10.1852684020996,-1.24715542793274,0.35248556733131,8.0734395980835,"(-1.247155, 0.352486, 8.07344)",truck body CS,3.22241735458374,0.1,-1.34908008575439,1.20473492145538,10.1852684020996,-0.00102246595769,-179.533434786753,-0.00001025744986
1214,left road,1214,-1.1049998998642,0.0,7.19999980926514,-1.04999995231628,0.0,0.25,-1.1049998998642,0.0,7.19999980926514,-1.34908008575439,1.20473492145538,10.1852684020996,-1.1810210943222,0.37522676587105,8.12979125976563,"(-1.181021, 0.375227, 8.129791)",truck body CS,3.22843480110168,0.1,-1.34908008575439,1.20473492145538,10.1852684020996,-0.00102246595769,-179.533434786753,-0.00001025744986
1215,left road,1215,-1.00499999523163,0.0,7.19999980926514,-0.94999998807907,0.0,0.25,-1.00499999523163,0.0,7.19999980926514,-1.34908008575439,1.20473492145538,10.1852684020996,-1.11074256896973,0.37023878097534,8.11743068695068,"(-1.110743, 0.370239, 8.117431)",truck body CS,3.23753094673157,0.1,-1.34908008575439,1.20473492145538,10.1852684020996,-0.00102246595769,-179.533434786753,-0.00001025744986
1216,left road,1216,-0.90500003099442,0.0,7.19999980926514,-0.85000002384186,0.0,0.25,-0.90500003099442,0.0,7.19999980926514,-1.34908008575439,1.20473492145538,10.1852684020996,-1.03961372375488,0.36519038677216,8.10492134094238,"(-1.039614, 0.36519, 8.104921)",truck body CS,3.24968028068542,0.1,-1.34908008575439,1.20473492145538,10.1852684020996,-0.00102246595769,-179.533434786753,-0.00001025744986
1217,left road,1217,-0.80500000715256,0.0,7.19999980926514,-0.75,0.0,0.25,-0.80500000715256,0.0,7.19999980926514,-1.34908008575439,1.20473492145538,10.1852684020996,-0.96760082244873,0.36004051566124,8.09216022491455,"(-0.967601, 0.360041, 8.09216)",truck body CS,3.26484894752502,0.1,-1.34908008575439,1.20473492145538,10.1852684020996,-0.00102246595769,-179.533434786753,-0.00001025744986
1218,left road,1218,-0.7049999833107,0.0,7.19999980926514,-0.64999997615814,0.0,0.25,-0.7049999833107,0.0,7.19999980926514,-1.34908008575439,1.20473492145538,10.1852684020996,-0.92686414718628,0.41499102115631,8.22832489013672,"(-0.926864, 0.414991, 8.228325)",truck body CS,3.28299474716187,0.1,-1.34908008575439,1.20473492145538,10.1852684020996,-0.00102246595769,-179.533434786753,-0.00001025744986
1219,left road,1219,-0.60500001907349,0.0,7.19999980926514,-0.55000001192093,0.0,0.25,-0.60500001907349,0.0,7.19999980926514,-1.34908008575439,1.20473492145538,10.1852684020996,-0.89374607801437,0.4675067961216,8.35845565795898,"(-0.893746, 0.467507, 8.358456)",truck body CS,3.30406880378723,0.1,-1.34908008575439,1.20473492145538,10.1852684020996,-0.00102246595769,-179.533434786753,-0.00001025744986
1220,left road,1220,-0.50499999523163,0.0,7.19999980926514,-0.44999998807907,0.0,0.25,-0.50499999523163,0.0,7.19999980926514,-1.34908008575439,1.20473492145538,10.1852684020996,-1.00882506370544,0.71909725666046,8.98188400268555,"(-1.008825, 0.719097, 8.981884)",truck body CS,3.32801532745361,0.1,-1.34908008575439,1.20473492145538,10.1852684020996,-0.00102246595769,-179.533434786753,-0.00001025744986
1221,left road,1221,-0.40500000119209,0.0,7.19999980926514,-0.34999999403954,0.0,0.25,-0.40500000119209,0.0,7.19999980926514,-1.34908008575439,1.20473492145538,10.1852684020996,-0.96919083595276,0.71996039152145,8.98402214050293,"(-0.969191, 0.71996, 8.984022)",truck body CS,3.35477304458618,0.1,-1.34908008575439,1.20473492145538,10.1852684020996,-0.00102246595769,-179.533434786753,-0.00001025744986
1222,left road,1222,-0.30500000715256,0.0,7.19999980926514,-0.25,0.0,0.25,-0.30500000715256,0.0,7.19999980926514,-1.34908008575439,1.20473492145538,10.1852684020996,-0.92846482992172,0.71939861774445,8.98263072967529,"(-0.928465, 0.719399, 8.982631)",truck body CS,3.38427495956421,0.1,-1.34908008575439,1.20473492145538,10.1852684020996,-0.00102246595769,-179.533434786753,-0.00001025744986
1223,left road,1223,-0.20500001311302,0.0,7.19999980926514,-0.15000000596046,0.0,0.25,-0.20500001311302,0.0,7.19999980926514,-1.34908008575439,1.20473492145538,10.1852684020996,-0.88745993375778,0.71864134073257,8.98075389862061,"(-0.88746, 0.718641, 8.980754)",truck body CS,3.41645050048828,0.1,-1.34908008575439,1.20473492145538,10.1852684020996,-0.00102246595769,-179.533434786753,-0.00001025744986
1224,left road,1224,-0.10500000417233,0.0,7.19999980926514,-0.05000000074506,0.0,0.25,-0.10500000417233,0.0,7.19999980926514,-1.34908008575439,1.20473492145538,10.1852684020996,-0.84685528278351,0.71839338541031,8.98013877868652,"(-0.846855, 0.718393, 8.980139)",truck body CS,3.45122456550598,0.1,-1.34908008575439,1.20473492145538,10.1852684020996,-0.00102246595769,-179.533434786753,-0.00001025744986
1225,left road,1225,-0.00499999895692,0.0,7.19999980926514,0.05000000074506,0.0,0.25,-0.00499999895692,0.0,7.19999980926514,-1.34908008575439,1.20473492145538,10.1852684020996,-0.84741562604904,0.75507962703705,9.07104587554932,"(-0.847416, 0.75508, 9.071046)",truck body CS,3.48851919174194,0.1,-1.34908008575439,1.20473492145538,10.1852684020996,-0.00102246595769,-179.533434786753,-0.00001025744986
1226,left road,1226,0.09500000625849,0.0,7.19999980926514,0.15000000596046,0.0,0.25,0.09500000625849,0.0,7.19999980926514,-1.34908008575439,1.20473492145538,10.1852684020996,-0.84972101449966,0.7881406545639,9.15296936035156,"(-0.849721, 0.788141, 9.152969)",truck body CS,3.52825498580933,0.1,-1.34908008575439,1.20473492145538,10.1852684020996,-0.00102246595769,-179.533434786753,-0.00001025744986
1227,left road,1227,0.19499999284744,0.0,7.19999980926514,0.25,0.0,0.25,0.19499999284744,0.0,7.19999980926514,-1.34908008575439,1.20473492145538,10.1852684020996,-0.8497120141983,0.81511378288269,9.21980762481689,"(-0.849712, 0.815114, 9.219808)",truck body CS,3.57034993171692,0.1,-1.34908008575439,1.20473492145538,10.1852684020996,-0.00102246595769,-179.533434786753,-0.00001025744986
1228,left road,1228,0.29499998688698,0.0,7.19999980926514,0.34999999403954,0.0,0.25,0.29499998688698,0.0,7.19999980926514,-1.34908008575439,1.20473492145538,10.1852684020996,-0.85389322042465,0.84187602996826,9.28612327575684,"(-0.853893, 0.841876, 9.286123)",truck body CS,3.61472201347351,0.1,-1.34908008575439,1.20473492145538,10.1852684020996,-0.00102246595769,-179.533434786753,-0.00001025744986
1229,left road,1229,0.39499998092651,0.0,7.19999980926514,0.44999998807907,0.0,0.25,0.39499998092651,0.0,7.19999980926514,-1.34908008575439,1.20473492145538,10.1852684020996,-0.85729819536209,0.86503326892853,9.34350490570068,"(-0.857298, 0.865033, 9.343505)",truck body CS,3.661288022995,0.1,-1.34908008575439,1.20473492145538,10.1852684020996,-0.00102246595769,-179.533434786753,-0.00001025744986
1230,left road,1230,0.49500000476837,0.0,7.19999980926514,0.55000001192093,0.0,0.25,0.49500000476837,0.0,7.19999980926514,-1.34908008575439,1.20473492145538,10.1852684020996,-0.86034089326859,0.88544231653214,9.39407730102539,"(-0.860341, 0.885442, 9.394077)",truck body CS,3.70996570587158,0.1,-1.34908008575439,1.20473492145538,10.1852684020996,-0.00102246595769,-179.533434786753,-0.00001025744986
1231,left road,1231,0.59499996900558,0.0,7.19999980926514,0.64999997615814,0.0,0.25,0.59499996900558,0.0,7.19999980926514,-1.34908008575439,1.20473492145538,10.1852684020996,-0.86349755525589,0.90382224321365,9.439621925354,"(-0.863498, 0.903822, 9.439622)",truck body CS,3.76067328453064,0.1,-1.34908008575439,1.20473492145538,10.1852684020996,-0.00102246595769,-179.533434786753,-0.00001025744986
1232,left road,1232,0.69499999284744,0.0,7.19999980926514,0.75,0.0,0.25,0.69499999284744,0.0,7.19999980926514,-1.34908008575439,1.20473492145538,10.1852684020996,-0.86640721559525,0.92025834321976,9.48034954071045,"(-0.866407, 0.920258, 9.48035)",truck body CS,3.81332898139954,0.1,-1.34908008575439,1.20473492145538,10.1852684020996,-0.00102246595769,-179.533434786753,-0.00001025744986
1233,left road,1233,0.7950000166893,0.0,7.19999980926514,0.85000002384186,0.0,0.25,0.7950000166893,0.0,7.19999980926514,-1.34908008575439,1.20473492145538,10.1852684020996,-0.8690887093544,0.93503308296204,9.51696109771729,"(-0.869089, 0.935033, 9.516961)",truck body CS,3.86785411834717,0.1,-1.34908008575439,1.20473492145538,10.1852684020996,-0.00102246595769,-179.533434786753,-0.00001025744986
1234,left road,1234,0.89499998092651,0.0,7.19999980926514,0.94999998807907,0.0,0.25,0.89499998092651,0.0,7.19999980926514,-1.34908008575439,1.20473492145538,10.1852684020996,-0.87125778198242,0.94821584224701,9.54962730407715,"(-0.871258, 0.948216, 9.549627)",truck body CS,3.92417001724243,0.1,-1.34908008575439,1.20473492145538,10.1852684020996,-0.00102246595769,-179.533434786753,-0.00001025744986
1235,left road,1235,0.99499994516373,0.0,7.19999980926514,1.04999995231628,0.0,0.25,0.99499994516373,0.0,7.19999980926514,-1.34908008575439,1.20473492145538,10.1852684020996,-0.87192040681839,0.95949971675873,9.57758808135986,"(-0.87192, 0.9595, 9.577588)",truck body CS,3.98220109939575,0.1,-1.34908008575439,1.20473492145538,10.1852684020996,-0.00102246595769,-179.533434786753,-0.00001025744986
1236,left road,1236,1.09500002861023,0.0,7.19999980926514,1.14999997615814,0.0,0.25,1.09500002861023,0.0,7.19999980926514,-1.34908008575439,1.20473492145538,10.1852684020996,-0.87261599302292,0.96987652778625,9.60330104827881,"(-0.872616, 0.969877, 9.603301)",truck body CS,4.04187345504761,0.1,-1.34908008575439,1.20473492145538,10.1852684020996,-0.00102246595769,-179.533434786753,-0.00001025744986
1237,left road,1237,1.19500005245209,0.0,7.19999980926514,1.25,0.0,0.25,1.19500005245209,0.0,7.19999980926514,-1.34908008575439,1.20473492145538,10.1852684020996,-0.87527304887772,0.9803661108017,9.62929344177246,"(-0.875273, 0.980366, 9.629293)",truck body CS,4.10311603546143,0.1,-1.34908008575439,1.20473492145538,10.1852684020996,-0.00102246595769,-179.533434786753,-0.00001025744986
1238,left road,1238,1.29500007629395,0.0,7.19999980926514,1.35000002384186,0.0,0.25,1.29500007629395,0.0,7.19999980926514,-1.34908008575439,1.20473492145538,10.1852684020996,-0.88373327255249,0.99270677566528,9.65987300872803,"(-0.883733, 0.992707, 9.659873)",truck body CS,4.16585826873779,0.1,-1.34908008575439,1.20473492145538,10.1852684020996,-0.00102246595769,-179.533434786753,-0.00001025744986
1239,left road,1239,1.3950001001358,0.0,7.19999980926514,1.45000004768372,0.0,0.25,1.3950001001358,0.0,7.19999980926514,-1.34908008575439,1.20473492145538,10.1852684020996,-0.89916807413101,1.00720989704132,9.69581127166748,"(-0.899168, 1.00721, 9.695811)",truck body CS,4.23003435134888,0.1,-1.34908008575439,1.20473492145538,10.1852684020996,-0.00102246595769,-179.533434786753,-0.00001025744986
1240,left road,1240,1.49500000476837,0.0,7.19999980926514,1.54999995231628,0.0,0.25,1.49500000476837,0.0,7.19999980926514,-1.34908008575439,1.20473492145538,10.1852684020996,-0.91061854362488,1.0190052986145,9.7250394821167,"(-0.910619, 1.019005, 9.725039)",truck body CS,4.29557991027832,0.1,-1.34908008575439,1.20473492145538,10.1852684020996,-0.00102246595769,-179.533434786753,-0.00001025744986
1241,left road,1241,1.59500002861023,0.0,7.19999980926514,1.64999997615814,0.0,0.25,1.59500002861023,0.0,7.19999980926514,-1.34908008575439,1.20473492145538,10.1852684020996,-0.91971707344055,1.02903711795807,9.74989795684814,"(-0.919717, 1.029037, 9.749898)",truck body CS,4.36243295669556,0.1,-1.34908008575439,1.20473492145538,10.1852684020996,-0.00102246595769,-179.533434786753,-0.00001025744986
1242,left road,1242,1.69500005245209,0.0,7.19999980926514,1.75,0.0,0.25,1.69500005245209,0.0,7.19999980926514,-1.34908008575439,1.20473492145538,10.1852684020996,-0.92811286449432,1.03813147544861,9.77243328094482,"(-0.928113, 1.038131, 9.772433)",truck body CS,4.43053483963013,0.1,-1.34908008575439,1.20473492145538,10.1852684020996,-0.00102246595769,-179.533434786753,-0.00001025744986
1243,left road,1243,1.79500007629395,0.0,7.19999980926514,1.85000002384186,0.0,0.25,1.79500007629395,0.0,7.19999980926514,-1.34908008575439,1.20473492145538,10.1852684020996,-0.94458907842636,1.04974389076233,9.80120754241943,"(-0.944589, 1.049744, 9.801208)",truck body CS,4.49982833862305,0.1,-1.34908008575439,1.20473492145538,10.1852684020996,-0.00102246595769,-179.533434786753,-0.00001025744986
1244,left road,1244,1.8950001001358,0.0,7.19999980926514,1.95000004768372,0.0,0.25,1.8950001001358,0.0,7.19999980926514,-1.34908008575439,1.20473492145538,10.1852684020996,-0.94085747003555,1.05313563346863,9.80961322784424,"(-0.940857, 1.053136, 9.809613)",truck body CS,4.57025957107544,0.1,-1.34908008575439,1.20473492145538,10.1852684020996,-0.00102246595769,-179.533434786753,-0.00001025744986
1245,left road,1245,1.99500000476837,0.0,7.19999980926514,2.04999995231628,0.0,0.25,1.99500000476837,0.0,7.19999980926514,-1.34908008575439,1.20473492145538,10.1852684020996,-0.9421569108963,1.05813717842102,9.82200622558594,"(-0.942157, 1.058137, 9.822006)",truck body CS,4.6417760848999,0.1,-1.34908008575439,1.20473492145538,10.1852684020996,-0.00102246595769,-179.533434786753,-0.00001025744986
1246,left road,1246,2.09500002861023,0.0,7.19999980926514,2.15000009536743,0.0,0.25,2.09500002861023,0.0,7.19999980926514,-1.34908008575439,1.20473492145538,10.1852684020996,-0.9440746307373,1.06306445598602,9.83421611785889,"(-0.944075, 1.063064, 9.834216)",truck body CS,4.71432971954346,0.1,-1.34908008575439,1.20473492145538,10.1852684020996,-0.00102246595769,-179.533434786753,-0.00001025744986
1247,left road,1247,2.1949999332428,0.0,7.19999980926514,2.25,0.0,0.25,2.1949999332428,0.0,7.19999980926514,-1.34908008575439,1.20473492145538,10.1852684020996,-0.94582641124725,1.06765723228455,9.84559631347656,"(-0.945826, 1.067657, 9.845596)",truck body CS,4.78787183761597,0.1,-1.34908008575439,1.20473492145538,10.1852684020996,-0.00102246595769,-179.533434786753,-0.00001025744986
1248,left road,1248,2.29499983787537,0.0,7.19999980926514,2.34999990463257,0.0,0.25,2.29499983787537,0.0,7.19999980926514,-1.34908008575439,1.20473492145538,10.1852684020996,-0.94763892889023,1.07201814651489,9.85640239715576,"(-0.947639, 1.072018, 9.856402)",truck body CS,4.86235904693604,0.1,-1.34908008575439,1.20473492145538,10.1852684020996,-0.00102246595769,-179.533434786753,-0.00001025744986
1249,left road,1249,2.39499998092651,0.0,7.19999980926514,2.45000004768372,0.0,0.25,2.39499998092651,0.0,7.19999980926514,-1.34908008575439,1.20473492145538,10.1852684020996,-0.94918215274811,1.07605946063995,9.86641693115234,"(-0.949182, 1.076059, 9.866417)",truck body CS,4.93774747848511,0.1,-1.34908008575439,1.20473492145538,10.1852684020996,-0.00102246595769,-179.533434786753,-0.00001025744986
1250,left road,1250,2.49499988555908,0.0,7.19999980926514,2.54999995231628,0.0,0.25,2.49499988555908,0.0,7.19999980926514,-1.34908008575439,1.20473492145538,10.1852684020996,-0.9507155418396,1.07988739013672,9.87590217590332,"(-0.950716, 1.079887, 9.875902)",truck body CS,5.01399707794189,0.1,-1.34908008575439,1.20473492145538,10.1852684020996,-0.00102246595769,-179.533434786753,-0.00001025744986
1251,left road,1251,2.59500002861023,0.0,7.19999980926514,2.65000009536743,0.0,0.25,2.59500002861023,0.0,7.19999980926514,-1.34908008575439,1.20473492145538,10.1852684020996,-0.95365738868713,1.08395147323608,9.88597297668457,"(-0.953657, 1.083951, 9.885973)",truck body CS,5.09106922149658,0.1,-1.34908008575439,1.20473492145538,10.1852684020996,-0.00102246595769,-179.533434786753,-0.00001025744986
1252,left road,1252,2.6949999332428,0.0,7.19999980926514,2.75,0.0,0.25,2.6949999332428,0.0,7.19999980926514,-1.34908008575439,1.20473492145538,10.1852684020996,-0.95330476760864,1.08683323860168,9.8931131362915,"(-0.953305, 1.086833, 9.893113)",truck body CS,5.16892623901367,0.1,-1.34908008575439,1.20473492145538,10.1852684020996,-0.00102246595769,-179.533434786753,-0.00001025744986
1253,left road,1253,2.79499983787537,0.0,7.19999980926514,2.84999990463257,0.0,0.25,2.79499983787537,0.0,7.19999980926514,-1.34908008575439,1.20473492145538,10.1852684020996,-0.95454829931259,1.09003973007202,9.9010591506958,"(-0.954548, 1.09004, 9.901059)",truck body CS,5.24753427505493,0.1,-1.34908008575439,1.20473492145538,10.1852684020996,-0.00102246595769,-179.533434786753,-0.00001025744986
1254,left road,1254,2.89499998092651,0.0,7.19999980926514,2.95000004768372,0.0,0.25,2.89499998092651,0.0,7.19999980926514,-1.34908008575439,1.20473492145538,10.1852684020996,-0.95573544502258,1.09307909011841,9.90859031677246,"(-0.955735, 1.093079, 9.90859)",truck body CS,5.32685899734497,0.1,-1.34908008575439,1.20473492145538,10.1852684020996,-0.00102246595769,-179.533434786753,-0.00001025744986
1255,left road,1255,2.99499988555908,0.0,7.19999980926514,3.04999995231628,0.0,0.25,2.99499988555908,0.0,7.19999980926514,-1.34908008575439,1.20473492145538,10.1852684020996,-0.95686131715775,1.09596157073975,9.91573333740234,"(-0.956861, 1.095962, 9.915733)",truck body CS,5.40687036514282,0.1,-1.34908008575439,1.20473492145538,10.1852684020996,-0.00102246595769,-179.533434786753,-0.00001025744986
1256,left road,1256,3.09500002861023,0.0,7.19999980926514,3.15000009536743,0.0,0.25,3.09500002861023,0.0,7.19999980926514,-1.34908008575439,1.20473492145538,10.1852684020996,-0.95793032646179,1.09869909286499,9.92251682281494,"(-0.95793, 1.098699, 9.922517)",truck body CS,5.48753690719604,0.1,-1.34908008575439,1.20473492145538,10.1852684020996,-0.00102246595769,-179.533434786753,-0.00001025744986
1257,left road,1257,3.1949999332428,0.0,7.19999980926514,3.25,0.0,0.25,3.1949999332428,0.0,7.19999980926514,-1.34908008575439,1.20473492145538,10.1852684020996,-0.95892733335495,1.10129690170288,9.92895412445068,"(-0.958927, 1.101297, 9.928954)",truck body CS,5.5688304901123,0.1,-1.34908008575439,1.20473492145538,10.1852684020996,-0.00102246595769,-179.533434786753,-0.00001025744986
1258,left road,1258,3.29499983787537,0.0,7.19999980926514,3.34999990463257,0.0,0.25,3.29499983787537,0.0,7.19999980926514,-1.34908008575439,1.20473492145538,10.1852684020996,-0.9597539305687,1.10373854637146,9.93500423431396,"(-0.959754, 1.103739, 9.935004)",truck body CS,5.65072536468506,0.1,-1.34908008575439,1.20473492145538,10.1852684020996,-0.00102246595769,-179.533434786753,-0.00001025744986
1259,left road,1259,3.39499998092651,0.0,7.19999980926514,3.45000004768372,0.0,0.25,3.39499998092651,0.0,7.19999980926514,-1.34908008575439,1.20473492145538,10.1852684020996,-0.96054273843765,1.1060676574707,9.94077587127686,"(-0.960543, 1.106068, 9.940776)",truck body CS,5.73319387435913,0.1,-1.34908008575439,1.20473492145538,10.1852684020996,-0.00102246595769,-179.533434786753,-0.00001025744986
1260,left road,1260,-3.50500011444092,0.0,7.29999971389771,-3.45000004768372,0.0,0.34999999403954,-3.50500011444092,0.0,7.29999971389771,-1.34908008575439,1.20473492145538,10.1852684020996,-2.35463309288025,0.64282864332199,8.8395357131958,"(-2.354633, 0.642829, 8.839536)",truck body CS,3.7979142665863,0.1,-1.34908008575439,1.20473492145538,10.1852684020996,-0.00102246595769,-179.533434786753,-0.00001025744986
1261,left road,1261,-3.40499997138977,0.0,7.29999971389771,-3.34999990463257,0.0,0.34999999403954,-3.40499997138977,0.0,7.29999971389771,-1.34908008575439,1.20473492145538,10.1852684020996,-2.61266183853149,0.46429684758186,8.41196250915527,"(-2.612662, 0.464297, 8.411963)",truck body CS,3.7420539855957,0.1,-1.34908008575439,1.20473492145538,10.1852684020996,-0.00102246595769,-179.533434786753,-0.00001025744986
1262,left road,1262,-3.3050000667572,0.0,7.29999971389771,-3.25,0.0,0.34999999403954,-3.3050000667572,0.0,7.29999971389771,-1.34908008575439,1.20473492145538,10.1852684020996,-2.59786105155945,0.43555706739426,8.34313297271729,"(-2.597861, 0.435557, 8.343133)",truck body CS,3.68805980682373,0.1,-1.34908008575439,1.20473492145538,10.1852684020996,-0.00102246595769,-179.533434786753,-0.00001025744986
1263,left road,1263,-3.20500016212463,0.0,7.29999971389771,-3.15000009536743,0.0,0.34999999403954,-3.20500016212463,0.0,7.29999971389771,-1.34908008575439,1.20473492145538,10.1852684020996,-2.58053421974182,0.40535992383957,8.27081203460693,"(-2.580534, 0.40536, 8.270812)",truck body CS,3.63601446151733,0.1,-1.34908008575439,1.20473492145538,10.1852684020996,-0.00102246595769,-179.533434786753,-0.00001025744986
1264,left road,1264,-3.10500001907349,0.0,7.29999971389771,-3.04999995231628,0.0,0.34999999403954,-3.10500001907349,0.0,7.29999971389771,-1.34908008575439,1.20473492145538,10.1852684020996,-2.56754326820374,0.36874848604202,8.18313026428223,"(-2.567543, 0.368748, 8.18313)",truck body CS,3.58600282669067,0.1,-1.34908008575439,1.20473492145538,10.1852684020996,-0.00102246595769,-179.533434786753,-0.00001025744986
1265,left road,1265,-3.00500011444092,0.0,7.29999971389771,-2.95000004768372,0.0,0.34999999403954,-3.00500011444092,0.0,7.29999971389771,-1.34908008575439,1.20473492145538,10.1852684020996,-2.51614999771118,0.35565400123596,8.15176963806152,"(-2.51615, 0.355654, 8.15177)",truck body CS,3.53811144828796,0.1,-1.34908008575439,1.20473492145538,10.1852684020996,-0.00102246595769,-179.533434786753,-0.00001025744986
1266,left road,1266,-2.90499997138977,0.0,7.29999971389771,-2.84999990463257,0.0,0.34999999403954,-2.90499997138977,0.0,7.29999971389771,-1.34908008575439,1.20473492145538,10.1852684020996,-2.44828295707703,0.35363185405731,8.14692687988281,"(-2.448283, 0.353632, 8.146927)",truck body CS,3.49242734909058,0.1,-1.34908008575439,1.20473492145538,10.1852684020996,-0.00102246595769,-179.533434786753,-0.00001025744986
1267,left road,1267,-2.8050000667572,0.0,7.29999971389771,-2.75,0.0,0.34999999403954,-2.8050000667572,0.0,7.29999971389771,-1.34908008575439,1.20473492145538,10.1852684020996,-2.38122820854187,0.35065993666649,8.13980865478516,"(-2.381228, 0.35066, 8.139809)",truck body CS,3.44903826713562,0.1,-1.34908008575439,1.20473492145538,10.1852684020996,-0.00102246595769,-179.533434786753,-0.00001025744986
1268,left road,1268,-2.70500016212463,0.0,7.29999971389771,-2.65000009536743,0.0,0.34999999403954,-2.70500016212463,0.0,7.29999971389771,-1.34908008575439,1.20473492145538,10.1852684020996,-2.31370306015015,0.34766733646393,8.13264179229736,"(-2.313703, 0.347667, 8.132642)",truck body CS,3.40803194046021,0.1,-1.34908008575439,1.20473492145538,10.1852684020996,-0.00102246595769,-179.533434786753,-0.00001025744986
1269,left road,1269,-2.60500001907349,0.0,7.29999971389771,-2.54999995231628,0.0,0.34999999403954,-2.60500001907349,0.0,7.29999971389771,-1.34908008575439,1.20473492145538,10.1852684020996,-2.24302625656128,0.34722149372101,8.1315746307373,"(-2.243026, 0.347221, 8.131575)",truck body CS,3.36949491500854,0.1,-1.34908008575439,1.20473492145538,10.1852684020996,-0.00102246595769,-179.533434786753,-0.00001025744986
1270,left road,1270,-2.50500011444092,0.0,7.29999971389771,-2.45000004768372,0.0,0.34999999403954,-2.50500011444092,0.0,7.29999971389771,-1.34908008575439,1.20473492145538,10.1852684020996,-2.17178654670715,0.34728509187698,8.13172626495361,"(-2.171787, 0.347285, 8.131726)",truck body CS,3.33351373672485,0.1,-1.34908008575439,1.20473492145538,10.1852684020996,-0.00102246595769,-179.533434786753,-0.00001025744986
1271,left road,1271,-2.40499997138977,0.0,7.29999971389771,-2.34999990463257,0.0,0.34999999403954,-2.40499997138977,0.0,7.29999971389771,-1.34908008575439,1.20473492145538,10.1852684020996,-2.10070466995239,0.34718084335327,8.13147735595703,"(-2.100705, 0.347181, 8.131477)",truck body CS,3.3001708984375,0.1,-1.34908008575439,1.20473492145538,10.1852684020996,-0.00102246595769,-179.533434786753,-0.00001025744986
1272,left road,1272,-2.3050000667572,0.0,7.29999971389771,-2.25,0.0,0.34999999403954,-2.3050000667572,0.0,7.29999971389771,-1.34908008575439,1.20473492145538,10.1852684020996,-2.02961778640747,0.34706115722656,8.13118934631348,"(-2.029618, 0.347061, 8.131189)",truck body CS,3.26954817771912,0.1,-1.34908008575439,1.20473492145538,10.1852684020996,-0.00102246595769,-179.533434786753,-0.00001025744986
1273,left road,1273,-2.20500016212463,0.0,7.29999971389771,-2.15000009536743,0.0,0.34999999403954,-2.20500016212463,0.0,7.29999971389771,-1.34908008575439,1.20473492145538,10.1852684020996,-1.95851099491119,0.34694141149521,8.13090324401855,"(-1.958511, 0.346941, 8.130903)",truck body CS,3.24172186851501,0.1,-1.34908008575439,1.20473492145538,10.1852684020996,-0.00102246595769,-179.533434786753,-0.00001025744986
1274,left road,1274,-2.10500001907349,0.0,7.29999971389771,-2.04999995231628,0.0,0.34999999403954,-2.10500001907349,0.0,7.29999971389771,-1.34908008575439,1.20473492145538,10.1852684020996,-1.88738405704498,0.3468217253685,8.13061714172363,"(-1.887384, 0.346822, 8.130617)",truck body CS,3.2167649269104,0.1,-1.34908008575439,1.20473492145538,10.1852684020996,-0.00102246595769,-179.533434786753,-0.00001025744986
1275,left road,1275,-2.00500011444092,0.0,7.29999971389771,-1.95000004768372,0.0,0.34999999403954,-2.00500011444092,0.0,7.29999971389771,-1.34908008575439,1.20473492145538,10.1852684020996,-1.81623756885529,0.34670189023018,8.13032913208008,"(-1.816238, 0.346702, 8.130329)",truck body CS,3.19474458694458,0.1,-1.34908008575439,1.20473492145538,10.1852684020996,-0.00102246595769,-179.533434786753,-0.00001025744986
1276,left road,1276,-1.90499997138977,0.0,7.29999971389771,-1.85000002384186,0.0,0.34999999403954,-1.90499997138977,0.0,7.29999971389771,-1.34908008575439,1.20473492145538,10.1852684020996,-1.74471116065979,0.34736186265945,8.13191032409668,"(-1.744711, 0.347362, 8.13191)",truck body CS,3.1757218837738,0.1,-1.34908008575439,1.20473492145538,10.1852684020996,-0.00102246595769,-179.533434786753,-0.00001025744986
1277,left road,1277,-1.80499994754791,0.0,7.29999971389771,-1.75,0.0,0.34999999403954,-1.80499994754791,0.0,7.29999971389771,-1.34908008575439,1.20473492145538,10.1852684020996,-1.67042744159698,0.35559767484665,8.15163421630859,"(-1.670427, 0.355598, 8.151634)",truck body CS,3.15975069999695,0.1,-1.34908008575439,1.20473492145538,10.1852684020996,-0.00102246595769,-179.533434786753,-0.00001025744986
1278,left road,1278,-1.70499992370605,0.0,7.29999971389771,-1.64999997615814,0.0,0.34999999403954,-1.70499992370605,0.0,7.29999971389771,-1.34908008575439,1.20473492145538,10.1852684020996,-1.59838426113129,0.36087769269943,8.16427993774414,"(-1.598384, 0.360878, 8.16428)",truck body CS,3.1468780040741,0.1,-1.34908008575439,1.20473492145538,10.1852684020996,-0.00102246595769,-179.533434786753,-0.00001025744986
1279,left road,1279,-1.6049998998642,0.0,7.29999971389771,-1.54999995231628,0.0,0.34999999403954,-1.6049998998642,0.0,7.29999971389771,-1.34908008575439,1.20473492145538,10.1852684020996,-1.52916073799133,0.35701051354408,8.1550178527832,"(-1.529161, 0.357011, 8.155018)",truck body CS,3.13714146614075,0.1,-1.34908008575439,1.20473492145538,10.1852684020996,-0.00102246595769,-179.533434786753,-0.00001025744986
1280,left road,1280,-1.50499999523163,0.0,7.29999971389771,-1.45000004768372,0.0,0.34999999403954,-1.50499999523163,0.0,7.29999971389771,-1.34908008575439,1.20473492145538,10.1852684020996,-1.45929992198944,0.35310772061348,8.14567089080811,"(-1.4593, 0.353108, 8.145671)",truck body CS,3.13057065010071,0.1,-1.34908008575439,1.20473492145538,10.1852684020996,-0.00102246595769,-179.533434786753,-0.00001025744986
1281,left road,1281,-1.40499997138977,0.0,7.29999971389771,-1.35000002384186,0.0,0.34999999403954,-1.40499997138977,0.0,7.29999971389771,-1.34908008575439,1.20473492145538,10.1852684020996,-1.3887927532196,0.34916886687279,8.13623809814453,"(-1.388793, 0.349169, 8.136238)",truck body CS,3.12718558311462,0.1,-1.34908008575439,1.20473492145538,10.1852684020996,-0.00102246595769,-179.533434786753,-0.00001025744986
1282,left road,1282,-1.30499994754791,0.0,7.29999971389771,-1.25,0.0,0.34999999403954,-1.30499994754791,0.0,7.29999971389771,-1.34908008575439,1.20473492145538,10.1852684020996,-1.31768453121185,0.34667652845383,8.13026905059814,"(-1.317685, 0.346677, 8.130269)",truck body CS,3.12699604034424,0.1,-1.34908008575439,1.20473492145538,10.1852684020996,-0.00102246595769,-179.533434786753,-0.00001025744986
1283,left road,1283,-1.20499992370605,0.0,7.29999971389771,-1.14999997615814,0.0,0.34999999403954,-1.20499992370605,0.0,7.29999971389771,-1.34908008575439,1.20473492145538,10.1852684020996,-1.24644136428833,0.34651499986649,8.12988185882568,"(-1.246441, 0.346515, 8.129882)",truck body CS,3.13000321388245,0.1,-1.34908008575439,1.20473492145538,10.1852684020996,-0.00102246595769,-179.533434786753,-0.00001025744986
1284,left road,1284,-1.1049998998642,0.0,7.29999971389771,-1.04999995231628,0.0,0.34999999403954,-1.1049998998642,0.0,7.29999971389771,-1.34908008575439,1.20473492145538,10.1852684020996,-1.17891776561737,0.36484533548355,8.17378234863281,"(-1.178918, 0.364845, 8.173782)",truck body CS,3.13619780540466,0.1,-1.34908008575439,1.20473492145538,10.1852684020996,-0.00102246595769,-179.533434786753,-0.00001025744986
1285,left road,1285,-1.00499999523163,0.0,7.29999971389771,-0.94999998807907,0.0,0.34999999403954,-1.00499999523163,0.0,7.29999971389771,-1.34908008575439,1.20473492145538,10.1852684020996,-1.10805797576904,0.36083912849426,8.16418743133545,"(-1.108058, 0.360839, 8.164187)",truck body CS,3.14556097984314,0.1,-1.34908008575439,1.20473492145538,10.1852684020996,-0.00102246595769,-179.533434786753,-0.00001025744986
1286,left road,1286,-0.90500003099442,0.0,7.29999971389771,-0.85000002384186,0.0,0.34999999403954,-0.90500003099442,0.0,7.29999971389771,-1.34908008575439,1.20473492145538,10.1852684020996,-1.0361065864563,0.35567605495453,8.15182209014893,"(-1.036107, 0.355676, 8.151822)",truck body CS,3.15806412696838,0.1,-1.34908008575439,1.20473492145538,10.1852684020996,-0.00102246595769,-179.533434786753,-0.00001025744986
1287,left road,1287,-0.80500000715256,0.0,7.29999971389771,-0.75,0.0,0.34999999403954,-0.80500000715256,0.0,7.29999971389771,-1.34908008575439,1.20473492145538,10.1852684020996,-0.96505296230316,0.35439902544022,8.14876365661621,"(-0.965053, 0.354399, 8.148764)",truck body CS,3.17367076873779,0.1,-1.34908008575439,1.20473492145538,10.1852684020996,-0.00102246595769,-179.533434786753,-0.00001025744986
1288,left road,1288,-0.7049999833107,0.0,7.29999971389771,-0.64999997615814,0.0,0.34999999403954,-0.7049999833107,0.0,7.29999971389771,-1.34908008575439,1.20473492145538,10.1852684020996,-0.91945153474808,0.40112590789795,8.26067161560059,"(-0.919452, 0.401126, 8.260672)",truck body CS,3.19233465194702,0.1,-1.34908008575439,1.20473492145538,10.1852684020996,-0.00102246595769,-179.533434786753,-0.00001025744986
1289,left road,1289,-0.60500001907349,0.0,7.29999971389771,-0.55000001192093,0.0,0.34999999403954,-0.60500001907349,0.0,7.29999971389771,-1.34908008575439,1.20473492145538,10.1852684020996,-0.88737779855728,0.45719584822655,8.39495658874512,"(-0.887378, 0.457196, 8.394957)",truck body CS,3.21400332450867,0.1,-1.34908008575439,1.20473492145538,10.1852684020996,-0.00102246595769,-179.533434786753,-0.00001025744986
1290,left road,1290,-0.50499999523163,0.0,7.29999971389771,-0.44999998807907,0.0,0.34999999403954,-0.50499999523163,0.0,7.29999971389771,-1.34908008575439,1.20473492145538,10.1852684020996,-1.00230002403259,0.70978432893753,8.99989032745361,"(-1.0023, 0.709784, 8.99989)",truck body CS,3.23861598968506,0.1,-1.34908008575439,1.20473492145538,10.1852684020996,-0.00102246595769,-179.533434786753,-0.00001025744986
1291,left road,1291,-0.40500000119209,0.0,7.29999971389771,-0.34999999403954,0.0,0.34999999403954,-0.40500000119209,0.0,7.29999971389771,-1.34908008575439,1.20473492145538,10.1852684020996,-0.96059930324554,0.7089968919754,8.99800491333008,"(-0.960599, 0.708997, 8.998005)",truck body CS,3.26610612869263,0.1,-1.34908008575439,1.20473492145538,10.1852684020996,-0.00102246595769,-179.533434786753,-0.00001025744986
1292,left road,1292,-0.30500000715256,0.0,7.29999971389771,-0.25,0.0,0.34999999403954,-0.30500000715256,0.0,7.29999971389771,-1.34908008575439,1.20473492145538,10.1852684020996,-0.91876536607742,0.70820665359497,8.99611186981201,"(-0.918765, 0.708207, 8.996112)",truck body CS,3.29640173912048,0.1,-1.34908008575439,1.20473492145538,10.1852684020996,-0.00102246595769,-179.533434786753,-0.00001025744986
1293,left road,1293,-0.20500001311302,0.0,7.29999971389771,-0.15000000596046,0.0,0.34999999403954,-0.20500001311302,0.0,7.29999971389771,-1.34908008575439,1.20473492145538,10.1852684020996,-0.87679797410965,0.70741403102875,8.99421405792236,"(-0.876798, 0.707414, 8.994214)",truck body CS,3.32942652702332,0.1,-1.34908008575439,1.20473492145538,10.1852684020996,-0.00102246595769,-179.533434786753,-0.00001025744986
1294,left road,1294,-0.10500000417233,0.0,7.29999971389771,-0.05000000074506,0.0,0.34999999403954,-0.10500000417233,0.0,7.29999971389771,-1.34908008575439,1.20473492145538,10.1852684020996,-0.84729927778244,0.71882343292236,9.02153873443604,"(-0.847299, 0.718823, 9.021539)",truck body CS,3.36509990692139,0.1,-1.34908008575439,1.20473492145538,10.1852684020996,-0.00102246595769,-179.533434786753,-0.00001025744986
1295,left road,1295,-0.00499999895692,0.0,7.29999971389771,0.05000000074506,0.0,0.34999999403954,-0.00499999895692,0.0,7.29999971389771,-1.34908008575439,1.20473492145538,10.1852684020996,-0.84738671779633,0.75505369901657,9.10830783843994,"(-0.847387, 0.755054, 9.108308)",truck body CS,3.40333843231201,0.1,-1.34908008575439,1.20473492145538,10.1852684020996,-0.00102246595769,-179.533434786753,-0.00001025744986
1296,left road,1296,0.09500000625849,0.0,7.29999971389771,0.15000000596046,0.0,0.34999999403954,0.09500000625849,0.0,7.29999971389771,-1.34908008575439,1.20473492145538,10.1852684020996,-0.84914344549179,0.78765892982483,9.1863956451416,"(-0.849143, 0.787659, 9.186396)",truck body CS,3.44405698776245,0.1,-1.34908008575439,1.20473492145538,10.1852684020996,-0.00102246595769,-179.533434786753,-0.00001025744986
1297,left road,1297,0.19499999284744,0.0,7.29999971389771,0.25,0.0,0.34999999403954,0.19499999284744,0.0,7.29999971389771,-1.34908008575439,1.20473492145538,10.1852684020996,-0.84919482469559,0.81471025943756,9.25118160247803,"(-0.849195, 0.81471, 9.251182)",truck body CS,3.48716855049133,0.1,-1.34908008575439,1.20473492145538,10.1852684020996,-0.00102246595769,-179.533434786753,-0.00001025744986
1298,left road,1298,0.29499998688698,0.0,7.29999971389771,0.34999999403954,0.0,0.34999999403954,0.29499998688698,0.0,7.29999971389771,-1.34908008575439,1.20473492145538,10.1852684020996,-0.8534716963768,0.84156727790833,9.31550216674805,"(-0.853472, 0.841567, 9.315502)",truck body CS,3.53258562088013,0.1,-1.34908008575439,1.20473492145538,10.1852684020996,-0.00102246595769,-179.533434786753,-0.00001025744986
1299,left road,1299,0.39499998092651,0.0,7.29999971389771,0.44999998807907,0.0,0.34999999403954,0.39499998092651,0.0,7.29999971389771,-1.34908008575439,1.20473492145538,10.1852684020996,-0.85675013065338,0.86465471982956,9.37079524993896,"(-0.85675, 0.864655, 9.370795)",truck body CS,3.58022022247314,0.1,-1.34908008575439,1.20473492145538,10.1852684020996,-0.00102246595769,-179.533434786753,-0.00001025744986
1300,left road,1300,0.49500000476837,0.0,7.29999971389771,0.55000001192093,0.0,0.34999999403954,0.49500000476837,0.0,7.29999971389771,-1.34908008575439,1.20473492145538,10.1852684020996,-0.86001390218735,0.88522863388062,9.42006874084473,"(-0.860014, 0.885229, 9.420069)",truck body CS,3.62998533248901,0.1,-1.34908008575439,1.20473492145538,10.1852684020996,-0.00102246595769,-179.533434786753,-0.00001025744986
1301,left road,1301,0.59499996900558,0.0,7.29999971389771,0.64999997615814,0.0,0.34999999403954,0.59499996900558,0.0,7.29999971389771,-1.34908008575439,1.20473492145538,10.1852684020996,-0.86314284801483,0.90360248088837,9.46407318115234,"(-0.863143, 0.903602, 9.464073)",truck body CS,3.68179440498352,0.1,-1.34908008575439,1.20473492145538,10.1852684020996,-0.00102246595769,-179.533434786753,-0.00001025744986
1302,left road,1302,0.69499999284744,0.0,7.29999971389771,0.75,0.0,0.34999999403954,0.69499999284744,0.0,7.29999971389771,-1.34908008575439,1.20473492145538,10.1852684020996,-0.86604744195938,0.92004632949829,9.50345516204834,"(-0.866047, 0.920046, 9.503455)",truck body CS,3.73556208610535,0.1,-1.34908008575439,1.20473492145538,10.1852684020996,-0.00102246595769,-179.533434786753,-0.00001025744986
1303,left road,1303,0.7950000166893,0.0,7.29999971389771,0.85000002384186,0.0,0.34999999403954,0.7950000166893,0.0,7.29999971389771,-1.34908008575439,1.20473492145538,10.1852684020996,-0.86903017759323,0.93500018119812,9.53926849365234,"(-0.86903, 0.935, 9.539268)",truck body CS,3.79120588302612,0.1,-1.34908008575439,1.20473492145538,10.1852684020996,-0.00102246595769,-179.533434786753,-0.00001025744986
1304,left road,1304,0.89499998092651,0.0,7.29999971389771,0.94999998807907,0.0,0.34999999403954,0.89499998092651,0.0,7.29999971389771,-1.34908008575439,1.20473492145538,10.1852684020996,-0.8711998462677,0.94818472862244,9.57084560394287,"(-0.8712, 0.948185, 9.570846)",truck body CS,3.84864354133606,0.1,-1.34908008575439,1.20473492145538,10.1852684020996,-0.00102246595769,-179.533434786753,-0.00001025744986
1305,left road,1305,0.99499994516373,0.0,7.29999971389771,1.04999995231628,0.0,0.34999999403954,0.99499994516373,0.0,7.29999971389771,-1.34908008575439,1.20473492145538,10.1852684020996,-0.8718336224556,0.95945513248444,9.59783744812012,"(-0.871834, 0.959455, 9.597837)",truck body CS,3.90779638290405,0.1,-1.34908008575439,1.20473492145538,10.1852684020996,-0.00102246595769,-179.533434786753,-0.00001025744986
1306,left road,1306,1.09500002861023,0.0,7.29999971389771,1.14999997615814,0.0,0.34999999403954,1.09500002861023,0.0,7.29999971389771,-1.34908008575439,1.20473492145538,10.1852684020996,-0.87248635292053,0.96981251239777,9.62264251708984,"(-0.872486, 0.969813, 9.622643)",truck body CS,3.96858787536621,0.1,-1.34908008575439,1.20473492145538,10.1852684020996,-0.00102246595769,-179.533434786753,-0.00001025744986
1307,left road,1307,1.19500005245209,0.0,7.29999971389771,1.25,0.0,0.34999999403954,1.19500005245209,0.0,7.29999971389771,-1.34908008575439,1.20473492145538,10.1852684020996,-0.8751437664032,0.98030495643616,9.64777088165283,"(-0.875144, 0.980305, 9.647771)",truck body CS,4.03094339370728,0.1,-1.34908008575439,1.20473492145538,10.1852684020996,-0.00102246595769,-179.533434786753,-0.00001025744986
1308,left road,1308,1.29500007629395,0.0,7.29999971389771,1.35000002384186,0.0,0.34999999403954,1.29500007629395,0.0,7.29999971389771,-1.34908008575439,1.20473492145538,10.1852684020996,-0.8839493393898,0.99280512332916,9.67770862579346,"(-0.883949, 0.992805, 9.677709)",truck body CS,4.09479188919067,0.1,-1.34908008575439,1.20473492145538,10.1852684020996,-0.00102246595769,-179.533434786753,-0.00001025744986
1309,left road,1309,1.3950001001358,0.0,7.29999971389771,1.45000004768372,0.0,0.34999999403954,1.3950001001358,0.0,7.29999971389771,-1.34908008575439,1.20473492145538,10.1852684020996,-0.89955812692642,1.00738108158112,9.71261692047119,"(-0.899558, 1.007381, 9.712617)",truck body CS,4.16006469726563,0.1,-1.34908008575439,1.20473492145538,10.1852684020996,-0.00102246595769,-179.533434786753,-0.00001025744986
1310,left road,1310,1.49500000476837,0.0,7.29999971389771,1.54999995231628,0.0,0.34999999403954,1.49500000476837,0.0,7.29999971389771,-1.34908008575439,1.20473492145538,10.1852684020996,-0.91082119941711,1.01909124851227,9.74066162109375,"(-0.910821, 1.019091, 9.740662)",truck body CS,4.22669506072998,0.1,-1.34908008575439,1.20473492145538,10.1852684020996,-0.00102246595769,-179.533434786753,-0.00001025744986
1311,left road,1311,1.59500002861023,0.0,7.29999971389771,1.64999997615814,0.0,0.34999999403954,1.59500002861023,0.0,7.29999971389771,-1.34908008575439,1.20473492145538,10.1852684020996,-0.91998696327209,1.0291473865509,9.76474571228027,"(-0.919987, 1.029147, 9.764746)",truck body CS,4.29462099075317,0.1,-1.34908008575439,1.20473492145538,10.1852684020996,-0.00102246595769,-179.533434786753,-0.00001025744986
1312,left road,1312,1.69500005245209,0.0,7.29999971389771,1.75,0.0,0.34999999403954,1.69500005245209,0.0,7.29999971389771,-1.34908008575439,1.20473492145538,10.1852684020996,-0.92838931083679,1.03824090957642,9.78652477264404,"(-0.928389, 1.038241, 9.786525)",truck body CS,4.36378145217896,0.1,-1.34908008575439,1.20473492145538,10.1852684020996,-0.00102246595769,-179.533434786753,-0.00001025744986
1313,left road,1313,1.79500007629395,0.0,7.29999971389771,1.85000002384186,0.0,0.34999999403954,1.79500007629395,0.0,7.29999971389771,-1.34908008575439,1.20473492145538,10.1852684020996,-0.94429916143417,1.04963266849518,9.81380653381348,"(-0.944299, 1.049633, 9.813807)",truck body CS,4.43411779403687,0.1,-1.34908008575439,1.20473492145538,10.1852684020996,-0.00102246595769,-179.533434786753,-0.00001025744986
1314,left road,1314,1.8950001001358,0.0,7.29999971389771,1.95000004768372,0.0,0.34999999403954,1.8950001001358,0.0,7.29999971389771,-1.34908008575439,1.20473492145538,10.1852684020996,-0.94074904918671,1.05309534072876,9.82209968566895,"(-0.940749, 1.053095, 9.8221)",truck body CS,4.50557613372803,0.1,-1.34908008575439,1.20473492145538,10.1852684020996,-0.00102246595769,-179.533434786753,-0.00001025744986
1315,left road,1315,1.99500000476837,0.0,7.29999971389771,2.04999995231628,0.0,0.34999999403954,1.99500000476837,0.0,7.29999971389771,-1.34908008575439,1.20473492145538,10.1852684020996,-0.94212067127228,1.05812406539917,9.83414363861084,"(-0.942121, 1.058124, 9.834144)",truck body CS,4.57810354232788,0.1,-1.34908008575439,1.20473492145538,10.1852684020996,-0.00102246595769,-179.533434786753,-0.00001025744986
1316,left road,1316,2.09500002861023,0.0,7.29999971389771,2.15000009536743,0.0,0.34999999403954,2.09500002861023,0.0,7.29999971389771,-1.34908008575439,1.20473492145538,10.1852684020996,-0.94400316476822,1.06303954124451,9.84591579437256,"(-0.944003, 1.06304, 9.845916)",truck body CS,4.65165042877197,0.1,-1.34908008575439,1.20473492145538,10.1852684020996,-0.00102246595769,-179.533434786753,-0.00001025744986
1317,left road,1317,2.1949999332428,0.0,7.29999971389771,2.25,0.0,0.34999999403954,2.1949999332428,0.0,7.29999971389771,-1.34908008575439,1.20473492145538,10.1852684020996,-0.94576346874237,1.06763577461243,9.85692405700684,"(-0.945763, 1.067636, 9.856924)",truck body CS,4.72616815567017,0.1,-1.34908008575439,1.20473492145538,10.1852684020996,-0.00102246595769,-179.533434786753,-0.00001025744986
1318,left road,1318,2.29499983787537,0.0,7.29999971389771,2.34999990463257,0.0,0.34999999403954,2.29499983787537,0.0,7.29999971389771,-1.34908008575439,1.20473492145538,10.1852684020996,-0.94748884439468,1.07196855545044,9.86730003356934,"(-0.947489, 1.071969, 9.8673)",truck body CS,4.80161237716675,0.1,-1.34908008575439,1.20473492145538,10.1852684020996,-0.00102246595769,-179.533434786753,-0.00001025744986
1319,left road,1319,2.39499998092651,0.0,7.29999971389771,2.45000004768372,0.0,0.34999999403954,2.39499998092651,0.0,7.29999971389771,-1.34908008575439,1.20473492145538,10.1852684020996,-0.94912147521973,1.07603979110718,9.87705039978027,"(-0.949121, 1.07604, 9.87705)",truck body CS,4.87793970108032,0.1,-1.34908008575439,1.20473492145538,10.1852684020996,-0.00102246595769,-179.533434786753,-0.00001025744986
1320,left road,1320,2.49499988555908,0.0,7.29999971389771,2.54999995231628,0.0,0.34999999403954,2.49499988555908,0.0,7.29999971389771,-1.34908008575439,1.20473492145538,10.1852684020996,-0.95184701681137,1.08024191856384,9.88711452484131,"(-0.951847, 1.080242, 9.887115)",truck body CS,4.95510959625244,0.1,-1.34908008575439,1.20473492145538,10.1852684020996,-0.00102246595769,-179.533434786753,-0.00001025744986
1321,left road,1321,2.59500002861023,0.0,7.29999971389771,2.65000009536743,0.0,0.34999999403954,2.59500002861023,0.0,7.29999971389771,-1.34908008575439,1.20473492145538,10.1852684020996,-0.95191079378128,1.08341789245605,9.89472103118896,"(-0.951911, 1.083418, 9.894721)",truck body CS,5.03308343887329,0.1,-1.34908008575439,1.20473492145538,10.1852684020996,-0.00102246595769,-179.533434786753,-0.00001025744986
1322,left road,1322,2.6949999332428,0.0,7.29999971389771,2.75,0.0,0.34999999403954,2.6949999332428,0.0,7.29999971389771,-1.34908008575439,1.20473492145538,10.1852684020996,-0.95323890447617,1.08681344985962,9.90285301208496,"(-0.953239, 1.086813, 9.902853)",truck body CS,5.11182403564453,0.1,-1.34908008575439,1.20473492145538,10.1852684020996,-0.00102246595769,-179.533434786753,-0.00001025744986
1323,left road,1323,2.79499983787537,0.0,7.29999971389771,2.84999990463257,0.0,0.34999999403954,2.79499983787537,0.0,7.29999971389771,-1.34908008575439,1.20473492145538,10.1852684020996,-0.9544939994812,1.09002375602722,9.91054153442383,"(-0.954494, 1.090024, 9.910542)",truck body CS,5.19129657745361,0.1,-1.34908008575439,1.20473492145538,10.1852684020996,-0.00102246595769,-179.533434786753,-0.00001025744986
1324,left road,1324,2.89499998092651,0.0,7.29999971389771,2.95000004768372,0.0,0.34999999403954,2.89499998092651,0.0,7.29999971389771,-1.34908008575439,1.20473492145538,10.1852684020996,-0.95568197965622,1.09306383132935,9.91782188415527,"(-0.955682, 1.093064, 9.917822)",truck body CS,5.27146816253662,0.1,-1.34908008575439,1.20473492145538,10.1852684020996,-0.00102246595769,-179.533434786753,-0.00001025744986
1325,left road,1325,2.99499988555908,0.0,7.29999971389771,3.04999995231628,0.0,0.34999999403954,2.99499988555908,0.0,7.29999971389771,-1.34908008575439,1.20473492145538,10.1852684020996,-0.95680940151215,1.09594714641571,9.92472743988037,"(-0.956809, 1.095947, 9.924727)",truck body CS,5.35230731964111,0.1,-1.34908008575439,1.20473492145538,10.1852684020996,-0.00102246595769,-179.533434786753,-0.00001025744986
1326,left road,1326,3.09500002861023,0.0,7.29999971389771,3.15000009536743,0.0,0.34999999403954,3.09500002861023,0.0,7.29999971389771,-1.34908008575439,1.20473492145538,10.1852684020996,-0.95787996053696,1.09868550300598,9.93128490447998,"(-0.95788, 1.098686, 9.931285)",truck body CS,5.43378400802612,0.1,-1.34908008575439,1.20473492145538,10.1852684020996,-0.00102246595769,-179.533434786753,-0.00001025744986
1327,left road,1327,3.1949999332428,0.0,7.29999971389771,3.25,0.0,0.34999999403954,3.1949999332428,0.0,7.29999971389771,-1.34908008575439,1.20473492145538,10.1852684020996,-0.95875364542007,1.10125088691711,9.93742942810059,"(-0.958754, 1.101251, 9.937429)",truck body CS,5.51587009429932,0.1,-1.34908008575439,1.20473492145538,10.1852684020996,-0.00102246595769,-179.533434786753,-0.00001025744986
1328,left road,1328,3.29499983787537,0.0,7.29999971389771,3.34999990463257,0.0,0.34999999403954,3.29499983787537,0.0,7.29999971389771,-1.34908008575439,1.20473492145538,10.1852684020996,-0.95958369970322,1.10369443893433,9.94328117370605,"(-0.959584, 1.103694, 9.943281)",truck body CS,5.59853935241699,0.1,-1.34908008575439,1.20473492145538,10.1852684020996,-0.00102246595769,-179.533434786753,-0.00001025744986
1329,left road,1329,3.39499998092651,0.0,7.29999971389771,3.45000004768372,0.0,0.34999999403954,3.39499998092651,0.0,7.29999971389771,-1.34908008575439,1.20473492145538,10.1852684020996,-0.96037650108337,1.10602557659149,9.94886493682861,"(-0.960377, 1.106026, 9.948865)",truck body CS,5.68176507949829,0.1,-1.34908008575439,1.20473492145538,10.1852684020996,-0.00102246595769,-179.533434786753,-0.00001025744986
1330,left road,1330,-3.50500011444092,0.0,7.39999961853027,-3.45000004768372,0.0,0.44999998807907,-3.50500011444092,0.0,7.39999961853027,-1.34908008575439,1.20473492145538,10.1852684020996,-2.35424947738647,0.6430429816246,8.88667297363281,"(-2.354249, 0.643043, 8.886673)",truck body CS,3.7225124835968,0.1,-1.34908008575439,1.20473492145538,10.1852684020996,-0.00102246595769,-179.533434786753,-0.00001025744986
1331,left road,1331,-3.40499997138977,0.0,7.39999961853027,-3.34999990463257,0.0,0.44999998807907,-3.40499997138977,0.0,7.39999961853027,-1.34908008575439,1.20473492145538,10.1852684020996,-2.35476875305176,0.61541783809662,8.82280540466309,"(-2.354769, 0.615418, 8.822805)",truck body CS,3.66550326347351,0.1,-1.34908008575439,1.20473492145538,10.1852684020996,-0.00102246595769,-179.533434786753,-0.00001025744986
1332,left road,1332,-3.3050000667572,0.0,7.39999961853027,-3.25,0.0,0.44999998807907,-3.3050000667572,0.0,7.39999961853027,-1.34908008575439,1.20473492145538,10.1852684020996,-2.60616612434387,0.4304416179657,8.39515209197998,"(-2.606166, 0.430442, 8.395152)",truck body CS,3.61036443710327,0.1,-1.34908008575439,1.20473492145538,10.1852684020996,-0.00102246595769,-179.533434786753,-0.00001025744986
1333,left road,1333,-3.20500016212463,0.0,7.39999961853027,-3.15000009536743,0.0,0.44999998807907,-3.20500016212463,0.0,7.39999961853027,-1.34908008575439,1.20473492145538,10.1852684020996,-2.59061789512634,0.39881443977356,8.32203197479248,"(-2.590618, 0.398814, 8.322032)",truck body CS,3.5571825504303,0.1,-1.34908008575439,1.20473492145538,10.1852684020996,-0.00102246595769,-179.533434786753,-0.00001025744986
1334,left road,1334,-3.10500001907349,0.0,7.39999961853027,-3.04999995231628,0.0,0.44999998807907,-3.10500001907349,0.0,7.39999961853027,-1.34908008575439,1.20473492145538,10.1852684020996,-2.57644987106323,0.36263763904572,8.23839378356934,"(-2.57645, 0.362638, 8.238394)",truck body CS,3.50604677200317,0.1,-1.34908008575439,1.20473492145538,10.1852684020996,-0.00102246595769,-179.533434786753,-0.00001025744986
1335,left road,1335,-3.00500011444092,0.0,7.39999961853027,-2.95000004768372,0.0,0.44999998807907,-3.00500011444092,0.0,7.39999961853027,-1.34908008575439,1.20473492145538,10.1852684020996,-2.52645301818848,0.34815835952759,8.20491886138916,"(-2.526453, 0.348158, 8.204919)",truck body CS,3.45704770088196,0.1,-1.34908008575439,1.20473492145538,10.1852684020996,-0.00102246595769,-179.533434786753,-0.00001025744986
1336,left road,1336,-2.90499997138977,0.0,7.39999961853027,-2.84999990463257,0.0,0.44999998807907,-2.90499997138977,0.0,7.39999961853027,-1.34908008575439,1.20473492145538,10.1852684020996,-2.45622944831848,0.3474788069725,8.20334720611572,"(-2.456229, 0.347479, 8.203347)",truck body CS,3.41027784347534,0.1,-1.34908008575439,1.20473492145538,10.1852684020996,-0.00102246595769,-179.533434786753,-0.00001025744986
1337,left road,1337,-2.8050000667572,0.0,7.39999961853027,-2.75,0.0,0.44999998807907,-2.8050000667572,0.0,7.39999961853027,-1.34908008575439,1.20473492145538,10.1852684020996,-2.38871598243713,0.34446373581886,8.19637680053711,"(-2.388716, 0.344464, 8.196377)",truck body CS,3.3658299446106,0.1,-1.34908008575439,1.20473492145538,10.1852684020996,-0.00102246595769,-179.533434786753,-0.00001025744986
1338,left road,1338,-2.70500016212463,0.0,7.39999961853027,-2.65000009536743,0.0,0.44999998807907,-2.70500016212463,0.0,7.39999961853027,-1.34908008575439,1.20473492145538,10.1852684020996,-2.32072615623474,0.34142744541168,8.18935680389404,"(-2.320726, 0.341427, 8.189357)",truck body CS,3.32379722595215,0.1,-1.34908008575439,1.20473492145538,10.1852684020996,-0.00102246595769,-179.533434786753,-0.00001025744986
1339,left road,1339,-2.60500001907349,0.0,7.39999961853027,-2.54999995231628,0.0,0.44999998807907,-2.60500001907349,0.0,7.39999961853027,-1.34908008575439,1.20473492145538,10.1852684020996,-2.24933862686157,0.34116613864899,8.18875312805176,"(-2.249339, 0.341166, 8.188753)",truck body CS,3.28427219390869,0.1,-1.34908008575439,1.20473492145538,10.1852684020996,-0.00102246595769,-179.533434786753,-0.00001025744986
1340,left road,1340,-2.50500011444092,0.0,7.39999961853027,-2.45000004768372,0.0,0.44999998807907,-2.50500011444092,0.0,7.39999961853027,-1.34908008575439,1.20473492145538,10.1852684020996,-2.17759561538696,0.34123075008392,8.18890190124512,"(-2.177596, 0.341231, 8.188902)",truck body CS,3.24734663963318,0.1,-1.34908008575439,1.20473492145538,10.1852684020996,-0.00102246595769,-179.533434786753,-0.00001025744986
1341,left road,1341,-2.40499997138977,0.0,7.39999961853027,-2.34999990463257,0.0,0.44999998807907,-2.40499997138977,0.0,7.39999961853027,-1.34908008575439,1.20473492145538,10.1852684020996,-2.10586333274841,0.34129512310028,8.18905067443848,"(-2.105863, 0.341295, 8.189051)",truck body CS,3.21310997009277,0.1,-1.34908008575439,1.20473492145538,10.1852684020996,-0.00102246595769,-179.533434786753,-0.00001025744986
1342,left road,1342,-2.3050000667572,0.0,7.39999961853027,-2.25,0.0,0.44999998807907,-2.3050000667572,0.0,7.39999961853027,-1.34908008575439,1.20473492145538,10.1852684020996,-2.03423595428467,0.34124076366425,8.18892478942871,"(-2.034236, 0.341241, 8.188925)",truck body CS,3.18164920806885,0.1,-1.34908008575439,1.20473492145538,10.1852684020996,-0.00102246595769,-179.533434786753,-0.00001025744986
1343,left road,1343,-2.20500016212463,0.0,7.39999961853027,-2.15000009536743,0.0,0.44999998807907,-2.20500016212463,0.0,7.39999961853027,-1.34908008575439,1.20473492145538,10.1852684020996,-1.96264731884003,0.34111931920052,8.18864440917969,"(-1.962647, 0.341119, 8.188644)",truck body CS,3.15304732322693,0.1,-1.34908008575439,1.20473492145538,10.1852684020996,-0.00102246595769,-179.533434786753,-0.00001025744986
1344,left road,1344,-2.10500001907349,0.0,7.39999961853027,-2.04999995231628,0.0,0.44999998807907,-2.10500001907349,0.0,7.39999961853027,-1.34908008575439,1.20473492145538,10.1852684020996,-1.89103817939758,0.3409980237484,8.18836402893066,"(-1.891038, 0.340998, 8.188364)",truck body CS,3.12738275527954,0.1,-1.34908008575439,1.20473492145538,10.1852684020996,-0.00102246595769,-179.533434786753,-0.00001025744986
1345,left road,1345,-2.00500011444092,0.0,7.39999961853027,-1.95000004768372,0.0,0.44999998807907,-2.00500011444092,0.0,7.39999961853027,-1.34908008575439,1.20473492145538,10.1852684020996,-1.81940913200378,0.34087660908699,8.18808364868164,"(-1.819409, 0.340877, 8.188084)",truck body CS,3.10472846031189,0.1,-1.34908008575439,1.20473492145538,10.1852684020996,-0.00102246595769,-179.533434786753,-0.00001025744986
1346,left road,1346,-1.90499997138977,0.0,7.39999961853027,-1.85000002384186,0.0,0.44999998807907,-1.90499997138977,0.0,7.39999961853027,-1.34908008575439,1.20473492145538,10.1852684020996,-1.74757158756256,0.34116315841675,8.18874549865723,"(-1.747572, 0.341163, 8.188745)",truck body CS,3.08515095710754,0.1,-1.34908008575439,1.20473492145538,10.1852684020996,-0.00102246595769,-179.533434786753,-0.00001025744986
1347,left road,1347,-1.80499994754791,0.0,7.39999961853027,-1.75,0.0,0.44999998807907,-1.80499994754791,0.0,7.39999961853027,-1.34908008575439,1.20473492145538,10.1852684020996,-1.6727283000946,0.34951788187027,8.20806217193604,"(-1.672728, 0.349518, 8.208062)",truck body CS,3.0687084197998,0.1,-1.34908008575439,1.20473492145538,10.1852684020996,-0.00102246595769,-179.533434786753,-0.00001025744986
1348,left road,1348,-1.70499992370605,0.0,7.39999961853027,-1.64999997615814,0.0,0.44999998807907,-1.70499992370605,0.0,7.39999961853027,-1.34908008575439,1.20473492145538,10.1852684020996,-1.60140526294708,0.35065180063248,8.21068286895752,"(-1.601405, 0.350652, 8.210683)",truck body CS,3.05545210838318,0.1,-1.34908008575439,1.20473492145538,10.1852684020996,-0.00102246595769,-179.533434786753,-0.00001025744986
1349,left road,1349,-1.6049998998642,0.0,7.39999961853027,-1.54999995231628,0.0,0.44999998807907,-1.6049998998642,0.0,7.39999961853027,-1.34908008575439,1.20473492145538,10.1852684020996,-1.53135311603546,0.34669017791748,8.20152378082275,"(-1.531353, 0.34669, 8.201524)",truck body CS,3.04542350769043,0.1,-1.34908008575439,1.20473492145538,10.1852684020996,-0.00102246595769,-179.533434786753,-0.00001025744986
1350,left road,1350,-1.50499999523163,0.0,7.39999961853027,-1.45000004768372,0.0,0.44999998807907,-1.50499999523163,0.0,7.39999961853027,-1.34908008575439,1.20473492145538,10.1852684020996,-1.46064794063568,0.34269154071808,8.19227981567383,"(-1.460648, 0.342692, 8.19228)",truck body CS,3.03865432739258,0.1,-1.34908008575439,1.20473492145538,10.1852684020996,-0.00102246595769,-179.533434786753,-0.00001025744986
1351,left road,1351,-1.40499997138977,0.0,7.39999961853027,-1.35000002384186,0.0,0.44999998807907,-1.40499997138977,0.0,7.39999961853027,-1.34908008575439,1.20473492145538,10.1852684020996,-1.38918173313141,0.34078770875931,8.18787860870361,"(-1.389182, 0.340788, 8.187879)",truck body CS,3.0351665019989,0.1,-1.34908008575439,1.20473492145538,10.1852684020996,-0.00102246595769,-179.533434786753,-0.00001025744986
1352,left road,1352,-1.30499994754791,0.0,7.39999961853027,-1.25,0.0,0.44999998807907,-1.30499994754791,0.0,7.39999961853027,-1.34908008575439,1.20473492145538,10.1852684020996,-1.31746304035187,0.34062397480011,8.18749904632568,"(-1.317463, 0.340624, 8.187499)",truck body CS,3.0349714756012,0.1,-1.34908008575439,1.20473492145538,10.1852684020996,-0.00102246595769,-179.533434786753,-0.00001025744986
1353,left road,1353,-1.20499992370605,0.0,7.39999961853027,-1.14999997615814,0.0,0.44999998807907,-1.20499992370605,0.0,7.39999961853027,-1.34908008575439,1.20473492145538,10.1852684020996,-1.24571716785431,0.34046015143394,8.18712043762207,"(-1.245717, 0.34046, 8.18712)",truck body CS,3.03806972503662,0.1,-1.34908008575439,1.20473492145538,10.1852684020996,-0.00102246595769,-179.533434786753,-0.00001025744986
1354,left road,1354,-1.1049998998642,0.0,7.39999961853027,-1.04999995231628,0.0,0.44999998807907,-1.1049998998642,0.0,7.39999961853027,-1.34908008575439,1.20473492145538,10.1852684020996,-1.17604148387909,0.35064846277237,8.21067523956299,"(-1.176041, 0.350648, 8.210675)",truck body CS,3.04445123672485,0.1,-1.34908008575439,1.20473492145538,10.1852684020996,-0.00102246595769,-179.533434786753,-0.00001025744986
1355,left road,1355,-1.00499999523163,0.0,7.39999961853027,-0.94999998807907,0.0,0.44999998807907,-1.00499999523163,0.0,7.39999961853027,-1.34908008575439,1.20473492145538,10.1852684020996,-1.10531222820282,0.35122540593147,8.21200942993164,"(-1.105312, 0.351225, 8.212009)",truck body CS,3.05409550666809,0.1,-1.34908008575439,1.20473492145538,10.1852684020996,-0.00102246595769,-179.533434786753,-0.00001025744986
1356,left road,1356,-0.90500003099442,0.0,7.39999961853027,-0.85000002384186,0.0,0.44999998807907,-0.90500003099442,0.0,7.39999961853027,-1.34908008575439,1.20473492145538,10.1852684020996,-1.03277206420898,0.34662976861,8.20138454437256,"(-1.032772, 0.34663, 8.201385)",truck body CS,3.06697177886963,0.1,-1.34908008575439,1.20473492145538,10.1852684020996,-0.00102246595769,-179.533434786753,-0.00001025744986
1357,left road,1357,-0.80500000715256,0.0,7.39999961853027,-0.75,0.0,0.44999998807907,-0.80500000715256,0.0,7.39999961853027,-1.34908008575439,1.20473492145538,10.1852684020996,-0.96164345741272,0.34684950113297,8.20189189910889,"(-0.961643, 0.34685, 8.201892)",truck body CS,3.08303928375244,0.1,-1.34908008575439,1.20473492145538,10.1852684020996,-0.00102246595769,-179.533434786753,-0.00001025744986
1358,left road,1358,-0.7049999833107,0.0,7.39999961853027,-0.64999997615814,0.0,0.44999998807907,-0.7049999833107,0.0,7.39999961853027,-1.34908008575439,1.20473492145538,10.1852684020996,-0.91176038980484,0.38673987984657,8.29411697387695,"(-0.91176, 0.38674, 8.294117)",truck body CS,3.10224890708923,0.1,-1.34908008575439,1.20473492145538,10.1852684020996,-0.00102246595769,-179.533434786753,-0.00001025744986
1359,left road,1359,-0.60500001907349,0.0,7.39999961853027,-0.55000001192093,0.0,0.44999998807907,-0.60500001907349,0.0,7.39999961853027,-1.34908008575439,1.20473492145538,10.1852684020996,-1.03669953346252,0.69896179437637,9.01595306396484,"(-1.0367, 0.698962, 9.015953)",truck body CS,3.12454223632813,0.1,-1.34908008575439,1.20473492145538,10.1852684020996,-0.00102246595769,-179.533434786753,-0.00001025744986
1360,left road,1360,-0.50499999523163,0.0,7.39999961853027,-0.44999998807907,0.0,0.44999998807907,-0.50499999523163,0.0,7.39999961853027,-1.34908008575439,1.20473492145538,10.1852684020996,-0.99414134025574,0.6981395483017,9.01405239105225,"(-0.994141, 0.69814, 9.014052)",truck body CS,3.14985394477844,0.1,-1.34908008575439,1.20473492145538,10.1852684020996,-0.00102246595769,-179.533434786753,-0.00001025744986
1361,left road,1361,-0.40500000119209,0.0,7.39999961853027,-0.34999999403954,0.0,0.44999998807907,-0.40500000119209,0.0,7.39999961853027,-1.34908008575439,1.20473492145538,10.1852684020996,-0.95144426822662,0.69731420278549,9.01214408874512,"(-0.951444, 0.697314, 9.012144)",truck body CS,3.1781120300293,0.1,-1.34908008575439,1.20473492145538,10.1852684020996,-0.00102246595769,-179.533434786753,-0.00001025744986
1362,left road,1362,-0.30500000715256,0.0,7.39999961853027,-0.25,0.0,0.44999998807907,-0.30500000715256,0.0,7.39999961853027,-1.34908008575439,1.20473492145538,10.1852684020996,-0.90860795974731,0.69648635387421,9.01023006439209,"(-0.908608, 0.696486, 9.01023)",truck body CS,3.20923852920532,0.1,-1.34908008575439,1.20473492145538,10.1852684020996,-0.00102246595769,-179.533434786753,-0.00001025744986
1363,left road,1363,-0.20500001311302,0.0,7.39999961853027,-0.15000000596046,0.0,0.44999998807907,-0.20500001311302,0.0,7.39999961853027,-1.34908008575439,1.20473492145538,10.1852684020996,-0.86563175916672,0.6956559419632,9.00831031799316,"(-0.865632, 0.695656, 9.00831)",truck body CS,3.24315094947815,0.1,-1.34908008575439,1.20473492145538,10.1852684020996,-0.00102246595769,-179.533434786753,-0.00001025744986
1364,left road,1364,-0.10500000417233,0.0,7.39999961853027,-0.05000000074506,0.0,0.44999998807907,-0.10500000417233,0.0,7.39999961853027,-1.34908008575439,1.20473492145538,10.1852684020996,-0.84837514162064,0.71986520290375,9.06428050994873,"(-0.848375, 0.719865, 9.064281)",truck body CS,3.27976274490356,0.1,-1.34908008575439,1.20473492145538,10.1852684020996,-0.00102246595769,-179.533434786753,-0.00001025744986
1365,left road,1365,-0.00499999895692,0.0,7.39999961853027,0.05000000074506,0.0,0.44999998807907,-0.00499999895692,0.0,7.39999961853027,-1.34908008575439,1.20473492145538,10.1852684020996,-0.84751480817795,0.75516849756241,9.14589881896973,"(-0.847515, 0.755168, 9.145899)",truck body CS,3.31898474693298,0.1,-1.34908008575439,1.20473492145538,10.1852684020996,-0.00102246595769,-179.533434786753,-0.00001025744986
1366,left road,1366,0.09500000625849,0.0,7.39999961853027,0.15000000596046,0.0,0.44999998807907,0.09500000625849,0.0,7.39999961853027,-1.34908008575439,1.20473492145538,10.1852684020996,-0.84857159852982,0.7871817946434,9.2199125289917,"(-0.848572, 0.787182, 9.219913)",truck body CS,3.36072540283203,0.1,-1.34908008575439,1.20473492145538,10.1852684020996,-0.00102246595769,-179.533434786753,-0.00001025744986
1367,left road,1367,0.19499999284744,0.0,7.39999961853027,0.25,0.0,0.44999998807907,0.19499999284744,0.0,7.39999961853027,-1.34908008575439,1.20473492145538,10.1852684020996,-0.8486767411232,0.81430608034134,9.28262138366699,"(-0.848677, 0.814306, 9.282621)",truck body CS,3.4048924446106,0.1,-1.34908008575439,1.20473492145538,10.1852684020996,-0.00102246595769,-179.533434786753,-0.00001025744986
1368,left road,1368,0.29499998688698,0.0,7.39999961853027,0.34999999403954,0.0,0.44999998807907,0.29499998688698,0.0,7.39999961853027,-1.34908008575439,1.20473492145538,10.1852684020996,-0.85272836685181,0.84102261066437,9.34438800811768,"(-0.852728, 0.841023, 9.344388)",truck body CS,3.45139217376709,0.1,-1.34908008575439,1.20473492145538,10.1852684020996,-0.00102246595769,-179.533434786753,-0.00001025744986
1369,left road,1369,0.39499998092651,0.0,7.39999961853027,0.44999998807907,0.0,0.44999998807907,0.39499998092651,0.0,7.39999961853027,-1.34908008575439,1.20473492145538,10.1852684020996,-0.85638517141342,0.8644026517868,9.39844131469727,"(-0.856385, 0.864403, 9.398441)",truck body CS,3.50013184547424,0.1,-1.34908008575439,1.20473492145538,10.1852684020996,-0.00102246595769,-179.533434786753,-0.00001025744986
1370,left road,1370,0.49500000476837,0.0,7.39999961853027,0.55000001192093,0.0,0.44999998807907,0.49500000476837,0.0,7.39999961853027,-1.34908008575439,1.20473492145538,10.1852684020996,-0.85960894823074,0.8849641084671,9.44597816467285,"(-0.859609, 0.884964, 9.445978)",truck body CS,3.55101943016052,0.1,-1.34908008575439,1.20473492145538,10.1852684020996,-0.00102246595769,-179.533434786753,-0.00001025744986
1371,left road,1371,0.59499996900558,0.0,7.39999961853027,0.64999997615814,0.0,0.44999998807907,0.59499996900558,0.0,7.39999961853027,-1.34908008575439,1.20473492145538,10.1852684020996,-0.86277782917023,0.9033762216568,9.48854637145996,"(-0.862778, 0.903376, 9.488546)",truck body CS,3.60396385192871,0.1,-1.34908008575439,1.20473492145538,10.1852684020996,-0.00102246595769,-179.533434786753,-0.00001025744986
1372,left road,1372,0.69499999284744,0.0,7.39999961853027,0.75,0.0,0.44999998807907,0.69499999284744,0.0,7.39999961853027,-1.34908008575439,1.20473492145538,10.1852684020996,-0.8658954501152,0.91995668411255,9.52687931060791,"(-0.865895, 0.919957, 9.526879)",truck body CS,3.65887570381165,0.1,-1.34908008575439,1.20473492145538,10.1852684020996,-0.00102246595769,-179.533434786753,-0.00001025744986
1373,left road,1373,0.7950000166893,0.0,7.39999961853027,0.85000002384186,0.0,0.44999998807907,0.7950000166893,0.0,7.39999961853027,-1.34908008575439,1.20473492145538,10.1852684020996,-0.86897087097168,0.93496668338776,9.5615816116333,"(-0.868971, 0.934967, 9.561582)",truck body CS,3.71566796302795,0.1,-1.34908008575439,1.20473492145538,10.1852684020996,-0.00102246595769,-179.533434786753,-0.00001025744986
1374,left road,1374,0.89499998092651,0.0,7.39999961853027,0.94999998807907,0.0,0.44999998807907,0.89499998092651,0.0,7.39999961853027,-1.34908008575439,1.20473492145538,10.1852684020996,-0.87114197015762,0.94815367460251,9.59206867218018,"(-0.871142, 0.948154, 9.592069)",truck body CS,3.7742555141449,0.1,-1.34908008575439,1.20473492145538,10.1852684020996,-0.00102246595769,-179.533434786753,-0.00001025744986
1375,left road,1375,0.99499994516373,0.0,7.39999961853027,1.04999995231628,0.0,0.44999998807907,0.99499994516373,0.0,7.39999961853027,-1.34908008575439,1.20473492145538,10.1852684020996,-0.87177866697311,0.95942687988281,9.61813163757324,"(-0.871779, 0.959427, 9.618132)",truck body CS,3.83455586433411,0.1,-1.34908008575439,1.20473492145538,10.1852684020996,-0.00102246595769,-179.533434786753,-0.00001025744986
1376,left road,1376,1.09500002861023,0.0,7.39999961853027,1.14999997615814,0.0,0.44999998807907,1.09500002861023,0.0,7.39999961853027,-1.34908008575439,1.20473492145538,10.1852684020996,-0.87236171960831,0.969751060009,9.64200019836426,"(-0.872362, 0.969751, 9.642)",truck body CS,3.89649033546448,0.1,-1.34908008575439,1.20473492145538,10.1852684020996,-0.00102246595769,-179.533434786753,-0.00001025744986
1377,left road,1377,1.19500005245209,0.0,7.39999961853027,1.25,0.0,0.44999998807907,1.19500005245209,0.0,7.39999961853027,-1.34908008575439,1.20473492145538,10.1852684020996,-0.87501537799835,0.9802440404892,9.666259765625,"(-0.875015, 0.980244, 9.66626)",truck body CS,3.9599814414978,0.1,-1.34908008575439,1.20473492145538,10.1852684020996,-0.00102246595769,-179.533434786753,-0.00001025744986
1378,left road,1378,1.29500007629395,0.0,7.39999961853027,1.35000002384186,0.0,0.44999998807907,1.29500007629395,0.0,7.39999961853027,-1.34908008575439,1.20473492145538,10.1852684020996,-0.88440084457397,0.99301087856293,9.69577503204346,"(-0.884401, 0.993011, 9.695775)",truck body CS,4.02495574951172,0.1,-1.34908008575439,1.20473492145538,10.1852684020996,-0.00102246595769,-179.533434786753,-0.00001025744986
1379,left road,1379,1.3950001001358,0.0,7.39999961853027,1.45000004768372,0.0,0.44999998807907,1.3950001001358,0.0,7.39999961853027,-1.34908008575439,1.20473492145538,10.1852684020996,-0.89988887310028,1.0075261592865,9.72933387756348,"(-0.899889, 1.007526, 9.729334)",truck body CS,4.09134244918823,0.1,-1.34908008575439,1.20473492145538,10.1852684020996,-0.00102246595769,-179.533434786753,-0.00001025744986
1380,left road,1380,1.49500000476837,0.0,7.39999961853027,1.54999995231628,0.0,0.44999998807907,1.49500000476837,0.0,7.39999961853027,-1.34908008575439,1.20473492145538,10.1852684020996,-0.91102308034897,1.01917672157288,9.75626945495605,"(-0.911023, 1.019177, 9.756269)",truck body CS,4.15907430648804,0.1,-1.34908008575439,1.20473492145538,10.1852684020996,-0.00102246595769,-179.533434786753,-0.00001025744986
1381,left road,1381,1.59500002861023,0.0,7.39999961853027,1.64999997615814,0.0,0.44999998807907,1.59500002861023,0.0,7.39999961853027,-1.34908008575439,1.20473492145538,10.1852684020996,-0.92025548219681,1.02925705909729,9.77957439422607,"(-0.920255, 1.029257, 9.779574)",truck body CS,4.22808647155762,0.1,-1.34908008575439,1.20473492145538,10.1852684020996,-0.00102246595769,-179.533434786753,-0.00001025744986
1382,left road,1382,1.69500005245209,0.0,7.39999961853027,1.75,0.0,0.44999998807907,1.69500005245209,0.0,7.39999961853027,-1.34908008575439,1.20473492145538,10.1852684020996,-0.92866837978363,1.03835129737854,9.80060005187988,"(-0.928668, 1.038351, 9.8006)",truck body CS,4.29831743240356,0.1,-1.34908008575439,1.20473492145538,10.1852684020996,-0.00102246595769,-179.533434786753,-0.00001025744986
1383,left road,1383,1.79500007629395,0.0,7.39999961853027,1.85000002384186,0.0,0.44999998807907,1.79500007629395,0.0,7.39999961853027,-1.34908008575439,1.20473492145538,10.1852684020996,-0.94400906562805,1.04952144622803,9.82642459869385,"(-0.944009, 1.049521, 9.826425)",truck body CS,4.36970806121826,0.1,-1.34908008575439,1.20473492145538,10.1852684020996,-0.00102246595769,-179.533434786753,-0.00001025744986
1384,left road,1384,1.8950001001358,0.0,7.39999961853027,1.95000004768372,0.0,0.44999998807907,1.8950001001358,0.0,7.39999961853027,-1.34908008575439,1.20473492145538,10.1852684020996,-0.94064122438431,1.05305528640747,9.8345947265625,"(-0.940641, 1.053055, 9.834595)",truck body CS,4.4422025680542,0.1,-1.34908008575439,1.20473492145538,10.1852684020996,-0.00102246595769,-179.533434786753,-0.00001025744986
1385,left road,1385,1.99500000476837,0.0,7.39999961853027,2.04999995231628,0.0,0.44999998807907,1.99500000476837,0.0,7.39999961853027,-1.34908008575439,1.20473492145538,10.1852684020996,-0.94208467006683,1.0581111907959,9.84628295898438,"(-0.942085, 1.058111, 9.846283)",truck body CS,4.51574802398682,0.1,-1.34908008575439,1.20473492145538,10.1852684020996,-0.00102246595769,-179.533434786753,-0.00001025744986
1386,left road,1386,2.09500002861023,0.0,7.39999961853027,2.15000009536743,0.0,0.44999998807907,2.09500002861023,0.0,7.39999961853027,-1.34908008575439,1.20473492145538,10.1852684020996,-0.94393140077591,1.06301438808441,9.8576192855835,"(-0.943931, 1.063014, 9.857619)",truck body CS,4.59029388427734,0.1,-1.34908008575439,1.20473492145538,10.1852684020996,-0.00102246595769,-179.533434786753,-0.00001025744986
1387,left road,1387,2.1949999332428,0.0,7.39999961853027,2.25,0.0,0.44999998807907,2.1949999332428,0.0,7.39999961853027,-1.34908008575439,1.20473492145538,10.1852684020996,-0.94568502902985,1.06760931015015,9.86824226379395,"(-0.945685, 1.067609, 9.868242)",truck body CS,4.66579151153564,0.1,-1.34908008575439,1.20473492145538,10.1852684020996,-0.00102246595769,-179.533434786753,-0.00001025744986
1388,left road,1388,2.29499983787537,0.0,7.39999961853027,2.34999990463257,0.0,0.44999998807907,2.29499983787537,0.0,7.39999961853027,-1.34908008575439,1.20473492145538,10.1852684020996,-0.94742727279663,1.07194817066193,9.87827301025391,"(-0.947427, 1.071948, 9.878273)",truck body CS,4.74219655990601,0.1,-1.34908008575439,1.20473492145538,10.1852684020996,-0.00102246595769,-179.533434786753,-0.00001025744986
1389,left road,1389,2.39499998092651,0.0,7.39999961853027,2.45000004768372,0.0,0.44999998807907,2.39499998092651,0.0,7.39999961853027,-1.34908008575439,1.20473492145538,10.1852684020996,-0.94992679357529,1.07629919052124,9.88833236694336,"(-0.949927, 1.076299, 9.888332)",truck body CS,4.81946516036987,0.1,-1.34908008575439,1.20473492145538,10.1852684020996,-0.00102246595769,-179.533434786753,-0.00001025744986
1390,left road,1390,2.49499988555908,0.0,7.39999961853027,2.54999995231628,0.0,0.44999998807907,2.49499988555908,0.0,7.39999961853027,-1.34908008575439,1.20473492145538,10.1852684020996,-0.95044493675232,1.07980251312256,9.8964319229126,"(-0.950445, 1.079803, 9.896432)",truck body CS,4.89755630493164,0.1,-1.34908008575439,1.20473492145538,10.1852684020996,-0.00102246595769,-179.533434786753,-0.00001025744986
1391,left road,1391,2.59500002861023,0.0,7.39999961853027,2.65000009536743,0.0,0.44999998807907,2.59500002861023,0.0,7.39999961853027,-1.34908008575439,1.20473492145538,10.1852684020996,-0.95185297727585,1.0834002494812,9.90474987030029,"(-0.951853, 1.0834, 9.90475)",truck body CS,4.97643232345581,0.1,-1.34908008575439,1.20473492145538,10.1852684020996,-0.00102246595769,-179.533434786753,-0.00001025744986
1392,left road,1392,2.6949999332428,0.0,7.39999961853027,2.75,0.0,0.44999998807907,2.6949999332428,0.0,7.39999961853027,-1.34908008575439,1.20473492145538,10.1852684020996,-0.95318239927292,1.08679676055908,9.91260242462158,"(-0.953182, 1.086797, 9.912602)",truck body CS,5.05605459213257,0.1,-1.34908008575439,1.20473492145538,10.1852684020996,-0.00102246595769,-179.533434786753,-0.00001025744986
1393,left road,1393,2.79499983787537,0.0,7.39999961853027,2.84999990463257,0.0,0.44999998807907,2.79499983787537,0.0,7.39999961853027,-1.34908008575439,1.20473492145538,10.1852684020996,-0.95443964004517,1.090008020401,9.9200267791748,"(-0.95444, 1.090008, 9.920027)",truck body CS,5.13639068603516,0.1,-1.34908008575439,1.20473492145538,10.1852684020996,-0.00102246595769,-179.533434786753,-0.00001025744986
1394,left road,1394,2.89499998092651,0.0,7.39999961853027,2.95000004768372,0.0,0.44999998807907,2.89499998092651,0.0,7.39999961853027,-1.34908008575439,1.20473492145538,10.1852684020996,-0.95562994480133,1.09304916858673,9.92705726623535,"(-0.95563, 1.093049, 9.927057)",truck body CS,5.21740579605103,0.1,-1.34908008575439,1.20473492145538,10.1852684020996,-0.00102246595769,-179.533434786753,-0.00001025744986
1395,left road,1395,2.99499988555908,0.0,7.39999961853027,3.04999995231628,0.0,0.44999998807907,2.99499988555908,0.0,7.39999961853027,-1.34908008575439,1.20473492145538,10.1852684020996,-0.95675903558731,1.09593331813812,9.93372535705566,"(-0.956759, 1.095933, 9.933725)",truck body CS,5.29906988143921,0.1,-1.34908008575439,1.20473492145538,10.1852684020996,-0.00102246595769,-179.533434786753,-0.00001025744986
1396,left road,1396,3.09500002861023,0.0,7.39999961853027,3.15000009536743,0.0,0.44999998807907,3.09500002861023,0.0,7.39999961853027,-1.34908008575439,1.20473492145538,10.1852684020996,-0.95770084857941,1.09863674640656,9.93997573852539,"(-0.957701, 1.098637, 9.939976)",truck body CS,5.38135290145874,0.1,-1.34908008575439,1.20473492145538,10.1852684020996,-0.00102246595769,-179.533434786753,-0.00001025744986
1397,left road,1397,3.1949999332428,0.0,7.39999961853027,3.25,0.0,0.44999998807907,3.1949999332428,0.0,7.39999961853027,-1.34908008575439,1.20473492145538,10.1852684020996,-0.95857834815979,1.10120439529419,9.9459114074707,"(-0.958578, 1.101204, 9.945911)",truck body CS,5.46422624588013,0.1,-1.34908008575439,1.20473492145538,10.1852684020996,-0.00102246595769,-179.533434786753,-0.00001025744986
1398,left road,1398,3.29499983787537,0.0,7.39999961853027,3.34999990463257,0.0,0.44999998807907,3.29499983787537,0.0,7.39999961853027,-1.34908008575439,1.20473492145538,10.1852684020996,-0.95941305160522,1.10365009307861,9.95156574249268,"(-0.959413, 1.10365, 9.951566)",truck body CS,5.54766511917114,0.1,-1.34908008575439,1.20473492145538,10.1852684020996,-0.00102246595769,-179.533434786753,-0.00001025744986
1399,left road,1399,3.39499998092651,0.0,7.39999961853027,3.45000004768372,0.0,0.44999998807907,3.39499998092651,0.0,7.39999961853027,-1.34908008575439,1.20473492145538,10.1852684020996,-0.9602108001709,1.10598349571228,9.95696067810059,"(-0.960211, 1.105983, 9.956961)",truck body CS,5.63164329528809,0.1,-1.34908008575439,1.20473492145538,10.1852684020996,-0.00102246595769,-179.533434786753,-0.00001025744986
1400,left road,1400,-3.50500011444092,0.0,7.5,-3.45000004768372,0.0,0.55000001192093,-3.50500011444092,0.0,7.5,-1.34908008575439,1.20473492145538,10.1852684020996,-2.35386610031128,0.64325731992722,8.9337739944458,"(-2.353866, 0.643257, 8.933774)",truck body CS,3.64829325675964,0.1,-1.34908008575439,1.20473492145538,10.1852684020996,-0.00102246595769,-179.533434786753,-0.00001025744986
1401,left road,1401,-3.40499997138977,0.0,7.5,-3.34999990463257,0.0,0.55000001192093,-3.40499997138977,0.0,7.5,-1.34908008575439,1.20473492145538,10.1852684020996,-2.35436630249023,0.61565369367599,8.87224769592285,"(-2.354366, 0.615654, 8.872248)",truck body CS,3.59010577201843,0.1,-1.34908008575439,1.20473492145538,10.1852684020996,-0.00102246595769,-179.533434786753,-0.00001025744986
1402,left road,1402,-3.3050000667572,0.0,7.5,-3.25,0.0,0.55000001192093,-3.3050000667572,0.0,7.5,-1.34908008575439,1.20473492145538,10.1852684020996,-2.35491895675659,0.58519572019577,8.80435848236084,"(-2.354919, 0.585196, 8.804358)",truck body CS,3.53379034996033,0.1,-1.34908008575439,1.20473492145538,10.1852684020996,-0.00102246595769,-179.533434786753,-0.00001025744986
1403,left road,1403,-3.20500016212463,0.0,7.5,-3.15000009536743,0.0,0.55000001192093,-3.20500016212463,0.0,7.5,-1.34908008575439,1.20473492145538,10.1852684020996,-2.5990629196167,0.39333242177963,8.376708984375,"(-2.599063, 0.393332, 8.376709)",truck body CS,3.47943830490112,0.1,-1.34908008575439,1.20473492145538,10.1852684020996,-0.00102246595769,-179.533434786753,-0.00001025744986
1404,left road,1404,-3.10500001907349,0.0,7.5,-3.04999995231628,0.0,0.55000001192093,-3.10500001907349,0.0,7.5,-1.34908008575439,1.20473492145538,10.1852684020996,-2.58482003211975,0.35689496994019,8.29549217224121,"(-2.58482, 0.356895, 8.295492)",truck body CS,3.42714285850525,0.1,-1.34908008575439,1.20473492145538,10.1852684020996,-0.00102246595769,-179.533434786753,-0.00001025744986
1405,left road,1405,-3.00500011444092,0.0,7.5,-2.95000004768372,0.0,0.55000001192093,-3.00500011444092,0.0,7.5,-1.34908008575439,1.20473492145538,10.1852684020996,-2.53693914413452,0.34052920341492,8.25901508331299,"(-2.536939, 0.340529, 8.259015)",truck body CS,3.37699913978577,0.1,-1.34908008575439,1.20473492145538,10.1852684020996,-0.00102246595769,-179.533434786753,-0.00001025744986
1406,left road,1406,-2.90499997138977,0.0,7.5,-2.84999990463257,0.0,0.55000001192093,-2.90499997138977,0.0,7.5,-1.34908008575439,1.20473492145538,10.1852684020996,-2.46565389633179,0.34018155932426,8.25823974609375,"(-2.465654, 0.340182, 8.25824)",truck body CS,3.32910490036011,0.1,-1.34908008575439,1.20473492145538,10.1852684020996,-0.00102246595769,-179.533434786753,-0.00001025744986
1407,left road,1407,-2.8050000667572,0.0,7.5,-2.75,0.0,0.55000001192093,-2.8050000667572,0.0,7.5,-1.34908008575439,1.20473492145538,10.1852684020996,-2.39631366729736,0.33817702531815,8.25377178192139,"(-2.396314, 0.338177, 8.253772)",truck body CS,3.28355836868286,0.1,-1.34908008575439,1.20473492145538,10.1852684020996,-0.00102246595769,-179.533434786753,-0.00001025744986
1408,left road,1408,-2.70500016212463,0.0,7.5,-2.65000009536743,0.0,0.55000001192093,-2.70500016212463,0.0,7.5,-1.34908008575439,1.20473492145538,10.1852684020996,-2.32785177230835,0.33509612083435,8.24690437316895,"(-2.327852, 0.335096, 8.246904)",truck body CS,3.24045872688293,0.1,-1.34908008575439,1.20473492145538,10.1852684020996,-0.00102246595769,-179.533434786753,-0.00001025744986
1409,left road,1409,-2.60500001907349,0.0,7.5,-2.54999995231628,0.0,0.55000001192093,-2.60500001907349,0.0,7.5,-1.34908008575439,1.20473492145538,10.1852684020996,-2.25574111938477,0.33502465486526,8.24674606323242,"(-2.255741, 0.335025, 8.246746)",truck body CS,3.19990420341492,0.1,-1.34908008575439,1.20473492145538,10.1852684020996,-0.00102246595769,-179.533434786753,-0.00001025744986
1410,left road,1410,-2.50500011444092,0.0,7.5,-2.45000004768372,0.0,0.55000001192093,-2.50500011444092,0.0,7.5,-1.34908008575439,1.20473492145538,10.1852684020996,-2.18348741531372,0.33509010076523,8.24689102172852,"(-2.183487, 0.33509, 8.246891)",truck body CS,3.16199350357056,0.1,-1.34908008575439,1.20473492145538,10.1852684020996,-0.00102246595769,-179.533434786753,-0.00001025744986
1411,left road,1411,-2.40499997138977,0.0,7.5,-2.34999990463257,0.0,0.55000001192093,-2.40499997138977,0.0,7.5,-1.34908008575439,1.20473492145538,10.1852684020996,-2.11124444007874,0.33515548706055,8.24703693389893,"(-2.111244, 0.335155, 8.247037)",truck body CS,3.12682247161865,0.1,-1.34908008575439,1.20473492145538,10.1852684020996,-0.00102246595769,-179.533434786753,-0.00001025744986
1412,left road,1412,-2.3050000667572,0.0,7.5,-2.25,0.0,0.55000001192093,-2.3050000667572,0.0,7.5,-1.34908008575439,1.20473492145538,10.1852684020996,-2.03901243209839,0.33522099256516,8.24718284606934,"(-2.039012, 0.335221, 8.247183)",truck body CS,3.09448456764221,0.1,-1.34908008575439,1.20473492145538,10.1852684020996,-0.00102246595769,-179.533434786753,-0.00001025744986
1413,left road,1413,-2.20500016212463,0.0,7.5,-2.15000009536743,0.0,0.55000001192093,-2.20500016212463,0.0,7.5,-1.34908008575439,1.20473492145538,10.1852684020996,-1.96684014797211,0.33521783351898,8.24717617034912,"(-1.96684, 0.335218, 8.247176)",truck body CS,3.06506967544556,0.1,-1.34908008575439,1.20473492145538,10.1852684020996,-0.00102246595769,-179.533434786753,-0.00001025744986
1414,left road,1414,-2.10500001907349,0.0,7.5,-2.04999995231628,0.0,0.55000001192093,-2.10500001907349,0.0,7.5,-1.34908008575439,1.20473492145538,10.1852684020996,-1.8947422504425,0.33509480953217,8.246901512146,"(-1.894742, 0.335095, 8.246902)",truck body CS,3.03866195678711,0.1,-1.34908008575439,1.20473492145538,10.1852684020996,-0.00102246595769,-179.533434786753,-0.00001025744986
1415,left road,1415,-2.00500011444092,0.0,7.5,-1.95000004768372,0.0,0.55000001192093,-2.00500011444092,0.0,7.5,-1.34908008575439,1.20473492145538,10.1852684020996,-1.82262420654297,0.33497166633606,8.24662685394287,"(-1.822624, 0.334972, 8.246627)",truck body CS,3.01534128189087,0.1,-1.34908008575439,1.20473492145538,10.1852684020996,-0.00102246595769,-179.533434786753,-0.00001025744986
1416,left road,1416,-1.90499997138977,0.0,7.5,-1.85000002384186,0.0,0.55000001192093,-1.90499997138977,0.0,7.5,-1.34908008575439,1.20473492145538,10.1852684020996,-1.75047361850739,0.33487409353256,8.24640941619873,"(-1.750474, 0.334874, 8.246409)",truck body CS,2.99517941474915,0.1,-1.34908008575439,1.20473492145538,10.1852684020996,-0.00102246595769,-179.533434786753,-0.00001025744986
1417,left road,1417,-1.80499994754791,0.0,7.5,-1.75,0.0,0.55000001192093,-1.80499994754791,0.0,7.5,-1.34908008575439,1.20473492145538,10.1852684020996,-1.67506229877472,0.34335047006607,8.26530361175537,"(-1.675062, 0.34335, 8.265304)",truck body CS,2.97824025154114,0.1,-1.34908008575439,1.20473492145538,10.1852684020996,-0.00102246595769,-179.533434786753,-0.00001025744986
1418,left road,1418,-1.70499992370605,0.0,7.5,-1.64999997615814,0.0,0.55000001192093,-1.70499992370605,0.0,7.5,-1.34908008575439,1.20473492145538,10.1852684020996,-1.60450053215027,0.34017497301102,8.258225440979,"(-1.604501, 0.340175, 8.258225)",truck body CS,2.96457958221436,0.1,-1.34908008575439,1.20473492145538,10.1852684020996,-0.00102246595769,-179.533434786753,-0.00001025744986
1419,left road,1419,-1.6049998998642,0.0,7.5,-1.54999995231628,0.0,0.55000001192093,-1.6049998998642,0.0,7.5,-1.34908008575439,1.20473492145538,10.1852684020996,-1.53359949588776,0.33611530065536,8.24917602539063,"(-1.533599, 0.336115, 8.249176)",truck body CS,2.95424222946167,0.1,-1.34908008575439,1.20473492145538,10.1852684020996,-0.00102246595769,-179.533434786753,-0.00001025744986
1420,left road,1420,-1.50499999523163,0.0,7.5,-1.45000004768372,0.0,0.55000001192093,-1.50499999523163,0.0,7.5,-1.34908008575439,1.20473492145538,10.1852684020996,-1.46166706085205,0.33481746912003,8.24628353118896,"(-1.461667, 0.334817, 8.246284)",truck body CS,2.94726371765137,0.1,-1.34908008575439,1.20473492145538,10.1852684020996,-0.00102246595769,-179.533434786753,-0.00001025744986
1421,left road,1421,-1.40499997138977,0.0,7.5,-1.35000002384186,0.0,0.55000001192093,-1.40499997138977,0.0,7.5,-1.34908008575439,1.20473492145538,10.1852684020996,-1.38946652412415,0.33465147018433,8.2459135055542,"(-1.389467, 0.334651, 8.245914)",truck body CS,2.94366765022278,0.1,-1.34908008575439,1.20473492145538,10.1852684020996,-0.00102246595769,-179.533434786753,-0.00001025744986
1422,left road,1422,-1.30499994754791,0.0,7.5,-1.25,0.0,0.55000001192093,-1.30499994754791,0.0,7.5,-1.34908008575439,1.20473492145538,10.1852684020996,-1.31723845005035,0.3344854414463,8.24554347991943,"(-1.317238, 0.334485, 8.245543)",truck body CS,2.9434666633606,0.1,-1.34908008575439,1.20473492145538,10.1852684020996,-0.00102246595769,-179.533434786753,-0.00001025744986
1423,left road,1423,-1.20499992370605,0.0,7.5,-1.14999997615814,0.0,0.55000001192093,-1.20499992370605,0.0,7.5,-1.34908008575439,1.20473492145538,10.1852684020996,-1.24498271942139,0.33431929349899,8.24517250061035,"(-1.244983, 0.334319, 8.245173)",truck body CS,2.94666123390198,0.1,-1.34908008575439,1.20473492145538,10.1852684020996,-0.00102246595769,-179.533434786753,-0.00001025744986
1424,left road,1424,-1.1049998998642,0.0,7.5,-1.04999995231628,0.0,0.55000001192093,-1.1049998998642,0.0,7.5,-1.34908008575439,1.20473492145538,10.1852684020996,-1.17306637763977,0.33596336841583,8.24883842468262,"(-1.173066, 0.335963, 8.248838)",truck body CS,2.95324015617371,0.1,-1.34908008575439,1.20473492145538,10.1852684020996,-0.00102246595769,-179.533434786753,-0.00001025744986
1425,left road,1425,-1.00499999523163,0.0,7.5,-0.94999998807907,0.0,0.55000001192093,-1.00499999523163,0.0,7.5,-1.34908008575439,1.20473492145538,10.1852684020996,-1.10250318050385,0.34139007329941,8.2609338760376,"(-1.102503, 0.34139, 8.260934)",truck body CS,2.96318125724792,0.1,-1.34908008575439,1.20473492145538,10.1852684020996,-0.00102246595769,-179.533434786753,-0.00001025744986
1426,left road,1426,-0.90500003099442,0.0,7.5,-0.85000002384186,0.0,0.55000001192093,-0.90500003099442,0.0,7.5,-1.34908008575439,1.20473492145538,10.1852684020996,-1.02993774414063,0.33894100785255,8.25547504425049,"(-1.029938, 0.338941, 8.255475)",truck body CS,2.97645092010498,0.1,-1.34908008575439,1.20473492145538,10.1852684020996,-0.00102246595769,-179.533434786753,-0.00001025744986
1427,left road,1427,-0.80500000715256,0.0,7.5,-0.75,0.0,0.55000001192093,-0.80500000715256,0.0,7.5,-1.34908008575439,1.20473492145538,10.1852684020996,-0.95817291736603,0.33916467428207,8.25597286224365,"(-0.958173, 0.339165, 8.255973)",truck body CS,2.993004322052,0.1,-1.34908008575439,1.20473492145538,10.1852684020996,-0.00102246595769,-179.533434786753,-0.00001025744986
1428,left road,1428,-0.7049999833107,0.0,7.5,-0.64999997615814,0.0,0.55000001192093,-0.7049999833107,0.0,7.5,-1.34908008575439,1.20473492145538,10.1852684020996,-0.90558886528015,0.37519609928131,8.33628463745117,"(-0.905589, 0.375196, 8.336285)",truck body CS,3.01278805732727,0.1,-1.34908008575439,1.20473492145538,10.1852684020996,-0.00102246595769,-179.533434786753,-0.00001025744986
1429,left road,1429,-0.60500001907349,0.0,7.5,-0.55000001192093,0.0,0.55000001192093,-0.60500001907349,0.0,7.5,-1.34908008575439,1.20473492145538,10.1852684020996,-1.02918541431427,0.68679559230804,9.03081798553467,"(-1.029185, 0.686796, 9.030818)",truck body CS,3.03573846817017,0.1,-1.34908008575439,1.20473492145538,10.1852684020996,-0.00102246595769,-179.533434786753,-0.00001025744986
1430,left road,1430,-0.50499999523163,0.0,7.5,-0.44999998807907,0.0,0.55000001192093,-0.50499999523163,0.0,7.5,-1.34908008575439,1.20473492145538,10.1852684020996,-0.98558914661407,0.68593311309814,9.02889537811279,"(-0.985589, 0.685933, 9.028895)",truck body CS,3.06178426742554,0.1,-1.34908008575439,1.20473492145538,10.1852684020996,-0.00102246595769,-179.533434786753,-0.00001025744986
1431,left road,1431,-0.40500000119209,0.0,7.5,-0.34999999403954,0.0,0.55000001192093,-0.40500000119209,0.0,7.5,-1.34908008575439,1.20473492145538,10.1852684020996,-0.94184738397598,0.6850677728653,9.0269660949707,"(-0.941847, 0.685068, 9.026966)",truck body CS,3.0908477306366,0.1,-1.34908008575439,1.20473492145538,10.1852684020996,-0.00102246595769,-179.533434786753,-0.00001025744986
1432,left road,1432,-0.30500000715256,0.0,7.5,-0.25,0.0,0.55000001192093,-0.30500000715256,0.0,7.5,-1.34908008575439,1.20473492145538,10.1852684020996,-0.8979594707489,0.68419933319092,9.02503108978271,"(-0.897959, 0.684199, 9.025031)",truck body CS,3.12284421920776,0.1,-1.34908008575439,1.20473492145538,10.1852684020996,-0.00102246595769,-179.533434786753,-0.00001025744986
1433,left road,1433,-0.20500001311302,0.0,7.5,-0.15000000596046,0.0,0.55000001192093,-0.20500001311302,0.0,7.5,-1.34908008575439,1.20473492145538,10.1852684020996,-0.85392469167709,0.68332809209824,9.02308940887451,"(-0.853925, 0.683328, 9.023089)",truck body CS,3.15768456459045,0.1,-1.34908008575439,1.20473492145538,10.1852684020996,-0.00102246595769,-179.533434786753,-0.00001025744986
1434,left road,1434,-0.10500000417233,0.0,7.5,-0.05000000074506,0.0,0.55000001192093,-0.10500000417233,0.0,7.5,-1.34908008575439,1.20473492145538,10.1852684020996,-0.84696364402771,0.71849834918976,9.10148048400879,"(-0.846964, 0.718498, 9.10148)",truck body CS,3.19527578353882,0.1,-1.34908008575439,1.20473492145538,10.1852684020996,-0.00102246595769,-179.533434786753,-0.00001025744986
1435,left road,1435,-0.00499999895692,0.0,7.5,0.05000000074506,0.0,0.55000001192093,-0.00499999895692,0.0,7.5,-1.34908008575439,1.20473492145538,10.1852684020996,-0.84764271974564,0.75528317689896,9.1834716796875,"(-0.847643, 0.755283, 9.183472)",truck body CS,3.23552203178406,0.1,-1.34908008575439,1.20473492145538,10.1852684020996,-0.00102246595769,-179.533434786753,-0.00001025744986
1436,left road,1436,0.09500000625849,0.0,7.5,0.15000000596046,0.0,0.55000001192093,0.09500000625849,0.0,7.5,-1.34908008575439,1.20473492145538,10.1852684020996,-0.84801614284515,0.78671842813492,9.25353908538818,"(-0.848016, 0.786718, 9.253539)",truck body CS,3.27832579612732,0.1,-1.34908008575439,1.20473492145538,10.1852684020996,-0.00102246595769,-179.533434786753,-0.00001025744986
1437,left road,1437,0.19499999284744,0.0,7.5,0.25,0.0,0.55000001192093,0.19499999284744,0.0,7.5,-1.34908008575439,1.20473492145538,10.1852684020996,-0.84815746545792,0.81390088796616,9.31412696838379,"(-0.848157, 0.813901, 9.314127)",truck body CS,3.3235878944397,0.1,-1.34908008575439,1.20473492145538,10.1852684020996,-0.00102246595769,-179.533434786753,-0.00001025744986
1438,left road,1438,0.29499998688698,0.0,7.5,0.34999999403954,0.0,0.55000001192093,0.29499998688698,0.0,7.5,-1.34908008575439,1.20473492145538,10.1852684020996,-0.85211724042892,0.84057474136353,9.37358093261719,"(-0.852117, 0.840575, 9.373581)",truck body CS,3.37120914459229,0.1,-1.34908008575439,1.20473492145538,10.1852684020996,-0.00102246595769,-179.533434786753,-0.00001025744986
1439,left road,1439,0.39499998092651,0.0,7.5,0.44999998807907,0.0,0.55000001192093,0.39499998092651,0.0,7.5,-1.34908008575439,1.20473492145538,10.1852684020996,-0.85627448558807,0.86432611942291,9.42652034759521,"(-0.856274, 0.864326, 9.42652)",truck body CS,3.42109155654907,0.1,-1.34908008575439,1.20473492145538,10.1852684020996,-0.00102246595769,-179.533434786753,-0.00001025744986
1440,left road,1440,0.49500000476837,0.0,7.5,0.55000001192093,0.0,0.55000001192093,0.49500000476837,0.0,7.5,-1.34908008575439,1.20473492145538,10.1852684020996,-0.85920381546021,0.88469934463501,9.47193145751953,"(-0.859204, 0.884699, 9.471931)",truck body CS,3.47313737869263,0.1,-1.34908008575439,1.20473492145538,10.1852684020996,-0.00102246595769,-179.533434786753,-0.00001025744986
1441,left road,1441,0.59499996900558,0.0,7.5,0.64999997615814,0.0,0.55000001192093,0.59499996900558,0.0,7.5,-1.34908008575439,1.20473492145538,10.1852684020996,-0.86239409446716,0.90313851833344,9.51303100585938,"(-0.862394, 0.903139, 9.513031)",truck body CS,3.52725100517273,0.1,-1.34908008575439,1.20473492145538,10.1852684020996,-0.00102246595769,-179.533434786753,-0.00001025744986
1442,left road,1442,0.69499999284744,0.0,7.5,0.75,0.0,0.55000001192093,0.69499999284744,0.0,7.5,-1.34908008575439,1.20473492145538,10.1852684020996,-0.8658332824707,0.91992002725601,9.55043506622314,"(-0.865833, 0.91992, 9.550435)",truck body CS,3.58333849906921,0.1,-1.34908008575439,1.20473492145538,10.1852684020996,-0.00102246595769,-179.533434786753,-0.00001025744986
1443,left road,1443,0.7950000166893,0.0,7.5,0.85000002384186,0.0,0.55000001192093,0.7950000166893,0.0,7.5,-1.34908008575439,1.20473492145538,10.1852684020996,-0.86891222000122,0.93493384122849,9.58390045166016,"(-0.868912, 0.934934, 9.5839)",truck body CS,3.64130926132202,0.1,-1.34908008575439,1.20473492145538,10.1852684020996,-0.00102246595769,-179.533434786753,-0.00001025744986
1444,left road,1444,0.89499998092651,0.0,7.5,0.94999998807907,0.0,0.55000001192093,0.89499998092651,0.0,7.5,-1.34908008575439,1.20473492145538,10.1852684020996,-0.87108391523361,0.94812262058258,9.61329650878906,"(-0.871084, 0.948123, 9.613297)",truck body CS,3.70107388496399,0.1,-1.34908008575439,1.20473492145538,10.1852684020996,-0.00102246595769,-179.533434786753,-0.00001025744986
1445,left road,1445,0.99499994516373,0.0,7.5,1.04999995231628,0.0,0.55000001192093,0.99499994516373,0.0,7.5,-1.34908008575439,1.20473492145538,10.1852684020996,-0.87172311544418,0.95939821004868,9.63842964172363,"(-0.871723, 0.959398, 9.63843)",truck body CS,3.76254749298096,0.1,-1.34908008575439,1.20473492145538,10.1852684020996,-0.00102246595769,-179.533434786753,-0.00001025744986
1446,left road,1446,1.09500002861023,0.0,7.5,1.14999997615814,0.0,0.55000001192093,1.09500002861023,0.0,7.5,-1.34908008575439,1.20473492145538,10.1852684020996,-0.87230879068375,0.96972495317459,9.66144752502441,"(-0.872309, 0.969725, 9.661448)",truck body CS,3.82564759254456,0.1,-1.34908008575439,1.20473492145538,10.1852684020996,-0.00102246595769,-179.533434786753,-0.00001025744986
1447,left road,1447,1.19500005245209,0.0,7.5,1.25,0.0,0.55000001192093,1.19500005245209,0.0,7.5,-1.34908008575439,1.20473492145538,10.1852684020996,-0.87513387203217,0.98030024766922,9.68501853942871,"(-0.875134, 0.9803, 9.685019)",truck body CS,3.8902952671051,0.1,-1.34908008575439,1.20473492145538,10.1852684020996,-0.00102246595769,-179.533434786753,-0.00001025744986
1448,left road,1448,1.29500007629395,0.0,7.5,1.35000002384186,0.0,0.55000001192093,1.29500007629395,0.0,7.5,-1.34908008575439,1.20473492145538,10.1852684020996,-0.88485044240952,0.99321568012238,9.71380615234375,"(-0.88485, 0.993216, 9.713806)",truck body CS,3.95641398429871,0.1,-1.34908008575439,1.20473492145538,10.1852684020996,-0.00102246595769,-179.533434786753,-0.00001025744986
1449,left road,1449,1.3950001001358,0.0,7.5,1.45000004768372,0.0,0.55000001192093,1.3950001001358,0.0,7.5,-1.34908008575439,1.20473492145538,10.1852684020996,-0.90021830797195,1.0076709985733,9.74602603912354,"(-0.900218, 1.007671, 9.746026)",truck body CS,4.02393198013306,0.1,-1.34908008575439,1.20473492145538,10.1852684020996,-0.00102246595769,-179.533434786753,-0.00001025744986
1450,left road,1450,1.49500000476837,0.0,7.5,1.54999995231628,0.0,0.55000001192093,1.49500000476837,0.0,7.5,-1.34908008575439,1.20473492145538,10.1852684020996,-0.91122508049011,1.01926231384277,9.7718620300293,"(-0.911225, 1.019262, 9.771862)",truck body CS,4.0927791595459,0.1,-1.34908008575439,1.20473492145538,10.1852684020996,-0.00102246595769,-179.533434786753,-0.00001025744986
1451,left road,1451,1.59500002861023,0.0,7.5,1.64999997615814,0.0,0.55000001192093,1.59500002861023,0.0,7.5,-1.34908008575439,1.20473492145538,10.1852684020996,-0.92052435874939,1.02936732769012,9.79438591003418,"(-0.920524, 1.029367, 9.794386)",truck body CS,4.16289091110229,0.1,-1.34908008575439,1.20473492145538,10.1852684020996,-0.00102246595769,-179.533434786753,-0.00001025744986
1452,left road,1452,1.69500005245209,0.0,7.5,1.75,0.0,0.55000001192093,1.69500005245209,0.0,7.5,-1.34908008575439,1.20473492145538,10.1852684020996,-0.92894667387009,1.03846144676209,9.81465625762939,"(-0.928947, 1.038461, 9.814656)",truck body CS,4.23420333862305,0.1,-1.34908008575439,1.20473492145538,10.1852684020996,-0.00102246595769,-179.533434786753,-0.00001025744986
1453,left road,1453,1.79500007629395,0.0,7.5,1.85000002384186,0.0,0.55000001192093,1.79500007629395,0.0,7.5,-1.34908008575439,1.20473492145538,10.1852684020996,-0.94371783733368,1.04940986633301,9.8390588760376,"(-0.943718, 1.04941, 9.839059)",truck body CS,4.30665683746338,0.1,-1.34908008575439,1.20473492145538,10.1852684020996,-0.00102246595769,-179.533434786753,-0.00001025744986
1454,left road,1454,1.8950001001358,0.0,7.5,1.95000004768372,0.0,0.55000001192093,1.8950001001358,0.0,7.5,-1.34908008575439,1.20473492145538,10.1852684020996,-0.94053238630295,1.0530149936676,9.84709453582764,"(-0.940532, 1.053015, 9.847095)",truck body CS,4.38019514083862,0.1,-1.34908008575439,1.20473492145538,10.1852684020996,-0.00102246595769,-179.533434786753,-0.00001025744986
1455,left road,1455,1.99500000476837,0.0,7.5,2.04999995231628,0.0,0.55000001192093,1.99500000476837,0.0,7.5,-1.34908008575439,1.20473492145538,10.1852684020996,-0.94201046228409,1.05808448791504,9.85839366912842,"(-0.94201, 1.058084, 9.858394)",truck body CS,4.45476388931274,0.1,-1.34908008575439,1.20473492145538,10.1852684020996,-0.00102246595769,-179.533434786753,-0.00001025744986
1456,left road,1456,2.09500002861023,0.0,7.5,2.15000009536743,0.0,0.55000001192093,2.09500002861023,0.0,7.5,-1.34908008575439,1.20473492145538,10.1852684020996,-0.94386041164398,1.0629894733429,9.86932754516602,"(-0.94386, 1.062989, 9.869328)",truck body CS,4.53031349182129,0.1,-1.34908008575439,1.20473492145538,10.1852684020996,-0.00102246595769,-179.533434786753,-0.00001025744986
1457,left road,1457,2.1949999332428,0.0,7.5,2.25,0.0,0.55000001192093,2.1949999332428,0.0,7.5,-1.34908008575439,1.20473492145538,10.1852684020996,-0.94562047719955,1.06758725643158,9.87957572937012,"(-0.94562, 1.067587, 9.879576)",truck body CS,4.6067943572998,0.1,-1.34908008575439,1.20473492145538,10.1852684020996,-0.00102246595769,-179.533434786753,-0.00001025744986
1458,left road,1458,2.29499983787537,0.0,7.5,2.34999990463257,0.0,0.55000001192093,2.29499983787537,0.0,7.5,-1.34908008575439,1.20473492145538,10.1852684020996,-0.94788163900375,1.07209849357605,9.88963031768799,"(-0.947882, 1.072098, 9.88963)",truck body CS,4.68416166305542,0.1,-1.34908008575439,1.20473492145538,10.1852684020996,-0.00102246595769,-179.533434786753,-0.00001025744986
1459,left road,1459,2.39499998092651,0.0,7.5,2.45000004768372,0.0,0.55000001192093,2.39499998092651,0.0,7.5,-1.34908008575439,1.20473492145538,10.1852684020996,-0.94888937473297,1.07596528530121,9.89824867248535,"(-0.948889, 1.075965, 9.898249)",truck body CS,4.76237201690674,0.1,-1.34908008575439,1.20473492145538,10.1852684020996,-0.00102246595769,-179.533434786753,-0.00001025744986
1460,left road,1460,2.49499988555908,0.0,7.5,2.54999995231628,0.0,0.55000001192093,2.49499988555908,0.0,7.5,-1.34908008575439,1.20473492145538,10.1852684020996,-0.95038586854935,1.07978403568268,9.90676116943359,"(-0.950386, 1.079784, 9.906761)",truck body CS,4.84138441085815,0.1,-1.34908008575439,1.20473492145538,10.1852684020996,-0.00102246595769,-179.533434786753,-0.00001025744986
1461,left road,1461,2.59500002861023,0.0,7.5,2.65000009536743,0.0,0.55000001192093,2.59500002861023,0.0,7.5,-1.34908008575439,1.20473492145538,10.1852684020996,-0.95179480314255,1.08338260650635,9.91478157043457,"(-0.951795, 1.083383, 9.914782)",truck body CS,4.92116069793701,0.1,-1.34908008575439,1.20473492145538,10.1852684020996,-0.00102246595769,-179.533434786753,-0.00001025744986
1462,left road,1462,2.6949999332428,0.0,7.5,2.75,0.0,0.55000001192093,2.6949999332428,0.0,7.5,-1.34908008575439,1.20473492145538,10.1852684020996,-0.9531261920929,1.08678007125854,9.92235469818115,"(-0.953126, 1.08678, 9.922355)",truck body CS,5.00166320800781,0.1,-1.34908008575439,1.20473492145538,10.1852684020996,-0.00102246595769,-179.533434786753,-0.00001025744986
1463,left road,1463,2.79499983787537,0.0,7.5,2.84999990463257,0.0,0.55000001192093,2.79499983787537,0.0,7.5,-1.34908008575439,1.20473492145538,10.1852684020996,-0.95438557863235,1.08999228477478,9.92951393127441,"(-0.954386, 1.089992, 9.929514)",truck body CS,5.08285856246948,0.1,-1.34908008575439,1.20473492145538,10.1852684020996,-0.00102246595769,-179.533434786753,-0.00001025744986
1464,left road,1464,2.89499998092651,0.0,7.5,2.95000004768372,0.0,0.55000001192093,2.89499998092651,0.0,7.5,-1.34908008575439,1.20473492145538,10.1852684020996,-0.95557731389999,1.09303414821625,9.93629455566406,"(-0.955577, 1.093034, 9.936295)",truck body CS,5.16471385955811,0.1,-1.34908008575439,1.20473492145538,10.1852684020996,-0.00102246595769,-179.533434786753,-0.00001025744986
1465,left road,1465,2.99499988555908,0.0,7.5,3.04999995231628,0.0,0.55000001192093,2.99499988555908,0.0,7.5,-1.34908008575439,1.20473492145538,10.1852684020996,-0.95659387111664,1.09588742256165,9.94265460968018,"(-0.956594, 1.095887, 9.942655)",truck body CS,5.24719762802124,0.1,-1.34908008575439,1.20473492145538,10.1852684020996,-0.00102246595769,-179.533434786753,-0.00001025744986
1466,left road,1466,3.09500002861023,0.0,7.5,3.15000009536743,0.0,0.55000001192093,3.09500002861023,0.0,7.5,-1.34908008575439,1.20473492145538,10.1852684020996,-0.95752167701721,1.09858822822571,9.94867420196533,"(-0.957522, 1.098588, 9.948674)",truck body CS,5.33028173446655,0.1,-1.34908008575439,1.20473492145538,10.1852684020996,-0.00102246595769,-179.533434786753,-0.00001025744986
1467,left road,1467,3.1949999332428,0.0,7.5,3.25,0.0,0.55000001192093,3.1949999332428,0.0,7.5,-1.34908008575439,1.20473492145538,10.1852684020996,-0.95840209722519,1.10115766525269,9.95440101623535,"(-0.958402, 1.101158, 9.954401)",truck body CS,5.41393709182739,0.1,-1.34908008575439,1.20473492145538,10.1852684020996,-0.00102246595769,-179.533434786753,-0.00001025744986
1468,left road,1468,3.29499983787537,0.0,7.5,3.34999990463257,0.0,0.55000001192093,3.29499983787537,0.0,7.5,-1.34908008575439,1.20473492145538,10.1852684020996,-0.95924240350723,1.10360586643219,9.95985794067383,"(-0.959242, 1.103606, 9.959858)",truck body CS,5.49813890457153,0.1,-1.34908008575439,1.20473492145538,10.1852684020996,-0.00102246595769,-179.533434786753,-0.00001025744986
1469,left road,1469,3.39499998092651,0.0,7.5,3.45000004768372,0.0,0.55000001192093,3.39499998092651,0.0,7.5,-1.34908008575439,1.20473492145538,10.1852684020996,-0.96004408597946,1.10594117641449,9.96506309509277,"(-0.960044, 1.105941, 9.965063)",truck body CS,5.58286190032959,0.1,-1.34908008575439,1.20473492145538,10.1852684020996,-0.00102246595769,-179.533434786753,-0.00001025744986
1470,left road,1470,-3.50500011444092,0.0,7.59999990463257,-3.45000004768372,0.0,0.64999997615814,-3.50500011444092,0.0,7.59999990463257,-1.34908008575439,1.20473492145538,10.1852684020996,-2.35348272323608,0.64347153902054,8.98083972930908,"(-2.353483, 0.643472, 8.98084)",truck body CS,3.57533097267151,0.1,-1.34908008575439,1.20473492145538,10.1852684020996,-0.00102246595769,-179.533434786753,-0.00001025744986
1471,left road,1471,-3.40499997138977,0.0,7.59999990463257,-3.34999990463257,0.0,0.64999997615814,-3.40499997138977,0.0,7.59999990463257,-1.34908008575439,1.20473492145538,10.1852684020996,-2.35396432876587,0.61588931083679,8.92164993286133,"(-2.353964, 0.615889, 8.92165)",truck body CS,3.51593613624573,0.1,-1.34908008575439,1.20473492145538,10.1852684020996,-0.00102246595769,-179.533434786753,-0.00001025744986
1472,left road,1472,-3.3050000667572,0.0,7.59999990463257,-3.25,0.0,0.64999997615814,-3.3050000667572,0.0,7.59999990463257,-1.34908008575439,1.20473492145538,10.1852684020996,-2.35449552536011,0.58545637130737,8.85634326934814,"(-2.354496, 0.585456, 8.856343)",truck body CS,3.45841336250305,0.1,-1.34908008575439,1.20473492145538,10.1852684020996,-0.00102246595769,-179.533434786753,-0.00001025744986
1473,left road,1473,-3.20500016212463,0.0,7.59999990463257,-3.15000009536743,0.0,0.64999997615814,-3.20500016212463,0.0,7.59999990463257,-1.34908008575439,1.20473492145538,10.1852684020996,-2.35508489608765,0.55170607566833,8.7839183807373,"(-2.355085, 0.551706, 8.783918)",truck body CS,3.40285754203796,0.1,-1.34908008575439,1.20473492145538,10.1852684020996,-0.00102246595769,-179.533434786753,-0.00001025744986
1474,left road,1474,-3.10500001907349,0.0,7.59999990463257,-3.04999995231628,0.0,0.64999997615814,-3.10500001907349,0.0,7.59999990463257,-1.34908008575439,1.20473492145538,10.1852684020996,-2.59211540222168,0.35188955068588,8.35512733459473,"(-2.592115, 0.35189, 8.355127)",truck body CS,3.34936618804932,0.1,-1.34908008575439,1.20473492145538,10.1852684020996,-0.00102246595769,-179.533434786753,-0.00001025744986
1475,left road,1475,-3.00500011444092,0.0,7.59999990463257,-2.95000004768372,0.0,0.64999997615814,-3.00500011444092,0.0,7.59999990463257,-1.34908008575439,1.20473492145538,10.1852684020996,-2.54761409759521,0.33276289701462,8.31408309936523,"(-2.547614, 0.332763, 8.314083)",truck body CS,3.29804062843323,0.1,-1.34908008575439,1.20473492145538,10.1852684020996,-0.00102246595769,-179.533434786753,-0.00001025744986
1476,left road,1476,-2.90499997138977,0.0,7.59999990463257,-2.84999990463257,0.0,0.64999997615814,-2.90499997138977,0.0,7.59999990463257,-1.34908008575439,1.20473492145538,10.1852684020996,-2.47569251060486,0.3324089050293,8.31332302093506,"(-2.475693, 0.332409, 8.313323)",truck body CS,3.24898242950439,0.1,-1.34908008575439,1.20473492145538,10.1852684020996,-0.00102246595769,-179.533434786753,-0.00001025744986
1477,left road,1477,-2.8050000667572,0.0,7.59999990463257,-2.75,0.0,0.64999997615814,-2.8050000667572,0.0,7.59999990463257,-1.34908008575439,1.20473492145538,10.1852684020996,-2.40402317047119,0.33179768919945,8.31201171875,"(-2.404023, 0.331798, 8.312012)",truck body CS,3.20229649543762,0.1,-1.34908008575439,1.20473492145538,10.1852684020996,-0.00102246595769,-179.533434786753,-0.00001025744986
1478,left road,1478,-2.70500016212463,0.0,7.59999990463257,-2.65000009536743,0.0,0.64999997615814,-2.70500016212463,0.0,7.59999990463257,-1.34908008575439,1.20473492145538,10.1852684020996,-2.33501815795898,0.32872885465622,8.3054256439209,"(-2.335018, 0.328729, 8.305426)",truck body CS,3.15808773040771,0.1,-1.34908008575439,1.20473492145538,10.1852684020996,-0.00102246595769,-179.533434786753,-0.00001025744986
1479,left road,1479,-2.60500001907349,0.0,7.59999990463257,-2.54999995231628,0.0,0.64999997615814,-2.60500001907349,0.0,7.59999990463257,-1.34908008575439,1.20473492145538,10.1852684020996,-2.26223564147949,0.32879522442818,8.30556869506836,"(-2.262236, 0.328795, 8.305569)",truck body CS,3.11646199226379,0.1,-1.34908008575439,1.20473492145538,10.1852684020996,-0.00102246595769,-179.533434786753,-0.00001025744986
1480,left road,1480,-2.50500011444092,0.0,7.59999990463257,-2.45000004768372,0.0,0.64999997615814,-2.50500011444092,0.0,7.59999990463257,-1.34908008575439,1.20473492145538,10.1852684020996,-2.18946361541748,0.32886165380478,8.3057107925415,"(-2.189464, 0.328862, 8.305711)",truck body CS,3.07752346992493,0.1,-1.34908008575439,1.20473492145538,10.1852684020996,-0.00102246595769,-179.533434786753,-0.00001025744986
1481,left road,1481,-2.40499997138977,0.0,7.59999990463257,-2.34999990463257,0.0,0.64999997615814,-2.40499997138977,0.0,7.59999990463257,-1.34908008575439,1.20473492145538,10.1852684020996,-2.11670279502869,0.32892799377441,8.30585289001465,"(-2.116703, 0.328928, 8.305853)",truck body CS,3.04137563705444,0.1,-1.34908008575439,1.20473492145538,10.1852684020996,-0.00102246595769,-179.533434786753,-0.00001025744986
1482,left road,1482,-2.3050000667572,0.0,7.59999990463257,-2.25,0.0,0.64999997615814,-2.3050000667572,0.0,7.59999990463257,-1.34908008575439,1.20473492145538,10.1852684020996,-2.04395318031311,0.32899430394173,8.30599498748779,"(-2.043953, 0.328994, 8.305995)",truck body CS,3.0081193447113,0.1,-1.34908008575439,1.20473492145538,10.1852684020996,-0.00102246595769,-179.533434786753,-0.00001025744986
1483,left road,1483,-2.20500016212463,0.0,7.59999990463257,-2.15000009536743,0.0,0.64999997615814,-2.20500016212463,0.0,7.59999990463257,-1.34908008575439,1.20473492145538,10.1852684020996,-1.97121453285217,0.32906064391136,8.30613803863525,"(-1.971215, 0.329061, 8.306138)",truck body CS,2.97785139083862,0.1,-1.34908008575439,1.20473492145538,10.1852684020996,-0.00102246595769,-179.533434786753,-0.00001025744986
1484,left road,1484,-2.10500001907349,0.0,7.59999990463257,-2.04999995231628,0.0,0.64999997615814,-2.10500001907349,0.0,7.59999990463257,-1.34908008575439,1.20473492145538,10.1852684020996,-1.89849710464478,0.32911038398743,8.30624485015869,"(-1.898497, 0.32911, 8.306245)",truck body CS,2.95066332817078,0.1,-1.34908008575439,1.20473492145538,10.1852684020996,-0.00102246595769,-179.533434786753,-0.00001025744986
1485,left road,1485,-2.00500011444092,0.0,7.59999990463257,-1.95000004768372,0.0,0.64999997615814,-2.00500011444092,0.0,7.59999990463257,-1.34908008575439,1.20473492145538,10.1852684020996,-1.82588326931,0.32898557186127,8.30597686767578,"(-1.825883, 0.328986, 8.305977)",truck body CS,2.9266414642334,0.1,-1.34908008575439,1.20473492145538,10.1852684020996,-0.00102246595769,-179.533434786753,-0.00001025744986
1486,left road,1486,-1.90499997138977,0.0,7.59999990463257,-1.85000002384186,0.0,0.64999997615814,-1.90499997138977,0.0,7.59999990463257,-1.34908008575439,1.20473492145538,10.1852684020996,-1.75324845314026,0.32886075973511,8.30570888519287,"(-1.753248, 0.328861, 8.305709)",truck body CS,2.90586400032043,0.1,-1.34908008575439,1.20473492145538,10.1852684020996,-0.00102246595769,-179.533434786753,-0.00001025744986
1487,left road,1487,-1.80499994754791,0.0,7.59999990463257,-1.75,0.0,0.64999997615814,-1.80499994754791,0.0,7.59999990463257,-1.34908008575439,1.20473492145538,10.1852684020996,-1.67876732349396,0.33356016874313,8.31579399108887,"(-1.678767, 0.33356, 8.315794)",truck body CS,2.88840126991272,0.1,-1.34908008575439,1.20473492145538,10.1852684020996,-0.00102246595769,-179.533434786753,-0.00001025744986
1488,left road,1488,-1.70499992370605,0.0,7.59999990463257,-1.64999997615814,0.0,0.64999997615814,-1.70499992370605,0.0,7.59999990463257,-1.34908008575439,1.20473492145538,10.1852684020996,-1.60767257213593,0.32943797111511,8.30694770812988,"(-1.607673, 0.329438, 8.306948)",truck body CS,2.87431359291077,0.1,-1.34908008575439,1.20473492145538,10.1852684020996,-0.00102246595769,-179.533434786753,-0.00001025744986
1489,left road,1489,-1.6049998998642,0.0,7.59999990463257,-1.54999995231628,0.0,0.64999997615814,-1.6049998998642,0.0,7.59999990463257,-1.34908008575439,1.20473492145538,10.1852684020996,-1.53516101837158,0.32876423001289,8.30550193786621,"(-1.535161, 0.328764, 8.305502)",truck body CS,2.86365056037903,0.1,-1.34908008575439,1.20473492145538,10.1852684020996,-0.00102246595769,-179.533434786753,-0.00001025744986
1490,left road,1490,-1.50499999523163,0.0,7.59999990463257,-1.45000004768372,0.0,0.64999997615814,-1.50499999523163,0.0,7.59999990463257,-1.34908008575439,1.20473492145538,10.1852684020996,-1.46247220039368,0.32859593629837,8.30514049530029,"(-1.462472, 0.328596, 8.30514)",truck body CS,2.85645055770874,0.1,-1.34908008575439,1.20473492145538,10.1852684020996,-0.00102246595769,-179.533434786753,-0.00001025744986
1491,left road,1491,-1.40499997138977,0.0,7.59999990463257,-1.35000002384186,0.0,0.64999997615814,-1.40499997138977,0.0,7.59999990463257,-1.34908008575439,1.20473492145538,10.1852684020996,-1.38975548744202,0.32842743396759,8.30477905273438,"(-1.389755, 0.328427, 8.304779)",truck body CS,2.85274004936218,0.1,-1.34908008575439,1.20473492145538,10.1852684020996,-0.00102246595769,-179.533434786753,-0.00001025744986
1492,left road,1492,-1.30499994754791,0.0,7.59999990463257,-1.25,0.0,0.64999997615814,-1.30499994754791,0.0,7.59999990463257,-1.34908008575439,1.20473492145538,10.1852684020996,-1.31701064109802,0.3282590508461,8.30441761016846,"(-1.317011, 0.328259, 8.304418)",truck body CS,2.85253262519836,0.1,-1.34908008575439,1.20473492145538,10.1852684020996,-0.00102246595769,-179.533434786753,-0.00001025744986
1493,left road,1493,-1.20499992370605,0.0,7.59999990463257,-1.14999997615814,0.0,0.64999997615814,-1.20499992370605,0.0,7.59999990463257,-1.34908008575439,1.20473492145538,10.1852684020996,-1.24423789978027,0.32809060811996,8.30405616760254,"(-1.244238, 0.328091, 8.304056)",truck body CS,2.85582900047302,0.1,-1.34908008575439,1.20473492145538,10.1852684020996,-0.00102246595769,-179.533434786753,-0.00001025744986
1494,left road,1494,-1.1049998998642,0.0,7.59999990463257,-1.04999995231628,0.0,0.64999997615814,-1.1049998998642,0.0,7.59999990463257,-1.34908008575439,1.20473492145538,10.1852684020996,-1.17143702507019,0.32792186737061,8.30369472503662,"(-1.171437, 0.327922, 8.303695)",truck body CS,2.86261677742004,0.1,-1.34908008575439,1.20473492145538,10.1852684020996,-0.00102246595769,-179.533434786753,-0.00001025744986
1495,left road,1495,-1.00499999523163,0.0,7.59999990463257,-0.94999998807907,0.0,0.64999997615814,-1.00499999523163,0.0,7.59999990463257,-1.34908008575439,1.20473492145538,10.1852684020996,-1.09962868690491,0.33132547140121,8.31099796295166,"(-1.099629, 0.331325, 8.310998)",truck body CS,2.87287139892578,0.1,-1.34908008575439,1.20473492145538,10.1852684020996,-0.00102246595769,-179.533434786753,-0.00001025744986
1496,left road,1496,-0.90500003099442,0.0,7.59999990463257,-0.85000002384186,0.0,0.64999997615814,-0.90500003099442,0.0,7.59999990463257,-1.34908008575439,1.20473492145538,10.1852684020996,-1.02705240249634,0.33111324906349,8.31054306030273,"(-1.027052, 0.331113, 8.310543)",truck body CS,2.88655614852905,0.1,-1.34908008575439,1.20473492145538,10.1852684020996,-0.00102246595769,-179.533434786753,-0.00001025744986
1497,left road,1497,-0.80500000715256,0.0,7.59999990463257,-0.75,0.0,0.64999997615814,-0.80500000715256,0.0,7.59999990463257,-1.34908008575439,1.20473492145538,10.1852684020996,-0.95463967323303,0.3313410282135,8.31103134155273,"(-0.95464, 0.331341, 8.311031)",truck body CS,2.90362238883972,0.1,-1.34908008575439,1.20473492145538,10.1852684020996,-0.00102246595769,-179.533434786753,-0.00001025744986
1498,left road,1498,-0.7049999833107,0.0,7.59999990463257,-0.64999997615814,0.0,0.64999997615814,-0.7049999833107,0.0,7.59999990463257,-1.34908008575439,1.20473492145538,10.1852684020996,-0.90039175748825,0.36547529697418,8.38428115844727,"(-0.900392, 0.365475, 8.384281)",truck body CS,2.92401075363159,0.1,-1.34908008575439,1.20473492145538,10.1852684020996,-0.00102246595769,-179.533434786753,-0.00001025744986
1499,left road,1499,-0.60500001907349,0.0,7.59999990463257,-0.55000001192093,0.0,0.64999997615814,-0.60500001907349,0.0,7.59999990463257,-1.34908008575439,1.20473492145538,10.1852684020996,-1.02130079269409,0.67402976751328,9.04641532897949,"(-1.021301, 0.67403, 9.046415)",truck body CS,2.9476523399353,0.1,-1.34908008575439,1.20473492145538,10.1852684020996,-0.00102246595769,-179.533434786753,-0.00001025744986
1500,left road,1500,-0.50499999523163,0.0,7.59999990463257,-0.44999998807907,0.0,0.64999997615814,-0.50499999523163,0.0,7.59999990463257,-1.34908008575439,1.20473492145538,10.1852684020996,-0.97661477327347,0.67312425374985,9.04447174072266,"(-0.976615, 0.673124, 9.044472)",truck body CS,2.97446990013123,0.1,-1.34908008575439,1.20473492145538,10.1852684020996,-0.00102246595769,-179.533434786753,-0.00001025744986
1501,left road,1501,-0.40500000119209,0.0,7.59999990463257,-0.34999999403954,0.0,0.64999997615814,-0.40500000119209,0.0,7.59999990463257,-1.34908008575439,1.20473492145538,10.1852684020996,-0.93177592754364,0.67221558094025,9.04252243041992,"(-0.931776, 0.672216, 9.042522)",truck body CS,3.00437808036804,0.1,-1.34908008575439,1.20473492145538,10.1852684020996,-0.00102246595769,-179.533434786753,-0.00001025744986
1502,left road,1502,-0.30500000715256,0.0,7.59999990463257,-0.25,0.0,0.64999997615814,-0.30500000715256,0.0,7.59999990463257,-1.34908008575439,1.20473492145538,10.1852684020996,-0.88678342103958,0.67130374908447,9.04056549072266,"(-0.886783, 0.671304, 9.040565)",truck body CS,3.03728532791138,0.1,-1.34908008575439,1.20473492145538,10.1852684020996,-0.00102246595769,-179.533434786753,-0.00001025744986
1503,left road,1503,-0.20500001311302,0.0,7.59999990463257,-0.15000000596046,0.0,0.64999997615814,-0.20500001311302,0.0,7.59999990463257,-1.34908008575439,1.20473492145538,10.1852684020996,-0.8477326631546,0.67680788040161,9.05237674713135,"(-0.847733, 0.676808, 9.052377)",truck body CS,3.07309579849243,0.1,-1.34908008575439,1.20473492145538,10.1852684020996,-0.00102246595769,-179.533434786753,-0.00001025744986
1504,left road,1504,-0.10500000417233,0.0,7.59999990463257,-0.05000000074506,0.0,0.64999997615814,-0.10500000417233,0.0,7.59999990463257,-1.34908008575439,1.20473492145538,10.1852684020996,-0.84679728746414,0.71833723783493,9.14149570465088,"(-0.846797, 0.718337, 9.141496)",truck body CS,3.11170935630798,0.1,-1.34908008575439,1.20473492145538,10.1852684020996,-0.00102246595769,-179.533434786753,-0.00001025744986
1505,left road,1505,-0.00499999895692,0.0,7.59999990463257,0.05000000074506,0.0,0.64999997615814,-0.00499999895692,0.0,7.59999990463257,-1.34908008575439,1.20473492145538,10.1852684020996,-0.84725916385651,0.75493937730789,9.22004127502441,"(-0.847259, 0.754939, 9.220041)",truck body CS,3.1530225276947,0.1,-1.34908008575439,1.20473492145538,10.1852684020996,-0.00102246595769,-179.533434786753,-0.00001025744986
1506,left road,1506,0.09500000625849,0.0,7.59999990463257,0.15000000596046,0.0,0.64999997615814,0.09500000625849,0.0,7.59999990463257,-1.34908008575439,1.20473492145538,10.1852684020996,-0.8474594950676,0.78625404834747,9.28724002838135,"(-0.847459, 0.786254, 9.28724)",truck body CS,3.19693088531494,0.1,-1.34908008575439,1.20473492145538,10.1852684020996,-0.00102246595769,-179.533434786753,-0.00001025744986
1507,left road,1507,0.19499999284744,0.0,7.59999990463257,0.25,0.0,0.64999997615814,0.19499999284744,0.0,7.59999990463257,-1.34908008575439,1.20473492145538,10.1852684020996,-0.84763741493225,0.81349515914917,9.3456974029541,"(-0.847637, 0.813495, 9.345697)",truck body CS,3.24332880973816,0.1,-1.34908008575439,1.20473492145538,10.1852684020996,-0.00102246595769,-179.533434786753,-0.00001025744986
1508,left road,1508,0.29499998688698,0.0,7.59999990463257,0.34999999403954,0.0,0.64999997615814,0.29499998688698,0.0,7.59999990463257,-1.34908008575439,1.20473492145538,10.1852684020996,-0.85187160968781,0.8403947353363,9.40342140197754,"(-0.851872, 0.840395, 9.403421)",truck body CS,3.29211163520813,0.1,-1.34908008575439,1.20473492145538,10.1852684020996,-0.00102246595769,-179.533434786753,-0.00001025744986
1509,left road,1509,0.39499998092651,0.0,7.59999990463257,0.44999998807907,0.0,0.64999997615814,0.39499998092651,0.0,7.59999990463257,-1.34908008575439,1.20473492145538,10.1852684020996,-0.85592222213745,0.86408281326294,9.45425415039063,"(-0.855922, 0.864083, 9.454254)",truck body CS,3.34317445755005,0.1,-1.34908008575439,1.20473492145538,10.1852684020996,-0.00102246595769,-179.533434786753,-0.00001025744986
1510,left road,1510,0.49500000476837,0.0,7.59999990463257,0.55000001192093,0.0,0.64999997615814,0.49500000476837,0.0,7.59999990463257,-1.34908008575439,1.20473492145538,10.1852684020996,-0.85879743099213,0.88443398475647,9.49792671203613,"(-0.858797, 0.884434, 9.497927)",truck body CS,3.39641451835632,0.1,-1.34908008575439,1.20473492145538,10.1852684020996,-0.00102246595769,-179.533434786753,-0.00001025744986
1511,left road,1511,0.59499996900558,0.0,7.59999990463257,0.64999997615814,0.0,0.64999997615814,0.59499996900558,0.0,7.59999990463257,-1.34908008575439,1.20473492145538,10.1852684020996,-0.86232483386993,0.9030956029892,9.53797245025635,"(-0.862325, 0.903096, 9.537972)",truck body CS,3.45173120498657,0.1,-1.34908008575439,1.20473492145538,10.1852684020996,-0.00102246595769,-179.533434786753,-0.00001025744986
1512,left road,1512,0.69499999284744,0.0,7.59999990463257,0.75,0.0,0.64999997615814,0.69499999284744,0.0,7.59999990463257,-1.34908008575439,1.20473492145538,10.1852684020996,-0.86577045917511,0.9198831319809,9.57399749755859,"(-0.86577, 0.919883, 9.573997)",truck body CS,3.50902581214905,0.1,-1.34908008575439,1.20473492145538,10.1852684020996,-0.00102246595769,-179.533434786753,-0.00001025744986
1513,left road,1513,0.7950000166893,0.0,7.59999990463257,0.85000002384186,0.0,0.64999997615814,0.7950000166893,0.0,7.59999990463257,-1.34908008575439,1.20473492145538,10.1852684020996,-0.8688530921936,0.93490070104599,9.60622406005859,"(-0.868853, 0.934901, 9.606224)",truck body CS,3.56820392608643,0.1,-1.34908008575439,1.20473492145538,10.1852684020996,-0.00102246595769,-179.533434786753,-0.00001025744986
1514,left road,1514,0.89499998092651,0.0,7.59999990463257,0.94999998807907,0.0,0.64999997615814,0.89499998092651,0.0,7.59999990463257,-1.34908008575439,1.20473492145538,10.1852684020996,-0.87102615833282,0.94809156656265,9.63453102111816,"(-0.871026, 0.948092, 9.634531)",truck body CS,3.62917280197144,0.1,-1.34908008575439,1.20473492145538,10.1852684020996,-0.00102246595769,-179.533434786753,-0.00001025744986
1515,left road,1515,0.99499994516373,0.0,7.59999990463257,1.04999995231628,0.0,0.64999997615814,0.99499994516373,0.0,7.59999990463257,-1.34908008575439,1.20473492145538,10.1852684020996,-0.87166810035706,0.9593700170517,9.65873336791992,"(-0.871668, 0.95937, 9.658733)",truck body CS,3.69184398651123,0.1,-1.34908008575439,1.20473492145538,10.1852684020996,-0.00102246595769,-179.533434786753,-0.00001025744986
1516,left road,1516,1.09500002861023,0.0,7.59999990463257,1.14999997615814,0.0,0.64999997615814,1.09500002861023,0.0,7.59999990463257,-1.34908008575439,1.20473492145538,10.1852684020996,-0.8723361492157,0.96973848342896,9.680983543396,"(-0.872336, 0.969738, 9.680984)",truck body CS,3.75613188743591,0.1,-1.34908008575439,1.20473492145538,10.1852684020996,-0.00102246595769,-179.533434786753,-0.00001025744986
1517,left road,1517,1.19500005245209,0.0,7.59999990463257,1.25,0.0,0.64999997615814,1.19500005245209,0.0,7.59999990463257,-1.34908008575439,1.20473492145538,10.1852684020996,-0.87533450126648,0.98039531707764,9.7038516998291,"(-0.875335, 0.980395, 9.703852)",truck body CS,3.82195544242859,0.1,-1.34908008575439,1.20473492145538,10.1852684020996,-0.00102246595769,-179.533434786753,-0.00001025744986
1518,left road,1518,1.29500007629395,0.0,7.59999990463257,1.35000002384186,0.0,0.64999997615814,1.29500007629395,0.0,7.59999990463257,-1.34908008575439,1.20473492145538,10.1852684020996,-0.88529926538467,0.99342030286789,9.73180294036865,"(-0.885299, 0.99342, 9.731803)",truck body CS,3.88923645019531,0.1,-1.34908008575439,1.20473492145538,10.1852684020996,-0.00102246595769,-179.533434786753,-0.00001025744986
1519,left road,1519,1.3950001001358,0.0,7.59999990463257,1.45000004768372,0.0,0.64999997615814,1.3950001001358,0.0,7.59999990463257,-1.34908008575439,1.20473492145538,10.1852684020996,-0.90054798126221,1.00781559944153,9.76269435882568,"(-0.900548, 1.007816, 9.762694)",truck body CS,3.95790028572083,0.1,-1.34908008575439,1.20473492145538,10.1852684020996,-0.00102246595769,-179.533434786753,-0.00001025744986
1520,left road,1520,1.49500000476837,0.0,7.59999990463257,1.54999995231628,0.0,0.64999997615814,1.49500000476837,0.0,7.59999990463257,-1.34908008575439,1.20473492145538,10.1852684020996,-0.91142731904984,1.01934790611267,9.78744125366211,"(-0.911427, 1.019348, 9.787441)",truck body CS,4.02787685394287,0.1,-1.34908008575439,1.20473492145538,10.1852684020996,-0.00102246595769,-179.533434786753,-0.00001025744986
1521,left road,1521,1.59500002861023,0.0,7.59999990463257,1.64999997615814,0.0,0.64999997615814,1.59500002861023,0.0,7.59999990463257,-1.34908008575439,1.20473492145538,10.1852684020996,-0.92079210281372,1.02947688102722,9.80917739868164,"(-0.920792, 1.029477, 9.809177)",truck body CS,4.09909820556641,0.1,-1.34908008575439,1.20473492145538,10.1852684020996,-0.00102246595769,-179.533434786753,-0.00001025744986
1522,left road,1522,1.69500005245209,0.0,7.59999990463257,1.75,0.0,0.64999997615814,1.69500005245209,0.0,7.59999990463257,-1.34908008575439,1.20473492145538,10.1852684020996,-0.92922478914261,1.03857159614563,9.82869338989258,"(-0.929225, 1.038572, 9.828693)",truck body CS,4.17150163650513,0.1,-1.34908008575439,1.20473492145538,10.1852684020996,-0.00102246595769,-179.533434786753,-0.00001025744986
1523,left road,1523,1.79500007629395,0.0,7.59999990463257,1.85000002384186,0.0,0.64999997615814,1.79500007629395,0.0,7.59999990463257,-1.34908008575439,1.20473492145538,10.1852684020996,-0.94342648983002,1.04929828643799,9.85171318054199,"(-0.943426, 1.049298, 9.851713)",truck body CS,4.24502515792847,0.1,-1.34908008575439,1.20473492145538,10.1852684020996,-0.00102246595769,-179.533434786753,-0.00001025744986
1524,left road,1524,1.8950001001358,0.0,7.59999990463257,1.95000004768372,0.0,0.64999997615814,1.8950001001358,0.0,7.59999990463257,-1.34908008575439,1.20473492145538,10.1852684020996,-0.94042319059372,1.05297446250916,9.85960102081299,"(-0.940423, 1.052974, 9.859601)",truck body CS,4.31961297988892,0.1,-1.34908008575439,1.20473492145538,10.1852684020996,-0.00102246595769,-179.533434786753,-0.00001025744986
1525,left road,1525,1.99500000476837,0.0,7.59999990463257,2.04999995231628,0.0,0.64999997615814,1.99500000476837,0.0,7.59999990463257,-1.34908008575439,1.20473492145538,10.1852684020996,-0.94193685054779,1.05805790424347,9.87051010131836,"(-0.941937, 1.058058, 9.87051)",truck body CS,4.39520978927612,0.1,-1.34908008575439,1.20473492145538,10.1852684020996,-0.00102246595769,-179.533434786753,-0.00001025744986
1526,left road,1526,2.09500002861023,0.0,7.59999990463257,2.15000009536743,0.0,0.64999997615814,2.09500002861023,0.0,7.59999990463257,-1.34908008575439,1.20473492145538,10.1852684020996,-0.94379466772079,1.06296646595001,9.88104343414307,"(-0.943795, 1.062966, 9.881043)",truck body CS,4.47176551818848,0.1,-1.34908008575439,1.20473492145538,10.1852684020996,-0.00102246595769,-179.533434786753,-0.00001025744986
1527,left road,1527,2.1949999332428,0.0,7.59999990463257,2.25,0.0,0.64999997615814,2.1949999332428,0.0,7.59999990463257,-1.34908008575439,1.20473492145538,10.1852684020996,-0.94569700956345,1.06761336326599,9.89101505279541,"(-0.945697, 1.067613, 9.891015)",truck body CS,4.54923105239868,0.1,-1.34908008575439,1.20473492145538,10.1852684020996,-0.00102246595769,-179.533434786753,-0.00001025744986
1528,left road,1528,2.29499983787537,0.0,7.59999990463257,2.34999990463257,0.0,0.64999997615814,2.29499983787537,0.0,7.59999990463257,-1.34908008575439,1.20473492145538,10.1852684020996,-0.94723427295685,1.07188439369202,9.90018081665039,"(-0.947234, 1.071884, 9.900181)",truck body CS,4.62756061553955,0.1,-1.34908008575439,1.20473492145538,10.1852684020996,-0.00102246595769,-179.533434786753,-0.00001025744986
1529,left road,1529,2.39499998092651,0.0,7.59999990463257,2.45000004768372,0.0,0.64999997615814,2.39499998092651,0.0,7.59999990463257,-1.34908008575439,1.20473492145538,10.1852684020996,-0.94882762432098,1.07594537734985,9.90889549255371,"(-0.948828, 1.075945, 9.908895)",truck body CS,4.706711769104,0.1,-1.34908008575439,1.20473492145538,10.1852684020996,-0.00102246595769,-179.533434786753,-0.00001025744986
1530,left road,1530,2.49499988555908,0.0,7.59999990463257,2.54999995231628,0.0,0.64999997615814,2.49499988555908,0.0,7.59999990463257,-1.34908008575439,1.20473492145538,10.1852684020996,-0.95032578706741,1.07976520061493,9.91709232330322,"(-0.950326, 1.079765, 9.917092)",truck body CS,4.78664255142212,0.1,-1.34908008575439,1.20473492145538,10.1852684020996,-0.00102246595769,-179.533434786753,-0.00001025744986
1531,left road,1531,2.59500002861023,0.0,7.59999990463257,2.65000009536743,0.0,0.64999997615814,2.59500002861023,0.0,7.59999990463257,-1.34908008575439,1.20473492145538,10.1852684020996,-0.95173746347427,1.08336496353149,9.92481708526611,"(-0.951737, 1.083365, 9.924817)",truck body CS,4.86731624603271,0.1,-1.34908008575439,1.20473492145538,10.1852684020996,-0.00102246595769,-179.533434786753,-0.00001025744986
1532,left road,1532,2.6949999332428,0.0,7.59999990463257,2.75,0.0,0.64999997615814,2.6949999332428,0.0,7.59999990463257,-1.34908008575439,1.20473492145538,10.1852684020996,-0.95307058095932,1.08676338195801,9.93210983276367,"(-0.953071, 1.086763, 9.93211)",truck body CS,4.94869470596313,0.1,-1.34908008575439,1.20473492145538,10.1852684020996,-0.00102246595769,-179.533434786753,-0.00001025744986
1533,left road,1533,2.79499983787537,0.0,7.59999990463257,2.84999990463257,0.0,0.64999997615814,2.79499983787537,0.0,7.59999990463257,-1.34908008575439,1.20473492145538,10.1852684020996,-0.95433181524277,1.08997666835785,9.93900489807129,"(-0.954332, 1.089977, 9.939005)",truck body CS,5.03074550628662,0.1,-1.34908008575439,1.20473492145538,10.1852684020996,-0.00102246595769,-179.533434786753,-0.00001025744986
1534,left road,1534,2.89499998092651,0.0,7.59999990463257,2.95000004768372,0.0,0.64999997615814,2.89499998092651,0.0,7.59999990463257,-1.34908008575439,1.20473492145538,10.1852684020996,-0.9554283618927,1.09299182891846,9.94547557830811,"(-0.955428, 1.092992, 9.945476)",truck body CS,5.11343479156494,0.1,-1.34908008575439,1.20473492145538,10.1852684020996,-0.00102246595769,-179.533434786753,-0.00001025744986
1535,left road,1535,2.99499988555908,0.0,7.59999990463257,3.04999995231628,0.0,0.64999997615814,2.99499988555908,0.0,7.59999990463257,-1.34908008575439,1.20473492145538,10.1852684020996,-0.95640981197357,1.09583628177643,9.95158004760742,"(-0.95641, 1.095836, 9.95158)",truck body CS,5.19673252105713,0.1,-1.34908008575439,1.20473492145538,10.1852684020996,-0.00102246595769,-179.533434786753,-0.00001025744986
1536,left road,1536,3.09500002861023,0.0,7.59999990463257,3.15000009536743,0.0,0.64999997615814,3.09500002861023,0.0,7.59999990463257,-1.34908008575439,1.20473492145538,10.1852684020996,-0.95734089612961,1.09853911399841,9.95737934112549,"(-0.957341, 1.098539, 9.957379)",truck body CS,5.28061056137085,0.1,-1.34908008575439,1.20473492145538,10.1852684020996,-0.00102246595769,-179.533434786753,-0.00001025744986
1537,left road,1537,3.1949999332428,0.0,7.59999990463257,3.25,0.0,0.64999997615814,3.1949999332428,0.0,7.59999990463257,-1.34908008575439,1.20473492145538,10.1852684020996,-0.95822823047638,1.10111153125763,9.96290016174316,"(-0.958228, 1.101112, 9.9629)",truck body CS,5.36504030227661,0.1,-1.34908008575439,1.20473492145538,10.1852684020996,-0.00102246595769,-179.533434786753,-0.00001025744986
1538,left road,1538,3.29499983787537,0.0,7.59999990463257,3.34999990463257,0.0,0.64999997615814,3.29499983787537,0.0,7.59999990463257,-1.34908008575439,1.20473492145538,10.1852684020996,-0.95910441875458,1.10356998443604,9.96817588806152,"(-0.959104, 1.10357, 9.968176)",truck body CS,5.4499979019165,0.1,-1.34908008575439,1.20473492145538,10.1852684020996,-0.00102246595769,-179.533434786753,-0.00001025744986
1539,left road,1539,3.39499998092651,0.0,7.59999990463257,3.45000004768372,0.0,0.64999997615814,3.39499998092651,0.0,7.59999990463257,-1.34908008575439,1.20473492145538,10.1852684020996,-0.95995116233826,1.10591745376587,9.97321319580078,"(-0.959951, 1.105917, 9.973213)",truck body CS,5.53545808792114,0.1,-1.34908008575439,1.20473492145538,10.1852684020996,-0.00102246595769,-179.533434786753,-0.00001025744986
1540,left road,1540,-3.50500011444092,0.0,7.69999980926514,-3.45000004768372,0.0,0.75,-3.50500011444092,0.0,7.69999980926514,-1.34908008575439,1.20473492145538,10.1852684020996,-2.35310029983521,0.64368522167206,9.02786827087402,"(-2.3531, 0.643685, 9.027868)",truck body CS,3.50370335578918,0.1,-1.34908008575439,1.20473492145538,10.1852684020996,-0.00102246595769,-179.533434786753,-0.00001025744986
1541,left road,1541,-3.40499997138977,0.0,7.69999980926514,-3.34999990463257,0.0,0.75,-3.40499997138977,0.0,7.69999980926514,-1.34908008575439,1.20473492145538,10.1852684020996,-2.35356259346008,0.61612474918365,8.97101402282715,"(-2.353563, 0.616125, 8.971014)",truck body CS,3.44307327270508,0.1,-1.34908008575439,1.20473492145538,10.1852684020996,-0.00102246595769,-179.533434786753,-0.00001025744986
1542,left road,1542,-3.3050000667572,0.0,7.69999980926514,-3.25,0.0,0.75,-3.3050000667572,0.0,7.69999980926514,-1.34908008575439,1.20473492145538,10.1852684020996,-2.35407280921936,0.58571672439575,8.90828418731689,"(-2.354073, 0.585717, 8.908284)",truck body CS,3.38431215286255,0.1,-1.34908008575439,1.20473492145538,10.1852684020996,-0.00102246595769,-179.533434786753,-0.00001025744986
1543,left road,1543,-3.20500016212463,0.0,7.69999980926514,-3.15000009536743,0.0,0.75,-3.20500016212463,0.0,7.69999980926514,-1.34908008575439,1.20473492145538,10.1852684020996,-2.35463881492615,0.55199563503265,8.83872032165527,"(-2.354639, 0.551996, 8.83872)",truck body CS,3.32751941680908,0.1,-1.34908008575439,1.20473492145538,10.1852684020996,-0.00102246595769,-179.533434786753,-0.00001025744986
1544,left road,1544,-3.10500001907349,0.0,7.69999980926514,-3.04999995231628,0.0,0.75,-3.10500001907349,0.0,7.69999980926514,-1.34908008575439,1.20473492145538,10.1852684020996,-2.35526990890503,0.51438891887665,8.76114082336426,"(-2.35527, 0.514389, 8.761141)",truck body CS,3.27279710769653,0.1,-1.34908008575439,1.20473492145538,10.1852684020996,-0.00102246595769,-179.533434786753,-0.00001025744986
1545,left road,1545,-3.00500011444092,0.0,7.69999980926514,-2.95000004768372,0.0,0.75,-3.00500011444092,0.0,7.69999980926514,-1.34908008575439,1.20473492145538,10.1852684020996,-2.55848240852356,0.32485568523407,8.37014961242676,"(-2.558482, 0.324856, 8.37015)",truck body CS,3.2202513217926,0.1,-1.34908008575439,1.20473492145538,10.1852684020996,-0.00102246595769,-179.533434786753,-0.00001025744986
1546,left road,1546,-2.90499997138977,0.0,7.69999980926514,-2.84999990463257,0.0,0.75,-2.90499997138977,0.0,7.69999980926514,-1.34908008575439,1.20473492145538,10.1852684020996,-2.48591279983521,0.32449528574944,8.36940574645996,"(-2.485913, 0.324495, 8.369406)",truck body CS,3.16998934745789,0.1,-1.34908008575439,1.20473492145538,10.1852684020996,-0.00102246595769,-179.533434786753,-0.00001025744986
1547,left road,1547,-2.8050000667572,0.0,7.69999980926514,-2.75,0.0,0.75,-2.8050000667572,0.0,7.69999980926514,-1.34908008575439,1.20473492145538,10.1852684020996,-2.41328382492065,0.32413464784622,8.36866188049316,"(-2.413284, 0.324135, 8.368662)",truck body CS,3.12212252616882,0.1,-1.34908008575439,1.20473492145538,10.1852684020996,-0.00102246595769,-179.533434786753,-0.00001025744986
1548,left road,1548,-2.70500016212463,0.0,7.69999980926514,-2.65000009536743,0.0,0.75,-2.70500016212463,0.0,7.69999980926514,-1.34908008575439,1.20473492145538,10.1852684020996,-2.34213161468506,0.32240867614746,8.3651008605957,"(-2.342132, 0.322409, 8.365101)",truck body CS,3.07676219940186,0.1,-1.34908008575439,1.20473492145538,10.1852684020996,-0.00102246595769,-179.533434786753,-0.00001025744986
1549,left road,1549,-2.60500001907349,0.0,7.69999980926514,-2.54999995231628,0.0,0.75,-2.60500001907349,0.0,7.69999980926514,-1.34908008575439,1.20473492145538,10.1852684020996,-2.26882314682007,0.32247591018677,8.3652400970459,"(-2.268823, 0.322476, 8.36524)",truck body CS,3.03402066230774,0.1,-1.34908008575439,1.20473492145538,10.1852684020996,-0.00102246595769,-179.533434786753,-0.00001025744986
1550,left road,1550,-2.50500011444092,0.0,7.69999980926514,-2.45000004768372,0.0,0.75,-2.50500011444092,0.0,7.69999980926514,-1.34908008575439,1.20473492145538,10.1852684020996,-2.1955258846283,0.32254326343536,8.36537933349609,"(-2.195526, 0.322543, 8.365379)",truck body CS,2.99401021003723,0.1,-1.34908008575439,1.20473492145538,10.1852684020996,-0.00102246595769,-179.533434786753,-0.00001025744986
1551,left road,1551,-2.40499997138977,0.0,7.69999980926514,-2.34999990463257,0.0,0.75,-2.40499997138977,0.0,7.69999980926514,-1.34908008575439,1.20473492145538,10.1852684020996,-2.12223982810974,0.32261055707932,8.36551761627197,"(-2.12224, 0.322611, 8.365518)",truck body CS,2.95684170722961,0.1,-1.34908008575439,1.20473492145538,10.1852684020996,-0.00102246595769,-179.533434786753,-0.00001025744986
1552,left road,1552,-2.3050000667572,0.0,7.69999980926514,-2.25,0.0,0.75,-2.3050000667572,0.0,7.69999980926514,-1.34908008575439,1.20473492145538,10.1852684020996,-2.0489649772644,0.32267791032791,8.36565685272217,"(-2.048965, 0.322678, 8.365657)",truck body CS,2.92262363433838,0.1,-1.34908008575439,1.20473492145538,10.1852684020996,-0.00102246595769,-179.533434786753,-0.00001025744986
1553,left road,1553,-2.20500016212463,0.0,7.69999980926514,-2.15000009536743,0.0,0.75,-2.20500016212463,0.0,7.69999980926514,-1.34908008575439,1.20473492145538,10.1852684020996,-1.97570145130157,0.32274520397186,8.36579608917236,"(-1.975701, 0.322745, 8.365796)",truck body CS,2.89146065711975,0.1,-1.34908008575439,1.20473492145538,10.1852684020996,-0.00102246595769,-179.533434786753,-0.00001025744986
1554,left road,1554,-2.10500001907349,0.0,7.69999980926514,-2.04999995231628,0.0,0.75,-2.10500001907349,0.0,7.69999980926514,-1.34908008575439,1.20473492145538,10.1852684020996,-1.90244889259338,0.32281243801117,8.36593437194824,"(-1.902449, 0.322812, 8.365934)",truck body CS,2.86345267295837,0.1,-1.34908008575439,1.20473492145538,10.1852684020996,-0.00102246595769,-179.533434786753,-0.00001025744986
1555,left road,1555,-2.00500011444092,0.0,7.69999980926514,-1.95000004768372,0.0,0.75,-2.00500011444092,0.0,7.69999980926514,-1.34908008575439,1.20473492145538,10.1852684020996,-1.82920753955841,0.32287979125977,8.36607265472412,"(-1.829208, 0.32288, 8.366073)",truck body CS,2.83869290351868,0.1,-1.34908008575439,1.20473492145538,10.1852684020996,-0.00102246595769,-179.533434786753,-0.00001025744986
1556,left road,1556,-1.90499997138977,0.0,7.69999980926514,-1.85000002384186,0.0,0.75,-1.90499997138977,0.0,7.69999980926514,-1.34908008575439,1.20473492145538,10.1852684020996,-1.7560498714447,0.3227898478508,8.36588764190674,"(-1.75605, 0.32279, 8.365888)",truck body CS,2.81726694107056,0.1,-1.34908008575439,1.20473492145538,10.1852684020996,-0.00102246595769,-179.533434786753,-0.00001025744986
1557,left road,1557,-1.80499994754791,0.0,7.69999980926514,-1.75,0.0,0.75,-1.80499994754791,0.0,7.69999980926514,-1.34908008575439,1.20473492145538,10.1852684020996,-1.68284058570862,0.32279673218727,8.36590194702148,"(-1.682841, 0.322797, 8.365902)",truck body CS,2.79925155639648,0.1,-1.34908008575439,1.20473492145538,10.1852684020996,-0.00102246595769,-179.533434786753,-0.00001025744986
1558,left road,1558,-1.70499992370605,0.0,7.69999980926514,-1.64999997615814,0.0,0.75,-1.70499992370605,0.0,7.69999980926514,-1.34908008575439,1.20473492145538,10.1852684020996,-1.60968506336212,0.3226261138916,8.36555004119873,"(-1.609685, 0.322626, 8.36555)",truck body CS,2.78471279144287,0.1,-1.34908008575439,1.20473492145538,10.1852684020996,-0.00102246595769,-179.533434786753,-0.00001025744986
1559,left road,1559,-1.6049998998642,0.0,7.69999980926514,-1.54999995231628,0.0,0.75,-1.6049998998642,0.0,7.69999980926514,-1.34908008575439,1.20473492145538,10.1852684020996,-1.53650116920471,0.32245549559593,8.36519813537598,"(-1.536501, 0.322455, 8.365198)",truck body CS,2.77370524406433,0.1,-1.34908008575439,1.20473492145538,10.1852684020996,-0.00102246595769,-179.533434786753,-0.00001025744986
1560,left road,1560,-1.50499999523163,0.0,7.69999980926514,-1.45000004768372,0.0,0.75,-1.50499999523163,0.0,7.69999980926514,-1.34908008575439,1.20473492145538,10.1852684020996,-1.46328902244568,0.32228469848633,8.36484527587891,"(-1.463289, 0.322285, 8.364845)",truck body CS,2.76627135276794,0.1,-1.34908008575439,1.20473492145538,10.1852684020996,-0.00102246595769,-179.533434786753,-0.00001025744986
1561,left road,1561,-1.40499997138977,0.0,7.69999980926514,-1.35000002384186,0.0,0.75,-1.40499997138977,0.0,7.69999980926514,-1.34908008575439,1.20473492145538,10.1852684020996,-1.39004850387573,0.3221138715744,8.36449337005615,"(-1.390049, 0.322114, 8.364493)",truck body CS,2.7624397277832,0.1,-1.34908008575439,1.20473492145538,10.1852684020996,-0.00102246595769,-179.533434786753,-0.00001025744986
1562,left road,1562,-1.30499994754791,0.0,7.69999980926514,-1.25,0.0,0.75,-1.30499994754791,0.0,7.69999980926514,-1.34908008575439,1.20473492145538,10.1852684020996,-1.31677949428558,0.32194298505783,8.36414051055908,"(-1.316779, 0.321943, 8.364141)",truck body CS,2.76222538948059,0.1,-1.34908008575439,1.20473492145538,10.1852684020996,-0.00102246595769,-179.533434786753,-0.00001025744986
1563,left road,1563,-1.20499992370605,0.0,7.69999980926514,-1.14999997615814,0.0,0.75,-1.20499992370605,0.0,7.69999980926514,-1.34908008575439,1.20473492145538,10.1852684020996,-1.24348223209381,0.32177203893661,8.36378765106201,"(-1.243482, 0.321772, 8.363788)",truck body CS,2.76562929153442,0.1,-1.34908008575439,1.20473492145538,10.1852684020996,-0.00102246595769,-179.533434786753,-0.00001025744986
1564,left road,1564,-1.1049998998642,0.0,7.69999980926514,-1.04999995231628,0.0,0.75,-1.1049998998642,0.0,7.69999980926514,-1.34908008575439,1.20473492145538,10.1852684020996,-1.17015647888184,0.32160100340843,8.36343574523926,"(-1.170156, 0.321601, 8.363436)",truck body CS,2.77263784408569,0.1,-1.34908008575439,1.20473492145538,10.1852684020996,-0.00102246595769,-179.533434786753,-0.00001025744986
1565,left road,1565,-1.00499999523163,0.0,7.69999980926514,-0.94999998807907,0.0,0.75,-1.00499999523163,0.0,7.69999980926514,-1.34908008575439,1.20473492145538,10.1852684020996,-1.09722542762756,0.32291060686111,8.36613655090332,"(-1.097225, 0.322911, 8.366137)",truck body CS,2.78322434425354,0.1,-1.34908008575439,1.20473492145538,10.1852684020996,-0.00102246595769,-179.533434786753,-0.00001025744986
1566,left road,1566,-0.90500003099442,0.0,7.69999980926514,-0.85000002384186,0.0,0.75,-0.90500003099442,0.0,7.69999980926514,-1.34908008575439,1.20473492145538,10.1852684020996,-1.02411437034607,0.32314270734787,8.36661529541016,"(-1.024114, 0.323143, 8.366615)",truck body CS,2.79734754562378,0.1,-1.34908008575439,1.20473492145538,10.1852684020996,-0.00102246595769,-179.533434786753,-0.00001025744986
1567,left road,1567,-0.80500000715256,0.0,7.69999980926514,-0.75,0.0,0.75,-0.80500000715256,0.0,7.69999980926514,-1.34908008575439,1.20473492145538,10.1852684020996,-0.95104187726974,0.32337471842766,8.36709403991699,"(-0.951042, 0.323375, 8.367094)",truck body CS,2.81495451927185,0.1,-1.34908008575439,1.20473492145538,10.1852684020996,-0.00102246595769,-179.533434786753,-0.00001025744986
1568,left road,1568,-0.7049999833107,0.0,7.69999980926514,-0.64999997615814,0.0,0.75,-0.7049999833107,0.0,7.69999980926514,-1.34908008575439,1.20473492145538,10.1852684020996,-1.05786788463593,0.6600301861763,9.06158638000488,"(-1.057868, 0.66003, 9.061586)",truck body CS,2.83598065376282,0.1,-1.34908008575439,1.20473492145538,10.1852684020996,-0.00102246595769,-179.533434786753,-0.00001025744986
1569,left road,1569,-0.60500001907349,0.0,7.69999980926514,-0.55000001192093,0.0,0.75,-0.60500001907349,0.0,7.69999980926514,-1.34908008575439,1.20473492145538,10.1852684020996,-1.01286816596985,0.6603764295578,9.06230068206787,"(-1.012868, 0.660376, 9.062301)",truck body CS,2.86034989356995,0.1,-1.34908008575439,1.20473492145538,10.1852684020996,-0.00102246595769,-179.533434786753,-0.00001025744986
1570,left road,1570,-0.50499999523163,0.0,7.69999980926514,-0.44999998807907,0.0,0.75,-0.50499999523163,0.0,7.69999980926514,-1.34908008575439,1.20473492145538,10.1852684020996,-0.96718603372574,0.65966683626175,9.06083679199219,"(-0.967186, 0.659667, 9.060837)",truck body CS,2.88797807693481,0.1,-1.34908008575439,1.20473492145538,10.1852684020996,-0.00102246595769,-179.533434786753,-0.00001025744986
1571,left road,1571,-0.40500000119209,0.0,7.69999980926514,-0.34999999403954,0.0,0.75,-0.40500000119209,0.0,7.69999980926514,-1.34908008575439,1.20473492145538,10.1852684020996,-0.92119365930557,0.65871155261993,9.05886650085449,"(-0.921194, 0.658712, 9.058867)",truck body CS,2.91877269744873,0.1,-1.34908008575439,1.20473492145538,10.1852684020996,-0.00102246595769,-179.533434786753,-0.00001025744986
1572,left road,1572,-0.30500000715256,0.0,7.69999980926514,-0.25,0.0,0.75,-0.30500000715256,0.0,7.69999980926514,-1.34908008575439,1.20473492145538,10.1852684020996,-0.87503963708878,0.65775293111801,9.05688858032227,"(-0.87504, 0.657753, 9.056889)",truck body CS,2.95263433456421,0.1,-1.34908008575439,1.20473492145538,10.1852684020996,-0.00102246595769,-179.533434786753,-0.00001025744986
1573,left road,1573,-0.20500001311302,0.0,7.69999980926514,-0.15000000596046,0.0,0.75,-0.20500001311302,0.0,7.69999980926514,-1.34908008575439,1.20473492145538,10.1852684020996,-0.84892904758453,0.67806768417358,9.09879684448242,"(-0.848929, 0.678068, 9.098797)",truck body CS,2.98945903778076,0.1,-1.34908008575439,1.20473492145538,10.1852684020996,-0.00102246595769,-179.533434786753,-0.00001025744986
1574,left road,1574,-0.10500000417233,0.0,7.69999980926514,-0.05000000074506,0.0,0.75,-0.10500000417233,0.0,7.69999980926514,-1.34908008575439,1.20473492145538,10.1852684020996,-0.84660363197327,0.71814966201782,9.18148231506348,"(-0.846604, 0.71815, 9.181482)",truck body CS,3.02913856506348,0.1,-1.34908008575439,1.20473492145538,10.1852684020996,-0.00102246595769,-179.533434786753,-0.00001025744986
1575,left road,1575,-0.00499999895692,0.0,7.69999980926514,0.05000000074506,0.0,0.75,-0.00499999895692,0.0,7.69999980926514,-1.34908008575439,1.20473492145538,10.1852684020996,-0.84665513038635,0.7543979883194,9.25625991821289,"(-0.846655, 0.754398, 9.25626)",truck body CS,3.07156276702881,0.1,-1.34908008575439,1.20473492145538,10.1852684020996,-0.00102246595769,-179.533434786753,-0.00001025744986
1576,left road,1576,0.09500000625849,0.0,7.69999980926514,0.15000000596046,0.0,0.75,0.09500000625849,0.0,7.69999980926514,-1.34908008575439,1.20473492145538,10.1852684020996,-0.84690171480179,0.78578877449036,9.32101631164551,"(-0.846902, 0.785789, 9.321016)",truck body CS,3.11661911010742,0.1,-1.34908008575439,1.20473492145538,10.1852684020996,-0.00102246595769,-179.533434786753,-0.00001025744986
1577,left road,1577,0.19499999284744,0.0,7.69999980926514,0.25,0.0,0.75,0.19499999284744,0.0,7.69999980926514,-1.34908008575439,1.20473492145538,10.1852684020996,-0.84712743759155,0.81309723854065,9.37735176086426,"(-0.847127, 0.813097, 9.377352)",truck body CS,3.1641948223114,0.1,-1.34908008575439,1.20473492145538,10.1852684020996,-0.00102246595769,-179.533434786753,-0.00001025744986
1578,left road,1578,0.29499998688698,0.0,7.69999980926514,0.34999999403954,0.0,0.75,0.29499998688698,0.0,7.69999980926514,-1.34908008575439,1.20473492145538,10.1852684020996,-0.85175204277039,0.84030711650848,9.4334831237793,"(-0.851752, 0.840307, 9.433483)",truck body CS,3.21417880058289,0.1,-1.34908008575439,1.20473492145538,10.1852684020996,-0.00102246595769,-179.533434786753,-0.00001025744986
1579,left road,1579,0.39499998092651,0.0,7.69999980926514,0.44999998807907,0.0,0.75,0.39499998092651,0.0,7.69999980926514,-1.34908008575439,1.20473492145538,10.1852684020996,-0.85548704862595,0.86378216743469,9.48191070556641,"(-0.855487, 0.863782, 9.481911)",truck body CS,3.26646018028259,0.1,-1.34908008575439,1.20473492145538,10.1852684020996,-0.00102246595769,-179.533434786753,-0.00001025744986
1580,left road,1580,0.49500000476837,0.0,7.69999980926514,0.55000001192093,0.0,0.75,0.49500000476837,0.0,7.69999980926514,-1.34908008575439,1.20473492145538,10.1852684020996,-0.85849618911743,0.88423705101013,9.52410697937012,"(-0.858496, 0.884237, 9.524107)",truck body CS,3.32093024253845,0.1,-1.34908008575439,1.20473492145538,10.1852684020996,-0.00102246595769,-179.533434786753,-0.00001025744986
1581,left road,1581,0.59499996900558,0.0,7.69999980926514,0.64999997615814,0.0,0.75,0.59499996900558,0.0,7.69999980926514,-1.34908008575439,1.20473492145538,10.1852684020996,-0.86225908994675,0.90305483341217,9.56292629241943,"(-0.862259, 0.903055, 9.562926)",truck body CS,3.37748336791992,0.1,-1.34908008575439,1.20473492145538,10.1852684020996,-0.00102246595769,-179.533434786753,-0.00001025744986
1582,left road,1582,0.69499999284744,0.0,7.69999980926514,0.75,0.0,0.75,0.69499999284744,0.0,7.69999980926514,-1.34908008575439,1.20473492145538,10.1852684020996,-0.86570823192596,0.91984629631042,9.59756565093994,"(-0.865708, 0.919846, 9.597566)",truck body CS,3.43601655960083,0.1,-1.34908008575439,1.20473492145538,10.1852684020996,-0.00102246595769,-179.533434786753,-0.00001025744986
1583,left road,1583,0.7950000166893,0.0,7.69999980926514,0.85000002384186,0.0,0.75,0.7950000166893,0.0,7.69999980926514,-1.34908008575439,1.20473492145538,10.1852684020996,-0.86879432201385,0.93486762046814,9.62855339050293,"(-0.868794, 0.934868, 9.628553)",truck body CS,3.49643039703369,0.1,-1.34908008575439,1.20473492145538,10.1852684020996,-0.00102246595769,-179.533434786753,-0.00001025744986
1584,left road,1584,0.89499998092651,0.0,7.69999980926514,0.94999998807907,0.0,0.75,0.89499998092651,0.0,7.69999980926514,-1.34908008575439,1.20473492145538,10.1852684020996,-0.87096834182739,0.94806039333344,9.65576934814453,"(-0.870968, 0.94806, 9.655769)",truck body CS,3.55862903594971,0.1,-1.34908008575439,1.20473492145538,10.1852684020996,-0.00102246595769,-179.533434786753,-0.00001025744986
1585,left road,1585,0.99499994516373,0.0,7.69999980926514,1.04999995231628,0.0,0.75,0.99499994516373,0.0,7.69999980926514,-1.34908008575439,1.20473492145538,10.1852684020996,-0.87164944410324,0.95936036109924,9.67908000946045,"(-0.871649, 0.95936, 9.67908)",truck body CS,3.6225209236145,0.1,-1.34908008575439,1.20473492145538,10.1852684020996,-0.00102246595769,-179.533434786753,-0.00001025744986
1586,left road,1586,1.09500002861023,0.0,7.69999980926514,1.14999997615814,0.0,0.75,1.09500002861023,0.0,7.69999980926514,-1.34908008575439,1.20473492145538,10.1852684020996,-0.87248373031616,0.96981114149094,9.70063877105713,"(-0.872484, 0.969811, 9.700639)",truck body CS,3.68801736831665,0.1,-1.34908008575439,1.20473492145538,10.1852684020996,-0.00102246595769,-179.533434786753,-0.00001025744986
1587,left road,1587,1.19500005245209,0.0,7.69999980926514,1.25,0.0,0.75,1.19500005245209,0.0,7.69999980926514,-1.34908008575439,1.20473492145538,10.1852684020996,-0.87553572654724,0.98049050569534,9.72266960144043,"(-0.875536, 0.980491, 9.72267)",truck body CS,3.75503540039063,0.1,-1.34908008575439,1.20473492145538,10.1852684020996,-0.00102246595769,-179.533434786753,-0.00001025744986
1588,left road,1588,1.29500007629395,0.0,7.69999980926514,1.35000002384186,0.0,0.75,1.29500007629395,0.0,7.69999980926514,-1.34908008575439,1.20473492145538,10.1852684020996,-0.88574749231339,0.99362432956696,9.74976348876953,"(-0.885747, 0.993624, 9.749763)",truck body CS,3.82349395751953,0.1,-1.34908008575439,1.20473492145538,10.1852684020996,-0.00102246595769,-179.533434786753,-0.00001025744986
1589,left road,1589,1.3950001001358,0.0,7.69999980926514,1.45000004768372,0.0,0.75,1.3950001001358,0.0,7.69999980926514,-1.34908008575439,1.20473492145538,10.1852684020996,-0.90087735652924,1.00796031951904,9.77933788299561,"(-0.900877, 1.00796, 9.779338)",truck body CS,3.89331746101379,0.1,-1.34908008575439,1.20473492145538,10.1852684020996,-0.00102246595769,-179.533434786753,-0.00001025744986
1590,left road,1590,1.49500000476837,0.0,7.69999980926514,1.54999995231628,0.0,0.75,1.49500000476837,0.0,7.69999980926514,-1.34908008575439,1.20473492145538,10.1852684020996,-0.91168165206909,1.01945555210114,9.80305194854736,"(-0.911682, 1.019456, 9.803052)",truck body CS,3.9644341468811,0.1,-1.34908008575439,1.20473492145538,10.1852684020996,-0.00102246595769,-179.533434786753,-0.00001025744986
1591,left road,1591,1.59500002861023,0.0,7.69999980926514,1.64999997615814,0.0,0.75,1.59500002861023,0.0,7.69999980926514,-1.34908008575439,1.20473492145538,10.1852684020996,-0.92105978727341,1.02958631515503,9.82395076751709,"(-0.92106, 1.029586, 9.823951)",truck body CS,4.0367751121521,0.1,-1.34908008575439,1.20473492145538,10.1852684020996,-0.00102246595769,-179.533434786753,-0.00001025744986
1592,left road,1592,1.69500005245209,0.0,7.69999980926514,1.75,0.0,0.75,1.69500005245209,0.0,7.69999980926514,-1.34908008575439,1.20473492145538,10.1852684020996,-0.92950338125229,1.03868174552917,9.84271430969238,"(-0.929503, 1.038682, 9.842714)",truck body CS,4.110276222229,0.1,-1.34908008575439,1.20473492145538,10.1852684020996,-0.00102246595769,-179.533434786753,-0.00001025744986
1593,left road,1593,1.79500007629395,0.0,7.69999980926514,1.85000002384186,0.0,0.75,1.79500007629395,0.0,7.69999980926514,-1.34908008575439,1.20473492145538,10.1852684020996,-0.94313502311707,1.04918658733368,9.86438465118408,"(-0.943135, 1.049187, 9.864385)",truck body CS,4.18487596511841,0.1,-1.34908008575439,1.20473492145538,10.1852684020996,-0.00102246595769,-179.533434786753,-0.00001025744986
1594,left road,1594,1.8950001001358,0.0,7.69999980926514,1.95000004768372,0.0,0.75,1.8950001001358,0.0,7.69999980926514,-1.34908008575439,1.20473492145538,10.1852684020996,-0.94031494855881,1.05293428897858,9.87211513519287,"(-0.940315, 1.052934, 9.872115)",truck body CS,4.26051664352417,0.1,-1.34908008575439,1.20473492145538,10.1852684020996,-0.00102246595769,-179.533434786753,-0.00001025744986
1595,left road,1595,1.99500000476837,0.0,7.69999980926514,2.04999995231628,0.0,0.75,1.99500000476837,0.0,7.69999980926514,-1.34908008575439,1.20473492145538,10.1852684020996,-0.9418910741806,1.05804133415222,9.88265132904053,"(-0.941891, 1.058041, 9.882651)",truck body CS,4.33714389801025,0.1,-1.34908008575439,1.20473492145538,10.1852684020996,-0.00102246595769,-179.533434786753,-0.00001025744986
1596,left road,1596,2.09500002861023,0.0,7.69999980926514,2.15000009536743,0.0,0.75,2.09500002861023,0.0,7.69999980926514,-1.34908008575439,1.20473492145538,10.1852684020996,-0.94373607635498,1.0629460811615,9.89276885986328,"(-0.943736, 1.062946, 9.892769)",truck body CS,4.41470670700073,0.1,-1.34908008575439,1.20473492145538,10.1852684020996,-0.00102246595769,-179.533434786753,-0.00001025744986
1597,left road,1597,2.1949999332428,0.0,7.69999980926514,2.25,0.0,0.75,2.1949999332428,0.0,7.69999980926514,-1.34908008575439,1.20473492145538,10.1852684020996,-0.94547194242477,1.0675368309021,9.9022388458252,"(-0.945472, 1.067537, 9.902239)",truck body CS,4.49315595626831,0.1,-1.34908008575439,1.20473492145538,10.1852684020996,-0.00102246595769,-179.533434786753,-0.00001025744986
1598,left road,1598,2.29499983787537,0.0,7.69999980926514,2.34999990463257,0.0,0.75,2.29499983787537,0.0,7.69999980926514,-1.34908008575439,1.20473492145538,10.1852684020996,-0.94717049598694,1.07186329364777,9.91116428375244,"(-0.94717, 1.071863, 9.911164)",truck body CS,4.57244634628296,0.1,-1.34908008575439,1.20473492145538,10.1852684020996,-0.00102246595769,-179.533434786753,-0.00001025744986
1599,left road,1599,2.39499998092651,0.0,7.69999980926514,2.45000004768372,0.0,0.75,2.39499998092651,0.0,7.69999980926514,-1.34908008575439,1.20473492145538,10.1852684020996,-0.94876599311829,1.0759254693985,9.9195442199707,"(-0.948766, 1.075925, 9.919544)",truck body CS,4.65253496170044,0.1,-1.34908008575439,1.20473492145538,10.1852684020996,-0.00102246595769,-179.533434786753,-0.00001025744986
1600,left road,1600,2.49499988555908,0.0,7.69999980926514,2.54999995231628,0.0,0.75,2.49499988555908,0.0,7.69999980926514,-1.34908008575439,1.20473492145538,10.1852684020996,-0.95026606321335,1.07974648475647,9.92742729187012,"(-0.950266, 1.079746, 9.927427)",truck body CS,4.73338079452515,0.1,-1.34908008575439,1.20473492145538,10.1852684020996,-0.00102246595769,-179.533434786753,-0.00001025744986
1601,left road,1601,2.59500002861023,0.0,7.69999980926514,2.65000009536743,0.0,0.75,2.59500002861023,0.0,7.69999980926514,-1.34908008575439,1.20473492145538,10.1852684020996,-0.95167982578278,1.08334732055664,9.93485546112061,"(-0.95168, 1.083347, 9.934855)",truck body CS,4.8149471282959,0.1,-1.34908008575439,1.20473492145538,10.1852684020996,-0.00102246595769,-179.533434786753,-0.00001025744986
1602,left road,1602,2.6949999332428,0.0,7.69999980926514,2.75,0.0,0.75,2.6949999332428,0.0,7.69999980926514,-1.34908008575439,1.20473492145538,10.1852684020996,-0.95301520824432,1.08674693107605,9.94186782836914,"(-0.953015, 1.086747, 9.941868)",truck body CS,4.89719581604004,0.1,-1.34908008575439,1.20473492145538,10.1852684020996,-0.00102246595769,-179.533434786753,-0.00001025744986
1603,left road,1603,2.79499983787537,0.0,7.69999980926514,2.84999990463257,0.0,0.75,2.79499983787537,0.0,7.69999980926514,-1.34908008575439,1.20473492145538,10.1852684020996,-0.95420050621033,1.0899384021759,9.94845199584961,"(-0.954201, 1.089938, 9.948452)",truck body CS,4.98009490966797,0.1,-1.34908008575439,1.20473492145538,10.1852684020996,-0.00102246595769,-179.533434786753,-0.00001025744986
1604,left road,1604,2.89499998092651,0.0,7.69999980926514,2.95000004768372,0.0,0.75,2.89499998092651,0.0,7.69999980926514,-1.34908008575439,1.20473492145538,10.1852684020996,-0.95523864030838,1.09293794631958,9.95463943481445,"(-0.955239, 1.092938, 9.954639)",truck body CS,5.06361150741577,0.1,-1.34908008575439,1.20473492145538,10.1852684020996,-0.00102246595769,-179.533434786753,-0.00001025744986
1605,left road,1605,2.99499988555908,0.0,7.69999980926514,3.04999995231628,0.0,0.75,2.99499988555908,0.0,7.69999980926514,-1.34908008575439,1.20473492145538,10.1852684020996,-0.9562241435051,1.09578490257263,9.9605131149292,"(-0.956224, 1.095785, 9.960513)",truck body CS,5.14771556854248,0.1,-1.34908008575439,1.20473492145538,10.1852684020996,-0.00102246595769,-179.533434786753,-0.00001025744986
1606,left road,1606,3.09500002861023,0.0,7.69999980926514,3.15000009536743,0.0,0.75,3.09500002861023,0.0,7.69999980926514,-1.34908008575439,1.20473492145538,10.1852684020996,-0.95716136693954,1.09849047660828,9.96609401702881,"(-0.957161, 1.09849, 9.966094)",truck body CS,5.23237943649292,0.1,-1.34908008575439,1.20473492145538,10.1852684020996,-0.00102246595769,-179.533434786753,-0.00001025744986
1607,left road,1607,3.1949999332428,0.0,7.69999980926514,3.25,0.0,0.75,3.1949999332428,0.0,7.69999980926514,-1.34908008575439,1.20473492145538,10.1852684020996,-0.95812177658081,1.10108351707459,9.97144317626953,"(-0.958122, 1.101084, 9.971443)",truck body CS,5.31757497787476,0.1,-1.34908008575439,1.20473492145538,10.1852684020996,-0.00102246595769,-179.533434786753,-0.00001025744986
1608,left road,1608,3.29499983787537,0.0,7.69999980926514,3.34999990463257,0.0,0.75,3.29499983787537,0.0,7.69999980926514,-1.34908008575439,1.20473492145538,10.1852684020996,-0.95898354053497,1.10353875160217,9.97650814056396,"(-0.958984, 1.103539, 9.976508)",truck body CS,5.40327930450439,0.1,-1.34908008575439,1.20473492145538,10.1852684020996,-0.00102246595769,-179.533434786753,-0.00001025744986
1609,left road,1609,3.39499998092651,0.0,7.69999980926514,3.45000004768372,0.0,0.75,3.39499998092651,0.0,7.69999980926514,-1.34908008575439,1.20473492145538,10.1852684020996,-0.95978200435638,1.10587453842163,9.98132705688477,"(-0.959782, 1.105875, 9.981327)",truck body CS,5.48946619033813,0.1,-1.34908008575439,1.20473492145538,10.1852684020996,-0.00102246595769,-179.533434786753,-0.00001025744986
1610,left road,1610,-3.50500011444092,0.0,7.79999971389771,-3.45000004768372,0.0,0.85000002384186,-3.50500011444092,0.0,7.79999971389771,-1.34908008575439,1.20473492145538,10.1852684020996,-2.35271835327148,0.643898665905,9.07486152648926,"(-2.352718, 0.643899, 9.074862)",truck body CS,3.43349456787109,0.1,-1.34908008575439,1.20473492145538,10.1852684020996,-0.00102246595769,-179.533434786753,-0.00001025744986
1611,left road,1611,-3.40499997138977,0.0,7.79999971389771,-3.34999990463257,0.0,0.85000002384186,-3.40499997138977,0.0,7.79999971389771,-1.34908008575439,1.20473492145538,10.1852684020996,-2.35316109657288,0.61636006832123,9.02033805847168,"(-2.353161, 0.61636, 9.020338)",truck body CS,3.37160181999207,0.1,-1.34908008575439,1.20473492145538,10.1852684020996,-0.00102246595769,-179.533434786753,-0.00001025744986
1612,left road,1612,-3.3050000667572,0.0,7.79999971389771,-3.25,0.0,0.85000002384186,-3.3050000667572,0.0,7.79999971389771,-1.34908008575439,1.20473492145538,10.1852684020996,-2.35365056991577,0.58597695827484,8.96018123626709,"(-2.353651, 0.585977, 8.960181)",truck body CS,3.31157302856445,0.1,-1.34908008575439,1.20473492145538,10.1852684020996,-0.00102246595769,-179.533434786753,-0.00001025744986
1613,left road,1613,-3.20500016212463,0.0,7.79999971389771,-3.15000009536743,0.0,0.85000002384186,-3.20500016212463,0.0,7.79999971389771,-1.34908008575439,1.20473492145538,10.1852684020996,-2.35419297218323,0.55228513479233,8.89347457885742,"(-2.354193, 0.552285, 8.893475)",truck body CS,3.25351071357727,0.1,-1.34908008575439,1.20473492145538,10.1852684020996,-0.00102246595769,-179.533434786753,-0.00001025744986
1614,left road,1614,-3.10500001907349,0.0,7.79999971389771,-3.04999995231628,0.0,0.85000002384186,-3.10500001907349,0.0,7.79999971389771,-1.34908008575439,1.20473492145538,10.1852684020996,-2.35479831695557,0.51471269130707,8.81908416748047,"(-2.354798, 0.514713, 8.819084)",truck body CS,3.19752216339111,0.1,-1.34908008575439,1.20473492145538,10.1852684020996,-0.00102246595769,-179.533434786753,-0.00001025744986
1615,left road,1615,-3.00500011444092,0.0,7.79999971389771,-2.95000004768372,0.0,0.85000002384186,-3.00500011444092,0.0,7.79999971389771,-1.34908008575439,1.20473492145538,10.1852684020996,-2.54221320152283,0.33669218420982,8.46661949157715,"(-2.542213, 0.336692, 8.466619)",truck body CS,3.14371824264526,0.1,-1.34908008575439,1.20473492145538,10.1852684020996,-0.00102246595769,-179.533434786753,-0.00001025744986
1616,left road,1616,-2.90499997138977,0.0,7.79999971389771,-2.84999990463257,0.0,0.85000002384186,-2.90499997138977,0.0,7.79999971389771,-1.34908008575439,1.20473492145538,10.1852684020996,-2.47913599014282,0.3297426700592,8.45286083221436,"(-2.479136, 0.329743, 8.452861)",truck body CS,3.09221267700195,0.1,-1.34908008575439,1.20473492145538,10.1852684020996,-0.00102246595769,-179.533434786753,-0.00001025744986
1617,left road,1617,-2.8050000667572,0.0,7.79999971389771,-2.75,0.0,0.85000002384186,-2.8050000667572,0.0,7.79999971389771,-1.34908008575439,1.20473492145538,10.1852684020996,-2.41504049301147,0.32268106937408,8.43887901306152,"(-2.41504, 0.322681, 8.438879)",truck body CS,3.04312252998352,0.1,-1.34908008575439,1.20473492145538,10.1852684020996,-0.00102246595769,-179.533434786753,-0.00001025744986
1618,left road,1618,-2.70500016212463,0.0,7.79999971389771,-2.65000009536743,0.0,0.85000002384186,-2.70500016212463,0.0,7.79999971389771,-1.34908008575439,1.20473492145538,10.1852684020996,-2.34888696670532,0.31640654802322,8.4264554977417,"(-2.348887, 0.316407, 8.426455)",truck body CS,2.99656677246094,0.1,-1.34908008575439,1.20473492145538,10.1852684020996,-0.00102246595769,-179.533434786753,-0.00001025744986
1619,left road,1619,-2.60500001907349,0.0,7.79999971389771,-2.54999995231628,0.0,0.85000002384186,-2.60500001907349,0.0,7.79999971389771,-1.34908008575439,1.20473492145538,10.1852684020996,-2.27503442764282,0.31651788949966,8.42667675018311,"(-2.275034, 0.316518, 8.426677)",truck body CS,2.95266437530518,0.1,-1.34908008575439,1.20473492145538,10.1852684020996,-0.00102246595769,-179.533434786753,-0.00001025744986
1620,left road,1620,-2.50500011444092,0.0,7.79999971389771,-2.45000004768372,0.0,0.85000002384186,-2.50500011444092,0.0,7.79999971389771,-1.34908008575439,1.20473492145538,10.1852684020996,-2.20119833946228,0.31663137674332,8.42690086364746,"(-2.201198, 0.316631, 8.426901)",truck body CS,2.91153645515442,0.1,-1.34908008575439,1.20473492145538,10.1852684020996,-0.00102246595769,-179.533434786753,-0.00001025744986
1621,left road,1621,-2.40499997138977,0.0,7.79999971389771,-2.34999990463257,0.0,0.85000002384186,-2.40499997138977,0.0,7.79999971389771,-1.34908008575439,1.20473492145538,10.1852684020996,-2.12738108634949,0.31674468517303,8.42712593078613,"(-2.127381, 0.316745, 8.427126)",truck body CS,2.87330102920532,0.1,-1.34908008575439,1.20473492145538,10.1852684020996,-0.00102246595769,-179.533434786753,-0.00001025744986
1622,left road,1622,-2.3050000667572,0.0,7.79999971389771,-2.25,0.0,0.85000002384186,-2.3050000667572,0.0,7.79999971389771,-1.34908008575439,1.20473492145538,10.1852684020996,-2.05358290672302,0.31685802340508,8.42735004425049,"(-2.053583, 0.316858, 8.42735)",truck body CS,2.83807611465454,0.1,-1.34908008575439,1.20473492145538,10.1852684020996,-0.00102246595769,-179.533434786753,-0.00001025744986
1623,left road,1623,-2.20500016212463,0.0,7.79999971389771,-2.15000009536743,0.0,0.85000002384186,-2.20500016212463,0.0,7.79999971389771,-1.34908008575439,1.20473492145538,10.1852684020996,-1.97980356216431,0.31697133183479,8.42757415771484,"(-1.979804, 0.316971, 8.427574)",truck body CS,2.80597448348999,0.1,-1.34908008575439,1.20473492145538,10.1852684020996,-0.00102246595769,-179.533434786753,-0.00001025744986
1624,left road,1624,-2.10500001907349,0.0,7.79999971389771,-2.04999995231628,0.0,0.85000002384186,-2.10500001907349,0.0,7.79999971389771,-1.34908008575439,1.20473492145538,10.1852684020996,-1.90604281425476,0.31708461046219,8.4277982711792,"(-1.906043, 0.317085, 8.427798)",truck body CS,2.777104139328,0.1,-1.34908008575439,1.20473492145538,10.1852684020996,-0.00102246595769,-179.533434786753,-0.00001025744986
1625,left road,1625,-2.00500011444092,0.0,7.79999971389771,-1.95000004768372,0.0,0.85000002384186,-2.00500011444092,0.0,7.79999971389771,-1.34908008575439,1.20473492145538,10.1852684020996,-1.83230113983154,0.31719785928726,8.42802238464355,"(-1.832301, 0.317198, 8.428022)",truck body CS,2.75156760215759,0.1,-1.34908008575439,1.20473492145538,10.1852684020996,-0.00102246595769,-179.533434786753,-0.00001025744986
1626,left road,1626,-1.90499997138977,0.0,7.79999971389771,-1.85000002384186,0.0,0.85000002384186,-1.90499997138977,0.0,7.79999971389771,-1.34908008575439,1.20473492145538,10.1852684020996,-1.7585780620575,0.31731104850769,8.42824649810791,"(-1.758578, 0.317311, 8.428246)",truck body CS,2.72945785522461,0.1,-1.34908008575439,1.20473492145538,10.1852684020996,-0.00102246595769,-179.533434786753,-0.00001025744986
1627,left road,1627,-1.80499994754791,0.0,7.79999971389771,-1.75,0.0,0.85000002384186,-1.80499994754791,0.0,7.79999971389771,-1.34908008575439,1.20473492145538,10.1852684020996,-1.68496787548065,0.31717577576637,8.42797946929932,"(-1.684968, 0.317176, 8.427979)",truck body CS,2.7108588218689,0.1,-1.34908008575439,1.20473492145538,10.1852684020996,-0.00102246595769,-179.533434786753,-0.00001025744986
1628,left road,1628,-1.70499992370605,0.0,7.79999971389771,-1.64999997615814,0.0,0.85000002384186,-1.70499992370605,0.0,7.79999971389771,-1.34908008575439,1.20473492145538,10.1852684020996,-1.61134588718414,0.31700438261032,8.42763996124268,"(-1.611346, 0.317004, 8.42764)",truck body CS,2.69584345817566,0.1,-1.34908008575439,1.20473492145538,10.1852684020996,-0.00102246595769,-179.533434786753,-0.00001025744986
1629,left road,1629,-1.6049998998642,0.0,7.79999971389771,-1.54999995231628,0.0,0.85000002384186,-1.6049998998642,0.0,7.79999971389771,-1.34908008575439,1.20473492145538,10.1852684020996,-1.53769564628601,0.31683278083801,8.42729949951172,"(-1.537696, 0.316833, 8.427299)",truck body CS,2.68447160720825,0.1,-1.34908008575439,1.20473492145538,10.1852684020996,-0.00102246595769,-179.533434786753,-0.00001025744986
1630,left road,1630,-1.50499999523163,0.0,7.79999971389771,-1.45000004768372,0.0,0.85000002384186,-1.50499999523163,0.0,7.79999971389771,-1.34908008575439,1.20473492145538,10.1852684020996,-1.46401691436768,0.31666123867035,8.42695999145508,"(-1.464017, 0.316661, 8.42696)",truck body CS,2.6767897605896,0.1,-1.34908008575439,1.20473492145538,10.1852684020996,-0.00102246595769,-179.533434786753,-0.00001025744986
1631,left road,1631,-1.40499997138977,0.0,7.79999971389771,-1.35000002384186,0.0,0.85000002384186,-1.40499997138977,0.0,7.79999971389771,-1.34908008575439,1.20473492145538,10.1852684020996,-1.39030957221985,0.3164895772934,8.42662048339844,"(-1.39031, 0.31649, 8.42662)",truck body CS,2.6728298664093,0.1,-1.34908008575439,1.20473492145538,10.1852684020996,-0.00102246595769,-179.533434786753,-0.00001025744986
1632,left road,1632,-1.30499994754791,0.0,7.79999971389771,-1.25,0.0,0.85000002384186,-1.30499994754791,0.0,7.79999971389771,-1.34908008575439,1.20473492145538,10.1852684020996,-1.31657373905182,0.31631791591644,8.4262809753418,"(-1.316574, 0.316318, 8.426281)",truck body CS,2.67260837554932,0.1,-1.34908008575439,1.20473492145538,10.1852684020996,-0.00102246595769,-179.533434786753,-0.00001025744986
1633,left road,1633,-1.20499992370605,0.0,7.79999971389771,-1.14999997615814,0.0,0.85000002384186,-1.20499992370605,0.0,7.79999971389771,-1.34908008575439,1.20473492145538,10.1852684020996,-1.2428092956543,0.31614610552788,8.42594051361084,"(-1.242809, 0.316146, 8.425941)",truck body CS,2.67612624168396,0.1,-1.34908008575439,1.20473492145538,10.1852684020996,-0.00102246595769,-179.533434786753,-0.00001025744986
1634,left road,1634,-1.1049998998642,0.0,7.79999971389771,-1.04999995231628,0.0,0.85000002384186,-1.1049998998642,0.0,7.79999971389771,-1.34908008575439,1.20473492145538,10.1852684020996,-1.16901648044586,0.31597423553467,8.42560005187988,"(-1.169016, 0.315974, 8.4256)",truck body CS,2.68336868286133,0.1,-1.34908008575439,1.20473492145538,10.1852684020996,-0.00102246595769,-179.533434786753,-0.00001025744986
1635,left road,1635,-1.00499999523163,0.0,7.79999971389771,-0.94999998807907,0.0,0.85000002384186,-1.00499999523163,0.0,7.79999971389771,-1.34908008575439,1.20473492145538,10.1852684020996,-1.1380558013916,0.46587133407593,8.72238349914551,"(-1.138056, 0.465871, 8.722383)",truck body CS,2.69430589675903,0.1,-1.34908008575439,1.20473492145538,10.1852684020996,-0.00102246595769,-179.533434786753,-0.00001025744986
1636,left road,1636,-0.90500003099442,0.0,7.79999971389771,-0.85000002384186,0.0,0.85000002384186,-0.90500003099442,0.0,7.79999971389771,-1.34908008575439,1.20473492145538,10.1852684020996,-1.1354832649231,0.62527269124985,9.03798389434814,"(-1.135483, 0.625273, 9.037984)",truck body CS,2.70889282226563,0.1,-1.34908008575439,1.20473492145538,10.1852684020996,-0.00102246595769,-179.533434786753,-0.00001025744986
1637,left road,1637,-0.80500000715256,0.0,7.79999971389771,-0.75,0.0,0.85000002384186,-0.80500000715256,0.0,7.79999971389771,-1.34908008575439,1.20473492145538,10.1852684020996,-1.09565329551697,0.64358198642731,9.07423400878906,"(-1.095653, 0.643582, 9.074234)",truck body CS,2.72707104682922,0.1,-1.34908008575439,1.20473492145538,10.1852684020996,-0.00102246595769,-179.533434786753,-0.00001025744986
1638,left road,1638,-0.7049999833107,0.0,7.79999971389771,-0.64999997615814,0.0,0.85000002384186,-0.7049999833107,0.0,7.79999971389771,-1.34908008575439,1.20473492145538,10.1852684020996,-1.04927062988281,0.64394927024841,9.07496166229248,"(-1.049271, 0.643949, 9.074962)",truck body CS,2.7487690448761,0.1,-1.34908008575439,1.20473492145538,10.1852684020996,-0.00102246595769,-179.533434786753,-0.00001025744986
1639,left road,1639,-0.60500001907349,0.0,7.79999971389771,-0.55000001192093,0.0,0.85000002384186,-0.60500001907349,0.0,7.79999971389771,-1.34908008575439,1.20473492145538,10.1852684020996,-1.00294899940491,0.64431631565094,9.07568836212158,"(-1.002949, 0.644316, 9.075688)",truck body CS,2.77390480041504,0.1,-1.34908008575439,1.20473492145538,10.1852684020996,-0.00102246595769,-179.533434786753,-0.00001025744986
1640,left road,1640,-0.50499999523163,0.0,7.79999971389771,-0.44999998807907,0.0,0.85000002384186,-0.50499999523163,0.0,7.79999971389771,-1.34908008575439,1.20473492145538,10.1852684020996,-0.95668774843216,0.64468276500702,9.07641410827637,"(-0.956688, 0.644683, 9.076414)",truck body CS,2.8023853302002,0.1,-1.34908008575439,1.20473492145538,10.1852684020996,-0.00102246595769,-179.533434786753,-0.00001025744986
1641,left road,1641,-0.40500000119209,0.0,7.79999971389771,-0.34999999403954,0.0,0.85000002384186,-0.40500000119209,0.0,7.79999971389771,-1.34908008575439,1.20473492145538,10.1852684020996,-0.91006052494049,0.64450466632843,9.0760612487793,"(-0.910061, 0.644505, 9.076061)",truck body CS,2.83411002159119,0.1,-1.34908008575439,1.20473492145538,10.1852684020996,-0.00102246595769,-179.533434786753,-0.00001025744986
1642,left road,1642,-0.30500000715256,0.0,7.79999971389771,-0.25,0.0,0.85000002384186,-0.30500000715256,0.0,7.79999971389771,-1.34908008575439,1.20473492145538,10.1852684020996,-0.86268359422684,0.64349555969238,9.07406330108643,"(-0.862684, 0.643496, 9.074063)",truck body CS,2.86897110939026,0.1,-1.34908008575439,1.20473492145538,10.1852684020996,-0.00102246595769,-179.533434786753,-0.00001025744986
1643,left road,1643,-0.20500001311302,0.0,7.79999971389771,-0.15000000596046,0.0,0.85000002384186,-0.20500001311302,0.0,7.79999971389771,-1.34908008575439,1.20473492145538,10.1852684020996,-0.8477121591568,0.6767863035202,9.13997650146484,"(-0.847712, 0.676786, 9.139977)",truck body CS,2.90685606002808,0.1,-1.34908008575439,1.20473492145538,10.1852684020996,-0.00102246595769,-179.533434786753,-0.00001025744986
1644,left road,1644,-0.10500000417233,0.0,7.79999971389771,-0.05000000074506,0.0,0.85000002384186,-0.10500000417233,0.0,7.79999971389771,-1.34908008575439,1.20473492145538,10.1852684020996,-0.84641009569168,0.71796226501465,9.22150039672852,"(-0.84641, 0.717962, 9.2215)",truck body CS,2.9476478099823,0.1,-1.34908008575439,1.20473492145538,10.1852684020996,-0.00102246595769,-179.533434786753,-0.00001025744986
1645,left road,1645,-0.00499999895692,0.0,7.79999971389771,0.05000000074506,0.0,0.85000002384186,-0.00499999895692,0.0,7.79999971389771,-1.34908008575439,1.20473492145538,10.1852684020996,-0.84610348939896,0.75390350818634,9.29266166687012,"(-0.846103, 0.753904, 9.292662)",truck body CS,2.99122786521912,0.1,-1.34908008575439,1.20473492145538,10.1852684020996,-0.00102246595769,-179.533434786753,-0.00001025744986
1646,left road,1646,0.09500000625849,0.0,7.79999971389771,0.15000000596046,0.0,0.85000002384186,0.09500000625849,0.0,7.79999971389771,-1.34908008575439,1.20473492145538,10.1852684020996,-0.84641814231873,0.78538525104523,9.35499286651611,"(-0.846418, 0.785385, 9.354993)",truck body CS,3.03747606277466,0.1,-1.34908008575439,1.20473492145538,10.1852684020996,-0.00102246595769,-179.533434786753,-0.00001025744986
1647,left road,1647,0.19499999284744,0.0,7.79999971389771,0.25,0.0,0.85000002384186,0.19499999284744,0.0,7.79999971389771,-1.34908008575439,1.20473492145538,10.1852684020996,-0.84667295217514,0.81274265050888,9.40915775299072,"(-0.846673, 0.812743, 9.409158)",truck body CS,3.08627223968506,0.1,-1.34908008575439,1.20473492145538,10.1852684020996,-0.00102246595769,-179.533434786753,-0.00001025744986
1648,left road,1648,0.29499998688698,0.0,7.79999971389771,0.34999999403954,0.0,0.85000002384186,0.29499998688698,0.0,7.79999971389771,-1.34908008575439,1.20473492145538,10.1852684020996,-0.85163241624832,0.84021937847137,9.4635591506958,"(-0.851632, 0.840219, 9.463559)",truck body CS,3.13749766349792,0.1,-1.34908008575439,1.20473492145538,10.1852684020996,-0.00102246595769,-179.533434786753,-0.00001025744986
1649,left road,1649,0.39499998092651,0.0,7.79999971389771,0.44999998807907,0.0,0.85000002384186,0.39499998092651,0.0,7.79999971389771,-1.34908008575439,1.20473492145538,10.1852684020996,-0.85505104064941,0.86348098516464,9.50961494445801,"(-0.855051, 0.863481, 9.509615)",truck body CS,3.1910355091095,0.1,-1.34908008575439,1.20473492145538,10.1852684020996,-0.00102246595769,-179.533434786753,-0.00001025744986
1650,left road,1650,0.49500000476837,0.0,7.79999971389771,0.55000001192093,0.0,0.85000002384186,0.49500000476837,0.0,7.79999971389771,-1.34908008575439,1.20473492145538,10.1852684020996,-0.85845321416855,0.88420903682709,9.55065536499023,"(-0.858453, 0.884209, 9.550655)",truck body CS,3.24677133560181,0.1,-1.34908008575439,1.20473492145538,10.1852684020996,-0.00102246595769,-179.533434786753,-0.00001025744986
1651,left road,1651,0.59499996900558,0.0,7.79999971389771,0.64999997615814,0.0,0.85000002384186,0.59499996900558,0.0,7.79999971389771,-1.34908008575439,1.20473492145538,10.1852684020996,-0.86221033334732,0.90302455425262,9.5879077911377,"(-0.86221, 0.903025, 9.587908)",truck body CS,3.30459380149841,0.1,-1.34908008575439,1.20473492145538,10.1852684020996,-0.00102246595769,-179.533434786753,-0.00001025744986
1652,left road,1652,0.69499999284744,0.0,7.79999971389771,0.75,0.0,0.85000002384186,0.69499999284744,0.0,7.79999971389771,-1.34908008575439,1.20473492145538,10.1852684020996,-0.86565387248993,0.91981434822083,9.62115001678467,"(-0.865654, 0.919814, 9.62115)",truck body CS,3.36439538002014,0.1,-1.34908008575439,1.20473492145538,10.1852684020996,-0.00102246595769,-179.533434786753,-0.00001025744986
1653,left road,1653,0.7950000166893,0.0,7.79999971389771,0.85000002384186,0.0,0.85000002384186,0.7950000166893,0.0,7.79999971389771,-1.34908008575439,1.20473492145538,10.1852684020996,-0.86873519420624,0.93483448028564,9.65088844299316,"(-0.868735, 0.934834, 9.650888)",truck body CS,3.42607235908508,0.1,-1.34908008575439,1.20473492145538,10.1852684020996,-0.00102246595769,-179.533434786753,-0.00001025744986
1654,left road,1654,0.89499998092651,0.0,7.79999971389771,0.94999998807907,0.0,0.85000002384186,0.89499998092651,0.0,7.79999971389771,-1.34908008575439,1.20473492145538,10.1852684020996,-0.87091028690338,0.94802927970886,9.6770133972168,"(-0.87091, 0.948029, 9.677013)",truck body CS,3.48952555656433,0.1,-1.34908008575439,1.20473492145538,10.1852684020996,-0.00102246595769,-179.533434786753,-0.00001025744986
1655,left road,1655,0.99499994516373,0.0,7.79999971389771,1.04999995231628,0.0,0.85000002384186,0.99499994516373,0.0,7.79999971389771,-1.34908008575439,1.20473492145538,10.1852684020996,-0.87180322408676,0.95943945646286,9.69960403442383,"(-0.871803, 0.959439, 9.699604)",truck body CS,3.55465936660767,0.1,-1.34908008575439,1.20473492145538,10.1852684020996,-0.00102246595769,-179.533434786753,-0.00001025744986
1656,left road,1656,1.09500002861023,0.0,7.79999971389771,1.14999997615814,0.0,0.85000002384186,1.09500002861023,0.0,7.79999971389771,-1.34908008575439,1.20473492145538,10.1852684020996,-0.87257015705109,0.96985387802124,9.72022342681885,"(-0.87257, 0.969854, 9.720223)",truck body CS,3.62138366699219,0.1,-1.34908008575439,1.20473492145538,10.1852684020996,-0.00102246595769,-179.533434786753,-0.00001025744986
1657,left road,1657,1.19500005245209,0.0,7.79999971389771,1.25,0.0,0.85000002384186,1.19500005245209,0.0,7.79999971389771,-1.34908008575439,1.20473492145538,10.1852684020996,-0.8757364153862,0.98058557510376,9.74147129058838,"(-0.875736, 0.980586, 9.741471)",truck body CS,3.68961215019226,0.1,-1.34908008575439,1.20473492145538,10.1852684020996,-0.00102246595769,-179.533434786753,-0.00001025744986
1658,left road,1658,1.29500007629395,0.0,7.79999971389771,1.35000002384186,0.0,0.85000002384186,1.29500007629395,0.0,7.79999971389771,-1.34908008575439,1.20473492145538,10.1852684020996,-0.88619470596313,0.99382811784744,9.76769065856934,"(-0.886195, 0.993828, 9.767691)",truck body CS,3.75926232337952,0.1,-1.34908008575439,1.20473492145538,10.1852684020996,-0.00102246595769,-179.533434786753,-0.00001025744986
1659,left road,1659,1.3950001001358,0.0,7.79999971389771,1.45000004768372,0.0,0.85000002384186,1.3950001001358,0.0,7.79999971389771,-1.34908008575439,1.20473492145538,10.1852684020996,-0.9012057185173,1.00810432434082,9.7959566116333,"(-0.901206, 1.008104, 9.795957)",truck body CS,3.83025693893433,0.1,-1.34908008575439,1.20473492145538,10.1852684020996,-0.00102246595769,-179.533434786753,-0.00001025744986
1660,left road,1660,1.49500000476837,0.0,7.79999971389771,1.54999995231628,0.0,0.85000002384186,1.49500000476837,0.0,7.79999971389771,-1.34908008575439,1.20473492145538,10.1852684020996,-0.91197115182877,1.01957821846008,9.81867408752441,"(-0.911971, 1.019578, 9.818674)",truck body CS,3.90252280235291,0.1,-1.34908008575439,1.20473492145538,10.1852684020996,-0.00102246595769,-179.533434786753,-0.00001025744986
1661,left road,1661,1.59500002861023,0.0,7.79999971389771,1.64999997615814,0.0,0.85000002384186,1.59500002861023,0.0,7.79999971389771,-1.34908008575439,1.20473492145538,10.1852684020996,-0.92132782936096,1.02969610691071,9.83870601654053,"(-0.921328, 1.029696, 9.838706)",truck body CS,3.97599053382874,0.1,-1.34908008575439,1.20473492145538,10.1852684020996,-0.00102246595769,-179.533434786753,-0.00001025744986
1662,left road,1662,1.69500005245209,0.0,7.79999971389771,1.75,0.0,0.85000002384186,1.69500005245209,0.0,7.79999971389771,-1.34908008575439,1.20473492145538,10.1852684020996,-0.92983239889145,1.03881192207336,9.85675525665283,"(-0.929832, 1.038812, 9.856755)",truck body CS,4.05059480667114,0.1,-1.34908008575439,1.20473492145538,10.1852684020996,-0.00102246595769,-179.533434786753,-0.00001025744986
1663,left road,1663,1.79500007629395,0.0,7.79999971389771,1.85000002384186,0.0,0.85000002384186,1.79500007629395,0.0,7.79999971389771,-1.34908008575439,1.20473492145538,10.1852684020996,-0.94284343719482,1.04907488822937,9.87707424163818,"(-0.942843, 1.049075, 9.877074)",truck body CS,4.12627363204956,0.1,-1.34908008575439,1.20473492145538,10.1852684020996,-0.00102246595769,-179.533434786753,-0.00001025744986
1664,left road,1664,1.8950001001358,0.0,7.79999971389771,1.95000004768372,0.0,0.85000002384186,1.8950001001358,0.0,7.79999971389771,-1.34908008575439,1.20473492145538,10.1852684020996,-0.94020682573318,1.052894115448,9.88463592529297,"(-0.940207, 1.052894, 9.884636)",truck body CS,4.20296907424927,0.1,-1.34908008575439,1.20473492145538,10.1852684020996,-0.00102246595769,-179.533434786753,-0.00001025744986
1665,left road,1665,1.99500000476837,0.0,7.79999971389771,2.04999995231628,0.0,0.85000002384186,1.99500000476837,0.0,7.79999971389771,-1.34908008575439,1.20473492145538,10.1852684020996,-0.94183647632599,1.05802178382874,9.89478874206543,"(-0.941836, 1.058022, 9.894789)",truck body CS,4.28062677383423,0.1,-1.34908008575439,1.20473492145538,10.1852684020996,-0.00102246595769,-179.533434786753,-0.00001025744986
1666,left road,1666,2.09500002861023,0.0,7.79999971389771,2.15000009536743,0.0,0.85000002384186,2.09500002861023,0.0,7.79999971389771,-1.34908008575439,1.20473492145538,10.1852684020996,-0.94366413354874,1.06292080879211,9.9044885635376,"(-0.943664, 1.062921, 9.904489)",truck body CS,4.3591947555542,0.1,-1.34908008575439,1.20473492145538,10.1852684020996,-0.00102246595769,-179.533434786753,-0.00001025744986
1667,left road,1667,2.1949999332428,0.0,7.79999971389771,2.25,0.0,0.85000002384186,2.1949999332428,0.0,7.79999971389771,-1.34908008575439,1.20473492145538,10.1852684020996,-0.94540518522263,1.06751418113709,9.91358280181885,"(-0.945405, 1.067514, 9.913583)",truck body CS,4.43862533569336,0.1,-1.34908008575439,1.20473492145538,10.1852684020996,-0.00102246595769,-179.533434786753,-0.00001025744986
1668,left road,1668,2.29499983787537,0.0,7.79999971389771,2.34999990463257,0.0,0.85000002384186,2.29499983787537,0.0,7.79999971389771,-1.34908008575439,1.20473492145538,10.1852684020996,-0.94710659980774,1.07184219360352,9.92215156555176,"(-0.947107, 1.071842, 9.922152)",truck body CS,4.51887273788452,0.1,-1.34908008575439,1.20473492145538,10.1852684020996,-0.00102246595769,-179.533434786753,-0.00001025744986
1669,left road,1669,2.39499998092651,0.0,7.79999971389771,2.45000004768372,0.0,0.85000002384186,2.39499998092651,0.0,7.79999971389771,-1.34908008575439,1.20473492145538,10.1852684020996,-0.9487042427063,1.07590579986572,9.93019676208496,"(-0.948704, 1.075906, 9.930197)",truck body CS,4.59989404678345,0.1,-1.34908008575439,1.20473492145538,10.1852684020996,-0.00102246595769,-179.533434786753,-0.00001025744986
1670,left road,1670,2.49499988555908,0.0,7.79999971389771,2.54999995231628,0.0,0.85000002384186,2.49499988555908,0.0,7.79999971389771,-1.34908008575439,1.20473492145538,10.1852684020996,-0.95020598173141,1.07972776889801,9.93776416778564,"(-0.950206, 1.079728, 9.937764)",truck body CS,4.68164968490601,0.1,-1.34908008575439,1.20473492145538,10.1852684020996,-0.00102246595769,-179.533434786753,-0.00001025744986
1671,left road,1671,2.59500002861023,0.0,7.79999971389771,2.65000009536743,0.0,0.85000002384186,2.59500002861023,0.0,7.79999971389771,-1.34908008575439,1.20473492145538,10.1852684020996,-0.95162242650986,1.08332991600037,9.94489669799805,"(-0.951622, 1.08333, 9.944897)",truck body CS,4.76410150527954,0.1,-1.34908008575439,1.20473492145538,10.1852684020996,-0.00102246595769,-179.533434786753,-0.00001025744986
1672,left road,1672,2.6949999332428,0.0,7.79999971389771,2.75,0.0,0.85000002384186,2.6949999332428,0.0,7.79999971389771,-1.34908008575439,1.20473492145538,10.1852684020996,-0.95290273427963,1.08671343326569,9.95159530639648,"(-0.952903, 1.086713, 9.951595)",truck body CS,4.84721279144287,0.1,-1.34908008575439,1.20473492145538,10.1852684020996,-0.00102246595769,-179.533434786753,-0.00001025744986
1673,left road,1673,2.79499983787537,0.0,7.79999971389771,2.84999990463257,0.0,0.85000002384186,2.79499983787537,0.0,7.79999971389771,-1.34908008575439,1.20473492145538,10.1852684020996,-0.95400393009186,1.0898814201355,9.95786762237549,"(-0.954004, 1.089881, 9.957868)",truck body CS,4.93095254898071,0.1,-1.34908008575439,1.20473492145538,10.1852684020996,-0.00102246595769,-179.533434786753,-0.00001025744986
1674,left road,1674,2.89499998092651,0.0,7.79999971389771,2.95000004768372,0.0,0.85000002384186,2.89499998092651,0.0,7.79999971389771,-1.34908008575439,1.20473492145538,10.1852684020996,-0.95504832267761,1.0928840637207,9.96381282806396,"(-0.955048, 1.092884, 9.963813)",truck body CS,5.01528739929199,0.1,-1.34908008575439,1.20473492145538,10.1852684020996,-0.00102246595769,-179.533434786753,-0.00001025744986
1675,left road,1675,2.99499988555908,0.0,7.79999971389771,3.04999995231628,0.0,0.85000002384186,2.99499988555908,0.0,7.79999971389771,-1.34908008575439,1.20473492145538,10.1852684020996,-0.95605480670929,1.09573793411255,9.96946334838867,"(-0.956055, 1.095738, 9.969463)",truck body CS,5.10018873214722,0.1,-1.34908008575439,1.20473492145538,10.1852684020996,-0.00102246595769,-179.533434786753,-0.00001025744986
1676,left road,1676,3.09500002861023,0.0,7.79999971389771,3.15000009536743,0.0,0.85000002384186,3.09500002861023,0.0,7.79999971389771,-1.34908008575439,1.20473492145538,10.1852684020996,-0.95708829164505,1.09847068786621,9.97487354278564,"(-0.957088, 1.098471, 9.974874)",truck body CS,5.18562841415405,0.1,-1.34908008575439,1.20473492145538,10.1852684020996,-0.00102246595769,-179.533434786753,-0.00001025744986
1677,left road,1677,3.1949999332428,0.0,7.79999971389771,3.25,0.0,0.85000002384186,3.1949999332428,0.0,7.79999971389771,-1.34908008575439,1.20473492145538,10.1852684020996,-0.95797085762024,1.1010434627533,9.97996711730957,"(-0.957971, 1.101043, 9.979967)",truck body CS,5.27157974243164,0.1,-1.34908008575439,1.20473492145538,10.1852684020996,-0.00102246595769,-179.533434786753,-0.00001025744986
1678,left road,1678,3.29499983787537,0.0,7.79999971389771,3.34999990463257,0.0,0.85000002384186,3.29499983787537,0.0,7.79999971389771,-1.34908008575439,1.20473492145538,10.1852684020996,-1.29928708076477,1.19181799888611,10.1596937179565,"(-1.299287, 1.191818, 10.15969)",EyeArea,5.35801935195923,0.1,-1.34908008575439,1.20473492145538,10.1852684020996,-0.00102246595769,-179.533434786753,-0.00001025744986
1679,left road,1679,3.39499998092651,0.0,7.79999971389771,3.45000004768372,0.0,0.85000002384186,3.39499998092651,0.0,7.79999971389771,-1.34908008575439,1.20473492145538,10.1852684020996,-1.29928278923035,1.19208920001984,10.1602306365967,"(-1.299283, 1.192089, 10.16023)",EyeArea,5.44492292404175,0.1,-1.34908008575439,1.20473492145538,10.1852684020996,-0.00102246595769,-179.533434786753,-0.00001025744986
1680,left road,1680,-3.50500011444092,0.0,7.89999961853027,-3.45000004768372,0.0,0.94999998807907,-3.50500011444092,0.0,7.89999961853027,-1.34908008575439,1.20473492145538,10.1852684020996,-2.37738299369812,0.63011592626572,9.09526920318604,"(-2.377383, 0.630116, 9.095269)",truck body CS,3.3647928237915,0.1,-1.34908008575439,1.20473492145538,10.1852684020996,-0.00102246595769,-179.533434786753,-0.00001025744986
1681,left road,1681,-3.40499997138977,0.0,7.89999961853027,-3.34999990463257,0.0,0.94999998807907,-3.40499997138977,0.0,7.89999961853027,-1.34908008575439,1.20473492145538,10.1852684020996,-2.35276031494141,0.616594851017,9.06962108612061,"(-2.35276, 0.616595, 9.069621)",truck body CS,3.30161261558533,0.1,-1.34908008575439,1.20473492145538,10.1852684020996,-0.00102246595769,-179.533434786753,-0.00001025744986
1682,left road,1682,-3.3050000667572,0.0,7.89999961853027,-3.25,0.0,0.94999998807907,-3.3050000667572,0.0,7.89999961853027,-1.34908008575439,1.20473492145538,10.1852684020996,-2.35322904586792,0.58623659610748,9.01203441619873,"(-2.353229, 0.586237, 9.012034)",truck body CS,3.24028730392456,0.1,-1.34908008575439,1.20473492145538,10.1852684020996,-0.00102246595769,-179.533434786753,-0.00001025744986
1683,left road,1683,-3.20500016212463,0.0,7.89999961853027,-3.15000009536743,0.0,0.94999998807907,-3.20500016212463,0.0,7.89999961853027,-1.34908008575439,1.20473492145538,10.1852684020996,-2.35374784469604,0.5525740981102,8.94818019866943,"(-2.353748, 0.552574, 8.94818)",truck body CS,3.1809241771698,0.1,-1.34908008575439,1.20473492145538,10.1852684020996,-0.00102246595769,-179.533434786753,-0.00001025744986
1684,left road,1684,-3.10500001907349,0.0,7.89999961853027,-3.04999995231628,0.0,0.94999998807907,-3.10500001907349,0.0,7.89999961853027,-1.34908008575439,1.20473492145538,10.1852684020996,-2.35432696342468,0.51503598690033,8.87697315216064,"(-2.354327, 0.515036, 8.876973)",truck body CS,3.12363505363464,0.1,-1.34908008575439,1.20473492145538,10.1852684020996,-0.00102246595769,-179.533434786753,-0.00001025744986
1685,left road,1685,-3.00500011444092,0.0,7.89999961853027,-2.95000004768372,0.0,0.94999998807907,-3.00500011444092,0.0,7.89999961853027,-1.34908008575439,1.20473492145538,10.1852684020996,-2.35497689247131,0.47291257977486,8.79706954956055,"(-2.354977, 0.472913, 8.79707)",truck body CS,3.06853556632996,0.1,-1.34908008575439,1.20473492145538,10.1852684020996,-0.00102246595769,-179.533434786753,-0.00001025744986
1686,left road,1686,-2.90499997138977,0.0,7.89999961853027,-2.84999990463257,0.0,0.94999998807907,-2.90499997138977,0.0,7.89999961853027,-1.34908008575439,1.20473492145538,10.1852684020996,-2.48304200172424,0.32671815156937,8.51975250244141,"(-2.483042, 0.326718, 8.519753)",truck body CS,3.01574635505676,0.1,-1.34908008575439,1.20473492145538,10.1852684020996,-0.00102246595769,-179.533434786753,-0.00001025744986
1687,left road,1687,-2.8050000667572,0.0,7.89999961853027,-2.75,0.0,0.94999998807907,-2.8050000667572,0.0,7.89999961853027,-1.34908008575439,1.20473492145538,10.1852684020996,-2.41875505447388,0.31960743665695,8.50626373291016,"(-2.418755, 0.319607, 8.506264)",truck body CS,2.96539092063904,0.1,-1.34908008575439,1.20473492145538,10.1852684020996,-0.00102246595769,-179.533434786753,-0.00001025744986
1688,left road,1688,-2.70500016212463,0.0,7.89999961853027,-2.65000009536743,0.0,0.94999998807907,-2.70500016212463,0.0,7.89999961853027,-1.34908008575439,1.20473492145538,10.1852684020996,-2.35291051864624,0.31283152103424,8.49341106414795,"(-2.352911, 0.312832, 8.493411)",truck body CS,2.91759490966797,0.1,-1.34908008575439,1.20473492145538,10.1852684020996,-0.00102246595769,-179.533434786753,-0.00001025744986
1689,left road,1689,-2.60500001907349,0.0,7.89999961853027,-2.54999995231628,0.0,0.94999998807907,-2.60500001907349,0.0,7.89999961853027,-1.34908008575439,1.20473492145538,10.1852684020996,-2.27878522872925,0.31291979551315,8.49357795715332,"(-2.278785, 0.31292, 8.493578)",truck body CS,2.87248587608337,0.1,-1.34908008575439,1.20473492145538,10.1852684020996,-0.00102246595769,-179.533434786753,-0.00001025744986
1690,left road,1690,-2.50500011444092,0.0,7.89999961853027,-2.45000004768372,0.0,0.94999998807907,-2.50500011444092,0.0,7.89999961853027,-1.34908008575439,1.20473492145538,10.1852684020996,-2.20466375350952,0.31301945447922,8.49376678466797,"(-2.204664, 0.313019, 8.493767)",truck body CS,2.83019280433655,0.1,-1.34908008575439,1.20473492145538,10.1852684020996,-0.00102246595769,-179.533434786753,-0.00001025744986
1691,left road,1691,-2.40499997138977,0.0,7.89999961853027,-2.34999990463257,0.0,0.94999998807907,-2.40499997138977,0.0,7.89999961853027,-1.34908008575439,1.20473492145538,10.1852684020996,-2.13054609298706,0.3131337761879,8.49398422241211,"(-2.130546, 0.313134, 8.493984)",truck body CS,2.79084324836731,0.1,-1.34908008575439,1.20473492145538,10.1852684020996,-0.00102246595769,-179.533434786753,-0.00001025744986
1692,left road,1692,-2.3050000667572,0.0,7.89999961853027,-2.25,0.0,0.94999998807907,-2.3050000667572,0.0,7.89999961853027,-1.34908008575439,1.20473492145538,10.1852684020996,-2.05644750595093,0.31324797868729,8.49420070648193,"(-2.056448, 0.313248, 8.494201)",truck body CS,2.75456404685974,0.1,-1.34908008575439,1.20473492145538,10.1852684020996,-0.00102246595769,-179.533434786753,-0.00001025744986
1693,left road,1693,-2.20500016212463,0.0,7.89999961853027,-2.15000009536743,0.0,0.94999998807907,-2.20500016212463,0.0,7.89999961853027,-1.34908008575439,1.20473492145538,10.1852684020996,-1.98236775398254,0.31336218118668,8.49441719055176,"(-1.982368, 0.313362, 8.494417)",truck body CS,2.72147727012634,0.1,-1.34908008575439,1.20473492145538,10.1852684020996,-0.00102246595769,-179.533434786753,-0.00001025744986
1694,left road,1694,-2.10500001907349,0.0,7.89999961853027,-2.04999995231628,0.0,0.94999998807907,-2.10500001907349,0.0,7.89999961853027,-1.34908008575439,1.20473492145538,10.1852684020996,-1.90830683708191,0.31347644329071,8.4946346282959,"(-1.908307, 0.313476, 8.494635)",truck body CS,2.69170093536377,0.1,-1.34908008575439,1.20473492145538,10.1852684020996,-0.00102246595769,-179.533434786753,-0.00001025744986
1695,left road,1695,-2.00500011444092,0.0,7.89999961853027,-1.95000004768372,0.0,0.94999998807907,-2.00500011444092,0.0,7.89999961853027,-1.34908008575439,1.20473492145538,10.1852684020996,-1.83426511287689,0.3135906457901,8.49485015869141,"(-1.834265, 0.313591, 8.49485)",truck body CS,2.66534614562988,0.1,-1.34908008575439,1.20473492145538,10.1852684020996,-0.00102246595769,-179.533434786753,-0.00001025744986
1696,left road,1696,-1.90499997138977,0.0,7.89999961853027,-1.85000002384186,0.0,0.94999998807907,-1.90499997138977,0.0,7.89999961853027,-1.34908008575439,1.20473492145538,10.1852684020996,-1.76024210453033,0.3137047290802,8.49506759643555,"(-1.760242, 0.313705, 8.495068)",truck body CS,2.64251518249512,0.1,-1.34908008575439,1.20473492145538,10.1852684020996,-0.00102246595769,-179.533434786753,-0.00001025744986
1697,left road,1697,-1.80499994754791,0.0,7.89999961853027,-1.75,0.0,0.94999998807907,-1.80499994754791,0.0,7.89999961853027,-1.34908008575439,1.20473492145538,10.1852684020996,-1.68632984161377,0.31357681751251,8.49482440948486,"(-1.68633, 0.313577, 8.494824)",truck body CS,2.62329983711243,0.1,-1.34908008575439,1.20473492145538,10.1852684020996,-0.00102246595769,-179.533434786753,-0.00001025744986
1698,left road,1698,-1.70499992370605,0.0,7.89999961853027,-1.64999997615814,0.0,0.94999998807907,-1.70499992370605,0.0,7.89999961853027,-1.34908008575439,1.20473492145538,10.1852684020996,-1.6124095916748,0.31340396404266,8.49449634552002,"(-1.61241, 0.313404, 8.494496)",truck body CS,2.60778045654297,0.1,-1.34908008575439,1.20473492145538,10.1852684020996,-0.00102246595769,-179.533434786753,-0.00001025744986
1699,left road,1699,-1.6049998998642,0.0,7.89999961853027,-1.54999995231628,0.0,0.94999998807907,-1.6049998998642,0.0,7.89999961853027,-1.34908008575439,1.20473492145538,10.1852684020996,-1.53846073150635,0.31323102116585,8.49416923522949,"(-1.538461, 0.313231, 8.494169)",truck body CS,2.59602284431458,0.1,-1.34908008575439,1.20473492145538,10.1852684020996,-0.00102246595769,-179.533434786753,-0.00001025744986
1700,left road,1700,-1.50499999523163,0.0,7.89999961853027,-1.45000004768372,0.0,0.94999998807907,-1.50499999523163,0.0,7.89999961853027,-1.34908008575439,1.20473492145538,10.1852684020996,-1.4644832611084,0.31305807828903,8.49384021759033,"(-1.464483, 0.313058, 8.49384)",truck body CS,2.58807849884033,0.1,-1.34908008575439,1.20473492145538,10.1852684020996,-0.00102246595769,-179.533434786753,-0.00001025744986
1701,left road,1701,-1.40499997138977,0.0,7.89999961853027,-1.35000002384186,0.0,0.94999998807907,-1.40499997138977,0.0,7.89999961853027,-1.34908008575439,1.20473492145538,10.1852684020996,-1.39047682285309,0.31288504600525,8.49351215362549,"(-1.390477, 0.312885, 8.493512)",truck body CS,2.58398270606995,0.1,-1.34908008575439,1.20473492145538,10.1852684020996,-0.00102246595769,-179.533434786753,-0.00001025744986
1702,left road,1702,-1.30499994754791,0.0,7.89999961853027,-1.25,0.0,0.94999998807907,-1.30499994754791,0.0,7.89999961853027,-1.34908008575439,1.20473492145538,10.1852684020996,-1.31644177436829,0.3127119243145,8.49318408966064,"(-1.316442, 0.312712, 8.493184)",truck body CS,2.58375358581543,0.1,-1.34908008575439,1.20473492145538,10.1852684020996,-0.00102246595769,-179.533434786753,-0.00001025744986
1703,left road,1703,-1.20499992370605,0.0,7.89999961853027,-1.14999997615814,0.0,0.94999998807907,-1.20499992370605,0.0,7.89999961853027,-1.34908008575439,1.20473492145538,10.1852684020996,-1.2423791885376,0.31254914402962,8.49287509918213,"(-1.242379, 0.312549, 8.492875)",truck body CS,2.58739233016968,0.1,-1.34908008575439,1.20473492145538,10.1852684020996,-0.00102246595769,-179.533434786753,-0.00001025744986
1704,left road,1704,-1.1049998998642,0.0,7.89999961853027,-1.04999995231628,0.0,0.94999998807907,-1.1049998998642,0.0,7.89999961853027,-1.34908008575439,1.20473492145538,10.1852684020996,-1.16829288005829,0.31240251660347,8.49259757995605,"(-1.168293, 0.312403, 8.492598)",truck body CS,2.59488248825073,0.1,-1.34908008575439,1.20473492145538,10.1852684020996,-0.00102246595769,-179.533434786753,-0.00001025744986
1705,left road,1705,-1.00499999523163,0.0,7.89999961853027,-0.94999998807907,0.0,0.94999998807907,-1.00499999523163,0.0,7.89999961853027,-1.34908008575439,1.20473492145538,10.1852684020996,-1.13758218288422,0.46421292424202,8.78056716918945,"(-1.137582, 0.464213, 8.780567)",truck body CS,2.6061909198761,0.1,-1.34908008575439,1.20473492145538,10.1852684020996,-0.00102246595769,-179.533434786753,-0.00001025744986
1706,left road,1706,-0.90500003099442,0.0,7.89999961853027,-0.85000002384186,0.0,0.94999998807907,-0.90500003099442,0.0,7.89999961853027,-1.34908008575439,1.20473492145538,10.1852684020996,-1.13510692119598,0.62425178289413,9.08414554595947,"(-1.135107, 0.624252, 9.084146)",truck body CS,2.6212682723999,0.1,-1.34908008575439,1.20473492145538,10.1852684020996,-0.00102246595769,-179.533434786753,-0.00001025744986
1707,left road,1707,-0.80500000715256,0.0,7.89999961853027,-0.75,0.0,0.94999998807907,-0.80500000715256,0.0,7.89999961853027,-1.34908008575439,1.20473492145538,10.1852684020996,-1.08793878555298,0.62650018930435,9.08841133117676,"(-1.087939, 0.6265, 9.088411)",truck body CS,2.64004969596863,0.1,-1.34908008575439,1.20473492145538,10.1852684020996,-0.00102246595769,-179.533434786753,-0.00001025744986
1708,left road,1708,-0.7049999833107,0.0,7.89999961853027,-0.64999997615814,0.0,0.94999998807907,-0.7049999833107,0.0,7.89999961853027,-1.34908008575439,1.20473492145538,10.1852684020996,-1.04015052318573,0.62689018249512,9.08915042877197,"(-1.040151, 0.62689, 9.08915)",truck body CS,2.66245722770691,0.1,-1.34908008575439,1.20473492145538,10.1852684020996,-0.00102246595769,-179.533434786753,-0.00001025744986
1709,left road,1709,-0.60500001907349,0.0,7.89999961853027,-0.55000001192093,0.0,0.94999998807907,-0.60500001907349,0.0,7.89999961853027,-1.34908008575439,1.20473492145538,10.1852684020996,-0.99242663383484,0.62727981805801,9.08988952636719,"(-0.992427, 0.62728, 9.08989)",truck body CS,2.68840003013611,0.1,-1.34908008575439,1.20473492145538,10.1852684020996,-0.00102246595769,-179.533434786753,-0.00001025744986
1710,left road,1710,-0.50499999523163,0.0,7.89999961853027,-0.44999998807907,0.0,0.94999998807907,-0.50499999523163,0.0,7.89999961853027,-1.34908008575439,1.20473492145538,10.1852684020996,-0.94476717710495,0.62766891717911,9.09062767028809,"(-0.944767, 0.627669, 9.090628)",truck body CS,2.71777677536011,0.1,-1.34908008575439,1.20473492145538,10.1852684020996,-0.00102246595769,-179.533434786753,-0.00001025744986
1711,left road,1711,-0.40500000119209,0.0,7.89999961853027,-0.34999999403954,0.0,0.94999998807907,-0.40500000119209,0.0,7.89999961853027,-1.34908008575439,1.20473492145538,10.1852684020996,-0.89717185497284,0.6280574798584,9.09136486053467,"(-0.897172, 0.628057, 9.091365)",truck body CS,2.75047755241394,0.1,-1.34908008575439,1.20473492145538,10.1852684020996,-0.00102246595769,-179.533434786753,-0.00001025744986
1712,left road,1712,-0.30500000715256,0.0,7.89999961853027,-0.25,0.0,0.94999998807907,-0.30500000715256,0.0,7.89999961853027,-1.34908008575439,1.20473492145538,10.1852684020996,-0.84884440898895,0.62752693891525,9.09035873413086,"(-0.848844, 0.627527, 9.090359)",truck body CS,2.78638529777527,0.1,-1.34908008575439,1.20473492145538,10.1852684020996,-0.00102246595769,-179.533434786753,-0.00001025744986
1713,left road,1713,-0.20500001311302,0.0,7.89999961853027,-0.15000000596046,0.0,0.94999998807907,-0.20500001311302,0.0,7.89999961853027,-1.34908008575439,1.20473492145538,10.1852684020996,-0.84754431247711,0.67660957574844,9.18346405029297,"(-0.847544, 0.67661, 9.183464)",truck body CS,2.82537770271301,0.1,-1.34908008575439,1.20473492145538,10.1852684020996,-0.00102246595769,-179.533434786753,-0.00001025744986
1714,left road,1714,-0.10500000417233,0.0,7.89999961853027,-0.05000000074506,0.0,0.94999998807907,-0.10500000417233,0.0,7.89999961853027,-1.34908008575439,1.20473492145538,10.1852684020996,-0.84624260663986,0.71780014038086,9.26159858703613,"(-0.846243, 0.7178, 9.261599)",truck body CS,2.86732888221741,0.1,-1.34908008575439,1.20473492145538,10.1852684020996,-0.00102246595769,-179.533434786753,-0.00001025744986
1715,left road,1715,-0.00499999895692,0.0,7.89999961853027,0.05000000074506,0.0,0.94999998807907,-0.00499999895692,0.0,7.89999961853027,-1.34908008575439,1.20473492145538,10.1852684020996,-0.84559935331345,0.75345158576965,9.32922554016113,"(-0.845599, 0.753452, 9.329226)",truck body CS,2.91211104393005,0.1,-1.34908008575439,1.20473492145538,10.1852684020996,-0.00102246595769,-179.533434786753,-0.00001025744986
1716,left road,1716,0.09500000625849,0.0,7.89999961853027,0.15000000596046,0.0,0.94999998807907,0.09500000625849,0.0,7.89999961853027,-1.34908008575439,1.20473492145538,10.1852684020996,-0.84594249725342,0.78498846292496,9.38904762268066,"(-0.845942, 0.784988, 9.389048)",truck body CS,2.95959568023682,0.1,-1.34908008575439,1.20473492145538,10.1852684020996,-0.00102246595769,-179.533434786753,-0.00001025744986
1717,left road,1717,0.19499999284744,0.0,7.89999961853027,0.25,0.0,0.94999998807907,0.19499999284744,0.0,7.89999961853027,-1.34908008575439,1.20473492145538,10.1852684020996,-0.84654235839844,0.81264078617096,9.44150161743164,"(-0.846542, 0.812641, 9.441502)",truck body CS,3.0096549987793,0.1,-1.34908008575439,1.20473492145538,10.1852684020996,-0.00102246595769,-179.533434786753,-0.00001025744986
1718,left road,1718,0.29499998688698,0.0,7.89999961853027,0.34999999403954,0.0,0.94999998807907,0.29499998688698,0.0,7.89999961853027,-1.34908008575439,1.20473492145538,10.1852684020996,-0.85125052928925,0.83993971347809,9.49328517913818,"(-0.851251, 0.83994, 9.493285)",truck body CS,3.06216239929199,0.1,-1.34908008575439,1.20473492145538,10.1852684020996,-0.00102246595769,-179.533434786753,-0.00001025744986
1719,left road,1719,0.39499998092651,0.0,7.89999961853027,0.44999998807907,0.0,0.94999998807907,0.39499998092651,0.0,7.89999961853027,-1.34908008575439,1.20473492145538,10.1852684020996,-0.85485935211182,0.8633486032486,9.53769016265869,"(-0.854859, 0.863349, 9.53769)",truck body CS,3.11699438095093,0.1,-1.34908008575439,1.20473492145538,10.1852684020996,-0.00102246595769,-179.533434786753,-0.00001025744986
1720,left road,1720,0.49500000476837,0.0,7.89999961853027,0.55000001192093,0.0,0.94999998807907,0.49500000476837,0.0,7.89999961853027,-1.34908008575439,1.20473492145538,10.1852684020996,-0.85840970277786,0.88418060541153,9.5772066116333,"(-0.85841, 0.884181, 9.577207)",truck body CS,3.17403054237366,0.1,-1.34908008575439,1.20473492145538,10.1852684020996,-0.00102246595769,-179.533434786753,-0.00001025744986
1721,left road,1721,0.59499996900558,0.0,7.89999961853027,0.64999997615814,0.0,0.94999998807907,0.59499996900558,0.0,7.89999961853027,-1.34908008575439,1.20473492145538,10.1852684020996,-0.86216187477112,0.90299463272095,9.61289501190186,"(-0.862162, 0.902995, 9.612895)",truck body CS,3.233154296875,0.1,-1.34908008575439,1.20473492145538,10.1852684020996,-0.00102246595769,-179.533434786753,-0.00001025744986
1722,left road,1722,0.69499999284744,0.0,7.89999961853027,0.75,0.0,0.94999998807907,0.69499999284744,0.0,7.89999961853027,-1.34908008575439,1.20473492145538,10.1852684020996,-0.8656085729599,0.91978764533997,9.64474964141846,"(-0.865609, 0.919788, 9.64475)",truck body CS,3.29425287246704,0.1,-1.34908008575439,1.20473492145538,10.1852684020996,-0.00102246595769,-179.533434786753,-0.00001025744986
1723,left road,1723,0.7950000166893,0.0,7.89999961853027,0.85000002384186,0.0,0.94999998807907,0.7950000166893,0.0,7.89999961853027,-1.34908008575439,1.20473492145538,10.1852684020996,-0.86869168281555,0.93481004238129,9.67324542999268,"(-0.868692, 0.93481, 9.673245)",truck body CS,3.35721898078918,0.1,-1.34908008575439,1.20473492145538,10.1852684020996,-0.00102246595769,-179.533434786753,-0.00001025744986
1724,left road,1724,0.89499998092651,0.0,7.89999961853027,0.94999998807907,0.0,0.94999998807907,0.89499998092651,0.0,7.89999961853027,-1.34908008575439,1.20473492145538,10.1852684020996,-0.87106019258499,0.9481098651886,9.69847393035889,"(-0.87106, 0.94811, 9.698474)",truck body CS,3.4219491481781,0.1,-1.34908008575439,1.20473492145538,10.1852684020996,-0.00102246595769,-179.533434786753,-0.00001025744986
1725,left road,1725,0.99499994516373,0.0,7.89999961853027,1.04999995231628,0.0,0.94999998807907,0.99499994516373,0.0,7.89999961853027,-1.34908008575439,1.20473492145538,10.1852684020996,-0.87195771932602,0.95951890945435,9.72011566162109,"(-0.871958, 0.959519, 9.720116)",truck body CS,3.48834490776062,0.1,-1.34908008575439,1.20473492145538,10.1852684020996,-0.00102246595769,-179.533434786753,-0.00001025744986
1726,left road,1726,1.09500002861023,0.0,7.89999961853027,1.14999997615814,0.0,0.94999998807907,1.09500002861023,0.0,7.89999961853027,-1.34908008575439,1.20473492145538,10.1852684020996,-0.87261146306992,0.96987420320511,9.73975944519043,"(-0.872611, 0.969874, 9.739759)",truck body CS,3.55631375312805,0.1,-1.34908008575439,1.20473492145538,10.1852684020996,-0.00102246595769,-179.533434786753,-0.00001025744986
1727,left road,1727,1.19500005245209,0.0,7.89999961853027,1.25,0.0,0.94999998807907,1.19500005245209,0.0,7.89999961853027,-1.34908008575439,1.20473492145538,10.1852684020996,-0.87593680620193,0.98068046569824,9.76025772094727,"(-0.875937, 0.98068, 9.760258)",truck body CS,3.62576675415039,0.1,-1.34908008575439,1.20473492145538,10.1852684020996,-0.00102246595769,-179.533434786753,-0.00001025744986
1728,left road,1728,1.29500007629395,0.0,7.89999961853027,1.35000002384186,0.0,0.94999998807907,1.29500007629395,0.0,7.89999961853027,-1.34908008575439,1.20473492145538,10.1852684020996,-0.8866411447525,0.99403166770935,9.78558349609375,"(-0.886641, 0.994032, 9.785583)",truck body CS,3.69661998748779,0.1,-1.34908008575439,1.20473492145538,10.1852684020996,-0.00102246595769,-179.533434786753,-0.00001025744986
1729,left road,1729,1.3950001001358,0.0,7.89999961853027,1.45000004768372,0.0,0.94999998807907,1.3950001001358,0.0,7.89999961853027,-1.34908008575439,1.20473492145538,10.1852684020996,-0.9015337228775,1.00824844837189,9.81255149841309,"(-0.901534, 1.008248, 9.812551)",truck body CS,3.76879501342773,0.1,-1.34908008575439,1.20473492145538,10.1852684020996,-0.00102246595769,-179.533434786753,-0.00001025744986
1730,left road,1730,1.49500000476837,0.0,7.89999961853027,1.54999995231628,0.0,0.94999998807907,1.49500000476837,0.0,7.89999961853027,-1.34908008575439,1.20473492145538,10.1852684020996,-0.91226035356522,1.01970076560974,9.8342752456665,"(-0.91226, 1.019701, 9.834275)",truck body CS,3.84221696853638,0.1,-1.34908008575439,1.20473492145538,10.1852684020996,-0.00102246595769,-179.533434786753,-0.00001025744986
1731,left road,1731,1.59500002861023,0.0,7.89999961853027,1.64999997615814,0.0,0.94999998807907,1.59500002861023,0.0,7.89999961853027,-1.34908008575439,1.20473492145538,10.1852684020996,-0.92159551382065,1.0298056602478,9.85344314575195,"(-0.921596, 1.029806, 9.853443)",truck body CS,3.91681599617004,0.1,-1.34908008575439,1.20473492145538,10.1852684020996,-0.00102246595769,-179.533434786753,-0.00001025744986
1732,left road,1732,1.69500005245209,0.0,7.89999961853027,1.75,0.0,0.94999998807907,1.69500005245209,0.0,7.89999961853027,-1.34908008575439,1.20473492145538,10.1852684020996,-0.965163230896,1.05279457569122,9.89705085754395,"(-0.965163, 1.052795, 9.897051)",truck body CS,3.99252605438232,0.1,-1.34908008575439,1.20473492145538,10.1852684020996,-0.00102246595769,-179.533434786753,-0.00001025744986
1733,left road,1733,1.79500007629395,0.0,7.89999961853027,1.85000002384186,0.0,0.94999998807907,1.79500007629395,0.0,7.89999961853027,-1.34908008575439,1.20473492145538,10.1852684020996,-0.94491124153137,1.04986727237701,9.89149856567383,"(-0.944911, 1.049867, 9.891499)",truck body CS,4.06928491592407,0.1,-1.34908008575439,1.20473492145538,10.1852684020996,-0.00102246595769,-179.533434786753,-0.00001025744986
1734,left road,1734,1.8950001001358,0.0,7.89999961853027,1.95000004768372,0.0,0.94999998807907,1.8950001001358,0.0,7.89999961853027,-1.34908008575439,1.20473492145538,10.1852684020996,-0.94009780883789,1.05285358428955,9.89716339111328,"(-0.940098, 1.052854, 9.897163)",truck body CS,4.14703464508057,0.1,-1.34908008575439,1.20473492145538,10.1852684020996,-0.00102246595769,-179.533434786753,-0.00001025744986
1735,left road,1735,1.99500000476837,0.0,7.89999961853027,2.04999995231628,0.0,0.94999998807907,1.99500000476837,0.0,7.89999961853027,-1.34908008575439,1.20473492145538,10.1852684020996,-0.94178366661072,1.05800271034241,9.9069299697876,"(-0.941784, 1.058003, 9.90693)",truck body CS,4.22571992874146,0.1,-1.34908008575439,1.20473492145538,10.1852684020996,-0.00102246595769,-179.533434786753,-0.00001025744986
1736,left road,1736,2.09500002861023,0.0,7.89999961853027,2.15000009536743,0.0,0.94999998807907,2.09500002861023,0.0,7.89999961853027,-1.34908008575439,1.20473492145538,10.1852684020996,-0.94360369443893,1.06289970874786,9.91621971130371,"(-0.943604, 1.0629, 9.91622)",truck body CS,4.30529069900513,0.1,-1.34908008575439,1.20473492145538,10.1852684020996,-0.00102246595769,-179.533434786753,-0.00001025744986
1737,left road,1737,2.1949999332428,0.0,7.89999961853027,2.25,0.0,0.94999998807907,2.1949999332428,0.0,7.89999961853027,-1.34908008575439,1.20473492145538,10.1852684020996,-0.94533902406693,1.06749165058136,9.92492961883545,"(-0.945339, 1.067492, 9.92493)",truck body CS,4.38569736480713,0.1,-1.34908008575439,1.20473492145538,10.1852684020996,-0.00102246595769,-179.533434786753,-0.00001025744986
1738,left road,1738,2.29499983787537,0.0,7.89999961853027,2.34999990463257,0.0,0.94999998807907,2.29499983787537,0.0,7.89999961853027,-1.34908008575439,1.20473492145538,10.1852684020996,-0.94704246520996,1.07182097434998,9.93314266204834,"(-0.947042, 1.071821, 9.933143)",truck body CS,4.46689605712891,0.1,-1.34908008575439,1.20473492145538,10.1852684020996,-0.00102246595769,-179.533434786753,-0.00001025744986
1739,left road,1739,2.39499998092651,0.0,7.89999961853027,2.45000004768372,0.0,0.94999998807907,2.39499998092651,0.0,7.89999961853027,-1.34908008575439,1.20473492145538,10.1852684020996,-0.94864183664322,1.07588565349579,9.94085216522217,"(-0.948642, 1.075886, 9.940852)",truck body CS,4.54884338378906,0.1,-1.34908008575439,1.20473492145538,10.1852684020996,-0.00102246595769,-179.533434786753,-0.00001025744986
1740,left road,1740,2.49499988555908,0.0,7.89999961853027,2.54999995231628,0.0,0.94999998807907,2.49499988555908,0.0,7.89999961853027,-1.34908008575439,1.20473492145538,10.1852684020996,-0.95014679431915,1.07970917224884,9.94810581207275,"(-0.950147, 1.079709, 9.948106)",truck body CS,4.63149976730347,0.1,-1.34908008575439,1.20473492145538,10.1852684020996,-0.00102246595769,-179.533434786753,-0.00001025744986
1741,left road,1741,2.59500002861023,0.0,7.89999961853027,2.65000009536743,0.0,0.94999998807907,2.59500002861023,0.0,7.89999961853027,-1.34908008575439,1.20473492145538,10.1852684020996,-0.95152866840363,1.08330118656158,9.95491886138916,"(-0.951529, 1.083301, 9.954919)",truck body CS,4.71482849121094,0.1,-1.34908008575439,1.20473492145538,10.1852684020996,-0.00102246595769,-179.533434786753,-0.00001025744986
1742,left road,1742,2.6949999332428,0.0,7.89999961853027,2.75,0.0,0.94999998807907,2.6949999332428,0.0,7.89999961853027,-1.34908008575439,1.20473492145538,10.1852684020996,-0.95269966125488,1.08665299415588,9.96127700805664,"(-0.9527, 1.086653, 9.961277)",truck body CS,4.79879379272461,0.1,-1.34908008575439,1.20473492145538,10.1852684020996,-0.00102246595769,-179.533434786753,-0.00001025744986
1743,left road,1743,2.79499983787537,0.0,7.89999961853027,2.84999990463257,0.0,0.94999998807907,2.79499983787537,0.0,7.89999961853027,-1.34908008575439,1.20473492145538,10.1852684020996,-0.9538072347641,1.08982408046722,9.96729278564453,"(-0.953807, 1.089824, 9.967293)",truck body CS,4.88336372375488,0.1,-1.34908008575439,1.20473492145538,10.1852684020996,-0.00102246595769,-179.533434786753,-0.00001025744986
1744,left road,1744,2.89499998092651,0.0,7.89999961853027,2.95000004768372,0.0,0.94999998807907,2.89499998092651,0.0,7.89999961853027,-1.34908008575439,1.20473492145538,10.1852684020996,-0.95491254329681,1.09284543991089,9.97302436828613,"(-0.954913, 1.092845, 9.973024)",truck body CS,4.96850633621216,0.1,-1.34908008575439,1.20473492145538,10.1852684020996,-0.00102246595769,-179.533434786753,-0.00001025744986
1745,left road,1745,2.99499988555908,0.0,7.89999961853027,3.04999995231628,0.0,0.94999998807907,2.99499988555908,0.0,7.89999961853027,-1.34908008575439,1.20473492145538,10.1852684020996,-0.95597356557846,1.09571540355682,9.97846794128418,"(-0.955974, 1.095715, 9.978468)",truck body CS,5.0541934967041,0.1,-1.34908008575439,1.20473492145538,10.1852684020996,-0.00102246595769,-179.533434786753,-0.00001025744986
1746,left road,1746,3.09500002861023,0.0,7.89999961853027,3.15000009536743,0.0,0.94999998807907,3.09500002861023,0.0,7.89999961853027,-1.34908008575439,1.20473492145538,10.1852684020996,-0.95690554380417,1.09842109680176,9.98360061645508,"(-0.956906, 1.098421, 9.983601)",truck body CS,5.14039754867554,0.1,-1.34908008575439,1.20473492145538,10.1852684020996,-0.00102246595769,-179.533434786753,-0.00001025744986
1747,left road,1747,3.1949999332428,0.0,7.89999961853027,3.25,0.0,0.94999998807907,3.1949999332428,0.0,7.89999961853027,-1.34908008575439,1.20473492145538,10.1852684020996,-1.29928278923035,1.19153261184692,10.1602249145508,"(-1.299283, 1.191533, 10.16022)",EyeArea,5.22709274291992,0.1,-1.34908008575439,1.20473492145538,10.1852684020996,-0.00102246595769,-179.533434786753,-0.00001025744986
1748,left road,1748,3.29499983787537,0.0,7.89999961853027,3.34999990463257,0.0,0.94999998807907,3.29499983787537,0.0,7.89999961853027,-1.34908008575439,1.20473492145538,10.1852684020996,-1.29927837848663,1.19181573390961,10.1607618331909,"(-1.299278, 1.191816, 10.16076)",EyeArea,5.31425619125366,0.1,-1.34908008575439,1.20473492145538,10.1852684020996,-0.00102246595769,-179.533434786753,-0.00001025744986
1749,left road,1749,3.39499998092651,0.0,7.89999961853027,3.45000004768372,0.0,0.94999998807907,3.39499998092651,0.0,7.89999961853027,-1.34908008575439,1.20473492145538,10.1852684020996,-1.2992742061615,1.19208705425262,10.1612768173218,"(-1.299274, 1.192087, 10.16128)",EyeArea,5.40186405181885,0.1,-1.34908008575439,1.20473492145538,10.1852684020996,-0.00102246595769,-179.533434786753,-0.00001025744986
1750,left road,1750,-3.50500011444092,0.0,8.0,-3.45000004768372,0.0,1.04999995231628,-3.50500011444092,0.0,8.0,-1.34908008575439,1.20473492145538,10.1852684020996,-2.40896034240723,0.61247044801712,9.11095905303955,"(-2.40896, 0.61247, 9.110959)",truck body CS,3.29769229888916,0.1,-1.34908008575439,1.20473492145538,10.1852684020996,-0.00102246595769,-179.533434786753,-0.00001025744986
1751,left road,1751,-3.40499997138977,0.0,8.0,-3.34999990463257,0.0,1.04999995231628,-3.40499997138977,0.0,8.0,-1.34908008575439,1.20473492145538,10.1852684020996,-2.36099481582642,0.61176961660385,9.10968780517578,"(-2.360995, 0.61177, 9.109688)",truck body CS,3.23320126533508,0.1,-1.34908008575439,1.20473492145538,10.1852684020996,-0.00102246595769,-179.533434786753,-0.00001025744986
1752,left road,1752,-3.3050000667572,0.0,8.0,-3.25,0.0,1.04999995231628,-3.3050000667572,0.0,8.0,-1.34908008575439,1.20473492145538,10.1852684020996,-2.35280704498291,0.5864964723587,9.06384468078613,"(-2.352807, 0.586496, 9.063845)",truck body CS,3.17055296897888,0.1,-1.34908008575439,1.20473492145538,10.1852684020996,-0.00102246595769,-179.533434786753,-0.00001025744986
1753,left road,1753,-3.20500016212463,0.0,8.0,-3.15000009536743,0.0,1.04999995231628,-3.20500016212463,0.0,8.0,-1.34908008575439,1.20473492145538,10.1852684020996,-2.35330295562744,0.55286276340485,9.00283718109131,"(-2.353303, 0.552863, 9.002837)",truck body CS,3.10985898971558,0.1,-1.34908008575439,1.20473492145538,10.1852684020996,-0.00102246595769,-179.533434786753,-0.00001025744986
1754,left road,1754,-3.10500001907349,0.0,8.0,-3.04999995231628,0.0,1.04999995231628,-3.10500001907349,0.0,8.0,-1.34908008575439,1.20473492145538,10.1852684020996,-2.35385608673096,0.51535898447037,8.9348087310791,"(-2.353856, 0.515359, 8.934809)",truck body CS,3.05123567581177,0.1,-1.34908008575439,1.20473492145538,10.1852684020996,-0.00102246595769,-179.533434786753,-0.00001025744986
1755,left road,1755,-3.00500011444092,0.0,8.0,-2.95000004768372,0.0,1.04999995231628,-3.00500011444092,0.0,8.0,-1.34908008575439,1.20473492145538,10.1852684020996,-2.35447692871094,0.47327628731728,8.85847473144531,"(-2.354477, 0.473276, 8.858475)",truck body CS,2.9948046207428,0.1,-1.34908008575439,1.20473492145538,10.1852684020996,-0.00102246595769,-179.533434786753,-0.00001025744986
1756,left road,1756,-2.90499997138977,0.0,8.0,-2.84999990463257,0.0,1.04999995231628,-2.90499997138977,0.0,8.0,-1.34908008575439,1.20473492145538,10.1852684020996,-2.35517883300781,0.42572143673897,8.77221488952637,"(-2.355179, 0.425721, 8.772215)",truck body CS,2.94069218635559,0.1,-1.34908008575439,1.20473492145538,10.1852684020996,-0.00102246595769,-179.533434786753,-0.00001025744986
1757,left road,1757,-2.8050000667572,0.0,8.0,-2.75,0.0,1.04999995231628,-2.8050000667572,0.0,8.0,-1.34908008575439,1.20473492145538,10.1852684020996,-2.4224956035614,0.31651222705841,8.57412052154541,"(-2.422496, 0.316512, 8.574121)",truck body CS,2.88902878761292,0.1,-1.34908008575439,1.20473492145538,10.1852684020996,-0.00102246595769,-179.533434786753,-0.00001025744986
1758,left road,1758,-2.70500016212463,0.0,8.0,-2.65000009536743,0.0,1.04999995231628,-2.70500016212463,0.0,8.0,-1.34908008575439,1.20473492145538,10.1852684020996,-2.35695910453796,0.30923447012901,8.56091976165771,"(-2.356959, 0.309234, 8.56092)",truck body CS,2.83994793891907,0.1,-1.34908008575439,1.20473492145538,10.1852684020996,-0.00102246595769,-179.533434786753,-0.00001025744986
1759,left road,1759,-2.60500001907349,0.0,8.0,-2.54999995231628,0.0,1.04999995231628,-2.60500001907349,0.0,8.0,-1.34908008575439,1.20473492145538,10.1852684020996,-2.28254175186157,0.30931654572487,8.56106853485107,"(-2.282542, 0.309317, 8.561069)",truck body CS,2.79358530044556,0.1,-1.34908008575439,1.20473492145538,10.1852684020996,-0.00102246595769,-179.533434786753,-0.00001025744986
1760,left road,1760,-2.50500011444092,0.0,8.0,-2.45000004768372,0.0,1.04999995231628,-2.50500011444092,0.0,8.0,-1.34908008575439,1.20473492145538,10.1852684020996,-2.20813131332397,0.30940556526184,8.56122970581055,"(-2.208131, 0.309406, 8.56123)",truck body CS,2.75007915496826,0.1,-1.34908008575439,1.20473492145538,10.1852684020996,-0.00102246595769,-179.533434786753,-0.00001025744986
1761,left road,1761,-2.40499997138977,0.0,8.0,-2.34999990463257,0.0,1.04999995231628,-2.40499997138977,0.0,8.0,-1.34908008575439,1.20473492145538,10.1852684020996,-2.13373565673828,0.30949449539185,8.56139087677002,"(-2.133736, 0.309494, 8.561391)",truck body CS,2.70956659317017,0.1,-1.34908008575439,1.20473492145538,10.1852684020996,-0.00102246595769,-179.533434786753,-0.00001025744986
1762,left road,1762,-2.3050000667572,0.0,8.0,-2.25,0.0,1.04999995231628,-2.3050000667572,0.0,8.0,-1.34908008575439,1.20473492145538,10.1852684020996,-2.05933523178101,0.30960854887962,8.56159782409668,"(-2.059335, 0.309609, 8.561598)",truck body CS,2.67218399047852,0.1,-1.34908008575439,1.20473492145538,10.1852684020996,-0.00102246595769,-179.533434786753,-0.00001025744986
1763,left road,1763,-2.20500016212463,0.0,8.0,-2.15000009536743,0.0,1.04999995231628,-2.20500016212463,0.0,8.0,-1.34908008575439,1.20473492145538,10.1852684020996,-1.98495280742645,0.30972367525101,8.56180667877197,"(-1.984953, 0.309724, 8.561807)",truck body CS,2.63806414604187,0.1,-1.34908008575439,1.20473492145538,10.1852684020996,-0.00102246595769,-179.533434786753,-0.00001025744986
1764,left road,1764,-2.10500001907349,0.0,8.0,-2.04999995231628,0.0,1.04999995231628,-2.10500001907349,0.0,8.0,-1.34908008575439,1.20473492145538,10.1852684020996,-1.91058921813965,0.30983883142471,8.56201553344727,"(-1.910589, 0.309839, 8.562016)",truck body CS,2.60733556747437,0.1,-1.34908008575439,1.20473492145538,10.1852684020996,-0.00102246595769,-179.533434786753,-0.00001025744986
1765,left road,1765,-2.00500011444092,0.0,8.0,-1.95000004768372,0.0,1.04999995231628,-2.00500011444092,0.0,8.0,-1.34908008575439,1.20473492145538,10.1852684020996,-1.83624505996704,0.30995389819145,8.56222438812256,"(-1.836245, 0.309954, 8.562224)",truck body CS,2.58011913299561,0.1,-1.34908008575439,1.20473492145538,10.1852684020996,-0.00102246595769,-179.533434786753,-0.00001025744986
1766,left road,1766,-1.90499997138977,0.0,8.0,-1.85000002384186,0.0,1.04999995231628,-1.90499997138977,0.0,8.0,-1.34908008575439,1.20473492145538,10.1852684020996,-1.76191985607147,0.31006896495819,8.56243324279785,"(-1.76192, 0.310069, 8.562433)",truck body CS,2.55652713775635,0.1,-1.34908008575439,1.20473492145538,10.1852684020996,-0.00102246595769,-179.533434786753,-0.00001025744986
1767,left road,1767,-1.80499994754791,0.0,8.0,-1.75,0.0,1.04999995231628,-1.80499994754791,0.0,8.0,-1.34908008575439,1.20473492145538,10.1852684020996,-1.68770289421082,0.30994844436646,8.56221485137939,"(-1.687703, 0.309948, 8.562215)",truck body CS,2.53666043281555,0.1,-1.34908008575439,1.20473492145538,10.1852684020996,-0.00102246595769,-179.533434786753,-0.00001025744986
1768,left road,1768,-1.70499992370605,0.0,8.0,-1.64999997615814,0.0,1.04999995231628,-1.70499992370605,0.0,8.0,-1.34908008575439,1.20473492145538,10.1852684020996,-1.61348187923431,0.30977421998978,8.56189918518066,"(-1.613482, 0.309774, 8.561899)",truck body CS,2.52060770988464,0.1,-1.34908008575439,1.20473492145538,10.1852684020996,-0.00102246595769,-179.533434786753,-0.00001025744986
1769,left road,1769,-1.6049998998642,0.0,8.0,-1.54999995231628,0.0,1.04999995231628,-1.6049998998642,0.0,8.0,-1.34908008575439,1.20473492145538,10.1852684020996,-1.53923213481903,0.30959987640381,8.56158256530762,"(-1.539232, 0.3096, 8.561583)",truck body CS,2.50844168663025,0.1,-1.34908008575439,1.20473492145538,10.1852684020996,-0.00102246595769,-179.533434786753,-0.00001025744986
1770,left road,1770,-1.50499999523163,0.0,8.0,-1.45000004768372,0.0,1.04999995231628,-1.50499999523163,0.0,8.0,-1.34908008575439,1.20473492145538,10.1852684020996,-1.4649533033371,0.30942550301552,8.56126594543457,"(-1.464953, 0.309426, 8.561266)",truck body CS,2.50021886825562,0.1,-1.34908008575439,1.20473492145538,10.1852684020996,-0.00102246595769,-179.533434786753,-0.00001025744986
1771,left road,1771,-1.40499997138977,0.0,8.0,-1.35000002384186,0.0,1.04999995231628,-1.40499997138977,0.0,8.0,-1.34908008575439,1.20473492145538,10.1852684020996,-1.3906455039978,0.30925101041794,8.56094932556152,"(-1.390646, 0.309251, 8.560949)",truck body CS,2.49597883224487,0.1,-1.34908008575439,1.20473492145538,10.1852684020996,-0.00102246595769,-179.533434786753,-0.00001025744986
1772,left road,1772,-1.30499994754791,0.0,8.0,-1.25,0.0,1.04999995231628,-1.30499994754791,0.0,8.0,-1.34908008575439,1.20473492145538,10.1852684020996,-1.31630945205688,0.30909758806229,8.56067085266113,"(-1.316309, 0.309098, 8.560671)",truck body CS,2.49574184417725,0.1,-1.34908008575439,1.20473492145538,10.1852684020996,-0.00102246595769,-179.533434786753,-0.00001025744986
1773,left road,1773,-1.20499992370605,0.0,8.0,-1.14999997615814,0.0,1.04999995231628,-1.20499992370605,0.0,8.0,-1.34908008575439,1.20473492145538,10.1852684020996,-1.24194872379303,0.30894979834557,8.56040287017822,"(-1.241949, 0.30895, 8.560403)",truck body CS,2.49950861930847,0.1,-1.34908008575439,1.20473492145538,10.1852684020996,-0.00102246595769,-179.533434786753,-0.00001025744986
1774,left road,1774,-1.1049998998642,0.0,8.0,-1.04999995231628,0.0,1.04999995231628,-1.1049998998642,0.0,8.0,-1.34908008575439,1.20473492145538,10.1852684020996,-1.16756331920624,0.3088019490242,8.56013488769531,"(-1.167563, 0.308802, 8.560135)",truck body CS,2.50726127624512,0.1,-1.34908008575439,1.20473492145538,10.1852684020996,-0.00102246595769,-179.533434786753,-0.00001025744986
1775,left road,1775,-1.00499999523163,0.0,8.0,-0.94999998807907,0.0,1.04999995231628,-1.00499999523163,0.0,8.0,-1.34908008575439,1.20473492145538,10.1852684020996,-1.13710606098175,0.46254599094391,8.83901119232178,"(-1.137106, 0.462546, 8.839011)",truck body CS,2.518963098526,0.1,-1.34908008575439,1.20473492145538,10.1852684020996,-0.00102246595769,-179.533434786753,-0.00001025744986
1776,left road,1776,-0.90500003099442,0.0,8.0,-0.85000002384186,0.0,1.04999995231628,-0.90500003099442,0.0,8.0,-1.34908008575439,1.20473492145538,10.1852684020996,-1.12909054756165,0.60793006420135,9.10272312164307,"(-1.129091, 0.60793, 9.102723)",truck body CS,2.53455948829651,0.1,-1.34908008575439,1.20473492145538,10.1852684020996,-0.00102246595769,-179.533434786753,-0.00001025744986
1777,left road,1777,-0.80500000715256,0.0,8.0,-0.75,0.0,1.04999995231628,-0.80500000715256,0.0,8.0,-1.34908008575439,1.20473492145538,10.1852684020996,-1.07973980903625,0.60834562778473,9.10347747802734,"(-1.07974, 0.608346, 9.103477)",truck body CS,2.55397868156433,0.1,-1.34908008575439,1.20473492145538,10.1852684020996,-0.00102246595769,-179.533434786753,-0.00001025744986
1778,left road,1778,-0.7049999833107,0.0,8.0,-0.64999997615814,0.0,1.04999995231628,-0.7049999833107,0.0,8.0,-1.34908008575439,1.20473492145538,10.1852684020996,-1.03045797348022,0.6087606549263,9.10422992706299,"(-1.030458, 0.608761, 9.10423)",truck body CS,2.57713460922241,0.1,-1.34908008575439,1.20473492145538,10.1852684020996,-0.00102246595769,-179.533434786753,-0.00001025744986
1779,left road,1779,-0.60500001907349,0.0,8.0,-0.55000001192093,0.0,1.04999995231628,-0.60500001907349,0.0,8.0,-1.34908008575439,1.20473492145538,10.1852684020996,-0.9812445640564,0.60917496681213,9.10498142242432,"(-0.981245, 0.609175, 9.104981)",truck body CS,2.60392761230469,0.1,-1.34908008575439,1.20473492145538,10.1852684020996,-0.00102246595769,-179.533434786753,-0.00001025744986
1780,left road,1780,-0.50499999523163,0.0,8.0,-0.44999998807907,0.0,1.04999995231628,-0.50499999523163,0.0,8.0,-1.34908008575439,1.20473492145538,10.1852684020996,-0.93179339170456,0.60915178060532,9.10493946075439,"(-0.931793, 0.609152, 9.104939)",truck body CS,2.6342465877533,0.1,-1.34908008575439,1.20473492145538,10.1852684020996,-0.00102246595769,-179.533434786753,-0.00001025744986
1781,left road,1781,-0.40500000119209,0.0,8.0,-0.34999999403954,0.0,1.04999995231628,-0.40500000119209,0.0,8.0,-1.34908008575439,1.20473492145538,10.1852684020996,-0.88194918632507,0.60863196849823,9.10399627685547,"(-0.881949, 0.608632, 9.103996)",truck body CS,2.66797137260437,0.1,-1.34908008575439,1.20473492145538,10.1852684020996,-0.00102246595769,-179.533434786753,-0.00001025744986
1782,left road,1782,-0.30500000715256,0.0,8.0,-0.25,0.0,1.04999995231628,-0.30500000715256,0.0,8.0,-1.34908008575439,1.20473492145538,10.1852684020996,-0.85015988349915,0.62904477119446,9.14102363586426,"(-0.85016, 0.629045, 9.141024)",truck body CS,2.70497441291809,0.1,-1.34908008575439,1.20473492145538,10.1852684020996,-0.00102246595769,-179.533434786753,-0.00001025744986
1783,left road,1783,-0.20500001311302,0.0,8.0,-0.15000000596046,0.0,1.04999995231628,-0.20500001311302,0.0,8.0,-1.34908008575439,1.20473492145538,10.1852684020996,-0.84762346744537,0.67669290304184,9.22745227813721,"(-0.847623, 0.676693, 9.227452)",truck body CS,2.74512362480164,0.1,-1.34908008575439,1.20473492145538,10.1852684020996,-0.00102246595769,-179.533434786753,-0.00001025744986
1784,left road,1784,-0.10500000417233,0.0,8.0,-0.05000000074506,0.0,1.04999995231628,-0.10500000417233,0.0,8.0,-1.34908008575439,1.20473492145538,10.1852684020996,-0.84559047222137,0.71716868877411,9.30087089538574,"(-0.84559, 0.717169, 9.300871)",truck body CS,2.78828239440918,0.1,-1.34908008575439,1.20473492145538,10.1852684020996,-0.00102246595769,-179.533434786753,-0.00001025744986
1785,left road,1785,-0.00499999895692,0.0,8.0,0.05000000074506,0.0,1.04999995231628,-0.00499999895692,0.0,8.0,-1.34908008575439,1.20473492145538,10.1852684020996,-0.84509438276291,0.75299900770187,9.36586380004883,"(-0.845094, 0.752999, 9.365864)",truck body CS,2.83431386947632,0.1,-1.34908008575439,1.20473492145538,10.1852684020996,-0.00102246595769,-179.533434786753,-0.00001025744986
1786,left road,1786,0.09500000625849,0.0,8.0,0.15000000596046,0.0,1.04999995231628,0.09500000625849,0.0,8.0,-1.34908008575439,1.20473492145538,10.1852684020996,-0.84543740749359,0.78456711769104,9.42312526702881,"(-0.845437, 0.784567, 9.423125)",truck body CS,2.88308000564575,0.1,-1.34908008575439,1.20473492145538,10.1852684020996,-0.00102246595769,-179.533434786753,-0.00001025744986
1787,left road,1787,0.19499999284744,0.0,8.0,0.25,0.0,1.04999995231628,0.19499999284744,0.0,8.0,-1.34908008575439,1.20473492145538,10.1852684020996,-0.84641259908676,0.81253945827484,9.47386455535889,"(-0.846413, 0.812539, 9.473865)",truck body CS,2.93444514274597,0.1,-1.34908008575439,1.20473492145538,10.1852684020996,-0.00102246595769,-179.533434786753,-0.00001025744986
1788,left road,1788,0.29499998688698,0.0,8.0,0.34999999403954,0.0,1.04999995231628,0.29499998688698,0.0,8.0,-1.34908008575439,1.20473492145538,10.1852684020996,-0.85078012943268,0.83959490060806,9.52294063568115,"(-0.85078, 0.839595, 9.522941)",truck body CS,2.98827433586121,0.1,-1.34908008575439,1.20473492145538,10.1852684020996,-0.00102246595769,-179.533434786753,-0.00001025744986
1789,left road,1789,0.39499998092651,0.0,8.0,0.44999998807907,0.0,1.04999995231628,0.39499998092651,0.0,8.0,-1.34908008575439,1.20473492145538,10.1852684020996,-0.85481268167496,0.86331635713577,9.56596851348877,"(-0.854813, 0.863316, 9.565969)",truck body CS,3.04443740844727,0.1,-1.34908008575439,1.20473492145538,10.1852684020996,-0.00102246595769,-179.533434786753,-0.00001025744986
1790,left road,1790,0.49500000476837,0.0,8.0,0.55000001192093,0.0,1.04999995231628,0.49500000476837,0.0,8.0,-1.34908008575439,1.20473492145538,10.1852684020996,-0.85836619138718,0.88415217399597,9.60376262664795,"(-0.858366, 0.884152, 9.603763)",truck body CS,3.10280752182007,0.1,-1.34908008575439,1.20473492145538,10.1852684020996,-0.00102246595769,-179.533434786753,-0.00001025744986
1791,left road,1791,0.59499996900558,0.0,8.0,0.64999997615814,0.0,1.04999995231628,0.59499996900558,0.0,8.0,-1.34908008575439,1.20473492145538,10.1852684020996,-0.86211341619492,0.90296447277069,9.63788604736328,"(-0.862113, 0.902964, 9.637886)",truck body CS,3.16326284408569,0.1,-1.34908008575439,1.20473492145538,10.1852684020996,-0.00102246595769,-179.533434786753,-0.00001025744986
1792,left road,1792,0.69499999284744,0.0,8.0,0.75,0.0,1.04999995231628,0.69499999284744,0.0,8.0,-1.34908008575439,1.20473492145538,10.1852684020996,-0.86556315422058,0.91976082324982,9.66835308074951,"(-0.865563, 0.919761, 9.668353)",truck body CS,3.22568535804749,0.1,-1.34908008575439,1.20473492145538,10.1852684020996,-0.00102246595769,-179.533434786753,-0.00001025744986
1793,left road,1793,0.7950000166893,0.0,8.0,0.85000002384186,0.0,1.04999995231628,0.7950000166893,0.0,8.0,-1.34908008575439,1.20473492145538,10.1852684020996,-0.86880218982697,0.93487203121185,9.69576358795166,"(-0.868802, 0.934872, 9.695764)",truck body CS,3.28996419906616,0.1,-1.34908008575439,1.20473492145538,10.1852684020996,-0.00102246595769,-179.533434786753,-0.00001025744986
1794,left road,1794,0.89499998092651,0.0,8.0,0.94999998807907,0.0,1.04999995231628,0.89499998092651,0.0,8.0,-1.34908008575439,1.20473492145538,10.1852684020996,-0.87122142314911,0.94819635152817,9.71993255615234,"(-0.871221, 0.948196, 9.719933)",truck body CS,3.35599160194397,0.1,-1.34908008575439,1.20473492145538,10.1852684020996,-0.00102246595769,-179.533434786753,-0.00001025744986
1795,left road,1795,0.99499994516373,0.0,8.0,1.04999995231628,0.0,1.04999995231628,0.99499994516373,0.0,8.0,-1.34908008575439,1.20473492145538,10.1852684020996,-0.87211102247238,0.95959770679474,9.74061298370361,"(-0.872111, 0.959598, 9.740613)",truck body CS,3.42366695404053,0.1,-1.34908008575439,1.20473492145538,10.1852684020996,-0.00102246595769,-179.533434786753,-0.00001025744986
1796,left road,1796,1.09500002861023,0.0,8.0,1.14999997615814,0.0,1.04999995231628,1.09500002861023,0.0,8.0,-1.34908008575439,1.20473492145538,10.1852684020996,-0.87265259027481,0.96989446878433,9.75929069519043,"(-0.872653, 0.969894, 9.759291)",truck body CS,3.49289441108704,0.1,-1.34908008575439,1.20473492145538,10.1852684020996,-0.00102246595769,-179.533434786753,-0.00001025744986
1797,left road,1797,1.19500005245209,0.0,8.0,1.25,0.0,1.04999995231628,1.19500005245209,0.0,8.0,-1.34908008575439,1.20473492145538,10.1852684020996,-0.87608540058136,0.98075085878372,9.7789831161499,"(-0.876085, 0.980751, 9.778983)",truck body CS,3.5635838508606,0.1,-1.34908008575439,1.20473492145538,10.1852684020996,-0.00102246595769,-179.533434786753,-0.00001025744986
1798,left road,1798,1.29500007629395,0.0,8.0,1.35000002384186,0.0,1.04999995231628,1.29500007629395,0.0,8.0,-1.34908008575439,1.20473492145538,10.1852684020996,-0.88708394765854,0.99423342943192,9.80343914031982,"(-0.887084, 0.994233, 9.803439)",truck body CS,3.63564896583557,0.1,-1.34908008575439,1.20473492145538,10.1852684020996,-0.00102246595769,-179.533434786753,-0.00001025744986
1799,left road,1799,1.3950001001358,0.0,8.0,1.45000004768372,0.0,1.04999995231628,1.3950001001358,0.0,8.0,-1.34908008575439,1.20473492145538,10.1852684020996,-0.90186136960983,1.00839221477509,9.82912158966064,"(-0.901861, 1.008392, 9.829122)",truck body CS,3.7090106010437,0.1,-1.34908008575439,1.20473492145538,10.1852684020996,-0.00102246595769,-179.533434786753,-0.00001025744986
1800,left road,1800,1.49500000476837,0.0,8.0,1.54999995231628,0.0,1.04999995231628,1.49500000476837,0.0,8.0,-1.34908008575439,1.20473492145538,10.1852684020996,-0.91254895925522,1.01982295513153,9.84985637664795,"(-0.912549, 1.019823, 9.849856)",truck body CS,3.78359293937683,0.1,-1.34908008575439,1.20473492145538,10.1852684020996,-0.00102246595769,-179.533434786753,-0.00001025744986
1801,left road,1801,1.59500002861023,0.0,8.0,1.64999997615814,0.0,1.04999995231628,1.59500002861023,0.0,8.0,-1.34908008575439,1.20473492145538,10.1852684020996,-0.92203807830811,1.02998685836792,9.8682918548584,"(-0.922038, 1.029987, 9.868292)",truck body CS,3.85932540893555,0.1,-1.34908008575439,1.20473492145538,10.1852684020996,-0.00102246595769,-179.533434786753,-0.00001025744986
1802,left road,1802,1.69500005245209,0.0,8.0,1.75,0.0,1.04999995231628,1.69500005245209,0.0,8.0,-1.34908008575439,1.20473492145538,10.1852684020996,-0.94442737102509,1.04458808898926,9.89477729797363,"(-0.944427, 1.044588, 9.894777)",truck body CS,3.9361412525177,0.1,-1.34908008575439,1.20473492145538,10.1852684020996,-0.00102246595769,-179.533434786753,-0.00001025744986
1803,left road,1803,1.79500007629395,0.0,8.0,1.85000002384186,0.0,1.04999995231628,1.79500007629395,0.0,8.0,-1.34908008575439,1.20473492145538,10.1852684020996,-0.942258477211,1.04885077476501,9.90250968933105,"(-0.942258, 1.048851, 9.90251)",truck body CS,4.01397848129272,0.1,-1.34908008575439,1.20473492145538,10.1852684020996,-0.00102246595769,-179.533434786753,-0.00001025744986
1804,left road,1804,1.8950001001358,0.0,8.0,1.95000004768372,0.0,1.04999995231628,1.8950001001358,0.0,8.0,-1.34908008575439,1.20473492145538,10.1852684020996,-0.93998903036118,1.05281317234039,9.90969657897949,"(-0.939989, 1.052813, 9.909697)",truck body CS,4.09277868270874,0.1,-1.34908008575439,1.20473492145538,10.1852684020996,-0.00102246595769,-179.533434786753,-0.00001025744986
1805,left road,1805,1.99500000476837,0.0,8.0,2.04999995231628,0.0,1.04999995231628,1.99500000476837,0.0,8.0,-1.34908008575439,1.20473492145538,10.1852684020996,-0.94171994924545,1.05797982215881,9.91906833648682,"(-0.94172, 1.05798, 9.919068)",truck body CS,4.17248773574829,0.1,-1.34908008575439,1.20473492145538,10.1852684020996,-0.00102246595769,-179.533434786753,-0.00001025744986
1806,left road,1806,2.09500002861023,0.0,8.0,2.15000009536743,0.0,1.04999995231628,2.09500002861023,0.0,8.0,-1.34908008575439,1.20473492145538,10.1852684020996,-0.94353169202805,1.06287455558777,9.92794704437256,"(-0.943532, 1.062875, 9.927947)",truck body CS,4.25305461883545,0.1,-1.34908008575439,1.20473492145538,10.1852684020996,-0.00102246595769,-179.533434786753,-0.00001025744986
1807,left road,1807,2.1949999332428,0.0,8.0,2.25,0.0,1.04999995231628,2.1949999332428,0.0,8.0,-1.34908008575439,1.20473492145538,10.1852684020996,-0.94527286291122,1.06746912002563,9.93628120422363,"(-0.945273, 1.067469, 9.936281)",truck body CS,4.33443021774292,0.1,-1.34908008575439,1.20473492145538,10.1852684020996,-0.00102246595769,-179.533434786753,-0.00001025744986
1808,left road,1808,2.29499983787537,0.0,8.0,2.34999990463257,0.0,1.04999995231628,2.29499983787537,0.0,8.0,-1.34908008575439,1.20473492145538,10.1852684020996,-0.94697886705399,1.07179987430573,9.94413661956787,"(-0.946979, 1.0718, 9.944137)",truck body CS,4.41657161712646,0.1,-1.34908008575439,1.20473492145538,10.1852684020996,-0.00102246595769,-179.533434786753,-0.00001025744986
1809,left road,1809,2.39499998092651,0.0,8.0,2.45000004768372,0.0,1.04999995231628,2.39499998092651,0.0,8.0,-1.34908008575439,1.20473492145538,10.1852684020996,-0.94858068227768,1.07586586475372,9.95151233673096,"(-0.948581, 1.075866, 9.951512)",truck body CS,4.49943542480469,0.1,-1.34908008575439,1.20473492145538,10.1852684020996,-0.00102246595769,-179.533434786753,-0.00001025744986
1810,left road,1810,2.49499988555908,0.0,8.0,2.54999995231628,0.0,1.04999995231628,2.49499988555908,0.0,8.0,-1.34908008575439,1.20473492145538,10.1852684020996,-0.95007330179214,1.07968616485596,9.95844173431396,"(-0.950073, 1.079686, 9.958442)",truck body CS,4.58298301696777,0.1,-1.34908008575439,1.20473492145538,10.1852684020996,-0.00102246595769,-179.533434786753,-0.00001025744986
1811,left road,1811,2.59500002861023,0.0,8.0,2.65000009536743,0.0,1.04999995231628,2.59500002861023,0.0,8.0,-1.34908008575439,1.20473492145538,10.1852684020996,-0.95131933689117,1.0832371711731,9.96488285064697,"(-0.951319, 1.083237, 9.964883)",truck body CS,4.6671781539917,0.1,-1.34908008575439,1.20473492145538,10.1852684020996,-0.00102246595769,-179.533434786753,-0.00001025744986
1812,left road,1812,2.6949999332428,0.0,8.0,2.75,0.0,1.04999995231628,2.6949999332428,0.0,8.0,-1.34908008575439,1.20473492145538,10.1852684020996,-0.95249623060226,1.08659219741821,9.97096824645996,"(-0.952496, 1.086592, 9.970968)",truck body CS,4.75198554992676,0.1,-1.34908008575439,1.20473492145538,10.1852684020996,-0.00102246595769,-179.533434786753,-0.00001025744986
1813,left road,1813,2.79499983787537,0.0,8.0,2.84999990463257,0.0,1.04999995231628,2.79499983787537,0.0,8.0,-1.34908008575439,1.20473492145538,10.1852684020996,-0.95370835065842,1.08979535102844,9.97677898406982,"(-0.953708, 1.089795, 9.976779)",truck body CS,4.83737373352051,0.1,-1.34908008575439,1.20473492145538,10.1852684020996,-0.00102246595769,-179.533434786753,-0.00001025744986
1814,left road,1814,2.89499998092651,0.0,8.0,2.95000004768372,0.0,1.04999995231628,2.89499998092651,0.0,8.0,-1.34908008575439,1.20473492145538,10.1852684020996,-0.95479959249496,1.09281349182129,9.982253074646,"(-0.9548, 1.092813, 9.982253)",truck body CS,4.92331171035767,0.1,-1.34908008575439,1.20473492145538,10.1852684020996,-0.00102246595769,-179.533434786753,-0.00001025744986
1815,left road,1815,2.99499988555908,0.0,8.0,3.04999995231628,0.0,1.04999995231628,2.99499988555908,0.0,8.0,-1.34908008575439,1.20473492145538,10.1852684020996,-1.29928290843964,1.1909247636795,10.1602182388306,"(-1.299283, 1.190925, 10.16022)",EyeArea,5.00977182388306,0.1,-1.34908008575439,1.20473492145538,10.1852684020996,-0.00102246595769,-179.533434786753,-0.00001025744986
1816,left road,1816,3.09500002861023,0.0,8.0,3.15000009536743,0.0,1.04999995231628,3.09500002861023,0.0,8.0,-1.34908008575439,1.20473492145538,10.1852684020996,-1.29927825927734,1.19123435020447,10.1607789993286,"(-1.299278, 1.191234, 10.16078)",EyeArea,5.09672784805298,0.1,-1.34908008575439,1.20473492145538,10.1852684020996,-0.00102246595769,-179.533434786753,-0.00001025744986
1817,left road,1817,3.1949999332428,0.0,8.0,3.25,0.0,1.04999995231628,3.1949999332428,0.0,8.0,-1.34908008575439,1.20473492145538,10.1852684020996,-1.29927396774292,1.19153022766113,10.1613159179688,"(-1.299274, 1.19153, 10.16132)",EyeArea,5.18415307998657,0.1,-1.34908008575439,1.20473492145538,10.1852684020996,-0.00102246595769,-179.533434786753,-0.00001025744986
1818,left road,1818,3.29499983787537,0.0,8.0,3.34999990463257,0.0,1.04999995231628,3.29499983787537,0.0,8.0,-1.34908008575439,1.20473492145538,10.1852684020996,-1.2992696762085,1.19181346893311,10.1618299484253,"(-1.29927, 1.191813, 10.16183)",EyeArea,5.27202653884888,0.1,-1.34908008575439,1.20473492145538,10.1852684020996,-0.00102246595769,-179.533434786753,-0.00001025744986
1819,left road,1819,3.39499998092651,0.0,8.0,3.45000004768372,0.0,1.04999995231628,3.39499998092651,0.0,8.0,-1.34908008575439,1.20473492145538,10.1852684020996,-1.29926574230194,1.19208478927612,10.1623220443726,"(-1.299266, 1.192085, 10.16232)",EyeArea,5.36032438278198,0.1,-1.34908008575439,1.20473492145538,10.1852684020996,-0.00102246595769,-179.533434786753,-0.00001025744986
1820,left road,1820,-3.50500011444092,0.0,8.09999942779541,-3.45000004768372,0.0,1.14999997615814,-3.50500011444092,0.0,8.09999942779541,-1.34908008575439,1.20473492145538,10.1852684020996,-2.44253826141357,0.59370702505112,9.12764263153076,"(-2.442538, 0.593707, 9.127643)",truck body CS,3.2322940826416,0.1,-1.34908008575439,1.20473492145538,10.1852684020996,-0.00102246595769,-179.533434786753,-0.00001025744986
1821,left road,1821,-3.40499997138977,0.0,8.09999942779541,-3.34999990463257,0.0,1.14999997615814,-3.40499997138977,0.0,8.09999942779541,-1.34908008575439,1.20473492145538,10.1852684020996,-2.39309239387512,0.59296095371246,9.12635135650635,"(-2.393092, 0.592961, 9.126351)",truck body CS,3.16647124290466,0.1,-1.34908008575439,1.20473492145538,10.1852684020996,-0.00102246595769,-179.533434786753,-0.00001025744986
1822,left road,1822,-3.3050000667572,0.0,8.09999942779541,-3.25,0.0,1.14999997615814,-3.3050000667572,0.0,8.09999942779541,-1.34908008575439,1.20473492145538,10.1852684020996,-2.35238599777222,0.58675575256348,9.11561107635498,"(-2.352386, 0.586756, 9.115611)",truck body CS,3.10247564315796,0.1,-1.34908008575439,1.20473492145538,10.1852684020996,-0.00102246595769,-179.533434786753,-0.00001025744986
1823,left road,1823,-3.20500016212463,0.0,8.09999942779541,-3.15000009536743,0.0,1.14999997615814,-3.20500016212463,0.0,8.09999942779541,-1.34908008575439,1.20473492145538,10.1852684020996,-2.35285902023315,0.55315095186234,9.05744457244873,"(-2.352859, 0.553151, 9.057445)",truck body CS,3.04042291641235,0.1,-1.34908008575439,1.20473492145538,10.1852684020996,-0.00102246595769,-179.533434786753,-0.00001025744986
1824,left road,1824,-3.10500001907349,0.0,8.09999942779541,-3.04999995231628,0.0,1.14999997615814,-3.10500001907349,0.0,8.09999942779541,-1.34908008575439,1.20473492145538,10.1852684020996,-2.35338640213013,0.51568120718002,8.99258804321289,"(-2.353386, 0.515681, 8.992588)",truck body CS,2.98043417930603,0.1,-1.34908008575439,1.20473492145538,10.1852684020996,-0.00102246595769,-179.533434786753,-0.00001025744986
1825,left road,1825,-3.00500011444092,0.0,8.09999942779541,-2.95000004768372,0.0,1.14999997615814,-3.00500011444092,0.0,8.09999942779541,-1.34908008575439,1.20473492145538,10.1852684020996,-2.3539776802063,0.47363942861557,8.91981887817383,"(-2.353978, 0.473639, 8.919819)",truck body CS,2.92263650894165,0.1,-1.34908008575439,1.20473492145538,10.1852684020996,-0.00102246595769,-179.533434786753,-0.00001025744986
1826,left road,1826,-2.90499997138977,0.0,8.09999942779541,-2.84999990463257,0.0,1.14999997615814,-2.90499997138977,0.0,8.09999942779541,-1.34908008575439,1.20473492145538,10.1852684020996,-2.35464668273926,0.42613357305527,8.83759117126465,"(-2.354647, 0.426134, 8.837591)",truck body CS,2.86716222763062,0.1,-1.34908008575439,1.20473492145538,10.1852684020996,-0.00102246595769,-179.533434786753,-0.00001025744986
1827,left road,1827,-2.8050000667572,0.0,8.09999942779541,-2.75,0.0,1.14999997615814,-2.8050000667572,0.0,8.09999942779541,-1.34908008575439,1.20473492145538,10.1852684020996,-2.42626237869263,0.31339538097382,8.64245223999023,"(-2.426262, 0.313395, 8.642452)",truck body CS,2.81414914131165,0.1,-1.34908008575439,1.20473492145538,10.1852684020996,-0.00102246595769,-179.533434786753,-0.00001025744986
1828,left road,1828,-2.70500016212463,0.0,8.09999942779541,-2.65000009536743,0.0,1.14999997615814,-2.70500016212463,0.0,8.09999942779541,-1.34908008575439,1.20473492145538,10.1852684020996,-2.36052489280701,0.30606624484062,8.6297664642334,"(-2.360525, 0.306066, 8.629766)",truck body CS,2.76373887062073,0.1,-1.34908008575439,1.20473492145538,10.1852684020996,-0.00102246595769,-179.533434786753,-0.00001025744986
1829,left road,1829,-2.60500001907349,0.0,8.09999942779541,-2.54999995231628,0.0,1.14999997615814,-2.60500001907349,0.0,8.09999942779541,-1.34908008575439,1.20473492145538,10.1852684020996,-2.28632831573486,0.30568420886993,8.62910556793213,"(-2.286328, 0.305684, 8.629106)",truck body CS,2.71607565879822,0.1,-1.34908008575439,1.20473492145538,10.1852684020996,-0.00102246595769,-179.533434786753,-0.00001025744986
1830,left road,1830,-2.50500011444092,0.0,8.09999942779541,-2.45000004768372,0.0,1.14999997615814,-2.50500011444092,0.0,8.09999942779541,-1.34908008575439,1.20473492145538,10.1852684020996,-2.21161580085754,0.30577379465103,8.6292610168457,"(-2.211616, 0.305774, 8.629261)",truck body CS,2.67130756378174,0.1,-1.34908008575439,1.20473492145538,10.1852684020996,-0.00102246595769,-179.533434786753,-0.00001025744986
1831,left road,1831,-2.40499997138977,0.0,8.09999942779541,-2.34999990463257,0.0,1.14999997615814,-2.40499997138977,0.0,8.09999942779541,-1.34908008575439,1.20473492145538,10.1852684020996,-2.13691830635071,0.30586349964142,8.62941551208496,"(-2.136918, 0.305863, 8.629416)",truck body CS,2.62958168983459,0.1,-1.34908008575439,1.20473492145538,10.1852684020996,-0.00102246595769,-179.533434786753,-0.00001025744986
1832,left road,1832,-2.3050000667572,0.0,8.09999942779541,-2.25,0.0,1.14999997615814,-2.3050000667572,0.0,8.09999942779541,-1.34908008575439,1.20473492145538,10.1852684020996,-2.06223559379578,0.30595320463181,8.62957096099854,"(-2.062236, 0.305953, 8.629571)",truck body CS,2.59104537963867,0.1,-1.34908008575439,1.20473492145538,10.1852684020996,-0.00102246595769,-179.533434786753,-0.00001025744986
1833,left road,1833,-2.20500016212463,0.0,8.09999942779541,-2.15000009536743,0.0,1.14999997615814,-2.20500016212463,0.0,8.09999942779541,-1.34908008575439,1.20473492145538,10.1852684020996,-1.98755896091461,0.30605530738831,8.62974834442139,"(-1.987559, 0.306055, 8.629748)",truck body CS,2.55584287643433,0.1,-1.34908008575439,1.20473492145538,10.1852684020996,-0.00102246595769,-179.533434786753,-0.00001025744986
1834,left road,1834,-2.10500001907349,0.0,8.09999942779541,-2.04999995231628,0.0,1.14999997615814,-2.10500001907349,0.0,8.09999942779541,-1.34908008575439,1.20473492145538,10.1852684020996,-1.91289043426514,0.30617129802704,8.62994861602783,"(-1.91289, 0.306171, 8.629949)",truck body CS,2.52411341667175,0.1,-1.34908008575439,1.20473492145538,10.1852684020996,-0.00102246595769,-179.533434786753,-0.00001025744986
1835,left road,1835,-2.00500011444092,0.0,8.09999942779541,-1.95000004768372,0.0,1.14999997615814,-2.00500011444092,0.0,8.09999942779541,-1.34908008575439,1.20473492145538,10.1852684020996,-1.83824133872986,0.30628740787506,8.63014984130859,"(-1.838241, 0.306287, 8.63015)",truck body CS,2.49598956108093,0.1,-1.34908008575439,1.20473492145538,10.1852684020996,-0.00102246595769,-179.533434786753,-0.00001025744986
1836,left road,1836,-1.90499997138977,0.0,8.09999942779541,-1.85000002384186,0.0,1.14999997615814,-1.90499997138977,0.0,8.09999942779541,-1.34908008575439,1.20473492145538,10.1852684020996,-1.76361131668091,0.30640345811844,8.63035011291504,"(-1.763611, 0.306403, 8.63035)",truck body CS,2.47159457206726,0.1,-1.34908008575439,1.20473492145538,10.1852684020996,-0.00102246595769,-179.533434786753,-0.00001025744986
1837,left road,1837,-1.80499994754791,0.0,8.09999942779541,-1.75,0.0,1.14999997615814,-1.80499994754791,0.0,8.09999942779541,-1.34908008575439,1.20473492145538,10.1852684020996,-1.68908727169037,0.30629044771194,8.63015556335449,"(-1.689087, 0.30629, 8.630156)",truck body CS,2.45103979110718,0.1,-1.34908008575439,1.20473492145538,10.1852684020996,-0.00102246595769,-179.533434786753,-0.00001025744986
1838,left road,1838,-1.70499992370605,0.0,8.09999942779541,-1.64999997615814,0.0,1.14999997615814,-1.70499992370605,0.0,8.09999942779541,-1.34908008575439,1.20473492145538,10.1852684020996,-1.61456298828125,0.30611479282379,8.62985038757324,"(-1.614563, 0.306115, 8.62985)",truck body CS,2.43442225456238,0.1,-1.34908008575439,1.20473492145538,10.1852684020996,-0.00102246595769,-179.533434786753,-0.00001025744986
1839,left road,1839,-1.6049998998642,0.0,8.09999942779541,-1.54999995231628,0.0,1.14999997615814,-1.6049998998642,0.0,8.09999942779541,-1.34908008575439,1.20473492145538,10.1852684020996,-1.54000973701477,0.30593901872635,8.62954616546631,"(-1.54001, 0.305939, 8.629546)",truck body CS,2.42182326316834,0.1,-1.34908008575439,1.20473492145538,10.1852684020996,-0.00102246595769,-179.533434786753,-0.00001025744986
1840,left road,1840,-1.50499999523163,0.0,8.09999942779541,-1.45000004768372,0.0,1.14999997615814,-1.50499999523163,0.0,8.09999942779541,-1.34908008575439,1.20473492145538,10.1852684020996,-1.4654266834259,0.30576813220978,8.62925052642822,"(-1.465427, 0.305768, 8.629251)",truck body CS,2.41330575942993,0.1,-1.34908008575439,1.20473492145538,10.1852684020996,-0.00102246595769,-179.533434786753,-0.00001025744986
1841,left road,1841,-1.40499997138977,0.0,8.09999942779541,-1.35000002384186,0.0,1.14999997615814,-1.40499997138977,0.0,8.09999942779541,-1.34908008575439,1.20473492145538,10.1852684020996,-1.39081406593323,0.30561923980713,8.62899303436279,"(-1.390814, 0.305619, 8.628993)",truck body CS,2.40891265869141,0.1,-1.34908008575439,1.20473492145538,10.1852684020996,-0.00102246595769,-179.533434786753,-0.00001025744986
1842,left road,1842,-1.30499994754791,0.0,8.09999942779541,-1.25,0.0,1.14999997615814,-1.30499994754791,0.0,8.09999942779541,-1.34908008575439,1.20473492145538,10.1852684020996,-1.3161768913269,0.30547028779984,8.62873554229736,"(-1.316177, 0.30547, 8.628736)",truck body CS,2.40866684913635,0.1,-1.34908008575439,1.20473492145538,10.1852684020996,-0.00102246595769,-179.533434786753,-0.00001025744986
1843,left road,1843,-1.20499992370605,0.0,8.09999942779541,-1.14999997615814,0.0,1.14999997615814,-1.20499992370605,0.0,8.09999942779541,-1.34908008575439,1.20473492145538,10.1852684020996,-1.24151468276978,0.30532139539719,8.62847709655762,"(-1.241515, 0.305321, 8.628477)",truck body CS,2.41256952285767,0.1,-1.34908008575439,1.20473492145538,10.1852684020996,-0.00102246595769,-179.533434786753,-0.00001025744986
1844,left road,1844,-1.1049998998642,0.0,8.09999942779541,-1.04999995231628,0.0,1.14999997615814,-1.1049998998642,0.0,8.09999942779541,-1.34908008575439,1.20473492145538,10.1852684020996,-1.166827917099,0.3051723241806,8.62821960449219,"(-1.166828, 0.305172, 8.62822)",truck body CS,2.42060089111328,0.1,-1.34908008575439,1.20473492145538,10.1852684020996,-0.00102246595769,-179.533434786753,-0.00001025744986
1845,left road,1845,-1.00499999523163,0.0,8.09999942779541,-0.94999998807907,0.0,1.14999997615814,-1.00499999523163,0.0,8.09999942779541,-1.34908008575439,1.20473492145538,10.1852684020996,-1.13662767410278,0.4608710706234,8.89771747589111,"(-1.136628, 0.460871, 8.897717)",truck body CS,2.43271946907043,0.1,-1.34908008575439,1.20473492145538,10.1852684020996,-0.00102246595769,-179.533434786753,-0.00001025744986
1846,left road,1846,-0.90500003099442,0.0,8.09999942779541,-0.85000002384186,0.0,1.14999997615814,-0.90500003099442,0.0,8.09999942779541,-1.34908008575439,1.20473492145538,10.1852684020996,-1.12195467948914,0.58857142925262,9.11875343322754,"(-1.121955, 0.588571, 9.118753)",truck body CS,2.44886517524719,0.1,-1.34908008575439,1.20473492145538,10.1852684020996,-0.00102246595769,-179.533434786753,-0.00001025744986
1847,left road,1847,-0.80500000715256,0.0,8.09999942779541,-0.75,0.0,1.14999997615814,-0.80500000715256,0.0,8.09999942779541,-1.34908008575439,1.20473492145538,10.1852684020996,-1.071009516716,0.5890144109726,9.11952018737793,"(-1.07101, 0.589014, 9.11952)",truck body CS,2.46895837783813,0.1,-1.34908008575439,1.20473492145538,10.1852684020996,-0.00102246595769,-179.533434786753,-0.00001025744986
1848,left road,1848,-0.7049999833107,0.0,8.09999942779541,-0.64999997615814,0.0,1.14999997615814,-0.7049999833107,0.0,8.09999942779541,-1.34908008575439,1.20473492145538,10.1852684020996,-1.01966285705566,0.58856874704361,9.11874866485596,"(-1.019663, 0.588569, 9.118749)",truck body CS,2.49290442466736,0.1,-1.34908008575439,1.20473492145538,10.1852684020996,-0.00102246595769,-179.533434786753,-0.00001025744986
1849,left road,1849,-0.60500001907349,0.0,8.09999942779541,-0.55000001192093,0.0,1.14999997615814,-0.60500001907349,0.0,8.09999942779541,-1.34908008575439,1.20473492145538,10.1852684020996,-0.96817380189896,0.5880121588707,9.11778545379639,"(-0.968174, 0.588012, 9.117785)",truck body CS,2.52059268951416,0.1,-1.34908008575439,1.20473492145538,10.1852684020996,-0.00102246595769,-179.533434786753,-0.00001025744986
1850,left road,1850,-0.50499999523163,0.0,8.09999942779541,-0.44999998807907,0.0,1.14999997615814,-0.50499999523163,0.0,8.09999942779541,-1.34908008575439,1.20473492145538,10.1852684020996,-0.9165917634964,0.5874547958374,9.11682033538818,"(-0.916592, 0.587455, 9.11682)",truck body CS,2.55190205574036,0.1,-1.34908008575439,1.20473492145538,10.1852684020996,-0.00102246595769,-179.533434786753,-0.00001025744986
1851,left road,1851,-0.40500000119209,0.0,8.09999942779541,-0.34999999403954,0.0,1.14999997615814,-0.40500000119209,0.0,8.09999942779541,-1.34908008575439,1.20473492145538,10.1852684020996,-0.86491626501083,0.5868963599205,9.11585426330566,"(-0.864916, 0.586896, 9.115854)",truck body CS,2.5867006778717,0.1,-1.34908008575439,1.20473492145538,10.1852684020996,-0.00102246595769,-179.533434786753,-0.00001025744986
1852,left road,1852,-0.30500000715256,0.0,8.09999942779541,-0.25,0.0,1.14999997615814,-0.30500000715256,0.0,8.09999942779541,-1.34908008575439,1.20473492145538,10.1852684020996,-0.849349796772,0.62810999155045,9.18719100952148,"(-0.84935, 0.62811, 9.187191)",truck body CS,2.62484979629517,0.1,-1.34908008575439,1.20473492145538,10.1852684020996,-0.00102246595769,-179.533434786753,-0.00001025744986
1853,left road,1853,-0.20500001311302,0.0,8.09999942779541,-0.15000000596046,0.0,1.14999997615814,-0.20500001311302,0.0,8.09999942779541,-1.34908008575439,1.20473492145538,10.1852684020996,-0.84760695695877,0.67667543888092,9.27125263214111,"(-0.847607, 0.676675, 9.271253)",truck body CS,2.66620564460754,0.1,-1.34908008575439,1.20473492145538,10.1852684020996,-0.00102246595769,-179.533434786753,-0.00001025744986
1854,left road,1854,-0.10500000417233,0.0,8.09999942779541,-0.05000000074506,0.0,1.14999997615814,-0.10500000417233,0.0,8.09999942779541,-1.34908008575439,1.20473492145538,10.1852684020996,-0.84492868185043,0.71652770042419,9.34023284912109,"(-0.844929, 0.716528, 9.340233)",truck body CS,2.71062135696411,0.1,-1.34908008575439,1.20473492145538,10.1852684020996,-0.00102246595769,-179.533434786753,-0.00001025744986
1855,left road,1855,-0.00499999895692,0.0,8.09999942779541,0.05000000074506,0.0,1.14999997615814,-0.00499999895692,0.0,8.09999942779541,-1.34908008575439,1.20473492145538,10.1852684020996,-0.84457385540009,0.75253242254257,9.40255260467529,"(-0.844574, 0.752532, 9.402553)",truck body CS,2.7579493522644,0.1,-1.34908008575439,1.20473492145538,10.1852684020996,-0.00102246595769,-179.533434786753,-0.00001025744986
1856,left road,1856,0.09500000625849,0.0,8.09999942779541,0.15000000596046,0.0,1.14999997615814,0.09500000625849,0.0,8.09999942779541,-1.34908008575439,1.20473492145538,10.1852684020996,-0.8448725938797,0.78409588336945,9.45718574523926,"(-0.844873, 0.784096, 9.457186)",truck body CS,2.80804204940796,0.1,-1.34908008575439,1.20473492145538,10.1852684020996,-0.00102246595769,-179.533434786753,-0.00001025744986
1857,left road,1857,0.19499999284744,0.0,8.09999942779541,0.25,0.0,1.14999997615814,0.19499999284744,0.0,8.09999942779541,-1.34908008575439,1.20473492145538,10.1852684020996,-0.84628254175186,0.81243795156479,9.5062427520752,"(-0.846283, 0.812438, 9.506243)",truck body CS,2.86075448989868,0.1,-1.34908008575439,1.20473492145538,10.1852684020996,-0.00102246595769,-179.533434786753,-0.00001025744986
1858,left road,1858,0.29499998688698,0.0,8.09999942779541,0.34999999403954,0.0,1.14999997615814,0.29499998688698,0.0,8.09999942779541,-1.34908008575439,1.20473492145538,10.1852684020996,-0.85071516036987,0.83954727649689,9.55316638946533,"(-0.850715, 0.839547, 9.553166)",truck body CS,2.91594457626343,0.1,-1.34908008575439,1.20473492145538,10.1852684020996,-0.00102246595769,-179.533434786753,-0.00001025744986
1859,left road,1859,0.39499998092651,0.0,8.09999942779541,0.44999998807907,0.0,1.14999997615814,0.39499998092651,0.0,8.09999942779541,-1.34908008575439,1.20473492145538,10.1852684020996,-0.85476636886597,0.86328434944153,9.59425258636475,"(-0.854766, 0.863284, 9.594253)",truck body CS,2.97347402572632,0.1,-1.34908008575439,1.20473492145538,10.1852684020996,-0.00102246595769,-179.533434786753,-0.00001025744986
1860,left road,1860,0.49500000476837,0.0,8.09999942779541,0.55000001192093,0.0,1.14999997615814,0.49500000476837,0.0,8.09999942779541,-1.34908008575439,1.20473492145538,10.1852684020996,-0.85832303762436,0.88412398099899,9.63032341003418,"(-0.858323, 0.884124, 9.630323)",truck body CS,3.03321027755737,0.1,-1.34908008575439,1.20473492145538,10.1852684020996,-0.00102246595769,-179.533434786753,-0.00001025744986
1861,left road,1861,0.59499996900558,0.0,8.09999942779541,0.64999997615814,0.0,1.14999997615814,0.59499996900558,0.0,8.09999942779541,-1.34908008575439,1.20473492145538,10.1852684020996,-0.86206501722336,0.90293449163437,9.66288280487061,"(-0.862065, 0.902934, 9.662883)",truck body CS,3.09502506256104,0.1,-1.34908008575439,1.20473492145538,10.1852684020996,-0.00102246595769,-179.533434786753,-0.00001025744986
1862,left road,1862,0.69499999284744,0.0,8.09999942779541,0.75,0.0,1.14999997615814,0.69499999284744,0.0,8.09999942779541,-1.34908008575439,1.20473492145538,10.1852684020996,-0.86559969186783,0.91978240013123,9.69204521179199,"(-0.8656, 0.919782, 9.692045)",truck body CS,3.15879654884338,0.1,-1.34908008575439,1.20473492145538,10.1852684020996,-0.00102246595769,-179.533434786753,-0.00001025744986
1863,left road,1863,0.7950000166893,0.0,8.09999942779541,0.85000002384186,0.0,1.14999997615814,0.7950000166893,0.0,8.09999942779541,-1.34908008575439,1.20473492145538,10.1852684020996,-0.86899423599243,0.93497985601425,9.71835041046143,"(-0.868994, 0.93498, 9.71835)",truck body CS,3.22440886497498,0.1,-1.34908008575439,1.20473492145538,10.1852684020996,-0.00102246595769,-179.533434786753,-0.00001025744986
1864,left road,1864,0.89499998092651,0.0,8.09999942779541,0.94999998807907,0.0,1.14999997615814,0.89499998092651,0.0,8.09999942779541,-1.34908008575439,1.20473492145538,10.1852684020996,-0.87138259410858,0.94828283786774,9.74137592315674,"(-0.871383, 0.948283, 9.741376)",truck body CS,3.29175162315369,0.1,-1.34908008575439,1.20473492145538,10.1852684020996,-0.00102246595769,-179.533434786753,-0.00001025744986
1865,left road,1865,0.99499994516373,0.0,8.09999942779541,1.04999995231628,0.0,1.14999997615814,0.99499994516373,0.0,8.09999942779541,-1.34908008575439,1.20473492145538,10.1852684020996,-0.8722648024559,0.95967662334442,9.76109790802002,"(-0.872265, 0.959677, 9.761098)",truck body CS,3.36072087287903,0.1,-1.34908008575439,1.20473492145538,10.1852684020996,-0.00102246595769,-179.533434786753,-0.00001025744986
1866,left road,1866,1.09500002861023,0.0,8.09999942779541,1.14999997615814,0.0,1.14999997615814,1.09500002861023,0.0,8.09999942779541,-1.34908008575439,1.20473492145538,10.1852684020996,-0.87269407510757,0.9699147939682,9.77881908416748,"(-0.872694, 0.969915, 9.778819)",truck body CS,3.43121838569641,0.1,-1.34908008575439,1.20473492145538,10.1852684020996,-0.00102246595769,-179.533434786753,-0.00001025744986
1867,left road,1867,1.19500005245209,0.0,8.09999942779541,1.25,0.0,1.14999997615814,1.19500005245209,0.0,8.09999942779541,-1.34908008575439,1.20473492145538,10.1852684020996,-0.87620389461517,0.98080694675446,9.79767227172852,"(-0.876204, 0.980807, 9.797672)",truck body CS,3.50315260887146,0.1,-1.34908008575439,1.20473492145538,10.1852684020996,-0.00102246595769,-179.533434786753,-0.00001025744986
1868,left road,1868,1.29500007629395,0.0,8.09999942779541,1.35000002384186,0.0,1.14999997615814,1.29500007629395,0.0,8.09999942779541,-1.34908008575439,1.20473492145538,10.1852684020996,-0.88744521141052,0.99439787864685,9.82119655609131,"(-0.887445, 0.994398, 9.821197)",truck body CS,3.57643580436707,0.1,-1.34908008575439,1.20473492145538,10.1852684020996,-0.00102246595769,-179.533434786753,-0.00001025744986
1869,left road,1869,1.3950001001358,0.0,8.09999942779541,1.45000004768372,0.0,1.14999997615814,1.3950001001358,0.0,8.09999942779541,-1.34908008575439,1.20473492145538,10.1852684020996,-0.90218770503998,1.00853562355042,9.84566688537598,"(-0.902188, 1.008536, 9.845667)",truck body CS,3.65098738670349,0.1,-1.34908008575439,1.20473492145538,10.1852684020996,-0.00102246595769,-179.533434786753,-0.00001025744986
1870,left road,1870,1.49500000476837,0.0,8.09999942779541,1.54999995231628,0.0,1.14999997615814,1.49500000476837,0.0,8.09999942779541,-1.34908008575439,1.20473492145538,10.1852684020996,-0.91291934251785,1.01997983455658,9.86547565460205,"(-0.912919, 1.01998, 9.865476)",truck body CS,3.72673106193542,0.1,-1.34908008575439,1.20473492145538,10.1852684020996,-0.00102246595769,-179.533434786753,-0.00001025744986
1871,left road,1871,1.59500002861023,0.0,8.09999942779541,1.64999997615814,0.0,1.14999997615814,1.59500002861023,0.0,8.09999942779541,-1.34908008575439,1.20473492145538,10.1852684020996,-0.92253297567368,1.03018915653229,9.88314723968506,"(-0.922533, 1.030189, 9.883147)",truck body CS,3.80359578132629,0.1,-1.34908008575439,1.20473492145538,10.1852684020996,-0.00102246595769,-179.533434786753,-0.00001025744986
1872,left road,1872,1.69500005245209,0.0,8.09999942779541,1.75,0.0,1.14999997615814,1.69500005245209,0.0,8.09999942779541,-1.34908008575439,1.20473492145538,10.1852684020996,-0.96378755569458,1.05225014686584,9.92133235931396,"(-0.963788, 1.05225, 9.921332)",truck body CS,3.88151478767395,0.1,-1.34908008575439,1.20473492145538,10.1852684020996,-0.00102246595769,-179.533434786753,-0.00001025744986
1873,left road,1873,1.79500007629395,0.0,8.09999942779541,1.85000002384186,0.0,1.14999997615814,1.79500007629395,0.0,8.09999942779541,-1.34908008575439,1.20473492145538,10.1852684020996,-0.94196552038193,1.04873847961426,9.91525363922119,"(-0.941966, 1.048738, 9.915254)",truck body CS,3.96042585372925,0.1,-1.34908008575439,1.20473492145538,10.1852684020996,-0.00102246595769,-179.533434786753,-0.00001025744986
1874,left road,1874,1.8950001001358,0.0,8.09999942779541,1.95000004768372,0.0,1.14999997615814,1.8950001001358,0.0,8.09999942779541,-1.34908008575439,1.20473492145538,10.1852684020996,-0.93988049030304,1.05277287960052,9.92223739624023,"(-0.93988, 1.052773, 9.922237)",truck body CS,4.04027080535889,0.1,-1.34908008575439,1.20473492145538,10.1852684020996,-0.00102246595769,-179.533434786753,-0.00001025744986
1875,left road,1875,1.99500000476837,0.0,8.09999942779541,2.04999995231628,0.0,1.14999997615814,1.99500000476837,0.0,8.09999942779541,-1.34908008575439,1.20473492145538,10.1852684020996,-0.94164431095123,1.05795252323151,9.93120288848877,"(-0.941644, 1.057953, 9.931203)",truck body CS,4.12099552154541,0.1,-1.34908008575439,1.20473492145538,10.1852684020996,-0.00102246595769,-179.533434786753,-0.00001025744986
1876,left road,1876,2.09500002861023,0.0,8.09999942779541,2.15000009536743,0.0,1.14999997615814,2.09500002861023,0.0,8.09999942779541,-1.34908008575439,1.20473492145538,10.1852684020996,-0.94345873594284,1.06284916400909,9.93967819213867,"(-0.943459, 1.062849, 9.939678)",truck body CS,4.20254945755005,0.1,-1.34908008575439,1.20473492145538,10.1852684020996,-0.00102246595769,-179.533434786753,-0.00001025744986
1877,left road,1877,2.1949999332428,0.0,8.09999942779541,2.25,0.0,1.14999997615814,2.1949999332428,0.0,8.09999942779541,-1.34908008575439,1.20473492145538,10.1852684020996,-0.9452069401741,1.0674467086792,9.94763565063477,"(-0.945207, 1.067447, 9.947636)",truck body CS,4.28488492965698,0.1,-1.34908008575439,1.20473492145538,10.1852684020996,-0.00102246595769,-179.533434786753,-0.00001025744986
1878,left road,1878,2.29499983787537,0.0,8.09999942779541,2.34999990463257,0.0,1.14999997615814,2.29499983787537,0.0,8.09999942779541,-1.34908008575439,1.20473492145538,10.1852684020996,-0.94691461324692,1.07177877426147,9.95513439178467,"(-0.946915, 1.071779, 9.955134)",truck body CS,4.3679575920105,0.1,-1.34908008575439,1.20473492145538,10.1852684020996,-0.00102246595769,-179.533434786753,-0.00001025744986
1879,left road,1879,2.39499998092651,0.0,8.09999942779541,2.45000004768372,0.0,1.14999997615814,2.39499998092651,0.0,8.09999942779541,-1.34908008575439,1.20473492145538,10.1852684020996,-0.9485182762146,1.07584595680237,9.96217441558838,"(-0.948518, 1.075846, 9.962174)",truck body CS,4.45172643661499,0.1,-1.34908008575439,1.20473492145538,10.1852684020996,-0.00102246595769,-179.533434786753,-0.00001025744986
1880,left road,1880,2.49499988555908,0.0,8.09999942779541,2.54999995231628,0.0,1.14999997615814,2.49499988555908,0.0,8.09999942779541,-1.34908008575439,1.20473492145538,10.1852684020996,-0.9498575925827,1.07961845397949,9.96870422363281,"(-0.949858, 1.079618, 9.968704)",truck body CS,4.53615283966064,0.1,-1.34908008575439,1.20473492145538,10.1852684020996,-0.00102246595769,-179.533434786753,-0.00001025744986
1881,left road,1881,2.59500002861023,0.0,8.09999942779541,2.65000009536743,0.0,1.14999997615814,2.59500002861023,0.0,8.09999942779541,-1.34908008575439,1.20473492145538,10.1852684020996,-0.95115005970001,1.08318555355072,9.97487831115723,"(-0.95115, 1.083186, 9.974878)",truck body CS,4.6212010383606,0.1,-1.34908008575439,1.20473492145538,10.1852684020996,-0.00102246595769,-179.533434786753,-0.00001025744986
1882,left road,1882,2.6949999332428,0.0,8.09999942779541,2.75,0.0,1.14999997615814,2.6949999332428,0.0,8.09999942779541,-1.34908008575439,1.20473492145538,10.1852684020996,-0.95243644714355,1.08657455444336,9.98074436187744,"(-0.952436, 1.086575, 9.980744)",truck body CS,4.70683717727661,0.1,-1.34908008575439,1.20473492145538,10.1852684020996,-0.00102246595769,-179.533434786753,-0.00001025744986
1883,left road,1883,2.79499983787537,0.0,8.09999942779541,2.84999990463257,0.0,1.14999997615814,2.79499983787537,0.0,8.09999942779541,-1.34908008575439,1.20473492145538,10.1852684020996,-0.9535613656044,1.08975267410278,9.98624515533447,"(-0.953561, 1.089753, 9.986245)",truck body CS,4.79302978515625,0.1,-1.34908008575439,1.20473492145538,10.1852684020996,-0.00102246595769,-179.533434786753,-0.00001025744986
1884,left road,1884,2.89499998092651,0.0,8.09999942779541,2.95000004768372,0.0,1.14999997615814,2.89499998092651,0.0,8.09999942779541,-1.34908008575439,1.20473492145538,10.1852684020996,-1.29927814006805,1.19059813022614,10.1607990264893,"(-1.299278, 1.190598, 10.1608)",EyeArea,4.87974882125854,0.1,-1.34908008575439,1.20473492145538,10.1852684020996,-0.00102246595769,-179.533434786753,-0.00001025744986
1885,left road,1885,2.99499988555908,0.0,8.09999942779541,3.04999995231628,0.0,1.14999997615814,2.99499988555908,0.0,8.09999942779541,-1.34908008575439,1.20473492145538,10.1852684020996,-1.29927361011505,1.19092226028442,10.1613597869873,"(-1.299274, 1.190922, 10.16136)",EyeArea,4.96696710586548,0.1,-1.34908008575439,1.20473492145538,10.1852684020996,-0.00102246595769,-179.533434786753,-0.00001025744986
1886,left road,1886,3.09500002861023,0.0,8.09999942779541,3.15000009536743,0.0,1.14999997615814,3.09500002861023,0.0,8.09999942779541,-1.34908008575439,1.20473492145538,10.1852684020996,-1.29926919937134,1.19123184680939,10.1618957519531,"(-1.299269, 1.191232, 10.1619)",EyeArea,5.05465936660767,0.1,-1.34908008575439,1.20473492145538,10.1852684020996,-0.00102246595769,-179.533434786753,-0.00001025744986
1887,left road,1887,3.1949999332428,0.0,8.09999942779541,3.25,0.0,1.14999997615814,3.1949999332428,0.0,8.09999942779541,-1.34908008575439,1.20473492145538,10.1852684020996,-1.2992650270462,1.19152784347534,10.1624088287354,"(-1.299265, 1.191528, 10.16241)",EyeArea,5.14280033111572,0.1,-1.34908008575439,1.20473492145538,10.1852684020996,-0.00102246595769,-179.533434786753,-0.00001025744986
1888,left road,1888,3.29499983787537,0.0,8.09999942779541,3.34999990463257,0.0,1.14999997615814,3.29499983787537,0.0,8.09999942779541,-1.34908008575439,1.20473492145538,10.1852684020996,-1.29926097393036,1.1918112039566,10.162899017334,"(-1.299261, 1.191811, 10.1629)",EyeArea,5.23136806488037,0.1,-1.34908008575439,1.20473492145538,10.1852684020996,-0.00102246595769,-179.533434786753,-0.00001025744986
1889,left road,1889,3.39499998092651,0.0,8.09999942779541,3.45000004768372,0.0,1.14999997615814,3.39499998092651,0.0,8.09999942779541,-1.34908008575439,1.20473492145538,10.1852684020996,-1.29925715923309,1.19208264350891,10.1633682250977,"(-1.299257, 1.192083, 10.16337)",EyeArea,5.32034111022949,0.1,-1.34908008575439,1.20473492145538,10.1852684020996,-0.00102246595769,-179.533434786753,-0.00001025744986
1890,left road,1890,-3.50500011444092,0.0,8.19999980926514,-3.45000004768372,0.0,1.25,-3.50500011444092,0.0,8.19999980926514,-1.34908008575439,1.20473492145538,10.1852684020996,-2.48367500305176,0.57071971893311,9.14048099517822,"(-2.483675, 0.57072, 9.140481)",truck body CS,3.16870141029358,0.1,-1.34908008575439,1.20473492145538,10.1852684020996,-0.00102246595769,-179.533434786753,-0.00001025744986
1891,left road,1891,-3.40499997138977,0.0,8.19999980926514,-3.34999990463257,0.0,1.25,-3.40499997138977,0.0,8.19999980926514,-1.34908008575439,1.20473492145538,10.1852684020996,-2.43069982528687,0.57092362642288,9.14081764221191,"(-2.4307, 0.570924, 9.140818)",truck body CS,3.1015293598175,0.1,-1.34908008575439,1.20473492145538,10.1852684020996,-0.00102246595769,-179.533434786753,-0.00001025744986
1892,left road,1892,-3.3050000667572,0.0,8.19999980926514,-3.25,0.0,1.25,-3.3050000667572,0.0,8.19999980926514,-1.34908008575439,1.20473492145538,10.1852684020996,-2.38447117805481,0.5669931769371,9.13434028625488,"(-2.384471, 0.566993, 9.13434)",truck body CS,3.03616523742676,0.1,-1.34908008575439,1.20473492145538,10.1852684020996,-0.00102246595769,-179.533434786753,-0.00001025744986
1893,left road,1893,-3.20500016212463,0.0,8.19999980926514,-3.15000009536743,0.0,1.25,-3.20500016212463,0.0,8.19999980926514,-1.34908008575439,1.20473492145538,10.1852684020996,-2.3577184677124,0.54999661445618,9.10633182525635,"(-2.357718, 0.549997, 9.106332)",truck body CS,2.97272872924805,0.1,-1.34908008575439,1.20473492145538,10.1852684020996,-0.00102246595769,-179.533434786753,-0.00001025744986
1894,left road,1894,-3.10500001907349,0.0,8.19999980926514,-3.04999995231628,0.0,1.25,-3.10500001907349,0.0,8.19999980926514,-1.34908008575439,1.20473492145538,10.1852684020996,-2.3529167175293,0.51600354909897,9.05031490325928,"(-2.352917, 0.516004, 9.050315)",truck body CS,2.91134548187256,0.1,-1.34908008575439,1.20473492145538,10.1852684020996,-0.00102246595769,-179.533434786753,-0.00001025744986
1895,left road,1895,-3.00500011444092,0.0,8.19999980926514,-2.95000004768372,0.0,1.25,-3.00500011444092,0.0,8.19999980926514,-1.34908008575439,1.20473492145538,10.1852684020996,-2.35347938537598,0.47400209307671,8.98110198974609,"(-2.353479, 0.474002, 8.981102)",truck body CS,2.85214805603027,0.1,-1.34908008575439,1.20473492145538,10.1852684020996,-0.00102246595769,-179.533434786753,-0.00001025744986
1896,left road,1896,-2.90499997138977,0.0,8.19999980926514,-2.84999990463257,0.0,1.25,-2.90499997138977,0.0,8.19999980926514,-1.34908008575439,1.20473492145538,10.1852684020996,-2.35411500930786,0.42654526233673,8.90289783477783,"(-2.354115, 0.426545, 8.902898)",truck body CS,2.79527544975281,0.1,-1.34908008575439,1.20473492145538,10.1852684020996,-0.00102246595769,-179.533434786753,-0.00001025744986
1897,left road,1897,-2.8050000667572,0.0,8.19999980926514,-2.75,0.0,1.25,-2.8050000667572,0.0,8.19999980926514,-1.34908008575439,1.20473492145538,10.1852684020996,-2.35483956336975,0.37249583005905,8.81383037567139,"(-2.35484, 0.372496, 8.81383)",truck body CS,2.7408721446991,0.1,-1.34908008575439,1.20473492145538,10.1852684020996,-0.00102246595769,-179.533434786753,-0.00001025744986
1898,left road,1898,-2.70500016212463,0.0,8.19999980926514,-2.65000009536743,0.0,1.25,-2.70500016212463,0.0,8.19999980926514,-1.34908008575439,1.20473492145538,10.1852684020996,-2.36411619186401,0.30287545919418,8.69910430908203,"(-2.364116, 0.302875, 8.699104)",truck body CS,2.68908858299255,0.1,-1.34908008575439,1.20473492145538,10.1852684020996,-0.00102246595769,-179.533434786753,-0.00001025744986
1899,left road,1899,-2.60500001907349,0.0,8.19999980926514,-2.54999995231628,0.0,1.25,-2.60500001907349,0.0,8.19999980926514,-1.34908008575439,1.20473492145538,10.1852684020996,-2.29014611244202,0.30202206969261,8.69769859313965,"(-2.290146, 0.302022, 8.697699)",truck body CS,2.64007806777954,0.1,-1.34908008575439,1.20473492145538,10.1852684020996,-0.00102246595769,-179.533434786753,-0.00001025744986
1900,left road,1900,-2.50500011444092,0.0,8.19999980926514,-2.45000004768372,0.0,1.25,-2.50500011444092,0.0,8.19999980926514,-1.34908008575439,1.20473492145538,10.1852684020996,-2.21512889862061,0.30211251974106,8.69784736633301,"(-2.215129, 0.302113, 8.697847)",truck body CS,2.59399843215942,0.1,-1.34908008575439,1.20473492145538,10.1852684020996,-0.00102246595769,-179.533434786753,-0.00001025744986
1901,left road,1901,-2.40499997138977,0.0,8.19999980926514,-2.34999990463257,0.0,1.25,-2.40499997138977,0.0,8.19999980926514,-1.34908008575439,1.20473492145538,10.1852684020996,-2.1401264667511,0.30220299959183,8.69799613952637,"(-2.140126, 0.302203, 8.697996)",truck body CS,2.55100846290588,0.1,-1.34908008575439,1.20473492145538,10.1852684020996,-0.00102246595769,-179.533434786753,-0.00001025744986
1902,left road,1902,-2.3050000667572,0.0,8.19999980926514,-2.25,0.0,1.25,-2.3050000667572,0.0,8.19999980926514,-1.34908008575439,1.20473492145538,10.1852684020996,-2.06513953208923,0.30229333043098,8.69814491271973,"(-2.06514, 0.302293, 8.698145)",truck body CS,2.51126670837402,0.1,-1.34908008575439,1.20473492145538,10.1852684020996,-0.00102246595769,-179.533434786753,-0.00001025744986
1903,left road,1903,-2.20500016212463,0.0,8.19999980926514,-2.15000009536743,0.0,1.25,-2.20500016212463,0.0,8.19999980926514,-1.34908008575439,1.20473492145538,10.1852684020996,-1.99016749858856,0.30238372087479,8.69829368591309,"(-1.990167, 0.302384, 8.698294)",truck body CS,2.47492957115173,0.1,-1.34908008575439,1.20473492145538,10.1852684020996,-0.00102246595769,-179.533434786753,-0.00001025744986
1904,left road,1904,-2.10500001907349,0.0,8.19999980926514,-2.04999995231628,0.0,1.25,-2.10500001907349,0.0,8.19999980926514,-1.34908008575439,1.20473492145538,10.1852684020996,-1.91521024703979,0.30247408151627,8.69844245910645,"(-1.91521, 0.302474, 8.698442)",truck body CS,2.44214916229248,0.1,-1.34908008575439,1.20473492145538,10.1852684020996,-0.00102246595769,-179.533434786753,-0.00001025744986
1905,left road,1905,-2.00500011444092,0.0,8.19999980926514,-1.95000004768372,0.0,1.25,-2.00500011444092,0.0,8.19999980926514,-1.34908008575439,1.20473492145538,10.1852684020996,-1.84025406837463,0.30259072780609,8.69863510131836,"(-1.840254, 0.302591, 8.698635)",truck body CS,2.41307044029236,0.1,-1.34908008575439,1.20473492145538,10.1852684020996,-0.00102246595769,-179.533434786753,-0.00001025744986
1906,left road,1906,-1.90499997138977,0.0,8.19999980926514,-1.85000002384186,0.0,1.25,-1.90499997138977,0.0,8.19999980926514,-1.34908008575439,1.20473492145538,10.1852684020996,-1.76531672477722,0.30270770192146,8.69882774353027,"(-1.765317, 0.302708, 8.698828)",truck body CS,2.38782835006714,0.1,-1.34908008575439,1.20473492145538,10.1852684020996,-0.00102246595769,-179.533434786753,-0.00001025744986
1907,left road,1907,-1.80499994754791,0.0,8.19999980926514,-1.75,0.0,1.25,-1.80499994754791,0.0,8.19999980926514,-1.34908008575439,1.20473492145538,10.1852684020996,-1.69048297405243,0.30260241031647,8.69865417480469,"(-1.690483, 0.302602, 8.698654)",truck body CS,2.36654615402222,0.1,-1.34908008575439,1.20473492145538,10.1852684020996,-0.00102246595769,-179.533434786753,-0.00001025744986
1908,left road,1908,-1.70499992370605,0.0,8.19999980926514,-1.64999997615814,0.0,1.25,-1.70499992370605,0.0,8.19999980926514,-1.34908008575439,1.20473492145538,10.1852684020996,-1.6156530380249,0.30242535471916,8.69836235046387,"(-1.615653, 0.302425, 8.698362)",truck body CS,2.34933114051819,0.1,-1.34908008575439,1.20473492145538,10.1852684020996,-0.00102246595769,-179.533434786753,-0.00001025744986
1909,left road,1909,-1.6049998998642,0.0,8.19999980926514,-1.54999995231628,0.0,1.25,-1.6049998998642,0.0,8.19999980926514,-1.34908008575439,1.20473492145538,10.1852684020996,-1.54079055786133,0.30226367712021,8.69809627532959,"(-1.540791, 0.302264, 8.698096)",truck body CS,2.33627319335938,0.1,-1.34908008575439,1.20473492145538,10.1852684020996,-0.00102246595769,-179.533434786753,-0.00001025744986
1910,left road,1910,-1.50499999523163,0.0,8.19999980926514,-1.45000004768372,0.0,1.25,-1.50499999523163,0.0,8.19999980926514,-1.34908008575439,1.20473492145538,10.1852684020996,-1.46589970588684,0.30211371183395,8.69784927368164,"(-1.4659, 0.302114, 8.697849)",truck body CS,2.32744240760803,0.1,-1.34908008575439,1.20473492145538,10.1852684020996,-0.00102246595769,-179.533434786753,-0.00001025744986
1911,left road,1911,-1.40499997138977,0.0,8.19999980926514,-1.35000002384186,0.0,1.25,-1.40499997138977,0.0,8.19999980926514,-1.34908008575439,1.20473492145538,10.1852684020996,-1.39098381996155,0.30196362733841,8.69760227203369,"(-1.390984, 0.301964, 8.697602)",truck body CS,2.32288718223572,0.1,-1.34908008575439,1.20473492145538,10.1852684020996,-0.00102246595769,-179.533434786753,-0.00001025744986
1912,left road,1912,-1.30499994754791,0.0,8.19999980926514,-1.25,0.0,1.25,-1.30499994754791,0.0,8.19999980926514,-1.34908008575439,1.20473492145538,10.1852684020996,-1.31604301929474,0.30181351304054,8.69735431671143,"(-1.316043, 0.301814, 8.697354)",truck body CS,2.32263231277466,0.1,-1.34908008575439,1.20473492145538,10.1852684020996,-0.00102246595769,-179.533434786753,-0.00001025744986
1913,left road,1913,-1.20499992370605,0.0,8.19999980926514,-1.14999997615814,0.0,1.25,-1.20499992370605,0.0,8.19999980926514,-1.34908008575439,1.20473492145538,10.1852684020996,-1.24107730388641,0.30166333913803,8.69710636138916,"(-1.241077, 0.301663, 8.697106)",truck body CS,2.32667946815491,0.1,-1.34908008575439,1.20473492145538,10.1852684020996,-0.00102246595769,-179.533434786753,-0.00001025744986
1914,left road,1914,-1.1049998998642,0.0,8.19999980926514,-1.04999995231628,0.0,1.25,-1.1049998998642,0.0,8.19999980926514,-1.34908008575439,1.20473492145538,10.1852684020996,-1.16608667373657,0.30151307582855,8.69685935974121,"(-1.166087, 0.301513, 8.696859)",truck body CS,2.33500576019287,0.1,-1.34908008575439,1.20473492145538,10.1852684020996,-0.00102246595769,-179.533434786753,-0.00001025744986
1915,left road,1915,-1.00499999523163,0.0,8.19999980926514,-0.94999998807907,0.0,1.25,-1.00499999523163,0.0,8.19999980926514,-1.34908008575439,1.20473492145538,10.1852684020996,-1.13614702224731,0.45918786525726,8.95668983459473,"(-1.136147, 0.459188, 8.95669)",truck body CS,2.34756660461426,0.1,-1.34908008575439,1.20473492145538,10.1852684020996,-0.00102246595769,-179.533434786753,-0.00001025744986
1916,left road,1916,-0.90500003099442,0.0,8.19999980926514,-0.85000002384186,0.0,1.25,-0.90500003099442,0.0,8.19999980926514,-1.34908008575439,1.20473492145538,10.1852684020996,-1.11367177963257,0.56610083580017,9.13286972045898,"(-1.113672, 0.566101, 9.13287)",truck body CS,2.36429381370544,0.1,-1.34908008575439,1.20473492145538,10.1852684020996,-0.00102246595769,-179.533434786753,-0.00001025744986
1917,left road,1917,-0.80500000715256,0.0,8.19999980926514,-0.75,0.0,1.25,-0.80500000715256,0.0,8.19999980926514,-1.34908008575439,1.20473492145538,10.1852684020996,-1.06056654453278,0.56589078903198,9.13252353668213,"(-1.060567, 0.565891, 9.132524)",truck body CS,2.38509964942932,0.1,-1.34908008575439,1.20473492145538,10.1852684020996,-0.00102246595769,-179.533434786753,-0.00001025744986
1918,left road,1918,-0.7049999833107,0.0,8.19999980926514,-0.64999997615814,0.0,1.25,-0.7049999833107,0.0,8.19999980926514,-1.34908008575439,1.20473492145538,10.1852684020996,-1.00723171234131,0.56531637907028,9.13157749176025,"(-1.007232, 0.565316, 9.131577)",truck body CS,2.4098789691925,0.1,-1.34908008575439,1.20473492145538,10.1852684020996,-0.00102246595769,-179.533434786753,-0.00001025744986
1919,left road,1919,-0.60500001907349,0.0,8.19999980926514,-0.55000001192093,0.0,1.25,-0.60500001907349,0.0,8.19999980926514,-1.34908008575439,1.20473492145538,10.1852684020996,-0.95378613471985,0.56471705436707,9.13059043884277,"(-0.953786, 0.564717, 9.13059)",truck body CS,2.43851041793823,0.1,-1.34908008575439,1.20473492145538,10.1852684020996,-0.00102246595769,-179.533434786753,-0.00001025744986
1920,left road,1920,-0.50499999523163,0.0,8.19999980926514,-0.44999998807907,0.0,1.25,-0.50499999523163,0.0,8.19999980926514,-1.34908008575439,1.20473492145538,10.1852684020996,-0.90024030208588,0.56411677598953,9.12960052490234,"(-0.90024, 0.564117, 9.129601)",truck body CS,2.47086000442505,0.1,-1.34908008575439,1.20473492145538,10.1852684020996,-0.00102246595769,-179.533434786753,-0.00001025744986
1921,left road,1921,-0.40500000119209,0.0,8.19999980926514,-0.34999999403954,0.0,1.25,-0.40500000119209,0.0,8.19999980926514,-1.34908008575439,1.20473492145538,10.1852684020996,-0.85179382562637,0.57015079259872,9.1395435333252,"(-0.851794, 0.570151, 9.139544)",truck body CS,2.50678372383118,0.1,-1.34908008575439,1.20473492145538,10.1852684020996,-0.00102246595769,-179.533434786753,-0.00001025744986
1922,left road,1922,-0.30500000715256,0.0,8.19999980926514,-0.25,0.0,1.25,-0.30500000715256,0.0,8.19999980926514,-1.34908008575439,1.20473492145538,10.1852684020996,-0.84941750764847,0.62818825244904,9.23518371582031,"(-0.849418, 0.628188, 9.235184)",truck body CS,2.54613041877747,0.1,-1.34908008575439,1.20473492145538,10.1852684020996,-0.00102246595769,-179.533434786753,-0.00001025744986
1923,left road,1923,-0.20500001311302,0.0,8.19999980926514,-0.15000000596046,0.0,1.25,-0.20500001311302,0.0,8.19999980926514,-1.34908008575439,1.20473492145538,10.1852684020996,-0.84714823961258,0.67619240283966,9.31428909301758,"(-0.847148, 0.676192, 9.314289)",truck body CS,2.58874416351318,0.1,-1.34908008575439,1.20473492145538,10.1852684020996,-0.00102246595769,-179.533434786753,-0.00001025744986
1924,left road,1924,-0.10500000417233,0.0,8.19999980926514,-0.05000000074506,0.0,1.25,-0.10500000417233,0.0,8.19999980926514,-1.34908008575439,1.20473492145538,10.1852684020996,-0.84426540136337,0.71588546037674,9.37969875335693,"(-0.844265, 0.715885, 9.379699)",truck body CS,2.63446617126465,0.1,-1.34908008575439,1.20473492145538,10.1852684020996,-0.00102246595769,-179.533434786753,-0.00001025744986
1925,left road,1925,-0.00499999895692,0.0,8.19999980926514,0.05000000074506,0.0,1.25,-0.00499999895692,0.0,8.19999980926514,-1.34908008575439,1.20473492145538,10.1852684020996,-0.84402829408646,0.75204348564148,9.43928241729736,"(-0.844028, 0.752043, 9.439282)",truck body CS,2.68313789367676,0.1,-1.34908008575439,1.20473492145538,10.1852684020996,-0.00102246595769,-179.533434786753,-0.00001025744986
1926,left road,1926,0.09500000625849,0.0,8.19999980926514,0.15000000596046,0.0,1.25,0.09500000625849,0.0,8.19999980926514,-1.34908008575439,1.20473492145538,10.1852684020996,-0.84429723024368,0.78361594676971,9.49131107330322,"(-0.844297, 0.783616, 9.491311)",truck body CS,2.73460149765015,0.1,-1.34908008575439,1.20473492145538,10.1852684020996,-0.00102246595769,-179.533434786753,-0.00001025744986
1927,left road,1927,0.19499999284744,0.0,8.19999980926514,0.25,0.0,1.25,0.19499999284744,0.0,8.19999980926514,-1.34908008575439,1.20473492145538,10.1852684020996,-0.84600389003754,0.81222057342529,9.53844833374023,"(-0.846004, 0.812221, 9.538448)",truck body CS,2.78870224952698,0.1,-1.34908008575439,1.20473492145538,10.1852684020996,-0.00102246595769,-179.533434786753,-0.00001025744986
1928,left road,1928,0.29499998688698,0.0,8.19999980926514,0.34999999403954,0.0,1.25,0.29499998688698,0.0,8.19999980926514,-1.34908008575439,1.20473492145538,10.1852684020996,-0.85066485404968,0.83951044082642,9.58341884613037,"(-0.850665, 0.83951, 9.583419)",truck body CS,2.845290184021,0.1,-1.34908008575439,1.20473492145538,10.1852684020996,-0.00102246595769,-179.533434786753,-0.00001025744986
1929,left road,1929,0.39499998092651,0.0,8.19999980926514,0.44999998807907,0.0,1.25,0.39499998092651,0.0,8.19999980926514,-1.34908008575439,1.20473492145538,10.1852684020996,-0.85471963882446,0.8632521033287,9.62254238128662,"(-0.85472, 0.863252, 9.622542)",truck body CS,2.90421962738037,0.1,-1.34908008575439,1.20473492145538,10.1852684020996,-0.00102246595769,-179.533434786753,-0.00001025744986
1930,left road,1930,0.49500000476837,0.0,8.19999980926514,0.55000001192093,0.0,1.25,0.49500000476837,0.0,8.19999980926514,-1.34908008575439,1.20473492145538,10.1852684020996,-0.85827958583832,0.88409560918808,9.65688991546631,"(-0.85828, 0.884096, 9.65689)",truck body CS,2.96535134315491,0.1,-1.34908008575439,1.20473492145538,10.1852684020996,-0.00102246595769,-179.533434786753,-0.00001025744986
1931,left road,1931,0.59499996900558,0.0,8.19999980926514,0.64999997615814,0.0,1.25,0.59499996900558,0.0,8.19999980926514,-1.34908008575439,1.20473492145538,10.1852684020996,-0.86201763153076,0.90290516614914,9.68788623809814,"(-0.862018, 0.902905, 9.687886)",truck body CS,3.02855157852173,0.1,-1.34908008575439,1.20473492145538,10.1852684020996,-0.00102246595769,-179.533434786753,-0.00001025744986
1932,left road,1932,0.69499999284744,0.0,8.19999980926514,0.75,0.0,1.25,0.69499999284744,0.0,8.19999980926514,-1.34908008575439,1.20473492145538,10.1852684020996,-0.86580342054367,0.9199024438858,9.715895652771,"(-0.865803, 0.919902, 9.715896)",truck body CS,3.09369349479675,0.1,-1.34908008575439,1.20473492145538,10.1852684020996,-0.00102246595769,-179.533434786753,-0.00001025744986
1933,left road,1933,0.7950000166893,0.0,8.19999980926514,0.85000002384186,0.0,1.25,0.7950000166893,0.0,8.19999980926514,-1.34908008575439,1.20473492145538,10.1852684020996,-0.86918592453003,0.93508768081665,9.74091911315918,"(-0.869186, 0.935088, 9.740919)",truck body CS,3.16065788269043,0.1,-1.34908008575439,1.20473492145538,10.1852684020996,-0.00102246595769,-179.533434786753,-0.00001025744986
1934,left road,1934,0.89499998092651,0.0,8.19999980926514,0.94999998807907,0.0,1.25,0.89499998092651,0.0,8.19999980926514,-1.34908008575439,1.20473492145538,10.1852684020996,-0.87154394388199,0.94836950302124,9.7628059387207,"(-0.871544, 0.94837, 9.762806)",truck body CS,3.22933030128479,0.1,-1.34908008575439,1.20473492145538,10.1852684020996,-0.00102246595769,-179.533434786753,-0.00001025744986
1935,left road,1935,0.99499994516373,0.0,8.19999980926514,1.04999995231628,0.0,1.25,0.99499994516373,0.0,8.19999980926514,-1.34908008575439,1.20473492145538,10.1852684020996,-0.87238246202469,0.95973718166351,9.78153896331787,"(-0.872382, 0.959737, 9.781539)",truck body CS,3.29960417747498,0.1,-1.34908008575439,1.20473492145538,10.1852684020996,-0.00102246595769,-179.533434786753,-0.00001025744986
1936,left road,1936,1.09500002861023,0.0,8.19999980926514,1.14999997615814,0.0,1.25,1.09500002861023,0.0,8.19999980926514,-1.34908008575439,1.20473492145538,10.1852684020996,-0.87273490428925,0.96993505954742,9.79834365844727,"(-0.872735, 0.969935, 9.798344)",truck body CS,3.37138032913208,0.1,-1.34908008575439,1.20473492145538,10.1852684020996,-0.00102246595769,-179.533434786753,-0.00001025744986
1937,left road,1937,1.19500005245209,0.0,8.19999980926514,1.25,0.0,1.25,1.19500005245209,0.0,8.19999980926514,-1.34908008575439,1.20473492145538,10.1852684020996,-0.87632316350937,0.98086351156235,9.81635284423828,"(-0.876323, 0.980864, 9.816353)",truck body CS,3.4445641040802,0.1,-1.34908008575439,1.20473492145538,10.1852684020996,-0.00102246595769,-179.533434786753,-0.00001025744986
1938,left road,1938,1.29500007629395,0.0,8.19999980926514,1.35000002384186,0.0,1.25,1.29500007629395,0.0,8.19999980926514,-1.34908008575439,1.20473492145538,10.1852684020996,-0.88780707120895,0.99456286430359,9.83892726898193,"(-0.887807, 0.994563, 9.838927)",truck body CS,3.51906752586365,0.1,-1.34908008575439,1.20473492145538,10.1852684020996,-0.00102246595769,-179.533434786753,-0.00001025744986
1939,left road,1939,1.3950001001358,0.0,8.19999980926514,1.45000004768372,0.0,1.25,1.3950001001358,0.0,8.19999980926514,-1.34908008575439,1.20473492145538,10.1852684020996,-0.90254950523376,1.0086944103241,9.86221504211426,"(-0.90255, 1.008694, 9.862215)",truck body CS,3.59480929374695,0.1,-1.34908008575439,1.20473492145538,10.1852684020996,-0.00102246595769,-179.533434786753,-0.00001025744986
1940,left road,1940,1.49500000476837,0.0,8.19999980926514,1.54999995231628,0.0,1.25,1.49500000476837,0.0,8.19999980926514,-1.34908008575439,1.20473492145538,10.1852684020996,-0.91338092088699,1.02017545700073,9.88113403320313,"(-0.913381, 1.020175, 9.881134)",truck body CS,3.67171192169189,0.1,-1.34908008575439,1.20473492145538,10.1852684020996,-0.00102246595769,-179.533434786753,-0.00001025744986
1941,left road,1941,1.59500002861023,0.0,8.19999980926514,1.64999997615814,0.0,1.25,1.59500002861023,0.0,8.19999980926514,-1.34908008575439,1.20473492145538,10.1852684020996,-0.92316389083862,1.03044736385345,9.89806079864502,"(-0.923164, 1.030447, 9.898061)",truck body CS,3.74970483779907,0.1,-1.34908008575439,1.20473492145538,10.1852684020996,-0.00102246595769,-179.533434786753,-0.00001025744986
1942,left road,1942,1.69500005245209,0.0,8.19999980926514,1.75,0.0,1.25,1.69500005245209,0.0,8.19999980926514,-1.34908008575439,1.20473492145538,10.1852684020996,-0.96318203210831,1.05201053619385,9.93359470367432,"(-0.963182, 1.052011, 9.933595)",truck body CS,3.8287205696106,0.1,-1.34908008575439,1.20473492145538,10.1852684020996,-0.00102246595769,-179.533434786753,-0.00001025744986
1943,left road,1943,1.79500007629395,0.0,8.19999980926514,1.85000002384186,0.0,1.25,1.79500007629395,0.0,8.19999980926514,-1.34908008575439,1.20473492145538,10.1852684020996,-0.94167202711105,1.04862594604492,9.92801761627197,"(-0.941672, 1.048626, 9.928018)",truck body CS,3.90869760513306,0.1,-1.34908008575439,1.20473492145538,10.1852684020996,-0.00102246595769,-179.533434786753,-0.00001025744986
1944,left road,1944,1.8950001001358,0.0,8.19999980926514,1.95000004768372,0.0,1.25,1.8950001001358,0.0,8.19999980926514,-1.34908008575439,1.20473492145538,10.1852684020996,-0.93977129459381,1.05273246765137,9.93478393554688,"(-0.939771, 1.052732, 9.934784)",truck body CS,3.98957800865173,0.1,-1.34908008575439,1.20473492145538,10.1852684020996,-0.00102246595769,-179.533434786753,-0.00001025744986
1945,left road,1945,1.99500000476837,0.0,8.19999980926514,2.04999995231628,0.0,1.25,1.99500000476837,0.0,8.19999980926514,-1.34908008575439,1.20473492145538,10.1852684020996,-0.94158381223679,1.05793070793152,9.94335079193115,"(-0.941584, 1.057931, 9.943351)",truck body CS,4.07130813598633,0.1,-1.34908008575439,1.20473492145538,10.1852684020996,-0.00102246595769,-179.533434786753,-0.00001025744986
1946,left road,1946,2.09500002861023,0.0,8.19999980926514,2.15000009536743,0.0,1.25,2.09500002861023,0.0,8.19999980926514,-1.34908008575439,1.20473492145538,10.1852684020996,-0.94338637590408,1.06282365322113,9.95141410827637,"(-0.943386, 1.062824, 9.951414)",truck body CS,4.15383768081665,0.1,-1.34908008575439,1.20473492145538,10.1852684020996,-0.00102246595769,-179.533434786753,-0.00001025744986
1947,left road,1947,2.1949999332428,0.0,8.19999980926514,2.25,0.0,1.25,2.1949999332428,0.0,8.19999980926514,-1.34908008575439,1.20473492145538,10.1852684020996,-0.94514006376266,1.06742405891418,9.95899486541748,"(-0.94514, 1.067424, 9.958995)",truck body CS,4.23711919784546,0.1,-1.34908008575439,1.20473492145538,10.1852684020996,-0.00102246595769,-179.533434786753,-0.00001025744986
1948,left road,1948,2.29499983787537,0.0,8.19999980926514,2.34999990463257,0.0,1.25,2.29499983787537,0.0,8.19999980926514,-1.34908008575439,1.20473492145538,10.1852684020996,-0.94685065746307,1.07175755500793,9.96613597869873,"(-0.946851, 1.071758, 9.966136)",truck body CS,4.32111072540283,0.1,-1.34908008575439,1.20473492145538,10.1852684020996,-0.00102246595769,-179.533434786753,-0.00001025744986
1949,left road,1949,2.39499998092651,0.0,8.19999980926514,2.45000004768372,0.0,1.25,2.39499998092651,0.0,8.19999980926514,-1.34908008575439,1.20473492145538,10.1852684020996,-0.94830578565598,1.07577753067017,9.97276020050049,"(-0.948306, 1.075778, 9.97276)",truck body CS,4.40577030181885,0.1,-1.34908008575439,1.20473492145538,10.1852684020996,-0.00102246595769,-179.533434786753,-0.00001025744986
1950,left road,1950,2.49499988555908,0.0,8.19999980926514,2.54999995231628,0.0,1.25,2.49499988555908,0.0,8.19999980926514,-1.34908008575439,1.20473492145538,10.1852684020996,-0.94972687959671,1.07957744598389,9.97902202606201,"(-0.949727, 1.079577, 9.979022)",truck body CS,4.49106073379517,0.1,-1.34908008575439,1.20473492145538,10.1852684020996,-0.00102246595769,-179.533434786753,-0.00001025744986
1951,left road,1951,2.59500002861023,0.0,8.19999980926514,2.65000009536743,0.0,1.25,2.59500002861023,0.0,8.19999980926514,-1.34908008575439,1.20473492145538,10.1852684020996,-0.95108097791672,1.08316469192505,9.9849328994751,"(-0.951081, 1.083165, 9.984933)",truck body CS,4.57694721221924,0.1,-1.34908008575439,1.20473492145538,10.1852684020996,-0.00102246595769,-179.533434786753,-0.00001025744986
1952,left road,1952,2.6949999332428,0.0,8.19999980926514,2.75,0.0,1.25,2.6949999332428,0.0,8.19999980926514,-1.34908008575439,1.20473492145538,10.1852684020996,-1.29927790164948,1.18989884853363,10.1608200073242,"(-1.299278, 1.189899, 10.16082)",EyeArea,4.66339588165283,0.1,-1.34908008575439,1.20473492145538,10.1852684020996,-0.00102246595769,-179.533434786753,-0.00001025744986
1953,left road,1953,2.79499983787537,0.0,8.19999980926514,2.84999990463257,0.0,1.25,2.79499983787537,0.0,8.19999980926514,-1.34908008575439,1.20473492145538,10.1852684020996,-1.29927313327789,1.19025552272797,10.1614074707031,"(-1.299273, 1.190256, 10.16141)",EyeArea,4.75037670135498,0.1,-1.34908008575439,1.20473492145538,10.1852684020996,-0.00102246595769,-179.533434786753,-0.00001025744986
1954,left road,1954,2.89499998092651,0.0,8.19999980926514,2.95000004768372,0.0,1.25,2.89499998092651,0.0,8.19999980926514,-1.34908008575439,1.20473492145538,10.1852684020996,-1.29926860332489,1.19059538841248,10.1619682312012,"(-1.299269, 1.190595, 10.16197)",EyeArea,4.83786010742188,0.1,-1.34908008575439,1.20473492145538,10.1852684020996,-0.00102246595769,-179.533434786753,-0.00001025744986
1955,left road,1955,2.99499988555908,0.0,8.19999980926514,3.04999995231628,0.0,1.25,2.99499988555908,0.0,8.19999980926514,-1.34908008575439,1.20473492145538,10.1852684020996,-1.29926431179047,1.19091951847076,10.1625022888184,"(-1.299264, 1.19092, 10.1625)",EyeArea,4.92582035064697,0.1,-1.34908008575439,1.20473492145538,10.1852684020996,-0.00102246595769,-179.533434786753,-0.00001025744986
1956,left road,1956,3.09500002861023,0.0,8.19999980926514,3.15000009536743,0.0,1.25,3.09500002861023,0.0,8.19999980926514,-1.34908008575439,1.20473492145538,10.1852684020996,-1.29926013946533,1.19122922420502,10.1630125045776,"(-1.29926, 1.191229, 10.16301)",EyeArea,5.01423263549805,0.1,-1.34908008575439,1.20473492145538,10.1852684020996,-0.00102246595769,-179.533434786753,-0.00001025744986
1957,left road,1957,3.1949999332428,0.0,8.19999980926514,3.25,0.0,1.25,3.1949999332428,0.0,8.19999980926514,-1.34908008575439,1.20473492145538,10.1852684020996,-1.29925608634949,1.19152545928955,10.1635007858276,"(-1.299256, 1.191525, 10.1635)",EyeArea,5.10307121276855,0.1,-1.34908008575439,1.20473492145538,10.1852684020996,-0.00102246595769,-179.533434786753,-0.00001025744986
1958,left road,1958,3.29499983787537,0.0,8.19999980926514,3.34999990463257,0.0,1.25,3.29499983787537,0.0,8.19999980926514,-1.34908008575439,1.20473492145538,10.1852684020996,-1.29925227165222,1.19180881977081,10.1639671325684,"(-1.299252, 1.191809, 10.16397)",EyeArea,5.19231700897217,0.1,-1.34908008575439,1.20473492145538,10.1852684020996,-0.00102246595769,-179.533434786753,-0.00001025744986
1959,left road,1959,3.39499998092651,0.0,8.19999980926514,3.45000004768372,0.0,1.25,3.39499998092651,0.0,8.19999980926514,-1.34908008575439,1.20473492145538,10.1852684020996,-1.29924869537354,1.1920804977417,10.1644153594971,"(-1.299249, 1.19208, 10.16442)",EyeArea,5.28194808959961,0.1,-1.34908008575439,1.20473492145538,10.1852684020996,-0.00102246595769,-179.533434786753,-0.00001025744986
1960,left road,1960,-3.50500011444092,0.0,8.30000019073486,-3.45000004768372,0.0,1.35000002384186,-3.50500011444092,0.0,8.30000019073486,-1.34908008575439,1.20473492145538,10.1852684020996,-2.55922365188599,0.5285028219223,9.12704372406006,"(-2.559224, 0.528503, 9.127044)",truck body CS,3.10702657699585,0.1,-1.34908008575439,1.20473492145538,10.1852684020996,-0.00102246595769,-179.533434786753,-0.00001025744986
1961,left road,1961,-3.40499997138977,0.0,8.30000019073486,-3.34999990463257,0.0,1.35000002384186,-3.40499997138977,0.0,8.30000019073486,-1.34908008575439,1.20473492145538,10.1852684020996,-2.53575778007507,0.50936132669449,9.09708976745605,"(-2.535758, 0.509361, 9.09709)",truck body CS,3.03849124908447,0.1,-1.34908008575439,1.20473492145538,10.1852684020996,-0.00102246595769,-179.533434786753,-0.00001025744986
1962,left road,1962,-3.3050000667572,0.0,8.30000019073486,-3.25,0.0,1.35000002384186,-3.3050000667572,0.0,8.30000019073486,-1.34908008575439,1.20473492145538,10.1852684020996,-2.51092410087585,0.48910528421402,9.06539154052734,"(-2.510924, 0.489105, 9.065392)",truck body CS,2.97174119949341,0.1,-1.34908008575439,1.20473492145538,10.1852684020996,-0.00102246595769,-179.533434786753,-0.00001025744986
1963,left road,1963,-3.20500016212463,0.0,8.30000019073486,-3.15000009536743,0.0,1.35000002384186,-3.20500016212463,0.0,8.30000019073486,-1.34908008575439,1.20473492145538,10.1852684020996,-2.48460030555725,0.46763369441032,9.0317907333374,"(-2.4846, 0.467634, 9.031791)",truck body CS,2.90689897537231,0.1,-1.34908008575439,1.20473492145538,10.1852684020996,-0.00102246595769,-179.533434786753,-0.00001025744986
1964,left road,1964,-3.10500001907349,0.0,8.30000019073486,-3.04999995231628,0.0,1.35000002384186,-3.10500001907349,0.0,8.30000019073486,-1.34908008575439,1.20473492145538,10.1852684020996,-2.4566478729248,0.44483369588852,8.99611186981201,"(-2.456648, 0.444834, 8.996112)",truck body CS,2.84409523010254,0.1,-1.34908008575439,1.20473492145538,10.1852684020996,-0.00102246595769,-179.533434786753,-0.00001025744986
1965,left road,1965,-3.00500011444092,0.0,8.30000019073486,-2.95000004768372,0.0,1.35000002384186,-3.00500011444092,0.0,8.30000019073486,-1.34908008575439,1.20473492145538,10.1852684020996,-2.42691206932068,0.42057743668556,8.95815372467041,"(-2.426912, 0.420577, 8.958154)",truck body CS,2.78346800804138,0.1,-1.34908008575439,1.20473492145538,10.1852684020996,-0.00102246595769,-179.533434786753,-0.00001025744986
1966,left road,1966,-2.90499997138977,0.0,8.30000019073486,-2.84999990463257,0.0,1.35000002384186,-2.90499997138977,0.0,8.30000019073486,-1.34908008575439,1.20473492145538,10.1852684020996,-2.39521455764771,0.39472216367722,8.91769313812256,"(-2.395215, 0.394722, 8.917693)",truck body CS,2.72516226768494,0.1,-1.34908008575439,1.20473492145538,10.1852684020996,-0.00102246595769,-179.533434786753,-0.00001025744986
1967,left road,1967,-2.8050000667572,0.0,8.30000019073486,-2.75,0.0,1.35000002384186,-2.8050000667572,0.0,8.30000019073486,-1.34908008575439,1.20473492145538,10.1852684020996,-2.3613555431366,0.36710399389267,8.87447357177734,"(-2.361356, 0.367104, 8.874474)",truck body CS,2.66933059692383,0.1,-1.34908008575439,1.20473492145538,10.1852684020996,-0.00102246595769,-179.533434786753,-0.00001025744986
1968,left road,1968,-2.70500016212463,0.0,8.30000019073486,-2.65000009536743,0.0,1.35000002384186,-2.70500016212463,0.0,8.30000019073486,-1.34908008575439,1.20473492145538,10.1852684020996,-2.35506081581116,0.31092086434364,8.78655433654785,"(-2.355061, 0.310921, 8.786554)",truck body CS,2.616131067276,0.1,-1.34908008575439,1.20473492145538,10.1852684020996,-0.00102246595769,-179.533434786753,-0.00001025744986
1969,left road,1969,-2.60500001907349,0.0,8.30000019073486,-2.54999995231628,0.0,1.35000002384186,-2.60500001907349,0.0,8.30000019073486,-1.34908008575439,1.20473492145538,10.1852684020996,-2.29399490356445,0.29833006858826,8.7668514251709,"(-2.293995, 0.29833, 8.766851)",truck body CS,2.5657274723053,0.1,-1.34908008575439,1.20473492145538,10.1852684020996,-0.00102246595769,-179.533434786753,-0.00001025744986
1970,left road,1970,-2.50500011444092,0.0,8.30000019073486,-2.45000004768372,0.0,1.35000002384186,-2.50500011444092,0.0,8.30000019073486,-1.34908008575439,1.20473492145538,10.1852684020996,-2.21867036819458,0.29842126369476,8.76699352264404,"(-2.21867, 0.298421, 8.766994)",truck body CS,2.51828789710999,0.1,-1.34908008575439,1.20473492145538,10.1852684020996,-0.00102246595769,-179.533434786753,-0.00001025744986
1971,left road,1971,-2.40499997138977,0.0,8.30000019073486,-2.34999990463257,0.0,1.35000002384186,-2.40499997138977,0.0,8.30000019073486,-1.34908008575439,1.20473492145538,10.1852684020996,-2.14336109161377,0.29851245880127,8.7671365737915,"(-2.143361, 0.298512, 8.767137)",truck body CS,2.47398257255554,0.1,-1.34908008575439,1.20473492145538,10.1852684020996,-0.00102246595769,-179.533434786753,-0.00001025744986
1972,left road,1972,-2.3050000667572,0.0,8.30000019073486,-2.25,0.0,1.35000002384186,-2.3050000667572,0.0,8.30000019073486,-1.34908008575439,1.20473492145538,10.1852684020996,-2.0680673122406,0.29860362410545,8.76727867126465,"(-2.068067, 0.298604, 8.767279)",truck body CS,2.43298292160034,0.1,-1.34908008575439,1.20473492145538,10.1852684020996,-0.00102246595769,-179.533434786753,-0.00001025744986
1973,left road,1973,-2.20500016212463,0.0,8.30000019073486,-2.15000009536743,0.0,1.35000002384186,-2.20500016212463,0.0,8.30000019073486,-1.34908008575439,1.20473492145538,10.1852684020996,-1.99278843402863,0.29869470000267,8.76742172241211,"(-1.992788, 0.298695, 8.767422)",truck body CS,2.39545845985413,0.1,-1.34908008575439,1.20473492145538,10.1852684020996,-0.00102246595769,-179.533434786753,-0.00001025744986
1974,left road,1974,-2.10500001907349,0.0,8.30000019073486,-2.04999995231628,0.0,1.35000002384186,-2.10500001907349,0.0,8.30000019073486,-1.34908008575439,1.20473492145538,10.1852684020996,-1.91752457618713,0.29878580570221,8.76756381988525,"(-1.917525, 0.298786, 8.767564)",truck body CS,2.36157512664795,0.1,-1.34908008575439,1.20473492145538,10.1852684020996,-0.00102246595769,-179.533434786753,-0.00001025744986
1975,left road,1975,-2.00500011444092,0.0,8.30000019073486,-1.95000004768372,0.0,1.35000002384186,-2.00500011444092,0.0,8.30000019073486,-1.34908008575439,1.20473492145538,10.1852684020996,-1.8422759771347,0.29887694120407,8.76770687103271,"(-1.842276, 0.298877, 8.767707)",truck body CS,2.33149170875549,0.1,-1.34908008575439,1.20473492145538,10.1852684020996,-0.00102246595769,-179.533434786753,-0.00001025744986
1976,left road,1976,-1.90499997138977,0.0,8.30000019073486,-1.85000002384186,0.0,1.35000002384186,-1.90499997138977,0.0,8.30000019073486,-1.34908008575439,1.20473492145538,10.1852684020996,-1.76703608036041,0.29898142814636,8.76786994934082,"(-1.767036, 0.298981, 8.76787)",truck body CS,2.30535674095154,0.1,-1.34908008575439,1.20473492145538,10.1852684020996,-0.00102246595769,-179.533434786753,-0.00001025744986
1977,left road,1977,-1.80499994754791,0.0,8.30000019073486,-1.75,0.0,1.35000002384186,-1.80499994754791,0.0,8.30000019073486,-1.34908008575439,1.20473492145538,10.1852684020996,-1.69189012050629,0.29888400435448,8.76771831512451,"(-1.69189, 0.298884, 8.767718)",truck body CS,2.28330588340759,0.1,-1.34908008575439,1.20473492145538,10.1852684020996,-0.00102246595769,-179.533434786753,-0.00001025744986
1978,left road,1978,-1.70499992370605,0.0,8.30000019073486,-1.64999997615814,0.0,1.35000002384186,-1.70499992370605,0.0,8.30000019073486,-1.34908008575439,1.20473492145538,10.1852684020996,-1.61674416065216,0.29873204231262,8.76747989654541,"(-1.616744, 0.298732, 8.76748)",truck body CS,2.26545834541321,0.1,-1.34908008575439,1.20473492145538,10.1852684020996,-0.00102246595769,-179.533434786753,-0.00001025744986
1979,left road,1979,-1.6049998998642,0.0,8.30000019073486,-1.54999995231628,0.0,1.35000002384186,-1.6049998998642,0.0,8.30000019073486,-1.34908008575439,1.20473492145538,10.1852684020996,-1.54157280921936,0.29858076572418,8.76724338531494,"(-1.541573, 0.298581, 8.767243)",truck body CS,2.25191426277161,0.1,-1.34908008575439,1.20473492145538,10.1852684020996,-0.00102246595769,-179.533434786753,-0.00001025744986
1980,left road,1980,-1.50499999523163,0.0,8.30000019073486,-1.45000004768372,0.0,1.35000002384186,-1.50499999523163,0.0,8.30000019073486,-1.34908008575439,1.20473492145538,10.1852684020996,-1.46637654304504,0.29842948913574,8.76700592041016,"(-1.466377, 0.298429, 8.767006)",truck body CS,2.24275135993958,0.1,-1.34908008575439,1.20473492145538,10.1852684020996,-0.00102246595769,-179.533434786753,-0.00001025744986
1981,left road,1981,-1.40499997138977,0.0,8.30000019073486,-1.35000002384186,0.0,1.35000002384186,-1.40499997138977,0.0,8.30000019073486,-1.34908008575439,1.20473492145538,10.1852684020996,-1.39115488529205,0.2982782125473,8.76676940917969,"(-1.391155, 0.298278, 8.766769)",truck body CS,2.23802351951599,0.1,-1.34908008575439,1.20473492145538,10.1852684020996,-0.00102246595769,-179.533434786753,-0.00001025744986
1982,left road,1982,-1.30499994754791,0.0,8.30000019073486,-1.25,0.0,1.35000002384186,-1.30499994754791,0.0,8.30000019073486,-1.34908008575439,1.20473492145538,10.1852684020996,-1.31590819358826,0.29812687635422,8.76653289794922,"(-1.315908, 0.298127, 8.766533)",truck body CS,2.23775911331177,0.1,-1.34908008575439,1.20473492145538,10.1852684020996,-0.00102246595769,-179.533434786753,-0.00001025744986
1983,left road,1983,-1.20499992370605,0.0,8.30000019073486,-1.14999997615814,0.0,1.35000002384186,-1.20499992370605,0.0,8.30000019073486,-1.34908008575439,1.20473492145538,10.1852684020996,-1.24063622951508,0.29797545075417,8.76629638671875,"(-1.240636, 0.297975, 8.766296)",truck body CS,2.2419593334198,0.1,-1.34908008575439,1.20473492145538,10.1852684020996,-0.00102246595769,-179.533434786753,-0.00001025744986
1984,left road,1984,-1.1049998998642,0.0,8.30000019073486,-1.04999995231628,0.0,1.35000002384186,-1.1049998998642,0.0,8.30000019073486,-1.34908008575439,1.20473492145538,10.1852684020996,-1.16533923149109,0.29782399535179,8.76605892181396,"(-1.165339, 0.297824, 8.766059)",truck body CS,2.25059938430786,0.1,-1.34908008575439,1.20473492145538,10.1852684020996,-0.00102246595769,-179.533434786753,-0.00001025744986
1985,left road,1985,-1.00499999523163,0.0,8.30000019073486,-0.94999998807907,0.0,1.35000002384186,-1.00499999523163,0.0,8.30000019073486,-1.34908008575439,1.20473492145538,10.1852684020996,-1.13566422462463,0.45749732851982,9.01592922210693,"(-1.135664, 0.457497, 9.015929)",truck body CS,2.2636284828186,0.1,-1.34908008575439,1.20473492145538,10.1852684020996,-0.00102246595769,-179.533434786753,-0.00001025744986
1986,left road,1986,-0.90500003099442,0.0,8.30000019073486,-0.85000002384186,0.0,1.35000002384186,-0.90500003099442,0.0,8.30000019073486,-1.34908008575439,1.20473492145538,10.1852684020996,-1.10391926765442,0.5396437048912,9.14447784423828,"(-1.103919, 0.539644, 9.144478)",truck body CS,2.28097105026245,0.1,-1.34908008575439,1.20473492145538,10.1852684020996,-0.00102246595769,-179.533434786753,-0.00001025744986
1987,left road,1987,-0.80500000715256,0.0,8.30000019073486,-0.75,0.0,1.35000002384186,-0.80500000715256,0.0,8.30000019073486,-1.34908008575439,1.20473492145538,10.1852684020996,-1.04860997200012,0.53941589593887,9.14412212371826,"(-1.04861, 0.539416, 9.144122)",truck body CS,2.30253028869629,0.1,-1.34908008575439,1.20473492145538,10.1852684020996,-0.00102246595769,-179.533434786753,-0.00001025744986
1988,left road,1988,-0.7049999833107,0.0,8.30000019073486,-0.64999997615814,0.0,1.35000002384186,-0.7049999833107,0.0,8.30000019073486,-1.34908008575439,1.20473492145538,10.1852684020996,-0.99326264858246,0.53918772935867,9.14376449584961,"(-0.993263, 0.539188, 9.143764)",truck body CS,2.32818841934204,0.1,-1.34908008575439,1.20473492145538,10.1852684020996,-0.00102246595769,-179.533434786753,-0.00001025744986
1989,left road,1989,-0.60500001907349,0.0,8.30000019073486,-0.55000001192093,0.0,1.35000002384186,-0.60500001907349,0.0,8.30000019073486,-1.34908008575439,1.20473492145538,10.1852684020996,-0.93787747621536,0.53895968198776,9.14340782165527,"(-0.937877, 0.53896, 9.143408)",truck body CS,2.35781192779541,0.1,-1.34908008575439,1.20473492145538,10.1852684020996,-0.00102246595769,-179.533434786753,-0.00001025744986
1990,left road,1990,-0.50499999523163,0.0,8.30000019073486,-0.44999998807907,0.0,1.35000002384186,-0.50499999523163,0.0,8.30000019073486,-1.34908008575439,1.20473492145538,10.1852684020996,-0.88245439529419,0.53873133659363,9.14305019378662,"(-0.882454, 0.538731, 9.14305)",truck body CS,2.39125370979309,0.1,-1.34908008575439,1.20473492145538,10.1852684020996,-0.00102246595769,-179.533434786753,-0.00001025744986
1991,left road,1991,-0.40500000119209,0.0,8.30000019073486,-0.34999999403954,0.0,1.35000002384186,-0.40500000119209,0.0,8.30000019073486,-1.34908008575439,1.20473492145538,10.1852684020996,-0.85173285007477,0.57007306814194,9.19209671020508,"(-0.851733, 0.570073, 9.192097)",truck body CS,2.42835545539856,0.1,-1.34908008575439,1.20473492145538,10.1852684020996,-0.00102246595769,-179.533434786753,-0.00001025744986
1992,left road,1992,-0.30500000715256,0.0,8.30000019073486,-0.25,0.0,1.35000002384186,-0.30500000715256,0.0,8.30000019073486,-1.34908008575439,1.20473492145538,10.1852684020996,-0.84945297241211,0.62822896242142,9.28310394287109,"(-0.849453, 0.628229, 9.283104)",truck body CS,2.46895217895508,0.1,-1.34908008575439,1.20473492145538,10.1852684020996,-0.00102246595769,-179.533434786753,-0.00001025744986
1993,left road,1993,-0.20500001311302,0.0,8.30000019073486,-0.15000000596046,0.0,1.35000002384186,-0.20500001311302,0.0,8.30000019073486,-1.34908008575439,1.20473492145538,10.1852684020996,-0.84661197662354,0.67562782764435,9.35727691650391,"(-0.846612, 0.675628, 9.357277)",truck body CS,2.51287531852722,0.1,-1.34908008575439,1.20473492145538,10.1852684020996,-0.00102246595769,-179.533434786753,-0.00001025744986
1994,left road,1994,-0.10500000417233,0.0,8.30000019073486,-0.05000000074506,0.0,1.35000002384186,-0.10500000417233,0.0,8.30000019073486,-1.34908008575439,1.20473492145538,10.1852684020996,-0.84362930059433,0.71526950597763,9.4193115234375,"(-0.843629, 0.71527, 9.419312)",truck body CS,2.55995273590088,0.1,-1.34908008575439,1.20473492145538,10.1852684020996,-0.00102246595769,-179.533434786753,-0.00001025744986
1995,left road,1995,-0.00499999895692,0.0,8.30000019073486,0.05000000074506,0.0,1.35000002384186,-0.00499999895692,0.0,8.30000019073486,-1.34908008575439,1.20473492145538,10.1852684020996,-0.84348124265671,0.75155317783356,9.4760913848877,"(-0.843481, 0.751553, 9.476091)",truck body CS,2.61001420021057,0.1,-1.34908008575439,1.20473492145538,10.1852684020996,-0.00102246595769,-179.533434786753,-0.00001025744986
1996,left road,1996,0.09500000625849,0.0,8.30000019073486,0.15000000596046,0.0,1.35000002384186,0.09500000625849,0.0,8.30000019073486,-1.34908008575439,1.20473492145538,10.1852684020996,-0.84372073411942,0.78313493728638,9.52551364898682,"(-0.843721, 0.783135, 9.525514)",truck body CS,2.66289138793945,0.1,-1.34908008575439,1.20473492145538,10.1852684020996,-0.00102246595769,-179.533434786753,-0.00001025744986
1997,left road,1997,0.19499999284744,0.0,8.30000019073486,0.25,0.0,1.35000002384186,0.19499999284744,0.0,8.30000019073486,-1.34908008575439,1.20473492145538,10.1852684020996,-0.84587746858597,0.81212198734283,9.57087516784668,"(-0.845877, 0.812122, 9.570875)",truck body CS,2.71841979026794,0.1,-1.34908008575439,1.20473492145538,10.1852684020996,-0.00102246595769,-179.533434786753,-0.00001025744986
1998,left road,1998,0.29499998688698,0.0,8.30000019073486,0.34999999403954,0.0,1.35000002384186,0.29499998688698,0.0,8.30000019073486,-1.34908008575439,1.20473492145538,10.1852684020996,-0.85057038068771,0.83944129943848,9.61362648010254,"(-0.85057, 0.839441, 9.613626)",truck body CS,2.77644062042236,0.1,-1.34908008575439,1.20473492145538,10.1852684020996,-0.00102246595769,-179.533434786753,-0.00001025744986
1999,left road,1999,0.39499998092651,0.0,8.30000019073486,0.44999998807907,0.0,1.35000002384186,0.39499998092651,0.0,8.30000019073486,-1.34908008575439,1.20473492145538,10.1852684020996,-0.85465276241302,0.86320585012436,9.6508150100708,"(-0.854653, 0.863206, 9.650815)",truck body CS,2.83680057525635,0.1,-1.34908008575439,1.20473492145538,10.1852684020996,-0.00102246595769,-179.533434786753,-0.00001025744986
2000,left road,2000,0.49500000476837,0.0,8.30000019073486,0.55000001192093,0.0,1.35000002384186,0.49500000476837,0.0,8.30000019073486,-1.34908008575439,1.20473492145538,10.1852684020996,-0.85823607444763,0.88406729698181,9.6834602355957,"(-0.858236, 0.884067, 9.68346)",truck body CS,2.89935398101807,0.1,-1.34908008575439,1.20473492145538,10.1852684020996,-0.00102246595769,-179.533434786753,-0.00001025744986
2001,left road,2001,0.59499996900558,0.0,8.30000019073486,0.64999997615814,0.0,1.35000002384186,0.59499996900558,0.0,8.30000019073486,-1.34908008575439,1.20473492145538,10.1852684020996,-0.86223489046097,0.90303981304169,9.71315002441406,"(-0.862235, 0.90304, 9.71315)",truck body CS,2.9639618396759,0.1,-1.34908008575439,1.20473492145538,10.1852684020996,-0.00102246595769,-179.533434786753,-0.00001025744986
2002,left road,2002,0.69499999284744,0.0,8.30000019073486,0.75,0.0,1.35000002384186,0.69499999284744,0.0,8.30000019073486,-1.34908008575439,1.20473492145538,10.1852684020996,-0.86600732803345,0.92002260684967,9.73972606658936,"(-0.866007, 0.920023, 9.739726)",truck body CS,3.03049254417419,0.1,-1.34908008575439,1.20473492145538,10.1852684020996,-0.00102246595769,-179.533434786753,-0.00001025744986
2003,left road,2003,0.7950000166893,0.0,8.30000019073486,0.85000002384186,0.0,1.35000002384186,0.7950000166893,0.0,8.30000019073486,-1.34908008575439,1.20473492145538,10.1852684020996,-0.86937737464905,0.93519520759583,9.76346969604492,"(-0.869377, 0.935195, 9.76347)",truck body CS,3.09882259368896,0.1,-1.34908008575439,1.20473492145538,10.1852684020996,-0.00102246595769,-179.533434786753,-0.00001025744986
2004,left road,2004,0.89499998092651,0.0,8.30000019073486,0.94999998807907,0.0,1.35000002384186,0.89499998092651,0.0,8.30000019073486,-1.34908008575439,1.20473492145538,10.1852684020996,-0.87170451879501,0.94845569133759,9.78422069549561,"(-0.871705, 0.948456, 9.784221)",truck body CS,3.16883540153503,0.1,-1.34908008575439,1.20473492145538,10.1852684020996,-0.00102246595769,-179.533434786753,-0.00001025744986
2005,left road,2005,0.99499994516373,0.0,8.30000019073486,1.04999995231628,0.0,1.35000002384186,0.99499994516373,0.0,8.30000019073486,-1.34908008575439,1.20473492145538,10.1852684020996,-0.87242561578751,0.95975935459137,9.80190944671631,"(-0.872426, 0.959759, 9.801909)",truck body CS,3.24042177200317,0.1,-1.34908008575439,1.20473492145538,10.1852684020996,-0.00102246595769,-179.533434786753,-0.00001025744986
2006,left road,2006,1.09500002861023,0.0,8.30000019073486,1.14999997615814,0.0,1.35000002384186,1.09500002861023,0.0,8.30000019073486,-1.34908008575439,1.20473492145538,10.1852684020996,-0.87277674674988,0.96995562314987,9.8178653717041,"(-0.872777, 0.969956, 9.817865)",truck body CS,3.31347990036011,0.1,-1.34908008575439,1.20473492145538,10.1852684020996,-0.00102246595769,-179.533434786753,-0.00001025744986
2007,left road,2007,1.19500005245209,0.0,8.30000019073486,1.25,0.0,1.35000002384186,1.19500005245209,0.0,8.30000019073486,-1.34908008575439,1.20473492145538,10.1852684020996,-0.87644124031067,0.98091930150986,9.83502292633057,"(-0.876441, 0.980919, 9.835023)",truck body CS,3.38791489601135,0.1,-1.34908008575439,1.20473492145538,10.1852684020996,-0.00102246595769,-179.533434786753,-0.00001025744986
2008,left road,2008,1.29500007629395,0.0,8.30000019073486,1.35000002384186,0.0,1.35000002384186,1.29500007629395,0.0,8.30000019073486,-1.34908008575439,1.20473492145538,10.1852684020996,-0.88816887140274,0.99472761154175,9.8566312789917,"(-0.888169, 0.994728, 9.856631)",truck body CS,3.46363711357117,0.1,-1.34908008575439,1.20473492145538,10.1852684020996,-0.00102246595769,-179.533434786753,-0.00001025744986
2009,left road,2009,1.3950001001358,0.0,8.30000019073486,1.45000004768372,0.0,1.35000002384186,1.3950001001358,0.0,8.30000019073486,-1.34908008575439,1.20473492145538,10.1852684020996,-0.90316194295883,1.00896322727203,9.87890815734863,"(-0.903162, 1.008963, 9.878908)",truck body CS,3.54056453704834,0.1,-1.34908008575439,1.20473492145538,10.1852684020996,-0.00102246595769,-179.533434786753,-0.00001025744986
2010,left road,2010,1.49500000476837,0.0,8.30000019073486,1.54999995231628,0.0,1.35000002384186,1.49500000476837,0.0,8.30000019073486,-1.34908008575439,1.20473492145538,10.1852684020996,-0.91391491889954,1.02040159702301,9.89680767059326,"(-0.913915, 1.020402, 9.896808)",truck body CS,3.6186203956604,0.1,-1.34908008575439,1.20473492145538,10.1852684020996,-0.00102246595769,-179.533434786753,-0.00001025744986
2011,left road,2011,1.59500002861023,0.0,8.30000019073486,1.64999997615814,0.0,1.35000002384186,1.59500002861023,0.0,8.30000019073486,-1.34908008575439,1.20473492145538,10.1852684020996,-0.92341279983521,1.03054928779602,9.91268730163574,"(-0.923413, 1.030549, 9.912687)",truck body CS,3.69773316383362,0.1,-1.34908008575439,1.20473492145538,10.1852684020996,-0.00102246595769,-179.533434786753,-0.00001025744986
2012,left road,2012,1.69500005245209,0.0,8.30000019073486,1.75,0.0,1.35000002384186,1.69500005245209,0.0,8.30000019073486,-1.34908008575439,1.20473492145538,10.1852684020996,-0.96298062801361,1.05193090438843,9.94614696502686,"(-0.962981, 1.051931, 9.946147)",truck body CS,3.77783632278442,0.1,-1.34908008575439,1.20473492145538,10.1852684020996,-0.00102246595769,-179.533434786753,-0.00001025744986
2013,left road,2013,1.79500007629395,0.0,8.30000019073486,1.85000002384186,0.0,1.35000002384186,1.79500007629395,0.0,8.30000019073486,-1.34908008575439,1.20473492145538,10.1852684020996,-0.94137758016586,1.04851317405701,9.94079875946045,"(-0.941378, 1.048513, 9.940799)",truck body CS,3.85886812210083,0.1,-1.34908008575439,1.20473492145538,10.1852684020996,-0.00102246595769,-179.533434786753,-0.00001025744986
2014,left road,2014,1.8950001001358,0.0,8.30000019073486,1.95000004768372,0.0,1.35000002384186,1.8950001001358,0.0,8.30000019073486,-1.34908008575439,1.20473492145538,10.1852684020996,-0.93966263532639,1.05269193649292,9.94733810424805,"(-0.939663, 1.052692, 9.947338)",truck body CS,3.94077134132385,0.1,-1.34908008575439,1.20473492145538,10.1852684020996,-0.00102246595769,-179.533434786753,-0.00001025744986
2015,left road,2015,1.99500000476837,0.0,8.30000019073486,2.04999995231628,0.0,1.35000002384186,1.99500000476837,0.0,8.30000019073486,-1.34908008575439,1.20473492145538,10.1852684020996,-0.94154155254364,1.05791544914246,9.95551204681396,"(-0.941542, 1.057915, 9.955512)",truck body CS,4.02349281311035,0.1,-1.34908008575439,1.20473492145538,10.1852684020996,-0.00102246595769,-179.533434786753,-0.00001025744986
2016,left road,2016,2.09500002861023,0.0,8.30000019073486,2.15000009536743,0.0,1.35000002384186,2.09500002861023,0.0,8.30000019073486,-1.34908008575439,1.20473492145538,10.1852684020996,-0.94331365823746,1.06279826164246,9.96315383911133,"(-0.943314, 1.062798, 9.963154)",truck body CS,4.10698318481445,0.1,-1.34908008575439,1.20473492145538,10.1852684020996,-0.00102246595769,-179.533434786753,-0.00001025744986
2017,left road,2017,2.1949999332428,0.0,8.30000019073486,2.25,0.0,1.35000002384186,2.1949999332428,0.0,8.30000019073486,-1.34908008575439,1.20473492145538,10.1852684020996,-0.945072889328,1.06740117073059,9.97035598754883,"(-0.945073, 1.067401, 9.970356)",truck body CS,4.19119644165039,0.1,-1.34908008575439,1.20473492145538,10.1852684020996,-0.00102246595769,-179.533434786753,-0.00001025744986
2018,left road,2018,2.29499983787537,0.0,8.30000019073486,2.34999990463257,0.0,1.35000002384186,2.29499983787537,0.0,8.30000019073486,-1.34908008575439,1.20473492145538,10.1852684020996,-0.94667667150497,1.07170009613037,9.97708415985107,"(-0.946677, 1.0717, 9.977084)",truck body CS,4.27608919143677,0.1,-1.34908008575439,1.20473492145538,10.1852684020996,-0.00102246595769,-179.533434786753,-0.00001025744986
2019,left road,2019,2.39499998092651,0.0,8.30000019073486,2.45000004768372,0.0,1.35000002384186,2.39499998092651,0.0,8.30000019073486,-1.34908008575439,1.20473492145538,10.1852684020996,-0.94821715354919,1.07574892044067,9.98341941833496,"(-0.948217, 1.075749, 9.983419)",truck body CS,4.36162328720093,0.1,-1.34908008575439,1.20473492145538,10.1852684020996,-0.00102246595769,-179.533434786753,-0.00001025744986
2020,left road,2020,2.49499988555908,0.0,8.30000019073486,2.54999995231628,0.0,1.35000002384186,2.49499988555908,0.0,8.30000019073486,-1.34908008575439,1.20473492145538,10.1852684020996,-0.94962072372437,1.07954430580139,9.98935890197754,"(-0.949621, 1.079544, 9.989359)",truck body CS,4.44776010513306,0.1,-1.34908008575439,1.20473492145538,10.1852684020996,-0.00102246595769,-179.533434786753,-0.00001025744986
2021,left road,2021,2.59500002861023,0.0,8.30000019073486,2.65000009536743,0.0,1.35000002384186,2.59500002861023,0.0,8.30000019073486,-1.34908008575439,1.20473492145538,10.1852684020996,-1.2992730140686,1.18952119350433,10.1614608764648,"(-1.299273, 1.189521, 10.16146)",EyeArea,4.53446674346924,0.1,-1.34908008575439,1.20473492145538,10.1852684020996,-0.00102246595769,-179.533434786753,-0.00001025744986
2022,left road,2022,2.6949999332428,0.0,8.30000019073486,2.75,0.0,1.35000002384186,2.6949999332428,0.0,8.30000019073486,-1.34908008575439,1.20473492145538,10.1852684020996,-1.29926800727844,1.1898957490921,10.1620473861694,"(-1.299268, 1.189896, 10.16205)",EyeArea,4.6217098236084,0.1,-1.34908008575439,1.20473492145538,10.1852684020996,-0.00102246595769,-179.533434786753,-0.00001025744986
2023,left road,2023,2.79499983787537,0.0,8.30000019073486,2.84999990463257,0.0,1.35000002384186,2.79499983787537,0.0,8.30000019073486,-1.34908008575439,1.20473492145538,10.1852684020996,-1.29926347732544,1.19025242328644,10.1626052856445,"(-1.299263, 1.190252, 10.16261)",EyeArea,4.70946073532104,0.1,-1.34908008575439,1.20473492145538,10.1852684020996,-0.00102246595769,-179.533434786753,-0.00001025744986
2024,left road,2024,2.89499998092651,0.0,8.30000019073486,2.95000004768372,0.0,1.35000002384186,2.89499998092651,0.0,8.30000019073486,-1.34908008575439,1.20473492145538,10.1852684020996,-1.29925906658173,1.19059252738953,10.1631374359131,"(-1.299259, 1.190593, 10.16314)",EyeArea,4.79769086837769,0.1,-1.34908008575439,1.20473492145538,10.1852684020996,-0.00102246595769,-179.533434786753,-0.00001025744986
2025,left road,2025,2.99499988555908,0.0,8.30000019073486,3.04999995231628,0.0,1.35000002384186,2.99499988555908,0.0,8.30000019073486,-1.34908008575439,1.20473492145538,10.1852684020996,-1.29925489425659,1.19091701507568,10.1636447906494,"(-1.299255, 1.190917, 10.16364)",EyeArea,4.88637399673462,0.1,-1.34908008575439,1.20473492145538,10.1852684020996,-0.00102246595769,-179.533434786753,-0.00001025744986
2026,left road,2026,3.09500002861023,0.0,8.30000019073486,3.15000009536743,0.0,1.35000002384186,3.09500002861023,0.0,8.30000019073486,-1.34908008575439,1.20473492145538,10.1852684020996,-1.29925096035004,1.19122684001923,10.1641302108765,"(-1.299251, 1.191227, 10.16413)",EyeArea,4.97548675537109,0.1,-1.34908008575439,1.20473492145538,10.1852684020996,-0.00102246595769,-179.533434786753,-0.00001025744986
2027,left road,2027,3.1949999332428,0.0,8.30000019073486,3.25,0.0,1.35000002384186,3.1949999332428,0.0,8.30000019073486,-1.34908008575439,1.20473492145538,10.1852684020996,-1.29924726486206,1.19152331352234,10.1645936965942,"(-1.299247, 1.191523, 10.16459)",EyeArea,5.06500577926636,0.1,-1.34908008575439,1.20473492145538,10.1852684020996,-0.00102246595769,-179.533434786753,-0.00001025744986
2028,left road,2028,3.29499983787537,0.0,8.30000019073486,3.34999990463257,0.0,1.35000002384186,3.29499983787537,0.0,8.30000019073486,-1.34908008575439,1.20473492145538,10.1852684020996,-1.29924356937408,1.1918066740036,10.1650371551514,"(-1.299244, 1.191807, 10.16504)",EyeArea,5.15491056442261,0.1,-1.34908008575439,1.20473492145538,10.1852684020996,-0.00102246595769,-179.533434786753,-0.00001025744986
2029,left road,2029,3.39499998092651,0.0,8.30000019073486,3.45000004768372,0.0,1.35000002384186,3.39499998092651,0.0,8.30000019073486,-1.34908008575439,1.20473492145538,10.1852684020996,-1.29924011230469,1.19207835197449,10.1654624938965,"(-1.29924, 1.192078, 10.16546)",EyeArea,5.24518060684204,0.1,-1.34908008575439,1.20473492145538,10.1852684020996,-0.00102246595769,-179.533434786753,-0.00001025744986
2030,left road,2030,-3.50500011444092,0.0,8.39999961853027,-3.45000004768372,0.0,1.45000004768372,-3.50500011444092,0.0,8.39999961853027,-1.34908008575439,1.20473492145538,10.1852684020996,-2.58159017562866,0.51600432395935,9.16465377807617,"(-2.58159, 0.516004, 9.164654)",truck body CS,3.04738616943359,0.1,-1.34908008575439,1.20473492145538,10.1852684020996,-0.00102246595769,-179.533434786753,-0.00001025744986
2031,left road,2031,-3.40499997138977,0.0,8.39999961853027,-3.34999990463257,0.0,1.45000004768372,-3.40499997138977,0.0,8.39999961853027,-1.34908008575439,1.20473492145538,10.1852684020996,-2.52412939071655,0.51617538928986,9.16490745544434,"(-2.524129, 0.516175, 9.164907)",truck body CS,2.97747826576233,0.1,-1.34908008575439,1.20473492145538,10.1852684020996,-0.00102246595769,-179.533434786753,-0.00001025744986
2032,left road,2032,-3.3050000667572,0.0,8.39999961853027,-3.25,0.0,1.45000004768372,-3.3050000667572,0.0,8.39999961853027,-1.34908008575439,1.20473492145538,10.1852684020996,-2.46729040145874,0.51598131656647,9.16461944580078,"(-2.46729, 0.515981, 9.164619)",truck body CS,2.90932869911194,0.1,-1.34908008575439,1.20473492145538,10.1852684020996,-0.00102246595769,-179.533434786753,-0.00001025744986
2033,left road,2033,-3.20500016212463,0.0,8.39999961853027,-3.15000009536743,0.0,1.45000004768372,-3.20500016212463,0.0,8.39999961853027,-1.34908008575439,1.20473492145538,10.1852684020996,-2.41049790382385,0.51573586463928,9.16425609588623,"(-2.410498, 0.515736, 9.164256)",truck body CS,2.84306335449219,0.1,-1.34908008575439,1.20473492145538,10.1852684020996,-0.00102246595769,-179.533434786753,-0.00001025744986
2034,left road,2034,-3.10500001907349,0.0,8.39999961853027,-3.04999995231628,0.0,1.45000004768372,-3.10500001907349,0.0,8.39999961853027,-1.34908008575439,1.20473492145538,10.1852684020996,-2.35366535186768,0.51548999547958,9.16389083862305,"(-2.353665, 0.51549, 9.163891)",truck body CS,2.77881741523743,0.1,-1.34908008575439,1.20473492145538,10.1852684020996,-0.00102246595769,-179.533434786753,-0.00001025744986
2035,left road,2035,-3.00500011444092,0.0,8.39999961853027,-2.95000004768372,0.0,1.45000004768372,-3.00500011444092,0.0,8.39999961853027,-1.34908008575439,1.20473492145538,10.1852684020996,-2.35248374938965,0.47472652792931,9.10348510742188,"(-2.352484, 0.474727, 9.103485)",truck body CS,2.71673369407654,0.1,-1.34908008575439,1.20473492145538,10.1852684020996,-0.00102246595769,-179.533434786753,-0.00001025744986
2036,left road,2036,-2.90499997138977,0.0,8.39999961853027,-2.84999990463257,0.0,1.45000004768372,-2.90499997138977,0.0,8.39999961853027,-1.34908008575439,1.20473492145538,10.1852684020996,-2.35305404663086,0.42736667394638,9.03330326080322,"(-2.353054, 0.427367, 9.033303)",truck body CS,2.65696406364441,0.1,-1.34908008575439,1.20473492145538,10.1852684020996,-0.00102246595769,-179.533434786753,-0.00001025744986
2037,left road,2037,-2.8050000667572,0.0,8.39999961853027,-2.75,0.0,1.45000004768372,-2.8050000667572,0.0,8.39999961853027,-1.34908008575439,1.20473492145538,10.1852684020996,-2.35370397567749,0.37343555688858,8.95338439941406,"(-2.353704, 0.373436, 8.953384)",truck body CS,2.59966802597046,0.1,-1.34908008575439,1.20473492145538,10.1852684020996,-0.00102246595769,-179.533434786753,-0.00001025744986
2038,left road,2038,-2.70500016212463,0.0,8.39999961853027,-2.65000009536743,0.0,1.45000004768372,-2.70500016212463,0.0,8.39999961853027,-1.34908008575439,1.20473492145538,10.1852684020996,-2.35445046424866,0.3114632666111,8.86154842376709,"(-2.35445, 0.311463, 8.861548)",truck body CS,2.54501271247864,0.1,-1.34908008575439,1.20473492145538,10.1852684020996,-0.00102246595769,-179.533434786753,-0.00001025744986
2039,left road,2039,-2.60500001907349,0.0,8.39999961853027,-2.54999995231628,0.0,1.45000004768372,-2.60500001907349,0.0,8.39999961853027,-1.34908008575439,1.20473492145538,10.1852684020996,-2.29787540435791,0.29460790753365,8.83657169342041,"(-2.297875, 0.294608, 8.836572)",truck body CS,2.49317169189453,0.1,-1.34908008575439,1.20473492145538,10.1852684020996,-0.00102246595769,-179.533434786753,-0.00001025744986
2040,left road,2040,-2.50500011444092,0.0,8.39999961853027,-2.45000004768372,0.0,1.45000004768372,-2.50500011444092,0.0,8.39999961853027,-1.34908008575439,1.20473492145538,10.1852684020996,-2.22224116325378,0.29469987750053,8.83670806884766,"(-2.222241, 0.2947, 8.836708)",truck body CS,2.4443244934082,0.1,-1.34908008575439,1.20473492145538,10.1852684020996,-0.00102246595769,-179.533434786753,-0.00001025744986
2041,left road,2041,-2.40499997138977,0.0,8.39999961853027,-2.34999990463257,0.0,1.45000004768372,-2.40499997138977,0.0,8.39999961853027,-1.34908008575439,1.20473492145538,10.1852684020996,-2.14662218093872,0.29479175806046,8.83684349060059,"(-2.146622, 0.294792, 8.836843)",truck body CS,2.39865326881409,0.1,-1.34908008575439,1.20473492145538,10.1852684020996,-0.00102246595769,-179.533434786753,-0.00001025744986
2042,left road,2042,-2.3050000667572,0.0,8.39999961853027,-2.25,0.0,1.45000004768372,-2.3050000667572,0.0,8.39999961853027,-1.34908008575439,1.20473492145538,10.1852684020996,-2.07101893424988,0.29488360881805,8.83697986602783,"(-2.071019, 0.294884, 8.83698)",truck body CS,2.35634326934814,0.1,-1.34908008575439,1.20473492145538,10.1852684020996,-0.00102246595769,-179.533434786753,-0.00001025744986
2043,left road,2043,-2.20500016212463,0.0,8.39999961853027,-2.15000009536743,0.0,1.45000004768372,-2.20500016212463,0.0,8.39999961853027,-1.34908008575439,1.20473492145538,10.1852684020996,-1.99543082714081,0.2949755191803,8.83711624145508,"(-1.995431, 0.294976, 8.837116)",truck body CS,2.31757855415344,0.1,-1.34908008575439,1.20473492145538,10.1852684020996,-0.00102246595769,-179.533434786753,-0.00001025744986
2044,left road,2044,-2.10500001907349,0.0,8.39999961853027,-2.04999995231628,0.0,1.45000004768372,-2.10500001907349,0.0,8.39999961853027,-1.34908008575439,1.20473492145538,10.1852684020996,-1.91985774040222,0.29506731033325,8.83725261688232,"(-1.919858, 0.295067, 8.837253)",truck body CS,2.28253936767578,0.1,-1.34908008575439,1.20473492145538,10.1852684020996,-0.00102246595769,-179.533434786753,-0.00001025744986
2045,left road,2045,-2.00500011444092,0.0,8.39999961853027,-1.95000004768372,0.0,1.45000004768372,-2.00500011444092,0.0,8.39999961853027,-1.34908008575439,1.20473492145538,10.1852684020996,-1.84430015087128,0.29515919089317,8.83738803863525,"(-1.8443, 0.295159, 8.837388)",truck body CS,2.25139999389648,0.1,-1.34908008575439,1.20473492145538,10.1852684020996,-0.00102246595769,-179.533434786753,-0.00001025744986
2046,left road,2046,-1.90499997138977,0.0,8.39999961853027,-1.85000002384186,0.0,1.45000004768372,-1.90499997138977,0.0,8.39999961853027,-1.34908008575439,1.20473492145538,10.1852684020996,-1.76878082752228,0.29520043730736,8.8374490737915,"(-1.768781, 0.2952, 8.837449)",truck body CS,2.22432398796082,0.1,-1.34908008575439,1.20473492145538,10.1852684020996,-0.00102246595769,-179.533434786753,-0.00001025744986
2047,left road,2047,-1.80499994754791,0.0,8.39999961853027,-1.75,0.0,1.45000004768372,-1.80499994754791,0.0,8.39999961853027,-1.34908008575439,1.20473492145538,10.1852684020996,-1.69329631328583,0.29516851902008,8.83740234375,"(-1.693296, 0.295169, 8.837402)",truck body CS,2.20146179199219,0.1,-1.34908008575439,1.20473492145538,10.1852684020996,-0.00102246595769,-179.533434786753,-0.00001025744986
2048,left road,2048,-1.70499992370605,0.0,8.39999961853027,-1.64999997615814,0.0,1.45000004768372,-1.70499992370605,0.0,8.39999961853027,-1.34908008575439,1.20473492145538,10.1852684020996,-1.61784076690674,0.29502016305923,8.83718204498291,"(-1.617841, 0.29502, 8.837182)",truck body CS,2.18294525146484,0.1,-1.34908008575439,1.20473492145538,10.1852684020996,-0.00102246595769,-179.533434786753,-0.00001025744986
2049,left road,2049,-1.6049998998642,0.0,8.39999961853027,-1.54999995231628,0.0,1.45000004768372,-1.6049998998642,0.0,8.39999961853027,-1.34908008575439,1.20473492145538,10.1852684020996,-1.54236161708832,0.29486778378487,8.83695602416992,"(-1.542362, 0.294868, 8.836956)",truck body CS,2.1688859462738,0.1,-1.34908008575439,1.20473492145538,10.1852684020996,-0.00102246595769,-179.533434786753,-0.00001025744986
2050,left road,2050,-1.50499999523163,0.0,8.39999961853027,-1.45000004768372,0.0,1.45000004768372,-1.50499999523163,0.0,8.39999961853027,-1.34908008575439,1.20473492145538,10.1852684020996,-1.46685719490051,0.29471525549889,8.83673000335693,"(-1.466857, 0.294715, 8.83673)",truck body CS,2.15937066078186,0.1,-1.34908008575439,1.20473492145538,10.1852684020996,-0.00102246595769,-179.533434786753,-0.00001025744986
2051,left road,2051,-1.40499997138977,0.0,8.39999961853027,-1.35000002384186,0.0,1.45000004768372,-1.40499997138977,0.0,8.39999961853027,-1.34908008575439,1.20473492145538,10.1852684020996,-1.39132738113403,0.29456269741058,8.83650493621826,"(-1.391327, 0.294563, 8.836505)",truck body CS,2.15445995330811,0.1,-1.34908008575439,1.20473492145538,10.1852684020996,-0.00102246595769,-179.533434786753,-0.00001025744986
2052,left road,2052,-1.30499994754791,0.0,8.39999961853027,-1.25,0.0,1.45000004768372,-1.30499994754791,0.0,8.39999961853027,-1.34908008575439,1.20473492145538,10.1852684020996,-1.31577205657959,0.29441007971764,8.83627796173096,"(-1.315772, 0.29441, 8.836278)",truck body CS,2.15418529510498,0.1,-1.34908008575439,1.20473492145538,10.1852684020996,-0.00102246595769,-179.533434786753,-0.00001025744986
2053,left road,2053,-1.20499992370605,0.0,8.39999961853027,-1.14999997615814,0.0,1.45000004768372,-1.20499992370605,0.0,8.39999961853027,-1.34908008575439,1.20473492145538,10.1852684020996,-1.24019157886505,0.29425746202469,8.83605194091797,"(-1.240192, 0.294257, 8.836052)",truck body CS,2.15854811668396,0.1,-1.34908008575439,1.20473492145538,10.1852684020996,-0.00102246595769,-179.533434786753,-0.00001025744986
2054,left road,2054,-1.1049998998642,0.0,8.39999961853027,-1.04999995231628,0.0,1.45000004768372,-1.1049998998642,0.0,8.39999961853027,-1.34908008575439,1.20473492145538,10.1852684020996,-1.16458570957184,0.29410472512245,8.83582592010498,"(-1.164586, 0.294105, 8.835826)",truck body CS,2.16752076148987,0.1,-1.34908008575439,1.20473492145538,10.1852684020996,-0.00102246595769,-179.533434786753,-0.00001025744986
2055,left road,2055,-1.00499999523163,0.0,8.39999961853027,-0.94999998807907,0.0,1.45000004768372,-1.00499999523163,0.0,8.39999961853027,-1.34908008575439,1.20473492145538,10.1852684020996,-1.13517951965332,0.45580014586449,9.07543849945068,"(-1.13518, 0.4558, 9.075438)",truck body CS,2.18104600906372,0.1,-1.34908008575439,1.20473492145538,10.1852684020996,-0.00102246595769,-179.533434786753,-0.00001025744986
2056,left road,2056,-0.90500003099442,0.0,8.39999961853027,-0.85000002384186,0.0,1.45000004768372,-0.90500003099442,0.0,8.39999961853027,-1.34908008575439,1.20473492145538,10.1852684020996,-1.09296989440918,0.50993943214417,9.15566635131836,"(-1.09297, 0.509939, 9.155666)",truck body CS,2.19904017448425,0.1,-1.34908008575439,1.20473492145538,10.1852684020996,-0.00102246595769,-179.533434786753,-0.00001025744986
2057,left road,2057,-0.80500000715256,0.0,8.39999961853027,-0.75,0.0,1.45000004768372,-0.80500000715256,0.0,8.39999961853027,-1.34908008575439,1.20473492145538,10.1852684020996,-1.03518104553223,0.50968086719513,9.15528297424316,"(-1.035181, 0.509681, 9.155283)",truck body CS,2.22139453887939,0.1,-1.34908008575439,1.20473492145538,10.1852684020996,-0.00102246595769,-179.533434786753,-0.00001025744986
2058,left road,2058,-0.7049999833107,0.0,8.39999961853027,-0.64999997615814,0.0,1.45000004768372,-0.7049999833107,0.0,8.39999961853027,-1.34908008575439,1.20473492145538,10.1852684020996,-0.97718018293381,0.50910586118698,9.15443134307861,"(-0.97718, 0.509106, 9.154431)",truck body CS,2.24797916412354,0.1,-1.34908008575439,1.20473492145538,10.1852684020996,-0.00102246595769,-179.533434786753,-0.00001025744986
2059,left road,2059,-0.60500001907349,0.0,8.39999961853027,-0.55000001192093,0.0,1.45000004768372,-0.60500001907349,0.0,8.39999961853027,-1.34908008575439,1.20473492145538,10.1852684020996,-0.91899818181992,0.5083920955658,9.15337371826172,"(-0.918998, 0.508392, 9.153374)",truck body CS,2.27864575386047,0.1,-1.34908008575439,1.20473492145538,10.1852684020996,-0.00102246595769,-179.533434786753,-0.00001025744986
2060,left road,2060,-0.50499999523163,0.0,8.39999961853027,-0.44999998807907,0.0,1.45000004768372,-0.50499999523163,0.0,8.39999961853027,-1.34908008575439,1.20473492145538,10.1852684020996,-0.90201365947723,0.56664794683456,9.23970127105713,"(-0.902014, 0.566648, 9.239701)",truck body CS,2.31323194503784,0.1,-1.34908008575439,1.20473492145538,10.1852684020996,-0.00102246595769,-179.533434786753,-0.00001025744986
2061,left road,2061,-0.40500000119209,0.0,8.39999961853027,-0.34999999403954,0.0,1.45000004768372,-0.40500000119209,0.0,8.39999961853027,-1.34908008575439,1.20473492145538,10.1852684020996,-0.85159236192703,0.5698938369751,9.24451160430908,"(-0.851592, 0.569894, 9.244512)",truck body CS,2.35156512260437,0.1,-1.34908008575439,1.20473492145538,10.1852684020996,-0.00102246595769,-179.533434786753,-0.00001025744986
2062,left road,2062,-0.30500000715256,0.0,8.39999961853027,-0.25,0.0,1.45000004768372,-0.30500000715256,0.0,8.39999961853027,-1.34908008575439,1.20473492145538,10.1852684020996,-0.84912502765656,0.62785071134567,9.33039665222168,"(-0.849125, 0.627851, 9.330397)",truck body CS,2.39346480369568,0.1,-1.34908008575439,1.20473492145538,10.1852684020996,-0.00102246595769,-179.533434786753,-0.00001025744986
2063,left road,2063,-0.20500001311302,0.0,8.39999961853027,-0.15000000596046,0.0,1.45000004768372,-0.20500001311302,0.0,8.39999961853027,-1.34908008575439,1.20473492145538,10.1852684020996,-0.8458953499794,0.6748731136322,9.40007781982422,"(-0.845895, 0.674873, 9.400078)",truck body CS,2.43874764442444,0.1,-1.34908008575439,1.20473492145538,10.1852684020996,-0.00102246595769,-179.533434786753,-0.00001025744986
2064,left road,2064,-0.10500000417233,0.0,8.39999961853027,-0.05000000074506,0.0,1.45000004768372,-0.10500000417233,0.0,8.39999961853027,-1.34908008575439,1.20473492145538,10.1852684020996,-0.84290915727615,0.71457207202911,9.45890617370605,"(-0.842909, 0.714572, 9.458906)",truck body CS,2.48722863197327,0.1,-1.34908008575439,1.20473492145538,10.1852684020996,-0.00102246595769,-179.533434786753,-0.00001025744986
2065,left road,2065,-0.00499999895692,0.0,8.39999961853027,0.05000000074506,0.0,1.45000004768372,-0.00499999895692,0.0,8.39999961853027,-1.34908008575439,1.20473492145538,10.1852684020996,-0.84287589788437,0.75101053714752,9.51290416717529,"(-0.842876, 0.751011, 9.512904)",truck body CS,2.53872442245483,0.1,-1.34908008575439,1.20473492145538,10.1852684020996,-0.00102246595769,-179.533434786753,-0.00001025744986
2066,left road,2066,0.09500000625849,0.0,8.39999961853027,0.15000000596046,0.0,1.45000004768372,0.09500000625849,0.0,8.39999961853027,-1.34908008575439,1.20473492145538,10.1852684020996,-0.8433478474617,0.78282380104065,9.5600471496582,"(-0.843348, 0.782824, 9.560047)",truck body CS,2.59305572509766,0.1,-1.34908008575439,1.20473492145538,10.1852684020996,-0.00102246595769,-179.533434786753,-0.00001025744986
2067,left road,2067,0.19499999284744,0.0,8.39999961853027,0.25,0.0,1.45000004768372,0.19499999284744,0.0,8.39999961853027,-1.34908008575439,1.20473492145538,10.1852684020996,-0.84571474790573,0.81199496984482,9.60327529907227,"(-0.845715, 0.811995, 9.603275)",truck body CS,2.65004777908325,0.1,-1.34908008575439,1.20473492145538,10.1852684020996,-0.00102246595769,-179.533434786753,-0.00001025744986
2068,left road,2068,0.29499998688698,0.0,8.39999961853027,0.34999999403954,0.0,1.45000004768372,0.29499998688698,0.0,8.39999961853027,-1.34908008575439,1.20473492145538,10.1852684020996,-0.85042029619217,0.83933126926422,9.64378452301025,"(-0.85042, 0.839331, 9.643785)",truck body CS,2.70953321456909,0.1,-1.34908008575439,1.20473492145538,10.1852684020996,-0.00102246595769,-179.533434786753,-0.00001025744986
2069,left road,2069,0.39499998092651,0.0,8.39999961853027,0.44999998807907,0.0,1.45000004768372,0.39499998092651,0.0,8.39999961853027,-1.34908008575439,1.20473492145538,10.1852684020996,-0.85451358556747,0.86310976743698,9.67902088165283,"(-0.854514, 0.86311, 9.679021)",truck body CS,2.7713508605957,0.1,-1.34908008575439,1.20473492145538,10.1852684020996,-0.00102246595769,-179.533434786753,-0.00001025744986
2070,left road,2070,0.49500000476837,0.0,8.39999961853027,0.55000001192093,0.0,1.45000004768372,0.49500000476837,0.0,8.39999961853027,-1.34908008575439,1.20473492145538,10.1852684020996,-0.85819298028946,0.88403904438019,9.710036277771,"(-0.858193, 0.884039, 9.710036)",truck body CS,2.83534860610962,0.1,-1.34908008575439,1.20473492145538,10.1852684020996,-0.00102246595769,-179.533434786753,-0.00001025744986
2071,left road,2071,0.59499996900558,0.0,8.39999961853027,0.64999997615814,0.0,1.45000004768372,0.59499996900558,0.0,8.39999961853027,-1.34908008575439,1.20473492145538,10.1852684020996,-0.86245232820511,0.90317451953888,9.7383918762207,"(-0.862452, 0.903175, 9.738392)",truck body CS,2.90138220787048,0.1,-1.34908008575439,1.20473492145538,10.1852684020996,-0.00102246595769,-179.533434786753,-0.00001025744986
2072,left road,2072,0.69499999284744,0.0,8.39999961853027,0.75,0.0,1.45000004768372,0.69499999284744,0.0,8.39999961853027,-1.34908008575439,1.20473492145538,10.1852684020996,-0.86621087789536,0.92014265060425,9.76353645324707,"(-0.866211, 0.920143, 9.763536)",truck body CS,2.96931529045105,0.1,-1.34908008575439,1.20473492145538,10.1852684020996,-0.00102246595769,-179.533434786753,-0.00001025744986
2073,left road,2073,0.7950000166893,0.0,8.39999961853027,0.85000002384186,0.0,1.45000004768372,0.7950000166893,0.0,8.39999961853027,-1.34908008575439,1.20473492145538,10.1852684020996,-0.86956864595413,0.93530267477036,9.78600215911865,"(-0.869569, 0.935303, 9.786002)",truck body CS,3.03902125358582,0.1,-1.34908008575439,1.20473492145538,10.1852684020996,-0.00102246595769,-179.533434786753,-0.00001025744986
2074,left road,2074,0.89499998092651,0.0,8.39999961853027,0.94999998807907,0.0,1.45000004768372,0.89499998092651,0.0,8.39999961853027,-1.34908008575439,1.20473492145538,10.1852684020996,-0.87186527252197,0.94854199886322,9.80562114715576,"(-0.871865, 0.948542, 9.805621)",truck body CS,3.11038041114807,0.1,-1.34908008575439,1.20473492145538,10.1852684020996,-0.00102246595769,-179.533434786753,-0.00001025744986
2075,left road,2075,0.99499994516373,0.0,8.39999961853027,1.04999995231628,0.0,1.45000004768372,0.99499994516373,0.0,8.39999961853027,-1.34908008575439,1.20473492145538,10.1852684020996,-0.87246876955032,0.95978152751923,9.8222770690918,"(-0.872469, 0.959782, 9.822277)",truck body CS,3.18328166007996,0.1,-1.34908008575439,1.20473492145538,10.1852684020996,-0.00102246595769,-179.533434786753,-0.00001025744986
2076,left road,2076,1.09500002861023,0.0,8.39999961853027,1.14999997615814,0.0,1.45000004768372,1.09500002861023,0.0,8.39999961853027,-1.34908008575439,1.20473492145538,10.1852684020996,-0.87281829118729,0.96997606754303,9.83738422393799,"(-0.872818, 0.969976, 9.837384)",truck body CS,3.25762152671814,0.1,-1.34908008575439,1.20473492145538,10.1852684020996,-0.00102246595769,-179.533434786753,-0.00001025744986
2077,left road,2077,1.19500005245209,0.0,8.39999961853027,1.25,0.0,1.45000004768372,1.19500005245209,0.0,8.39999961853027,-1.34908008575439,1.20473492145538,10.1852684020996,-0.87656009197235,0.98097562789917,9.85368347167969,"(-0.87656, 0.980976, 9.853683)",truck body CS,3.33330392837524,0.1,-1.34908008575439,1.20473492145538,10.1852684020996,-0.00102246595769,-179.533434786753,-0.00001025744986
2078,left road,2078,1.29500007629395,0.0,8.39999961853027,1.35000002384186,0.0,1.45000004768372,1.29500007629395,0.0,8.39999961853027,-1.34908008575439,1.20473492145538,10.1852684020996,-0.88874763250351,0.99499142169952,9.8744535446167,"(-0.888748, 0.994991, 9.874454)",truck body CS,3.41023898124695,0.1,-1.34908008575439,1.20473492145538,10.1852684020996,-0.00102246595769,-179.533434786753,-0.00001025744986
2079,left road,2079,1.3950001001358,0.0,8.39999961853027,1.45000004768372,0.0,1.45000004768372,1.3950001001358,0.0,8.39999961853027,-1.34908008575439,1.20473492145538,10.1852684020996,-0.90371710062027,1.00920701026917,9.8955192565918,"(-0.903717, 1.009207, 9.895519)",truck body CS,3.48834419250488,0.1,-1.34908008575439,1.20473492145538,10.1852684020996,-0.00102246595769,-179.533434786753,-0.00001025744986
2080,left road,2080,1.49500000476837,0.0,8.39999961853027,1.54999995231628,0.0,1.45000004768372,1.49500000476837,0.0,8.39999961853027,-1.34908008575439,1.20473492145538,10.1852684020996,-0.91431903839111,1.02057290077209,9.91236209869385,"(-0.914319, 1.020573, 9.912362)",truck body CS,3.56754279136658,0.1,-1.34908008575439,1.20473492145538,10.1852684020996,-0.00102246595769,-179.533434786753,-0.00001025744986
2081,left road,2081,1.59500002861023,0.0,8.39999961853027,1.64999997615814,0.0,1.45000004768372,1.59500002861023,0.0,8.39999961853027,-1.34908008575439,1.20473492145538,10.1852684020996,-0.92418944835663,1.03086709976196,9.92761707305908,"(-0.924189, 1.030867, 9.927617)",truck body CS,3.64776349067688,0.1,-1.34908008575439,1.20473492145538,10.1852684020996,-0.00102246595769,-179.533434786753,-0.00001025744986
2082,left road,2082,1.69500005245209,0.0,8.39999961853027,1.75,0.0,1.45000004768372,1.69500005245209,0.0,8.39999961853027,-1.34908008575439,1.20473492145538,10.1852684020996,-0.96442675590515,1.05250310897827,9.95967864990234,"(-0.964427, 1.052503, 9.959679)",truck body CS,3.72894024848938,0.1,-1.34908008575439,1.20473492145538,10.1852684020996,-0.00102246595769,-179.533434786753,-0.00001025744986
2083,left road,2083,1.79500007629395,0.0,8.39999961853027,1.85000002384186,0.0,1.45000004768372,1.79500007629395,0.0,8.39999961853027,-1.34908008575439,1.20473492145538,10.1852684020996,-0.94108319282532,1.04840040206909,9.95359897613525,"(-0.941083, 1.0484, 9.953599)",truck body CS,3.81101179122925,0.1,-1.34908008575439,1.20473492145538,10.1852684020996,-0.00102246595769,-179.533434786753,-0.00001025744986
2084,left road,2084,1.8950001001358,0.0,8.39999961853027,1.95000004768372,0.0,1.45000004768372,1.8950001001358,0.0,8.39999961853027,-1.34908008575439,1.20473492145538,10.1852684020996,-0.93960380554199,1.05267000198364,9.95992660522461,"(-0.939604, 1.05267, 9.959927)",truck body CS,3.89392161369324,0.1,-1.34908008575439,1.20473492145538,10.1852684020996,-0.00102246595769,-179.533434786753,-0.00001025744986
2085,left road,2085,1.99500000476837,0.0,8.39999961853027,2.04999995231628,0.0,1.45000004768372,1.99500000476837,0.0,8.39999961853027,-1.34908008575439,1.20473492145538,10.1852684020996,-0.9414998292923,1.05790042877197,9.96767711639404,"(-0.9415, 1.0579, 9.967677)",truck body CS,3.97761750221252,0.1,-1.34908008575439,1.20473492145538,10.1852684020996,-0.00102246595769,-179.533434786753,-0.00001025744986
2086,left road,2086,2.09500002861023,0.0,8.39999961853027,2.15000009536743,0.0,1.45000004768372,2.09500002861023,0.0,8.39999961853027,-1.34908008575439,1.20473492145538,10.1852684020996,-0.94326943159103,1.06278276443481,9.9749116897583,"(-0.943269, 1.062783, 9.974912)",truck body CS,4.06205129623413,0.1,-1.34908008575439,1.20473492145538,10.1852684020996,-0.00102246595769,-179.533434786753,-0.00001025744986
2087,left road,2087,2.1949999332428,0.0,8.39999961853027,2.25,0.0,1.45000004768372,2.1949999332428,0.0,8.39999961853027,-1.34908008575439,1.20473492145538,10.1852684020996,-0.94496887922287,1.06736576557159,9.98170375823975,"(-0.944969, 1.067366, 9.981704)",truck body CS,4.14717674255371,0.1,-1.34908008575439,1.20473492145538,10.1852684020996,-0.00102246595769,-179.533434786753,-0.00001025744986
2088,left road,2088,2.29499983787537,0.0,8.39999961853027,2.34999990463257,0.0,1.45000004768372,2.29499983787537,0.0,8.39999961853027,-1.34908008575439,1.20473492145538,10.1852684020996,-0.9466108083725,1.07167828083038,9.98809432983398,"(-0.946611, 1.071678, 9.988094)",truck body CS,4.23295307159424,0.1,-1.34908008575439,1.20473492145538,10.1852684020996,-0.00102246595769,-179.533434786753,-0.00001025744986
2089,left road,2089,2.39499998092651,0.0,8.39999961853027,2.45000004768372,0.0,1.45000004768372,2.39499998092651,0.0,8.39999961853027,-1.34908008575439,1.20473492145538,10.1852684020996,-1.29927253723145,1.18870830535889,10.1615190505981,"(-1.299273, 1.188708, 10.16152)",EyeArea,4.31934070587158,0.1,-1.34908008575439,1.20473492145538,10.1852684020996,-0.00102246595769,-179.533434786753,-0.00001025744986
2090,left road,2090,2.49499988555908,0.0,8.39999961853027,2.54999995231628,0.0,1.45000004768372,2.49499988555908,0.0,8.39999961853027,-1.34908008575439,1.20473492145538,10.1852684020996,-1.29926753044128,1.18912351131439,10.1621341705322,"(-1.299268, 1.189124, 10.16213)",EyeArea,4.40630483627319,0.1,-1.34908008575439,1.20473492145538,10.1852684020996,-0.00102246595769,-179.533434786753,-0.00001025744986
2091,left road,2091,2.59500002861023,0.0,8.39999961853027,2.65000009536743,0.0,1.45000004768372,2.59500002861023,0.0,8.39999961853027,-1.34908008575439,1.20473492145538,10.1852684020996,-1.2992627620697,1.18951797485352,10.1627187728882,"(-1.299263, 1.189518, 10.16272)",EyeArea,4.49381113052368,0.1,-1.34908008575439,1.20473492145538,10.1852684020996,-0.00102246595769,-179.533434786753,-0.00001025744986
2092,left road,2092,2.6949999332428,0.0,8.39999961853027,2.75,0.0,1.45000004768372,2.6949999332428,0.0,8.39999961853027,-1.34908008575439,1.20473492145538,10.1852684020996,-1.29925799369812,1.18989288806915,10.1632747650146,"(-1.299258, 1.189893, 10.16327)",EyeArea,4.58182859420776,0.1,-1.34908008575439,1.20473492145538,10.1852684020996,-0.00102246595769,-179.533434786753,-0.00001025744986
2093,left road,2093,2.79499983787537,0.0,8.39999961853027,2.84999990463257,0.0,1.45000004768372,2.79499983787537,0.0,8.39999961853027,-1.34908008575439,1.20473492145538,10.1852684020996,-1.2992537021637,1.19024956226349,10.1638031005859,"(-1.299254, 1.19025, 10.1638)",EyeArea,4.67032909393311,0.1,-1.34908008575439,1.20473492145538,10.1852684020996,-0.00102246595769,-179.533434786753,-0.00001025744986
2094,left road,2094,2.89499998092651,0.0,8.39999961853027,2.95000004768372,0.0,1.45000004768372,2.89499998092651,0.0,8.39999961853027,-1.34908008575439,1.20473492145538,10.1852684020996,-1.29924952983856,1.19058990478516,10.1643075942993,"(-1.29925, 1.19059, 10.16431)",EyeArea,4.75928401947021,0.1,-1.34908008575439,1.20473492145538,10.1852684020996,-0.00102246595769,-179.533434786753,-0.00001025744986
2095,left road,2095,2.99499988555908,0.0,8.39999961853027,3.04999995231628,0.0,1.45000004768372,2.99499988555908,0.0,8.39999961853027,-1.34908008575439,1.20473492145538,10.1852684020996,-1.29924559593201,1.19091439247131,10.1647882461548,"(-1.299246, 1.190914, 10.16479)",EyeArea,4.84867000579834,0.1,-1.34908008575439,1.20473492145538,10.1852684020996,-0.00102246595769,-179.533434786753,-0.00001025744986
2096,left road,2096,3.09500002861023,0.0,8.39999961853027,3.15000009536743,0.0,1.45000004768372,3.09500002861023,0.0,8.39999961853027,-1.34908008575439,1.20473492145538,10.1852684020996,-1.29924190044403,1.19122445583344,10.1652479171753,"(-1.299242, 1.191224, 10.16525)",EyeArea,4.93846321105957,0.1,-1.34908008575439,1.20473492145538,10.1852684020996,-0.00102246595769,-179.533434786753,-0.00001025744986
2097,left road,2097,3.1949999332428,0.0,8.39999961853027,3.25,0.0,1.45000004768372,3.1949999332428,0.0,8.39999961853027,-1.34908008575439,1.20473492145538,10.1852684020996,-1.29923832416534,1.19152092933655,10.1656866073608,"(-1.299238, 1.191521, 10.16569)",EyeArea,5.02864122390747,0.1,-1.34908008575439,1.20473492145538,10.1852684020996,-0.00102246595769,-179.533434786753,-0.00001025744986
2098,left road,2098,3.29499983787537,0.0,8.39999961853027,3.34999990463257,0.0,1.45000004768372,3.29499983787537,0.0,8.39999961853027,-1.34908008575439,1.20473492145538,10.1852684020996,-1.29923486709595,1.1918044090271,10.1661071777344,"(-1.299235, 1.191804, 10.16611)",EyeArea,5.11918449401855,0.1,-1.34908008575439,1.20473492145538,10.1852684020996,-0.00102246595769,-179.533434786753,-0.00001025744986
2099,left road,2099,3.39499998092651,0.0,8.39999961853027,3.45000004768372,0.0,1.45000004768372,3.39499998092651,0.0,8.39999961853027,-1.34908008575439,1.20473492145538,10.1852684020996,-1.29923164844513,1.19207620620728,10.1665096282959,"(-1.299232, 1.192076, 10.16651)",EyeArea,5.21007347106934,0.1,-1.34908008575439,1.20473492145538,10.1852684020996,-0.00102246595769,-179.533434786753,-0.00001025744986
