ray_id,ray_name,voxel_id,voxel_center_global_x,voxel_center_global_y,voxel_center_global_z,voxel_center_local_x,voxel_center_local_y,voxel_center_local_z,ray_origin_point,ray_origin_point,ray_origin_point,ray_target_position,ray_target_position,ray_target_position,x_collision_point,y_collision_point,z_collision_point,collision_point_global,collider_name,ray_length,voxwl_size,eye_global_position_x,eye_global_position_y,eye_global_position_z,eye_global_rotation_deg_x,eye_global_rotation_deg_y,eye_global_rotation_deg_z
0,left road,0,-3.50500011444092,0.0,5.5,-3.45000004768372,0.0,-1.45000004768372,-3.50500011444092,0.0,5.5,5.87973546981812,1.20477902889252,-1.33747363090515,5.82998991012573,1.19839298725128,-1.30123090744019,"(5.82999, 1.198393, -1.301231)",EyeArea,11.6737222671509,0.1,5.87973546981812,1.20477902889252,-1.33747363090515,-0.00001581455571,90.4039194014252,0.00000323543732
1,left road,1,-3.40499997138977,0.0,5.5,-3.34999990463257,0.0,-1.45000004768372,-3.40499997138977,0.0,5.5,5.87973546981812,1.20477902889252,-1.33747363090515,5.82999277114868,1.1983243227005,-1.30084180831909,"(5.829993, 1.198324, -1.300842)",EyeArea,11.5934839248657,0.1,5.87973546981812,1.20477902889252,-1.33747363090515,-0.00001581455571,90.4039194014252,0.00000323543732
2,left road,2,-3.3050000667572,0.0,5.5,-3.25,0.0,-1.45000004768372,-3.3050000667572,0.0,5.5,5.87973546981812,1.20477902889252,-1.33747363090515,5.82999563217163,1.1982547044754,-1.30044651031494,"(5.829996, 1.198255, -1.300447)",EyeArea,11.5135526657104,0.1,5.87973546981812,1.20477902889252,-1.33747363090515,-0.00001581455571,90.4039194014252,0.00000323543732
3,left road,3,-3.20500016212463,0.0,5.5,-3.15000009536743,0.0,-1.45000004768372,-3.20500016212463,0.0,5.5,5.87973546981812,1.20477902889252,-1.33747363090515,5.82999849319458,1.19818305969238,-1.30003929138184,"(5.829998, 1.198183, -1.300039)",EyeArea,11.4339389801025,0.1,5.87973546981812,1.20477902889252,-1.33747363090515,-0.00001581455571,90.4039194014252,0.00000323543732
4,left road,4,-3.10500001907349,0.0,5.5,-3.04999995231628,0.0,-1.45000004768372,-3.10500001907349,0.0,5.5,5.87973546981812,1.20477902889252,-1.33747363090515,5.83000135421753,1.19811010360718,-1.29962599277496,"(5.830001, 1.19811, -1.299626)",EyeArea,11.3546466827393,0.1,5.87973546981812,1.20477902889252,-1.33747363090515,-0.00001581455571,90.4039194014252,0.00000323543732
5,left road,5,-3.00500011444092,0.0,5.5,-2.95000004768372,0.0,-1.45000004768372,-3.00500011444092,0.0,5.5,5.87973546981812,1.20477902889252,-1.33747363090515,5.83000421524048,1.19803559780121,-1.29920303821564,"(5.830004, 1.198036, -1.299203)",EyeArea,11.2756843566895,0.1,5.87973546981812,1.20477902889252,-1.33747363090515,-0.00001581455571,90.4039194014252,0.00000323543732
6,left road,6,-2.90499997138977,0.0,5.5,-2.84999990463257,0.0,-1.45000004768372,-2.90499997138977,0.0,5.5,5.87973546981812,1.20477902889252,-1.33747363090515,5.83000755310059,1.19795918464661,-1.29876911640167,"(5.830008, 1.197959, -1.298769)",EyeArea,11.1970586776733,0.1,5.87973546981812,1.20477902889252,-1.33747363090515,-0.00001581455571,90.4039194014252,0.00000323543732
7,left road,7,-2.8050000667572,0.0,5.5,-2.75,0.0,-1.45000004768372,-2.8050000667572,0.0,5.5,5.87973546981812,1.20477902889252,-1.33747363090515,5.83001041412354,1.19788098335266,-1.29832518100739,"(5.83001, 1.197881, -1.298325)",EyeArea,11.1187753677368,0.1,5.87973546981812,1.20477902889252,-1.33747363090515,-0.00001581455571,90.4039194014252,0.00000323543732
8,left road,8,-2.70500016212463,0.0,5.5,-2.65000009536743,0.0,-1.45000004768372,-2.70500016212463,0.0,5.5,5.87973546981812,1.20477902889252,-1.33747363090515,5.83001375198364,1.19780111312866,-1.29787218570709,"(5.830014, 1.197801, -1.297872)",EyeArea,11.040843963623,0.1,5.87973546981812,1.20477902889252,-1.33747363090515,-0.00001581455571,90.4039194014252,0.00000323543732
9,left road,9,-2.60500001907349,0.0,5.5,-2.54999995231628,0.0,-1.45000004768372,-2.60500001907349,0.0,5.5,5.87973546981812,1.20477902889252,-1.33747363090515,5.83001708984375,1.19771933555603,-1.29740822315216,"(5.830017, 1.197719, -1.297408)",EyeArea,10.9632701873779,0.1,5.87973546981812,1.20477902889252,-1.33747363090515,-0.00001581455571,90.4039194014252,0.00000323543732
10,left road,10,-2.50500011444092,0.0,5.5,-2.45000004768372,0.0,-1.45000004768372,-2.50500011444092,0.0,5.5,5.87973546981812,1.20477902889252,-1.33747363090515,5.83002042770386,1.19763565063477,-1.29693329334259,"(5.83002, 1.197636, -1.296933)",EyeArea,10.8860607147217,0.1,5.87973546981812,1.20477902889252,-1.33747363090515,-0.00001581455571,90.4039194014252,0.00000323543732
11,left road,11,-2.40499997138977,0.0,5.5,-2.34999990463257,0.0,-1.45000004768372,-2.40499997138977,0.0,5.5,5.87973546981812,1.20477902889252,-1.33747363090515,5.3009238243103,1.12060725688934,-0.85977399349213,"(5.300924, 1.120607, -0.859774)",truck body CS,10.8092269897461,0.1,5.87973546981812,1.20477902889252,-1.33747363090515,-0.00001581455571,90.4039194014252,0.00000323543732
12,left road,12,-2.3050000667572,0.0,5.5,-2.25,0.0,-1.45000004768372,-2.3050000667572,0.0,5.5,5.87973546981812,1.20477902889252,-1.33747363090515,5.29265069961548,1.11836123466492,-0.84702759981155,"(5.292651, 1.118361, -0.847028)",truck body CS,10.7327737808228,0.1,5.87973546981812,1.20477902889252,-1.33747363090515,-0.00001581455571,90.4039194014252,0.00000323543732
13,left road,13,-2.20500016212463,0.0,5.5,-2.15000009536743,0.0,-1.45000004768372,-2.20500016212463,0.0,5.5,5.87973546981812,1.20477902889252,-1.33747363090515,5.29410076141357,1.11750829219818,-0.84218692779541,"(5.294101, 1.117508, -0.842187)",truck body CS,10.6567106246948,0.1,5.87973546981812,1.20477902889252,-1.33747363090515,-0.00001581455571,90.4039194014252,0.00000323543732
14,left road,14,-2.10500001907349,0.0,5.5,-2.04999995231628,0.0,-1.45000004768372,-2.10500001907349,0.0,5.5,5.87973546981812,1.20477902889252,-1.33747363090515,5.29558372497559,1.11663901805878,-0.83725374937057,"(5.295584, 1.116639, -0.837254)",truck body CS,10.5810461044312,0.1,5.87973546981812,1.20477902889252,-1.33747363090515,-0.00001581455571,90.4039194014252,0.00000323543732
15,left road,15,-2.00500011444092,0.0,5.5,-1.95000004768372,0.0,-1.45000004768372,-2.00500011444092,0.0,5.5,5.87973546981812,1.20477902889252,-1.33747363090515,5.29709482192993,1.11575210094452,-0.83222001791,"(5.297095, 1.115752, -0.83222)",truck body CS,10.5057888031006,0.1,5.87973546981812,1.20477902889252,-1.33747363090515,-0.00001581455571,90.4039194014252,0.00000323543732
16,left road,16,-1.90499997138977,0.0,5.5,-1.85000002384186,0.0,-1.45000004768372,-1.90499997138977,0.0,5.5,5.87973546981812,1.20477902889252,-1.33747363090515,5.29863548278809,1.11484694480896,-0.82708275318146,"(5.298635, 1.114847, -0.827083)",truck body CS,10.4309463500977,0.1,5.87973546981812,1.20477902889252,-1.33747363090515,-0.00001581455571,90.4039194014252,0.00000323543732
17,left road,17,-1.80499994754791,0.0,5.5,-1.75,0.0,-1.45000004768372,-1.80499994754791,0.0,5.5,5.87973546981812,1.20477902889252,-1.33747363090515,5.300208568573,1.11392331123352,-0.82184082269669,"(5.300209, 1.113923, -0.821841)",truck body CS,10.3565292358398,0.1,5.87973546981812,1.20477902889252,-1.33747363090515,-0.00001581455571,90.4039194014252,0.00000323543732
18,left road,18,-1.70499992370605,0.0,5.5,-1.64999997615814,0.0,-1.45000004768372,-1.70499992370605,0.0,5.5,5.87973546981812,1.20477902889252,-1.33747363090515,5.30181407928467,1.11298036575317,-0.81648975610733,"(5.301814, 1.11298, -0.81649)",truck body CS,10.282546043396,0.1,5.87973546981812,1.20477902889252,-1.33747363090515,-0.00001581455571,90.4039194014252,0.00000323543732
19,left road,19,-1.6049998998642,0.0,5.5,-1.54999995231628,0.0,-1.45000004768372,-1.6049998998642,0.0,5.5,5.87973546981812,1.20477902889252,-1.33747363090515,5.30345249176025,1.11201763153076,-0.81102609634399,"(5.303452, 1.112018, -0.811026)",truck body CS,10.2090063095093,0.1,5.87973546981812,1.20477902889252,-1.33747363090515,-0.00001581455571,90.4039194014252,0.00000323543732
20,left road,20,-1.50499999523163,0.0,5.5,-1.45000004768372,0.0,-1.45000004768372,-1.50499999523163,0.0,5.5,5.87973546981812,1.20477902889252,-1.33747363090515,5.30512619018555,1.11103463172913,-0.8054466843605,"(5.305126, 1.111035, -0.805447)",truck body CS,10.1359195709229,0.1,5.87973546981812,1.20477902889252,-1.33747363090515,-0.00001581455571,90.4039194014252,0.00000323543732
21,left road,21,-1.40499997138977,0.0,5.5,-1.35000002384186,0.0,-1.45000004768372,-1.40499997138977,0.0,5.5,5.87973546981812,1.20477902889252,-1.33747363090515,5.30684089660645,1.11003136634827,-0.79975283145905,"(5.306841, 1.110031, -0.799753)",truck body CS,10.0632953643799,0.1,5.87973546981812,1.20477902889252,-1.33747363090515,-0.00001581455571,90.4039194014252,0.00000323543732
22,left road,22,-1.30499994754791,0.0,5.5,-1.25,0.0,-1.45000004768372,-1.30499994754791,0.0,5.5,5.87973546981812,1.20477902889252,-1.33747363090515,5.3085994720459,1.10900747776031,-0.79394209384918,"(5.308599, 1.109007, -0.793942)",truck body CS,9.99114418029785,0.1,5.87973546981812,1.20477902889252,-1.33747363090515,-0.00001581455571,90.4039194014252,0.00000323543732
23,left road,23,-1.20499992370605,0.0,5.5,-1.14999997615814,0.0,-1.45000004768372,-1.20499992370605,0.0,5.5,5.87973546981812,1.20477902889252,-1.33747363090515,5.31039667129517,1.10796141624451,-0.78800529241562,"(5.310397, 1.107961, -0.788005)",truck body CS,9.91947650909424,0.1,5.87973546981812,1.20477902889252,-1.33747363090515,-0.00001581455571,90.4039194014252,0.00000323543732
24,left road,24,-1.1049998998642,0.0,5.5,-1.04999995231628,0.0,-1.45000004768372,-1.1049998998642,0.0,5.5,5.87973546981812,1.20477902889252,-1.33747363090515,5.31223487854004,1.10689222812653,-0.78193819522858,"(5.312235, 1.106892, -0.781938)",truck body CS,9.84830284118652,0.1,5.87973546981812,1.20477902889252,-1.33747363090515,-0.00001581455571,90.4039194014252,0.00000323543732
25,left road,25,-1.00499999523163,0.0,5.5,-0.94999998807907,0.0,-1.45000004768372,-1.00499999523163,0.0,5.5,5.87973546981812,1.20477902889252,-1.33747363090515,5.31411170959473,1.10579872131348,-0.77573215961456,"(5.314112, 1.105799, -0.775732)",truck body CS,9.77763366699219,0.1,5.87973546981812,1.20477902889252,-1.33747363090515,-0.00001581455571,90.4039194014252,0.00000323543732
26,left road,26,-0.90500003099442,0.0,5.5,-0.85000002384186,0.0,-1.45000004768372,-0.90500003099442,0.0,5.5,5.87973546981812,1.20477902889252,-1.33747363090515,5.31603193283081,1.10468101501465,-0.76938796043396,"(5.316032, 1.104681, -0.769388)",truck body CS,9.70748043060303,0.1,5.87973546981812,1.20477902889252,-1.33747363090515,-0.00001581455571,90.4039194014252,0.00000323543732
27,left road,27,-0.80500000715256,0.0,5.5,-0.75,0.0,-1.45000004768372,-0.80500000715256,0.0,5.5,5.87973546981812,1.20477902889252,-1.33747363090515,5.3193826675415,1.10378754138947,-0.76431715488434,"(5.319383, 1.103788, -0.764317)",truck body CS,9.63785362243652,0.1,5.87973546981812,1.20477902889252,-1.33747363090515,-0.00001581455571,90.4039194014252,0.00000323543732
28,left road,28,-0.7049999833107,0.0,5.5,-0.64999997615814,0.0,-1.45000004768372,-0.7049999833107,0.0,5.5,5.87973546981812,1.20477902889252,-1.33747363090515,5.32318592071533,1.10294961929321,-0.75956147909164,"(5.323186, 1.10295, -0.759561)",truck body CS,9.56876564025879,0.1,5.87973546981812,1.20477902889252,-1.33747363090515,-0.00001581455571,90.4039194014252,0.00000323543732
29,left road,29,-0.60500001907349,0.0,5.5,-0.55000001192093,0.0,-1.45000004768372,-0.60500001907349,0.0,5.5,5.87973546981812,1.20477902889252,-1.33747363090515,5.32705211639404,1.1020975112915,-0.75472682714462,"(5.327052, 1.102098, -0.754727)",truck body CS,9.50022792816162,0.1,5.87973546981812,1.20477902889252,-1.33747363090515,-0.00001581455571,90.4039194014252,0.00000323543732
30,left road,30,-0.50499999523163,0.0,5.5,-0.44999998807907,0.0,-1.45000004768372,-0.50499999523163,0.0,5.5,5.87973546981812,1.20477902889252,-1.33747363090515,5.33139085769653,1.1013081073761,-0.7502458691597,"(5.331391, 1.101308, -0.750246)",truck body CS,9.43225288391113,0.1,5.87973546981812,1.20477902889252,-1.33747363090515,-0.00001581455571,90.4039194014252,0.00000323543732
31,left road,31,-0.40500000119209,0.0,5.5,-0.34999999403954,0.0,-1.45000004768372,-0.40500000119209,0.0,5.5,5.87973546981812,1.20477902889252,-1.33747363090515,5.33580303192139,1.10050749778748,-0.74570196866989,"(5.335803, 1.100507, -0.745702)",truck body CS,9.3648509979248,0.1,5.87973546981812,1.20477902889252,-1.33747363090515,-0.00001581455571,90.4039194014252,0.00000323543732
32,left road,32,-0.30500000715256,0.0,5.5,-0.25,0.0,-1.45000004768372,-0.30500000715256,0.0,5.5,5.87973546981812,1.20477902889252,-1.33747363090515,5.34027719497681,1.09969317913055,-0.74108040332794,"(5.340277, 1.099693, -0.74108)",truck body CS,9.29803657531738,0.1,5.87973546981812,1.20477902889252,-1.33747363090515,-0.00001581455571,90.4039194014252,0.00000323543732
33,left road,33,-0.20500001311302,0.0,5.5,-0.15000000596046,0.0,-1.45000004768372,-0.20500001311302,0.0,5.5,5.87973546981812,1.20477902889252,-1.33747363090515,5.34481334686279,1.09886419773102,-0.73637622594833,"(5.344813, 1.098864, -0.736376)",truck body CS,9.2318229675293,0.1,5.87973546981812,1.20477902889252,-1.33747363090515,-0.00001581455571,90.4039194014252,0.00000323543732
34,left road,34,-0.10500000417233,0.0,5.5,-0.05000000074506,0.0,-1.45000004768372,-0.10500000417233,0.0,5.5,5.87973546981812,1.20477902889252,-1.33747363090515,5.34942245483398,1.09802234172821,-0.7315981388092,"(5.349422, 1.098022, -0.731598)",truck body CS,9.16622066497803,0.1,5.87973546981812,1.20477902889252,-1.33747363090515,-0.00001581455571,90.4039194014252,0.00000323543732
35,left road,35,-0.00499999895692,0.0,5.5,0.05000000074506,0.0,-1.45000004768372,-0.00499999895692,0.0,5.5,5.87973546981812,1.20477902889252,-1.33747363090515,5.35410356521606,1.09716665744781,-0.72674179077148,"(5.354104, 1.097167, -0.726742)",truck body CS,9.10124492645264,0.1,5.87973546981812,1.20477902889252,-1.33747363090515,-0.00001581455571,90.4039194014252,0.00000323543732
36,left road,36,0.09500000625849,0.0,5.5,0.15000000596046,0.0,-1.45000004768372,0.09500000625849,0.0,5.5,5.87973546981812,1.20477902889252,-1.33747363090515,5.35886287689209,1.09629762172699,-0.7218097448349,"(5.358863, 1.096298, -0.72181)",truck body CS,9.03690814971924,0.1,5.87973546981812,1.20477902889252,-1.33747363090515,-0.00001581455571,90.4039194014252,0.00000323543732
37,left road,37,0.19499999284744,0.0,5.5,0.25,0.0,-1.45000004768372,0.19499999284744,0.0,5.5,5.87973546981812,1.20477902889252,-1.33747363090515,5.36369848251343,1.09541416168213,-0.71679592132568,"(5.363698, 1.095414, -0.716796)",truck body CS,8.97322463989258,0.1,5.87973546981812,1.20477902889252,-1.33747363090515,-0.00001581455571,90.4039194014252,0.00000323543732
38,left road,38,0.29499998688698,0.0,5.5,0.34999999403954,0.0,-1.45000004768372,0.29499998688698,0.0,5.5,5.87973546981812,1.20477902889252,-1.33747363090515,5.36864614486694,1.09452319145203,-0.71173942089081,"(5.368646, 1.094523, -0.711739)",truck body CS,8.9102087020874,0.1,5.87973546981812,1.20477902889252,-1.33747363090515,-0.00001581455571,90.4039194014252,0.00000323543732
39,left road,39,0.39499998092651,0.0,5.5,0.44999998807907,0.0,-1.45000004768372,0.39499998092651,0.0,5.5,5.87973546981812,1.20477902889252,-1.33747363090515,5.37376832962036,1.0936381816864,-0.70671594142914,"(5.373768, 1.093638, -0.706716)",truck body CS,8.84787368774414,0.1,5.87973546981812,1.20477902889252,-1.33747363090515,-0.00001581455571,90.4039194014252,0.00000323543732
40,left road,40,0.49500000476837,0.0,5.5,0.55000001192093,0.0,-1.45000004768372,0.49500000476837,0.0,5.5,5.87973546981812,1.20477902889252,-1.33747363090515,5.37897396087646,1.09273886680603,-0.70161247253418,"(5.378974, 1.092739, -0.701612)",truck body CS,8.78623485565186,0.1,5.87973546981812,1.20477902889252,-1.33747363090515,-0.00001581455571,90.4039194014252,0.00000323543732
41,left road,41,0.59499996900558,0.0,5.5,0.64999997615814,0.0,-1.45000004768372,0.59499996900558,0.0,5.5,5.87973546981812,1.20477902889252,-1.33747363090515,5.38471651077271,1.09192776679993,-0.69701015949249,"(5.384717, 1.091928, -0.69701)",truck body CS,8.72530651092529,0.1,5.87973546981812,1.20477902889252,-1.33747363090515,-0.00001581455571,90.4039194014252,0.00000323543732
42,left road,42,0.69499999284744,0.0,5.5,0.75,0.0,-1.45000004768372,0.69499999284744,0.0,5.5,5.87973546981812,1.20477902889252,-1.33747363090515,5.39056873321533,1.0911111831665,-0.69237518310547,"(5.390569, 1.091111, -0.692375)",truck body CS,8.66510391235352,0.1,5.87973546981812,1.20477902889252,-1.33747363090515,-0.00001581455571,90.4039194014252,0.00000323543732
43,left road,43,0.7950000166893,0.0,5.5,0.85000002384186,0.0,-1.45000004768372,0.7950000166893,0.0,5.5,5.87973546981812,1.20477902889252,-1.33747363090515,5.39650726318359,1.09028267860413,-0.68767297267914,"(5.396507, 1.090283, -0.687673)",truck body CS,8.60564231872559,0.1,5.87973546981812,1.20477902889252,-1.33747363090515,-0.00001581455571,90.4039194014252,0.00000323543732
44,left road,44,0.89499998092651,0.0,5.5,0.94999998807907,0.0,-1.45000004768372,0.89499998092651,0.0,5.5,5.87973546981812,1.20477902889252,-1.33747363090515,5.4070291519165,1.09052896499634,-0.6890709400177,"(5.407029, 1.090529, -0.689071)",truck body CS,8.54693698883057,0.1,5.87973546981812,1.20477902889252,-1.33747363090515,-0.00001581455571,90.4039194014252,0.00000323543732
45,left road,45,0.99499994516373,0.0,5.5,1.04999995231628,0.0,-1.45000004768372,0.99499994516373,0.0,5.5,5.87973546981812,1.20477902889252,-1.33747363090515,5.41805362701416,1.09090900421143,-0.69122791290283,"(5.418054, 1.090909, -0.691228)",truck body CS,8.48900413513184,0.1,5.87973546981812,1.20477902889252,-1.33747363090515,-0.00001581455571,90.4039194014252,0.00000323543732
46,left road,46,1.09500002861023,0.0,5.5,1.14999997615814,0.0,-1.45000004768372,1.09500002861023,0.0,5.5,5.87973546981812,1.20477902889252,-1.33747363090515,5.42880296707153,1.09123575687408,-0.69308221340179,"(5.428803, 1.091236, -0.693082)",truck body CS,8.43185806274414,0.1,5.87973546981812,1.20477902889252,-1.33747363090515,-0.00001581455571,90.4039194014252,0.00000323543732
47,left road,47,1.19500005245209,0.0,5.5,1.25,0.0,-1.45000004768372,1.19500005245209,0.0,5.5,5.87973546981812,1.20477902889252,-1.33747363090515,5.43936061859131,1.09152722358704,-0.69473624229431,"(5.439361, 1.091527, -0.694736)",truck body CS,8.37551689147949,0.1,5.87973546981812,1.20477902889252,-1.33747363090515,-0.00001581455571,90.4039194014252,0.00000323543732
48,left road,48,1.29500007629395,0.0,5.5,1.35000002384186,0.0,-1.45000004768372,1.29500007629395,0.0,5.5,5.87973546981812,1.20477902889252,-1.33747363090515,5.45283269882202,1.09259724617004,-0.70080935955048,"(5.452833, 1.092597, -0.700809)",truck body CS,8.31999588012695,0.1,5.87973546981812,1.20477902889252,-1.33747363090515,-0.00001581455571,90.4039194014252,0.00000323543732
49,left road,49,1.3950001001358,0.0,5.5,1.45000004768372,0.0,-1.45000004768372,1.3950001001358,0.0,5.5,5.87973546981812,1.20477902889252,-1.33747363090515,5.84678745269775,1.19592785835266,-1.28724050521851,"(5.846787, 1.195928, -1.287241)",EyeArea,8.26531219482422,0.1,5.87973546981812,1.20477902889252,-1.33747363090515,-0.00001581455571,90.4039194014252,0.00000323543732
50,left road,50,1.49500000476837,0.0,5.5,1.54999995231628,0.0,-1.45000004768372,1.49500000476837,0.0,5.5,5.87973546981812,1.20477902889252,-1.33747363090515,5.84752511978149,1.19592869281769,-1.28724575042725,"(5.847525, 1.195929, -1.287246)",EyeArea,8.21148300170898,0.1,5.87973546981812,1.20477902889252,-1.33747363090515,-0.00001581455571,90.4039194014252,0.00000323543732
51,left road,51,1.59500002861023,0.0,5.5,1.64999997615814,0.0,-1.45000004768372,1.59500002861023,0.0,5.5,5.87973546981812,1.20477902889252,-1.33747363090515,5.84826374053955,1.195929646492,-1.2872508764267,"(5.848264, 1.19593, -1.287251)",EyeArea,8.15852355957031,0.1,5.87973546981812,1.20477902889252,-1.33747363090515,-0.00001581455571,90.4039194014252,0.00000323543732
52,left road,52,1.69500005245209,0.0,5.5,1.75,0.0,-1.45000004768372,1.69500005245209,0.0,5.5,5.87973546981812,1.20477902889252,-1.33747363090515,5.84900093078613,1.19593060016632,-1.28725612163544,"(5.849001, 1.195931, -1.287256)",EyeArea,8.1064510345459,0.1,5.87973546981812,1.20477902889252,-1.33747363090515,-0.00001581455571,90.4039194014252,0.00000323543732
53,left road,53,1.79500007629395,0.0,5.5,1.85000002384186,0.0,-1.45000004768372,1.79500007629395,0.0,5.5,5.87973546981812,1.20477902889252,-1.33747363090515,5.84973859786987,1.19593143463135,-1.28726124763489,"(5.849739, 1.195931, -1.287261)",EyeArea,8.05528450012207,0.1,5.87973546981812,1.20477902889252,-1.33747363090515,-0.00001581455571,90.4039194014252,0.00000323543732
54,left road,54,1.8950001001358,0.0,5.5,1.95000004768372,0.0,-1.45000004768372,1.8950001001358,0.0,5.5,5.87973546981812,1.20477902889252,-1.33747363090515,5.85047578811646,1.19593238830566,-1.28726649284363,"(5.850476, 1.195932, -1.287266)",EyeArea,8.00503921508789,0.1,5.87973546981812,1.20477902889252,-1.33747363090515,-0.00001581455571,90.4039194014252,0.00000323543732
55,left road,55,1.99500000476837,0.0,5.5,2.04999995231628,0.0,-1.45000004768372,1.99500000476837,0.0,5.5,5.87973546981812,1.20477902889252,-1.33747363090515,5.85121297836304,1.19593334197998,-1.28727173805237,"(5.851213, 1.195933, -1.287272)",EyeArea,7.95573472976685,0.1,5.87973546981812,1.20477902889252,-1.33747363090515,-0.00001581455571,90.4039194014252,0.00000323543732
56,left road,56,2.09500002861023,0.0,5.5,2.15000009536743,0.0,-1.45000004768372,2.09500002861023,0.0,5.5,5.87973546981812,1.20477902889252,-1.33747363090515,5.85194969177246,1.19593417644501,-1.28727686405182,"(5.85195, 1.195934, -1.287277)",EyeArea,7.90738677978516,0.1,5.87973546981812,1.20477902889252,-1.33747363090515,-0.00001581455571,90.4039194014252,0.00000323543732
57,left road,57,2.1949999332428,0.0,5.5,2.25,0.0,-1.45000004768372,2.1949999332428,0.0,5.5,5.87973546981812,1.20477902889252,-1.33747363090515,5.85268688201904,1.19593513011932,-1.28728210926056,"(5.852687, 1.195935, -1.287282)",EyeArea,7.86001348495483,0.1,5.87973546981812,1.20477902889252,-1.33747363090515,-0.00001581455571,90.4039194014252,0.00000323543732
58,left road,58,2.29499983787537,0.0,5.5,2.34999990463257,0.0,-1.45000004768372,2.29499983787537,0.0,5.5,5.87973546981812,1.20477902889252,-1.33747363090515,5.85342407226563,1.19593608379364,-1.28728723526001,"(5.853424, 1.195936, -1.287287)",EyeArea,7.81363391876221,0.1,5.87973546981812,1.20477902889252,-1.33747363090515,-0.00001581455571,90.4039194014252,0.00000323543732
59,left road,59,2.39499998092651,0.0,5.5,2.45000004768372,0.0,-1.45000004768372,2.39499998092651,0.0,5.5,5.87973546981812,1.20477902889252,-1.33747363090515,5.85416030883789,1.19593691825867,-1.28729248046875,"(5.85416, 1.195937, -1.287292)",EyeArea,7.7682638168335,0.1,5.87973546981812,1.20477902889252,-1.33747363090515,-0.00001581455571,90.4039194014252,0.00000323543732
60,left road,60,2.49499988555908,0.0,5.5,2.54999995231628,0.0,-1.45000004768372,2.49499988555908,0.0,5.5,5.87973546981812,1.20477902889252,-1.33747363090515,5.85489654541016,1.19593775272369,-1.2872976064682,"(5.854897, 1.195938, -1.287298)",EyeArea,7.72392225265503,0.1,5.87973546981812,1.20477902889252,-1.33747363090515,-0.00001581455571,90.4039194014252,0.00000323543732
61,left road,61,2.59500002861023,0.0,5.5,2.65000009536743,0.0,-1.45000004768372,2.59500002861023,0.0,5.5,5.87973546981812,1.20477902889252,-1.33747363090515,5.85563325881958,1.1959388256073,-1.28730285167694,"(5.855633, 1.195939, -1.287303)",EyeArea,7.68062686920166,0.1,5.87973546981812,1.20477902889252,-1.33747363090515,-0.00001581455571,90.4039194014252,0.00000323543732
62,left road,62,2.6949999332428,0.0,5.5,2.75,0.0,-1.45000004768372,2.6949999332428,0.0,5.5,5.87973546981812,1.20477902889252,-1.33747363090515,5.85636949539185,1.19593977928162,-1.28730809688568,"(5.856369, 1.19594, -1.287308)",EyeArea,7.63839530944824,0.1,5.87973546981812,1.20477902889252,-1.33747363090515,-0.00001581455571,90.4039194014252,0.00000323543732
63,left road,63,2.79499983787537,0.0,5.5,2.84999990463257,0.0,-1.45000004768372,2.79499983787537,0.0,5.5,5.87973546981812,1.20477902889252,-1.33747363090515,5.85710573196411,1.19594073295593,-1.28731322288513,"(5.857106, 1.195941, -1.287313)",EyeArea,7.59724521636963,0.1,5.87973546981812,1.20477902889252,-1.33747363090515,-0.00001581455571,90.4039194014252,0.00000323543732
64,left road,64,2.89499998092651,0.0,5.5,2.95000004768372,0.0,-1.45000004768372,2.89499998092651,0.0,5.5,5.87973546981812,1.20477902889252,-1.33747363090515,5.85784101486206,1.19594144821167,-1.28731846809387,"(5.857841, 1.195941, -1.287318)",EyeArea,7.55719423294067,0.1,5.87973546981812,1.20477902889252,-1.33747363090515,-0.00001581455571,90.4039194014252,0.00000323543732
65,left road,65,2.99499988555908,0.0,5.5,3.04999995231628,0.0,-1.45000004768372,2.99499988555908,0.0,5.5,5.87973546981812,1.20477902889252,-1.33747363090515,5.85857677459717,1.19594240188599,-1.28732359409332,"(5.858577, 1.195942, -1.287324)",EyeArea,7.51826047897339,0.1,5.87973546981812,1.20477902889252,-1.33747363090515,-0.00001581455571,90.4039194014252,0.00000323543732
66,left road,66,3.09500002861023,0.0,5.5,3.15000009536743,0.0,-1.45000004768372,3.09500002861023,0.0,5.5,5.87973546981812,1.20477902889252,-1.33747363090515,5.85931253433228,1.1959433555603,-1.28732883930206,"(5.859313, 1.195943, -1.287329)",EyeArea,7.48046064376831,0.1,5.87973546981812,1.20477902889252,-1.33747363090515,-0.00001581455571,90.4039194014252,0.00000323543732
67,left road,67,3.1949999332428,0.0,5.5,3.25,0.0,-1.45000004768372,3.1949999332428,0.0,5.5,5.87973546981812,1.20477902889252,-1.33747363090515,5.86004829406738,1.19594430923462,-1.28733396530151,"(5.860048, 1.195944, -1.287334)",EyeArea,7.44381284713745,0.1,5.87973546981812,1.20477902889252,-1.33747363090515,-0.00001581455571,90.4039194014252,0.00000323543732
68,left road,68,3.29499983787537,0.0,5.5,3.34999990463257,0.0,-1.45000004768372,3.29499983787537,0.0,5.5,5.87973546981812,1.20477902889252,-1.33747363090515,5.86078310012817,1.19594514369965,-1.28733921051025,"(5.860783, 1.195945, -1.287339)",EyeArea,7.40833330154419,0.1,5.87973546981812,1.20477902889252,-1.33747363090515,-0.00001581455571,90.4039194014252,0.00000323543732
69,left road,69,3.39499998092651,0.0,5.5,3.45000004768372,0.0,-1.45000004768372,3.39499998092651,0.0,5.5,5.87973546981812,1.20477902889252,-1.33747363090515,5.86151838302612,1.19594609737396,-1.2873443365097,"(5.861518, 1.195946, -1.287344)",EyeArea,7.37403917312622,0.1,5.87973546981812,1.20477902889252,-1.33747363090515,-0.00001581455571,90.4039194014252,0.00000323543732
70,left road,70,-3.50500011444092,0.0,5.59999990463257,-3.45000004768372,0.0,-1.35000002384186,-3.50500011444092,0.0,5.59999990463257,5.87973546981812,1.20477902889252,-1.33747363090515,5.829993724823,1.19839346408844,-1.30070352554321,"(5.829994, 1.198393, -1.300704)",EyeArea,11.7325735092163,0.1,5.87973546981812,1.20477902889252,-1.33747363090515,-0.00001581455571,90.4039194014252,0.00000323543732
71,left road,71,-3.40499997138977,0.0,5.59999990463257,-3.34999990463257,0.0,-1.35000002384186,-3.40499997138977,0.0,5.59999990463257,5.87973546981812,1.20477902889252,-1.33747363090515,5.82999658584595,1.19832503795624,-1.30030870437622,"(5.829997, 1.198325, -1.300309)",EyeArea,11.6527395248413,0.1,5.87973546981812,1.20477902889252,-1.33747363090515,-0.00001581455571,90.4039194014252,0.00000323543732
72,left road,72,-3.3050000667572,0.0,5.59999990463257,-3.25,0.0,-1.35000002384186,-3.3050000667572,0.0,5.59999990463257,5.87973546981812,1.20477902889252,-1.33747363090515,5.8299994468689,1.19825506210327,-1.29990637302399,"(5.829999, 1.198255, -1.299906)",EyeArea,11.5732183456421,0.1,5.87973546981812,1.20477902889252,-1.33747363090515,-0.00001581455571,90.4039194014252,0.00000323543732
73,left road,73,-3.20500016212463,0.0,5.59999990463257,-3.15000009536743,0.0,-1.35000002384186,-3.20500016212463,0.0,5.59999990463257,5.87973546981812,1.20477902889252,-1.33747363090515,5.83000230789185,1.19818365573883,-1.29949533939362,"(5.830002, 1.198184, -1.299495)",EyeArea,11.4940185546875,0.1,5.87973546981812,1.20477902889252,-1.33747363090515,-0.00001581455571,90.4039194014252,0.00000323543732
74,left road,74,-3.10500001907349,0.0,5.59999990463257,-3.04999995231628,0.0,-1.35000002384186,-3.10500001907349,0.0,5.59999990463257,5.87973546981812,1.20477902889252,-1.33747363090515,5.83000516891479,1.19811069965363,-1.29907524585724,"(5.830005, 1.198111, -1.299075)",EyeArea,11.4151430130005,0.1,5.87973546981812,1.20477902889252,-1.33747363090515,-0.00001581455571,90.4039194014252,0.00000323543732
75,left road,75,-3.00500011444092,0.0,5.59999990463257,-2.95000004768372,0.0,-1.35000002384186,-3.00500011444092,0.0,5.59999990463257,5.87973546981812,1.20477902889252,-1.33747363090515,5.8300085067749,1.19803595542908,-1.29864466190338,"(5.830009, 1.198036, -1.298645)",EyeArea,11.3366022109985,0.1,5.87973546981812,1.20477902889252,-1.33747363090515,-0.00001581455571,90.4039194014252,0.00000323543732
76,left road,76,-2.90499997138977,0.0,5.59999990463257,-2.84999990463257,0.0,-1.35000002384186,-2.90499997138977,0.0,5.59999990463257,5.87973546981812,1.20477902889252,-1.33747363090515,5.83001136779785,1.19795966148376,-1.29820501804352,"(5.830011, 1.19796, -1.298205)",EyeArea,11.2584018707275,0.1,5.87973546981812,1.20477902889252,-1.33747363090515,-0.00001581455571,90.4039194014252,0.00000323543732
77,left road,77,-2.8050000667572,0.0,5.59999990463257,-2.75,0.0,-1.35000002384186,-2.8050000667572,0.0,5.59999990463257,5.87973546981812,1.20477902889252,-1.33747363090515,5.83001470565796,1.19788157939911,-1.29775583744049,"(5.830015, 1.197882, -1.297756)",EyeArea,11.1805477142334,0.1,5.87973546981812,1.20477902889252,-1.33747363090515,-0.00001581455571,90.4039194014252,0.00000323543732
78,left road,78,-2.70500016212463,0.0,5.59999990463257,-2.65000009536743,0.0,-1.35000002384186,-2.70500016212463,0.0,5.59999990463257,5.87973546981812,1.20477902889252,-1.33747363090515,5.83001804351807,1.19780170917511,-1.29729568958282,"(5.830018, 1.197802, -1.297296)",EyeArea,11.1030502319336,0.1,5.87973546981812,1.20477902889252,-1.33747363090515,-0.00001581455571,90.4039194014252,0.00000323543732
79,left road,79,-2.60500001907349,0.0,5.59999990463257,-2.54999995231628,0.0,-1.35000002384186,-2.60500001907349,0.0,5.59999990463257,5.87973546981812,1.20477902889252,-1.33747363090515,5.83002138137817,1.19771993160248,-1.29682457447052,"(5.830021, 1.19772, -1.296825)",EyeArea,11.0259132385254,0.1,5.87973546981812,1.20477902889252,-1.33747363090515,-0.00001581455571,90.4039194014252,0.00000323543732
80,left road,80,-2.50500011444092,0.0,5.59999990463257,-2.45000004768372,0.0,-1.35000002384186,-2.50500011444092,0.0,5.59999990463257,5.87973546981812,1.20477902889252,-1.33747363090515,5.83002471923828,1.1976363658905,-1.29634356498718,"(5.830025, 1.197636, -1.296344)",EyeArea,10.949146270752,0.1,5.87973546981812,1.20477902889252,-1.33747363090515,-0.00001581455571,90.4039194014252,0.00000323543732
81,left road,81,-2.40499997138977,0.0,5.59999990463257,-2.34999990463257,0.0,-1.35000002384186,-2.40499997138977,0.0,5.59999990463257,5.87973546981812,1.20477902889252,-1.33747363090515,5.293860912323,1.11958026885986,-0.84687316417694,"(5.293861, 1.11958, -0.846873)",truck body CS,10.8727579116821,0.1,5.87973546981812,1.20477902889252,-1.33747363090515,-0.00001581455571,90.4039194014252,0.00000323543732
82,left road,82,-2.3050000667572,0.0,5.59999990463257,-2.25,0.0,-1.35000002384186,-2.3050000667572,0.0,5.59999990463257,5.87973546981812,1.20477902889252,-1.33747363090515,5.29530429840088,1.11875176429749,-0.8421026468277,"(5.295304, 1.118752, -0.842103)",truck body CS,10.7967548370361,0.1,5.87973546981812,1.20477902889252,-1.33747363090515,-0.00001581455571,90.4039194014252,0.00000323543732
83,left road,83,-2.20500016212463,0.0,5.59999990463257,-2.15000009536743,0.0,-1.35000002384186,-2.20500016212463,0.0,5.59999990463257,5.87973546981812,1.20477902889252,-1.33747363090515,5.29677581787109,1.11790680885315,-0.83723771572113,"(5.296776, 1.117907, -0.837238)",truck body CS,10.7211465835571,0.1,5.87973546981812,1.20477902889252,-1.33747363090515,-0.00001581455571,90.4039194014252,0.00000323543732
84,left road,84,-2.10500001907349,0.0,5.59999990463257,-2.04999995231628,0.0,-1.35000002384186,-2.10500001907349,0.0,5.59999990463257,5.87973546981812,1.20477902889252,-1.33747363090515,5.29827451705933,1.11704516410828,-0.83227533102036,"(5.298275, 1.117045, -0.832275)",truck body CS,10.6459398269653,0.1,5.87973546981812,1.20477902889252,-1.33747363090515,-0.00001581455571,90.4039194014252,0.00000323543732
85,left road,85,-2.00500011444092,0.0,5.59999990463257,-1.95000004768372,0.0,-1.35000002384186,-2.00500011444092,0.0,5.59999990463257,5.87973546981812,1.20477902889252,-1.33747363090515,5.29980611801147,1.11616635322571,-0.82721555233002,"(5.299806, 1.116166, -0.827216)",truck body CS,10.5711441040039,0.1,5.87973546981812,1.20477902889252,-1.33747363090515,-0.00001581455571,90.4039194014252,0.00000323543732
86,left road,86,-1.90499997138977,0.0,5.59999990463257,-1.85000002384186,0.0,-1.35000002384186,-1.90499997138977,0.0,5.59999990463257,5.87973546981812,1.20477902889252,-1.33747363090515,5.30136775970459,1.11526989936829,-0.82205277681351,"(5.301368, 1.11527, -0.822053)",truck body CS,10.4967679977417,0.1,5.87973546981812,1.20477902889252,-1.33747363090515,-0.00001581455571,90.4039194014252,0.00000323543732
87,left road,87,-1.80499994754791,0.0,5.59999990463257,-1.75,0.0,-1.35000002384186,-1.80499994754791,0.0,5.59999990463257,5.87973546981812,1.20477902889252,-1.33747363090515,5.3029637336731,1.11435532569885,-0.81678658723831,"(5.302964, 1.114355, -0.816787)",truck body CS,10.4228200912476,0.1,5.87973546981812,1.20477902889252,-1.33747363090515,-0.00001581455571,90.4039194014252,0.00000323543732
88,left road,88,-1.70499992370605,0.0,5.59999990463257,-1.64999997615814,0.0,-1.35000002384186,-1.70499992370605,0.0,5.59999990463257,5.87973546981812,1.20477902889252,-1.33747363090515,5.30460166931152,1.11342322826386,-0.81141990423203,"(5.304602, 1.113423, -0.81142)",truck body CS,10.349310874939,0.1,5.87973546981812,1.20477902889252,-1.33747363090515,-0.00001581455571,90.4039194014252,0.00000323543732
89,left road,89,-1.6049998998642,0.0,5.59999990463257,-1.54999995231628,0.0,-1.35000002384186,-1.6049998998642,0.0,5.59999990463257,5.87973546981812,1.20477902889252,-1.33747363090515,5.30627298355103,1.11247181892395,-0.80594056844711,"(5.306273, 1.112472, -0.805941)",truck body CS,10.2762489318848,0.1,5.87973546981812,1.20477902889252,-1.33747363090515,-0.00001581455571,90.4039194014252,0.00000323543732
90,left road,90,-1.50499999523163,0.0,5.59999990463257,-1.45000004768372,0.0,-1.35000002384186,-1.50499999523163,0.0,5.59999990463257,5.87973546981812,1.20477902889252,-1.33747363090515,5.30798101425171,1.11150050163269,-0.80034738779068,"(5.307981, 1.111501, -0.800347)",truck body CS,10.2036437988281,0.1,5.87973546981812,1.20477902889252,-1.33747363090515,-0.00001581455571,90.4039194014252,0.00000323543732
91,left road,91,-1.40499997138977,0.0,5.59999990463257,-1.35000002384186,0.0,-1.35000002384186,-1.40499997138977,0.0,5.59999990463257,5.87973546981812,1.20477902889252,-1.33747363090515,5.30972385406494,1.11050808429718,-0.79463362693787,"(5.309724, 1.110508, -0.794634)",truck body CS,10.1315050125122,0.1,5.87973546981812,1.20477902889252,-1.33747363090515,-0.00001581455571,90.4039194014252,0.00000323543732
92,left road,92,-1.30499994754791,0.0,5.59999990463257,-1.25,0.0,-1.35000002384186,-1.30499994754791,0.0,5.59999990463257,5.87973546981812,1.20477902889252,-1.33747363090515,5.31150531768799,1.10949492454529,-0.78879857063293,"(5.311505, 1.109495, -0.788799)",truck body CS,10.0598440170288,0.1,5.87973546981812,1.20477902889252,-1.33747363090515,-0.00001581455571,90.4039194014252,0.00000323543732
93,left road,93,-1.20499992370605,0.0,5.59999990463257,-1.14999997615814,0.0,-1.35000002384186,-1.20499992370605,0.0,5.59999990463257,5.87973546981812,1.20477902889252,-1.33747363090515,5.31332397460938,1.10845911502838,-0.78283452987671,"(5.313324, 1.108459, -0.782835)",truck body CS,9.98866844177246,0.1,5.87973546981812,1.20477902889252,-1.33747363090515,-0.00001581455571,90.4039194014252,0.00000323543732
94,left road,94,-1.1049998998642,0.0,5.59999990463257,-1.04999995231628,0.0,-1.35000002384186,-1.1049998998642,0.0,5.59999990463257,5.87973546981812,1.20477902889252,-1.33747363090515,5.31518411636353,1.10740101337433,-0.77674186229706,"(5.315184, 1.107401, -0.776742)",truck body CS,9.91799163818359,0.1,5.87973546981812,1.20477902889252,-1.33747363090515,-0.00001581455571,90.4039194014252,0.00000323543732
95,left road,95,-1.00499999523163,0.0,5.59999990463257,-0.94999998807907,0.0,-1.35000002384186,-1.00499999523163,0.0,5.59999990463257,5.87973546981812,1.20477902889252,-1.33747363090515,5.31708431243896,1.10631895065308,-0.77051103115082,"(5.317084, 1.106319, -0.770511)",truck body CS,9.84782314300537,0.1,5.87973546981812,1.20477902889252,-1.33747363090515,-0.00001581455571,90.4039194014252,0.00000323543732
96,left road,96,-0.90500003099442,0.0,5.59999990463257,-0.85000002384186,0.0,-1.35000002384186,-0.90500003099442,0.0,5.59999990463257,5.87973546981812,1.20477902889252,-1.33747363090515,5.32034873962402,1.10544753074646,-0.76549333333969,"(5.320349, 1.105448, -0.765493)",truck body CS,9.77817344665527,0.1,5.87973546981812,1.20477902889252,-1.33747363090515,-0.00001581455571,90.4039194014252,0.00000323543732
97,left road,97,-0.80500000715256,0.0,5.59999990463257,-0.75,0.0,-1.35000002384186,-0.80500000715256,0.0,5.59999990463257,5.87973546981812,1.20477902889252,-1.33747363090515,5.3240966796875,1.10463714599609,-0.76082634925842,"(5.324097, 1.104637, -0.760826)",truck body CS,9.70905303955078,0.1,5.87973546981812,1.20477902889252,-1.33747363090515,-0.00001581455571,90.4039194014252,0.00000323543732
98,left road,98,-0.7049999833107,0.0,5.59999990463257,-0.64999997615814,0.0,-1.35000002384186,-0.7049999833107,0.0,5.59999990463257,5.87973546981812,1.20477902889252,-1.33747363090515,5.32790660858154,1.1038134098053,-0.75608348846436,"(5.327907, 1.103813, -0.756083)",truck body CS,9.64047527313232,0.1,5.87973546981812,1.20477902889252,-1.33747363090515,-0.00001581455571,90.4039194014252,0.00000323543732
99,left road,99,-0.60500001907349,0.0,5.59999990463257,-0.55000001192093,0.0,-1.35000002384186,-0.60500001907349,0.0,5.59999990463257,5.87973546981812,1.20477902889252,-1.33747363090515,5.33177900314331,1.10297584533691,-0.75126051902771,"(5.331779, 1.102976, -0.751261)",truck body CS,9.5724515914917,0.1,5.87973546981812,1.20477902889252,-1.33747363090515,-0.00001581455571,90.4039194014252,0.00000323543732
100,left road,100,-0.50499999523163,0.0,5.59999990463257,-0.44999998807907,0.0,-1.35000002384186,-0.50499999523163,0.0,5.59999990463257,5.87973546981812,1.20477902889252,-1.33747363090515,5.33592224121094,1.10216307640076,-0.74658048152924,"(5.335922, 1.102163, -0.74658)",truck body CS,9.50499248504639,0.1,5.87973546981812,1.20477902889252,-1.33747363090515,-0.00001581455571,90.4039194014252,0.00000323543732
101,left road,101,-0.40500000119209,0.0,5.59999990463257,-0.34999999403954,0.0,-1.35000002384186,-0.40500000119209,0.0,5.59999990463257,5.87973546981812,1.20477902889252,-1.33747363090515,5.34032964706421,1.10137510299683,-0.74204325675964,"(5.34033, 1.101375, -0.742043)",truck body CS,9.4381103515625,0.1,5.87973546981812,1.20477902889252,-1.33747363090515,-0.00001581455571,90.4039194014252,0.00000323543732
102,left road,102,-0.30500000715256,0.0,5.59999990463257,-0.25,0.0,-1.35000002384186,-0.30500000715256,0.0,5.59999990463257,5.87973546981812,1.20477902889252,-1.33747363090515,5.34480762481689,1.1005756855011,-0.73743933439255,"(5.344808, 1.100576, -0.737439)",truck body CS,9.37181854248047,0.1,5.87973546981812,1.20477902889252,-1.33747363090515,-0.00001581455571,90.4039194014252,0.00000323543732
103,left road,103,-0.20500001311302,0.0,5.59999990463257,-0.15000000596046,0.0,-1.35000002384186,-0.20500001311302,0.0,5.59999990463257,5.87973546981812,1.20477902889252,-1.33747363090515,5.34935522079468,1.0997633934021,-0.73276275396347,"(5.349355, 1.099763, -0.732763)",truck body CS,9.30612850189209,0.1,5.87973546981812,1.20477902889252,-1.33747363090515,-0.00001581455571,90.4039194014252,0.00000323543732
104,left road,104,-0.10500000417233,0.0,5.59999990463257,-0.05000000074506,0.0,-1.35000002384186,-0.10500000417233,0.0,5.59999990463257,5.87973546981812,1.20477902889252,-1.33747363090515,5.35396432876587,1.09893679618835,-0.72800171375275,"(5.353964, 1.098937, -0.728002)",truck body CS,9.24105453491211,0.1,5.87973546981812,1.20477902889252,-1.33747363090515,-0.00001581455571,90.4039194014252,0.00000323543732
105,left road,105,-0.00499999895692,0.0,5.59999990463257,0.05000000074506,0.0,-1.35000002384186,-0.00499999895692,0.0,5.59999990463257,5.87973546981812,1.20477902889252,-1.33747363090515,5.35864305496216,1.09809589385986,-0.72316002845764,"(5.358643, 1.098096, -0.72316)",truck body CS,9.17660808563232,0.1,5.87973546981812,1.20477902889252,-1.33747363090515,-0.00001581455571,90.4039194014252,0.00000323543732
106,left road,106,0.09500000625849,0.0,5.59999990463257,0.15000000596046,0.0,-1.35000002384186,0.09500000625849,0.0,5.59999990463257,5.87973546981812,1.20477902889252,-1.33747363090515,5.36339616775513,1.09724164009094,-0.71824133396149,"(5.363396, 1.097242, -0.718241)",truck body CS,9.1128044128418,0.1,5.87973546981812,1.20477902889252,-1.33747363090515,-0.00001581455571,90.4039194014252,0.00000323543732
107,left road,107,0.19499999284744,0.0,5.59999990463257,0.25,0.0,-1.35000002384186,0.19499999284744,0.0,5.59999990463257,5.87973546981812,1.20477902889252,-1.33747363090515,5.36822557449341,1.09637355804443,-0.71324217319489,"(5.368226, 1.096374, -0.713242)",truck body CS,9.04965400695801,0.1,5.87973546981812,1.20477902889252,-1.33747363090515,-0.00001581455571,90.4039194014252,0.00000323543732
108,left road,108,0.29499998688698,0.0,5.59999990463257,0.34999999403954,0.0,-1.35000002384186,0.29499998688698,0.0,5.59999990463257,5.87973546981812,1.20477902889252,-1.33747363090515,5.37313461303711,1.09549152851105,-0.70816338062286,"(5.373135, 1.095492, -0.708163)",truck body CS,8.98717403411865,0.1,5.87973546981812,1.20477902889252,-1.33747363090515,-0.00001581455571,90.4039194014252,0.00000323543732
109,left road,109,0.39499998092651,0.0,5.59999990463257,0.44999998807907,0.0,-1.35000002384186,0.39499998092651,0.0,5.59999990463257,5.87973546981812,1.20477902889252,-1.33747363090515,5.37822484970093,1.09461712837219,-0.70312750339508,"(5.378225, 1.094617, -0.703128)",truck body CS,8.92537689208984,0.1,5.87973546981812,1.20477902889252,-1.33747363090515,-0.00001581455571,90.4039194014252,0.00000323543732
110,left road,110,0.49500000476837,0.0,5.59999990463257,0.55000001192093,0.0,-1.35000002384186,0.49500000476837,0.0,5.59999990463257,5.87973546981812,1.20477902889252,-1.33747363090515,5.38343715667725,1.09373736381531,-0.69806241989136,"(5.383437, 1.093737, -0.698062)",truck body CS,8.86427688598633,0.1,5.87973546981812,1.20477902889252,-1.33747363090515,-0.00001581455571,90.4039194014252,0.00000323543732
111,left road,111,0.59499996900558,0.0,5.59999990463257,0.64999997615814,0.0,-1.35000002384186,0.59499996900558,0.0,5.59999990463257,5.87973546981812,1.20477902889252,-1.33747363090515,5.38918447494507,1.09294629096985,-0.69350779056549,"(5.389184, 1.092946, -0.693508)",truck body CS,8.80388927459717,0.1,5.87973546981812,1.20477902889252,-1.33747363090515,-0.00001581455571,90.4039194014252,0.00000323543732
112,left road,112,0.69499999284744,0.0,5.59999990463257,0.75,0.0,-1.35000002384186,0.69499999284744,0.0,5.59999990463257,5.87973546981812,1.20477902889252,-1.33747363090515,5.39501571655273,1.09214437007904,-0.68888974189758,"(5.395016, 1.092144, -0.68889)",truck body CS,8.74422740936279,0.1,5.87973546981812,1.20477902889252,-1.33747363090515,-0.00001581455571,90.4039194014252,0.00000323543732
113,left road,113,0.7950000166893,0.0,5.59999990463257,0.85000002384186,0.0,-1.35000002384186,0.7950000166893,0.0,5.59999990463257,5.87973546981812,1.20477902889252,-1.33747363090515,5.40430116653442,1.09212934970856,-0.68880319595337,"(5.404301, 1.092129, -0.688803)",truck body CS,8.68530750274658,0.1,5.87973546981812,1.20477902889252,-1.33747363090515,-0.00001581455571,90.4039194014252,0.00000323543732
114,left road,114,0.89499998092651,0.0,5.59999990463257,0.94999998807907,0.0,-1.35000002384186,0.89499998092651,0.0,5.59999990463257,5.87973546981812,1.20477902889252,-1.33747363090515,5.41518068313599,1.09249913692474,-0.69093179702759,"(5.415181, 1.092499, -0.690932)",truck body CS,8.62714385986328,0.1,5.87973546981812,1.20477902889252,-1.33747363090515,-0.00001581455571,90.4039194014252,0.00000323543732
115,left road,115,0.99499994516373,0.0,5.59999990463257,1.04999995231628,0.0,-1.35000002384186,0.99499994516373,0.0,5.59999990463257,5.87973546981812,1.20477902889252,-1.33747363090515,5.42568683624268,1.09279155731201,-0.69261646270752,"(5.425687, 1.092792, -0.692616)",truck body CS,8.56975364685059,0.1,5.87973546981812,1.20477902889252,-1.33747363090515,-0.00001581455571,90.4039194014252,0.00000323543732
116,left road,116,1.09500002861023,0.0,5.59999990463257,1.14999997615814,0.0,-1.35000002384186,1.09500002861023,0.0,5.59999990463257,5.87973546981812,1.20477902889252,-1.33747363090515,5.43610906600952,1.09307539463043,-0.69425058364868,"(5.436109, 1.093075, -0.694251)",truck body CS,8.51315021514893,0.1,5.87973546981812,1.20477902889252,-1.33747363090515,-0.00001581455571,90.4039194014252,0.00000323543732
117,left road,117,1.19500005245209,0.0,5.59999990463257,1.25,0.0,-1.35000002384186,1.19500005245209,0.0,5.59999990463257,5.87973546981812,1.20477902889252,-1.33747363090515,5.44742822647095,1.09360194206238,-0.69728255271912,"(5.447428, 1.093602, -0.697283)",truck body CS,8.45734977722168,0.1,5.87973546981812,1.20477902889252,-1.33747363090515,-0.00001581455571,90.4039194014252,0.00000323543732
118,left road,118,1.29500007629395,0.0,5.59999990463257,1.35000002384186,0.0,-1.35000002384186,1.29500007629395,0.0,5.59999990463257,5.87973546981812,1.20477902889252,-1.33747363090515,5.46384239196777,1.09549045562744,-0.70815718173981,"(5.463842, 1.09549, -0.708157)",truck body CS,8.40237045288086,0.1,5.87973546981812,1.20477902889252,-1.33747363090515,-0.00001581455571,90.4039194014252,0.00000323543732
119,left road,119,1.3950001001358,0.0,5.59999990463257,1.45000004768372,0.0,-1.35000002384186,1.3950001001358,0.0,5.59999990463257,5.87973546981812,1.20477902889252,-1.33747363090515,5.84726428985596,1.19605600833893,-1.28724384307861,"(5.847264, 1.196056, -1.287244)",EyeArea,8.34822654724121,0.1,5.87973546981812,1.20477902889252,-1.33747363090515,-0.00001581455571,90.4039194014252,0.00000323543732
120,left road,120,1.49500000476837,0.0,5.59999990463257,1.54999995231628,0.0,-1.35000002384186,1.49500000476837,0.0,5.59999990463257,5.87973546981812,1.20477902889252,-1.33747363090515,5.84799242019653,1.19605696201324,-1.28724896907806,"(5.847992, 1.196057, -1.287249)",EyeArea,8.29493427276611,0.1,5.87973546981812,1.20477902889252,-1.33747363090515,-0.00001581455571,90.4039194014252,0.00000323543732
121,left road,121,1.59500002861023,0.0,5.59999990463257,1.64999997615814,0.0,-1.35000002384186,1.59500002861023,0.0,5.59999990463257,5.87973546981812,1.20477902889252,-1.33747363090515,5.84871959686279,1.19605791568756,-1.28725409507751,"(5.84872, 1.196058, -1.287254)",EyeArea,8.24251079559326,0.1,5.87973546981812,1.20477902889252,-1.33747363090515,-0.00001581455571,90.4039194014252,0.00000323543732
122,left road,122,1.69500005245209,0.0,5.59999990463257,1.75,0.0,-1.35000002384186,1.69500005245209,0.0,5.59999990463257,5.87973546981812,1.20477902889252,-1.33747363090515,5.84944581985474,1.1960586309433,-1.28725922107697,"(5.849446, 1.196059, -1.287259)",EyeArea,8.19097328186035,0.1,5.87973546981812,1.20477902889252,-1.33747363090515,-0.00001581455571,90.4039194014252,0.00000323543732
123,left road,123,1.79500007629395,0.0,5.59999990463257,1.85000002384186,0.0,-1.35000002384186,1.79500007629395,0.0,5.59999990463257,5.87973546981812,1.20477902889252,-1.33747363090515,5.85017251968384,1.19605958461761,-1.28726434707642,"(5.850173, 1.19606, -1.287264)",EyeArea,8.14033699035645,0.1,5.87973546981812,1.20477902889252,-1.33747363090515,-0.00001581455571,90.4039194014252,0.00000323543732
124,left road,124,1.8950001001358,0.0,5.59999990463257,1.95000004768372,0.0,-1.35000002384186,1.8950001001358,0.0,5.59999990463257,5.87973546981812,1.20477902889252,-1.33747363090515,5.85089921951294,1.19606041908264,-1.28726947307587,"(5.850899, 1.19606, -1.287269)",EyeArea,8.09062099456787,0.1,5.87973546981812,1.20477902889252,-1.33747363090515,-0.00001581455571,90.4039194014252,0.00000323543732
125,left road,125,1.99500000476837,0.0,5.59999990463257,2.04999995231628,0.0,-1.35000002384186,1.99500000476837,0.0,5.59999990463257,5.87973546981812,1.20477902889252,-1.33747363090515,5.85162591934204,1.19606149196625,-1.28727459907532,"(5.851626, 1.196061, -1.287275)",EyeArea,8.04184055328369,0.1,5.87973546981812,1.20477902889252,-1.33747363090515,-0.00001581455571,90.4039194014252,0.00000323543732
126,left road,126,2.09500002861023,0.0,5.59999990463257,2.15000009536743,0.0,-1.35000002384186,2.09500002861023,0.0,5.59999990463257,5.87973546981812,1.20477902889252,-1.33747363090515,5.85235261917114,1.19606232643127,-1.28727972507477,"(5.852353, 1.196062, -1.28728)",EyeArea,7.99401330947876,0.1,5.87973546981812,1.20477902889252,-1.33747363090515,-0.00001581455571,90.4039194014252,0.00000323543732
127,left road,127,2.1949999332428,0.0,5.59999990463257,2.25,0.0,-1.35000002384186,2.1949999332428,0.0,5.59999990463257,5.87973546981812,1.20477902889252,-1.33747363090515,5.85307836532593,1.1960631608963,-1.28728485107422,"(5.853078, 1.196063, -1.287285)",EyeArea,7.94715690612793,0.1,5.87973546981812,1.20477902889252,-1.33747363090515,-0.00001581455571,90.4039194014252,0.00000323543732
128,left road,128,2.29499983787537,0.0,5.59999990463257,2.34999990463257,0.0,-1.35000002384186,2.29499983787537,0.0,5.59999990463257,5.87973546981812,1.20477902889252,-1.33747363090515,5.85380458831787,1.19606399536133,-1.28728997707367,"(5.853805, 1.196064, -1.28729)",EyeArea,7.9012885093689,0.1,5.87973546981812,1.20477902889252,-1.33747363090515,-0.00001581455571,90.4039194014252,0.00000323543732
129,left road,129,2.39499998092651,0.0,5.59999990463257,2.45000004768372,0.0,-1.35000002384186,2.39499998092651,0.0,5.59999990463257,5.87973546981812,1.20477902889252,-1.33747363090515,5.85453081130981,1.19606494903564,-1.28729510307312,"(5.854531, 1.196065, -1.287295)",EyeArea,7.8564248085022,0.1,5.87973546981812,1.20477902889252,-1.33747363090515,-0.00001581455571,90.4039194014252,0.00000323543732
130,left road,130,2.49499988555908,0.0,5.59999990463257,2.54999995231628,0.0,-1.35000002384186,2.49499988555908,0.0,5.59999990463257,5.87973546981812,1.20477902889252,-1.33747363090515,5.8552565574646,1.19606590270996,-1.28730022907257,"(5.855257, 1.196066, -1.2873)",EyeArea,7.81258392333984,0.1,5.87973546981812,1.20477902889252,-1.33747363090515,-0.00001581455571,90.4039194014252,0.00000323543732
131,left road,131,2.59500002861023,0.0,5.59999990463257,2.65000009536743,0.0,-1.35000002384186,2.59500002861023,0.0,5.59999990463257,5.87973546981812,1.20477902889252,-1.33747363090515,5.85598230361938,1.19606673717499,-1.28730535507202,"(5.855982, 1.196067, -1.287305)",EyeArea,7.76978206634521,0.1,5.87973546981812,1.20477902889252,-1.33747363090515,-0.00001581455571,90.4039194014252,0.00000323543732
132,left road,132,2.6949999332428,0.0,5.59999990463257,2.75,0.0,-1.35000002384186,2.6949999332428,0.0,5.59999990463257,5.87973546981812,1.20477902889252,-1.33747363090515,5.85670709609985,1.19606757164001,-1.28731048107147,"(5.856707, 1.196068, -1.28731)",EyeArea,7.72803783416748,0.1,5.87973546981812,1.20477902889252,-1.33747363090515,-0.00001581455571,90.4039194014252,0.00000323543732
133,left road,133,2.79499983787537,0.0,5.59999990463257,2.84999990463257,0.0,-1.35000002384186,2.79499983787537,0.0,5.59999990463257,5.87973546981812,1.20477902889252,-1.33747363090515,5.85743284225464,1.19606840610504,-1.28731548786163,"(5.857433, 1.196068, -1.287315)",EyeArea,7.68736791610718,0.1,5.87973546981812,1.20477902889252,-1.33747363090515,-0.00001581455571,90.4039194014252,0.00000323543732
134,left road,134,2.89499998092651,0.0,5.59999990463257,2.95000004768372,0.0,-1.35000002384186,2.89499998092651,0.0,5.59999990463257,5.87973546981812,1.20477902889252,-1.33747363090515,5.85815811157227,1.19606947898865,-1.28732061386108,"(5.858158, 1.196069, -1.287321)",EyeArea,7.64778900146484,0.1,5.87973546981812,1.20477902889252,-1.33747363090515,-0.00001581455571,90.4039194014252,0.00000323543732
135,left road,135,2.99499988555908,0.0,5.59999990463257,3.04999995231628,0.0,-1.35000002384186,2.99499988555908,0.0,5.59999990463257,5.87973546981812,1.20477902889252,-1.33747363090515,5.85888290405273,1.19607031345367,-1.28732573986053,"(5.858883, 1.19607, -1.287326)",EyeArea,7.60931825637817,0.1,5.87973546981812,1.20477902889252,-1.33747363090515,-0.00001581455571,90.4039194014252,0.00000323543732
136,left road,136,3.09500002861023,0.0,5.59999990463257,3.15000009536743,0.0,-1.35000002384186,3.09500002861023,0.0,5.59999990463257,5.87973546981812,1.20477902889252,-1.33747363090515,5.8596076965332,1.1960711479187,-1.28733086585999,"(5.859608, 1.196071, -1.287331)",EyeArea,7.57197332382202,0.1,5.87973546981812,1.20477902889252,-1.33747363090515,-0.00001581455571,90.4039194014252,0.00000323543732
137,left road,137,3.1949999332428,0.0,5.59999990463257,3.25,0.0,-1.35000002384186,3.1949999332428,0.0,5.59999990463257,5.87973546981812,1.20477902889252,-1.33747363090515,5.86033296585083,1.19607198238373,-1.28733599185944,"(5.860333, 1.196072, -1.287336)",EyeArea,7.53577041625977,0.1,5.87973546981812,1.20477902889252,-1.33747363090515,-0.00001581455571,90.4039194014252,0.00000323543732
138,left road,138,3.29499983787537,0.0,5.59999990463257,3.34999990463257,0.0,-1.35000002384186,3.29499983787537,0.0,5.59999990463257,5.87973546981812,1.20477902889252,-1.33747363090515,5.86105728149414,1.19607293605804,-1.28734111785889,"(5.861057, 1.196073, -1.287341)",EyeArea,7.50072574615479,0.1,5.87973546981812,1.20477902889252,-1.33747363090515,-0.00001581455571,90.4039194014252,0.00000323543732
139,left road,139,3.39499998092651,0.0,5.59999990463257,3.45000004768372,0.0,-1.35000002384186,3.39499998092651,0.0,5.59999990463257,5.87973546981812,1.20477902889252,-1.33747363090515,5.86178207397461,1.19607388973236,-1.28734624385834,"(5.861782, 1.196074, -1.287346)",EyeArea,7.46685600280762,0.1,5.87973546981812,1.20477902889252,-1.33747363090515,-0.00001581455571,90.4039194014252,0.00000323543732
140,left road,140,-3.50500011444092,0.0,5.69999980926514,-3.45000004768372,0.0,-1.25,-3.50500011444092,0.0,5.69999980926514,5.87973546981812,1.20477902889252,-1.33747363090515,5.82999753952026,1.19839382171631,-1.3001766204834,"(5.829998, 1.198394, -1.300177)",EyeArea,11.7919797897339,0.1,5.87973546981812,1.20477902889252,-1.33747363090515,-0.00001581455571,90.4039194014252,0.00000323543732
141,left road,141,-3.40499997138977,0.0,5.69999980926514,-3.34999990463257,0.0,-1.25,-3.40499997138977,0.0,5.69999980926514,5.87973546981812,1.20477902889252,-1.33747363090515,5.83000040054321,1.19832539558411,-1.29977667331696,"(5.83, 1.198325, -1.299777)",EyeArea,11.712550163269,0.1,5.87973546981812,1.20477902889252,-1.33747363090515,-0.00001581455571,90.4039194014252,0.00000323543732
142,left road,142,-3.3050000667572,0.0,5.69999980926514,-3.25,0.0,-1.25,-3.3050000667572,0.0,5.69999980926514,5.87973546981812,1.20477902889252,-1.33747363090515,5.83000326156616,1.19825553894043,-1.29936850070953,"(5.830003, 1.198256, -1.299369)",EyeArea,11.6334381103516,0.1,5.87973546981812,1.20477902889252,-1.33747363090515,-0.00001581455571,90.4039194014252,0.00000323543732
143,left road,143,-3.20500016212463,0.0,5.69999980926514,-3.15000009536743,0.0,-1.25,-3.20500016212463,0.0,5.69999980926514,5.87973546981812,1.20477902889252,-1.33747363090515,5.83000612258911,1.19818413257599,-1.29895126819611,"(5.830006, 1.198184, -1.298951)",EyeArea,11.5546503067017,0.1,5.87973546981812,1.20477902889252,-1.33747363090515,-0.00001581455571,90.4039194014252,0.00000323543732
144,left road,144,-3.10500001907349,0.0,5.69999980926514,-3.04999995231628,0.0,-1.25,-3.10500001907349,0.0,5.69999980926514,5.87973546981812,1.20477902889252,-1.33747363090515,5.83000898361206,1.19811117649078,-1.29852449893951,"(5.830009, 1.198111, -1.298524)",EyeArea,11.4761924743652,0.1,5.87973546981812,1.20477902889252,-1.33747363090515,-0.00001581455571,90.4039194014252,0.00000323543732
145,left road,145,-3.00500011444092,0.0,5.69999980926514,-2.95000004768372,0.0,-1.25,-3.00500011444092,0.0,5.69999980926514,5.87973546981812,1.20477902889252,-1.33747363090515,5.83001232147217,1.19803667068481,-1.29809010028839,"(5.830012, 1.198037, -1.29809)",EyeArea,11.3980722427368,0.1,5.87973546981812,1.20477902889252,-1.33747363090515,-0.00001581455571,90.4039194014252,0.00000323543732
146,left road,146,-2.90499997138977,0.0,5.69999980926514,-2.84999990463257,0.0,-1.25,-2.90499997138977,0.0,5.69999980926514,5.87973546981812,1.20477902889252,-1.33747363090515,5.83001518249512,1.19796025753021,-1.29764330387115,"(5.830015, 1.19796, -1.297643)",EyeArea,11.3202962875366,0.1,5.87973546981812,1.20477902889252,-1.33747363090515,-0.00001581455571,90.4039194014252,0.00000323543732
147,left road,147,-2.8050000667572,0.0,5.69999980926514,-2.75,0.0,-1.25,-2.8050000667572,0.0,5.69999980926514,5.87973546981812,1.20477902889252,-1.33747363090515,5.83001852035522,1.19788217544556,-1.29718697071075,"(5.830019, 1.197882, -1.297187)",EyeArea,11.2428712844849,0.1,5.87973546981812,1.20477902889252,-1.33747363090515,-0.00001581455571,90.4039194014252,0.00000323543732
148,left road,148,-2.70500016212463,0.0,5.69999980926514,-2.65000009536743,0.0,-1.25,-2.70500016212463,0.0,5.69999980926514,5.87973546981812,1.20477902889252,-1.33747363090515,5.83002185821533,1.19780218601227,-1.29672026634216,"(5.830022, 1.197802, -1.29672)",EyeArea,11.1658058166504,0.1,5.87973546981812,1.20477902889252,-1.33747363090515,-0.00001581455571,90.4039194014252,0.00000323543732
149,left road,149,-2.60500001907349,0.0,5.69999980926514,-2.54999995231628,0.0,-1.25,-2.60500001907349,0.0,5.69999980926514,5.87973546981812,1.20477902889252,-1.33747363090515,5.83002519607544,1.19772052764893,-1.2962429523468,"(5.830025, 1.197721, -1.296243)",EyeArea,11.0891056060791,0.1,5.87973546981812,1.20477902889252,-1.33747363090515,-0.00001581455571,90.4039194014252,0.00000323543732
150,left road,150,-2.50500011444092,0.0,5.69999980926514,-2.45000004768372,0.0,-1.25,-2.50500011444092,0.0,5.69999980926514,5.87973546981812,1.20477902889252,-1.33747363090515,5.29503870010376,1.12076568603516,-0.8467264175415,"(5.295039, 1.120766, -0.846726)",truck body CS,11.0127792358398,0.1,5.87973546981812,1.20477902889252,-1.33747363090515,-0.00001581455571,90.4039194014252,0.00000323543732
151,left road,151,-2.40499997138977,0.0,5.69999980926514,-2.34999990463257,0.0,-1.25,-2.40499997138977,0.0,5.69999980926514,5.87973546981812,1.20477902889252,-1.33747363090515,5.29647064208984,1.11995983123779,-0.84201872348785,"(5.296471, 1.11996, -0.842019)",truck body CS,10.9368362426758,0.1,5.87973546981812,1.20477902889252,-1.33747363090515,-0.00001581455571,90.4039194014252,0.00000323543732
152,left road,152,-2.3050000667572,0.0,5.69999980926514,-2.25,0.0,-1.25,-2.3050000667572,0.0,5.69999980926514,5.87973546981812,1.20477902889252,-1.33747363090515,5.29793262481689,1.11913871765137,-0.83722329139709,"(5.297933, 1.119139, -0.837223)",truck body CS,10.8612804412842,0.1,5.87973546981812,1.20477902889252,-1.33747363090515,-0.00001581455571,90.4039194014252,0.00000323543732
153,left road,153,-2.20500016212463,0.0,5.69999980926514,-2.15000009536743,0.0,-1.25,-2.20500016212463,0.0,5.69999980926514,5.87973546981812,1.20477902889252,-1.33747363090515,5.2994270324707,1.1183021068573,-0.83233594894409,"(5.299427, 1.118302, -0.832336)",truck body CS,10.7861242294312,0.1,5.87973546981812,1.20477902889252,-1.33747363090515,-0.00001581455571,90.4039194014252,0.00000323543732
154,left road,154,-2.10500001907349,0.0,5.69999980926514,-2.04999995231628,0.0,-1.25,-2.10500001907349,0.0,5.69999980926514,5.87973546981812,1.20477902889252,-1.33747363090515,5.30095767974854,1.1174498796463,-0.82735794782639,"(5.300958, 1.11745, -0.827358)",truck body CS,10.7113742828369,0.1,5.87973546981812,1.20477902889252,-1.33747363090515,-0.00001581455571,90.4039194014252,0.00000323543732
155,left road,155,-2.00500011444092,0.0,5.69999980926514,-1.95000004768372,0.0,-1.25,-2.00500011444092,0.0,5.69999980926514,5.87973546981812,1.20477902889252,-1.33747363090515,5.30251741409302,1.11658072471619,-0.82228058576584,"(5.302517, 1.116581, -0.822281)",truck body CS,10.637038230896,0.1,5.87973546981812,1.20477902889252,-1.33747363090515,-0.00001581455571,90.4039194014252,0.00000323543732
156,left road,156,-1.90499997138977,0.0,5.69999980926514,-1.85000002384186,0.0,-1.25,-1.90499997138977,0.0,5.69999980926514,5.87973546981812,1.20477902889252,-1.33747363090515,5.30411005020142,1.1156941652298,-0.81710284948349,"(5.30411, 1.115694, -0.817103)",truck body CS,10.5631265640259,0.1,5.87973546981812,1.20477902889252,-1.33747363090515,-0.00001581455571,90.4039194014252,0.00000323543732
157,left road,157,-1.80499994754791,0.0,5.69999980926514,-1.75,0.0,-1.25,-1.80499994754791,0.0,5.69999980926514,5.87973546981812,1.20477902889252,-1.33747363090515,5.30573415756226,1.11478972434998,-0.81181848049164,"(5.305734, 1.11479, -0.811818)",truck body CS,10.4896469116211,0.1,5.87973546981812,1.20477902889252,-1.33747363090515,-0.00001581455571,90.4039194014252,0.00000323543732
158,left road,158,-1.70499992370605,0.0,5.69999980926514,-1.64999997615814,0.0,-1.25,-1.70499992370605,0.0,5.69999980926514,5.87973546981812,1.20477902889252,-1.33747363090515,5.30739402770996,1.11386680603027,-0.80642819404602,"(5.307394, 1.113867, -0.806428)",truck body CS,10.4166088104248,0.1,5.87973546981812,1.20477902889252,-1.33747363090515,-0.00001581455571,90.4039194014252,0.00000323543732
159,left road,159,-1.6049998998642,0.0,5.69999980926514,-1.54999995231628,0.0,-1.25,-1.6049998998642,0.0,5.69999980926514,5.87973546981812,1.20477902889252,-1.33747363090515,5.30908536911011,1.11292433738709,-0.80092394351959,"(5.309085, 1.112924, -0.800924)",truck body CS,10.3440217971802,0.1,5.87973546981812,1.20477902889252,-1.33747363090515,-0.00001581455571,90.4039194014252,0.00000323543732
160,left road,160,-1.50499999523163,0.0,5.69999980926514,-1.45000004768372,0.0,-1.25,-1.50499999523163,0.0,5.69999980926514,5.87973546981812,1.20477902889252,-1.33747363090515,5.31081390380859,1.11196255683899,-0.79530465602875,"(5.310814, 1.111963, -0.795305)",truck body CS,10.2718963623047,0.1,5.87973546981812,1.20477902889252,-1.33747363090515,-0.00001581455571,90.4039194014252,0.00000323543732
161,left road,161,-1.40499997138977,0.0,5.69999980926514,-1.35000002384186,0.0,-1.25,-1.40499997138977,0.0,5.69999980926514,5.87973546981812,1.20477902889252,-1.33747363090515,5.31257772445679,1.1109801530838,-0.78956663608551,"(5.312578, 1.11098, -0.789567)",truck body CS,10.2002401351929,0.1,5.87973546981812,1.20477902889252,-1.33747363090515,-0.00001581455571,90.4039194014252,0.00000323543732
162,left road,162,-1.30499994754791,0.0,5.69999980926514,-1.25,0.0,-1.25,-1.30499994754791,0.0,5.69999980926514,5.87973546981812,1.20477902889252,-1.33747363090515,5.31438112258911,1.10997700691223,-0.7837073802948,"(5.314381, 1.109977, -0.783707)",truck body CS,10.1290645599365,0.1,5.87973546981812,1.20477902889252,-1.33747363090515,-0.00001581455571,90.4039194014252,0.00000323543732
163,left road,163,-1.20499992370605,0.0,5.69999980926514,-1.14999997615814,0.0,-1.25,-1.20499992370605,0.0,5.69999980926514,5.87973546981812,1.20477902889252,-1.33747363090515,5.31622219085693,1.10895180702209,-0.77771902084351,"(5.316222, 1.108952, -0.777719)",truck body CS,10.0583801269531,0.1,5.87973546981812,1.20477902889252,-1.33747363090515,-0.00001581455571,90.4039194014252,0.00000323543732
164,left road,164,-1.1049998998642,0.0,5.69999980926514,-1.04999995231628,0.0,-1.25,-1.1049998998642,0.0,5.69999980926514,5.87973546981812,1.20477902889252,-1.33747363090515,5.31810331344604,1.10790455341339,-0.77160090208054,"(5.318103, 1.107905, -0.771601)",truck body CS,9.98819541931152,0.1,5.87973546981812,1.20477902889252,-1.33747363090515,-0.00001581455571,90.4039194014252,0.00000323543732
165,left road,165,-1.00499999523163,0.0,5.69999980926514,-0.94999998807907,0.0,-1.25,-1.00499999523163,0.0,5.69999980926514,5.87973546981812,1.20477902889252,-1.33747363090515,5.32128429412842,1.10705399513245,-0.76663273572922,"(5.321284, 1.107054, -0.766633)",truck body CS,9.91852378845215,0.1,5.87973546981812,1.20477902889252,-1.33747363090515,-0.00001581455571,90.4039194014252,0.00000323543732
166,left road,166,-0.90500003099442,0.0,5.69999980926514,-0.85000002384186,0.0,-1.25,-0.90500003099442,0.0,5.69999980926514,5.87973546981812,1.20477902889252,-1.33747363090515,5.32497644424438,1.10626935958862,-0.7620495557785,"(5.324976, 1.106269, -0.76205)",truck body CS,9.84937381744385,0.1,5.87973546981812,1.20477902889252,-1.33747363090515,-0.00001581455571,90.4039194014252,0.00000323543732
167,left road,167,-0.80500000715256,0.0,5.69999980926514,-0.75,0.0,-1.25,-0.80500000715256,0.0,5.69999980926514,5.87973546981812,1.20477902889252,-1.33747363090515,5.32873249053955,1.10547256469727,-0.75739485025406,"(5.328732, 1.105473, -0.757395)",truck body CS,9.78075695037842,0.1,5.87973546981812,1.20477902889252,-1.33747363090515,-0.00001581455571,90.4039194014252,0.00000323543732
168,left road,168,-0.7049999833107,0.0,5.69999980926514,-0.64999997615814,0.0,-1.25,-0.7049999833107,0.0,5.69999980926514,5.87973546981812,1.20477902889252,-1.33747363090515,5.33254671096802,1.10466241836548,-0.75266236066818,"(5.332547, 1.104662, -0.752662)",truck body CS,9.71268653869629,0.1,5.87973546981812,1.20477902889252,-1.33747363090515,-0.00001581455571,90.4039194014252,0.00000323543732
169,left road,169,-0.60500001907349,0.0,5.69999980926514,-0.55000001192093,0.0,-1.25,-0.60500001907349,0.0,5.69999980926514,5.87973546981812,1.20477902889252,-1.33747363090515,5.33642578125,1.10383903980255,-0.74785351753235,"(5.336426, 1.103839, -0.747854)",truck body CS,9.64517116546631,0.1,5.87973546981812,1.20477902889252,-1.33747363090515,-0.00001581455571,90.4039194014252,0.00000323543732
170,left road,170,-0.50499999523163,0.0,5.69999980926514,-0.44999998807907,0.0,-1.25,-0.50499999523163,0.0,5.69999980926514,5.87973546981812,1.20477902889252,-1.33747363090515,5.34037733078003,1.10300374031067,-0.74297434091568,"(5.340377, 1.103004, -0.742974)",truck body CS,9.57822418212891,0.1,5.87973546981812,1.20477902889252,-1.33747363090515,-0.00001581455571,90.4039194014252,0.00000323543732
171,left road,171,-0.40500000119209,0.0,5.69999980926514,-0.34999999403954,0.0,-1.25,-0.40500000119209,0.0,5.69999980926514,5.87973546981812,1.20477902889252,-1.33747363090515,5.34478282928467,1.10222887992859,-0.73844808340073,"(5.344783, 1.102229, -0.738448)",truck body CS,9.5118579864502,0.1,5.87973546981812,1.20477902889252,-1.33747363090515,-0.00001581455571,90.4039194014252,0.00000323543732
172,left road,172,-0.30500000715256,0.0,5.69999980926514,-0.25,0.0,-1.25,-0.30500000715256,0.0,5.69999980926514,5.87973546981812,1.20477902889252,-1.33747363090515,5.34925699234009,1.10144233703613,-0.73385399580002,"(5.349257, 1.101442, -0.733854)",truck body CS,9.44608306884766,0.1,5.87973546981812,1.20477902889252,-1.33747363090515,-0.00001581455571,90.4039194014252,0.00000323543732
173,left road,173,-0.20500001311302,0.0,5.69999980926514,-0.15000000596046,0.0,-1.25,-0.20500001311302,0.0,5.69999980926514,5.87973546981812,1.20477902889252,-1.33747363090515,5.35379981994629,1.10064363479614,-0.72918707132339,"(5.3538, 1.100644, -0.729187)",truck body CS,9.38091278076172,0.1,5.87973546981812,1.20477902889252,-1.33747363090515,-0.00001581455571,90.4039194014252,0.00000323543732
174,left road,174,-0.10500000417233,0.0,5.69999980926514,-0.05000000074506,0.0,-1.25,-0.10500000417233,0.0,5.69999980926514,5.87973546981812,1.20477902889252,-1.33747363090515,5.35841369628906,1.09983253479004,-0.72444927692413,"(5.358414, 1.099833, -0.724449)",truck body CS,9.31636142730713,0.1,5.87973546981812,1.20477902889252,-1.33747363090515,-0.00001581455571,90.4039194014252,0.00000323543732
175,left road,175,-0.00499999895692,0.0,5.69999980926514,0.05000000074506,0.0,-1.25,-0.00499999895692,0.0,5.69999980926514,5.87973546981812,1.20477902889252,-1.33747363090515,5.36310005187988,1.09900832176209,-0.71963572502136,"(5.3631, 1.099008, -0.719636)",truck body CS,9.25243949890137,0.1,5.87973546981812,1.20477902889252,-1.33747363090515,-0.00001581455571,90.4039194014252,0.00000323543732
176,left road,176,0.09500000625849,0.0,5.69999980926514,0.15000000596046,0.0,-1.25,0.09500000625849,0.0,5.69999980926514,5.87973546981812,1.20477902889252,-1.33747363090515,5.36785078048706,1.09816944599152,-0.7147353887558,"(5.367851, 1.098169, -0.714735)",truck body CS,9.18916130065918,0.1,5.87973546981812,1.20477902889252,-1.33747363090515,-0.00001581455571,90.4039194014252,0.00000323543732
177,left road,177,0.19499999284744,0.0,5.69999980926514,0.25,0.0,-1.25,0.19499999284744,0.0,5.69999980926514,5.87973546981812,1.20477902889252,-1.33747363090515,5.37267446517944,1.09731638431549,-0.70975196361542,"(5.372674, 1.097316, -0.709752)",truck body CS,9.12654113769531,0.1,5.87973546981812,1.20477902889252,-1.33747363090515,-0.00001581455571,90.4039194014252,0.00000323543732
178,left road,178,0.29499998688698,0.0,5.69999980926514,0.34999999403954,0.0,-1.25,0.29499998688698,0.0,5.69999980926514,5.87973546981812,1.20477902889252,-1.33747363090515,5.37757682800293,1.09644961357117,-0.70468962192535,"(5.377577, 1.09645, -0.70469)",truck body CS,9.06459045410156,0.1,5.87973546981812,1.20477902889252,-1.33747363090515,-0.00001581455571,90.4039194014252,0.00000323543732
179,left road,179,0.39499998092651,0.0,5.69999980926514,0.44999998807907,0.0,-1.25,0.39499998092651,0.0,5.69999980926514,5.87973546981812,1.20477902889252,-1.33747363090515,5.38260316848755,1.095578789711,-0.69960188865662,"(5.382603, 1.095579, -0.699602)",truck body CS,9.00332450866699,0.1,5.87973546981812,1.20477902889252,-1.33747363090515,-0.00001581455571,90.4039194014252,0.00000323543732
180,left road,180,0.49500000476837,0.0,5.69999980926514,0.55000001192093,0.0,-1.25,0.49500000476837,0.0,5.69999980926514,5.87973546981812,1.20477902889252,-1.33747363090515,5.38784408569336,1.09472334384918,-0.69460546970367,"(5.387844, 1.094723, -0.694605)",truck body CS,8.94275665283203,0.1,5.87973546981812,1.20477902889252,-1.33747363090515,-0.00001581455571,90.4039194014252,0.00000323543732
181,left road,181,0.59499996900558,0.0,5.69999980926514,0.64999997615814,0.0,-1.25,0.59499996900558,0.0,5.69999980926514,5.87973546981812,1.20477902889252,-1.33747363090515,5.39357137680054,1.09394645690918,-0.69006848335266,"(5.393571, 1.093946, -0.690068)",truck body CS,8.88290309906006,0.1,5.87973546981812,1.20477902889252,-1.33747363090515,-0.00001581455571,90.4039194014252,0.00000323543732
182,left road,182,0.69499999284744,0.0,5.69999980926514,0.75,0.0,-1.25,0.69499999284744,0.0,5.69999980926514,5.87973546981812,1.20477902889252,-1.33747363090515,5.40164756774902,1.09368550777435,-0.68854343891144,"(5.401648, 1.093686, -0.688543)",truck body CS,8.82377529144287,0.1,5.87973546981812,1.20477902889252,-1.33747363090515,-0.00001581455571,90.4039194014252,0.00000323543732
183,left road,183,0.7950000166893,0.0,5.69999980926514,0.85000002384186,0.0,-1.25,0.7950000166893,0.0,5.69999980926514,5.87973546981812,1.20477902889252,-1.33747363090515,5.41231298446655,1.09402775764465,-0.69054245948792,"(5.412313, 1.094028, -0.690542)",truck body CS,8.76539039611816,0.1,5.87973546981812,1.20477902889252,-1.33747363090515,-0.00001581455571,90.4039194014252,0.00000323543732
184,left road,184,0.89499998092651,0.0,5.69999980926514,0.94999998807907,0.0,-1.25,0.89499998092651,0.0,5.69999980926514,5.87973546981812,1.20477902889252,-1.33747363090515,5.42265367507935,1.09430527687073,-0.69216310977936,"(5.422654, 1.094305, -0.692163)",truck body CS,8.70776176452637,0.1,5.87973546981812,1.20477902889252,-1.33747363090515,-0.00001581455571,90.4039194014252,0.00000323543732
185,left road,185,0.99499994516373,0.0,5.69999980926514,1.04999995231628,0.0,-1.25,0.99499994516373,0.0,5.69999980926514,5.87973546981812,1.20477902889252,-1.33747363090515,5.43294239044189,1.09458136558533,-0.69377613067627,"(5.432942, 1.094581, -0.693776)",truck body CS,8.65090560913086,0.1,5.87973546981812,1.20477902889252,-1.33747363090515,-0.00001581455571,90.4039194014252,0.00000323543732
186,left road,186,1.09500002861023,0.0,5.69999980926514,1.14999997615814,0.0,-1.25,1.09500002861023,0.0,5.69999980926514,5.87973546981812,1.20477902889252,-1.33747363090515,5.44318103790283,1.09485626220703,-0.69538140296936,"(5.443181, 1.094856, -0.695381)",truck body CS,8.5948371887207,0.1,5.87973546981812,1.20477902889252,-1.33747363090515,-0.00001581455571,90.4039194014252,0.00000323543732
187,left road,187,1.19500005245209,0.0,5.69999980926514,1.25,0.0,-1.25,1.19500005245209,0.0,5.69999980926514,5.87973546981812,1.20477902889252,-1.33747363090515,5.45854187011719,1.09646010398865,-0.70475077629089,"(5.458542, 1.09646, -0.704751)",truck body CS,8.53957080841064,0.1,5.87973546981812,1.20477902889252,-1.33747363090515,-0.00001581455571,90.4039194014252,0.00000323543732
188,left road,188,1.29500007629395,0.0,5.69999980926514,1.35000002384186,0.0,-1.25,1.29500007629395,0.0,5.69999980926514,5.87973546981812,1.20477902889252,-1.33747363090515,5.84701108932495,1.19617962837219,-1.28724205493927,"(5.847011, 1.19618, -1.287242)",EyeArea,8.48512363433838,0.1,5.87973546981812,1.20477902889252,-1.33747363090515,-0.00001581455571,90.4039194014252,0.00000323543732
189,left road,189,1.3950001001358,0.0,5.69999980926514,1.45000004768372,0.0,-1.25,1.3950001001358,0.0,5.69999980926514,5.87973546981812,1.20477902889252,-1.33747363090515,5.84772825241089,1.19618058204651,-1.28724718093872,"(5.847728, 1.196181, -1.287247)",EyeArea,8.43151092529297,0.1,5.87973546981812,1.20477902889252,-1.33747363090515,-0.00001581455571,90.4039194014252,0.00000323543732
190,left road,190,1.49500000476837,0.0,5.69999980926514,1.54999995231628,0.0,-1.25,1.49500000476837,0.0,5.69999980926514,5.87973546981812,1.20477902889252,-1.33747363090515,5.84844446182251,1.19618129730225,-1.28725218772888,"(5.848444, 1.196181, -1.287252)",EyeArea,8.37874889373779,0.1,5.87973546981812,1.20477902889252,-1.33747363090515,-0.00001581455571,90.4039194014252,0.00000323543732
191,left road,191,1.59500002861023,0.0,5.69999980926514,1.64999997615814,0.0,-1.25,1.59500002861023,0.0,5.69999980926514,5.87973546981812,1.20477902889252,-1.33747363090515,5.84916162490845,1.19618213176727,-1.28725719451904,"(5.849162, 1.196182, -1.287257)",EyeArea,8.32685375213623,0.1,5.87973546981812,1.20477902889252,-1.33747363090515,-0.00001581455571,90.4039194014252,0.00000323543732
192,left road,192,1.69500005245209,0.0,5.69999980926514,1.75,0.0,-1.25,1.69500005245209,0.0,5.69999980926514,5.87973546981812,1.20477902889252,-1.33747363090515,5.84987831115723,1.19618308544159,-1.28726232051849,"(5.849878, 1.196183, -1.287262)",EyeArea,8.27584075927734,0.1,5.87973546981812,1.20477902889252,-1.33747363090515,-0.00001581455571,90.4039194014252,0.00000323543732
193,left road,193,1.79500007629395,0.0,5.69999980926514,1.85000002384186,0.0,-1.25,1.79500007629395,0.0,5.69999980926514,5.87973546981812,1.20477902889252,-1.33747363090515,5.85059404373169,1.19618391990662,-1.28726732730865,"(5.850594, 1.196184, -1.287267)",EyeArea,8.22572708129883,0.1,5.87973546981812,1.20477902889252,-1.33747363090515,-0.00001581455571,90.4039194014252,0.00000323543732
194,left road,194,1.8950001001358,0.0,5.69999980926514,1.95000004768372,0.0,-1.25,1.8950001001358,0.0,5.69999980926514,5.87973546981812,1.20477902889252,-1.33747363090515,5.85131025314331,1.19618487358093,-1.28727233409882,"(5.85131, 1.196185, -1.287272)",EyeArea,8.17652988433838,0.1,5.87973546981812,1.20477902889252,-1.33747363090515,-0.00001581455571,90.4039194014252,0.00000323543732
195,left road,195,1.99500000476837,0.0,5.69999980926514,2.04999995231628,0.0,-1.25,1.99500000476837,0.0,5.69999980926514,5.87973546981812,1.20477902889252,-1.33747363090515,5.85202646255493,1.19618558883667,-1.28727746009827,"(5.852026, 1.196186, -1.287277)",EyeArea,8.12826538085938,0.1,5.87973546981812,1.20477902889252,-1.33747363090515,-0.00001581455571,90.4039194014252,0.00000323543732
196,left road,196,2.09500002861023,0.0,5.69999980926514,2.15000009536743,0.0,-1.25,2.09500002861023,0.0,5.69999980926514,5.87973546981812,1.20477902889252,-1.33747363090515,5.85274267196655,1.19618654251099,-1.28728246688843,"(5.852743, 1.196187, -1.287282)",EyeArea,8.0809497833252,0.1,5.87973546981812,1.20477902889252,-1.33747363090515,-0.00001581455571,90.4039194014252,0.00000323543732
197,left road,197,2.1949999332428,0.0,5.69999980926514,2.25,0.0,-1.25,2.1949999332428,0.0,5.69999980926514,5.87973546981812,1.20477902889252,-1.33747363090515,5.85345840454102,1.19618737697601,-1.28728747367859,"(5.853458, 1.196187, -1.287287)",EyeArea,8.03460025787354,0.1,5.87973546981812,1.20477902889252,-1.33747363090515,-0.00001581455571,90.4039194014252,0.00000323543732
198,left road,198,2.29499983787537,0.0,5.69999980926514,2.34999990463257,0.0,-1.25,2.29499983787537,0.0,5.69999980926514,5.87973546981812,1.20477902889252,-1.33747363090515,5.85417413711548,1.19618833065033,-1.28729259967804,"(5.854174, 1.196188, -1.287293)",EyeArea,7.98923397064209,0.1,5.87973546981812,1.20477902889252,-1.33747363090515,-0.00001581455571,90.4039194014252,0.00000323543732
199,left road,199,2.39499998092651,0.0,5.69999980926514,2.45000004768372,0.0,-1.25,2.39499998092651,0.0,5.69999980926514,5.87973546981812,1.20477902889252,-1.33747363090515,5.85488986968994,1.19618904590607,-1.2872976064682,"(5.85489, 1.196189, -1.287298)",EyeArea,7.94486713409424,0.1,5.87973546981812,1.20477902889252,-1.33747363090515,-0.00001581455571,90.4039194014252,0.00000323543732
200,left road,200,2.49499988555908,0.0,5.69999980926514,2.54999995231628,0.0,-1.25,2.49499988555908,0.0,5.69999980926514,5.87973546981812,1.20477902889252,-1.33747363090515,5.85560512542725,1.19618988037109,-1.28730261325836,"(5.855605, 1.19619, -1.287303)",EyeArea,7.90151643753052,0.1,5.87973546981812,1.20477902889252,-1.33747363090515,-0.00001581455571,90.4039194014252,0.00000323543732
201,left road,201,2.59500002861023,0.0,5.69999980926514,2.65000009536743,0.0,-1.25,2.59500002861023,0.0,5.69999980926514,5.87973546981812,1.20477902889252,-1.33747363090515,5.85632038116455,1.19619083404541,-1.28730773925781,"(5.85632, 1.196191, -1.287308)",EyeArea,7.85919952392578,0.1,5.87973546981812,1.20477902889252,-1.33747363090515,-0.00001581455571,90.4039194014252,0.00000323543732
202,left road,202,2.6949999332428,0.0,5.69999980926514,2.75,0.0,-1.25,2.6949999332428,0.0,5.69999980926514,5.87973546981812,1.20477902889252,-1.33747363090515,5.85703563690186,1.19619178771973,-1.28731274604797,"(5.857036, 1.196192, -1.287313)",EyeArea,7.81793260574341,0.1,5.87973546981812,1.20477902889252,-1.33747363090515,-0.00001581455571,90.4039194014252,0.00000323543732
203,left road,203,2.79499983787537,0.0,5.69999980926514,2.84999990463257,0.0,-1.25,2.79499983787537,0.0,5.69999980926514,5.87973546981812,1.20477902889252,-1.33747363090515,5.857750415802,1.19619262218475,-1.28731775283813,"(5.85775, 1.196193, -1.287318)",EyeArea,7.77773237228394,0.1,5.87973546981812,1.20477902889252,-1.33747363090515,-0.00001581455571,90.4039194014252,0.00000323543732
204,left road,204,2.89499998092651,0.0,5.69999980926514,2.95000004768372,0.0,-1.25,2.89499998092651,0.0,5.69999980926514,5.87973546981812,1.20477902889252,-1.33747363090515,5.85846519470215,1.19619333744049,-1.28732287883759,"(5.858465, 1.196193, -1.287323)",EyeArea,7.7386155128479,0.1,5.87973546981812,1.20477902889252,-1.33747363090515,-0.00001581455571,90.4039194014252,0.00000323543732
205,left road,205,2.99499988555908,0.0,5.69999980926514,3.04999995231628,0.0,-1.25,2.99499988555908,0.0,5.69999980926514,5.87973546981812,1.20477902889252,-1.33747363090515,5.85917997360229,1.19619429111481,-1.28732788562775,"(5.85918, 1.196194, -1.287328)",EyeArea,7.700599193573,0.1,5.87973546981812,1.20477902889252,-1.33747363090515,-0.00001581455571,90.4039194014252,0.00000323543732
206,left road,206,3.09500002861023,0.0,5.69999980926514,3.15000009536743,0.0,-1.25,3.09500002861023,0.0,5.69999980926514,5.87973546981812,1.20477902889252,-1.33747363090515,5.85989475250244,1.19619512557983,-1.28733289241791,"(5.859895, 1.196195, -1.287333)",EyeArea,7.66369867324829,0.1,5.87973546981812,1.20477902889252,-1.33747363090515,-0.00001581455571,90.4039194014252,0.00000323543732
207,left road,207,3.1949999332428,0.0,5.69999980926514,3.25,0.0,-1.25,3.1949999332428,0.0,5.69999980926514,5.87973546981812,1.20477902889252,-1.33747363090515,5.86060905456543,1.19619607925415,-1.28733789920807,"(5.860609, 1.196196, -1.287338)",EyeArea,7.62793111801147,0.1,5.87973546981812,1.20477902889252,-1.33747363090515,-0.00001581455571,90.4039194014252,0.00000323543732
208,left road,208,3.29499983787537,0.0,5.69999980926514,3.34999990463257,0.0,-1.25,3.29499983787537,0.0,5.69999980926514,5.87973546981812,1.20477902889252,-1.33747363090515,5.86132335662842,1.19619679450989,-1.28734302520752,"(5.861323, 1.196197, -1.287343)",EyeArea,7.59331178665161,0.1,5.87973546981812,1.20477902889252,-1.33747363090515,-0.00001581455571,90.4039194014252,0.00000323543732
209,left road,209,3.39499998092651,0.0,5.69999980926514,3.45000004768372,0.0,-1.25,3.39499998092651,0.0,5.69999980926514,5.87973546981812,1.20477902889252,-1.33747363090515,5.86203718185425,1.1961977481842,-1.28734803199768,"(5.862037, 1.196198, -1.287348)",EyeArea,7.55985689163208,0.1,5.87973546981812,1.20477902889252,-1.33747363090515,-0.00001581455571,90.4039194014252,0.00000323543732
210,left road,210,-3.50500011444092,0.0,5.79999971389771,-3.45000004768372,0.0,-1.14999997615814,-3.50500011444092,0.0,5.79999971389771,5.87973546981812,1.20477902889252,-1.33747363090515,5.83000135421753,1.19839441776276,-1.29964935779572,"(5.830001, 1.198394, -1.299649)",EyeArea,11.8519306182861,0.1,5.87973546981812,1.20477902889252,-1.33747363090515,-0.00001581455571,90.4039194014252,0.00000323543732
211,left road,211,-3.40499997138977,0.0,5.79999971389771,-3.34999990463257,0.0,-1.14999997615814,-3.40499997138977,0.0,5.79999971389771,5.87973546981812,1.20477902889252,-1.33747363090515,5.83000421524048,1.19832575321198,-1.29924261569977,"(5.830004, 1.198326, -1.299243)",EyeArea,11.7729063034058,0.1,5.87973546981812,1.20477902889252,-1.33747363090515,-0.00001581455571,90.4039194014252,0.00000323543732
212,left road,212,-3.3050000667572,0.0,5.79999971389771,-3.25,0.0,-1.14999997615814,-3.3050000667572,0.0,5.79999971389771,5.87973546981812,1.20477902889252,-1.33747363090515,5.83000707626343,1.19825625419617,-1.29883062839508,"(5.830007, 1.198256, -1.298831)",EyeArea,11.6942024230957,0.1,5.87973546981812,1.20477902889252,-1.33747363090515,-0.00001581455571,90.4039194014252,0.00000323543732
213,left road,213,-3.20500016212463,0.0,5.79999971389771,-3.15000009536743,0.0,-1.14999997615814,-3.20500016212463,0.0,5.79999971389771,5.87973546981812,1.20477902889252,-1.33747363090515,5.83000993728638,1.19818460941315,-1.29840528964996,"(5.83001, 1.198185, -1.298405)",EyeArea,11.6158275604248,0.1,5.87973546981812,1.20477902889252,-1.33747363090515,-0.00001581455571,90.4039194014252,0.00000323543732
214,left road,214,-3.10500001907349,0.0,5.79999971389771,-3.04999995231628,0.0,-1.14999997615814,-3.10500001907349,0.0,5.79999971389771,5.87973546981812,1.20477902889252,-1.33747363090515,5.83001327514648,1.19811165332794,-1.29797375202179,"(5.830013, 1.198112, -1.297974)",EyeArea,11.537784576416,0.1,5.87973546981812,1.20477902889252,-1.33747363090515,-0.00001581455571,90.4039194014252,0.00000323543732
215,left road,215,-3.00500011444092,0.0,5.79999971389771,-2.95000004768372,0.0,-1.14999997615814,-3.00500011444092,0.0,5.79999971389771,5.87973546981812,1.20477902889252,-1.33747363090515,5.83001613616943,1.19803702831268,-1.29753220081329,"(5.830016, 1.198037, -1.297532)",EyeArea,11.4600839614868,0.1,5.87973546981812,1.20477902889252,-1.33747363090515,-0.00001581455571,90.4039194014252,0.00000323543732
216,left road,216,-2.90499997138977,0.0,5.79999971389771,-2.84999990463257,0.0,-1.14999997615814,-2.90499997138977,0.0,5.79999971389771,5.87973546981812,1.20477902889252,-1.33747363090515,5.83001947402954,1.19796073436737,-1.29707968235016,"(5.830019, 1.197961, -1.29708)",EyeArea,11.3827323913574,0.1,5.87973546981812,1.20477902889252,-1.33747363090515,-0.00001581455571,90.4039194014252,0.00000323543732
217,left road,217,-2.8050000667572,0.0,5.79999971389771,-2.75,0.0,-1.14999997615814,-2.8050000667572,0.0,5.79999971389771,5.87973546981812,1.20477902889252,-1.33747363090515,5.83002281188965,1.197882771492,-1.29661726951599,"(5.830023, 1.197883, -1.296617)",EyeArea,11.3057346343994,0.1,5.87973546981812,1.20477902889252,-1.33747363090515,-0.00001581455571,90.4039194014252,0.00000323543732
218,left road,218,-2.70500016212463,0.0,5.79999971389771,-2.65000009536743,0.0,-1.14999997615814,-2.70500016212463,0.0,5.79999971389771,5.87973546981812,1.20477902889252,-1.33747363090515,5.83002614974976,1.19780278205872,-1.2961437702179,"(5.830026, 1.197803, -1.296144)",EyeArea,11.2291011810303,0.1,5.87973546981812,1.20477902889252,-1.33747363090515,-0.00001581455571,90.4039194014252,0.00000323543732
219,left road,219,-2.60500001907349,0.0,5.79999971389771,-2.54999995231628,0.0,-1.14999997615814,-2.60500001907349,0.0,5.79999971389771,5.87973546981812,1.20477902889252,-1.33747363090515,5.29618215560913,1.12191808223724,-0.84658008813858,"(5.296182, 1.121918, -0.84658)",truck body CS,11.1528358459473,0.1,5.87973546981812,1.20477902889252,-1.33747363090515,-0.00001581455571,90.4039194014252,0.00000323543732
220,left road,220,-2.50500011444092,0.0,5.79999971389771,-2.45000004768372,0.0,-1.14999997615814,-2.50500011444092,0.0,5.79999971389771,5.87973546981812,1.20477902889252,-1.33747363090515,5.29761791229248,1.12113618850708,-0.84194803237915,"(5.297618, 1.121136, -0.841948)",truck body CS,11.0769491195679,0.1,5.87973546981812,1.20477902889252,-1.33747363090515,-0.00001581455571,90.4039194014252,0.00000323543732
221,left road,221,-2.40499997138977,0.0,5.79999971389771,-2.34999990463257,0.0,-1.14999997615814,-2.40499997138977,0.0,5.79999971389771,5.87973546981812,1.20477902889252,-1.33747363090515,5.29908132553101,1.12033939361572,-0.83722710609436,"(5.299081, 1.120339, -0.837227)",truck body CS,11.0014476776123,0.1,5.87973546981812,1.20477902889252,-1.33747363090515,-0.00001581455571,90.4039194014252,0.00000323543732
222,left road,222,-2.3050000667572,0.0,5.79999971389771,-2.25,0.0,-1.14999997615814,-2.3050000667572,0.0,5.79999971389771,5.87973546981812,1.20477902889252,-1.33747363090515,5.30057239532471,1.1195273399353,-0.83241605758667,"(5.300572, 1.119527, -0.832416)",truck body CS,10.9263401031494,0.1,5.87973546981812,1.20477902889252,-1.33747363090515,-0.00001581455571,90.4039194014252,0.00000323543732
223,left road,223,-2.20500016212463,0.0,5.79999971389771,-2.15000009536743,0.0,-1.14999997615814,-2.20500016212463,0.0,5.79999971389771,5.87973546981812,1.20477902889252,-1.33747363090515,5.30209302902222,1.11869919300079,-0.82751053571701,"(5.302093, 1.118699, -0.827511)",truck body CS,10.8516340255737,0.1,5.87973546981812,1.20477902889252,-1.33747363090515,-0.00001581455571,90.4039194014252,0.00000323543732
224,left road,224,-2.10500001907349,0.0,5.79999971389771,-2.04999995231628,0.0,-1.14999997615814,-2.10500001907349,0.0,5.79999971389771,5.87973546981812,1.20477902889252,-1.33747363090515,5.30364227294922,1.11785495281219,-0.82250952720642,"(5.303642, 1.117855, -0.82251)",truck body CS,10.7773380279541,0.1,5.87973546981812,1.20477902889252,-1.33747363090515,-0.00001581455571,90.4039194014252,0.00000323543732
225,left road,225,-2.00500011444092,0.0,5.79999971389771,-1.95000004768372,0.0,-1.14999997615814,-2.00500011444092,0.0,5.79999971389771,5.87973546981812,1.20477902889252,-1.33747363090515,5.30522203445435,1.11699390411377,-0.81740790605545,"(5.305222, 1.116994, -0.817408)",truck body CS,10.7034606933594,0.1,5.87973546981812,1.20477902889252,-1.33747363090515,-0.00001581455571,90.4039194014252,0.00000323543732
226,left road,226,-1.90499997138977,0.0,5.79999971389771,-1.85000002384186,0.0,-1.14999997615814,-1.90499997138977,0.0,5.79999971389771,5.87973546981812,1.20477902889252,-1.33747363090515,5.30683517456055,1.11611580848694,-0.81220650672913,"(5.306835, 1.116116, -0.812207)",truck body CS,10.6300106048584,0.1,5.87973546981812,1.20477902889252,-1.33747363090515,-0.00001581455571,90.4039194014252,0.00000323543732
227,left road,227,-1.80499994754791,0.0,5.79999971389771,-1.75,0.0,-1.14999997615814,-1.80499994754791,0.0,5.79999971389771,5.87973546981812,1.20477902889252,-1.33747363090515,5.30847930908203,1.11521995067596,-0.8068984746933,"(5.308479, 1.11522, -0.806898)",truck body CS,10.55699634552,0.1,5.87973546981812,1.20477902889252,-1.33747363090515,-0.00001581455571,90.4039194014252,0.00000323543732
228,left road,228,-1.70499992370605,0.0,5.79999971389771,-1.64999997615814,0.0,-1.14999997615814,-1.70499992370605,0.0,5.79999971389771,5.87973546981812,1.20477902889252,-1.33747363090515,5.31015825271606,1.1143057346344,-0.80148267745972,"(5.310158, 1.114306, -0.801483)",truck body CS,10.4844274520874,0.1,5.87973546981812,1.20477902889252,-1.33747363090515,-0.00001581455571,90.4039194014252,0.00000323543732
229,left road,229,-1.6049998998642,0.0,5.79999971389771,-1.54999995231628,0.0,-1.14999997615814,-1.6049998998642,0.0,5.79999971389771,5.87973546981812,1.20477902889252,-1.33747363090515,5.31187009811401,1.1133725643158,-0.79595422744751,"(5.31187, 1.113373, -0.795954)",truck body CS,10.412314414978,0.1,5.87973546981812,1.20477902889252,-1.33747363090515,-0.00001581455571,90.4039194014252,0.00000323543732
230,left road,230,-1.50499999523163,0.0,5.79999971389771,-1.45000004768372,0.0,-1.14999997615814,-1.50499999523163,0.0,5.79999971389771,5.87973546981812,1.20477902889252,-1.33747363090515,5.31361818313599,1.11242008209229,-0.7903106212616,"(5.313618, 1.11242, -0.790311)",truck body CS,10.3406639099121,0.1,5.87973546981812,1.20477902889252,-1.33747363090515,-0.00001581455571,90.4039194014252,0.00000323543732
231,left road,231,-1.40499997138977,0.0,5.79999971389771,-1.35000002384186,0.0,-1.14999997615814,-1.40499997138977,0.0,5.79999971389771,5.87973546981812,1.20477902889252,-1.33747363090515,5.31540489196777,1.11144769191742,-0.78455072641373,"(5.315405, 1.111448, -0.784551)",truck body CS,10.2694883346558,0.1,5.87973546981812,1.20477902889252,-1.33747363090515,-0.00001581455571,90.4039194014252,0.00000323543732
232,left road,232,-1.30499994754791,0.0,5.79999971389771,-1.25,0.0,-1.14999997615814,-1.30499994754791,0.0,5.79999971389771,5.87973546981812,1.20477902889252,-1.33747363090515,5.31722736358643,1.11045432090759,-0.77866542339325,"(5.317227, 1.110454, -0.778665)",truck body CS,10.1987962722778,0.1,5.87973546981812,1.20477902889252,-1.33747363090515,-0.00001581455571,90.4039194014252,0.00000323543732
233,left road,233,-1.20499992370605,0.0,5.79999971389771,-1.14999997615814,0.0,-1.14999997615814,-1.20499992370605,0.0,5.79999971389771,5.87973546981812,1.20477902889252,-1.33747363090515,5.31909084320068,1.10943984985352,-0.77265459299088,"(5.319091, 1.10944, -0.772655)",truck body CS,10.1285972595215,0.1,5.87973546981812,1.20477902889252,-1.33747363090515,-0.00001581455571,90.4039194014252,0.00000323543732
234,left road,234,-1.1049998998642,0.0,5.79999971389771,-1.04999995231628,0.0,-1.14999997615814,-1.1049998998642,0.0,5.79999971389771,5.87973546981812,1.20477902889252,-1.33747363090515,5.32218933105469,1.10860919952393,-0.76773464679718,"(5.322189, 1.108609, -0.767735)",truck body CS,10.0589036941528,0.1,5.87973546981812,1.20477902889252,-1.33747363090515,-0.00001581455571,90.4039194014252,0.00000323543732
235,left road,235,-1.00499999523163,0.0,5.79999971389771,-0.94999998807907,0.0,-1.14999997615814,-1.00499999523163,0.0,5.79999971389771,5.87973546981812,1.20477902889252,-1.33747363090515,5.32582998275757,1.10784947872162,-0.76323348283768,"(5.32583, 1.107849, -0.763233)",truck body CS,9.98972511291504,0.1,5.87973546981812,1.20477902889252,-1.33747363090515,-0.00001581455571,90.4039194014252,0.00000323543732
236,left road,236,-0.90500003099442,0.0,5.79999971389771,-0.85000002384186,0.0,-1.14999997615814,-0.90500003099442,0.0,5.79999971389771,5.87973546981812,1.20477902889252,-1.33747363090515,5.32953071594238,1.10707807540894,-0.75866317749023,"(5.329531, 1.107078, -0.758663)",truck body CS,9.92107105255127,0.1,5.87973546981812,1.20477902889252,-1.33747363090515,-0.00001581455571,90.4039194014252,0.00000323543732
237,left road,237,-0.80500000715256,0.0,5.79999971389771,-0.75,0.0,-1.14999997615814,-0.80500000715256,0.0,5.79999971389771,5.87973546981812,1.20477902889252,-1.33747363090515,5.33329010009766,1.10629403591156,-0.75401890277863,"(5.33329, 1.106294, -0.754019)",truck body CS,9.85295391082764,0.1,5.87973546981812,1.20477902889252,-1.33747363090515,-0.00001581455571,90.4039194014252,0.00000323543732
238,left road,238,-0.7049999833107,0.0,5.79999971389771,-0.64999997615814,0.0,-1.14999997615814,-0.7049999833107,0.0,5.79999971389771,5.87973546981812,1.20477902889252,-1.33747363090515,5.33711004257202,1.10549736022949,-0.74929869174957,"(5.33711, 1.105497, -0.749299)",truck body CS,9.78538513183594,0.1,5.87973546981812,1.20477902889252,-1.33747363090515,-0.00001581455571,90.4039194014252,0.00000323543732
239,left road,239,-0.60500001907349,0.0,5.79999971389771,-0.55000001192093,0.0,-1.14999997615814,-0.60500001907349,0.0,5.79999971389771,5.87973546981812,1.20477902889252,-1.33747363090515,5.34099245071411,1.10468757152557,-0.74450141191483,"(5.340992, 1.104688, -0.744501)",truck body CS,9.71837520599365,0.1,5.87973546981812,1.20477902889252,-1.33747363090515,-0.00001581455571,90.4039194014252,0.00000323543732
240,left road,240,-0.50499999523163,0.0,5.79999971389771,-0.44999998807907,0.0,-1.14999997615814,-0.50499999523163,0.0,5.79999971389771,5.87973546981812,1.20477902889252,-1.33747363090515,5.34493970870972,1.1038646697998,-0.73962652683258,"(5.34494, 1.103865, -0.739627)",truck body CS,9.65193557739258,0.1,5.87973546981812,1.20477902889252,-1.33747363090515,-0.00001581455571,90.4039194014252,0.00000323543732
241,left road,241,-0.40500000119209,0.0,5.79999971389771,-0.34999999403954,0.0,-1.14999997615814,-0.40500000119209,0.0,5.79999971389771,5.87973546981812,1.20477902889252,-1.33747363090515,5.34916353225708,1.10306859016418,-0.73491036891937,"(5.349164, 1.103069, -0.73491)",truck body CS,9.58607959747314,0.1,5.87973546981812,1.20477902889252,-1.33747363090515,-0.00001581455571,90.4039194014252,0.00000323543732
242,left road,242,-0.30500000715256,0.0,5.79999971389771,-0.25,0.0,-1.14999997615814,-0.30500000715256,0.0,5.79999971389771,5.87973546981812,1.20477902889252,-1.33747363090515,5.35363435745239,1.10229516029358,-0.73032718896866,"(5.353634, 1.102295, -0.730327)",truck body CS,9.52081775665283,0.1,5.87973546981812,1.20477902889252,-1.33747363090515,-0.00001581455571,90.4039194014252,0.00000323543732
243,left road,243,-0.20500001311302,0.0,5.79999971389771,-0.15000000596046,0.0,-1.14999997615814,-0.20500001311302,0.0,5.79999971389771,5.87973546981812,1.20477902889252,-1.33747363090515,5.35817193984985,1.10150933265686,-0.72567188739777,"(5.358172, 1.101509, -0.725672)",truck body CS,9.45616340637207,0.1,5.87973546981812,1.20477902889252,-1.33747363090515,-0.00001581455571,90.4039194014252,0.00000323543732
244,left road,244,-0.10500000417233,0.0,5.79999971389771,-0.05000000074506,0.0,-1.14999997615814,-0.10500000417233,0.0,5.79999971389771,5.87973546981812,1.20477902889252,-1.33747363090515,5.36278200149536,1.10071182250977,-0.72094750404358,"(5.362782, 1.100712, -0.720948)",truck body CS,9.39212799072266,0.1,5.87973546981812,1.20477902889252,-1.33747363090515,-0.00001581455571,90.4039194014252,0.00000323543732
245,left road,245,-0.00499999895692,0.0,5.79999971389771,0.05000000074506,0.0,-1.14999997615814,-0.00499999895692,0.0,5.79999971389771,5.87973546981812,1.20477902889252,-1.33747363090515,5.36746168136597,1.0999014377594,-0.71614611148834,"(5.367462, 1.099901, -0.716146)",truck body CS,9.32872581481934,0.1,5.87973546981812,1.20477902889252,-1.33747363090515,-0.00001581455571,90.4039194014252,0.00000323543732
246,left road,246,0.09500000625849,0.0,5.79999971389771,0.15000000596046,0.0,-1.14999997615814,0.09500000625849,0.0,5.79999971389771,5.87973546981812,1.20477902889252,-1.33747363090515,5.37221670150757,1.09907877445221,-0.71127319335938,"(5.372217, 1.099079, -0.711273)",truck body CS,9.26596927642822,0.1,5.87973546981812,1.20477902889252,-1.33747363090515,-0.00001581455571,90.4039194014252,0.00000323543732
247,left road,247,0.19499999284744,0.0,5.79999971389771,0.25,0.0,-1.14999997615814,0.19499999284744,0.0,5.79999971389771,5.87973546981812,1.20477902889252,-1.33747363090515,5.37704563140869,1.09824287891388,-0.70632100105286,"(5.377046, 1.098243, -0.706321)",truck body CS,9.20386981964111,0.1,5.87973546981812,1.20477902889252,-1.33747363090515,-0.00001581455571,90.4039194014252,0.00000323543732
248,left road,248,0.29499998688698,0.0,5.79999971389771,0.34999999403954,0.0,-1.14999997615814,0.29499998688698,0.0,5.79999971389771,5.87973546981812,1.20477902889252,-1.33747363090515,5.3819408416748,1.09739136695862,-0.7012757062912,"(5.381941, 1.097391, -0.701276)",truck body CS,9.1424446105957,0.1,5.87973546981812,1.20477902889252,-1.33747363090515,-0.00001581455571,90.4039194014252,0.00000323543732
249,left road,249,0.39499998092651,0.0,5.79999971389771,0.44999998807907,0.0,-1.14999997615814,0.39499998092651,0.0,5.79999971389771,5.87973546981812,1.20477902889252,-1.33747363090515,5.38691377639771,1.0965256690979,-0.69614744186401,"(5.386914, 1.096526, -0.696147)",truck body CS,9.08170318603516,0.1,5.87973546981812,1.20477902889252,-1.33747363090515,-0.00001581455571,90.4039194014252,0.00000323543732
250,left road,250,0.49500000476837,0.0,5.79999971389771,0.55000001192093,0.0,-1.14999997615814,0.49500000476837,0.0,5.79999971389771,5.87973546981812,1.20477902889252,-1.33747363090515,5.392174243927,1.09569215774536,-0.69120967388153,"(5.392174, 1.095692, -0.69121)",truck body CS,9.02166271209717,0.1,5.87973546981812,1.20477902889252,-1.33747363090515,-0.00001581455571,90.4039194014252,0.00000323543732
251,left road,251,0.59499996900558,0.0,5.79999971389771,0.64999997615814,0.0,-1.14999997615814,0.59499996900558,0.0,5.79999971389771,5.87973546981812,1.20477902889252,-1.33747363090515,5.39906644821167,1.09519934654236,-0.68828964233398,"(5.399066, 1.095199, -0.68829)",truck body CS,8.96233463287354,0.1,5.87973546981812,1.20477902889252,-1.33747363090515,-0.00001581455571,90.4039194014252,0.00000323543732
252,left road,252,0.69499999284744,0.0,5.79999971389771,0.75,0.0,-1.14999997615814,0.69499999284744,0.0,5.79999971389771,5.87973546981812,1.20477902889252,-1.33747363090515,5.4094934463501,1.09550857543945,-0.69012272357941,"(5.409493, 1.095509, -0.690123)",truck body CS,8.90373516082764,0.1,5.87973546981812,1.20477902889252,-1.33747363090515,-0.00001581455571,90.4039194014252,0.00000323543732
253,left road,253,0.7950000166893,0.0,5.79999971389771,0.85000002384186,0.0,-1.14999997615814,0.7950000166893,0.0,5.79999971389771,5.87973546981812,1.20477902889252,-1.33747363090515,5.41970300674438,1.09577870368958,-0.69172239303589,"(5.419703, 1.095779, -0.691722)",truck body CS,8.8458776473999,0.1,5.87973546981812,1.20477902889252,-1.33747363090515,-0.00001581455571,90.4039194014252,0.00000323543732
254,left road,254,0.89499998092651,0.0,5.79999971389771,0.94999998807907,0.0,-1.14999997615814,0.89499998092651,0.0,5.79999971389771,5.87973546981812,1.20477902889252,-1.33747363090515,5.4298620223999,1.09604740142822,-0.69331431388855,"(5.429862, 1.096047, -0.693314)",truck body CS,8.78877735137939,0.1,5.87973546981812,1.20477902889252,-1.33747363090515,-0.00001581455571,90.4039194014252,0.00000323543732
255,left road,255,0.99499994516373,0.0,5.79999971389771,1.04999995231628,0.0,-1.14999997615814,0.99499994516373,0.0,5.79999971389771,5.87973546981812,1.20477902889252,-1.33747363090515,5.43997192382813,1.09631502628326,-0.69489979743958,"(5.439972, 1.096315, -0.6949)",truck body CS,8.73244857788086,0.1,5.87973546981812,1.20477902889252,-1.33747363090515,-0.00001581455571,90.4039194014252,0.00000323543732
256,left road,256,1.09500002861023,0.0,5.79999971389771,1.14999997615814,0.0,-1.14999997615814,1.09500002861023,0.0,5.79999971389771,5.87973546981812,1.20477902889252,-1.33747363090515,5.4531307220459,1.09736144542694,-0.70109891891479,"(5.453131, 1.097361, -0.701099)",truck body CS,8.67690658569336,0.1,5.87973546981812,1.20477902889252,-1.33747363090515,-0.00001581455571,90.4039194014252,0.00000323543732
257,left road,257,1.19500005245209,0.0,5.79999971389771,1.25,0.0,-1.14999997615814,1.19500005245209,0.0,5.79999971389771,5.87973546981812,1.20477902889252,-1.33747363090515,5.84676456451416,1.19629991054535,-1.28724038600922,"(5.846765, 1.1963, -1.28724)",EyeArea,8.62216663360596,0.1,5.87973546981812,1.20477902889252,-1.33747363090515,-0.00001581455571,90.4039194014252,0.00000323543732
258,left road,258,1.29500007629395,0.0,5.79999971389771,1.35000002384186,0.0,-1.14999997615814,1.29500007629395,0.0,5.79999971389771,5.87973546981812,1.20477902889252,-1.33747363090515,5.84747171401978,1.19630074501038,-1.28724527359009,"(5.847472, 1.196301, -1.287245)",EyeArea,8.56824398040771,0.1,5.87973546981812,1.20477902889252,-1.33747363090515,-0.00001581455571,90.4039194014252,0.00000323543732
259,left road,259,1.3950001001358,0.0,5.79999971389771,1.45000004768372,0.0,-1.14999997615814,1.3950001001358,0.0,5.79999971389771,5.87973546981812,1.20477902889252,-1.33747363090515,5.84817886352539,1.1963015794754,-1.28725028038025,"(5.848179, 1.196302, -1.28725)",EyeArea,8.51515483856201,0.1,5.87973546981812,1.20477902889252,-1.33747363090515,-0.00001581455571,90.4039194014252,0.00000323543732
260,left road,260,1.49500000476837,0.0,5.79999971389771,1.54999995231628,0.0,-1.14999997615814,1.49500000476837,0.0,5.79999971389771,5.87973546981812,1.20477902889252,-1.33747363090515,5.84888553619385,1.19630241394043,-1.28725528717041,"(5.848886, 1.196302, -1.287255)",EyeArea,8.46291446685791,0.1,5.87973546981812,1.20477902889252,-1.33747363090515,-0.00001581455571,90.4039194014252,0.00000323543732
261,left road,261,1.59500002861023,0.0,5.79999971389771,1.64999997615814,0.0,-1.14999997615814,1.59500002861023,0.0,5.79999971389771,5.87973546981812,1.20477902889252,-1.33747363090515,5.8495922088623,1.19630312919617,-1.28726029396057,"(5.849592, 1.196303, -1.28726)",EyeArea,8.41153812408447,0.1,5.87973546981812,1.20477902889252,-1.33747363090515,-0.00001581455571,90.4039194014252,0.00000323543732
262,left road,262,1.69500005245209,0.0,5.79999971389771,1.75,0.0,-1.14999997615814,1.69500005245209,0.0,5.79999971389771,5.87973546981812,1.20477902889252,-1.33747363090515,5.85029792785645,1.19630408287048,-1.28726530075073,"(5.850298, 1.196304, -1.287265)",EyeArea,8.36104202270508,0.1,5.87973546981812,1.20477902889252,-1.33747363090515,-0.00001581455571,90.4039194014252,0.00000323543732
263,left road,263,1.79500007629395,0.0,5.79999971389771,1.85000002384186,0.0,-1.14999997615814,1.79500007629395,0.0,5.79999971389771,5.87973546981812,1.20477902889252,-1.33747363090515,5.8510046005249,1.1963050365448,-1.2872701883316,"(5.851005, 1.196305, -1.28727)",EyeArea,8.31144237518311,0.1,5.87973546981812,1.20477902889252,-1.33747363090515,-0.00001581455571,90.4039194014252,0.00000323543732
264,left road,264,1.8950001001358,0.0,5.79999971389771,1.95000004768372,0.0,-1.14999997615814,1.8950001001358,0.0,5.79999971389771,5.87973546981812,1.20477902889252,-1.33747363090515,5.8517107963562,1.19630587100983,-1.28727519512177,"(5.851711, 1.196306, -1.287275)",EyeArea,8.26275539398193,0.1,5.87973546981812,1.20477902889252,-1.33747363090515,-0.00001581455571,90.4039194014252,0.00000323543732
265,left road,265,1.99500000476837,0.0,5.79999971389771,2.04999995231628,0.0,-1.14999997615814,1.99500000476837,0.0,5.79999971389771,5.87973546981812,1.20477902889252,-1.33747363090515,5.85241651535034,1.19630658626556,-1.28728020191193,"(5.852417, 1.196307, -1.28728)",EyeArea,8.21499824523926,0.1,5.87973546981812,1.20477902889252,-1.33747363090515,-0.00001581455571,90.4039194014252,0.00000323543732
266,left road,266,2.09500002861023,0.0,5.79999971389771,2.15000009536743,0.0,-1.14999997615814,2.09500002861023,0.0,5.79999971389771,5.87973546981812,1.20477902889252,-1.33747363090515,5.85312223434448,1.19630742073059,-1.28728520870209,"(5.853122, 1.196307, -1.287285)",EyeArea,8.16818428039551,0.1,5.87973546981812,1.20477902889252,-1.33747363090515,-0.00001581455571,90.4039194014252,0.00000323543732
267,left road,267,2.1949999332428,0.0,5.79999971389771,2.25,0.0,-1.14999997615814,2.1949999332428,0.0,5.79999971389771,5.87973546981812,1.20477902889252,-1.33747363090515,5.85382843017578,1.19630837440491,-1.28729009628296,"(5.853828, 1.196308, -1.28729)",EyeArea,8.12233257293701,0.1,5.87973546981812,1.20477902889252,-1.33747363090515,-0.00001581455571,90.4039194014252,0.00000323543732
268,left road,268,2.29499983787537,0.0,5.79999971389771,2.34999990463257,0.0,-1.14999997615814,2.29499983787537,0.0,5.79999971389771,5.87973546981812,1.20477902889252,-1.33747363090515,5.85453414916992,1.19630908966064,-1.28729510307312,"(5.854534, 1.196309, -1.287295)",EyeArea,8.07745933532715,0.1,5.87973546981812,1.20477902889252,-1.33747363090515,-0.00001581455571,90.4039194014252,0.00000323543732
269,left road,269,2.39499998092651,0.0,5.79999971389771,2.45000004768372,0.0,-1.14999997615814,2.39499998092651,0.0,5.79999971389771,5.87973546981812,1.20477902889252,-1.33747363090515,5.8552393913269,1.19630992412567,-1.28730010986328,"(5.855239, 1.19631, -1.2873)",EyeArea,8.03357982635498,0.1,5.87973546981812,1.20477902889252,-1.33747363090515,-0.00001581455571,90.4039194014252,0.00000323543732
270,left road,270,2.49499988555908,0.0,5.79999971389771,2.54999995231628,0.0,-1.14999997615814,2.49499988555908,0.0,5.79999971389771,5.87973546981812,1.20477902889252,-1.33747363090515,5.85594463348389,1.1963107585907,-1.28730499744415,"(5.855945, 1.196311, -1.287305)",EyeArea,7.99071025848389,0.1,5.87973546981812,1.20477902889252,-1.33747363090515,-0.00001581455571,90.4039194014252,0.00000323543732
271,left road,271,2.59500002861023,0.0,5.79999971389771,2.65000009536743,0.0,-1.14999997615814,2.59500002861023,0.0,5.79999971389771,5.87973546981812,1.20477902889252,-1.33747363090515,5.85664987564087,1.19631171226501,-1.28731000423431,"(5.85665, 1.196312, -1.28731)",EyeArea,7.94886779785156,0.1,5.87973546981812,1.20477902889252,-1.33747363090515,-0.00001581455571,90.4039194014252,0.00000323543732
272,left road,272,2.6949999332428,0.0,5.79999971389771,2.75,0.0,-1.14999997615814,2.6949999332428,0.0,5.79999971389771,5.87973546981812,1.20477902889252,-1.33747363090515,5.85735464096069,1.19631254673004,-1.28731501102448,"(5.857355, 1.196313, -1.287315)",EyeArea,7.90806913375854,0.1,5.87973546981812,1.20477902889252,-1.33747363090515,-0.00001581455571,90.4039194014252,0.00000323543732
273,left road,273,2.79499983787537,0.0,5.79999971389771,2.84999990463257,0.0,-1.14999997615814,2.79499983787537,0.0,5.79999971389771,5.87973546981812,1.20477902889252,-1.33747363090515,5.85805988311768,1.19631338119507,-1.28732001781464,"(5.85806, 1.196313, -1.28732)",EyeArea,7.8683295249939,0.1,5.87973546981812,1.20477902889252,-1.33747363090515,-0.00001581455571,90.4039194014252,0.00000323543732
274,left road,274,2.89499998092651,0.0,5.79999971389771,2.95000004768372,0.0,-1.14999997615814,2.89499998092651,0.0,5.79999971389771,5.87973546981812,1.20477902889252,-1.33747363090515,5.85876417160034,1.19631409645081,-1.28732490539551,"(5.858764, 1.196314, -1.287325)",EyeArea,7.82966566085815,0.1,5.87973546981812,1.20477902889252,-1.33747363090515,-0.00001581455571,90.4039194014252,0.00000323543732
275,left road,275,2.99499988555908,0.0,5.79999971389771,3.04999995231628,0.0,-1.14999997615814,2.99499988555908,0.0,5.79999971389771,5.87973546981812,1.20477902889252,-1.33747363090515,5.85946893692017,1.19631493091583,-1.28732991218567,"(5.859469, 1.196315, -1.28733)",EyeArea,7.79209280014038,0.1,5.87973546981812,1.20477902889252,-1.33747363090515,-0.00001581455571,90.4039194014252,0.00000323543732
276,left road,276,3.09500002861023,0.0,5.79999971389771,3.15000009536743,0.0,-1.14999997615814,3.09500002861023,0.0,5.79999971389771,5.87973546981812,1.20477902889252,-1.33747363090515,5.86017370223999,1.19631588459015,-1.28733491897583,"(5.860174, 1.196316, -1.287335)",EyeArea,7.75562810897827,0.1,5.87973546981812,1.20477902889252,-1.33747363090515,-0.00001581455571,90.4039194014252,0.00000323543732
277,left road,277,3.1949999332428,0.0,5.79999971389771,3.25,0.0,-1.14999997615814,3.1949999332428,0.0,5.79999971389771,5.87973546981812,1.20477902889252,-1.33747363090515,5.86087799072266,1.19631671905518,-1.2873398065567,"(5.860878, 1.196317, -1.28734)",EyeArea,7.72028636932373,0.1,5.87973546981812,1.20477902889252,-1.33747363090515,-0.00001581455571,90.4039194014252,0.00000323543732
278,left road,278,3.29499983787537,0.0,5.79999971389771,3.34999990463257,0.0,-1.14999997615814,3.29499983787537,0.0,5.79999971389771,5.87973546981812,1.20477902889252,-1.33747363090515,5.86158227920532,1.19631743431091,-1.28734481334686,"(5.861582, 1.196317, -1.287345)",EyeArea,7.68608331680298,0.1,5.87973546981812,1.20477902889252,-1.33747363090515,-0.00001581455571,90.4039194014252,0.00000323543732
279,left road,279,3.39499998092651,0.0,5.79999971389771,3.45000004768372,0.0,-1.14999997615814,3.39499998092651,0.0,5.79999971389771,5.87973546981812,1.20477902889252,-1.33747363090515,5.86228609085083,1.19631838798523,-1.28734970092773,"(5.862286, 1.196318, -1.28735)",EyeArea,7.65303373336792,0.1,5.87973546981812,1.20477902889252,-1.33747363090515,-0.00001581455571,90.4039194014252,0.00000323543732
280,left road,280,-3.50500011444092,0.0,5.89999961853027,-3.45000004768372,0.0,-1.04999995231628,-3.50500011444092,0.0,5.89999961853027,5.87973546981812,1.20477902889252,-1.33747363090515,5.83000516891479,1.19839477539063,-1.29912149906158,"(5.830005, 1.198395, -1.299121)",EyeArea,11.9124202728271,0.1,5.87973546981812,1.20477902889252,-1.33747363090515,-0.00001581455571,90.4039194014252,0.00000323543732
281,left road,281,-3.40499997138977,0.0,5.89999961853027,-3.34999990463257,0.0,-1.04999995231628,-3.40499997138977,0.0,5.89999961853027,5.87973546981812,1.20477902889252,-1.33747363090515,5.83000802993774,1.19832646846771,-1.29871094226837,"(5.830008, 1.198326, -1.298711)",EyeArea,11.8338003158569,0.1,5.87973546981812,1.20477902889252,-1.33747363090515,-0.00001581455571,90.4039194014252,0.00000323543732
282,left road,282,-3.3050000667572,0.0,5.89999961853027,-3.25,0.0,-1.04999995231628,-3.3050000667572,0.0,5.89999961853027,5.87973546981812,1.20477902889252,-1.33747363090515,5.83001089096069,1.19825661182404,-1.29829132556915,"(5.830011, 1.198257, -1.298291)",EyeArea,11.7555046081543,0.1,5.87973546981812,1.20477902889252,-1.33747363090515,-0.00001581455571,90.4039194014252,0.00000323543732
283,left road,283,-3.20500016212463,0.0,5.89999961853027,-3.15000009536743,0.0,-1.04999995231628,-3.20500016212463,0.0,5.89999961853027,5.87973546981812,1.20477902889252,-1.33747363090515,5.83001375198364,1.19818520545959,-1.29786264896393,"(5.830014, 1.198185, -1.297863)",EyeArea,11.6775398254395,0.1,5.87973546981812,1.20477902889252,-1.33747363090515,-0.00001581455571,90.4039194014252,0.00000323543732
284,left road,284,-3.10500001907349,0.0,5.89999961853027,-3.04999995231628,0.0,-1.04999995231628,-3.10500001907349,0.0,5.89999961853027,5.87973546981812,1.20477902889252,-1.33747363090515,5.83001708984375,1.19811224937439,-1.29742443561554,"(5.830017, 1.198112, -1.297424)",EyeArea,11.5999126434326,0.1,5.87973546981812,1.20477902889252,-1.33747363090515,-0.00001581455571,90.4039194014252,0.00000323543732
285,left road,285,-3.00500011444092,0.0,5.89999961853027,-2.95000004768372,0.0,-1.04999995231628,-3.00500011444092,0.0,5.89999961853027,5.87973546981812,1.20477902889252,-1.33747363090515,5.8300199508667,1.19803762435913,-1.29697573184967,"(5.83002, 1.198038, -1.296976)",EyeArea,11.5226306915283,0.1,5.87973546981812,1.20477902889252,-1.33747363090515,-0.00001581455571,90.4039194014252,0.00000323543732
286,left road,286,-2.90499997138977,0.0,5.89999961853027,-2.84999990463257,0.0,-1.04999995231628,-2.90499997138977,0.0,5.89999961853027,5.87973546981812,1.20477902889252,-1.33747363090515,5.83002328872681,1.19796109199524,-1.29651665687561,"(5.830023, 1.197961, -1.296517)",EyeArea,11.4457015991211,0.1,5.87973546981812,1.20477902889252,-1.33747363090515,-0.00001581455571,90.4039194014252,0.00000323543732
287,left road,287,-2.8050000667572,0.0,5.89999961853027,-2.75,0.0,-1.04999995231628,-2.8050000667572,0.0,5.89999961853027,5.87973546981812,1.20477902889252,-1.33747363090515,5.83002662658691,1.19788336753845,-1.29604983329773,"(5.830027, 1.197883, -1.29605)",EyeArea,11.3691310882568,0.1,5.87973546981812,1.20477902889252,-1.33747363090515,-0.00001581455571,90.4039194014252,0.00000323543732
288,left road,288,-2.70500016212463,0.0,5.89999961853027,-2.65000009536743,0.0,-1.04999995231628,-2.70500016212463,0.0,5.89999961853027,5.87973546981812,1.20477902889252,-1.33747363090515,5.29732704162598,1.12304401397705,-0.84646672010422,"(5.297327, 1.123044, -0.846467)",truck body CS,11.2929277420044,0.1,5.87973546981812,1.20477902889252,-1.33747363090515,-0.00001581455571,90.4039194014252,0.00000323543732
289,left road,289,-2.60500001907349,0.0,5.89999961853027,-2.54999995231628,0.0,-1.04999995231628,-2.60500001907349,0.0,5.89999961853027,5.87973546981812,1.20477902889252,-1.33747363090515,5.29875421524048,1.12228322029114,-0.84189689159393,"(5.298754, 1.122283, -0.841897)",truck body CS,11.2170963287354,0.1,5.87973546981812,1.20477902889252,-1.33747363090515,-0.00001581455571,90.4039194014252,0.00000323543732
290,left road,290,-2.50500011444092,0.0,5.89999961853027,-2.45000004768372,0.0,-1.04999995231628,-2.50500011444092,0.0,5.89999961853027,5.87973546981812,1.20477902889252,-1.33747363090515,5.30020666122437,1.12150812149048,-0.83724057674408,"(5.300207, 1.121508, -0.837241)",truck body CS,11.1416463851929,0.1,5.87973546981812,1.20477902889252,-1.33747363090515,-0.00001581455571,90.4039194014252,0.00000323543732
291,left road,291,-2.40499997138977,0.0,5.89999961853027,-2.34999990463257,0.0,-1.04999995231628,-2.40499997138977,0.0,5.89999961853027,5.87973546981812,1.20477902889252,-1.33747363090515,5.30168867111206,1.12071859836578,-0.83249717950821,"(5.301689, 1.120719, -0.832497)",truck body CS,11.0665874481201,0.1,5.87973546981812,1.20477902889252,-1.33747363090515,-0.00001581455571,90.4039194014252,0.00000323543732
292,left road,292,-2.3050000667572,0.0,5.89999961853027,-2.25,0.0,-1.04999995231628,-2.3050000667572,0.0,5.89999961853027,5.87973546981812,1.20477902889252,-1.33747363090515,5.30319595336914,1.11991345882416,-0.82765996456146,"(5.303196, 1.119913, -0.82766)",truck body CS,10.9919242858887,0.1,5.87973546981812,1.20477902889252,-1.33747363090515,-0.00001581455571,90.4039194014252,0.00000323543732
293,left road,293,-2.20500016212463,0.0,5.89999961853027,-2.15000009536743,0.0,-1.04999995231628,-2.20500016212463,0.0,5.89999961853027,5.87973546981812,1.20477902889252,-1.33747363090515,5.30473470687866,1.11909294128418,-0.82273143529892,"(5.304735, 1.119093, -0.822731)",truck body CS,10.917667388916,0.1,5.87973546981812,1.20477902889252,-1.33747363090515,-0.00001581455571,90.4039194014252,0.00000323543732
294,left road,294,-2.10500001907349,0.0,5.89999961853027,-2.04999995231628,0.0,-1.04999995231628,-2.10500001907349,0.0,5.89999961853027,5.87973546981812,1.20477902889252,-1.33747363090515,5.30630254745483,1.11825633049011,-0.81770604848862,"(5.306303, 1.118256, -0.817706)",truck body CS,10.8438234329224,0.1,5.87973546981812,1.20477902889252,-1.33747363090515,-0.00001581455571,90.4039194014252,0.00000323543732
295,left road,295,-2.00500011444092,0.0,5.89999961853027,-1.95000004768372,0.0,-1.04999995231628,-2.00500011444092,0.0,5.89999961853027,5.87973546981812,1.20477902889252,-1.33747363090515,5.30790233612061,1.11740350723267,-0.81258201599121,"(5.307902, 1.117404, -0.812582)",truck body CS,10.7704029083252,0.1,5.87973546981812,1.20477902889252,-1.33747363090515,-0.00001581455571,90.4039194014252,0.00000323543732
296,left road,296,-1.90499997138977,0.0,5.89999961853027,-1.85000002384186,0.0,-1.04999995231628,-1.90499997138977,0.0,5.89999961853027,5.87973546981812,1.20477902889252,-1.33747363090515,5.30953407287598,1.11653351783752,-0.80735695362091,"(5.309534, 1.116534, -0.807357)",truck body CS,10.6974115371704,0.1,5.87973546981812,1.20477902889252,-1.33747363090515,-0.00001581455571,90.4039194014252,0.00000323543732
297,left road,297,-1.80499994754791,0.0,5.89999961853027,-1.75,0.0,-1.04999995231628,-1.80499994754791,0.0,5.89999961853027,5.87973546981812,1.20477902889252,-1.33747363090515,5.31119823455811,1.11564612388611,-0.80202525854111,"(5.311198, 1.115646, -0.802025)",truck body CS,10.6248607635498,0.1,5.87973546981812,1.20477902889252,-1.33747363090515,-0.00001581455571,90.4039194014252,0.00000323543732
298,left road,298,-1.70499992370605,0.0,5.89999961853027,-1.64999997615814,0.0,-1.04999995231628,-1.70499992370605,0.0,5.89999961853027,5.87973546981812,1.20477902889252,-1.33747363090515,5.31289386749268,1.1147403717041,-0.79658454656601,"(5.312894, 1.11474, -0.796585)",truck body CS,10.5527591705322,0.1,5.87973546981812,1.20477902889252,-1.33747363090515,-0.00001581455571,90.4039194014252,0.00000323543732
299,left road,299,-1.6049998998642,0.0,5.89999961853027,-1.54999995231628,0.0,-1.04999995231628,-1.6049998998642,0.0,5.89999961853027,5.87973546981812,1.20477902889252,-1.33747363090515,5.31462812423706,1.11381649971008,-0.79103428125381,"(5.314628, 1.113816, -0.791034)",truck body CS,10.4811153411865,0.1,5.87973546981812,1.20477902889252,-1.33747363090515,-0.00001581455571,90.4039194014252,0.00000323543732
300,left road,300,-1.50499999523163,0.0,5.89999961853027,-1.45000004768372,0.0,-1.04999995231628,-1.50499999523163,0.0,5.89999961853027,5.87973546981812,1.20477902889252,-1.33747363090515,5.31639623641968,1.11287331581116,-0.78536826372147,"(5.316396, 1.112873, -0.785368)",truck body CS,10.4099397659302,0.1,5.87973546981812,1.20477902889252,-1.33747363090515,-0.00001581455571,90.4039194014252,0.00000323543732
301,left road,301,-1.40499997138977,0.0,5.89999961853027,-1.35000002384186,0.0,-1.04999995231628,-1.40499997138977,0.0,5.89999961853027,5.87973546981812,1.20477902889252,-1.33747363090515,5.31820154190063,1.11191010475159,-0.77958226203918,"(5.318202, 1.11191, -0.779582)",truck body CS,10.3392400741577,0.1,5.87973546981812,1.20477902889252,-1.33747363090515,-0.00001581455571,90.4039194014252,0.00000323543732
302,left road,302,-1.30499994754791,0.0,5.89999961853027,-1.25,0.0,-1.04999995231628,-1.30499994754791,0.0,5.89999961853027,5.87973546981812,1.20477902889252,-1.33747363090515,5.32004547119141,1.11092686653137,-0.77367568016052,"(5.320045, 1.110927, -0.773676)",truck body CS,10.2690286636353,0.1,5.87973546981812,1.20477902889252,-1.33747363090515,-0.00001581455571,90.4039194014252,0.00000323543732
303,left road,303,-1.20499992370605,0.0,5.89999961853027,-1.14999997615814,0.0,-1.04999995231628,-1.20499992370605,0.0,5.89999961853027,5.87973546981812,1.20477902889252,-1.33747363090515,5.32306528091431,1.11011564731598,-0.76880156993866,"(5.323065, 1.110116, -0.768802)",truck body CS,10.1993131637573,0.1,5.87973546981812,1.20477902889252,-1.33747363090515,-0.00001581455571,90.4039194014252,0.00000323543732
304,left road,304,-1.1049998998642,0.0,5.89999961853027,-1.04999995231628,0.0,-1.04999995231628,-1.1049998998642,0.0,5.89999961853027,5.87973546981812,1.20477902889252,-1.33747363090515,5.32665634155273,1.10937976837158,-0.76438122987747,"(5.326656, 1.10938, -0.764381)",truck body CS,10.13010597229,0.1,5.87973546981812,1.20477902889252,-1.33747363090515,-0.00001581455571,90.4039194014252,0.00000323543732
305,left road,305,-1.00499999523163,0.0,5.89999961853027,-0.94999998807907,0.0,-1.04999995231628,-1.00499999523163,0.0,5.89999961853027,5.87973546981812,1.20477902889252,-1.33747363090515,5.33030414581299,1.1086323261261,-0.75989240407944,"(5.330304, 1.108632, -0.759892)",truck body CS,10.0614166259766,0.1,5.87973546981812,1.20477902889252,-1.33747363090515,-0.00001581455571,90.4039194014252,0.00000323543732
306,left road,306,-0.90500003099442,0.0,5.89999961853027,-0.85000002384186,0.0,-1.04999995231628,-0.90500003099442,0.0,5.89999961853027,5.87973546981812,1.20477902889252,-1.33747363090515,5.33400917053223,1.10787320137024,-0.75533127784729,"(5.334009, 1.107873, -0.755331)",truck body CS,9.99325561523438,0.1,5.87973546981812,1.20477902889252,-1.33747363090515,-0.00001581455571,90.4039194014252,0.00000323543732
307,left road,307,-0.80500000715256,0.0,5.89999961853027,-0.75,0.0,-1.04999995231628,-0.80500000715256,0.0,5.89999961853027,5.87973546981812,1.20477902889252,-1.33747363090515,5.33777332305908,1.10710215568542,-0.75069856643677,"(5.337773, 1.107102, -0.750699)",truck body CS,9.92563343048096,0.1,5.87973546981812,1.20477902889252,-1.33747363090515,-0.00001581455571,90.4039194014252,0.00000323543732
308,left road,308,-0.7049999833107,0.0,5.89999961853027,-0.64999997615814,0.0,-1.04999995231628,-0.7049999833107,0.0,5.89999961853027,5.87973546981812,1.20477902889252,-1.33747363090515,5.34159803390503,1.10631847381592,-0.74599063396454,"(5.341598, 1.106318, -0.745991)",truck body CS,9.85856246948242,0.1,5.87973546981812,1.20477902889252,-1.33747363090515,-0.00001581455571,90.4039194014252,0.00000323543732
309,left road,309,-0.60500001907349,0.0,5.89999961853027,-0.55000001192093,0.0,-1.04999995231628,-0.60500001907349,0.0,5.89999961853027,5.87973546981812,1.20477902889252,-1.33747363090515,5.3454852104187,1.10552227497101,-0.74120807647705,"(5.345485, 1.105522, -0.741208)",truck body CS,9.79205322265625,0.1,5.87973546981812,1.20477902889252,-1.33747363090515,-0.00001581455571,90.4039194014252,0.00000323543732
310,left road,310,-0.50499999523163,0.0,5.89999961853027,-0.44999998807907,0.0,-1.04999995231628,-0.50499999523163,0.0,5.89999961853027,5.87973546981812,1.20477902889252,-1.33747363090515,5.34943532943726,1.10471296310425,-0.73634660243988,"(5.349435, 1.104713, -0.736347)",truck body CS,9.72611808776855,0.1,5.87973546981812,1.20477902889252,-1.33747363090515,-0.00001581455571,90.4039194014252,0.00000323543732
311,left road,311,-0.40500000119209,0.0,5.89999961853027,-0.34999999403954,0.0,-1.04999995231628,-0.40500000119209,0.0,5.89999961853027,5.87973546981812,1.20477902889252,-1.33747363090515,5.35347175598145,1.10389471054077,-0.73143076896667,"(5.353472, 1.103895, -0.731431)",truck body CS,9.6607666015625,0.1,5.87973546981812,1.20477902889252,-1.33747363090515,-0.00001581455571,90.4039194014252,0.00000323543732
312,left road,312,-0.30500000715256,0.0,5.89999961853027,-0.25,0.0,-1.04999995231628,-0.30500000715256,0.0,5.89999961853027,5.87973546981812,1.20477902889252,-1.33747363090515,5.35793876647949,1.10313367843628,-0.7268585562706,"(5.357939, 1.103134, -0.726859)",truck body CS,9.59601306915283,0.1,5.87973546981812,1.20477902889252,-1.33747363090515,-0.00001581455571,90.4039194014252,0.00000323543732
313,left road,313,-0.20500001311302,0.0,5.89999961853027,-0.15000000596046,0.0,-1.04999995231628,-0.20500001311302,0.0,5.89999961853027,5.87973546981812,1.20477902889252,-1.33747363090515,5.36247205734253,1.10236072540283,-0.72221601009369,"(5.362472, 1.102361, -0.722216)",truck body CS,9.53186893463135,0.1,5.87973546981812,1.20477902889252,-1.33747363090515,-0.00001581455571,90.4039194014252,0.00000323543732
314,left road,314,-0.10500000417233,0.0,5.89999961853027,-0.05000000074506,0.0,-1.04999995231628,-0.10500000417233,0.0,5.89999961853027,5.87973546981812,1.20477902889252,-1.33747363090515,5.36707592010498,1.10157632827759,-0.71750271320343,"(5.367076, 1.101576, -0.717503)",truck body CS,9.46834564208984,0.1,5.87973546981812,1.20477902889252,-1.33747363090515,-0.00001581455571,90.4039194014252,0.00000323543732
315,left road,315,-0.00499999895692,0.0,5.89999961853027,0.05000000074506,0.0,-1.04999995231628,-0.00499999895692,0.0,5.89999961853027,5.87973546981812,1.20477902889252,-1.33747363090515,5.37174940109253,1.10077929496765,-0.71271586418152,"(5.371749, 1.100779, -0.712716)",truck body CS,9.40545749664307,0.1,5.87973546981812,1.20477902889252,-1.33747363090515,-0.00001581455571,90.4039194014252,0.00000323543732
316,left road,316,0.09500000625849,0.0,5.89999961853027,0.15000000596046,0.0,-1.04999995231628,0.09500000625849,0.0,5.89999961853027,5.87973546981812,1.20477902889252,-1.33747363090515,5.37649774551392,1.09997034072876,-0.70785629749298,"(5.376498, 1.09997, -0.707856)",truck body CS,9.34321594238281,0.1,5.87973546981812,1.20477902889252,-1.33747363090515,-0.00001581455571,90.4039194014252,0.00000323543732
317,left road,317,0.19499999284744,0.0,5.89999961853027,0.25,0.0,-1.04999995231628,0.19499999284744,0.0,5.89999961853027,5.87973546981812,1.20477902889252,-1.33747363090515,5.38131999969482,1.09914875030518,-0.70292043685913,"(5.38132, 1.099149, -0.70292)",truck body CS,9.28163433074951,0.1,5.87973546981812,1.20477902889252,-1.33747363090515,-0.00001581455571,90.4039194014252,0.00000323543732
318,left road,318,0.29499998688698,0.0,5.89999961853027,0.34999999403954,0.0,-1.04999995231628,0.29499998688698,0.0,5.89999961853027,5.87973546981812,1.20477902889252,-1.33747363090515,5.38621807098389,1.09831380844116,-0.69790518283844,"(5.386218, 1.098314, -0.697905)",truck body CS,9.22072601318359,0.1,5.87973546981812,1.20477902889252,-1.33747363090515,-0.00001581455571,90.4039194014252,0.00000323543732
319,left road,319,0.39499998092651,0.0,5.89999961853027,0.44999998807907,0.0,-1.04999995231628,0.39499998092651,0.0,5.89999961853027,5.87973546981812,1.20477902889252,-1.33747363090515,5.39119338989258,1.0974657535553,-0.69280922412872,"(5.391193, 1.097466, -0.692809)",truck body CS,9.16050434112549,0.1,5.87973546981812,1.20477902889252,-1.33747363090515,-0.00001581455571,90.4039194014252,0.00000323543732
320,left road,320,0.49500000476837,0.0,5.89999961853027,0.55000001192093,0.0,-1.04999995231628,0.49500000476837,0.0,5.89999961853027,5.87973546981812,1.20477902889252,-1.33747363090515,5.3965539932251,1.09667205810547,-0.68804252147675,"(5.396554, 1.096672, -0.688043)",truck body CS,9.10098361968994,0.1,5.87973546981812,1.20477902889252,-1.33747363090515,-0.00001581455571,90.4039194014252,0.00000323543732
321,left road,321,0.59499996900558,0.0,5.89999961853027,0.64999997615814,0.0,-1.04999995231628,0.59499996900558,0.0,5.89999961853027,5.87973546981812,1.20477902889252,-1.33747363090515,5.40674638748169,1.0969500541687,-0.68971216678619,"(5.406746, 1.09695, -0.689712)",truck body CS,9.04217624664307,0.1,5.87973546981812,1.20477902889252,-1.33747363090515,-0.00001581455571,90.4039194014252,0.00000323543732
322,left road,322,0.69499999284744,0.0,5.89999961853027,0.75,0.0,-1.04999995231628,0.69499999284744,0.0,5.89999961853027,5.87973546981812,1.20477902889252,-1.33747363090515,5.41682910919189,1.09721302986145,-0.69129252433777,"(5.416829, 1.097213, -0.691293)",truck body CS,8.98409652709961,0.1,5.87973546981812,1.20477902889252,-1.33747363090515,-0.00001581455571,90.4039194014252,0.00000323543732
323,left road,323,0.7950000166893,0.0,5.89999961853027,0.85000002384186,0.0,-1.04999995231628,0.7950000166893,0.0,5.89999961853027,5.87973546981812,1.20477902889252,-1.33747363090515,5.42686176300049,1.0974748134613,-0.6928653717041,"(5.426862, 1.097475, -0.692865)",truck body CS,8.92676067352295,0.1,5.87973546981812,1.20477902889252,-1.33747363090515,-0.00001581455571,90.4039194014252,0.00000323543732
324,left road,324,0.89499998092651,0.0,5.89999961853027,0.94999998807907,0.0,-1.04999995231628,0.89499998092651,0.0,5.89999961853027,5.87973546981812,1.20477902889252,-1.33747363090515,5.43687057495117,1.09774136543274,-0.6944659948349,"(5.436871, 1.097741, -0.694466)",truck body CS,8.87018013000488,0.1,5.87973546981812,1.20477902889252,-1.33747363090515,-0.00001581455571,90.4039194014252,0.00000323543732
325,left road,325,0.99499994516373,0.0,5.89999961853027,1.04999995231628,0.0,-1.04999995231628,0.99499994516373,0.0,5.89999961853027,5.87973546981812,1.20477902889252,-1.33747363090515,5.44814157485962,1.09833002090454,-0.69800233840942,"(5.448142, 1.09833, -0.698002)",truck body CS,8.81437206268311,0.1,5.87973546981812,1.20477902889252,-1.33747363090515,-0.00001581455571,90.4039194014252,0.00000323543732
326,left road,326,1.09500002861023,0.0,5.89999961853027,1.14999997615814,0.0,-1.04999995231628,1.09500002861023,0.0,5.89999961853027,5.87973546981812,1.20477902889252,-1.33747363090515,5.46458196640015,1.10024476051331,-0.70950448513031,"(5.464582, 1.100245, -0.709504)",truck body CS,8.75934982299805,0.1,5.87973546981812,1.20477902889252,-1.33747363090515,-0.00001581455571,90.4039194014252,0.00000323543732
327,left road,327,1.19500005245209,0.0,5.89999961853027,1.25,0.0,-1.04999995231628,1.19500005245209,0.0,5.89999961853027,5.87973546981812,1.20477902889252,-1.33747363090515,5.84722232818604,1.19641745090485,-1.28724360466003,"(5.847222, 1.196417, -1.287244)",EyeArea,8.70512866973877,0.1,5.87973546981812,1.20477902889252,-1.33747363090515,-0.00001581455571,90.4039194014252,0.00000323543732
328,left road,328,1.29500007629395,0.0,5.89999961853027,1.35000002384186,0.0,-1.04999995231628,1.29500007629395,0.0,5.89999961853027,5.87973546981812,1.20477902889252,-1.33747363090515,5.84791898727417,1.19641828536987,-1.28724849224091,"(5.847919, 1.196418, -1.287248)",EyeArea,8.65172290802002,0.1,5.87973546981812,1.20477902889252,-1.33747363090515,-0.00001581455571,90.4039194014252,0.00000323543732
329,left road,329,1.3950001001358,0.0,5.89999961853027,1.45000004768372,0.0,-1.04999995231628,1.3950001001358,0.0,5.89999961853027,5.87973546981812,1.20477902889252,-1.33747363090515,5.84861612319946,1.1964191198349,-1.28725337982178,"(5.848616, 1.196419, -1.287253)",EyeArea,8.59914875030518,0.1,5.87973546981812,1.20477902889252,-1.33747363090515,-0.00001581455571,90.4039194014252,0.00000323543732
330,left road,330,1.49500000476837,0.0,5.89999961853027,1.54999995231628,0.0,-1.04999995231628,1.49500000476837,0.0,5.89999961853027,5.87973546981812,1.20477902889252,-1.33747363090515,5.84931325912476,1.19642007350922,-1.28725826740265,"(5.849313, 1.19642, -1.287258)",EyeArea,8.54742240905762,0.1,5.87973546981812,1.20477902889252,-1.33747363090515,-0.00001581455571,90.4039194014252,0.00000323543732
331,left road,331,1.59500002861023,0.0,5.89999961853027,1.64999997615814,0.0,-1.04999995231628,1.59500002861023,0.0,5.89999961853027,5.87973546981812,1.20477902889252,-1.33747363090515,5.85001039505005,1.19642078876495,-1.28726315498352,"(5.85001, 1.196421, -1.287263)",EyeArea,8.49655628204346,0.1,5.87973546981812,1.20477902889252,-1.33747363090515,-0.00001581455571,90.4039194014252,0.00000323543732
332,left road,332,1.69500005245209,0.0,5.89999961853027,1.75,0.0,-1.04999995231628,1.69500005245209,0.0,5.89999961853027,5.87973546981812,1.20477902889252,-1.33747363090515,5.85070610046387,1.19642150402069,-1.28726816177368,"(5.850706, 1.196422, -1.287268)",EyeArea,8.44656944274902,0.1,5.87973546981812,1.20477902889252,-1.33747363090515,-0.00001581455571,90.4039194014252,0.00000323543732
333,left road,333,1.79500007629395,0.0,5.89999961853027,1.85000002384186,0.0,-1.04999995231628,1.79500007629395,0.0,5.89999961853027,5.87973546981812,1.20477902889252,-1.33747363090515,5.851402759552,1.19642233848572,-1.28727304935455,"(5.851403, 1.196422, -1.287273)",EyeArea,8.39747428894043,0.1,5.87973546981812,1.20477902889252,-1.33747363090515,-0.00001581455571,90.4039194014252,0.00000323543732
334,left road,334,1.8950001001358,0.0,5.89999961853027,1.95000004768372,0.0,-1.04999995231628,1.8950001001358,0.0,5.89999961853027,5.87973546981812,1.20477902889252,-1.33747363090515,5.85209894180298,1.19642317295074,-1.28727793693542,"(5.852099, 1.196423, -1.287278)",EyeArea,8.34928894042969,0.1,5.87973546981812,1.20477902889252,-1.33747363090515,-0.00001581455571,90.4039194014252,0.00000323543732
335,left road,335,1.99500000476837,0.0,5.89999961853027,2.04999995231628,0.0,-1.04999995231628,1.99500000476837,0.0,5.89999961853027,5.87973546981812,1.20477902889252,-1.33747363090515,5.85279560089111,1.19642412662506,-1.2872828245163,"(5.852796, 1.196424, -1.287283)",EyeArea,8.30202960968018,0.1,5.87973546981812,1.20477902889252,-1.33747363090515,-0.00001581455571,90.4039194014252,0.00000323543732
336,left road,336,2.09500002861023,0.0,5.89999961853027,2.15000009536743,0.0,-1.04999995231628,2.09500002861023,0.0,5.89999961853027,5.87973546981812,1.20477902889252,-1.33747363090515,5.85349130630493,1.19642496109009,-1.28728771209717,"(5.853491, 1.196425, -1.287288)",EyeArea,8.25570964813232,0.1,5.87973546981812,1.20477902889252,-1.33747363090515,-0.00001581455571,90.4039194014252,0.00000323543732
337,left road,337,2.1949999332428,0.0,5.89999961853027,2.25,0.0,-1.04999995231628,2.1949999332428,0.0,5.89999961853027,5.87973546981812,1.20477902889252,-1.33747363090515,5.85418701171875,1.19642567634583,-1.28729271888733,"(5.854187, 1.196426, -1.287293)",EyeArea,8.21034622192383,0.1,5.87973546981812,1.20477902889252,-1.33747363090515,-0.00001581455571,90.4039194014252,0.00000323543732
338,left road,338,2.29499983787537,0.0,5.89999961853027,2.34999990463257,0.0,-1.04999995231628,2.29499983787537,0.0,5.89999961853027,5.87973546981812,1.20477902889252,-1.33747363090515,5.85488319396973,1.19642651081085,-1.2872976064682,"(5.854883, 1.196427, -1.287298)",EyeArea,8.16595649719238,0.1,5.87973546981812,1.20477902889252,-1.33747363090515,-0.00001581455571,90.4039194014252,0.00000323543732
339,left road,339,2.39499998092651,0.0,5.89999961853027,2.45000004768372,0.0,-1.04999995231628,2.39499998092651,0.0,5.89999961853027,5.87973546981812,1.20477902889252,-1.33747363090515,5.85557889938354,1.19642734527588,-1.28730249404907,"(5.855579, 1.196427, -1.287302)",EyeArea,8.12255477905273,0.1,5.87973546981812,1.20477902889252,-1.33747363090515,-0.00001581455571,90.4039194014252,0.00000323543732
340,left road,340,2.49499988555908,0.0,5.89999961853027,2.54999995231628,0.0,-1.04999995231628,2.49499988555908,0.0,5.89999961853027,5.87973546981812,1.20477902889252,-1.33747363090515,5.85627412796021,1.19642817974091,-1.28730738162994,"(5.856274, 1.196428, -1.287307)",EyeArea,8.08015727996826,0.1,5.87973546981812,1.20477902889252,-1.33747363090515,-0.00001581455571,90.4039194014252,0.00000323543732
341,left road,341,2.59500002861023,0.0,5.89999961853027,2.65000009536743,0.0,-1.04999995231628,2.59500002861023,0.0,5.89999961853027,5.87973546981812,1.20477902889252,-1.33747363090515,5.85696935653687,1.19642889499664,-1.28731226921082,"(5.856969, 1.196429, -1.287312)",EyeArea,8.03878116607666,0.1,5.87973546981812,1.20477902889252,-1.33747363090515,-0.00001581455571,90.4039194014252,0.00000323543732
342,left road,342,2.6949999332428,0.0,5.89999961853027,2.75,0.0,-1.04999995231628,2.6949999332428,0.0,5.89999961853027,5.87973546981812,1.20477902889252,-1.33747363090515,5.85766458511353,1.19642972946167,-1.28731715679169,"(5.857665, 1.19643, -1.287317)",EyeArea,7.99844074249268,0.1,5.87973546981812,1.20477902889252,-1.33747363090515,-0.00001581455571,90.4039194014252,0.00000323543732
343,left road,343,2.79499983787537,0.0,5.89999961853027,2.84999990463257,0.0,-1.04999995231628,2.79499983787537,0.0,5.89999961853027,5.87973546981812,1.20477902889252,-1.33747363090515,5.85835981369019,1.19643044471741,-1.28732204437256,"(5.85836, 1.19643, -1.287322)",EyeArea,7.95915269851685,0.1,5.87973546981812,1.20477902889252,-1.33747363090515,-0.00001581455571,90.4039194014252,0.00000323543732
344,left road,344,2.89499998092651,0.0,5.89999961853027,2.95000004768372,0.0,-1.04999995231628,2.89499998092651,0.0,5.89999961853027,5.87973546981812,1.20477902889252,-1.33747363090515,5.85905504226685,1.19643139839172,-1.28732693195343,"(5.859055, 1.196431, -1.287327)",EyeArea,7.92093181610107,0.1,5.87973546981812,1.20477902889252,-1.33747363090515,-0.00001581455571,90.4039194014252,0.00000323543732
345,left road,345,2.99499988555908,0.0,5.89999961853027,3.04999995231628,0.0,-1.04999995231628,2.99499988555908,0.0,5.89999961853027,5.87973546981812,1.20477902889252,-1.33747363090515,5.85974979400635,1.19643223285675,-1.2873318195343,"(5.85975, 1.196432, -1.287332)",EyeArea,7.88379430770874,0.1,5.87973546981812,1.20477902889252,-1.33747363090515,-0.00001581455571,90.4039194014252,0.00000323543732
346,left road,346,3.09500002861023,0.0,5.89999961853027,3.15000009536743,0.0,-1.04999995231628,3.09500002861023,0.0,5.89999961853027,5.87973546981812,1.20477902889252,-1.33747363090515,5.86044406890869,1.19643294811249,-1.28733682632446,"(5.860444, 1.196433, -1.287337)",EyeArea,7.84775543212891,0.1,5.87973546981812,1.20477902889252,-1.33747363090515,-0.00001581455571,90.4039194014252,0.00000323543732
347,left road,347,3.1949999332428,0.0,5.89999961853027,3.25,0.0,-1.04999995231628,3.1949999332428,0.0,5.89999961853027,5.87973546981812,1.20477902889252,-1.33747363090515,5.86113882064819,1.19643378257751,-1.28734171390533,"(5.861139, 1.196434, -1.287342)",EyeArea,7.81283044815063,0.1,5.87973546981812,1.20477902889252,-1.33747363090515,-0.00001581455571,90.4039194014252,0.00000323543732
348,left road,348,3.29499983787537,0.0,5.89999961853027,3.34999990463257,0.0,-1.04999995231628,3.29499983787537,0.0,5.89999961853027,5.87973546981812,1.20477902889252,-1.33747363090515,5.8618335723877,1.19643461704254,-1.28734660148621,"(5.861834, 1.196435, -1.287347)",EyeArea,7.77903413772583,0.1,5.87973546981812,1.20477902889252,-1.33747363090515,-0.00001581455571,90.4039194014252,0.00000323543732
349,left road,349,3.39499998092651,0.0,5.89999961853027,3.45000004768372,0.0,-1.04999995231628,3.39499998092651,0.0,5.89999961853027,5.87973546981812,1.20477902889252,-1.33747363090515,5.86252784729004,1.19643557071686,-1.28735148906708,"(5.862528, 1.196436, -1.287351)",EyeArea,7.74638175964355,0.1,5.87973546981812,1.20477902889252,-1.33747363090515,-0.00001581455571,90.4039194014252,0.00000323543732
350,left road,350,-3.50500011444092,0.0,6.0,-3.45000004768372,0.0,-0.94999998807907,-3.50500011444092,0.0,6.0,5.87973546981812,1.20477902889252,-1.33747363090515,5.8300085067749,1.19839537143707,-1.29859507083893,"(5.830009, 1.198395, -1.298595)",EyeArea,11.9734401702881,0.1,5.87973546981812,1.20477902889252,-1.33747363090515,-0.00001581455571,90.4039194014252,0.00000323543732
351,left road,351,-3.40499997138977,0.0,6.0,-3.34999990463257,0.0,-0.94999998807907,-3.40499997138977,0.0,6.0,5.87973546981812,1.20477902889252,-1.33747363090515,5.83001184463501,1.19832682609558,-1.2981778383255,"(5.830012, 1.198327, -1.298178)",EyeArea,11.8952236175537,0.1,5.87973546981812,1.20477902889252,-1.33747363090515,-0.00001581455571,90.4039194014252,0.00000323543732
352,left road,352,-3.3050000667572,0.0,6.0,-3.25,0.0,-0.94999998807907,-3.3050000667572,0.0,6.0,5.87973546981812,1.20477902889252,-1.33747363090515,5.83001470565796,1.19825720787048,-1.29775440692902,"(5.830015, 1.198257, -1.297754)",EyeArea,11.8173341751099,0.1,5.87973546981812,1.20477902889252,-1.33747363090515,-0.00001581455571,90.4039194014252,0.00000323543732
353,left road,353,-3.20500016212463,0.0,6.0,-3.15000009536743,0.0,-0.94999998807907,-3.20500016212463,0.0,6.0,5.87973546981812,1.20477902889252,-1.33747363090515,5.83001756668091,1.19818556308746,-1.29731714725494,"(5.830018, 1.198186, -1.297317)",EyeArea,11.7397804260254,0.1,5.87973546981812,1.20477902889252,-1.33747363090515,-0.00001581455571,90.4039194014252,0.00000323543732
354,left road,354,-3.10500001907349,0.0,6.0,-3.04999995231628,0.0,-0.94999998807907,-3.10500001907349,0.0,6.0,5.87973546981812,1.20477902889252,-1.33747363090515,5.83002090454102,1.19811272621155,-1.29687368869781,"(5.830021, 1.198113, -1.296874)",EyeArea,11.6625680923462,0.1,5.87973546981812,1.20477902889252,-1.33747363090515,-0.00001581455571,90.4039194014252,0.00000323543732
355,left road,355,-3.00500011444092,0.0,6.0,-2.95000004768372,0.0,-0.94999998807907,-3.00500011444092,0.0,6.0,5.87973546981812,1.20477902889252,-1.33747363090515,5.83002424240112,1.19803822040558,-1.29642081260681,"(5.830024, 1.198038, -1.296421)",EyeArea,11.5857038497925,0.1,5.87973546981812,1.20477902889252,-1.33747363090515,-0.00001581455571,90.4039194014252,0.00000323543732
356,left road,356,-2.90499997138977,0.0,6.0,-2.84999990463257,0.0,-0.94999998807907,-2.90499997138977,0.0,6.0,5.87973546981812,1.20477902889252,-1.33747363090515,5.83002710342407,1.19796180725098,-1.29595541954041,"(5.830027, 1.197962, -1.295955)",EyeArea,11.5091962814331,0.1,5.87973546981812,1.20477902889252,-1.33747363090515,-0.00001581455571,90.4039194014252,0.00000323543732
357,left road,357,-2.8050000667572,0.0,6.0,-2.75,0.0,-0.94999998807907,-2.8050000667572,0.0,6.0,5.87973546981812,1.20477902889252,-1.33747363090515,5.29968881607056,1.12431275844574,-0.8474098443985,"(5.299689, 1.124313, -0.84741)",truck body CS,11.4330501556396,0.1,5.87973546981812,1.20477902889252,-1.33747363090515,-0.00001581455571,90.4039194014252,0.00000323543732
358,left road,358,-2.70500016212463,0.0,6.0,-2.65000009536743,0.0,-0.94999998807907,-2.70500016212463,0.0,6.0,5.87973546981812,1.20477902889252,-1.33747363090515,5.29985761642456,1.12339901924133,-0.8418447971344,"(5.299858, 1.123399, -0.841845)",truck body CS,11.3572750091553,0.1,5.87973546981812,1.20477902889252,-1.33747363090515,-0.00001581455571,90.4039194014252,0.00000323543732
359,left road,359,-2.60500001907349,0.0,6.0,-2.54999995231628,0.0,-0.94999998807907,-2.60500001907349,0.0,6.0,5.87973546981812,1.20477902889252,-1.33747363090515,5.3013014793396,1.12264490127563,-0.83725255727768,"(5.301301, 1.122645, -0.837253)",truck body CS,11.2818775177002,0.1,5.87973546981812,1.20477902889252,-1.33747363090515,-0.00001581455571,90.4039194014252,0.00000323543732
360,left road,360,-2.50500011444092,0.0,6.0,-2.45000004768372,0.0,-0.94999998807907,-2.50500011444092,0.0,6.0,5.87973546981812,1.20477902889252,-1.33747363090515,5.30277013778687,1.12187647819519,-0.83257251977921,"(5.30277, 1.121876, -0.832573)",truck body CS,11.2068634033203,0.1,5.87973546981812,1.20477902889252,-1.33747363090515,-0.00001581455571,90.4039194014252,0.00000323543732
361,left road,361,-2.40499997138977,0.0,6.0,-2.34999990463257,0.0,-0.94999998807907,-2.40499997138977,0.0,6.0,5.87973546981812,1.20477902889252,-1.33747363090515,5.30426979064941,1.12109386920929,-0.82780486345291,"(5.30427, 1.121094, -0.827805)",truck body CS,11.1322441101074,0.1,5.87973546981812,1.20477902889252,-1.33747363090515,-0.00001581455571,90.4039194014252,0.00000323543732
362,left road,362,-2.3050000667572,0.0,6.0,-2.25,0.0,-0.94999998807907,-2.3050000667572,0.0,6.0,5.87973546981812,1.20477902889252,-1.33747363090515,5.30579614639282,1.12029623985291,-0.82294702529907,"(5.305796, 1.120296, -0.822947)",truck body CS,11.0580244064331,0.1,5.87973546981812,1.20477902889252,-1.33747363090515,-0.00001581455571,90.4039194014252,0.00000323543732
363,left road,363,-2.20500016212463,0.0,6.0,-2.15000009536743,0.0,-0.94999998807907,-2.20500016212463,0.0,6.0,5.87973546981812,1.20477902889252,-1.33747363090515,5.30735397338867,1.11948323249817,-0.81799608469009,"(5.307354, 1.119483, -0.817996)",truck body CS,10.9842147827148,0.1,5.87973546981812,1.20477902889252,-1.33747363090515,-0.00001581455571,90.4039194014252,0.00000323543732
364,left road,364,-2.10500001907349,0.0,6.0,-2.04999995231628,0.0,-0.94999998807907,-2.10500001907349,0.0,6.0,5.87973546981812,1.20477902889252,-1.33747363090515,5.30893850326538,1.11865401268005,-0.81294703483582,"(5.308939, 1.118654, -0.812947)",truck body CS,10.9108209609985,0.1,5.87973546981812,1.20477902889252,-1.33747363090515,-0.00001581455571,90.4039194014252,0.00000323543732
365,left road,365,-2.00500011444092,0.0,6.0,-1.95000004768372,0.0,-0.94999998807907,-2.00500011444092,0.0,6.0,5.87973546981812,1.20477902889252,-1.33747363090515,5.31055641174316,1.11780905723572,-0.80779933929443,"(5.310556, 1.117809, -0.807799)",truck body CS,10.8378534317017,0.1,5.87973546981812,1.20477902889252,-1.33747363090515,-0.00001581455571,90.4039194014252,0.00000323543732
366,left road,366,-1.90499997138977,0.0,6.0,-1.85000002384186,0.0,-0.94999998807907,-1.90499997138977,0.0,6.0,5.87973546981812,1.20477902889252,-1.33747363090515,5.31220817565918,1.11694741249084,-0.80255299806595,"(5.312208, 1.116947, -0.802553)",truck body CS,10.7653198242188,0.1,5.87973546981812,1.20477902889252,-1.33747363090515,-0.00001581455571,90.4039194014252,0.00000323543732
367,left road,367,-1.80499994754791,0.0,6.0,-1.75,0.0,-0.94999998807907,-1.80499994754791,0.0,6.0,5.87973546981812,1.20477902889252,-1.33747363090515,5.313889503479,1.11606812477112,-0.79719698429108,"(5.31389, 1.116068, -0.797197)",truck body CS,10.693229675293,0.1,5.87973546981812,1.20477902889252,-1.33747363090515,-0.00001581455571,90.4039194014252,0.00000323543732
368,left road,368,-1.70499992370605,0.0,6.0,-1.64999997615814,0.0,-0.94999998807907,-1.70499992370605,0.0,6.0,5.87973546981812,1.20477902889252,-1.33747363090515,5.31560754776001,1.11517143249512,-0.79173570871353,"(5.315608, 1.115171, -0.791736)",truck body CS,10.6215925216675,0.1,5.87973546981812,1.20477902889252,-1.33747363090515,-0.00001581455571,90.4039194014252,0.00000323543732
369,left road,369,-1.6049998998642,0.0,6.0,-1.54999995231628,0.0,-0.94999998807907,-1.6049998998642,0.0,6.0,5.87973546981812,1.20477902889252,-1.33747363090515,5.31735754013062,1.11425590515137,-0.78615987300873,"(5.317358, 1.114256, -0.78616)",truck body CS,10.5504159927368,0.1,5.87973546981812,1.20477902889252,-1.33747363090515,-0.00001581455571,90.4039194014252,0.00000323543732
370,left road,370,-1.50499999523163,0.0,6.0,-1.45000004768372,0.0,-0.94999998807907,-1.50499999523163,0.0,6.0,5.87973546981812,1.20477902889252,-1.33747363090515,5.31914710998535,1.11332201957703,-0.78047204017639,"(5.319147, 1.113322, -0.780472)",truck body CS,10.4797105789185,0.1,5.87973546981812,1.20477902889252,-1.33747363090515,-0.00001581455571,90.4039194014252,0.00000323543732
371,left road,371,-1.40499997138977,0.0,6.0,-1.35000002384186,0.0,-0.94999998807907,-1.40499997138977,0.0,6.0,5.87973546981812,1.20477902889252,-1.33747363090515,5.32097196578979,1.11236834526062,-0.77466422319412,"(5.320972, 1.112368, -0.774664)",truck body CS,10.4094858169556,0.1,5.87973546981812,1.20477902889252,-1.33747363090515,-0.00001581455571,90.4039194014252,0.00000323543732
372,left road,372,-1.30499994754791,0.0,6.0,-1.25,0.0,-0.94999998807907,-1.30499994754791,0.0,6.0,5.87973546981812,1.20477902889252,-1.33747363090515,5.32391548156738,1.1115757226944,-0.76983714103699,"(5.323915, 1.111576, -0.769837)",truck body CS,10.339750289917,0.1,5.87973546981812,1.20477902889252,-1.33747363090515,-0.00001581455571,90.4039194014252,0.00000323543732
373,left road,373,-1.20499992370605,0.0,6.0,-1.14999997615814,0.0,-0.94999998807907,-1.20499992370605,0.0,6.0,5.87973546981812,1.20477902889252,-1.33747363090515,5.32745695114136,1.11086249351501,-0.76549345254898,"(5.327457, 1.110862, -0.765493)",truck body CS,10.2705154418945,0.1,5.87973546981812,1.20477902889252,-1.33747363090515,-0.00001581455571,90.4039194014252,0.00000323543732
374,left road,374,-1.1049998998642,0.0,6.0,-1.04999995231628,0.0,-0.94999998807907,-1.1049998998642,0.0,6.0,5.87973546981812,1.20477902889252,-1.33747363090515,5.33105325698853,1.1101381778717,-0.76108229160309,"(5.331053, 1.110138, -0.761082)",truck body CS,10.2017917633057,0.1,5.87973546981812,1.20477902889252,-1.33747363090515,-0.00001581455571,90.4039194014252,0.00000323543732
375,left road,375,-1.00499999523163,0.0,6.0,-0.94999998807907,0.0,-0.94999998807907,-1.00499999523163,0.0,6.0,5.87973546981812,1.20477902889252,-1.33747363090515,5.33470630645752,1.10940277576447,-0.7566032409668,"(5.334706, 1.109403, -0.756603)",truck body CS,10.1335878372192,0.1,5.87973546981812,1.20477902889252,-1.33747363090515,-0.00001581455571,90.4039194014252,0.00000323543732
376,left road,376,-0.90500003099442,0.0,6.0,-0.85000002384186,0.0,-0.94999998807907,-0.90500003099442,0.0,6.0,5.87973546981812,1.20477902889252,-1.33747363090515,5.33841562271118,1.10865569114685,-0.75205320119858,"(5.338416, 1.108656, -0.752053)",truck body CS,10.0659151077271,0.1,5.87973546981812,1.20477902889252,-1.33747363090515,-0.00001581455571,90.4039194014252,0.00000323543732
377,left road,377,-0.80500000715256,0.0,6.0,-0.75,0.0,-0.94999998807907,-0.80500000715256,0.0,6.0,5.87973546981812,1.20477902889252,-1.33747363090515,5.34218454360962,1.10789704322815,-0.74743264913559,"(5.342185, 1.107897, -0.747433)",truck body CS,9.9987850189209,0.1,5.87973546981812,1.20477902889252,-1.33747363090515,-0.00001581455571,90.4039194014252,0.00000323543732
378,left road,378,-0.7049999833107,0.0,6.0,-0.64999997615814,0.0,-0.94999998807907,-0.7049999833107,0.0,6.0,5.87973546981812,1.20477902889252,-1.33747363090515,5.34601259231567,1.10712623596191,-0.74273818731308,"(5.346013, 1.107126, -0.742738)",truck body CS,9.93220806121826,0.1,5.87973546981812,1.20477902889252,-1.33747363090515,-0.00001581455571,90.4039194014252,0.00000323543732
379,left road,379,-0.60500001907349,0.0,6.0,-0.55000001192093,0.0,-0.94999998807907,-0.60500001907349,0.0,6.0,5.87973546981812,1.20477902889252,-1.33747363090515,5.34990262985229,1.10634291172028,-0.73796719312668,"(5.349903, 1.106343, -0.737967)",truck body CS,9.86619567871094,0.1,5.87973546981812,1.20477902889252,-1.33747363090515,-0.00001581455571,90.4039194014252,0.00000323543732
380,left road,380,-0.50499999523163,0.0,6.0,-0.44999998807907,0.0,-0.94999998807907,-0.50499999523163,0.0,6.0,5.87973546981812,1.20477902889252,-1.33747363090515,5.35385513305664,1.10554695129395,-0.73312044143677,"(5.353855, 1.105547, -0.73312)",truck body CS,9.80075836181641,0.1,5.87973546981812,1.20477902889252,-1.33747363090515,-0.00001581455571,90.4039194014252,0.00000323543732
381,left road,381,-0.40500000119209,0.0,6.0,-0.34999999403954,0.0,-0.94999998807907,-0.40500000119209,0.0,6.0,5.87973546981812,1.20477902889252,-1.33747363090515,5.35787343978882,1.10473847389221,-0.72819596529007,"(5.357873, 1.104738, -0.728196)",truck body CS,9.73590850830078,0.1,5.87973546981812,1.20477902889252,-1.33747363090515,-0.00001581455571,90.4039194014252,0.00000323543732
382,left road,382,-0.30500000715256,0.0,6.0,-0.25,0.0,-0.94999998807907,-0.30500000715256,0.0,6.0,5.87973546981812,1.20477902889252,-1.33747363090515,5.36217308044434,1.10395836830139,-0.72344559431076,"(5.362173, 1.103958, -0.723446)",truck body CS,9.67165851593018,0.1,5.87973546981812,1.20477902889252,-1.33747363090515,-0.00001581455571,90.4039194014252,0.00000323543732
383,left road,383,-0.20500001311302,0.0,6.0,-0.15000000596046,0.0,-0.94999998807907,-0.20500001311302,0.0,6.0,5.87973546981812,1.20477902889252,-1.33747363090515,5.36670207977295,1.10319828987122,-0.71881580352783,"(5.366702, 1.103198, -0.718816)",truck body CS,9.60801887512207,0.1,5.87973546981812,1.20477902889252,-1.33747363090515,-0.00001581455571,90.4039194014252,0.00000323543732
384,left road,384,-0.10500000417233,0.0,6.0,-0.05000000074506,0.0,-0.94999998807907,-0.10500000417233,0.0,6.0,5.87973546981812,1.20477902889252,-1.33747363090515,5.37129974365234,1.10242652893066,-0.71411514282227,"(5.3713, 1.102427, -0.714115)",truck body CS,9.54500198364258,0.1,5.87973546981812,1.20477902889252,-1.33747363090515,-0.00001581455571,90.4039194014252,0.00000323543732
385,left road,385,-0.00499999895692,0.0,6.0,0.05000000074506,0.0,-0.94999998807907,-0.00499999895692,0.0,6.0,5.87973546981812,1.20477902889252,-1.33747363090515,5.37596797943115,1.10164296627045,-0.70934355258942,"(5.375968, 1.101643, -0.709344)",truck body CS,9.48262214660645,0.1,5.87973546981812,1.20477902889252,-1.33747363090515,-0.00001581455571,90.4039194014252,0.00000323543732
386,left road,386,0.09500000625849,0.0,6.0,0.15000000596046,0.0,-0.94999998807907,0.09500000625849,0.0,6.0,5.87973546981812,1.20477902889252,-1.33747363090515,5.38070917129517,1.10084748268127,-0.70449817180634,"(5.380709, 1.100847, -0.704498)",truck body CS,9.42089080810547,0.1,5.87973546981812,1.20477902889252,-1.33747363090515,-0.00001581455571,90.4039194014252,0.00000323543732
387,left road,387,0.19499999284744,0.0,6.0,0.25,0.0,-0.94999998807907,0.19499999284744,0.0,6.0,5.87973546981812,1.20477902889252,-1.33747363090515,5.38552188873291,1.10003924369812,-0.69957613945007,"(5.385522, 1.100039, -0.699576)",truck body CS,9.35982036590576,0.1,5.87973546981812,1.20477902889252,-1.33747363090515,-0.00001581455571,90.4039194014252,0.00000323543732
388,left road,388,0.29499998688698,0.0,6.0,0.34999999403954,0.0,-0.94999998807907,0.29499998688698,0.0,6.0,5.87973546981812,1.20477902889252,-1.33747363090515,5.39041185379028,1.09921860694885,-0.6945778131485,"(5.390412, 1.099219, -0.694578)",truck body CS,9.29942417144775,0.1,5.87973546981812,1.20477902889252,-1.33747363090515,-0.00001581455571,90.4039194014252,0.00000323543732
389,left road,389,0.39499998092651,0.0,6.0,0.44999998807907,0.0,-0.94999998807907,0.39499998092651,0.0,6.0,5.87973546981812,1.20477902889252,-1.33747363090515,5.39537858963013,1.09838497638702,-0.68950080871582,"(5.395379, 1.098385, -0.689501)",truck body CS,9.23971557617188,0.1,5.87973546981812,1.20477902889252,-1.33747363090515,-0.00001581455571,90.4039194014252,0.00000323543732
390,left road,390,0.49500000476837,0.0,6.0,0.55000001192093,0.0,-0.94999998807907,0.49500000476837,0.0,6.0,5.87973546981812,1.20477902889252,-1.33747363090515,5.40433645248413,1.09841346740723,-0.6896744966507,"(5.404336, 1.098413, -0.689674)",truck body CS,9.18070793151855,0.1,5.87973546981812,1.20477902889252,-1.33747363090515,-0.00001581455571,90.4039194014252,0.00000323543732
391,left road,391,0.59499996900558,0.0,6.0,0.64999997615814,0.0,-0.94999998807907,0.59499996900558,0.0,6.0,5.87973546981812,1.20477902889252,-1.33747363090515,5.41433000564575,1.09867882728577,-0.69129145145416,"(5.41433, 1.098679, -0.691291)",truck body CS,9.12241458892822,0.1,5.87973546981812,1.20477902889252,-1.33747363090515,-0.00001581455571,90.4039194014252,0.00000323543732
392,left road,392,0.69499999284744,0.0,6.0,0.75,0.0,-0.94999998807907,0.69499999284744,0.0,6.0,5.87973546981812,1.20477902889252,-1.33747363090515,5.42427396774292,1.0989431142807,-0.6929007768631,"(5.424274, 1.098943, -0.692901)",truck body CS,9.06484889984131,0.1,5.87973546981812,1.20477902889252,-1.33747363090515,-0.00001581455571,90.4039194014252,0.00000323543732
393,left road,393,0.7950000166893,0.0,6.0,0.85000002384186,0.0,-0.94999998807907,0.7950000166893,0.0,6.0,5.87973546981812,1.20477902889252,-1.33747363090515,5.43416833877563,1.09920608997345,-0.6945024728775,"(5.434168, 1.099206, -0.694502)",truck body CS,9.00802707672119,0.1,5.87973546981812,1.20477902889252,-1.33747363090515,-0.00001581455571,90.4039194014252,0.00000323543732
394,left road,394,0.89499998092651,0.0,6.0,0.94999998807907,0.0,-0.94999998807907,0.89499998092651,0.0,6.0,5.87973546981812,1.20477902889252,-1.33747363090515,5.44401264190674,1.09946751594543,-0.69609403610229,"(5.444013, 1.099468, -0.696094)",truck body CS,8.95196056365967,0.1,5.87973546981812,1.20477902889252,-1.33747363090515,-0.00001581455571,90.4039194014252,0.00000323543732
395,left road,395,0.99499994516373,0.0,6.0,1.04999995231628,0.0,-0.94999998807907,0.99499994516373,0.0,6.0,5.87973546981812,1.20477902889252,-1.33747363090515,5.45958852767944,1.10115337371826,-0.7063615322113,"(5.459589, 1.101153, -0.706362)",truck body CS,8.89666557312012,0.1,5.87973546981812,1.20477902889252,-1.33747363090515,-0.00001581455571,90.4039194014252,0.00000323543732
396,left road,396,1.09500002861023,0.0,6.0,1.14999997615814,0.0,-0.94999998807907,1.09500002861023,0.0,6.0,5.87973546981812,1.20477902889252,-1.33747363090515,5.84697961807251,1.19653105735779,-1.28724181652069,"(5.84698, 1.196531, -1.287242)",EyeArea,8.84215545654297,0.1,5.87973546981812,1.20477902889252,-1.33747363090515,-0.00001581455571,90.4039194014252,0.00000323543732
397,left road,397,1.19500005245209,0.0,6.0,1.25,0.0,-0.94999998807907,1.19500005245209,0.0,6.0,5.87973546981812,1.20477902889252,-1.33747363090515,5.84766674041748,1.19653189182281,-1.28724670410156,"(5.847667, 1.196532, -1.287247)",EyeArea,8.78844451904297,0.1,5.87973546981812,1.20477902889252,-1.33747363090515,-0.00001581455571,90.4039194014252,0.00000323543732
398,left road,398,1.29500007629395,0.0,6.0,1.35000002384186,0.0,-0.94999998807907,1.29500007629395,0.0,6.0,5.87973546981812,1.20477902889252,-1.33747363090515,5.84835529327393,1.19653284549713,-1.28725159168243,"(5.848355, 1.196533, -1.287252)",EyeArea,8.7355489730835,0.1,5.87973546981812,1.20477902889252,-1.33747363090515,-0.00001581455571,90.4039194014252,0.00000323543732
399,left road,399,1.3950001001358,0.0,6.0,1.45000004768372,0.0,-0.94999998807907,1.3950001001358,0.0,6.0,5.87973546981812,1.20477902889252,-1.33747363090515,5.8490424156189,1.19653367996216,-1.28725636005402,"(5.849042, 1.196534, -1.287256)",EyeArea,8.68348217010498,0.1,5.87973546981812,1.20477902889252,-1.33747363090515,-0.00001581455571,90.4039194014252,0.00000323543732
400,left road,400,1.49500000476837,0.0,6.0,1.54999995231628,0.0,-0.94999998807907,1.49500000476837,0.0,6.0,5.87973546981812,1.20477902889252,-1.33747363090515,5.84972953796387,1.1965343952179,-1.28726124763489,"(5.84973, 1.196534, -1.287261)",EyeArea,8.6322603225708,0.1,5.87973546981812,1.20477902889252,-1.33747363090515,-0.00001581455571,90.4039194014252,0.00000323543732
401,left road,401,1.59500002861023,0.0,6.0,1.64999997615814,0.0,-0.94999998807907,1.59500002861023,0.0,6.0,5.87973546981812,1.20477902889252,-1.33747363090515,5.85041666030884,1.19653511047363,-1.28726613521576,"(5.850417, 1.196535, -1.287266)",EyeArea,8.5818977355957,0.1,5.87973546981812,1.20477902889252,-1.33747363090515,-0.00001581455571,90.4039194014252,0.00000323543732
402,left road,402,1.69500005245209,0.0,6.0,1.75,0.0,-0.94999998807907,1.69500005245209,0.0,6.0,5.87973546981812,1.20477902889252,-1.33747363090515,5.85110330581665,1.19653594493866,-1.28727090358734,"(5.851103, 1.196536, -1.287271)",EyeArea,8.53241062164307,0.1,5.87973546981812,1.20477902889252,-1.33747363090515,-0.00001581455571,90.4039194014252,0.00000323543732
403,left road,403,1.79500007629395,0.0,6.0,1.85000002384186,0.0,-0.94999998807907,1.79500007629395,0.0,6.0,5.87973546981812,1.20477902889252,-1.33747363090515,5.85179042816162,1.19653677940369,-1.28727579116821,"(5.85179, 1.196537, -1.287276)",EyeArea,8.48381328582764,0.1,5.87973546981812,1.20477902889252,-1.33747363090515,-0.00001581455571,90.4039194014252,0.00000323543732
404,left road,404,1.8950001001358,0.0,6.0,1.95000004768372,0.0,-0.94999998807907,1.8950001001358,0.0,6.0,5.87973546981812,1.20477902889252,-1.33747363090515,5.85247707366943,1.19653761386871,-1.28728055953979,"(5.852477, 1.196538, -1.287281)",EyeArea,8.43612098693848,0.1,5.87973546981812,1.20477902889252,-1.33747363090515,-0.00001581455571,90.4039194014252,0.00000323543732
405,left road,405,1.99500000476837,0.0,6.0,2.04999995231628,0.0,-0.94999998807907,1.99500000476837,0.0,6.0,5.87973546981812,1.20477902889252,-1.33747363090515,5.85316371917725,1.19653832912445,-1.28728544712067,"(5.853164, 1.196538, -1.287285)",EyeArea,8.38934993743896,0.1,5.87973546981812,1.20477902889252,-1.33747363090515,-0.00001581455571,90.4039194014252,0.00000323543732
406,left road,406,2.09500002861023,0.0,6.0,2.15000009536743,0.0,-0.94999998807907,2.09500002861023,0.0,6.0,5.87973546981812,1.20477902889252,-1.33747363090515,5.85385036468506,1.19653904438019,-1.28729033470154,"(5.85385, 1.196539, -1.28729)",EyeArea,8.34351539611816,0.1,5.87973546981812,1.20477902889252,-1.33747363090515,-0.00001581455571,90.4039194014252,0.00000323543732
407,left road,407,2.1949999332428,0.0,6.0,2.25,0.0,-0.94999998807907,2.1949999332428,0.0,6.0,5.87973546981812,1.20477902889252,-1.33747363090515,5.85453701019287,1.1965399980545,-1.28729510307312,"(5.854537, 1.19654, -1.287295)",EyeArea,8.29863166809082,0.1,5.87973546981812,1.20477902889252,-1.33747363090515,-0.00001581455571,90.4039194014252,0.00000323543732
408,left road,408,2.29499983787537,0.0,6.0,2.34999990463257,0.0,-0.94999998807907,2.29499983787537,0.0,6.0,5.87973546981812,1.20477902889252,-1.33747363090515,5.85522317886353,1.19654071331024,-1.28729999065399,"(5.855223, 1.196541, -1.2873)",EyeArea,8.25471591949463,0.1,5.87973546981812,1.20477902889252,-1.33747363090515,-0.00001581455571,90.4039194014252,0.00000323543732
409,left road,409,2.39499998092651,0.0,6.0,2.45000004768372,0.0,-0.94999998807907,2.39499998092651,0.0,6.0,5.87973546981812,1.20477902889252,-1.33747363090515,5.85590887069702,1.19654142856598,-1.28730475902557,"(5.855909, 1.196541, -1.287305)",EyeArea,8.21178436279297,0.1,5.87973546981812,1.20477902889252,-1.33747363090515,-0.00001581455571,90.4039194014252,0.00000323543732
410,left road,410,2.49499988555908,0.0,6.0,2.54999995231628,0.0,-0.94999998807907,2.49499988555908,0.0,6.0,5.87973546981812,1.20477902889252,-1.33747363090515,5.85659503936768,1.19654226303101,-1.28730964660645,"(5.856595, 1.196542, -1.28731)",EyeArea,8.16985034942627,0.1,5.87973546981812,1.20477902889252,-1.33747363090515,-0.00001581455571,90.4039194014252,0.00000323543732
411,left road,411,2.59500002861023,0.0,6.0,2.65000009536743,0.0,-0.94999998807907,2.59500002861023,0.0,6.0,5.87973546981812,1.20477902889252,-1.33747363090515,5.85728073120117,1.19654321670532,-1.28731441497803,"(5.857281, 1.196543, -1.287314)",EyeArea,8.12893009185791,0.1,5.87973546981812,1.20477902889252,-1.33747363090515,-0.00001581455571,90.4039194014252,0.00000323543732
412,left road,412,2.6949999332428,0.0,6.0,2.75,0.0,-0.94999998807907,2.6949999332428,0.0,6.0,5.87973546981812,1.20477902889252,-1.33747363090515,5.85796642303467,1.19654393196106,-1.2873193025589,"(5.857966, 1.196544, -1.287319)",EyeArea,8.08903884887695,0.1,5.87973546981812,1.20477902889252,-1.33747363090515,-0.00001581455571,90.4039194014252,0.00000323543732
413,left road,413,2.79499983787537,0.0,6.0,2.84999990463257,0.0,-0.94999998807907,2.79499983787537,0.0,6.0,5.87973546981812,1.20477902889252,-1.33747363090515,5.85865211486816,1.19654476642609,-1.28732419013977,"(5.858652, 1.196545, -1.287324)",EyeArea,8.05019283294678,0.1,5.87973546981812,1.20477902889252,-1.33747363090515,-0.00001581455571,90.4039194014252,0.00000323543732
414,left road,414,2.89499998092651,0.0,6.0,2.95000004768372,0.0,-0.94999998807907,2.89499998092651,0.0,6.0,5.87973546981812,1.20477902889252,-1.33747363090515,5.8593373298645,1.19654548168182,-1.28732895851135,"(5.859337, 1.196545, -1.287329)",EyeArea,8.01240634918213,0.1,5.87973546981812,1.20477902889252,-1.33747363090515,-0.00001581455571,90.4039194014252,0.00000323543732
415,left road,415,2.99499988555908,0.0,6.0,3.04999995231628,0.0,-0.94999998807907,2.99499988555908,0.0,6.0,5.87973546981812,1.20477902889252,-1.33747363090515,5.860023021698,1.19654631614685,-1.28733384609222,"(5.860023, 1.196546, -1.287334)",EyeArea,7.97569561004639,0.1,5.87973546981812,1.20477902889252,-1.33747363090515,-0.00001581455571,90.4039194014252,0.00000323543732
416,left road,416,3.09500002861023,0.0,6.0,3.15000009536743,0.0,-0.94999998807907,3.09500002861023,0.0,6.0,5.87973546981812,1.20477902889252,-1.33747363090515,5.86070823669434,1.19654715061188,-1.28733861446381,"(5.860708, 1.196547, -1.287339)",EyeArea,7.94007349014282,0.1,5.87973546981812,1.20477902889252,-1.33747363090515,-0.00001581455571,90.4039194014252,0.00000323543732
417,left road,417,3.1949999332428,0.0,6.0,3.25,0.0,-0.94999998807907,3.1949999332428,0.0,6.0,5.87973546981812,1.20477902889252,-1.33747363090515,5.86139345169067,1.19654786586761,-1.28734350204468,"(5.861393, 1.196548, -1.287344)",EyeArea,7.90555620193481,0.1,5.87973546981812,1.20477902889252,-1.33747363090515,-0.00001581455571,90.4039194014252,0.00000323543732
418,left road,418,3.29499983787537,0.0,6.0,3.34999990463257,0.0,-0.94999998807907,3.29499983787537,0.0,6.0,5.87973546981812,1.20477902889252,-1.33747363090515,5.86207818984985,1.19654858112335,-1.28734827041626,"(5.862078, 1.196549, -1.287348)",EyeArea,7.87215805053711,0.1,5.87973546981812,1.20477902889252,-1.33747363090515,-0.00001581455571,90.4039194014252,0.00000323543732
419,left road,419,3.39499998092651,0.0,6.0,3.45000004768372,0.0,-0.94999998807907,3.39499998092651,0.0,6.0,5.87973546981812,1.20477902889252,-1.33747363090515,5.86276292800903,1.19654941558838,-1.28735315799713,"(5.862763, 1.196549, -1.287353)",EyeArea,7.83989334106445,0.1,5.87973546981812,1.20477902889252,-1.33747363090515,-0.00001581455571,90.4039194014252,0.00000323543732
420,left road,420,-3.50500011444092,0.0,6.09999990463257,-3.45000004768372,0.0,-0.85000002384186,-3.50500011444092,0.0,6.09999990463257,5.87973546981812,1.20477902889252,-1.33747363090515,5.83001232147217,1.19839584827423,-1.29806816577911,"(5.830012, 1.198396, -1.298068)",EyeArea,12.0349807739258,0.1,5.87973546981812,1.20477902889252,-1.33747363090515,-0.00001581455571,90.4039194014252,0.00000323543732
421,left road,421,-3.40499997138977,0.0,6.09999990463257,-3.34999990463257,0.0,-0.85000002384186,-3.40499997138977,0.0,6.09999990463257,5.87973546981812,1.20477902889252,-1.33747363090515,5.83001518249512,1.19832742214203,-1.29764521121979,"(5.830015, 1.198327, -1.297645)",EyeArea,11.9571657180786,0.1,5.87973546981812,1.20477902889252,-1.33747363090515,-0.00001581455571,90.4039194014252,0.00000323543732
422,left road,422,-3.3050000667572,0.0,6.09999990463257,-3.25,0.0,-0.85000002384186,-3.3050000667572,0.0,6.09999990463257,5.87973546981812,1.20477902889252,-1.33747363090515,5.83001852035522,1.19825756549835,-1.29721415042877,"(5.830019, 1.198258, -1.297214)",EyeArea,11.8796825408936,0.1,5.87973546981812,1.20477902889252,-1.33747363090515,-0.00001581455571,90.4039194014252,0.00000323543732
423,left road,423,-3.20500016212463,0.0,6.09999990463257,-3.15000009536743,0.0,-0.85000002384186,-3.20500016212463,0.0,6.09999990463257,5.87973546981812,1.20477902889252,-1.33747363090515,5.83002138137817,1.19818615913391,-1.29677414894104,"(5.830021, 1.198186, -1.296774)",EyeArea,11.8025388717651,0.1,5.87973546981812,1.20477902889252,-1.33747363090515,-0.00001581455571,90.4039194014252,0.00000323543732
424,left road,424,-3.10500001907349,0.0,6.09999990463257,-3.04999995231628,0.0,-0.85000002384186,-3.10500001907349,0.0,6.09999990463257,5.87973546981812,1.20477902889252,-1.33747363090515,5.83002471923828,1.19811320304871,-1.29632353782654,"(5.830025, 1.198113, -1.296324)",EyeArea,11.7257404327393,0.1,5.87973546981812,1.20477902889252,-1.33747363090515,-0.00001581455571,90.4039194014252,0.00000323543732
425,left road,425,-3.00500011444092,0.0,6.09999990463257,-2.95000004768372,0.0,-0.85000002384186,-3.00500011444092,0.0,6.09999990463257,5.87973546981812,1.20477902889252,-1.33747363090515,5.83002805709839,1.19803857803345,-1.29586243629456,"(5.830028, 1.198039, -1.295862)",EyeArea,11.6492929458618,0.1,5.87973546981812,1.20477902889252,-1.33747363090515,-0.00001581455571,90.4039194014252,0.00000323543732
426,left road,426,-2.90499997138977,0.0,6.09999990463257,-2.84999990463257,0.0,-0.85000002384186,-2.90499997138977,0.0,6.09999990463257,5.87973546981812,1.20477902889252,-1.33747363090515,5.30256080627441,1.12562263011932,-0.84881615638733,"(5.302561, 1.125623, -0.848816)",truck body CS,11.573205947876,0.1,5.87973546981812,1.20477902889252,-1.33747363090515,-0.00001581455571,90.4039194014252,0.00000323543732
427,left road,427,-2.8050000667572,0.0,6.09999990463257,-2.75,0.0,-0.85000002384186,-2.8050000667572,0.0,6.09999990463257,5.87973546981812,1.20477902889252,-1.33747363090515,5.3020281791687,1.12463736534119,-0.84273415803909,"(5.302028, 1.124637, -0.842734)",truck body CS,11.4974842071533,0.1,5.87973546981812,1.20477902889252,-1.33747363090515,-0.00001581455571,90.4039194014252,0.00000323543732
428,left road,428,-2.70500016212463,0.0,6.09999990463257,-2.65000009536743,0.0,-0.85000002384186,-2.70500016212463,0.0,6.09999990463257,5.87973546981812,1.20477902889252,-1.33747363090515,5.30236577987671,1.12375116348267,-0.8372631072998,"(5.302366, 1.123751, -0.837263)",truck body CS,11.4221363067627,0.1,5.87973546981812,1.20477902889252,-1.33747363090515,-0.00001581455571,90.4039194014252,0.00000323543732
429,left road,429,-2.60500001907349,0.0,6.09999990463257,-2.54999995231628,0.0,-0.85000002384186,-2.60500001907349,0.0,6.09999990463257,5.87973546981812,1.20477902889252,-1.33747363090515,5.30382537841797,1.12300336360931,-0.83264714479446,"(5.303825, 1.123003, -0.832647)",truck body CS,11.3471689224243,0.1,5.87973546981812,1.20477902889252,-1.33747363090515,-0.00001581455571,90.4039194014252,0.00000323543732
430,left road,430,-2.50500011444092,0.0,6.09999990463257,-2.45000004768372,0.0,-0.85000002384186,-2.50500011444092,0.0,6.09999990463257,5.87973546981812,1.20477902889252,-1.33747363090515,5.30531406402588,1.12224209308624,-0.82794708013535,"(5.305314, 1.122242, -0.827947)",truck body CS,11.2725896835327,0.1,5.87973546981812,1.20477902889252,-1.33747363090515,-0.00001581455571,90.4039194014252,0.00000323543732
431,left road,431,-2.40499997138977,0.0,6.09999990463257,-2.34999990463257,0.0,-0.85000002384186,-2.40499997138977,0.0,6.09999990463257,5.87973546981812,1.20477902889252,-1.33747363090515,5.30682945251465,1.12146615982056,-0.82315635681152,"(5.306829, 1.121466, -0.823156)",truck body CS,11.1984081268311,0.1,5.87973546981812,1.20477902889252,-1.33747363090515,-0.00001581455571,90.4039194014252,0.00000323543732
432,left road,432,-2.3050000667572,0.0,6.09999990463257,-2.25,0.0,-0.85000002384186,-2.3050000667572,0.0,6.09999990463257,5.87973546981812,1.20477902889252,-1.33747363090515,5.30837535858154,1.12067580223084,-0.81827789545059,"(5.308375, 1.120676, -0.818278)",truck body CS,11.1246299743652,0.1,5.87973546981812,1.20477902889252,-1.33747363090515,-0.00001581455571,90.4039194014252,0.00000323543732
433,left road,433,-2.20500016212463,0.0,6.09999990463257,-2.15000009536743,0.0,-0.85000002384186,-2.20500016212463,0.0,6.09999990463257,5.87973546981812,1.20477902889252,-1.33747363090515,5.30994653701782,1.11986970901489,-0.81330144405365,"(5.309947, 1.11987, -0.813301)",truck body CS,11.0512647628784,0.1,5.87973546981812,1.20477902889252,-1.33747363090515,-0.00001581455571,90.4039194014252,0.00000323543732
434,left road,434,-2.10500001907349,0.0,6.09999990463257,-2.04999995231628,0.0,-0.85000002384186,-2.10500001907349,0.0,6.09999990463257,5.87973546981812,1.20477902889252,-1.33747363090515,5.31155204772949,1.11904835700989,-0.80823171138763,"(5.311552, 1.119048, -0.808232)",truck body CS,10.9783201217651,0.1,5.87973546981812,1.20477902889252,-1.33747363090515,-0.00001581455571,90.4039194014252,0.00000323543732
435,left road,435,-2.00500011444092,0.0,6.09999990463257,-1.95000004768372,0.0,-0.85000002384186,-2.00500011444092,0.0,6.09999990463257,5.87973546981812,1.20477902889252,-1.33747363090515,5.31318759918213,1.11821103096008,-0.80306220054626,"(5.313188, 1.118211, -0.803062)",truck body CS,10.9058036804199,0.1,5.87973546981812,1.20477902889252,-1.33747363090515,-0.00001581455571,90.4039194014252,0.00000323543732
436,left road,436,-1.90499997138977,0.0,6.09999990463257,-1.85000002384186,0.0,-0.85000002384186,-1.90499997138977,0.0,6.09999990463257,5.87973546981812,1.20477902889252,-1.33747363090515,5.31485509872437,1.11735713481903,-0.79779034852982,"(5.314855, 1.117357, -0.79779)",truck body CS,10.8337259292603,0.1,5.87973546981812,1.20477902889252,-1.33747363090515,-0.00001581455571,90.4039194014252,0.00000323543732
437,left road,437,-1.80499994754791,0.0,6.09999990463257,-1.75,0.0,-0.85000002384186,-1.80499994754791,0.0,6.09999990463257,5.87973546981812,1.20477902889252,-1.33747363090515,5.31655550003052,1.11648607254028,-0.7924137711525,"(5.316556, 1.116486, -0.792414)",truck body CS,10.7620935440063,0.1,5.87973546981812,1.20477902889252,-1.33747363090515,-0.00001581455571,90.4039194014252,0.00000323543732
438,left road,438,-1.70499992370605,0.0,6.09999990463257,-1.64999997615814,0.0,-0.85000002384186,-1.70499992370605,0.0,6.09999990463257,5.87973546981812,1.20477902889252,-1.33747363090515,5.31829214096069,1.11559784412384,-0.78693002462387,"(5.318292, 1.115598, -0.78693)",truck body CS,10.6909170150757,0.1,5.87973546981812,1.20477902889252,-1.33747363090515,-0.00001581455571,90.4039194014252,0.00000323543732
439,left road,439,-1.6049998998642,0.0,6.09999990463257,-1.54999995231628,0.0,-0.85000002384186,-1.6049998998642,0.0,6.09999990463257,5.87973546981812,1.20477902889252,-1.33747363090515,5.3200626373291,1.11469125747681,-0.78133356571198,"(5.320063, 1.114691, -0.781334)",truck body CS,10.6202058792114,0.1,5.87973546981812,1.20477902889252,-1.33747363090515,-0.00001581455571,90.4039194014252,0.00000323543732
440,left road,440,-1.50499999523163,0.0,6.09999990463257,-1.45000004768372,0.0,-0.85000002384186,-1.50499999523163,0.0,6.09999990463257,5.87973546981812,1.20477902889252,-1.33747363090515,5.32187032699585,1.11376631259918,-0.77562391757965,"(5.32187, 1.113766, -0.775624)",truck body CS,10.5499677658081,0.1,5.87973546981812,1.20477902889252,-1.33747363090515,-0.00001581455571,90.4039194014252,0.00000323543732
441,left road,441,-1.40499997138977,0.0,6.09999990463257,-1.35000002384186,0.0,-0.85000002384186,-1.40499997138977,0.0,6.09999990463257,5.87973546981812,1.20477902889252,-1.33747363090515,5.32473850250244,1.11299133300781,-0.77083903551102,"(5.324739, 1.112991, -0.770839)",truck body CS,10.4802131652832,0.1,5.87973546981812,1.20477902889252,-1.33747363090515,-0.00001581455571,90.4039194014252,0.00000323543732
442,left road,442,-1.30499994754791,0.0,6.09999990463257,-1.25,0.0,-0.85000002384186,-1.30499994754791,0.0,6.09999990463257,5.87973546981812,1.20477902889252,-1.33747363090515,5.32823276519775,1.11229968070984,-0.76656937599182,"(5.328233, 1.1123, -0.766569)",truck body CS,10.4109525680542,0.1,5.87973546981812,1.20477902889252,-1.33747363090515,-0.00001581455571,90.4039194014252,0.00000323543732
443,left road,443,-1.20499992370605,0.0,6.09999990463257,-1.14999997615814,0.0,-0.85000002384186,-1.20499992370605,0.0,6.09999990463257,5.87973546981812,1.20477902889252,-1.33747363090515,5.33178043365479,1.11159777641296,-0.76223605871201,"(5.33178, 1.111598, -0.762236)",truck body CS,10.3421936035156,0.1,5.87973546981812,1.20477902889252,-1.33747363090515,-0.00001581455571,90.4039194014252,0.00000323543732
444,left road,444,-1.1049998998642,0.0,6.09999990463257,-1.04999995231628,0.0,-0.85000002384186,-1.1049998998642,0.0,6.09999990463257,5.87973546981812,1.20477902889252,-1.33747363090515,5.33538150787354,1.11088466644287,-0.7578347325325,"(5.335382, 1.110885, -0.757835)",truck body CS,10.2739496231079,0.1,5.87973546981812,1.20477902889252,-1.33747363090515,-0.00001581455571,90.4039194014252,0.00000323543732
445,left road,445,-1.00499999523163,0.0,6.09999990463257,-0.94999998807907,0.0,-0.85000002384186,-1.00499999523163,0.0,6.09999990463257,5.87973546981812,1.20477902889252,-1.33747363090515,5.33903884887695,1.11016094684601,-0.7533660531044,"(5.339039, 1.110161, -0.753366)",truck body CS,10.2062273025513,0.1,5.87973546981812,1.20477902889252,-1.33747363090515,-0.00001581455571,90.4039194014252,0.00000323543732
446,left road,446,-0.90500003099442,0.0,6.09999990463257,-0.85000002384186,0.0,-0.85000002384186,-0.90500003099442,0.0,6.09999990463257,5.87973546981812,1.20477902889252,-1.33747363090515,5.34275245666504,1.10942578315735,-0.74882823228836,"(5.342752, 1.109426, -0.748828)",truck body CS,10.1390399932861,0.1,5.87973546981812,1.20477902889252,-1.33747363090515,-0.00001581455571,90.4039194014252,0.00000323543732
447,left road,447,-0.80500000715256,0.0,6.09999990463257,-0.75,0.0,-0.85000002384186,-0.80500000715256,0.0,6.09999990463257,5.87973546981812,1.20477902889252,-1.33747363090515,5.34652376174927,1.1086790561676,-0.74421817064285,"(5.346524, 1.108679, -0.744218)",truck body CS,10.0723972320557,0.1,5.87973546981812,1.20477902889252,-1.33747363090515,-0.00001581455571,90.4039194014252,0.00000323543732
448,left road,448,-0.7049999833107,0.0,6.09999990463257,-0.64999997615814,0.0,-0.85000002384186,-0.7049999833107,0.0,6.09999990463257,5.87973546981812,1.20477902889252,-1.33747363090515,5.35035514831543,1.10792076587677,-0.73953652381897,"(5.350355, 1.107921, -0.739537)",truck body CS,10.0063104629517,0.1,5.87973546981812,1.20477902889252,-1.33747363090515,-0.00001581455571,90.4039194014252,0.00000323543732
449,left road,449,-0.60500001907349,0.0,6.09999990463257,-0.55000001192093,0.0,-0.85000002384186,-0.60500001907349,0.0,6.09999990463257,5.87973546981812,1.20477902889252,-1.33747363090515,5.35424852371216,1.1071503162384,-0.73478084802628,"(5.354249, 1.10715, -0.734781)",truck body CS,9.94078922271729,0.1,5.87973546981812,1.20477902889252,-1.33747363090515,-0.00001581455571,90.4039194014252,0.00000323543732
450,left road,450,-0.50499999523163,0.0,6.09999990463257,-0.44999998807907,0.0,-0.85000002384186,-0.50499999523163,0.0,6.09999990463257,5.87973546981812,1.20477902889252,-1.33747363090515,5.35820341110229,1.10636758804321,-0.72994863986969,"(5.358203, 1.106368, -0.729949)",truck body CS,9.87584686279297,0.1,5.87973546981812,1.20477902889252,-1.33747363090515,-0.00001581455571,90.4039194014252,0.00000323543732
451,left road,451,-0.40500000119209,0.0,6.09999990463257,-0.34999999403954,0.0,-0.85000002384186,-0.40500000119209,0.0,6.09999990463257,5.87973546981812,1.20477902889252,-1.33747363090515,5.36222219467163,1.10557198524475,-0.72503763437271,"(5.362222, 1.105572, -0.725038)",truck body CS,9.81149387359619,0.1,5.87973546981812,1.20477902889252,-1.33747363090515,-0.00001581455571,90.4039194014252,0.00000323543732
452,left road,452,-0.30500000715256,0.0,6.09999990463257,-0.25,0.0,-0.85000002384186,-0.30500000715256,0.0,6.09999990463257,5.87973546981812,1.20477902889252,-1.33747363090515,5.36634063720703,1.10477018356323,-0.7200882434845,"(5.366341, 1.10477, -0.720088)",truck body CS,9.74774074554443,0.1,5.87973546981812,1.20477902889252,-1.33747363090515,-0.00001581455571,90.4039194014252,0.00000323543732
453,left road,453,-0.20500001311302,0.0,6.09999990463257,-0.15000000596046,0.0,-0.85000002384186,-0.20500001311302,0.0,6.09999990463257,5.87973546981812,1.20477902889252,-1.33747363090515,5.37086391448975,1.10402226448059,-0.71547067165375,"(5.370864, 1.104022, -0.715471)",truck body CS,9.68460178375244,0.1,5.87973546981812,1.20477902889252,-1.33747363090515,-0.00001581455571,90.4039194014252,0.00000323543732
454,left road,454,-0.10500000417233,0.0,6.09999990463257,-0.05000000074506,0.0,-0.85000002384186,-0.10500000417233,0.0,6.09999990463257,5.87973546981812,1.20477902889252,-1.33747363090515,5.37545442581177,1.10326290130615,-0.71078276634216,"(5.375454, 1.103263, -0.710783)",truck body CS,9.6220874786377,0.1,5.87973546981812,1.20477902889252,-1.33747363090515,-0.00001581455571,90.4039194014252,0.00000323543732
455,left road,455,-0.00499999895692,0.0,6.09999990463257,0.05000000074506,0.0,-0.85000002384186,-0.00499999895692,0.0,6.09999990463257,5.87973546981812,1.20477902889252,-1.33747363090515,5.38011741638184,1.10249245166779,-0.70602643489838,"(5.380117, 1.102492, -0.706026)",truck body CS,9.56021022796631,0.1,5.87973546981812,1.20477902889252,-1.33747363090515,-0.00001581455571,90.4039194014252,0.00000323543732
456,left road,456,0.09500000625849,0.0,6.09999990463257,0.15000000596046,0.0,-0.85000002384186,0.09500000625849,0.0,6.09999990463257,5.87973546981812,1.20477902889252,-1.33747363090515,5.38485050201416,1.10170984268188,-0.70119488239288,"(5.384851, 1.10171, -0.701195)",truck body CS,9.49898242950439,0.1,5.87973546981812,1.20477902889252,-1.33747363090515,-0.00001581455571,90.4039194014252,0.00000323543732
457,left road,457,0.19499999284744,0.0,6.09999990463257,0.25,0.0,-0.85000002384186,0.19499999284744,0.0,6.09999990463257,5.87973546981812,1.20477902889252,-1.33747363090515,5.38965559005737,1.10091519355774,-0.69629001617432,"(5.389656, 1.100915, -0.69629)",truck body CS,9.43841743469238,0.1,5.87973546981812,1.20477902889252,-1.33747363090515,-0.00001581455571,90.4039194014252,0.00000323543732
458,left road,458,0.29499998688698,0.0,6.09999990463257,0.34999999403954,0.0,-0.85000002384186,0.29499998688698,0.0,6.09999990463257,5.87973546981812,1.20477902889252,-1.33747363090515,5.39453506469727,1.10010814666748,-0.6913069486618,"(5.394535, 1.100108, -0.691307)",truck body CS,9.37852764129639,0.1,5.87973546981812,1.20477902889252,-1.33747363090515,-0.00001581455571,90.4039194014252,0.00000323543732
459,left road,459,0.39499998092651,0.0,6.09999990463257,0.44999998807907,0.0,-0.85000002384186,0.39499998092651,0.0,6.09999990463257,5.87973546981812,1.20477902889252,-1.33747363090515,5.40255212783813,1.0999608039856,-0.69039726257324,"(5.402552, 1.099961, -0.690397)",truck body CS,9.31932544708252,0.1,5.87973546981812,1.20477902889252,-1.33747363090515,-0.00001581455571,90.4039194014252,0.00000323543732
460,left road,460,0.49500000476837,0.0,6.09999990463257,0.55000001192093,0.0,-0.85000002384186,0.49500000476837,0.0,6.09999990463257,5.87973546981812,1.20477902889252,-1.33747363090515,5.41195583343506,1.1001181602478,-0.69136869907379,"(5.411956, 1.100118, -0.691369)",truck body CS,9.26082515716553,0.1,5.87973546981812,1.20477902889252,-1.33747363090515,-0.00001581455571,90.4039194014252,0.00000323543732
461,left road,461,0.59499996900558,0.0,6.09999990463257,0.64999997615814,0.0,-0.85000002384186,0.59499996900558,0.0,6.09999990463257,5.87973546981812,1.20477902889252,-1.33747363090515,5.42177057266235,1.10037517547607,-0.69295573234558,"(5.421771, 1.100375, -0.692956)",truck body CS,9.20303916931152,0.1,5.87973546981812,1.20477902889252,-1.33747363090515,-0.00001581455571,90.4039194014252,0.00000323543732
462,left road,462,0.69499999284744,0.0,6.09999990463257,0.75,0.0,-0.85000002384186,0.69499999284744,0.0,6.09999990463257,5.87973546981812,1.20477902889252,-1.33747363090515,5.43153810501099,1.10063111782074,-0.69453632831573,"(5.431538, 1.100631, -0.694536)",truck body CS,9.14598178863525,0.1,5.87973546981812,1.20477902889252,-1.33747363090515,-0.00001581455571,90.4039194014252,0.00000323543732
463,left road,463,0.7950000166893,0.0,6.09999990463257,0.85000002384186,0.0,-0.85000002384186,0.7950000166893,0.0,6.09999990463257,5.87973546981812,1.20477902889252,-1.33747363090515,5.44125652313232,1.10088562965393,-0.69610702991486,"(5.441257, 1.100886, -0.696107)",truck body CS,9.08966636657715,0.1,5.87973546981812,1.20477902889252,-1.33747363090515,-0.00001581455571,90.4039194014252,0.00000323543732
464,left road,464,0.89499998092651,0.0,6.09999990463257,0.94999998807907,0.0,-0.85000002384186,0.89499998092651,0.0,6.09999990463257,5.87973546981812,1.20477902889252,-1.33747363090515,5.45481443405151,1.1020781993866,-0.70346903800964,"(5.454814, 1.102078, -0.703469)",truck body CS,9.03410720825195,0.1,5.87973546981812,1.20477902889252,-1.33747363090515,-0.00001581455571,90.4039194014252,0.00000323543732
465,left road,465,0.99499994516373,0.0,6.09999990463257,1.04999995231628,0.0,-0.85000002384186,0.99499994516373,0.0,6.09999990463257,5.87973546981812,1.20477902889252,-1.33747363090515,5.8467435836792,1.19664180278778,-1.28724014759064,"(5.846744, 1.196642, -1.28724)",EyeArea,8.9793176651001,0.1,5.87973546981812,1.20477902889252,-1.33747363090515,-0.00001581455571,90.4039194014252,0.00000323543732
466,left road,466,1.09500002861023,0.0,6.09999990463257,1.14999997615814,0.0,-0.85000002384186,1.09500002861023,0.0,6.09999990463257,5.87973546981812,1.20477902889252,-1.33747363090515,5.84742307662964,1.1966427564621,-1.28724503517151,"(5.847423, 1.196643, -1.287245)",EyeArea,8.92531204223633,0.1,5.87973546981812,1.20477902889252,-1.33747363090515,-0.00001581455571,90.4039194014252,0.00000323543732
467,left road,467,1.19500005245209,0.0,6.09999990463257,1.25,0.0,-0.85000002384186,1.19500005245209,0.0,6.09999990463257,5.87973546981812,1.20477902889252,-1.33747363090515,5.84810066223145,1.19664347171783,-1.28724980354309,"(5.848101, 1.196643, -1.28725)",EyeArea,8.87210464477539,0.1,5.87973546981812,1.20477902889252,-1.33747363090515,-0.00001581455571,90.4039194014252,0.00000323543732
468,left road,468,1.29500007629395,0.0,6.09999990463257,1.35000002384186,0.0,-0.85000002384186,1.29500007629395,0.0,6.09999990463257,5.87973546981812,1.20477902889252,-1.33747363090515,5.84877872467041,1.19664418697357,-1.28725457191467,"(5.848779, 1.196644, -1.287255)",EyeArea,8.81971073150635,0.1,5.87973546981812,1.20477902889252,-1.33747363090515,-0.00001581455571,90.4039194014252,0.00000323543732
469,left road,469,1.3950001001358,0.0,6.09999990463257,1.45000004768372,0.0,-0.85000002384186,1.3950001001358,0.0,6.09999990463257,5.87973546981812,1.20477902889252,-1.33747363090515,5.84945678710938,1.19664490222931,-1.28725934028625,"(5.849457, 1.196645, -1.287259)",EyeArea,8.76814460754395,0.1,5.87973546981812,1.20477902889252,-1.33747363090515,-0.00001581455571,90.4039194014252,0.00000323543732
470,left road,470,1.49500000476837,0.0,6.09999990463257,1.54999995231628,0.0,-0.85000002384186,1.49500000476837,0.0,6.09999990463257,5.87973546981812,1.20477902889252,-1.33747363090515,5.85013484954834,1.19664573669434,-1.28726410865784,"(5.850135, 1.196646, -1.287264)",EyeArea,8.71741962432861,0.1,5.87973546981812,1.20477902889252,-1.33747363090515,-0.00001581455571,90.4039194014252,0.00000323543732
471,left road,471,1.59500002861023,0.0,6.09999990463257,1.64999997615814,0.0,-0.85000002384186,1.59500002861023,0.0,6.09999990463257,5.87973546981812,1.20477902889252,-1.33747363090515,5.8508129119873,1.19664657115936,-1.28726887702942,"(5.850813, 1.196647, -1.287269)",EyeArea,8.66755199432373,0.1,5.87973546981812,1.20477902889252,-1.33747363090515,-0.00001581455571,90.4039194014252,0.00000323543732
472,left road,472,1.69500005245209,0.0,6.09999990463257,1.75,0.0,-0.85000002384186,1.69500005245209,0.0,6.09999990463257,5.87973546981812,1.20477902889252,-1.33747363090515,5.85149002075195,1.1966472864151,-1.287273645401,"(5.85149, 1.196647, -1.287274)",EyeArea,8.61855602264404,0.1,5.87973546981812,1.20477902889252,-1.33747363090515,-0.00001581455571,90.4039194014252,0.00000323543732
473,left road,473,1.79500007629395,0.0,6.09999990463257,1.85000002384186,0.0,-0.85000002384186,1.79500007629395,0.0,6.09999990463257,5.87973546981812,1.20477902889252,-1.33747363090515,5.85216760635376,1.19664800167084,-1.28727841377258,"(5.852168, 1.196648, -1.287278)",EyeArea,8.57044696807861,0.1,5.87973546981812,1.20477902889252,-1.33747363090515,-0.00001581455571,90.4039194014252,0.00000323543732
474,left road,474,1.8950001001358,0.0,6.09999990463257,1.95000004768372,0.0,-0.85000002384186,1.8950001001358,0.0,6.09999990463257,5.87973546981812,1.20477902889252,-1.33747363090515,5.85284519195557,1.19664883613586,-1.28728318214417,"(5.852845, 1.196649, -1.287283)",EyeArea,8.5232400894165,0.1,5.87973546981812,1.20477902889252,-1.33747363090515,-0.00001581455571,90.4039194014252,0.00000323543732
475,left road,475,1.99500000476837,0.0,6.09999990463257,2.04999995231628,0.0,-0.85000002384186,1.99500000476837,0.0,6.09999990463257,5.87973546981812,1.20477902889252,-1.33747363090515,5.85352277755737,1.19664967060089,-1.28728795051575,"(5.853523, 1.19665, -1.287288)",EyeArea,8.47694969177246,0.1,5.87973546981812,1.20477902889252,-1.33747363090515,-0.00001581455571,90.4039194014252,0.00000323543732
476,left road,476,2.09500002861023,0.0,6.09999990463257,2.15000009536743,0.0,-0.85000002384186,2.09500002861023,0.0,6.09999990463257,5.87973546981812,1.20477902889252,-1.33747363090515,5.85419988632202,1.19665050506592,-1.28729271888733,"(5.8542, 1.196651, -1.287293)",EyeArea,8.43159103393555,0.1,5.87973546981812,1.20477902889252,-1.33747363090515,-0.00001581455571,90.4039194014252,0.00000323543732
477,left road,477,2.1949999332428,0.0,6.09999990463257,2.25,0.0,-0.85000002384186,2.1949999332428,0.0,6.09999990463257,5.87973546981812,1.20477902889252,-1.33747363090515,5.85487699508667,1.19665110111237,-1.28729748725891,"(5.854877, 1.196651, -1.287297)",EyeArea,8.38717937469482,0.1,5.87973546981812,1.20477902889252,-1.33747363090515,-0.00001581455571,90.4039194014252,0.00000323543732
478,left road,478,2.29499983787537,0.0,6.09999990463257,2.34999990463257,0.0,-0.85000002384186,2.29499983787537,0.0,6.09999990463257,5.87973546981812,1.20477902889252,-1.33747363090515,5.85555362701416,1.19665193557739,-1.28730225563049,"(5.855554, 1.196652, -1.287302)",EyeArea,8.34372997283936,0.1,5.87973546981812,1.20477902889252,-1.33747363090515,-0.00001581455571,90.4039194014252,0.00000323543732
479,left road,479,2.39499998092651,0.0,6.09999990463257,2.45000004768372,0.0,-0.85000002384186,2.39499998092651,0.0,6.09999990463257,5.87973546981812,1.20477902889252,-1.33747363090515,5.85623073577881,1.19665277004242,-1.28730702400208,"(5.856231, 1.196653, -1.287307)",EyeArea,8.3012580871582,0.1,5.87973546981812,1.20477902889252,-1.33747363090515,-0.00001581455571,90.4039194014252,0.00000323543732
480,left road,480,2.49499988555908,0.0,6.09999990463257,2.54999995231628,0.0,-0.85000002384186,2.49499988555908,0.0,6.09999990463257,5.87973546981812,1.20477902889252,-1.33747363090515,5.8569073677063,1.19665360450745,-1.28731179237366,"(5.856907, 1.196654, -1.287312)",EyeArea,8.25977802276611,0.1,5.87973546981812,1.20477902889252,-1.33747363090515,-0.00001581455571,90.4039194014252,0.00000323543732
481,left road,481,2.59500002861023,0.0,6.09999990463257,2.65000009536743,0.0,-0.85000002384186,2.59500002861023,0.0,6.09999990463257,5.87973546981812,1.20477902889252,-1.33747363090515,5.85758352279663,1.19665420055389,-1.28731656074524,"(5.857584, 1.196654, -1.287317)",EyeArea,8.21930599212646,0.1,5.87973546981812,1.20477902889252,-1.33747363090515,-0.00001581455571,90.4039194014252,0.00000323543732
482,left road,482,2.6949999332428,0.0,6.09999990463257,2.75,0.0,-0.85000002384186,2.6949999332428,0.0,6.09999990463257,5.87973546981812,1.20477902889252,-1.33747363090515,5.85826015472412,1.19665503501892,-1.28732132911682,"(5.85826, 1.196655, -1.287321)",EyeArea,8.179856300354,0.1,5.87973546981812,1.20477902889252,-1.33747363090515,-0.00001581455571,90.4039194014252,0.00000323543732
483,left road,483,2.79499983787537,0.0,6.09999990463257,2.84999990463257,0.0,-0.85000002384186,2.79499983787537,0.0,6.09999990463257,5.87973546981812,1.20477902889252,-1.33747363090515,5.85893630981445,1.19665575027466,-1.2873260974884,"(5.858936, 1.196656, -1.287326)",EyeArea,8.14144325256348,0.1,5.87973546981812,1.20477902889252,-1.33747363090515,-0.00001581455571,90.4039194014252,0.00000323543732
484,left road,484,2.89499998092651,0.0,6.09999990463257,2.95000004768372,0.0,-0.85000002384186,2.89499998092651,0.0,6.09999990463257,5.87973546981812,1.20477902889252,-1.33747363090515,5.85961294174194,1.19665658473969,-1.28733086585999,"(5.859613, 1.196657, -1.287331)",EyeArea,8.10408210754395,0.1,5.87973546981812,1.20477902889252,-1.33747363090515,-0.00001581455571,90.4039194014252,0.00000323543732
485,left road,485,2.99499988555908,0.0,6.09999990463257,3.04999995231628,0.0,-0.85000002384186,2.99499988555908,0.0,6.09999990463257,5.87973546981812,1.20477902889252,-1.33747363090515,5.86028861999512,1.19665729999542,-1.28733563423157,"(5.860289, 1.196657, -1.287336)",EyeArea,8.06778812408447,0.1,5.87973546981812,1.20477902889252,-1.33747363090515,-0.00001581455571,90.4039194014252,0.00000323543732
486,left road,486,3.09500002861023,0.0,6.09999990463257,3.15000009536743,0.0,-0.85000002384186,3.09500002861023,0.0,6.09999990463257,5.87973546981812,1.20477902889252,-1.33747363090515,5.86096477508545,1.19665801525116,-1.28734040260315,"(5.860965, 1.196658, -1.28734)",EyeArea,8.03257465362549,0.1,5.87973546981812,1.20477902889252,-1.33747363090515,-0.00001581455571,90.4039194014252,0.00000323543732
487,left road,487,3.1949999332428,0.0,6.09999990463257,3.25,0.0,-0.85000002384186,3.1949999332428,0.0,6.09999990463257,5.87973546981812,1.20477902889252,-1.33747363090515,5.86164045333862,1.19665884971619,-1.28734517097473,"(5.86164, 1.196659, -1.287345)",EyeArea,7.9984564781189,0.1,5.87973546981812,1.20477902889252,-1.33747363090515,-0.00001581455571,90.4039194014252,0.00000323543732
488,left road,488,3.29499983787537,0.0,6.09999990463257,3.34999990463257,0.0,-0.85000002384186,3.29499983787537,0.0,6.09999990463257,5.87973546981812,1.20477902889252,-1.33747363090515,5.8623161315918,1.19665968418121,-1.28734993934631,"(5.862316, 1.19666, -1.28735)",EyeArea,7.96544790267944,0.1,5.87973546981812,1.20477902889252,-1.33747363090515,-0.00001581455571,90.4039194014252,0.00000323543732
489,left road,489,3.39499998092651,0.0,6.09999990463257,3.45000004768372,0.0,-0.85000002384186,3.39499998092651,0.0,6.09999990463257,5.87973546981812,1.20477902889252,-1.33747363090515,5.86299180984497,1.19666039943695,-1.2873547077179,"(5.862992, 1.19666, -1.287355)",EyeArea,7.93356227874756,0.1,5.87973546981812,1.20477902889252,-1.33747363090515,-0.00001581455571,90.4039194014252,0.00000323543732
490,left road,490,-3.50500011444092,0.0,6.19999980926514,-3.45000004768372,0.0,-0.75,-3.50500011444092,0.0,6.19999980926514,5.87973546981812,1.20477902889252,-1.33747363090515,5.83001613616943,1.1983962059021,-1.2975412607193,"(5.830016, 1.198396, -1.297541)",EyeArea,12.09703540802,0.1,5.87973546981812,1.20477902889252,-1.33747363090515,-0.00001581455571,90.4039194014252,0.00000323543732
491,left road,491,-3.40499997138977,0.0,6.19999980926514,-3.34999990463257,0.0,-0.75,-3.40499997138977,0.0,6.19999980926514,5.87973546981812,1.20477902889252,-1.33747363090515,5.83001899719238,1.19832789897919,-1.29711353778839,"(5.830019, 1.198328, -1.297114)",EyeArea,12.0196218490601,0.1,5.87973546981812,1.20477902889252,-1.33747363090515,-0.00001581455571,90.4039194014252,0.00000323543732
492,left road,492,-3.3050000667572,0.0,6.19999980926514,-3.25,0.0,-0.75,-3.3050000667572,0.0,6.19999980926514,5.87973546981812,1.20477902889252,-1.33747363090515,5.83002233505249,1.19825804233551,-1.29667687416077,"(5.830022, 1.198258, -1.296677)",EyeArea,11.9425439834595,0.1,5.87973546981812,1.20477902889252,-1.33747363090515,-0.00001581455571,90.4039194014252,0.00000323543732
493,left road,493,-3.20500016212463,0.0,6.19999980926514,-3.15000009536743,0.0,-0.75,-3.20500016212463,0.0,6.19999980926514,5.87973546981812,1.20477902889252,-1.33747363090515,5.83002519607544,1.19818675518036,-1.29623007774353,"(5.830025, 1.198187, -1.29623)",EyeArea,11.8658094406128,0.1,5.87973546981812,1.20477902889252,-1.33747363090515,-0.00001581455571,90.4039194014252,0.00000323543732
494,left road,494,-3.10500001907349,0.0,6.19999980926514,-3.04999995231628,0.0,-0.75,-3.10500001907349,0.0,6.19999980926514,5.87973546981812,1.20477902889252,-1.33747363090515,5.83002853393555,1.19811379909515,-1.29577326774597,"(5.830029, 1.198114, -1.295773)",EyeArea,11.7894220352173,0.1,5.87973546981812,1.20477902889252,-1.33747363090515,-0.00001581455571,90.4039194014252,0.00000323543732
495,left road,495,-3.00500011444092,0.0,6.19999980926514,-2.95000004768372,0.0,-0.75,-3.00500011444092,0.0,6.19999980926514,5.87973546981812,1.20477902889252,-1.33747363090515,5.30563974380493,1.12693107128143,-0.85043263435364,"(5.30564, 1.126931, -0.850433)",truck body CS,11.7133903503418,0.1,5.87973546981812,1.20477902889252,-1.33747363090515,-0.00001581455571,90.4039194014252,0.00000323543732
496,left road,496,-2.90499997138977,0.0,6.19999980926514,-2.84999990463257,0.0,-0.75,-2.90499997138977,0.0,6.19999980926514,5.87973546981812,1.20477902889252,-1.33747363090515,5.30448341369629,1.1258864402771,-0.84389638900757,"(5.304483, 1.125886, -0.843896)",truck body CS,11.6377220153809,0.1,5.87973546981812,1.20477902889252,-1.33747363090515,-0.00001581455571,90.4039194014252,0.00000323543732
497,left road,497,-2.8050000667572,0.0,6.19999980926514,-2.75,0.0,-0.75,-2.8050000667572,0.0,6.19999980926514,5.87973546981812,1.20477902889252,-1.33747363090515,5.30434846878052,1.12495923042297,-0.83809614181519,"(5.304348, 1.124959, -0.838096)",truck body CS,11.5624237060547,0.1,5.87973546981812,1.20477902889252,-1.33747363090515,-0.00001581455571,90.4039194014252,0.00000323543732
498,left road,498,-2.70500016212463,0.0,6.19999980926514,-2.65000009536743,0.0,-0.75,-2.70500016212463,0.0,6.19999980926514,5.87973546981812,1.20477902889252,-1.33747363090515,5.30485153198242,1.12409996986389,-0.83272022008896,"(5.304852, 1.1241, -0.83272)",truck body CS,11.4875011444092,0.1,5.87973546981812,1.20477902889252,-1.33747363090515,-0.00001581455571,90.4039194014252,0.00000323543732
499,left road,499,-2.60500001907349,0.0,6.19999980926514,-2.54999995231628,0.0,-0.75,-2.60500001907349,0.0,6.19999980926514,5.87973546981812,1.20477902889252,-1.33747363090515,5.30632829666138,1.12335872650146,-0.82808363437653,"(5.306328, 1.123359, -0.828084)",truck body CS,11.4129638671875,0.1,5.87973546981812,1.20477902889252,-1.33747363090515,-0.00001581455571,90.4039194014252,0.00000323543732
500,left road,500,-2.50500011444092,0.0,6.19999980926514,-2.45000004768372,0.0,-0.75,-2.50500011444092,0.0,6.19999980926514,5.87973546981812,1.20477902889252,-1.33747363090515,5.30783319473267,1.12260389328003,-0.82336115837097,"(5.307833, 1.122604, -0.823361)",truck body CS,11.3388175964355,0.1,5.87973546981812,1.20477902889252,-1.33747363090515,-0.00001581455571,90.4039194014252,0.00000323543732
501,left road,501,-2.40499997138977,0.0,6.19999980926514,-2.34999990463257,0.0,-0.75,-2.40499997138977,0.0,6.19999980926514,5.87973546981812,1.20477902889252,-1.33747363090515,5.30936527252197,1.12183475494385,-0.81854915618896,"(5.309365, 1.121835, -0.818549)",truck body CS,11.2650728225708,0.1,5.87973546981812,1.20477902889252,-1.33747363090515,-0.00001581455571,90.4039194014252,0.00000323543732
502,left road,502,-2.3050000667572,0.0,6.19999980926514,-2.25,0.0,-0.75,-2.3050000667572,0.0,6.19999980926514,5.87973546981812,1.20477902889252,-1.33747363090515,5.31092691421509,1.1210515499115,-0.81364762783051,"(5.310927, 1.121052, -0.813648)",truck body CS,11.1917333602905,0.1,5.87973546981812,1.20477902889252,-1.33747363090515,-0.00001581455571,90.4039194014252,0.00000323543732
503,left road,503,-2.20500016212463,0.0,6.19999980926514,-2.15000009536743,0.0,-0.75,-2.20500016212463,0.0,6.19999980926514,5.87973546981812,1.20477902889252,-1.33747363090515,5.31251764297485,1.12025284767151,-0.80865114927292,"(5.312518, 1.120253, -0.808651)",truck body CS,11.1188106536865,0.1,5.87973546981812,1.20477902889252,-1.33747363090515,-0.00001581455571,90.4039194014252,0.00000323543732
504,left road,504,-2.10500001907349,0.0,6.19999980926514,-2.04999995231628,0.0,-0.75,-2.10500001907349,0.0,6.19999980926514,5.87973546981812,1.20477902889252,-1.33747363090515,5.31414127349854,1.11943912506104,-0.80356019735336,"(5.314141, 1.119439, -0.80356)",truck body CS,11.0463123321533,0.1,5.87973546981812,1.20477902889252,-1.33747363090515,-0.00001581455571,90.4039194014252,0.00000323543732
505,left road,505,-2.00500011444092,0.0,6.19999980926514,-1.95000004768372,0.0,-0.75,-2.00500011444092,0.0,6.19999980926514,5.87973546981812,1.20477902889252,-1.33747363090515,5.31579351425171,1.11860918998718,-0.79836827516556,"(5.315794, 1.118609, -0.798368)",truck body CS,10.9742450714111,0.1,5.87973546981812,1.20477902889252,-1.33747363090515,-0.00001581455571,90.4039194014252,0.00000323543732
506,left road,506,-1.90499997138977,0.0,6.19999980926514,-1.85000002384186,0.0,-0.75,-1.90499997138977,0.0,6.19999980926514,5.87973546981812,1.20477902889252,-1.33747363090515,5.31747961044312,1.11776328086853,-0.79307639598846,"(5.31748, 1.117763, -0.793076)",truck body CS,10.9026193618774,0.1,5.87973546981812,1.20477902889252,-1.33747363090515,-0.00001581455571,90.4039194014252,0.00000323543732
507,left road,507,-1.80499994754791,0.0,6.19999980926514,-1.75,0.0,-0.75,-1.80499994754791,0.0,6.19999980926514,5.87973546981812,1.20477902889252,-1.33747363090515,5.3191990852356,1.11690044403076,-0.78767853975296,"(5.319199, 1.1169, -0.787679)",truck body CS,10.8314428329468,0.1,5.87973546981812,1.20477902889252,-1.33747363090515,-0.00001581455571,90.4039194014252,0.00000323543732
508,left road,508,-1.70499992370605,0.0,6.19999980926514,-1.64999997615814,0.0,-0.75,-1.70499992370605,0.0,6.19999980926514,5.87973546981812,1.20477902889252,-1.33747363090515,5.32095241546631,1.1160204410553,-0.78217232227325,"(5.320952, 1.11602, -0.782172)",truck body CS,10.7607250213623,0.1,5.87973546981812,1.20477902889252,-1.33747363090515,-0.00001581455571,90.4039194014252,0.00000323543732
509,left road,509,-1.6049998998642,0.0,6.19999980926514,-1.54999995231628,0.0,-0.75,-1.6049998998642,0.0,6.19999980926514,5.87973546981812,1.20477902889252,-1.33747363090515,5.32274198532104,1.1151225566864,-0.77655470371246,"(5.322742, 1.115123, -0.776555)",truck body CS,10.6904754638672,0.1,5.87973546981812,1.20477902889252,-1.33747363090515,-0.00001581455571,90.4039194014252,0.00000323543732
510,left road,510,-1.50499999523163,0.0,6.19999980926514,-1.45000004768372,0.0,-0.75,-1.50499999523163,0.0,6.19999980926514,5.87973546981812,1.20477902889252,-1.33747363090515,5.32553625106812,1.11436438560486,-0.77181202173233,"(5.325536, 1.114364, -0.771812)",truck body CS,10.6207027435303,0.1,5.87973546981812,1.20477902889252,-1.33747363090515,-0.00001581455571,90.4039194014252,0.00000323543732
511,left road,511,-1.40499997138977,0.0,6.19999980926514,-1.35000002384186,0.0,-0.75,-1.40499997138977,0.0,6.19999980926514,5.87973546981812,1.20477902889252,-1.33747363090515,5.32898426055908,1.11369347572327,-0.76761466264725,"(5.328984, 1.113693, -0.767615)",truck body CS,10.5514163970947,0.1,5.87973546981812,1.20477902889252,-1.33747363090515,-0.00001581455571,90.4039194014252,0.00000323543732
512,left road,512,-1.30499994754791,0.0,6.19999980926514,-1.25,0.0,-0.75,-1.30499994754791,0.0,6.19999980926514,5.87973546981812,1.20477902889252,-1.33747363090515,5.33248281478882,1.11301243305206,-0.76335299015045,"(5.332483, 1.113012, -0.763353)",truck body CS,10.4826250076294,0.1,5.87973546981812,1.20477902889252,-1.33747363090515,-0.00001581455571,90.4039194014252,0.00000323543732
513,left road,513,-1.20499992370605,0.0,6.19999980926514,-1.14999997615814,0.0,-0.75,-1.20499992370605,0.0,6.19999980926514,5.87973546981812,1.20477902889252,-1.33747363090515,5.33603477478027,1.11232137680054,-0.75902891159058,"(5.336035, 1.112321, -0.759029)",truck body CS,10.4143400192261,0.1,5.87973546981812,1.20477902889252,-1.33747363090515,-0.00001581455571,90.4039194014252,0.00000323543732
514,left road,514,-1.1049998998642,0.0,6.19999980926514,-1.04999995231628,0.0,-0.75,-1.1049998998642,0.0,6.19999980926514,5.87973546981812,1.20477902889252,-1.33747363090515,5.33964061737061,1.11161947250366,-0.75463861227036,"(5.339641, 1.111619, -0.754639)",truck body CS,10.3465709686279,0.1,5.87973546981812,1.20477902889252,-1.33747363090515,-0.00001581455571,90.4039194014252,0.00000323543732
515,left road,515,-1.00499999523163,0.0,6.19999980926514,-0.94999998807907,0.0,-0.75,-1.00499999523163,0.0,6.19999980926514,5.87973546981812,1.20477902889252,-1.33747363090515,5.34330129623413,1.11090683937073,-0.75018036365509,"(5.343301, 1.110907, -0.75018)",truck body CS,10.2793283462524,0.1,5.87973546981812,1.20477902889252,-1.33747363090515,-0.00001581455571,90.4039194014252,0.00000323543732
516,left road,516,-0.90500003099442,0.0,6.19999980926514,-0.85000002384186,0.0,-0.75,-0.90500003099442,0.0,6.19999980926514,5.87973546981812,1.20477902889252,-1.33747363090515,5.34701824188232,1.11018323898315,-0.74565351009369,"(5.347018, 1.110183, -0.745654)",truck body CS,10.2126216888428,0.1,5.87973546981812,1.20477902889252,-1.33747363090515,-0.00001581455571,90.4039194014252,0.00000323543732
517,left road,517,-0.80500000715256,0.0,6.19999980926514,-0.75,0.0,-0.75,-0.80500000715256,0.0,6.19999980926514,5.87973546981812,1.20477902889252,-1.33747363090515,5.35079383850098,1.10944867134094,-0.7410574555397,"(5.350794, 1.109449, -0.741057)",truck body CS,10.1464614868164,0.1,5.87973546981812,1.20477902889252,-1.33747363090515,-0.00001581455571,90.4039194014252,0.00000323543732
518,left road,518,-0.7049999833107,0.0,6.19999980926514,-0.64999997615814,0.0,-0.75,-0.7049999833107,0.0,6.19999980926514,5.87973546981812,1.20477902889252,-1.33747363090515,5.35462760925293,1.10870242118835,-0.736388027668,"(5.354628, 1.108702, -0.736388)",truck body CS,10.0808601379395,0.1,5.87973546981812,1.20477902889252,-1.33747363090515,-0.00001581455571,90.4039194014252,0.00000323543732
519,left road,519,-0.60500001907349,0.0,6.19999980926514,-0.55000001192093,0.0,-0.75,-0.60500001907349,0.0,6.19999980926514,5.87973546981812,1.20477902889252,-1.33747363090515,5.35852289199829,1.10794448852539,-0.73164641857147,"(5.358523, 1.107944, -0.731646)",truck body CS,10.0158271789551,0.1,5.87973546981812,1.20477902889252,-1.33747363090515,-0.00001581455571,90.4039194014252,0.00000323543732
520,left road,520,-0.50499999523163,0.0,6.19999980926514,-0.44999998807907,0.0,-0.75,-0.50499999523163,0.0,6.19999980926514,5.87973546981812,1.20477902889252,-1.33747363090515,5.36247873306274,1.1071742773056,-0.72682768106461,"(5.362479, 1.107174, -0.726828)",truck body CS,9.95137405395508,0.1,5.87973546981812,1.20477902889252,-1.33747363090515,-0.00001581455571,90.4039194014252,0.00000323543732
521,left road,521,-0.40500000119209,0.0,6.19999980926514,-0.34999999403954,0.0,-0.75,-0.40500000119209,0.0,6.19999980926514,5.87973546981812,1.20477902889252,-1.33747363090515,5.3664984703064,1.10639190673828,-0.72193312644958,"(5.366498, 1.106392, -0.721933)",truck body CS,9.88751316070557,0.1,5.87973546981812,1.20477902889252,-1.33747363090515,-0.00001581455571,90.4039194014252,0.00000323543732
522,left road,522,-0.30500000715256,0.0,6.19999980926514,-0.25,0.0,-0.75,-0.30500000715256,0.0,6.19999980926514,5.87973546981812,1.20477902889252,-1.33747363090515,5.37058305740356,1.10559678077698,-0.71695792675018,"(5.370583, 1.105597, -0.716958)",truck body CS,9.82425308227539,0.1,5.87973546981812,1.20477902889252,-1.33747363090515,-0.00001581455571,90.4039194014252,0.00000323543732
523,left road,523,-0.20500001311302,0.0,6.19999980926514,-0.15000000596046,0.0,-0.75,-0.20500001311302,0.0,6.19999980926514,5.87973546981812,1.20477902889252,-1.33747363090515,5.37495756149292,1.10483288764954,-0.71217942237854,"(5.374958, 1.104833, -0.712179)",truck body CS,9.76160907745361,0.1,5.87973546981812,1.20477902889252,-1.33747363090515,-0.00001581455571,90.4039194014252,0.00000323543732
524,left road,524,-0.10500000417233,0.0,6.19999980926514,-0.05000000074506,0.0,-0.75,-0.10500000417233,0.0,6.19999980926514,5.87973546981812,1.20477902889252,-1.33747363090515,5.37954235076904,1.10408580303192,-0.70750486850739,"(5.379542, 1.104086, -0.707505)",truck body CS,9.6995906829834,0.1,5.87973546981812,1.20477902889252,-1.33747363090515,-0.00001581455571,90.4039194014252,0.00000323543732
525,left road,525,-0.00499999895692,0.0,6.19999980926514,0.05000000074506,0.0,-0.75,-0.00499999895692,0.0,6.19999980926514,5.87973546981812,1.20477902889252,-1.33747363090515,5.38419771194458,1.10332775115967,-0.70276308059692,"(5.384198, 1.103328, -0.702763)",truck body CS,9.63821125030518,0.1,5.87973546981812,1.20477902889252,-1.33747363090515,-0.00001581455571,90.4039194014252,0.00000323543732
526,left road,526,0.09500000625849,0.0,6.19999980926514,0.15000000596046,0.0,-0.75,0.09500000625849,0.0,6.19999980926514,5.87973546981812,1.20477902889252,-1.33747363090515,5.3889217376709,1.10255789756775,-0.69794607162476,"(5.388922, 1.102558, -0.697946)",truck body CS,9.57748222351074,0.1,5.87973546981812,1.20477902889252,-1.33747363090515,-0.00001581455571,90.4039194014252,0.00000323543732
527,left road,527,0.19499999284744,0.0,6.19999980926514,0.25,0.0,-0.75,0.19499999284744,0.0,6.19999980926514,5.87973546981812,1.20477902889252,-1.33747363090515,5.39371824264526,1.10177612304688,-0.6930558681488,"(5.393718, 1.101776, -0.693056)",truck body CS,9.51741695404053,0.1,5.87973546981812,1.20477902889252,-1.33747363090515,-0.00001581455571,90.4039194014252,0.00000323543732
528,left road,528,0.29499998688698,0.0,6.19999980926514,0.34999999403954,0.0,-0.75,0.29499998688698,0.0,6.19999980926514,5.87973546981812,1.20477902889252,-1.33747363090515,5.40092945098877,1.10148739814758,-0.69124948978424,"(5.400929, 1.101487, -0.691249)",truck body CS,9.45802688598633,0.1,5.87973546981812,1.20477902889252,-1.33747363090515,-0.00001581455571,90.4039194014252,0.00000323543732
529,left road,529,0.39499998092651,0.0,6.19999980926514,0.44999998807907,0.0,-0.75,0.39499998092651,0.0,6.19999980926514,5.87973546981812,1.20477902889252,-1.33747363090515,5.41016912460327,1.10163378715515,-0.69216477870941,"(5.410169, 1.101634, -0.692165)",truck body CS,9.39932632446289,0.1,5.87973546981812,1.20477902889252,-1.33747363090515,-0.00001581455571,90.4039194014252,0.00000323543732
530,left road,530,0.49500000476837,0.0,6.19999980926514,0.55000001192093,0.0,-0.75,0.49500000476837,0.0,6.19999980926514,5.87973546981812,1.20477902889252,-1.33747363090515,5.41938400268555,1.10178017616272,-0.69308054447174,"(5.419384, 1.10178, -0.693081)",truck body CS,9.34132671356201,0.1,5.87973546981812,1.20477902889252,-1.33747363090515,-0.00001581455571,90.4039194014252,0.00000323543732
531,left road,531,0.59499996900558,0.0,6.19999980926514,0.64999997615814,0.0,-0.75,0.59499996900558,0.0,6.19999980926514,5.87973546981812,1.20477902889252,-1.33747363090515,5.42897748947144,1.10201811790466,-0.69456958770752,"(5.428977, 1.102018, -0.69457)",truck body CS,9.28404235839844,0.1,5.87973546981812,1.20477902889252,-1.33747363090515,-0.00001581455571,90.4039194014252,0.00000323543732
532,left road,532,0.69499999284744,0.0,6.19999980926514,0.75,0.0,-0.75,0.69499999284744,0.0,6.19999980926514,5.87973546981812,1.20477902889252,-1.33747363090515,5.43857336044312,1.10226583480835,-0.69611978530884,"(5.438573, 1.102266, -0.69612)",truck body CS,9.22748565673828,0.1,5.87973546981812,1.20477902889252,-1.33747363090515,-0.00001581455571,90.4039194014252,0.00000323543732
533,left road,533,0.7950000166893,0.0,6.19999980926514,0.85000002384186,0.0,-0.75,0.7950000166893,0.0,6.19999980926514,5.87973546981812,1.20477902889252,-1.33747363090515,5.44989633560181,1.1029326915741,-0.70029175281525,"(5.449896, 1.102933, -0.700292)",truck body CS,9.17166996002197,0.1,5.87973546981812,1.20477902889252,-1.33747363090515,-0.00001581455571,90.4039194014252,0.00000323543732
534,left road,534,0.89499998092651,0.0,6.19999980926514,0.94999998807907,0.0,-0.75,0.89499998092651,0.0,6.19999980926514,5.87973546981812,1.20477902889252,-1.33747363090515,5.46578598022461,1.10473001003265,-0.71153628826141,"(5.465786, 1.10473, -0.711536)",truck body CS,9.11661052703857,0.1,5.87973546981812,1.20477902889252,-1.33747363090515,-0.00001581455571,90.4039194014252,0.00000323543732
535,left road,535,0.99499994516373,0.0,6.19999980926514,1.04999995231628,0.0,-0.75,0.99499994516373,0.0,6.19999980926514,5.87973546981812,1.20477902889252,-1.33747363090515,5.84718322753906,1.19675028324127,-1.28724324703217,"(5.847183, 1.19675, -1.287243)",EyeArea,9.0623197555542,0.1,5.87973546981812,1.20477902889252,-1.33747363090515,-0.00001581455571,90.4039194014252,0.00000323543732
536,left road,536,1.09500002861023,0.0,6.19999980926514,1.14999997615814,0.0,-0.75,1.09500002861023,0.0,6.19999980926514,5.87973546981812,1.20477902889252,-1.33747363090515,5.84785318374634,1.19675099849701,-1.28724801540375,"(5.847853, 1.196751, -1.287248)",EyeArea,9.00881195068359,0.1,5.87973546981812,1.20477902889252,-1.33747363090515,-0.00001581455571,90.4039194014252,0.00000323543732
537,left road,537,1.19500005245209,0.0,6.19999980926514,1.25,0.0,-0.75,1.19500005245209,0.0,6.19999980926514,5.87973546981812,1.20477902889252,-1.33747363090515,5.84852170944214,1.19675171375275,-1.28725266456604,"(5.848522, 1.196752, -1.287253)",EyeArea,8.9561014175415,0.1,5.87973546981812,1.20477902889252,-1.33747363090515,-0.00001581455571,90.4039194014252,0.00000323543732
538,left road,538,1.29500007629395,0.0,6.19999980926514,1.35000002384186,0.0,-0.75,1.29500007629395,0.0,6.19999980926514,5.87973546981812,1.20477902889252,-1.33747363090515,5.84919118881226,1.19675254821777,-1.28725743293762,"(5.849191, 1.196753, -1.287257)",EyeArea,8.90420150756836,0.1,5.87973546981812,1.20477902889252,-1.33747363090515,-0.00001581455571,90.4039194014252,0.00000323543732
539,left road,539,1.3950001001358,0.0,6.19999980926514,1.45000004768372,0.0,-0.75,1.3950001001358,0.0,6.19999980926514,5.87973546981812,1.20477902889252,-1.33747363090515,5.84986019134521,1.19675326347351,-1.2872622013092,"(5.84986, 1.196753, -1.287262)",EyeArea,8.85312652587891,0.1,5.87973546981812,1.20477902889252,-1.33747363090515,-0.00001581455571,90.4039194014252,0.00000323543732
540,left road,540,1.49500000476837,0.0,6.19999980926514,1.54999995231628,0.0,-0.75,1.49500000476837,0.0,6.19999980926514,5.87973546981812,1.20477902889252,-1.33747363090515,5.85052871704102,1.19675397872925,-1.2872668504715,"(5.850529, 1.196754, -1.287267)",EyeArea,8.80289173126221,0.1,5.87973546981812,1.20477902889252,-1.33747363090515,-0.00001581455571,90.4039194014252,0.00000323543732
541,left road,541,1.59500002861023,0.0,6.19999980926514,1.64999997615814,0.0,-0.75,1.59500002861023,0.0,6.19999980926514,5.87973546981812,1.20477902889252,-1.33747363090515,5.85119771957397,1.19675469398499,-1.28727161884308,"(5.851198, 1.196755, -1.287272)",EyeArea,8.75351142883301,0.1,5.87973546981812,1.20477902889252,-1.33747363090515,-0.00001581455571,90.4039194014252,0.00000323543732
542,left road,542,1.69500005245209,0.0,6.19999980926514,1.75,0.0,-0.75,1.69500005245209,0.0,6.19999980926514,5.87973546981812,1.20477902889252,-1.33747363090515,5.85186624526978,1.1967556476593,-1.28727626800537,"(5.851866, 1.196756, -1.287276)",EyeArea,8.70499897003174,0.1,5.87973546981812,1.20477902889252,-1.33747363090515,-0.00001581455571,90.4039194014252,0.00000323543732
543,left road,543,1.79500007629395,0.0,6.19999980926514,1.85000002384186,0.0,-0.75,1.79500007629395,0.0,6.19999980926514,5.87973546981812,1.20477902889252,-1.33747363090515,5.85253477096558,1.19675636291504,-1.28728103637695,"(5.852535, 1.196756, -1.287281)",EyeArea,8.65737056732178,0.1,5.87973546981812,1.20477902889252,-1.33747363090515,-0.00001581455571,90.4039194014252,0.00000323543732
544,left road,544,1.8950001001358,0.0,6.19999980926514,1.95000004768372,0.0,-0.75,1.8950001001358,0.0,6.19999980926514,5.87973546981812,1.20477902889252,-1.33747363090515,5.85320329666138,1.19675707817078,-1.28728568553925,"(5.853203, 1.196757, -1.287286)",EyeArea,8.61063957214355,0.1,5.87973546981812,1.20477902889252,-1.33747363090515,-0.00001581455571,90.4039194014252,0.00000323543732
545,left road,545,1.99500000476837,0.0,6.19999980926514,2.04999995231628,0.0,-0.75,1.99500000476837,0.0,6.19999980926514,5.87973546981812,1.20477902889252,-1.33747363090515,5.85387134552002,1.19675779342651,-1.28729045391083,"(5.853871, 1.196758, -1.28729)",EyeArea,8.56482124328613,0.1,5.87973546981812,1.20477902889252,-1.33747363090515,-0.00001581455571,90.4039194014252,0.00000323543732
546,left road,546,2.09500002861023,0.0,6.19999980926514,2.15000009536743,0.0,-0.75,2.09500002861023,0.0,6.19999980926514,5.87973546981812,1.20477902889252,-1.33747363090515,5.85453939437866,1.19675850868225,-1.28729510307312,"(5.854539, 1.196759, -1.287295)",EyeArea,8.51993083953857,0.1,5.87973546981812,1.20477902889252,-1.33747363090515,-0.00001581455571,90.4039194014252,0.00000323543732
547,left road,547,2.1949999332428,0.0,6.19999980926514,2.25,0.0,-0.75,2.1949999332428,0.0,6.19999980926514,5.87973546981812,1.20477902889252,-1.33747363090515,5.85520792007446,1.19675934314728,-1.2872998714447,"(5.855208, 1.196759, -1.2873)",EyeArea,8.47598266601563,0.1,5.87973546981812,1.20477902889252,-1.33747363090515,-0.00001581455571,90.4039194014252,0.00000323543732
548,left road,548,2.29499983787537,0.0,6.19999980926514,2.34999990463257,0.0,-0.75,2.29499983787537,0.0,6.19999980926514,5.87973546981812,1.20477902889252,-1.33747363090515,5.85587596893311,1.19676005840302,-1.28730452060699,"(5.855876, 1.19676, -1.287305)",EyeArea,8.43299102783203,0.1,5.87973546981812,1.20477902889252,-1.33747363090515,-0.00001581455571,90.4039194014252,0.00000323543732
549,left road,549,2.39499998092651,0.0,6.19999980926514,2.45000004768372,0.0,-0.75,2.39499998092651,0.0,6.19999980926514,5.87973546981812,1.20477902889252,-1.33747363090515,5.85654306411743,1.19676077365875,-1.28730928897858,"(5.856543, 1.196761, -1.287309)",EyeArea,8.39097023010254,0.1,5.87973546981812,1.20477902889252,-1.33747363090515,-0.00001581455571,90.4039194014252,0.00000323543732
550,left road,550,2.49499988555908,0.0,6.19999980926514,2.54999995231628,0.0,-0.75,2.49499988555908,0.0,6.19999980926514,5.87973546981812,1.20477902889252,-1.33747363090515,5.85721063613892,1.19676148891449,-1.28731393814087,"(5.857211, 1.196761, -1.287314)",EyeArea,8.34993648529053,0.1,5.87973546981812,1.20477902889252,-1.33747363090515,-0.00001581455571,90.4039194014252,0.00000323543732
551,left road,551,2.59500002861023,0.0,6.19999980926514,2.65000009536743,0.0,-0.75,2.59500002861023,0.0,6.19999980926514,5.87973546981812,1.20477902889252,-1.33747363090515,5.85787868499756,1.19676232337952,-1.28731870651245,"(5.857879, 1.196762, -1.287319)",EyeArea,8.30990314483643,0.1,5.87973546981812,1.20477902889252,-1.33747363090515,-0.00001581455571,90.4039194014252,0.00000323543732
552,left road,552,2.6949999332428,0.0,6.19999980926514,2.75,0.0,-0.75,2.6949999332428,0.0,6.19999980926514,5.87973546981812,1.20477902889252,-1.33747363090515,5.85854578018188,1.19676315784454,-1.28732335567474,"(5.858546, 1.196763, -1.287323)",EyeArea,8.2708854675293,0.1,5.87973546981812,1.20477902889252,-1.33747363090515,-0.00001581455571,90.4039194014252,0.00000323543732
553,left road,553,2.79499983787537,0.0,6.19999980926514,2.84999990463257,0.0,-0.75,2.79499983787537,0.0,6.19999980926514,5.87973546981812,1.20477902889252,-1.33747363090515,5.85921335220337,1.19676387310028,-1.28732812404633,"(5.859213, 1.196764, -1.287328)",EyeArea,8.23289680480957,0.1,5.87973546981812,1.20477902889252,-1.33747363090515,-0.00001581455571,90.4039194014252,0.00000323543732
554,left road,554,2.89499998092651,0.0,6.19999980926514,2.95000004768372,0.0,-0.75,2.89499998092651,0.0,6.19999980926514,5.87973546981812,1.20477902889252,-1.33747363090515,5.85987997055054,1.19676446914673,-1.28733277320862,"(5.85988, 1.196764, -1.287333)",EyeArea,8.19595336914063,0.1,5.87973546981812,1.20477902889252,-1.33747363090515,-0.00001581455571,90.4039194014252,0.00000323543732
555,left road,555,2.99499988555908,0.0,6.19999980926514,3.04999995231628,0.0,-0.75,2.99499988555908,0.0,6.19999980926514,5.87973546981812,1.20477902889252,-1.33747363090515,5.86054706573486,1.19676530361176,-1.2873375415802,"(5.860547, 1.196765, -1.287338)",EyeArea,8.16006755828857,0.1,5.87973546981812,1.20477902889252,-1.33747363090515,-0.00001581455571,90.4039194014252,0.00000323543732
556,left road,556,3.09500002861023,0.0,6.19999980926514,3.15000009536743,0.0,-0.75,3.09500002861023,0.0,6.19999980926514,5.87973546981812,1.20477902889252,-1.33747363090515,5.86121416091919,1.19676601886749,-1.28734219074249,"(5.861214, 1.196766, -1.287342)",EyeArea,8.12525367736816,0.1,5.87973546981812,1.20477902889252,-1.33747363090515,-0.00001581455571,90.4039194014252,0.00000323543732
557,left road,557,3.1949999332428,0.0,6.19999980926514,3.25,0.0,-0.75,3.1949999332428,0.0,6.19999980926514,5.87973546981812,1.20477902889252,-1.33747363090515,5.86188125610352,1.19676685333252,-1.28734695911407,"(5.861881, 1.196767, -1.287347)",EyeArea,8.09152698516846,0.1,5.87973546981812,1.20477902889252,-1.33747363090515,-0.00001581455571,90.4039194014252,0.00000323543732
558,left road,558,3.29499983787537,0.0,6.19999980926514,3.34999990463257,0.0,-0.75,3.29499983787537,0.0,6.19999980926514,5.87973546981812,1.20477902889252,-1.33747363090515,5.86254739761353,1.19676744937897,-1.28735160827637,"(5.862547, 1.196767, -1.287352)",EyeArea,8.05889987945557,0.1,5.87973546981812,1.20477902889252,-1.33747363090515,-0.00001581455571,90.4039194014252,0.00000323543732
559,left road,559,3.39499998092651,0.0,6.19999980926514,3.45000004768372,0.0,-0.75,3.39499998092651,0.0,6.19999980926514,5.87973546981812,1.20477902889252,-1.33747363090515,5.86321401596069,1.19676828384399,-1.28735625743866,"(5.863214, 1.196768, -1.287356)",EyeArea,8.02738475799561,0.1,5.87973546981812,1.20477902889252,-1.33747363090515,-0.00001581455571,90.4039194014252,0.00000323543732
560,left road,560,-3.50500011444092,0.0,6.29999971389771,-3.45000004768372,0.0,-0.64999997615814,-3.50500011444092,0.0,6.29999971389771,5.87973546981812,1.20477902889252,-1.33747363090515,5.8300199508667,1.19839680194855,-1.29701435565948,"(5.83002, 1.198397, -1.297014)",EyeArea,12.1595945358276,0.1,5.87973546981812,1.20477902889252,-1.33747363090515,-0.00001581455571,90.4039194014252,0.00000323543732
561,left road,561,-3.40499997138977,0.0,6.29999971389771,-3.34999990463257,0.0,-0.64999997615814,-3.40499997138977,0.0,6.29999971389771,5.87973546981812,1.20477902889252,-1.33747363090515,5.83002281188965,1.19832825660706,-1.29658007621765,"(5.830023, 1.198328, -1.29658)",EyeArea,12.0825824737549,0.1,5.87973546981812,1.20477902889252,-1.33747363090515,-0.00001581455571,90.4039194014252,0.00000323543732
562,left road,562,-3.3050000667572,0.0,6.29999971389771,-3.25,0.0,-0.64999997615814,-3.3050000667572,0.0,6.29999971389771,5.87973546981812,1.20477902889252,-1.33747363090515,5.83002614974976,1.19825863838196,-1.29613900184631,"(5.830026, 1.198259, -1.296139)",EyeArea,12.0059089660645,0.1,5.87973546981812,1.20477902889252,-1.33747363090515,-0.00001581455571,90.4039194014252,0.00000323543732
563,left road,563,-3.20500016212463,0.0,6.29999971389771,-3.15000009536743,0.0,-0.64999997615814,-3.20500016212463,0.0,6.29999971389771,5.87973546981812,1.20477902889252,-1.33747363090515,5.83002901077271,1.19818711280823,-1.29568457603455,"(5.830029, 1.198187, -1.295685)",EyeArea,11.9295816421509,0.1,5.87973546981812,1.20477902889252,-1.33747363090515,-0.00001581455571,90.4039194014252,0.00000323543732
564,left road,564,-3.10500001907349,0.0,6.29999971389771,-3.04999995231628,0.0,-0.64999997615814,-3.10500001907349,0.0,6.29999971389771,5.87973546981812,1.20477902889252,-1.33747363090515,5.83003234863281,1.19811427593231,-1.29522299766541,"(5.830032, 1.198114, -1.295223)",EyeArea,11.8536052703857,0.1,5.87973546981812,1.20477902889252,-1.33747363090515,-0.00001581455571,90.4039194014252,0.00000323543732
565,left road,565,-3.00500011444092,0.0,6.29999971389771,-2.95000004768372,0.0,-0.64999997615814,-3.00500011444092,0.0,6.29999971389771,5.87973546981812,1.20477902889252,-1.33747363090515,5.30686712265015,1.12709748744965,-0.84502583742142,"(5.306867, 1.127097, -0.845026)",truck body CS,11.7779884338379,0.1,5.87973546981812,1.20477902889252,-1.33747363090515,-0.00001581455571,90.4039194014252,0.00000323543732
566,left road,566,-2.90499997138977,0.0,6.29999971389771,-2.84999990463257,0.0,-0.64999997615814,-2.90499997138977,0.0,6.29999971389771,5.87973546981812,1.20477902889252,-1.33747363090515,5.30676031112671,1.12619853019714,-0.83932644128799,"(5.30676, 1.126199, -0.839326)",truck body CS,11.7027378082275,0.1,5.87973546981812,1.20477902889252,-1.33747363090515,-0.00001581455571,90.4039194014252,0.00000323543732
567,left road,567,-2.8050000667572,0.0,6.29999971389771,-2.75,0.0,-0.64999997615814,-2.8050000667572,0.0,6.29999971389771,5.87973546981812,1.20477902889252,-1.33747363090515,5.3066520690918,1.12527883052826,-0.83349585533142,"(5.306652, 1.125279, -0.833496)",truck body CS,11.6278600692749,0.1,5.87973546981812,1.20477902889252,-1.33747363090515,-0.00001581455571,90.4039194014252,0.00000323543732
568,left road,568,-2.70500016212463,0.0,6.29999971389771,-2.65000009536743,0.0,-0.64999997615814,-2.70500016212463,0.0,6.29999971389771,5.87973546981812,1.20477902889252,-1.33747363090515,5.30731678009033,1.12444591522217,-0.8282163143158,"(5.307317, 1.124446, -0.828216)",truck body CS,11.5533618927002,0.1,5.87973546981812,1.20477902889252,-1.33747363090515,-0.00001581455571,90.4039194014252,0.00000323543732
569,left road,569,-2.60500001907349,0.0,6.29999971389771,-2.54999995231628,0.0,-0.64999997615814,-2.60500001907349,0.0,6.29999971389771,5.87973546981812,1.20477902889252,-1.33747363090515,5.30881118774414,1.12371134757996,-0.82355970144272,"(5.308811, 1.123711, -0.82356)",truck body CS,11.4792518615723,0.1,5.87973546981812,1.20477902889252,-1.33747363090515,-0.00001581455571,90.4039194014252,0.00000323543732
570,left road,570,-2.50500011444092,0.0,6.29999971389771,-2.45000004768372,0.0,-0.64999997615814,-2.50500011444092,0.0,6.29999971389771,5.87973546981812,1.20477902889252,-1.33747363090515,5.31033134460449,1.12296295166016,-0.81881535053253,"(5.310331, 1.122963, -0.818815)",truck body CS,11.4055366516113,0.1,5.87973546981812,1.20477902889252,-1.33747363090515,-0.00001581455571,90.4039194014252,0.00000323543732
571,left road,571,-2.40499997138977,0.0,6.29999971389771,-2.34999990463257,0.0,-0.64999997615814,-2.40499997138977,0.0,6.29999971389771,5.87973546981812,1.20477902889252,-1.33747363090515,5.31188106536865,1.12220072746277,-0.81398332118988,"(5.311881, 1.122201, -0.813983)",truck body CS,11.3322257995605,0.1,5.87973546981812,1.20477902889252,-1.33747363090515,-0.00001581455571,90.4039194014252,0.00000323543732
572,left road,572,-2.3050000667572,0.0,6.29999971389771,-2.25,0.0,-0.64999997615814,-2.3050000667572,0.0,6.29999971389771,5.87973546981812,1.20477902889252,-1.33747363090515,5.31345796585083,1.12142395973206,-0.80905932188034,"(5.313458, 1.121424, -0.809059)",truck body CS,11.2593240737915,0.1,5.87973546981812,1.20477902889252,-1.33747363090515,-0.00001581455571,90.4039194014252,0.00000323543732
573,left road,573,-2.20500016212463,0.0,6.29999971389771,-2.15000009536743,0.0,-0.64999997615814,-2.20500016212463,0.0,6.29999971389771,5.87973546981812,1.20477902889252,-1.33747363090515,5.31506681442261,1.12063264846802,-0.80404216051102,"(5.315067, 1.120633, -0.804042)",truck body CS,11.1868419647217,0.1,5.87973546981812,1.20477902889252,-1.33747363090515,-0.00001581455571,90.4039194014252,0.00000323543732
574,left road,574,-2.10500001907349,0.0,6.29999971389771,-2.04999995231628,0.0,-0.64999997615814,-2.10500001907349,0.0,6.29999971389771,5.87973546981812,1.20477902889252,-1.33747363090515,5.31670618057251,1.11982607841492,-0.79893004894257,"(5.316706, 1.119826, -0.79893)",truck body CS,11.1147871017456,0.1,5.87973546981812,1.20477902889252,-1.33747363090515,-0.00001581455571,90.4039194014252,0.00000323543732
575,left road,575,-2.00500011444092,0.0,6.29999971389771,-1.95000004768372,0.0,-0.64999997615814,-2.00500011444092,0.0,6.29999971389771,5.87973546981812,1.20477902889252,-1.33747363090515,5.3183765411377,1.11900401115417,-0.79371803998947,"(5.318377, 1.119004, -0.793718)",truck body CS,11.0431671142578,0.1,5.87973546981812,1.20477902889252,-1.33747363090515,-0.00001581455571,90.4039194014252,0.00000323543732
576,left road,576,-1.90499997138977,0.0,6.29999971389771,-1.85000002384186,0.0,-0.64999997615814,-1.90499997138977,0.0,6.29999971389771,5.87973546981812,1.20477902889252,-1.33747363090515,5.3200798034668,1.11816573143005,-0.78840374946594,"(5.32008, 1.118166, -0.788404)",truck body CS,10.9719915390015,0.1,5.87973546981812,1.20477902889252,-1.33747363090515,-0.00001581455571,90.4039194014252,0.00000323543732
577,left road,577,-1.80499994754791,0.0,6.29999971389771,-1.75,0.0,-0.64999997615814,-1.80499994754791,0.0,6.29999971389771,5.87973546981812,1.20477902889252,-1.33747363090515,5.32181596755981,1.1173107624054,-0.7829846739769,"(5.321816, 1.117311, -0.782985)",truck body CS,10.9012680053711,0.1,5.87973546981812,1.20477902889252,-1.33747363090515,-0.00001581455571,90.4039194014252,0.00000323543732
578,left road,578,-1.70499992370605,0.0,6.29999971389771,-1.64999997615814,0.0,-0.64999997615814,-1.70499992370605,0.0,6.29999971389771,5.87973546981812,1.20477902889252,-1.33747363090515,5.32358884811401,1.1164391040802,-0.77745908498764,"(5.323589, 1.116439, -0.777459)",truck body CS,10.8310060501099,0.1,5.87973546981812,1.20477902889252,-1.33747363090515,-0.00001581455571,90.4039194014252,0.00000323543732
579,left road,579,-1.6049998998642,0.0,6.29999971389771,-1.54999995231628,0.0,-0.64999997615814,-1.6049998998642,0.0,6.29999971389771,5.87973546981812,1.20477902889252,-1.33747363090515,5.32631349563599,1.1156975030899,-0.77275735139847,"(5.326313, 1.115698, -0.772757)",truck body CS,10.7612152099609,0.1,5.87973546981812,1.20477902889252,-1.33747363090515,-0.00001581455571,90.4039194014252,0.00000323543732
580,left road,580,-1.50499999523163,0.0,6.29999971389771,-1.45000004768372,0.0,-0.64999997615814,-1.50499999523163,0.0,6.29999971389771,5.87973546981812,1.20477902889252,-1.33747363090515,5.32971477508545,1.11504602432251,-0.76862806081772,"(5.329715, 1.115046, -0.768628)",truck body CS,10.6919040679932,0.1,5.87973546981812,1.20477902889252,-1.33747363090515,-0.00001581455571,90.4039194014252,0.00000323543732
581,left road,581,-1.40499997138977,0.0,6.29999971389771,-1.35000002384186,0.0,-0.64999997615814,-1.40499997138977,0.0,6.29999971389771,5.87973546981812,1.20477902889252,-1.33747363090515,5.33316707611084,1.11438536643982,-0.76443874835968,"(5.333167, 1.114385, -0.764439)",truck body CS,10.6230812072754,0.1,5.87973546981812,1.20477902889252,-1.33747363090515,-0.00001581455571,90.4039194014252,0.00000323543732
582,left road,582,-1.30499994754791,0.0,6.29999971389771,-1.25,0.0,-0.64999997615814,-1.30499994754791,0.0,6.29999971389771,5.87973546981812,1.20477902889252,-1.33747363090515,5.33667087554932,1.11371469497681,-0.76018750667572,"(5.336671, 1.113715, -0.760188)",truck body CS,10.5547580718994,0.1,5.87973546981812,1.20477902889252,-1.33747363090515,-0.00001581455571,90.4039194014252,0.00000323543732
583,left road,583,-1.20499992370605,0.0,6.29999971389771,-1.14999997615814,0.0,-0.64999997615814,-1.20499992370605,0.0,6.29999971389771,5.87973546981812,1.20477902889252,-1.33747363090515,5.34022569656372,1.11303377151489,-0.75587129592896,"(5.340226, 1.113034, -0.755871)",truck body CS,10.4869422912598,0.1,5.87973546981812,1.20477902889252,-1.33747363090515,-0.00001581455571,90.4039194014252,0.00000323543732
584,left road,584,-1.1049998998642,0.0,6.29999971389771,-1.04999995231628,0.0,-0.64999997615814,-1.1049998998642,0.0,6.29999971389771,5.87973546981812,1.20477902889252,-1.33747363090515,5.343834400177,1.11234283447266,-0.75149077177048,"(5.343834, 1.112343, -0.751491)",truck body CS,10.4196453094482,0.1,5.87973546981812,1.20477902889252,-1.33747363090515,-0.00001581455571,90.4039194014252,0.00000323543732
585,left road,585,-1.00499999523163,0.0,6.29999971389771,-0.94999998807907,0.0,-0.64999997615814,-1.00499999523163,0.0,6.29999971389771,5.87973546981812,1.20477902889252,-1.33747363090515,5.34749841690063,1.11164140701294,-0.74704414606094,"(5.347498, 1.111641, -0.747044)",truck body CS,10.3528776168823,0.1,5.87973546981812,1.20477902889252,-1.33747363090515,-0.00001581455571,90.4039194014252,0.00000323543732
586,left road,586,-0.90500003099442,0.0,6.29999971389771,-0.85000002384186,0.0,-0.64999997615814,-0.90500003099442,0.0,6.29999971389771,5.87973546981812,1.20477902889252,-1.33747363090515,5.35121870040894,1.11092913150787,-0.74252891540527,"(5.351219, 1.110929, -0.742529)",truck body CS,10.2866477966309,0.1,5.87973546981812,1.20477902889252,-1.33747363090515,-0.00001581455571,90.4039194014252,0.00000323543732
587,left road,587,-0.80500000715256,0.0,6.29999971389771,-0.75,0.0,-0.64999997615814,-0.80500000715256,0.0,6.29999971389771,5.87973546981812,1.20477902889252,-1.33747363090515,5.3549952507019,1.11020600795746,-0.73794454336166,"(5.354995, 1.110206, -0.737945)",truck body CS,10.2209672927856,0.1,5.87973546981812,1.20477902889252,-1.33747363090515,-0.00001581455571,90.4039194014252,0.00000323543732
588,left road,588,-0.7049999833107,0.0,6.29999971389771,-0.64999997615814,0.0,-0.64999997615814,-0.7049999833107,0.0,6.29999971389771,5.87973546981812,1.20477902889252,-1.33747363090515,5.35883235931396,1.10947167873383,-0.73328977823257,"(5.358832, 1.109472, -0.73329)",truck body CS,10.1558465957642,0.1,5.87973546981812,1.20477902889252,-1.33747363090515,-0.00001581455571,90.4039194014252,0.00000323543732
589,left road,589,-0.60500001907349,0.0,6.29999971389771,-0.55000001192093,0.0,-0.64999997615814,-0.60500001907349,0.0,6.29999971389771,5.87973546981812,1.20477902889252,-1.33747363090515,5.36272764205933,1.10872578620911,-0.72856092453003,"(5.362728, 1.108726, -0.728561)",truck body CS,10.0912971496582,0.1,5.87973546981812,1.20477902889252,-1.33747363090515,-0.00001581455571,90.4039194014252,0.00000323543732
590,left road,590,-0.50499999523163,0.0,6.29999971389771,-0.44999998807907,0.0,-0.64999997615814,-0.50499999523163,0.0,6.29999971389771,5.87973546981812,1.20477902889252,-1.33747363090515,5.36668539047241,1.10796809196472,-0.72375750541687,"(5.366685, 1.107968, -0.723758)",truck body CS,10.0273294448853,0.1,5.87973546981812,1.20477902889252,-1.33747363090515,-0.00001581455571,90.4039194014252,0.00000323543732
591,left road,591,-0.40500000119209,0.0,6.29999971389771,-0.34999999403954,0.0,-0.64999997615814,-0.40500000119209,0.0,6.29999971389771,5.87973546981812,1.20477902889252,-1.33747363090515,5.37070560455322,1.10719847679138,-0.718878865242,"(5.370706, 1.107198, -0.718879)",truck body CS,9.96395397186279,0.1,5.87973546981812,1.20477902889252,-1.33747363090515,-0.00001581455571,90.4039194014252,0.00000323543732
592,left road,592,-0.30500000715256,0.0,6.29999971389771,-0.25,0.0,-0.64999997615814,-0.30500000715256,0.0,6.29999971389771,5.87973546981812,1.20477902889252,-1.33747363090515,5.37479019165039,1.10641622543335,-0.71392059326172,"(5.37479, 1.106416, -0.713921)",truck body CS,9.90118312835693,0.1,5.87973546981812,1.20477902889252,-1.33747363090515,-0.00001581455571,90.4039194014252,0.00000323543732
593,left road,593,-0.20500001311302,0.0,6.29999971389771,-0.15000000596046,0.0,-0.64999997615814,-0.20500001311302,0.0,6.29999971389771,5.87973546981812,1.20477902889252,-1.33747363090515,5.37898635864258,1.10563063621521,-0.70894014835358,"(5.378986, 1.105631, -0.70894)",truck body CS,9.83902835845947,0.1,5.87973546981812,1.20477902889252,-1.33747363090515,-0.00001581455571,90.4039194014252,0.00000323543732
594,left road,594,-0.10500000417233,0.0,6.29999971389771,-0.05000000074506,0.0,-0.64999997615814,-0.10500000417233,0.0,6.29999971389771,5.87973546981812,1.20477902889252,-1.33747363090515,5.38356494903564,1.10489559173584,-0.70428013801575,"(5.383565, 1.104896, -0.70428)",truck body CS,9.77750205993652,0.1,5.87973546981812,1.20477902889252,-1.33747363090515,-0.00001581455571,90.4039194014252,0.00000323543732
595,left road,595,-0.00499999895692,0.0,6.29999971389771,0.05000000074506,0.0,-0.64999997615814,-0.00499999895692,0.0,6.29999971389771,5.87973546981812,1.20477902889252,-1.33747363090515,5.38821077346802,1.10414946079254,-0.69954991340637,"(5.388211, 1.104149, -0.69955)",truck body CS,9.71661472320557,0.1,5.87973546981812,1.20477902889252,-1.33747363090515,-0.00001581455571,90.4039194014252,0.00000323543732
596,left road,596,0.09500000625849,0.0,6.29999971389771,0.15000000596046,0.0,-0.64999997615814,0.09500000625849,0.0,6.29999971389771,5.87973546981812,1.20477902889252,-1.33747363090515,5.39292764663696,1.10339212417603,-0.6947500705719,"(5.392928, 1.103392, -0.69475)",truck body CS,9.65637874603271,0.1,5.87973546981812,1.20477902889252,-1.33747363090515,-0.00001581455571,90.4039194014252,0.00000323543732
597,left road,597,0.19499999284744,0.0,6.29999971389771,0.25,0.0,-0.64999997615814,0.19499999284744,0.0,6.29999971389771,5.87973546981812,1.20477902889252,-1.33747363090515,5.39935255050659,1.10297036170959,-0.69207572937012,"(5.399353, 1.10297, -0.692076)",truck body CS,9.59680652618408,0.1,5.87973546981812,1.20477902889252,-1.33747363090515,-0.00001581455571,90.4039194014252,0.00000323543732
598,left road,598,0.29499998688698,0.0,6.29999971389771,0.34999999403954,0.0,-0.64999997615814,0.29499998688698,0.0,6.29999971389771,5.87973546981812,1.20477902889252,-1.33747363090515,5.40846300125122,1.10311269760132,-0.69297850131989,"(5.408463, 1.103113, -0.692979)",truck body CS,9.5379114151001,0.1,5.87973546981812,1.20477902889252,-1.33747363090515,-0.00001581455571,90.4039194014252,0.00000323543732
599,left road,599,0.39499998092651,0.0,6.29999971389771,0.44999998807907,0.0,-0.64999997615814,0.39499998092651,0.0,6.29999971389771,5.87973546981812,1.20477902889252,-1.33747363090515,5.41754817962646,1.10325467586517,-0.69387817382813,"(5.417548, 1.103255, -0.693878)",truck body CS,9.47970485687256,0.1,5.87973546981812,1.20477902889252,-1.33747363090515,-0.00001581455571,90.4039194014252,0.00000323543732
600,left road,600,0.49500000476837,0.0,6.29999971389771,0.55000001192093,0.0,-0.64999997615814,0.49500000476837,0.0,6.29999971389771,5.87973546981812,1.20477902889252,-1.33747363090515,5.42660903930664,1.10339665412903,-0.69477820396423,"(5.426609, 1.103397, -0.694778)",truck body CS,9.42220020294189,0.1,5.87973546981812,1.20477902889252,-1.33747363090515,-0.00001581455571,90.4039194014252,0.00000323543732
601,left road,601,0.59499996900558,0.0,6.29999971389771,0.64999997615814,0.0,-0.64999997615814,0.59499996900558,0.0,6.29999971389771,5.87973546981812,1.20477902889252,-1.33747363090515,5.43596076965332,1.10361015796661,-0.69613182544708,"(5.435961, 1.10361, -0.696132)",truck body CS,9.36541080474854,0.1,5.87973546981812,1.20477902889252,-1.33747363090515,-0.00001581455571,90.4039194014252,0.00000323543732
602,left road,602,0.69499999284744,0.0,6.29999971389771,0.75,0.0,-0.64999997615814,0.69499999284744,0.0,6.29999971389771,5.87973546981812,1.20477902889252,-1.33747363090515,5.44597387313843,1.1039856672287,-0.69851195812225,"(5.445974, 1.103986, -0.698512)",truck body CS,9.30934810638428,0.1,5.87973546981812,1.20477902889252,-1.33747363090515,-0.00001581455571,90.4039194014252,0.00000323543732
603,left road,603,0.7950000166893,0.0,6.29999971389771,0.85000002384186,0.0,-0.64999997615814,0.7950000166893,0.0,6.29999971389771,5.87973546981812,1.20477902889252,-1.33747363090515,5.4605507850647,1.10545706748962,-0.70784091949463,"(5.460551, 1.105457, -0.707841)",truck body CS,9.25402736663818,0.1,5.87973546981812,1.20477902889252,-1.33747363090515,-0.00001581455571,90.4039194014252,0.00000323543732
604,left road,604,0.89499998092651,0.0,6.29999971389771,0.94999998807907,0.0,-0.64999997615814,0.89499998092651,0.0,6.29999971389771,5.87973546981812,1.20477902889252,-1.33747363090515,5.84695100784302,1.19685530662537,-1.2872416973114,"(5.846951, 1.196855, -1.287242)",EyeArea,9.19946002960205,0.1,5.87973546981812,1.20477902889252,-1.33747363090515,-0.00001581455571,90.4039194014252,0.00000323543732
605,left road,605,0.99499994516373,0.0,6.29999971389771,1.04999995231628,0.0,-0.64999997615814,0.99499994516373,0.0,6.29999971389771,5.87973546981812,1.20477902889252,-1.33747363090515,5.84761142730713,1.19685590267181,-1.28724634647369,"(5.847611, 1.196856, -1.287246)",EyeArea,9.14566135406494,0.1,5.87973546981812,1.20477902889252,-1.33747363090515,-0.00001581455571,90.4039194014252,0.00000323543732
606,left road,606,1.09500002861023,0.0,6.29999971389771,1.14999997615814,0.0,-0.64999997615814,1.09500002861023,0.0,6.29999971389771,5.87973546981812,1.20477902889252,-1.33747363090515,5.8482723236084,1.19685661792755,-1.28725099563599,"(5.848272, 1.196857, -1.287251)",EyeArea,9.09264373779297,0.1,5.87973546981812,1.20477902889252,-1.33747363090515,-0.00001581455571,90.4039194014252,0.00000323543732
607,left road,607,1.19500005245209,0.0,6.29999971389771,1.25,0.0,-0.64999997615814,1.19500005245209,0.0,6.29999971389771,5.87973546981812,1.20477902889252,-1.33747363090515,5.84893226623535,1.19685733318329,-1.28725564479828,"(5.848932, 1.196857, -1.287256)",EyeArea,9.0404224395752,0.1,5.87973546981812,1.20477902889252,-1.33747363090515,-0.00001581455571,90.4039194014252,0.00000323543732
608,left road,608,1.29500007629395,0.0,6.29999971389771,1.35000002384186,0.0,-0.64999997615814,1.29500007629395,0.0,6.29999971389771,5.87973546981812,1.20477902889252,-1.33747363090515,5.84959316253662,1.19685816764832,-1.28726029396057,"(5.849593, 1.196858, -1.28726)",EyeArea,8.98900890350342,0.1,5.87973546981812,1.20477902889252,-1.33747363090515,-0.00001581455571,90.4039194014252,0.00000323543732
609,left road,609,1.3950001001358,0.0,6.29999971389771,1.45000004768372,0.0,-0.64999997615814,1.3950001001358,0.0,6.29999971389771,5.87973546981812,1.20477902889252,-1.33747363090515,5.85025310516357,1.19685888290405,-1.28726494312286,"(5.850253, 1.196859, -1.287265)",EyeArea,8.93841934204102,0.1,5.87973546981812,1.20477902889252,-1.33747363090515,-0.00001581455571,90.4039194014252,0.00000323543732
610,left road,610,1.49500000476837,0.0,6.29999971389771,1.54999995231628,0.0,-0.64999997615814,1.49500000476837,0.0,6.29999971389771,5.87973546981812,1.20477902889252,-1.33747363090515,5.85091257095337,1.19685959815979,-1.28726959228516,"(5.850913, 1.19686, -1.28727)",EyeArea,8.8886661529541,0.1,5.87973546981812,1.20477902889252,-1.33747363090515,-0.00001581455571,90.4039194014252,0.00000323543732
611,left road,611,1.59500002861023,0.0,6.29999971389771,1.64999997615814,0.0,-0.64999997615814,1.59500002861023,0.0,6.29999971389771,5.87973546981812,1.20477902889252,-1.33747363090515,5.85157299041748,1.19686031341553,-1.28727424144745,"(5.851573, 1.19686, -1.287274)",EyeArea,8.83976554870605,0.1,5.87973546981812,1.20477902889252,-1.33747363090515,-0.00001581455571,90.4039194014252,0.00000323543732
612,left road,612,1.69500005245209,0.0,6.29999971389771,1.75,0.0,-0.64999997615814,1.69500005245209,0.0,6.29999971389771,5.87973546981812,1.20477902889252,-1.33747363090515,5.85223293304443,1.19686102867126,-1.28727889060974,"(5.852233, 1.196861, -1.287279)",EyeArea,8.79172897338867,0.1,5.87973546981812,1.20477902889252,-1.33747363090515,-0.00001581455571,90.4039194014252,0.00000323543732
613,left road,613,1.79500007629395,0.0,6.29999971389771,1.85000002384186,0.0,-0.64999997615814,1.79500007629395,0.0,6.29999971389771,5.87973546981812,1.20477902889252,-1.33747363090515,5.85289239883423,1.19686186313629,-1.28728353977203,"(5.852892, 1.196862, -1.287284)",EyeArea,8.74457263946533,0.1,5.87973546981812,1.20477902889252,-1.33747363090515,-0.00001581455571,90.4039194014252,0.00000323543732
614,left road,614,1.8950001001358,0.0,6.29999971389771,1.95000004768372,0.0,-0.64999997615814,1.8950001001358,0.0,6.29999971389771,5.87973546981812,1.20477902889252,-1.33747363090515,5.85355234146118,1.19686257839203,-1.28728818893433,"(5.853552, 1.196863, -1.287288)",EyeArea,8.69830989837646,0.1,5.87973546981812,1.20477902889252,-1.33747363090515,-0.00001581455571,90.4039194014252,0.00000323543732
615,left road,615,1.99500000476837,0.0,6.29999971389771,2.04999995231628,0.0,-0.64999997615814,1.99500000476837,0.0,6.29999971389771,5.87973546981812,1.20477902889252,-1.33747363090515,5.85421133041382,1.19686317443848,-1.28729283809662,"(5.854211, 1.196863, -1.287293)",EyeArea,8.65295696258545,0.1,5.87973546981812,1.20477902889252,-1.33747363090515,-0.00001581455571,90.4039194014252,0.00000323543732
616,left road,616,2.09500002861023,0.0,6.29999971389771,2.15000009536743,0.0,-0.64999997615814,2.09500002861023,0.0,6.29999971389771,5.87973546981812,1.20477902889252,-1.33747363090515,5.85487079620361,1.1968640089035,-1.28729748725891,"(5.854871, 1.196864, -1.287297)",EyeArea,8.60852527618408,0.1,5.87973546981812,1.20477902889252,-1.33747363090515,-0.00001581455571,90.4039194014252,0.00000323543732
617,left road,617,2.1949999332428,0.0,6.29999971389771,2.25,0.0,-0.64999997615814,2.1949999332428,0.0,6.29999971389771,5.87973546981812,1.20477902889252,-1.33747363090515,5.85553026199341,1.19686472415924,-1.2873021364212,"(5.85553, 1.196865, -1.287302)",EyeArea,8.56503105163574,0.1,5.87973546981812,1.20477902889252,-1.33747363090515,-0.00001581455571,90.4039194014252,0.00000323543732
618,left road,618,2.29499983787537,0.0,6.29999971389771,2.34999990463257,0.0,-0.64999997615814,2.29499983787537,0.0,6.29999971389771,5.87973546981812,1.20477902889252,-1.33747363090515,5.85618925094604,1.19686555862427,-1.2873067855835,"(5.856189, 1.196866, -1.287307)",EyeArea,8.52248859405518,0.1,5.87973546981812,1.20477902889252,-1.33747363090515,-0.00001581455571,90.4039194014252,0.00000323543732
619,left road,619,2.39499998092651,0.0,6.29999971389771,2.45000004768372,0.0,-0.64999997615814,2.39499998092651,0.0,6.29999971389771,5.87973546981812,1.20477902889252,-1.33747363090515,5.85684776306152,1.19686615467072,-1.28731143474579,"(5.856848, 1.196866, -1.287311)",EyeArea,8.48091220855713,0.1,5.87973546981812,1.20477902889252,-1.33747363090515,-0.00001581455571,90.4039194014252,0.00000323543732
620,left road,620,2.49499988555908,0.0,6.29999971389771,2.54999995231628,0.0,-0.64999997615814,2.49499988555908,0.0,6.29999971389771,5.87973546981812,1.20477902889252,-1.33747363090515,5.85750675201416,1.19686686992645,-1.28731608390808,"(5.857507, 1.196867, -1.287316)",EyeArea,8.44031524658203,0.1,5.87973546981812,1.20477902889252,-1.33747363090515,-0.00001581455571,90.4039194014252,0.00000323543732
621,left road,621,2.59500002861023,0.0,6.29999971389771,2.65000009536743,0.0,-0.64999997615814,2.59500002861023,0.0,6.29999971389771,5.87973546981812,1.20477902889252,-1.33747363090515,5.8581657409668,1.19686770439148,-1.28732073307037,"(5.858166, 1.196868, -1.287321)",EyeArea,8.40071296691895,0.1,5.87973546981812,1.20477902889252,-1.33747363090515,-0.00001581455571,90.4039194014252,0.00000323543732
622,left road,622,2.6949999332428,0.0,6.29999971389771,2.75,0.0,-0.64999997615814,2.6949999332428,0.0,6.29999971389771,5.87973546981812,1.20477902889252,-1.33747363090515,5.85882425308228,1.19686841964722,-1.28732538223267,"(5.858824, 1.196868, -1.287325)",EyeArea,8.3621187210083,0.1,5.87973546981812,1.20477902889252,-1.33747363090515,-0.00001581455571,90.4039194014252,0.00000323543732
623,left road,623,2.79499983787537,0.0,6.29999971389771,2.84999990463257,0.0,-0.64999997615814,2.79499983787537,0.0,6.29999971389771,5.87973546981812,1.20477902889252,-1.33747363090515,5.85948276519775,1.19686913490295,-1.28733003139496,"(5.859483, 1.196869, -1.28733)",EyeArea,8.32454681396484,0.1,5.87973546981812,1.20477902889252,-1.33747363090515,-0.00001581455571,90.4039194014252,0.00000323543732
624,left road,624,2.89499998092651,0.0,6.29999971389771,2.95000004768372,0.0,-0.64999997615814,2.89499998092651,0.0,6.29999971389771,5.87973546981812,1.20477902889252,-1.33747363090515,5.86014127731323,1.19686985015869,-1.28733468055725,"(5.860141, 1.19687, -1.287335)",EyeArea,8.28801155090332,0.1,5.87973546981812,1.20477902889252,-1.33747363090515,-0.00001581455571,90.4039194014252,0.00000323543732
625,left road,625,2.99499988555908,0.0,6.29999971389771,3.04999995231628,0.0,-0.64999997615814,2.99499988555908,0.0,6.29999971389771,5.87973546981812,1.20477902889252,-1.33747363090515,5.86079931259155,1.19687056541443,-1.28733932971954,"(5.860799, 1.196871, -1.287339)",EyeArea,8.25252628326416,0.1,5.87973546981812,1.20477902889252,-1.33747363090515,-0.00001581455571,90.4039194014252,0.00000323543732
626,left road,626,3.09500002861023,0.0,6.29999971389771,3.15000009536743,0.0,-0.64999997615814,3.09500002861023,0.0,6.29999971389771,5.87973546981812,1.20477902889252,-1.33747363090515,5.86145782470703,1.19687139987946,-1.28734385967255,"(5.861458, 1.196871, -1.287344)",EyeArea,8.21810436248779,0.1,5.87973546981812,1.20477902889252,-1.33747363090515,-0.00001581455571,90.4039194014252,0.00000323543732
627,left road,627,3.1949999332428,0.0,6.29999971389771,3.25,0.0,-0.64999997615814,3.1949999332428,0.0,6.29999971389771,5.87973546981812,1.20477902889252,-1.33747363090515,5.86211538314819,1.19687211513519,-1.28734850883484,"(5.862115, 1.196872, -1.287349)",EyeArea,8.18475914001465,0.1,5.87973546981812,1.20477902889252,-1.33747363090515,-0.00001581455571,90.4039194014252,0.00000323543732
628,left road,628,3.29499983787537,0.0,6.29999971389771,3.34999990463257,0.0,-0.64999997615814,3.29499983787537,0.0,6.29999971389771,5.87973546981812,1.20477902889252,-1.33747363090515,5.86277341842651,1.19687283039093,-1.28735315799713,"(5.862773, 1.196873, -1.287353)",EyeArea,8.15250587463379,0.1,5.87973546981812,1.20477902889252,-1.33747363090515,-0.00001581455571,90.4039194014252,0.00000323543732
629,left road,629,3.39499998092651,0.0,6.29999971389771,3.45000004768372,0.0,-0.64999997615814,3.39499998092651,0.0,6.29999971389771,5.87973546981812,1.20477902889252,-1.33747363090515,5.86343097686768,1.19687354564667,-1.28735780715942,"(5.863431, 1.196874, -1.287358)",EyeArea,8.12135410308838,0.1,5.87973546981812,1.20477902889252,-1.33747363090515,-0.00001581455571,90.4039194014252,0.00000323543732
630,left road,630,-3.50500011444092,0.0,6.39999961853027,-3.45000004768372,0.0,-0.55000001192093,-3.50500011444092,0.0,6.39999961853027,5.87973546981812,1.20477902889252,-1.33747363090515,5.83002376556396,1.19839727878571,-1.29648804664612,"(5.830024, 1.198397, -1.296488)",EyeArea,12.2226524353027,0.1,5.87973546981812,1.20477902889252,-1.33747363090515,-0.00001581455571,90.4039194014252,0.00000323543732
631,left road,631,-3.40499997138977,0.0,6.39999961853027,-3.34999990463257,0.0,-0.55000001192093,-3.40499997138977,0.0,6.39999961853027,5.87973546981812,1.20477902889252,-1.33747363090515,5.83002662658691,1.1983288526535,-1.29604887962341,"(5.830027, 1.198329, -1.296049)",EyeArea,12.1460409164429,0.1,5.87973546981812,1.20477902889252,-1.33747363090515,-0.00001581455571,90.4039194014252,0.00000323543732
632,left road,632,-3.3050000667572,0.0,6.39999961853027,-3.25,0.0,-0.55000001192093,-3.3050000667572,0.0,6.39999961853027,5.87973546981812,1.20477902889252,-1.33747363090515,5.83002996444702,1.19825911521912,-1.2956006526947,"(5.83003, 1.198259, -1.295601)",EyeArea,12.069769859314,0.1,5.87973546981812,1.20477902889252,-1.33747363090515,-0.00001581455571,90.4039194014252,0.00000323543732
633,left road,633,-3.20500016212463,0.0,6.39999961853027,-3.15000009536743,0.0,-0.55000001192093,-3.20500016212463,0.0,6.39999961853027,5.87973546981812,1.20477902889252,-1.33747363090515,5.83003282546997,1.19818770885468,-1.29514241218567,"(5.830033, 1.198188, -1.295142)",EyeArea,11.9938488006592,0.1,5.87973546981812,1.20477902889252,-1.33747363090515,-0.00001581455571,90.4039194014252,0.00000323543732
634,left road,634,-3.10500001907349,0.0,6.39999961853027,-3.04999995231628,0.0,-0.55000001192093,-3.10500001907349,0.0,6.39999961853027,5.87973546981812,1.20477902889252,-1.33747363090515,5.30974054336548,1.12834739685059,-0.84660547971725,"(5.309741, 1.128347, -0.846605)",truck body CS,11.9182825088501,0.1,5.87973546981812,1.20477902889252,-1.33747363090515,-0.00001581455571,90.4039194014252,0.00000323543732
635,left road,635,-3.00500011444092,0.0,6.39999961853027,-2.95000004768372,0.0,-0.55000001192093,-3.00500011444092,0.0,6.39999961853027,5.87973546981812,1.20477902889252,-1.33747363090515,5.30909824371338,1.12740004062653,-0.84052151441574,"(5.309098, 1.1274, -0.840522)",truck body CS,11.8430776596069,0.1,5.87973546981812,1.20477902889252,-1.33747363090515,-0.00001581455571,90.4039194014252,0.00000323543732
636,left road,636,-2.90499997138977,0.0,6.39999961853027,-2.84999990463257,0.0,-0.55000001192093,-2.90499997138977,0.0,6.39999961853027,5.87973546981812,1.20477902889252,-1.33747363090515,5.3090181350708,1.1265082359314,-0.83479362726212,"(5.309018, 1.126508, -0.834794)",truck body CS,11.7682437896729,0.1,5.87973546981812,1.20477902889252,-1.33747363090515,-0.00001581455571,90.4039194014252,0.00000323543732
637,left road,637,-2.8050000667572,0.0,6.39999961853027,-2.75,0.0,-0.55000001192093,-2.8050000667572,0.0,6.39999961853027,5.87973546981812,1.20477902889252,-1.33747363090515,5.30893707275391,1.12559580802917,-0.82893389463425,"(5.308937, 1.125596, -0.828934)",truck body CS,11.6937856674194,0.1,5.87973546981812,1.20477902889252,-1.33747363090515,-0.00001581455571,90.4039194014252,0.00000323543732
638,left road,638,-2.70500016212463,0.0,6.39999961853027,-2.65000009536743,0.0,-0.55000001192093,-2.70500016212463,0.0,6.39999961853027,5.87973546981812,1.20477902889252,-1.33747363090515,5.3097620010376,1.1247889995575,-0.82375252246857,"(5.309762, 1.124789, -0.823753)",truck body CS,11.6197109222412,0.1,5.87973546981812,1.20477902889252,-1.33747363090515,-0.00001581455571,90.4039194014252,0.00000323543732
639,left road,639,-2.60500001907349,0.0,6.39999961853027,-2.54999995231628,0.0,-0.55000001192093,-2.60500001907349,0.0,6.39999961853027,5.87973546981812,1.20477902889252,-1.33747363090515,5.31127023696899,1.12406039237976,-0.81907343864441,"(5.31127, 1.12406, -0.819073)",truck body CS,11.5460262298584,0.1,5.87973546981812,1.20477902889252,-1.33747363090515,-0.00001581455571,90.4039194014252,0.00000323543732
640,left road,640,-2.50500011444092,0.0,6.39999961853027,-2.45000004768372,0.0,-0.55000001192093,-2.50500011444092,0.0,6.39999961853027,5.87973546981812,1.20477902889252,-1.33747363090515,5.31280708312988,1.12331867218018,-0.81430971622467,"(5.312807, 1.123319, -0.81431)",truck body CS,11.4727401733398,0.1,5.87973546981812,1.20477902889252,-1.33747363090515,-0.00001581455571,90.4039194014252,0.00000323543732
641,left road,641,-2.40499997138977,0.0,6.39999961853027,-2.34999990463257,0.0,-0.55000001192093,-2.40499997138977,0.0,6.39999961853027,5.87973546981812,1.20477902889252,-1.33747363090515,5.31437206268311,1.12256288528442,-0.80945581197739,"(5.314372, 1.122563, -0.809456)",truck body CS,11.3998613357544,0.1,5.87973546981812,1.20477902889252,-1.33747363090515,-0.00001581455571,90.4039194014252,0.00000323543732
642,left road,642,-2.3050000667572,0.0,6.39999961853027,-2.25,0.0,-0.55000001192093,-2.3050000667572,0.0,6.39999961853027,5.87973546981812,1.20477902889252,-1.33747363090515,5.31596612930298,1.12179327011108,-0.80451238155365,"(5.315966, 1.121793, -0.804512)",truck body CS,11.3273944854736,0.1,5.87973546981812,1.20477902889252,-1.33747363090515,-0.00001581455571,90.4039194014252,0.00000323543732
643,left road,643,-2.20500016212463,0.0,6.39999961853027,-2.15000009536743,0.0,-0.55000001192093,-2.20500016212463,0.0,6.39999961853027,5.87973546981812,1.20477902889252,-1.33747363090515,5.31759166717529,1.12100887298584,-0.79947519302368,"(5.317592, 1.121009, -0.799475)",truck body CS,11.2553510665894,0.1,5.87973546981812,1.20477902889252,-1.33747363090515,-0.00001581455571,90.4039194014252,0.00000323543732
644,left road,644,-2.10500001907349,0.0,6.39999961853027,-2.04999995231628,0.0,-0.55000001192093,-2.10500001907349,0.0,6.39999961853027,5.87973546981812,1.20477902889252,-1.33747363090515,5.31924724578857,1.12020945549011,-0.79434186220169,"(5.319247, 1.120209, -0.794342)",truck body CS,11.1837377548218,0.1,5.87973546981812,1.20477902889252,-1.33747363090515,-0.00001581455571,90.4039194014252,0.00000323543732
645,left road,645,-2.00500011444092,0.0,6.39999961853027,-1.95000004768372,0.0,-0.55000001192093,-2.00500011444092,0.0,6.39999961853027,5.87973546981812,1.20477902889252,-1.33747363090515,5.32093477249146,1.11939477920532,-0.7891092300415,"(5.320935, 1.119395, -0.789109)",truck body CS,11.1125621795654,0.1,5.87973546981812,1.20477902889252,-1.33747363090515,-0.00001581455571,90.4039194014252,0.00000323543732
646,left road,646,-1.90499997138977,0.0,6.39999961853027,-1.85000002384186,0.0,-0.55000001192093,-1.90499997138977,0.0,6.39999961853027,5.87973546981812,1.20477902889252,-1.33747363090515,5.32265472412109,1.11856412887573,-0.78377485275269,"(5.322655, 1.118564, -0.783775)",truck body CS,11.0418338775635,0.1,5.87973546981812,1.20477902889252,-1.33747363090515,-0.00001581455571,90.4039194014252,0.00000323543732
647,left road,647,-1.80499994754791,0.0,6.39999961853027,-1.75,0.0,-0.55000001192093,-1.80499994754791,0.0,6.39999961853027,5.87973546981812,1.20477902889252,-1.33747363090515,5.32440900802612,1.11771726608276,-0.77833580970764,"(5.324409, 1.117717, -0.778336)",truck body CS,10.9715604782104,0.1,5.87973546981812,1.20477902889252,-1.33747363090515,-0.00001581455571,90.4039194014252,0.00000323543732
648,left road,648,-1.70499992370605,0.0,6.39999961853027,-1.64999997615814,0.0,-0.55000001192093,-1.70499992370605,0.0,6.39999961853027,5.87973546981812,1.20477902889252,-1.33747363090515,5.32706642150879,1.11699151992798,-0.77367454767227,"(5.327066, 1.116992, -0.773675)",truck body CS,10.9017524719238,0.1,5.87973546981812,1.20477902889252,-1.33747363090515,-0.00001581455571,90.4039194014252,0.00000323543732
649,left road,649,-1.6049998998642,0.0,6.39999961853027,-1.54999995231628,0.0,-0.55000001192093,-1.6049998998642,0.0,6.39999961853027,5.87973546981812,1.20477902889252,-1.33747363090515,5.33042240142822,1.11635887622833,-0.76961207389832,"(5.330422, 1.116359, -0.769612)",truck body CS,10.8324165344238,0.1,5.87973546981812,1.20477902889252,-1.33747363090515,-0.00001581455571,90.4039194014252,0.00000323543732
650,left road,650,-1.50499999523163,0.0,6.39999961853027,-1.45000004768372,0.0,-0.55000001192093,-1.50499999523163,0.0,6.39999961853027,5.87973546981812,1.20477902889252,-1.33747363090515,5.33382940292358,1.11571741104126,-0.76549196243286,"(5.333829, 1.115717, -0.765492)",truck body CS,10.7635641098022,0.1,5.87973546981812,1.20477902889252,-1.33747363090515,-0.00001581455571,90.4039194014252,0.00000323543732
651,left road,651,-1.40499997138977,0.0,6.39999961853027,-1.35000002384186,0.0,-0.55000001192093,-1.40499997138977,0.0,6.39999961853027,5.87973546981812,1.20477902889252,-1.33747363090515,5.3372859954834,1.11506640911102,-0.76131117343903,"(5.337286, 1.115066, -0.761311)",truck body CS,10.6952028274536,0.1,5.87973546981812,1.20477902889252,-1.33747363090515,-0.00001581455571,90.4039194014252,0.00000323543732
652,left road,652,-1.30499994754791,0.0,6.39999961853027,-1.25,0.0,-0.55000001192093,-1.30499994754791,0.0,6.39999961853027,5.87973546981812,1.20477902889252,-1.33747363090515,5.34079217910767,1.11440575122833,-0.75706785917282,"(5.340792, 1.114406, -0.757068)",truck body CS,10.6273431777954,0.1,5.87973546981812,1.20477902889252,-1.33747363090515,-0.00001581455571,90.4039194014252,0.00000323543732
653,left road,653,-1.20499992370605,0.0,6.39999961853027,-1.14999997615814,0.0,-0.55000001192093,-1.20499992370605,0.0,6.39999961853027,5.87973546981812,1.20477902889252,-1.33747363090515,5.34435033798218,1.11373519897461,-0.75276207923889,"(5.34435, 1.113735, -0.752762)",truck body CS,10.5599937438965,0.1,5.87973546981812,1.20477902889252,-1.33747363090515,-0.00001581455571,90.4039194014252,0.00000323543732
654,left road,654,-1.1049998998642,0.0,6.39999961853027,-1.04999995231628,0.0,-0.55000001192093,-1.1049998998642,0.0,6.39999961853027,5.87973546981812,1.20477902889252,-1.33747363090515,5.34796380996704,1.11305510997772,-0.74839323759079,"(5.347964, 1.113055, -0.748393)",truck body CS,10.4931650161743,0.1,5.87973546981812,1.20477902889252,-1.33747363090515,-0.00001581455571,90.4039194014252,0.00000323543732
655,left road,655,-1.00499999523163,0.0,6.39999961853027,-0.94999998807907,0.0,-0.55000001192093,-1.00499999523163,0.0,6.39999961853027,5.87973546981812,1.20477902889252,-1.33747363090515,5.35163068771362,1.11236453056335,-0.74395817518234,"(5.351631, 1.112365, -0.743958)",truck body CS,10.4268674850464,0.1,5.87973546981812,1.20477902889252,-1.33747363090515,-0.00001581455571,90.4039194014252,0.00000323543732
656,left road,656,-0.90500003099442,0.0,6.39999961853027,-0.85000002384186,0.0,-0.55000001192093,-0.90500003099442,0.0,6.39999961853027,5.87973546981812,1.20477902889252,-1.33747363090515,5.35535192489624,1.11166310310364,-0.73945391178131,"(5.355352, 1.111663, -0.739454)",truck body CS,10.3611116409302,0.1,5.87973546981812,1.20477902889252,-1.33747363090515,-0.00001581455571,90.4039194014252,0.00000323543732
657,left road,657,-0.80500000715256,0.0,6.39999961853027,-0.75,0.0,-0.55000001192093,-0.80500000715256,0.0,6.39999961853027,5.87973546981812,1.20477902889252,-1.33747363090515,5.35913228988647,1.11095142364502,-0.73488360643387,"(5.359132, 1.110951, -0.734884)",truck body CS,10.2959060668945,0.1,5.87973546981812,1.20477902889252,-1.33747363090515,-0.00001581455571,90.4039194014252,0.00000323543732
658,left road,658,-0.7049999833107,0.0,6.39999961853027,-0.64999997615814,0.0,-0.55000001192093,-0.7049999833107,0.0,6.39999961853027,5.87973546981812,1.20477902889252,-1.33747363090515,5.36296844482422,1.11022853851318,-0.73023980855942,"(5.362968, 1.110229, -0.73024)",truck body CS,10.2312622070313,0.1,5.87973546981812,1.20477902889252,-1.33747363090515,-0.00001581455571,90.4039194014252,0.00000323543732
659,left road,659,-0.60500001907349,0.0,6.39999961853027,-0.55000001192093,0.0,-0.55000001192093,-0.60500001907349,0.0,6.39999961853027,5.87973546981812,1.20477902889252,-1.33747363090515,5.36686563491821,1.10949456691742,-0.72552627325058,"(5.366866, 1.109495, -0.725526)",truck body CS,10.1671915054321,0.1,5.87973546981812,1.20477902889252,-1.33747363090515,-0.00001581455571,90.4039194014252,0.00000323543732
660,left road,660,-0.50499999523163,0.0,6.39999961853027,-0.44999998807907,0.0,-0.55000001192093,-0.50499999523163,0.0,6.39999961853027,5.87973546981812,1.20477902889252,-1.33747363090515,5.37082433700562,1.10874915122986,-0.72073936462402,"(5.370824, 1.108749, -0.720739)",truck body CS,10.1037044525146,0.1,5.87973546981812,1.20477902889252,-1.33747363090515,-0.00001581455571,90.4039194014252,0.00000323543732
661,left road,661,-0.40500000119209,0.0,6.39999961853027,-0.34999999403954,0.0,-0.55000001192093,-0.40500000119209,0.0,6.39999961853027,5.87973546981812,1.20477902889252,-1.33747363090515,5.37484407424927,1.10799169540405,-0.71587467193604,"(5.374844, 1.107992, -0.715875)",truck body CS,10.040810585022,0.1,5.87973546981812,1.20477902889252,-1.33747363090515,-0.00001581455571,90.4039194014252,0.00000323543732
662,left road,662,-0.30500000715256,0.0,6.39999961853027,-0.25,0.0,-0.55000001192093,-0.30500000715256,0.0,6.39999961853027,5.87973546981812,1.20477902889252,-1.33747363090515,5.37892866134644,1.10722231864929,-0.71093368530273,"(5.378929, 1.107222, -0.710934)",truck body CS,9.97852420806885,0.1,5.87973546981812,1.20477902889252,-1.33747363090515,-0.00001581455571,90.4039194014252,0.00000323543732
663,left road,663,-0.20500001311302,0.0,6.39999961853027,-0.15000000596046,0.0,-0.55000001192093,-0.20500001311302,0.0,6.39999961853027,5.87973546981812,1.20477902889252,-1.33747363090515,5.38307762145996,1.10644054412842,-0.70591306686401,"(5.383078, 1.106441, -0.705913)",truck body CS,9.91685390472412,0.1,5.87973546981812,1.20477902889252,-1.33747363090515,-0.00001581455571,90.4039194014252,0.00000323543732
664,left road,664,-0.10500000417233,0.0,6.39999961853027,-0.05000000074506,0.0,-0.55000001192093,-0.10500000417233,0.0,6.39999961853027,5.87973546981812,1.20477902889252,-1.33747363090515,5.38752269744873,1.10569226741791,-0.70110750198364,"(5.387523, 1.105692, -0.701108)",truck body CS,9.85581302642822,0.1,5.87973546981812,1.20477902889252,-1.33747363090515,-0.00001581455571,90.4039194014252,0.00000323543732
665,left road,665,-0.00499999895692,0.0,6.39999961853027,0.05000000074506,0.0,-0.55000001192093,-0.00499999895692,0.0,6.39999961853027,5.87973546981812,1.20477902889252,-1.33747363090515,5.39216089248657,1.10495817661285,-0.69639182090759,"(5.392161, 1.104958, -0.696392)",truck body CS,9.79541206359863,0.1,5.87973546981812,1.20477902889252,-1.33747363090515,-0.00001581455571,90.4039194014252,0.00000323543732
666,left road,666,0.09500000625849,0.0,6.39999961853027,0.15000000596046,0.0,-0.55000001192093,0.09500000625849,0.0,6.39999961853027,5.87973546981812,1.20477902889252,-1.33747363090515,5.39781904220581,1.10441088676453,-0.69287776947021,"(5.397819, 1.104411, -0.692878)",truck body CS,9.73566436767578,0.1,5.87973546981812,1.20477902889252,-1.33747363090515,-0.00001581455571,90.4039194014252,0.00000323543732
667,left road,667,0.19499999284744,0.0,6.39999961853027,0.25,0.0,-0.55000001192093,0.19499999284744,0.0,6.39999961853027,5.87973546981812,1.20477902889252,-1.33747363090515,5.40680408477783,1.10454940795898,-0.69376754760742,"(5.406804, 1.104549, -0.693768)",truck body CS,9.67658042907715,0.1,5.87973546981812,1.20477902889252,-1.33747363090515,-0.00001581455571,90.4039194014252,0.00000323543732
668,left road,668,0.29499998688698,0.0,6.39999961853027,0.34999999403954,0.0,-0.55000001192093,0.29499998688698,0.0,6.39999961853027,5.87973546981812,1.20477902889252,-1.33747363090515,5.41576290130615,1.10468745231628,-0.69465398788452,"(5.415763, 1.104687, -0.694654)",truck body CS,9.61817359924316,0.1,5.87973546981812,1.20477902889252,-1.33747363090515,-0.00001581455571,90.4039194014252,0.00000323543732
669,left road,669,0.39499998092651,0.0,6.39999961853027,0.44999998807907,0.0,-0.55000001192093,0.39499998092651,0.0,6.39999961853027,5.87973546981812,1.20477902889252,-1.33747363090515,5.42469787597656,1.104825258255,-0.69553852081299,"(5.424698, 1.104825, -0.695539)",truck body CS,9.56045532226563,0.1,5.87973546981812,1.20477902889252,-1.33747363090515,-0.00001581455571,90.4039194014252,0.00000323543732
670,left road,670,0.49500000476837,0.0,6.39999961853027,0.55000001192093,0.0,-0.55000001192093,0.49500000476837,0.0,6.39999961853027,5.87973546981812,1.20477902889252,-1.33747363090515,5.4336085319519,1.10496258735657,-0.69642102718353,"(5.433609, 1.104963, -0.696421)",truck body CS,9.50343990325928,0.1,5.87973546981812,1.20477902889252,-1.33747363090515,-0.00001581455571,90.4039194014252,0.00000323543732
671,left road,671,0.59499996900558,0.0,6.39999961853027,0.64999997615814,0.0,-0.55000001192093,0.59499996900558,0.0,6.39999961853027,5.87973546981812,1.20477902889252,-1.33747363090515,5.44273042678833,1.10515344142914,-0.69764614105225,"(5.44273, 1.105153, -0.697646)",truck body CS,9.4471378326416,0.1,5.87973546981812,1.20477902889252,-1.33747363090515,-0.00001581455571,90.4039194014252,0.00000323543732
672,left road,672,0.69499999284744,0.0,6.39999961853027,0.75,0.0,-0.55000001192093,0.69499999284744,0.0,6.39999961853027,5.87973546981812,1.20477902889252,-1.33747363090515,5.45726585388184,1.106609582901,-0.70699822902679,"(5.457266, 1.10661, -0.706998)",truck body CS,9.39156341552734,0.1,5.87973546981812,1.20477902889252,-1.33747363090515,-0.00001581455571,90.4039194014252,0.00000323543732
673,left road,673,0.7950000166893,0.0,6.39999961853027,0.85000002384186,0.0,-0.55000001192093,0.7950000166893,0.0,6.39999961853027,5.87973546981812,1.20477902889252,-1.33747363090515,5.84672403335571,1.19695723056793,-1.28724002838135,"(5.846724, 1.196957, -1.28724)",EyeArea,9.33673000335693,0.1,5.87973546981812,1.20477902889252,-1.33747363090515,-0.00001581455571,90.4039194014252,0.00000323543732
674,left road,674,0.89499998092651,0.0,6.39999961853027,0.94999998807907,0.0,-0.55000001192093,0.89499998092651,0.0,6.39999961853027,5.87973546981812,1.20477902889252,-1.33747363090515,5.84737586975098,1.19695794582367,-1.28724467754364,"(5.847376, 1.196958, -1.287245)",EyeArea,9.28264904022217,0.1,5.87973546981812,1.20477902889252,-1.33747363090515,-0.00001581455571,90.4039194014252,0.00000323543732
675,left road,675,0.99499994516373,0.0,6.39999961853027,1.04999995231628,0.0,-0.55000001192093,0.99499994516373,0.0,6.39999961853027,5.87973546981812,1.20477902889252,-1.33747363090515,5.84802865982056,1.1969587802887,-1.28724920749664,"(5.848029, 1.196959, -1.287249)",EyeArea,9.22933578491211,0.1,5.87973546981812,1.20477902889252,-1.33747363090515,-0.00001581455571,90.4039194014252,0.00000323543732
676,left road,676,1.09500002861023,0.0,6.39999961853027,1.14999997615814,0.0,-0.55000001192093,1.09500002861023,0.0,6.39999961853027,5.87973546981812,1.20477902889252,-1.33747363090515,5.84868097305298,1.19695949554443,-1.28725385665894,"(5.848681, 1.196959, -1.287254)",EyeArea,9.17680168151855,0.1,5.87973546981812,1.20477902889252,-1.33747363090515,-0.00001581455571,90.4039194014252,0.00000323543732
677,left road,677,1.19500005245209,0.0,6.39999961853027,1.25,0.0,-0.55000001192093,1.19500005245209,0.0,6.39999961853027,5.87973546981812,1.20477902889252,-1.33747363090515,5.84933233261108,1.19696021080017,-1.28725838661194,"(5.849332, 1.19696, -1.287258)",EyeArea,9.12506103515625,0.1,5.87973546981812,1.20477902889252,-1.33747363090515,-0.00001581455571,90.4039194014252,0.00000323543732
678,left road,678,1.29500007629395,0.0,6.39999961853027,1.35000002384186,0.0,-0.55000001192093,1.29500007629395,0.0,6.39999961853027,5.87973546981812,1.20477902889252,-1.33747363090515,5.84998369216919,1.19696080684662,-1.28726303577423,"(5.849984, 1.196961, -1.287263)",EyeArea,9.07412719726563,0.1,5.87973546981812,1.20477902889252,-1.33747363090515,-0.00001581455571,90.4039194014252,0.00000323543732
679,left road,679,1.3950001001358,0.0,6.39999961853027,1.45000004768372,0.0,-0.55000001192093,1.3950001001358,0.0,6.39999961853027,5.87973546981812,1.20477902889252,-1.33747363090515,5.85063505172729,1.19696152210236,-1.28726756572723,"(5.850635, 1.196962, -1.287268)",EyeArea,9.02401447296143,0.1,5.87973546981812,1.20477902889252,-1.33747363090515,-0.00001581455571,90.4039194014252,0.00000323543732
680,left road,680,1.49500000476837,0.0,6.39999961853027,1.54999995231628,0.0,-0.55000001192093,1.49500000476837,0.0,6.39999961853027,5.87973546981812,1.20477902889252,-1.33747363090515,5.85128688812256,1.19696235656738,-1.28727221488953,"(5.851287, 1.196962, -1.287272)",EyeArea,8.97473621368408,0.1,5.87973546981812,1.20477902889252,-1.33747363090515,-0.00001581455571,90.4039194014252,0.00000323543732
681,left road,681,1.59500002861023,0.0,6.39999961853027,1.64999997615814,0.0,-0.55000001192093,1.59500002861023,0.0,6.39999961853027,5.87973546981812,1.20477902889252,-1.33747363090515,5.85193872451782,1.19696307182312,-1.28727686405182,"(5.851939, 1.196963, -1.287277)",EyeArea,8.92630672454834,0.1,5.87973546981812,1.20477902889252,-1.33747363090515,-0.00001581455571,90.4039194014252,0.00000323543732
682,left road,682,1.69500005245209,0.0,6.39999961853027,1.75,0.0,-0.55000001192093,1.69500005245209,0.0,6.39999961853027,5.87973546981812,1.20477902889252,-1.33747363090515,5.85258913040161,1.19696366786957,-1.28728139400482,"(5.852589, 1.196964, -1.287281)",EyeArea,8.87873840332031,0.1,5.87973546981812,1.20477902889252,-1.33747363090515,-0.00001581455571,90.4039194014252,0.00000323543732
683,left road,683,1.79500007629395,0.0,6.39999961853027,1.85000002384186,0.0,-0.55000001192093,1.79500007629395,0.0,6.39999961853027,5.87973546981812,1.20477902889252,-1.33747363090515,5.85324048995972,1.19696438312531,-1.28728604316711,"(5.85324, 1.196964, -1.287286)",EyeArea,8.83204650878906,0.1,5.87973546981812,1.20477902889252,-1.33747363090515,-0.00001581455571,90.4039194014252,0.00000323543732
684,left road,684,1.8950001001358,0.0,6.39999961853027,1.95000004768372,0.0,-0.55000001192093,1.8950001001358,0.0,6.39999961853027,5.87973546981812,1.20477902889252,-1.33747363090515,5.85389137268066,1.19696509838104,-1.28729057312012,"(5.853891, 1.196965, -1.287291)",EyeArea,8.78624534606934,0.1,5.87973546981812,1.20477902889252,-1.33747363090515,-0.00001581455571,90.4039194014252,0.00000323543732
685,left road,685,1.99500000476837,0.0,6.39999961853027,2.04999995231628,0.0,-0.55000001192093,1.99500000476837,0.0,6.39999961853027,5.87973546981812,1.20477902889252,-1.33747363090515,5.85454273223877,1.19696593284607,-1.28729522228241,"(5.854543, 1.196966, -1.287295)",EyeArea,8.74134826660156,0.1,5.87973546981812,1.20477902889252,-1.33747363090515,-0.00001581455571,90.4039194014252,0.00000323543732
686,left road,686,2.09500002861023,0.0,6.39999961853027,2.15000009536743,0.0,-0.55000001192093,2.09500002861023,0.0,6.39999961853027,5.87973546981812,1.20477902889252,-1.33747363090515,5.85519361495972,1.19696664810181,-1.28729975223541,"(5.855194, 1.196967, -1.2873)",EyeArea,8.69736766815186,0.1,5.87973546981812,1.20477902889252,-1.33747363090515,-0.00001581455571,90.4039194014252,0.00000323543732
687,left road,687,2.1949999332428,0.0,6.39999961853027,2.25,0.0,-0.55000001192093,2.1949999332428,0.0,6.39999961853027,5.87973546981812,1.20477902889252,-1.33747363090515,5.85584402084351,1.19696724414825,-1.28730440139771,"(5.855844, 1.196967, -1.287304)",EyeArea,8.65432071685791,0.1,5.87973546981812,1.20477902889252,-1.33747363090515,-0.00001581455571,90.4039194014252,0.00000323543732
688,left road,688,2.29499983787537,0.0,6.39999961853027,2.34999990463257,0.0,-0.55000001192093,2.29499983787537,0.0,6.39999961853027,5.87973546981812,1.20477902889252,-1.33747363090515,5.85649442672729,1.19696795940399,-1.28730893135071,"(5.856494, 1.196968, -1.287309)",EyeArea,8.61221885681152,0.1,5.87973546981812,1.20477902889252,-1.33747363090515,-0.00001581455571,90.4039194014252,0.00000323543732
689,left road,689,2.39499998092651,0.0,6.39999961853027,2.45000004768372,0.0,-0.55000001192093,2.39499998092651,0.0,6.39999961853027,5.87973546981812,1.20477902889252,-1.33747363090515,5.85714435577393,1.19696867465973,-1.28731346130371,"(5.857144, 1.196969, -1.287313)",EyeArea,8.57107734680176,0.1,5.87973546981812,1.20477902889252,-1.33747363090515,-0.00001581455571,90.4039194014252,0.00000323543732
690,left road,690,2.49499988555908,0.0,6.39999961853027,2.54999995231628,0.0,-0.55000001192093,2.49499988555908,0.0,6.39999961853027,5.87973546981812,1.20477902889252,-1.33747363090515,5.85779476165771,1.19696938991547,-1.287318110466,"(5.857795, 1.196969, -1.287318)",EyeArea,8.53090953826904,0.1,5.87973546981812,1.20477902889252,-1.33747363090515,-0.00001581455571,90.4039194014252,0.00000323543732
691,left road,691,2.59500002861023,0.0,6.39999961853027,2.65000009536743,0.0,-0.55000001192093,2.59500002861023,0.0,6.39999961853027,5.87973546981812,1.20477902889252,-1.33747363090515,5.85844469070435,1.1969701051712,-1.28732264041901,"(5.858445, 1.19697, -1.287323)",EyeArea,8.49172973632813,0.1,5.87973546981812,1.20477902889252,-1.33747363090515,-0.00001581455571,90.4039194014252,0.00000323543732
692,left road,692,2.6949999332428,0.0,6.39999961853027,2.75,0.0,-0.55000001192093,2.6949999332428,0.0,6.39999961853027,5.87973546981812,1.20477902889252,-1.33747363090515,5.85909509658813,1.19697082042694,-1.2873272895813,"(5.859095, 1.196971, -1.287327)",EyeArea,8.45355129241943,0.1,5.87973546981812,1.20477902889252,-1.33747363090515,-0.00001581455571,90.4039194014252,0.00000323543732
693,left road,693,2.79499983787537,0.0,6.39999961853027,2.84999990463257,0.0,-0.55000001192093,2.79499983787537,0.0,6.39999961853027,5.87973546981812,1.20477902889252,-1.33747363090515,5.85974502563477,1.19697153568268,-1.2873318195343,"(5.859745, 1.196972, -1.287332)",EyeArea,8.4163875579834,0.1,5.87973546981812,1.20477902889252,-1.33747363090515,-0.00001581455571,90.4039194014252,0.00000323543732
694,left road,694,2.89499998092651,0.0,6.39999961853027,2.95000004768372,0.0,-0.55000001192093,2.89499998092651,0.0,6.39999961853027,5.87973546981812,1.20477902889252,-1.33747363090515,5.8603949546814,1.19697225093842,-1.28733646869659,"(5.860395, 1.196972, -1.287336)",EyeArea,8.38025283813477,0.1,5.87973546981812,1.20477902889252,-1.33747363090515,-0.00001581455571,90.4039194014252,0.00000323543732
695,left road,695,2.99499988555908,0.0,6.39999961853027,3.04999995231628,0.0,-0.55000001192093,2.99499988555908,0.0,6.39999961853027,5.87973546981812,1.20477902889252,-1.33747363090515,5.86104488372803,1.19697308540344,-1.2873409986496,"(5.861045, 1.196973, -1.287341)",EyeArea,8.34515953063965,0.1,5.87973546981812,1.20477902889252,-1.33747363090515,-0.00001581455571,90.4039194014252,0.00000323543732
696,left road,696,3.09500002861023,0.0,6.39999961853027,3.15000009536743,0.0,-0.55000001192093,3.09500002861023,0.0,6.39999961853027,5.87973546981812,1.20477902889252,-1.33747363090515,5.8616943359375,1.19697368144989,-1.2873455286026,"(5.861694, 1.196974, -1.287346)",EyeArea,8.31112098693848,0.1,5.87973546981812,1.20477902889252,-1.33747363090515,-0.00001581455571,90.4039194014252,0.00000323543732
697,left road,697,3.1949999332428,0.0,6.39999961853027,3.25,0.0,-0.55000001192093,3.1949999332428,0.0,6.39999961853027,5.87973546981812,1.20477902889252,-1.33747363090515,5.86234378814697,1.19697439670563,-1.28735017776489,"(5.862344, 1.196974, -1.28735)",EyeArea,8.278151512146,0.1,5.87973546981812,1.20477902889252,-1.33747363090515,-0.00001581455571,90.4039194014252,0.00000323543732
698,left road,698,3.29499983787537,0.0,6.39999961853027,3.34999990463257,0.0,-0.55000001192093,3.29499983787537,0.0,6.39999961853027,5.87973546981812,1.20477902889252,-1.33747363090515,5.86299324035645,1.19697523117065,-1.2873547077179,"(5.862993, 1.196975, -1.287355)",EyeArea,8.246262550354,0.1,5.87973546981812,1.20477902889252,-1.33747363090515,-0.00001581455571,90.4039194014252,0.00000323543732
699,left road,699,3.39499998092651,0.0,6.39999961853027,3.45000004768372,0.0,-0.55000001192093,3.39499998092651,0.0,6.39999961853027,5.87973546981812,1.20477902889252,-1.33747363090515,5.86364221572876,1.19697594642639,-1.28735935688019,"(5.863642, 1.196976, -1.287359)",EyeArea,8.21546649932861,0.1,5.87973546981812,1.20477902889252,-1.33747363090515,-0.00001581455571,90.4039194014252,0.00000323543732
700,left road,700,-3.50500011444092,0.0,6.5,-3.45000004768372,0.0,-0.44999998807907,-3.50500011444092,0.0,6.5,5.87973546981812,1.20477902889252,-1.33747363090515,5.83002710342407,1.19839763641357,-1.2959611415863,"(5.830027, 1.198398, -1.295961)",EyeArea,12.2862014770508,0.1,5.87973546981812,1.20477902889252,-1.33747363090515,-0.00001581455571,90.4039194014252,0.00000323543732
701,left road,701,-3.40499997138977,0.0,6.5,-3.34999990463257,0.0,-0.44999998807907,-3.40499997138977,0.0,6.5,5.87973546981812,1.20477902889252,-1.33747363090515,5.83003044128418,1.19832944869995,-1.29551720619202,"(5.83003, 1.198329, -1.295517)",EyeArea,12.2099876403809,0.1,5.87973546981812,1.20477902889252,-1.33747363090515,-0.00001581455571,90.4039194014252,0.00000323543732
702,left road,702,-3.3050000667572,0.0,6.5,-3.25,0.0,-0.44999998807907,-3.3050000667572,0.0,6.5,5.87973546981812,1.20477902889252,-1.33747363090515,5.83003377914429,1.19825959205627,-1.29506278038025,"(5.830034, 1.19826, -1.295063)",EyeArea,12.1341190338135,0.1,5.87973546981812,1.20477902889252,-1.33747363090515,-0.00001581455571,90.4039194014252,0.00000323543732
703,left road,703,-3.20500016212463,0.0,6.5,-3.15000009536743,0.0,-0.44999998807907,-3.20500016212463,0.0,6.5,5.87973546981812,1.20477902889252,-1.33747363090515,5.31260204315186,1.12956821918488,-0.84820276498795,"(5.312602, 1.129568, -0.848203)",truck body CS,12.0586032867432,0.1,5.87973546981812,1.20477902889252,-1.33747363090515,-0.00001581455571,90.4039194014252,0.00000323543732
704,left road,704,-3.10500001907349,0.0,6.5,-3.04999995231628,0.0,-0.44999998807907,-3.10500001907349,0.0,6.5,5.87973546981812,1.20477902889252,-1.33747363090515,5.31136322021484,1.12856483459473,-0.84167695045471,"(5.311363, 1.128565, -0.841677)",truck body CS,11.9834451675415,0.1,5.87973546981812,1.20477902889252,-1.33747363090515,-0.00001581455571,90.4039194014252,0.00000323543732
705,left road,705,-3.00500011444092,0.0,6.5,-2.95000004768372,0.0,-0.44999998807907,-3.00500011444092,0.0,6.5,5.87973546981812,1.20477902889252,-1.33747363090515,5.31130981445313,1.12769985198975,-0.83604937791824,"(5.31131, 1.1277, -0.836049)",truck body CS,11.908652305603,0.1,5.87973546981812,1.20477902889252,-1.33747363090515,-0.00001581455571,90.4039194014252,0.00000323543732
706,left road,706,-2.90499997138977,0.0,6.5,-2.84999990463257,0.0,-0.44999998807907,-2.90499997138977,0.0,6.5,5.87973546981812,1.20477902889252,-1.33747363090515,5.31125688552856,1.12681519985199,-0.83029419183731,"(5.311257, 1.126815, -0.830294)",truck body CS,11.8342332839966,0.1,5.87973546981812,1.20477902889252,-1.33747363090515,-0.00001581455571,90.4039194014252,0.00000323543732
707,left road,707,-2.8050000667572,0.0,6.5,-2.75,0.0,-0.44999998807907,-2.8050000667572,0.0,6.5,5.87973546981812,1.20477902889252,-1.33747363090515,5.31120204925537,1.12590992450714,-0.82440477609634,"(5.311202, 1.12591, -0.824405)",truck body CS,11.7601919174194,0.1,5.87973546981812,1.20477902889252,-1.33747363090515,-0.00001581455571,90.4039194014252,0.00000323543732
708,left road,708,-2.70500016212463,0.0,6.5,-2.65000009536743,0.0,-0.44999998807907,-2.70500016212463,0.0,6.5,5.87973546981812,1.20477902889252,-1.33747363090515,5.31218385696411,1.12512898445129,-0.81932461261749,"(5.312184, 1.125129, -0.819325)",truck body CS,11.6865386962891,0.1,5.87973546981812,1.20477902889252,-1.33747363090515,-0.00001581455571,90.4039194014252,0.00000323543732
709,left road,709,-2.60500001907349,0.0,6.5,-2.54999995231628,0.0,-0.44999998807907,-2.60500001907349,0.0,6.5,5.87973546981812,1.20477902889252,-1.33747363090515,5.3137092590332,1.1244068145752,-0.81462669372559,"(5.313709, 1.124407, -0.814627)",truck body CS,11.6132783889771,0.1,5.87973546981812,1.20477902889252,-1.33747363090515,-0.00001581455571,90.4039194014252,0.00000323543732
710,left road,710,-2.50500011444092,0.0,6.5,-2.45000004768372,0.0,-0.44999998807907,-2.50500011444092,0.0,6.5,5.87973546981812,1.20477902889252,-1.33747363090515,5.315260887146,1.12367117404938,-0.80984169244766,"(5.315261, 1.123671, -0.809842)",truck body CS,11.5404195785522,0.1,5.87973546981812,1.20477902889252,-1.33747363090515,-0.00001581455571,90.4039194014252,0.00000323543732
711,left road,711,-2.40499997138977,0.0,6.5,-2.34999990463257,0.0,-0.44999998807907,-2.40499997138977,0.0,6.5,5.87973546981812,1.20477902889252,-1.33747363090515,5.3168420791626,1.12292218208313,-0.80496901273727,"(5.316842, 1.122922, -0.804969)",truck body CS,11.4679698944092,0.1,5.87973546981812,1.20477902889252,-1.33747363090515,-0.00001581455571,90.4039194014252,0.00000323543732
712,left road,712,-2.3050000667572,0.0,6.5,-2.25,0.0,-0.44999998807907,-2.3050000667572,0.0,6.5,5.87973546981812,1.20477902889252,-1.33747363090515,5.31845331192017,1.12215924263,-0.80000561475754,"(5.318453, 1.122159, -0.800006)",truck body CS,11.3959369659424,0.1,5.87973546981812,1.20477902889252,-1.33747363090515,-0.00001581455571,90.4039194014252,0.00000323543732
713,left road,713,-2.20500016212463,0.0,6.5,-2.15000009536743,0.0,-0.44999998807907,-2.20500016212463,0.0,6.5,5.87973546981812,1.20477902889252,-1.33747363090515,5.32009267807007,1.12138152122498,-0.79494655132294,"(5.320093, 1.121382, -0.794947)",truck body CS,11.324330329895,0.1,5.87973546981812,1.20477902889252,-1.33747363090515,-0.00001581455571,90.4039194014252,0.00000323543732
714,left road,714,-2.10500001907349,0.0,6.5,-2.04999995231628,0.0,-0.44999998807907,-2.10500001907349,0.0,6.5,5.87973546981812,1.20477902889252,-1.33747363090515,5.32176542282104,1.1205894947052,-0.7897937297821,"(5.321765, 1.120589, -0.789794)",truck body CS,11.2531547546387,0.1,5.87973546981812,1.20477902889252,-1.33747363090515,-0.00001581455571,90.4039194014252,0.00000323543732
715,left road,715,-2.00500011444092,0.0,6.5,-1.95000004768372,0.0,-0.44999998807907,-2.00500011444092,0.0,6.5,5.87973546981812,1.20477902889252,-1.33747363090515,5.32346963882446,1.11978220939636,-0.78454232215881,"(5.32347, 1.119782, -0.784542)",truck body CS,11.1824207305908,0.1,5.87973546981812,1.20477902889252,-1.33747363090515,-0.00001581455571,90.4039194014252,0.00000323543732
716,left road,716,-1.90499997138977,0.0,6.5,-1.85000002384186,0.0,-0.44999998807907,-1.90499997138977,0.0,6.5,5.87973546981812,1.20477902889252,-1.33747363090515,5.32520627975464,1.11895895004272,-0.7791873216629,"(5.325206, 1.118959, -0.779187)",truck body CS,11.1121377944946,0.1,5.87973546981812,1.20477902889252,-1.33747363090515,-0.00001581455571,90.4039194014252,0.00000323543732
717,left road,717,-1.80499994754791,0.0,6.5,-1.75,0.0,-0.44999998807907,-1.80499994754791,0.0,6.5,5.87973546981812,1.20477902889252,-1.33747363090515,5.32779693603516,1.118248462677,-0.77456521987915,"(5.327797, 1.118248, -0.774565)",truck body CS,11.042311668396,0.1,5.87973546981812,1.20477902889252,-1.33747363090515,-0.00001581455571,90.4039194014252,0.00000323543732
718,left road,718,-1.70499992370605,0.0,6.5,-1.64999997615814,0.0,-0.44999998807907,-1.70499992370605,0.0,6.5,5.87973546981812,1.20477902889252,-1.33747363090515,5.33111143112183,1.11763417720795,-0.77056843042374,"(5.331111, 1.117634, -0.770568)",truck body CS,10.9729528427124,0.1,5.87973546981812,1.20477902889252,-1.33747363090515,-0.00001581455571,90.4039194014252,0.00000323543732
719,left road,719,-1.6049998998642,0.0,6.5,-1.54999995231628,0.0,-0.44999998807907,-1.6049998998642,0.0,6.5,5.87973546981812,1.20477902889252,-1.33747363090515,5.33447360992432,1.11701107025146,-0.76651448011398,"(5.334474, 1.117011, -0.766514)",truck body CS,10.904070854187,0.1,5.87973546981812,1.20477902889252,-1.33747363090515,-0.00001581455571,90.4039194014252,0.00000323543732
720,left road,720,-1.50499999523163,0.0,6.5,-1.45000004768372,0.0,-0.44999998807907,-1.50499999523163,0.0,6.5,5.87973546981812,1.20477902889252,-1.33747363090515,5.33788251876831,1.1163786649704,-0.76240116357803,"(5.337883, 1.116379, -0.762401)",truck body CS,10.83567237854,0.1,5.87973546981812,1.20477902889252,-1.33747363090515,-0.00001581455571,90.4039194014252,0.00000323543732
721,left road,721,-1.40499997138977,0.0,6.5,-1.35000002384186,0.0,-0.44999998807907,-1.40499997138977,0.0,6.5,5.87973546981812,1.20477902889252,-1.33747363090515,5.34134244918823,1.1157374382019,-0.75822955369949,"(5.341342, 1.115737, -0.75823)",truck body CS,10.7677698135376,0.1,5.87973546981812,1.20477902889252,-1.33747363090515,-0.00001581455571,90.4039194014252,0.00000323543732
722,left road,722,-1.30499994754791,0.0,6.5,-1.25,0.0,-0.44999998807907,-1.30499994754791,0.0,6.5,5.87973546981812,1.20477902889252,-1.33747363090515,5.34485244750977,1.11508655548096,-0.75399541854858,"(5.344852, 1.115087, -0.753995)",truck body CS,10.7003698348999,0.1,5.87973546981812,1.20477902889252,-1.33747363090515,-0.00001581455571,90.4039194014252,0.00000323543732
723,left road,723,-1.20499992370605,0.0,6.5,-1.14999997615814,0.0,-0.44999998807907,-1.20499992370605,0.0,6.5,5.87973546981812,1.20477902889252,-1.33747363090515,5.34841537475586,1.11442649364471,-0.74970185756683,"(5.348415, 1.114426, -0.749702)",truck body CS,10.6334829330444,0.1,5.87973546981812,1.20477902889252,-1.33747363090515,-0.00001581455571,90.4039194014252,0.00000323543732
724,left road,724,-1.1049998998642,0.0,6.5,-1.04999995231628,0.0,-0.44999998807907,-1.1049998998642,0.0,6.5,5.87973546981812,1.20477902889252,-1.33747363090515,5.35202884674072,1.11375629901886,-0.74534153938293,"(5.352029, 1.113756, -0.745342)",truck body CS,10.5671195983887,0.1,5.87973546981812,1.20477902889252,-1.33747363090515,-0.00001581455571,90.4039194014252,0.00000323543732
725,left road,725,-1.00499999523163,0.0,6.5,-0.94999998807907,0.0,-0.44999998807907,-1.00499999523163,0.0,6.5,5.87973546981812,1.20477902889252,-1.33747363090515,5.3556981086731,1.11307621002197,-0.74091750383377,"(5.355698, 1.113076, -0.740918)",truck body CS,10.5012893676758,0.1,5.87973546981812,1.20477902889252,-1.33747363090515,-0.00001581455571,90.4039194014252,0.00000323543732
726,left road,726,-0.90500003099442,0.0,6.5,-0.85000002384186,0.0,-0.44999998807907,-0.90500003099442,0.0,6.5,5.87973546981812,1.20477902889252,-1.33747363090515,5.3594217300415,1.11238574981689,-0.73642611503601,"(5.359422, 1.112386, -0.736426)",truck body CS,10.4360017776489,0.1,5.87973546981812,1.20477902889252,-1.33747363090515,-0.00001581455571,90.4039194014252,0.00000323543732
727,left road,727,-0.80500000715256,0.0,6.5,-0.75,0.0,-0.44999998807907,-0.80500000715256,0.0,6.5,5.87973546981812,1.20477902889252,-1.33747363090515,5.36320304870605,1.1116851568222,-0.7318679690361,"(5.363203, 1.111685, -0.731868)",truck body CS,10.3712663650513,0.1,5.87973546981812,1.20477902889252,-1.33747363090515,-0.00001581455571,90.4039194014252,0.00000323543732
728,left road,728,-0.7049999833107,0.0,6.5,-0.64999997615814,0.0,-0.44999998807907,-0.7049999833107,0.0,6.5,5.87973546981812,1.20477902889252,-1.33747363090515,5.36704063415527,1.1109733581543,-0.72723823785782,"(5.367041, 1.110973, -0.727238)",truck body CS,10.3070964813232,0.1,5.87973546981812,1.20477902889252,-1.33747363090515,-0.00001581455571,90.4039194014252,0.00000323543732
729,left road,729,-0.60500001907349,0.0,6.5,-0.55000001192093,0.0,-0.44999998807907,-0.60500001907349,0.0,6.5,5.87973546981812,1.20477902889252,-1.33747363090515,5.37093830108643,1.1102511882782,-0.72253942489624,"(5.370938, 1.110251, -0.722539)",truck body CS,10.2434997558594,0.1,5.87973546981812,1.20477902889252,-1.33747363090515,-0.00001581455571,90.4039194014252,0.00000323543732
730,left road,730,-0.50499999523163,0.0,6.5,-0.44999998807907,0.0,-0.44999998807907,-0.50499999523163,0.0,6.5,5.87973546981812,1.20477902889252,-1.33747363090515,5.37489557266235,1.10951733589172,-0.71776580810547,"(5.374896, 1.109517, -0.717766)",truck body CS,10.1804876327515,0.1,5.87973546981812,1.20477902889252,-1.33747363090515,-0.00001581455571,90.4039194014252,0.00000323543732
731,left road,731,-0.40500000119209,0.0,6.5,-0.34999999403954,0.0,-0.44999998807907,-0.40500000119209,0.0,6.5,5.87973546981812,1.20477902889252,-1.33747363090515,5.37891578674316,1.10877227783203,-0.71291899681091,"(5.378916, 1.108772, -0.712919)",truck body CS,10.1180725097656,0.1,5.87973546981812,1.20477902889252,-1.33747363090515,-0.00001581455571,90.4039194014252,0.00000323543732
732,left road,732,-0.30500000715256,0.0,6.5,-0.25,0.0,-0.44999998807907,-0.30500000715256,0.0,6.5,5.87973546981812,1.20477902889252,-1.33747363090515,5.38299942016602,1.10801541805267,-0.70799553394318,"(5.382999, 1.108015, -0.707996)",truck body CS,10.0562629699707,0.1,5.87973546981812,1.20477902889252,-1.33747363090515,-0.00001581455571,90.4039194014252,0.00000323543732
733,left road,733,-0.20500001311302,0.0,6.5,-0.15000000596046,0.0,-0.44999998807907,-0.20500001311302,0.0,6.5,5.87973546981812,1.20477902889252,-1.33747363090515,5.38714647293091,1.10724639892578,-0.70299208164215,"(5.387146, 1.107246, -0.702992)",truck body CS,9.99507331848145,0.1,5.87973546981812,1.20477902889252,-1.33747363090515,-0.00001581455571,90.4039194014252,0.00000323543732
734,left road,734,-0.10500000417233,0.0,6.5,-0.05000000074506,0.0,-0.44999998807907,-0.10500000417233,0.0,6.5,5.87973546981812,1.20477902889252,-1.33747363090515,5.39141845703125,1.10647654533386,-0.69798505306244,"(5.391418, 1.106477, -0.697985)",truck body CS,9.93451309204102,0.1,5.87973546981812,1.20477902889252,-1.33747363090515,-0.00001581455571,90.4039194014252,0.00000323543732
735,left road,735,-0.00499999895692,0.0,6.5,0.05000000074506,0.0,-0.44999998807907,-0.00499999895692,0.0,6.5,5.87973546981812,1.20477902889252,-1.33747363090515,5.39633131027222,1.10581183433533,-0.69366014003754,"(5.396331, 1.105812, -0.69366)",truck body CS,9.87459373474121,0.1,5.87973546981812,1.20477902889252,-1.33747363090515,-0.00001581455571,90.4039194014252,0.00000323543732
736,left road,736,0.09500000625849,0.0,6.5,0.15000000596046,0.0,-0.44999998807907,0.09500000625849,0.0,6.5,5.87973546981812,1.20477902889252,-1.33747363090515,5.40519142150879,1.10594630241394,-0.69453501701355,"(5.405191, 1.105946, -0.694535)",truck body CS,9.81532764434814,0.1,5.87973546981812,1.20477902889252,-1.33747363090515,-0.00001581455571,90.4039194014252,0.00000323543732
737,left road,737,0.19499999284744,0.0,6.5,0.25,0.0,-0.44999998807907,0.19499999284744,0.0,6.5,5.87973546981812,1.20477902889252,-1.33747363090515,5.41402816772461,1.10608053207397,-0.6954083442688,"(5.414028, 1.106081, -0.695408)",truck body CS,9.75672626495361,0.1,5.87973546981812,1.20477902889252,-1.33747363090515,-0.00001581455571,90.4039194014252,0.00000323543732
738,left road,738,0.29499998688698,0.0,6.5,0.34999999403954,0.0,-0.44999998807907,0.29499998688698,0.0,6.5,5.87973546981812,1.20477902889252,-1.33747363090515,5.42284154891968,1.10621464252472,-0.6962810754776,"(5.422842, 1.106215, -0.696281)",truck body CS,9.69880199432373,0.1,5.87973546981812,1.20477902889252,-1.33747363090515,-0.00001581455571,90.4039194014252,0.00000323543732
739,left road,739,0.39499998092651,0.0,6.5,0.44999998807907,0.0,-0.44999998807907,0.39499998092651,0.0,6.5,5.87973546981812,1.20477902889252,-1.33747363090515,5.43163108825684,1.10634827613831,-0.69714987277985,"(5.431631, 1.106348, -0.69715)",truck body CS,9.64156627655029,0.1,5.87973546981812,1.20477902889252,-1.33747363090515,-0.00001581455571,90.4039194014252,0.00000323543732
740,left road,740,0.49500000476837,0.0,6.5,0.55000001192093,0.0,-0.44999998807907,0.49500000476837,0.0,6.5,5.87973546981812,1.20477902889252,-1.33747363090515,5.44053268432617,1.10651183128357,-0.69821417331696,"(5.440533, 1.106512, -0.698214)",truck body CS,9.58503341674805,0.1,5.87973546981812,1.20477902889252,-1.33747363090515,-0.00001581455571,90.4039194014252,0.00000323543732
741,left road,741,0.59499996900558,0.0,6.5,0.64999997615814,0.0,-0.44999998807907,0.59499996900558,0.0,6.5,5.87973546981812,1.20477902889252,-1.33747363090515,5.45422506332397,1.10777401924133,-0.70642375946045,"(5.454225, 1.107774, -0.706424)",truck body CS,9.52921390533447,0.1,5.87973546981812,1.20477902889252,-1.33747363090515,-0.00001581455571,90.4039194014252,0.00000323543732
742,left road,742,0.69499999284744,0.0,6.5,0.75,0.0,-0.44999998807907,0.69499999284744,0.0,6.5,5.87973546981812,1.20477902889252,-1.33747363090515,5.84650325775146,1.197056889534,-1.28723847866058,"(5.846503, 1.197057, -1.287238)",EyeArea,9.47412109375,0.1,5.87973546981812,1.20477902889252,-1.33747363090515,-0.00001581455571,90.4039194014252,0.00000323543732
743,left road,743,0.7950000166893,0.0,6.5,0.85000002384186,0.0,-0.44999998807907,0.7950000166893,0.0,6.5,5.87973546981812,1.20477902889252,-1.33747363090515,5.8471474647522,1.19705760478973,-1.28724300861359,"(5.847147, 1.197058, -1.287243)",EyeArea,9.41976737976074,0.1,5.87973546981812,1.20477902889252,-1.33747363090515,-0.00001581455571,90.4039194014252,0.00000323543732
744,left road,744,0.89499998092651,0.0,6.5,0.94999998807907,0.0,-0.44999998807907,0.89499998092651,0.0,6.5,5.87973546981812,1.20477902889252,-1.33747363090515,5.84779119491577,1.19705832004547,-1.28724753856659,"(5.847791, 1.197058, -1.287248)",EyeArea,9.36616611480713,0.1,5.87973546981812,1.20477902889252,-1.33747363090515,-0.00001581455571,90.4039194014252,0.00000323543732
745,left road,745,0.99499994516373,0.0,6.5,1.04999995231628,0.0,-0.44999998807907,0.99499994516373,0.0,6.5,5.87973546981812,1.20477902889252,-1.33747363090515,5.84843492507935,1.19705903530121,-1.28725206851959,"(5.848435, 1.197059, -1.287252)",EyeArea,9.31333065032959,0.1,5.87973546981812,1.20477902889252,-1.33747363090515,-0.00001581455571,90.4039194014252,0.00000323543732
746,left road,746,1.09500002861023,0.0,6.5,1.14999997615814,0.0,-0.44999998807907,1.09500002861023,0.0,6.5,5.87973546981812,1.20477902889252,-1.33747363090515,5.84907865524292,1.19705951213837,-1.2872565984726,"(5.849079, 1.19706, -1.287257)",EyeArea,9.26127338409424,0.1,5.87973546981812,1.20477902889252,-1.33747363090515,-0.00001581455571,90.4039194014252,0.00000323543732
747,left road,747,1.19500005245209,0.0,6.5,1.25,0.0,-0.44999998807907,1.19500005245209,0.0,6.5,5.87973546981812,1.20477902889252,-1.33747363090515,5.84972143173218,1.1970602273941,-1.2872611284256,"(5.849721, 1.19706, -1.287261)",EyeArea,9.2100076675415,0.1,5.87973546981812,1.20477902889252,-1.33747363090515,-0.00001581455571,90.4039194014252,0.00000323543732
748,left road,748,1.29500007629395,0.0,6.5,1.35000002384186,0.0,-0.44999998807907,1.29500007629395,0.0,6.5,5.87973546981812,1.20477902889252,-1.33747363090515,5.85036468505859,1.19706106185913,-1.2872656583786,"(5.850365, 1.197061, -1.287266)",EyeArea,9.1595458984375,0.1,5.87973546981812,1.20477902889252,-1.33747363090515,-0.00001581455571,90.4039194014252,0.00000323543732
749,left road,749,1.3950001001358,0.0,6.5,1.45000004768372,0.0,-0.44999998807907,1.3950001001358,0.0,6.5,5.87973546981812,1.20477902889252,-1.33747363090515,5.85100793838501,1.19706177711487,-1.28727030754089,"(5.851008, 1.197062, -1.28727)",EyeArea,9.10990333557129,0.1,5.87973546981812,1.20477902889252,-1.33747363090515,-0.00001581455571,90.4039194014252,0.00000323543732
750,left road,750,1.49500000476837,0.0,6.5,1.54999995231628,0.0,-0.44999998807907,1.49500000476837,0.0,6.5,5.87973546981812,1.20477902889252,-1.33747363090515,5.85165071487427,1.19706237316132,-1.2872748374939,"(5.851651, 1.197062, -1.287275)",EyeArea,9.06109237670898,0.1,5.87973546981812,1.20477902889252,-1.33747363090515,-0.00001581455571,90.4039194014252,0.00000323543732
751,left road,751,1.59500002861023,0.0,6.5,1.64999997615814,0.0,-0.44999998807907,1.59500002861023,0.0,6.5,5.87973546981812,1.20477902889252,-1.33747363090515,5.85229444503784,1.19706308841705,-1.2872793674469,"(5.852294, 1.197063, -1.287279)",EyeArea,9.01312637329102,0.1,5.87973546981812,1.20477902889252,-1.33747363090515,-0.00001581455571,90.4039194014252,0.00000323543732
752,left road,752,1.69500005245209,0.0,6.5,1.75,0.0,-0.44999998807907,1.69500005245209,0.0,6.5,5.87973546981812,1.20477902889252,-1.33747363090515,5.8529372215271,1.19706392288208,-1.2872838973999,"(5.852937, 1.197064, -1.287284)",EyeArea,8.96601867675781,0.1,5.87973546981812,1.20477902889252,-1.33747363090515,-0.00001581455571,90.4039194014252,0.00000323543732
753,left road,753,1.79500007629395,0.0,6.5,1.85000002384186,0.0,-0.44999998807907,1.79500007629395,0.0,6.5,5.87973546981812,1.20477902889252,-1.33747363090515,5.8535795211792,1.19706451892853,-1.28728842735291,"(5.85358, 1.197065, -1.287288)",EyeArea,8.91978359222412,0.1,5.87973546981812,1.20477902889252,-1.33747363090515,-0.00001581455571,90.4039194014252,0.00000323543732
754,left road,754,1.8950001001358,0.0,6.5,1.95000004768372,0.0,-0.44999998807907,1.8950001001358,0.0,6.5,5.87973546981812,1.20477902889252,-1.33747363090515,5.85422229766846,1.19706523418427,-1.28729295730591,"(5.854222, 1.197065, -1.287293)",EyeArea,8.87443542480469,0.1,5.87973546981812,1.20477902889252,-1.33747363090515,-0.00001581455571,90.4039194014252,0.00000323543732
755,left road,755,1.99500000476837,0.0,6.5,2.04999995231628,0.0,-0.44999998807907,1.99500000476837,0.0,6.5,5.87973546981812,1.20477902889252,-1.33747363090515,5.85486507415771,1.19706583023071,-1.28729748725891,"(5.854865, 1.197066, -1.287297)",EyeArea,8.82998657226563,0.1,5.87973546981812,1.20477902889252,-1.33747363090515,-0.00001581455571,90.4039194014252,0.00000323543732
756,left road,756,2.09500002861023,0.0,6.5,2.15000009536743,0.0,-0.44999998807907,2.09500002861023,0.0,6.5,5.87973546981812,1.20477902889252,-1.33747363090515,5.85550737380981,1.19706654548645,-1.28730201721191,"(5.855507, 1.197067, -1.287302)",EyeArea,8.78645038604736,0.1,5.87973546981812,1.20477902889252,-1.33747363090515,-0.00001581455571,90.4039194014252,0.00000323543732
757,left road,757,2.1949999332428,0.0,6.5,2.25,0.0,-0.44999998807907,2.1949999332428,0.0,6.5,5.87973546981812,1.20477902889252,-1.33747363090515,5.85614967346191,1.19706726074219,-1.28730654716492,"(5.85615, 1.197067, -1.287307)",EyeArea,8.74384117126465,0.1,5.87973546981812,1.20477902889252,-1.33747363090515,-0.00001581455571,90.4039194014252,0.00000323543732
758,left road,758,2.29499983787537,0.0,6.5,2.34999990463257,0.0,-0.44999998807907,2.29499983787537,0.0,6.5,5.87973546981812,1.20477902889252,-1.33747363090515,5.85679197311401,1.19706797599792,-1.28731107711792,"(5.856792, 1.197068, -1.287311)",EyeArea,8.70217323303223,0.1,5.87973546981812,1.20477902889252,-1.33747363090515,-0.00001581455571,90.4039194014252,0.00000323543732
759,left road,759,2.39499998092651,0.0,6.5,2.45000004768372,0.0,-0.44999998807907,2.39499998092651,0.0,6.5,5.87973546981812,1.20477902889252,-1.33747363090515,5.85743379592896,1.19706869125366,-1.28731560707092,"(5.857434, 1.197069, -1.287316)",EyeArea,8.66145896911621,0.1,5.87973546981812,1.20477902889252,-1.33747363090515,-0.00001581455571,90.4039194014252,0.00000323543732
760,left road,760,2.49499988555908,0.0,6.5,2.54999995231628,0.0,-0.44999998807907,2.49499988555908,0.0,6.5,5.87973546981812,1.20477902889252,-1.33747363090515,5.8580756187439,1.19706928730011,-1.28732001781464,"(5.858076, 1.197069, -1.28732)",EyeArea,8.62171268463135,0.1,5.87973546981812,1.20477902889252,-1.33747363090515,-0.00001581455571,90.4039194014252,0.00000323543732
761,left road,761,2.59500002861023,0.0,6.5,2.65000009536743,0.0,-0.44999998807907,2.59500002861023,0.0,6.5,5.87973546981812,1.20477902889252,-1.33747363090515,5.85871744155884,1.19707012176514,-1.28732454776764,"(5.858717, 1.19707, -1.287325)",EyeArea,8.58294677734375,0.1,5.87973546981812,1.20477902889252,-1.33747363090515,-0.00001581455571,90.4039194014252,0.00000323543732
762,left road,762,2.6949999332428,0.0,6.5,2.75,0.0,-0.44999998807907,2.6949999332428,0.0,6.5,5.87973546981812,1.20477902889252,-1.33747363090515,5.85935926437378,1.19707083702087,-1.28732907772064,"(5.859359, 1.197071, -1.287329)",EyeArea,8.54517555236816,0.1,5.87973546981812,1.20477902889252,-1.33747363090515,-0.00001581455571,90.4039194014252,0.00000323543732
763,left road,763,2.79499983787537,0.0,6.5,2.84999990463257,0.0,-0.44999998807907,2.79499983787537,0.0,6.5,5.87973546981812,1.20477902889252,-1.33747363090515,5.86000108718872,1.19707143306732,-1.28733360767365,"(5.860001, 1.197071, -1.287334)",EyeArea,8.50841236114502,0.1,5.87973546981812,1.20477902889252,-1.33747363090515,-0.00001581455571,90.4039194014252,0.00000323543732
764,left road,764,2.89499998092651,0.0,6.5,2.95000004768372,0.0,-0.44999998807907,2.89499998092651,0.0,6.5,5.87973546981812,1.20477902889252,-1.33747363090515,5.8606424331665,1.19707214832306,-1.28733813762665,"(5.860642, 1.197072, -1.287338)",EyeArea,8.47266960144043,0.1,5.87973546981812,1.20477902889252,-1.33747363090515,-0.00001581455571,90.4039194014252,0.00000323543732
765,left road,765,2.99499988555908,0.0,6.5,3.04999995231628,0.0,-0.44999998807907,2.99499988555908,0.0,6.5,5.87973546981812,1.20477902889252,-1.33747363090515,5.86128377914429,1.1970728635788,-1.28734266757965,"(5.861284, 1.197073, -1.287343)",EyeArea,8.43796157836914,0.1,5.87973546981812,1.20477902889252,-1.33747363090515,-0.00001581455571,90.4039194014252,0.00000323543732
766,left road,766,3.09500002861023,0.0,6.5,3.15000009536743,0.0,-0.44999998807907,3.09500002861023,0.0,6.5,5.87973546981812,1.20477902889252,-1.33747363090515,5.86192512512207,1.19707357883453,-1.28734719753265,"(5.861925, 1.197074, -1.287347)",EyeArea,8.40429878234863,0.1,5.87973546981812,1.20477902889252,-1.33747363090515,-0.00001581455571,90.4039194014252,0.00000323543732
767,left road,767,3.1949999332428,0.0,6.5,3.25,0.0,-0.44999998807907,3.1949999332428,0.0,6.5,5.87973546981812,1.20477902889252,-1.33747363090515,5.86256647109985,1.19707429409027,-1.28735172748566,"(5.862566, 1.197074, -1.287352)",EyeArea,8.37169551849365,0.1,5.87973546981812,1.20477902889252,-1.33747363090515,-0.00001581455571,90.4039194014252,0.00000323543732
768,left road,768,3.29499983787537,0.0,6.5,3.34999990463257,0.0,-0.44999998807907,3.29499983787537,0.0,6.5,5.87973546981812,1.20477902889252,-1.33747363090515,5.86320686340332,1.19707489013672,-1.28735625743866,"(5.863207, 1.197075, -1.287356)",EyeArea,8.34016513824463,0.1,5.87973546981812,1.20477902889252,-1.33747363090515,-0.00001581455571,90.4039194014252,0.00000323543732
769,left road,769,3.39499998092651,0.0,6.5,3.45000004768372,0.0,-0.44999998807907,3.39499998092651,0.0,6.5,5.87973546981812,1.20477902889252,-1.33747363090515,5.86384773254395,1.19707560539246,-1.28736078739166,"(5.863848, 1.197076, -1.287361)",EyeArea,8.30971717834473,0.1,5.87973546981812,1.20477902889252,-1.33747363090515,-0.00001581455571,90.4039194014252,0.00000323543732
770,left road,770,-3.50500011444092,0.0,6.59999990463257,-3.45000004768372,0.0,-0.34999999403954,-3.50500011444092,0.0,6.59999990463257,5.87973546981812,1.20477902889252,-1.33747363090515,5.83003091812134,1.19839823246002,-1.29543471336365,"(5.830031, 1.198398, -1.295435)",EyeArea,12.3502321243286,0.1,5.87973546981812,1.20477902889252,-1.33747363090515,-0.00001581455571,90.4039194014252,0.00000323543732
771,left road,771,-3.40499997138977,0.0,6.59999990463257,-3.34999990463257,0.0,-0.34999999403954,-3.40499997138977,0.0,6.59999990463257,5.87973546981812,1.20477902889252,-1.33747363090515,5.83003425598145,1.19832980632782,-1.29498362541199,"(5.830034, 1.19833, -1.294984)",EyeArea,12.2744159698486,0.1,5.87973546981812,1.20477902889252,-1.33747363090515,-0.00001581455571,90.4039194014252,0.00000323543732
772,left road,772,-3.3050000667572,0.0,6.59999990463257,-3.25,0.0,-0.34999999403954,-3.3050000667572,0.0,6.59999990463257,5.87973546981812,1.20477902889252,-1.33747363090515,5.31536865234375,1.13074994087219,-0.8497462272644,"(5.315369, 1.13075, -0.849746)",truck body CS,12.1989479064941,0.1,5.87973546981812,1.20477902889252,-1.33747363090515,-0.00001581455571,90.4039194014252,0.00000323543732
773,left road,773,-3.20500016212463,0.0,6.59999990463257,-3.15000009536743,0.0,-0.34999999403954,-3.20500016212463,0.0,6.59999990463257,5.87973546981812,1.20477902889252,-1.33747363090515,5.31369972229004,1.12971377372742,-0.8429189324379,"(5.3137, 1.129714, -0.842919)",truck body CS,12.1238355636597,0.1,5.87973546981812,1.20477902889252,-1.33747363090515,-0.00001581455571,90.4039194014252,0.00000323543732
774,left road,774,-3.10500001907349,0.0,6.59999990463257,-3.04999995231628,0.0,-0.34999999403954,-3.10500001907349,0.0,6.59999990463257,5.87973546981812,1.20477902889252,-1.33747363090515,5.31353569030762,1.12885618209839,-0.83726918697357,"(5.313536, 1.128856, -0.837269)",truck body CS,12.0490846633911,0.1,5.87973546981812,1.20477902889252,-1.33747363090515,-0.00001581455571,90.4039194014252,0.00000323543732
775,left road,775,-3.00500011444092,0.0,6.59999990463257,-2.95000004768372,0.0,-0.34999999403954,-3.00500011444092,0.0,6.59999990463257,5.87973546981812,1.20477902889252,-1.33747363090515,5.31350803375244,1.1279981136322,-0.83161556720734,"(5.313508, 1.127998, -0.831616)",truck body CS,11.9747018814087,0.1,5.87973546981812,1.20477902889252,-1.33747363090515,-0.00001581455571,90.4039194014252,0.00000323543732
776,left road,776,-2.90499997138977,0.0,6.59999990463257,-2.84999990463257,0.0,-0.34999999403954,-2.90499997138977,0.0,6.59999990463257,5.87973546981812,1.20477902889252,-1.33747363090515,5.31348085403442,1.12712013721466,-0.82583129405975,"(5.313481, 1.12712, -0.825831)",truck body CS,11.9006958007813,0.1,5.87973546981812,1.20477902889252,-1.33747363090515,-0.00001581455571,90.4039194014252,0.00000323543732
777,left road,777,-2.8050000667572,0.0,6.59999990463257,-2.75,0.0,-0.34999999403954,-2.8050000667572,0.0,6.59999990463257,5.87973546981812,1.20477902889252,-1.33747363090515,5.31344985961914,1.1262218952179,-0.81991273164749,"(5.31345, 1.126222, -0.819913)",truck body CS,11.8270711898804,0.1,5.87973546981812,1.20477902889252,-1.33747363090515,-0.00001581455571,90.4039194014252,0.00000323543732
778,left road,778,-2.70500016212463,0.0,6.59999990463257,-2.65000009536743,0.0,-0.34999999403954,-2.70500016212463,0.0,6.59999990463257,5.87973546981812,1.20477902889252,-1.33747363090515,5.31458854675293,1.12546646595001,-0.8149362206459,"(5.314589, 1.125466, -0.814936)",truck body CS,11.7538356781006,0.1,5.87973546981812,1.20477902889252,-1.33747363090515,-0.00001581455571,90.4039194014252,0.00000323543732
779,left road,779,-2.60500001907349,0.0,6.59999990463257,-2.54999995231628,0.0,-0.34999999403954,-2.60500001907349,0.0,6.59999990463257,5.87973546981812,1.20477902889252,-1.33747363090515,5.31612730026245,1.1247501373291,-0.81021702289581,"(5.316127, 1.12475, -0.810217)",truck body CS,11.6809978485107,0.1,5.87973546981812,1.20477902889252,-1.33747363090515,-0.00001581455571,90.4039194014252,0.00000323543732
780,left road,780,-2.50500011444092,0.0,6.59999990463257,-2.45000004768372,0.0,-0.34999999403954,-2.50500011444092,0.0,6.59999990463257,5.87973546981812,1.20477902889252,-1.33747363090515,5.31769466400146,1.12402105331421,-0.80541318655014,"(5.317695, 1.124021, -0.805413)",truck body CS,11.6085643768311,0.1,5.87973546981812,1.20477902889252,-1.33747363090515,-0.00001581455571,90.4039194014252,0.00000323543732
781,left road,781,-2.40499997138977,0.0,6.59999990463257,-2.34999990463257,0.0,-0.34999999403954,-2.40499997138977,0.0,6.59999990463257,5.87973546981812,1.20477902889252,-1.33747363090515,5.31929111480713,1.12327837944031,-0.80051988363266,"(5.319291, 1.123278, -0.80052)",truck body CS,11.5365428924561,0.1,5.87973546981812,1.20477902889252,-1.33747363090515,-0.00001581455571,90.4039194014252,0.00000323543732
782,left road,782,-2.3050000667572,0.0,6.59999990463257,-2.25,0.0,-0.34999999403954,-2.3050000667572,0.0,6.59999990463257,5.87973546981812,1.20477902889252,-1.33747363090515,5.32091760635376,1.12252199649811,-0.79553705453873,"(5.320918, 1.122522, -0.795537)",truck body CS,11.4649410247803,0.1,5.87973546981812,1.20477902889252,-1.33747363090515,-0.00001581455571,90.4039194014252,0.00000323543732
783,left road,783,-2.20500016212463,0.0,6.59999990463257,-2.15000009536743,0.0,-0.34999999403954,-2.20500016212463,0.0,6.59999990463257,5.87973546981812,1.20477902889252,-1.33747363090515,5.3225736618042,1.12175130844116,-0.79045981168747,"(5.322574, 1.121751, -0.79046)",truck body CS,11.3937673568726,0.1,5.87973546981812,1.20477902889252,-1.33747363090515,-0.00001581455571,90.4039194014252,0.00000323543732
784,left road,784,-2.10500001907349,0.0,6.59999990463257,-2.04999995231628,0.0,-0.34999999403954,-2.10500001907349,0.0,6.59999990463257,5.87973546981812,1.20477902889252,-1.33747363090515,5.3242621421814,1.12096619606018,-0.78528755903244,"(5.324262, 1.120966, -0.785288)",truck body CS,11.3230285644531,0.1,5.87973546981812,1.20477902889252,-1.33747363090515,-0.00001581455571,90.4039194014252,0.00000323543732
785,left road,785,-2.00500011444092,0.0,6.59999990463257,-1.95000004768372,0.0,-0.34999999403954,-2.00500011444092,0.0,6.59999990463257,5.87973546981812,1.20477902889252,-1.33747363090515,5.32598352432251,1.12016630172729,-0.78001672029495,"(5.325984, 1.120166, -0.780017)",truck body CS,11.2527341842651,0.1,5.87973546981812,1.20477902889252,-1.33747363090515,-0.00001581455571,90.4039194014252,0.00000323543732
786,left road,786,-1.90499997138977,0.0,6.59999990463257,-1.85000002384186,0.0,-0.34999999403954,-1.90499997138977,0.0,6.59999990463257,5.87973546981812,1.20477902889252,-1.33747363090515,5.32850933074951,1.11947011947632,-0.77543145418167,"(5.328509, 1.11947, -0.775431)",truck body CS,11.1828927993774,0.1,5.87973546981812,1.20477902889252,-1.33747363090515,-0.00001581455571,90.4039194014252,0.00000323543732
787,left road,787,-1.80499994754791,0.0,6.59999990463257,-1.75,0.0,-0.34999999403954,-1.80499994754791,0.0,6.59999990463257,5.87973546981812,1.20477902889252,-1.33747363090515,5.33177995681763,1.11887288093567,-0.77149593830109,"(5.33178, 1.118873, -0.771496)",truck body CS,11.1135110855103,0.1,5.87973546981812,1.20477902889252,-1.33747363090515,-0.00001581455571,90.4039194014252,0.00000323543732
788,left road,788,-1.70499992370605,0.0,6.59999990463257,-1.64999997615814,0.0,-0.34999999403954,-1.70499992370605,0.0,6.59999990463257,5.87973546981812,1.20477902889252,-1.33747363090515,5.33509874343872,1.11826753616333,-0.76750701665878,"(5.335099, 1.118268, -0.767507)",truck body CS,11.0445995330811,0.1,5.87973546981812,1.20477902889252,-1.33747363090515,-0.00001581455571,90.4039194014252,0.00000323543732
789,left road,789,-1.6049998998642,0.0,6.59999990463257,-1.54999995231628,0.0,-0.34999999403954,-1.6049998998642,0.0,6.59999990463257,5.87973546981812,1.20477902889252,-1.33747363090515,5.33846282958984,1.11765313148499,-0.76345992088318,"(5.338463, 1.117653, -0.76346)",truck body CS,10.9761667251587,0.1,5.87973546981812,1.20477902889252,-1.33747363090515,-0.00001581455571,90.4039194014252,0.00000323543732
790,left road,790,-1.50499999523163,0.0,6.59999990463257,-1.45000004768372,0.0,-0.34999999403954,-1.50499999523163,0.0,6.59999990463257,5.87973546981812,1.20477902889252,-1.33747363090515,5.34187650680542,1.11703026294708,-0.75935631990433,"(5.341877, 1.11703, -0.759356)",truck body CS,10.908221244812,0.1,5.87973546981812,1.20477902889252,-1.33747363090515,-0.00001581455571,90.4039194014252,0.00000323543732
791,left road,791,-1.40499997138977,0.0,6.59999990463257,-1.35000002384186,0.0,-0.34999999403954,-1.40499997138977,0.0,6.59999990463257,5.87973546981812,1.20477902889252,-1.33747363090515,5.34533977508545,1.11639833450317,-0.75519329309464,"(5.34534, 1.116398, -0.755193)",truck body CS,10.8407726287842,0.1,5.87973546981812,1.20477902889252,-1.33747363090515,-0.00001581455571,90.4039194014252,0.00000323543732
792,left road,792,-1.30499994754791,0.0,6.59999990463257,-1.25,0.0,-0.34999999403954,-1.30499994754791,0.0,6.59999990463257,5.87973546981812,1.20477902889252,-1.33747363090515,5.34885311126709,1.11575746536255,-0.75097018480301,"(5.348853, 1.115757, -0.75097)",truck body CS,10.773829460144,0.1,5.87973546981812,1.20477902889252,-1.33747363090515,-0.00001581455571,90.4039194014252,0.00000323543732
793,left road,793,-1.20499992370605,0.0,6.59999990463257,-1.14999997615814,0.0,-0.34999999403954,-1.20499992370605,0.0,6.59999990463257,5.87973546981812,1.20477902889252,-1.33747363090515,5.35241651535034,1.11510694026947,-0.74668455123901,"(5.352417, 1.115107, -0.746685)",truck body CS,10.7074022293091,0.1,5.87973546981812,1.20477902889252,-1.33747363090515,-0.00001581455571,90.4039194014252,0.00000323543732
794,left road,794,-1.1049998998642,0.0,6.59999990463257,-1.04999995231628,0.0,-0.34999999403954,-1.1049998998642,0.0,6.59999990463257,5.87973546981812,1.20477902889252,-1.33747363090515,5.35603284835815,1.11444699764252,-0.7423357963562,"(5.356033, 1.114447, -0.742336)",truck body CS,10.6414985656738,0.1,5.87973546981812,1.20477902889252,-1.33747363090515,-0.00001581455571,90.4039194014252,0.00000323543732
795,left road,795,-1.00499999523163,0.0,6.59999990463257,-0.94999998807907,0.0,-0.34999999403954,-1.00499999523163,0.0,6.59999990463257,5.87973546981812,1.20477902889252,-1.33747363090515,5.35970449447632,1.11377739906311,-0.73792403936386,"(5.359704, 1.113777, -0.737924)",truck body CS,10.5761318206787,0.1,5.87973546981812,1.20477902889252,-1.33747363090515,-0.00001581455571,90.4039194014252,0.00000323543732
796,left road,796,-0.90500003099442,0.0,6.59999990463257,-0.85000002384186,0.0,-0.34999999403954,-0.90500003099442,0.0,6.59999990463257,5.87973546981812,1.20477902889252,-1.33747363090515,5.36343002319336,1.1130975484848,-0.73344612121582,"(5.36343, 1.113098, -0.733446)",truck body CS,10.5113086700439,0.1,5.87973546981812,1.20477902889252,-1.33747363090515,-0.00001581455571,90.4039194014252,0.00000323543732
797,left road,797,-0.80500000715256,0.0,6.59999990463257,-0.75,0.0,-0.34999999403954,-0.80500000715256,0.0,6.59999990463257,5.87973546981812,1.20477902889252,-1.33747363090515,5.36721038818359,1.11240744590759,-0.72889894247055,"(5.36721, 1.112407, -0.728899)",truck body CS,10.4470405578613,0.1,5.87973546981812,1.20477902889252,-1.33747363090515,-0.00001581455571,90.4039194014252,0.00000323543732
798,left road,798,-0.7049999833107,0.0,6.59999990463257,-0.64999997615814,0.0,-0.34999999403954,-0.7049999833107,0.0,6.59999990463257,5.87973546981812,1.20477902889252,-1.33747363090515,5.37104892730713,1.11170697212219,-0.72428447008133,"(5.371049, 1.111707, -0.724284)",truck body CS,10.3833389282227,0.1,5.87973546981812,1.20477902889252,-1.33747363090515,-0.00001581455571,90.4039194014252,0.00000323543732
799,left road,799,-0.60500001907349,0.0,6.59999990463257,-0.55000001192093,0.0,-0.34999999403954,-0.60500001907349,0.0,6.59999990463257,5.87973546981812,1.20477902889252,-1.33747363090515,5.37494659423828,1.11099588871002,-0.71959900856018,"(5.374947, 1.110996, -0.719599)",truck body CS,10.3202123641968,0.1,5.87973546981812,1.20477902889252,-1.33747363090515,-0.00001581455571,90.4039194014252,0.00000323543732
800,left road,800,-0.50499999523163,0.0,6.59999990463257,-0.44999998807907,0.0,-0.34999999403954,-0.50499999523163,0.0,6.59999990463257,5.87973546981812,1.20477902889252,-1.33747363090515,5.37890481948853,1.11027383804321,-0.71484196186066,"(5.378905, 1.110274, -0.714842)",truck body CS,10.2576713562012,0.1,5.87973546981812,1.20477902889252,-1.33747363090515,-0.00001581455571,90.4039194014252,0.00000323543732
801,left road,801,-0.40500000119209,0.0,6.59999990463257,-0.34999999403954,0.0,-0.34999999403954,-0.40500000119209,0.0,6.59999990463257,5.87973546981812,1.20477902889252,-1.33747363090515,5.38292217254639,1.10954034328461,-0.71000969409943,"(5.382922, 1.10954, -0.71001)",truck body CS,10.195728302002,0.1,5.87973546981812,1.20477902889252,-1.33747363090515,-0.00001581455571,90.4039194014252,0.00000323543732
802,left road,802,-0.30500000715256,0.0,6.59999990463257,-0.25,0.0,-0.34999999403954,-0.30500000715256,0.0,6.59999990463257,5.87973546981812,1.20477902889252,-1.33747363090515,5.38700389862061,1.10879552364349,-0.70510268211365,"(5.387004, 1.108796, -0.705103)",truck body CS,10.1343927383423,0.1,5.87973546981812,1.20477902889252,-1.33747363090515,-0.00001581455571,90.4039194014252,0.00000323543732
803,left road,803,-0.20500001311302,0.0,6.59999990463257,-0.15000000596046,0.0,-0.34999999403954,-0.20500001311302,0.0,6.59999990463257,5.87973546981812,1.20477902889252,-1.33747363090515,5.39115047454834,1.10803890228271,-0.70011878013611,"(5.39115, 1.108039, -0.700119)",truck body CS,10.0736780166626,0.1,5.87973546981812,1.20477902889252,-1.33747363090515,-0.00001581455571,90.4039194014252,0.00000323543732
804,left road,804,-0.10500000417233,0.0,6.59999990463257,-0.05000000074506,0.0,-0.34999999403954,-0.10500000417233,0.0,6.59999990463257,5.87973546981812,1.20477902889252,-1.33747363090515,5.39536046981812,1.1072701215744,-0.69505286216736,"(5.39536, 1.10727, -0.695053)",truck body CS,10.0135927200317,0.1,5.87973546981812,1.20477902889252,-1.33747363090515,-0.00001581455571,90.4039194014252,0.00000323543732
805,left road,805,-0.00499999895692,0.0,6.59999990463257,0.05000000074506,0.0,-0.34999999403954,-0.00499999895692,0.0,6.59999990463257,5.87973546981812,1.20477902889252,-1.33747363090515,5.40393304824829,1.1073682308197,-0.69569849967957,"(5.403933, 1.107368, -0.695698)",truck body CS,9.95414924621582,0.1,5.87973546981812,1.20477902889252,-1.33747363090515,-0.00001581455571,90.4039194014252,0.00000323543732
806,left road,806,0.09500000625849,0.0,6.59999990463257,0.15000000596046,0.0,-0.34999999403954,0.09500000625849,0.0,6.59999990463257,5.87973546981812,1.20477902889252,-1.33747363090515,5.41281127929688,1.10753333568573,-0.69678711891174,"(5.412811, 1.107533, -0.696787)",truck body CS,9.89535903930664,0.1,5.87973546981812,1.20477902889252,-1.33747363090515,-0.00001581455571,90.4039194014252,0.00000323543732
807,left road,807,0.19499999284744,0.0,6.59999990463257,0.25,0.0,-0.34999999403954,0.19499999284744,0.0,6.59999990463257,5.87973546981812,1.20477902889252,-1.33747363090515,5.42165946960449,1.10769784450531,-0.69787049293518,"(5.421659, 1.107698, -0.69787)",truck body CS,9.83723545074463,0.1,5.87973546981812,1.20477902889252,-1.33747363090515,-0.00001581455571,90.4039194014252,0.00000323543732
808,left road,808,0.29499998688698,0.0,6.59999990463257,0.34999999403954,0.0,-0.34999999403954,0.29499998688698,0.0,6.59999990463257,5.87973546981812,1.20477902889252,-1.33747363090515,5.43047952651978,1.10786211490631,-0.69895374774933,"(5.43048, 1.107862, -0.698954)",truck body CS,9.77978706359863,0.1,5.87973546981812,1.20477902889252,-1.33747363090515,-0.00001581455571,90.4039194014252,0.00000323543732
809,left road,809,0.39499998092651,0.0,6.59999990463257,0.44999998807907,0.0,-0.34999999403954,0.39499998092651,0.0,6.59999990463257,5.87973546981812,1.20477902889252,-1.33747363090515,5.43926906585693,1.10802602767944,-0.70003259181976,"(5.439269, 1.108026, -0.700033)",truck body CS,9.72302913665771,0.1,5.87973546981812,1.20477902889252,-1.33747363090515,-0.00001581455571,90.4039194014252,0.00000323543732
810,left road,810,0.49500000476837,0.0,6.59999990463257,0.55000001192093,0.0,-0.34999999403954,0.49500000476837,0.0,6.59999990463257,5.87973546981812,1.20477902889252,-1.33747363090515,5.45192193984985,1.10906004905701,-0.70684635639191,"(5.451922, 1.10906, -0.706846)",truck body CS,9.66697216033936,0.1,5.87973546981812,1.20477902889252,-1.33747363090515,-0.00001581455571,90.4039194014252,0.00000323543732
811,left road,811,0.59499996900558,0.0,6.59999990463257,0.64999997615814,0.0,-0.34999999403954,0.59499996900558,0.0,6.59999990463257,5.87973546981812,1.20477902889252,-1.33747363090515,5.84628868103027,1.19715404510498,-1.28723692893982,"(5.846289, 1.197154, -1.287237)",EyeArea,9.61162853240967,0.1,5.87973546981812,1.20477902889252,-1.33747363090515,-0.00001581455571,90.4039194014252,0.00000323543732
812,left road,812,0.69499999284744,0.0,6.59999990463257,0.75,0.0,-0.34999999403954,0.69499999284744,0.0,6.59999990463257,5.87973546981812,1.20477902889252,-1.33747363090515,5.84692430496216,1.19715476036072,-1.28724145889282,"(5.846924, 1.197155, -1.287241)",EyeArea,9.55701065063477,0.1,5.87973546981812,1.20477902889252,-1.33747363090515,-0.00001581455571,90.4039194014252,0.00000323543732
813,left road,813,0.7950000166893,0.0,6.59999990463257,0.85000002384186,0.0,-0.34999999403954,0.7950000166893,0.0,6.59999990463257,5.87973546981812,1.20477902889252,-1.33747363090515,5.84755992889404,1.19715523719788,-1.28724598884583,"(5.84756, 1.197155, -1.287246)",EyeArea,9.50313186645508,0.1,5.87973546981812,1.20477902889252,-1.33747363090515,-0.00001581455571,90.4039194014252,0.00000323543732
814,left road,814,0.89499998092651,0.0,6.59999990463257,0.94999998807907,0.0,-0.34999999403954,0.89499998092651,0.0,6.59999990463257,5.87973546981812,1.20477902889252,-1.33747363090515,5.84819555282593,1.19715595245361,-1.28725039958954,"(5.848196, 1.197156, -1.28725)",EyeArea,9.4500036239624,0.1,5.87973546981812,1.20477902889252,-1.33747363090515,-0.00001581455571,90.4039194014252,0.00000323543732
815,left road,815,0.99499994516373,0.0,6.59999990463257,1.04999995231628,0.0,-0.34999999403954,0.99499994516373,0.0,6.59999990463257,5.87973546981812,1.20477902889252,-1.33747363090515,5.84883117675781,1.19715666770935,-1.28725492954254,"(5.848831, 1.197157, -1.287255)",EyeArea,9.39763832092285,0.1,5.87973546981812,1.20477902889252,-1.33747363090515,-0.00001581455571,90.4039194014252,0.00000323543732
816,left road,816,1.09500002861023,0.0,6.59999990463257,1.14999997615814,0.0,-0.34999999403954,1.09500002861023,0.0,6.59999990463257,5.87973546981812,1.20477902889252,-1.33747363090515,5.84946727752686,1.19715738296509,-1.28725934028625,"(5.849467, 1.197157, -1.287259)",EyeArea,9.34605121612549,0.1,5.87973546981812,1.20477902889252,-1.33747363090515,-0.00001581455571,90.4039194014252,0.00000323543732
817,left road,817,1.19500005245209,0.0,6.59999990463257,1.25,0.0,-0.34999999403954,1.19500005245209,0.0,6.59999990463257,5.87973546981812,1.20477902889252,-1.33747363090515,5.85010147094727,1.19715809822083,-1.28726387023926,"(5.850101, 1.197158, -1.287264)",EyeArea,9.29525279998779,0.1,5.87973546981812,1.20477902889252,-1.33747363090515,-0.00001581455571,90.4039194014252,0.00000323543732
818,left road,818,1.29500007629395,0.0,6.59999990463257,1.35000002384186,0.0,-0.34999999403954,1.29500007629395,0.0,6.59999990463257,5.87973546981812,1.20477902889252,-1.33747363090515,5.85073614120483,1.19715869426727,-1.28726828098297,"(5.850736, 1.197159, -1.287268)",EyeArea,9.24525737762451,0.1,5.87973546981812,1.20477902889252,-1.33747363090515,-0.00001581455571,90.4039194014252,0.00000323543732
819,left road,819,1.3950001001358,0.0,6.59999990463257,1.45000004768372,0.0,-0.34999999403954,1.3950001001358,0.0,6.59999990463257,5.87973546981812,1.20477902889252,-1.33747363090515,5.85137128829956,1.19715940952301,-1.28727281093597,"(5.851371, 1.197159, -1.287273)",EyeArea,9.19607639312744,0.1,5.87973546981812,1.20477902889252,-1.33747363090515,-0.00001581455571,90.4039194014252,0.00000323543732
820,left road,820,1.49500000476837,0.0,6.59999990463257,1.54999995231628,0.0,-0.34999999403954,1.49500000476837,0.0,6.59999990463257,5.87973546981812,1.20477902889252,-1.33747363090515,5.85200643539429,1.19716012477875,-1.28727734088898,"(5.852006, 1.19716, -1.287277)",EyeArea,9.14772510528564,0.1,5.87973546981812,1.20477902889252,-1.33747363090515,-0.00001581455571,90.4039194014252,0.00000323543732
821,left road,821,1.59500002861023,0.0,6.59999990463257,1.64999997615814,0.0,-0.34999999403954,1.59500002861023,0.0,6.59999990463257,5.87973546981812,1.20477902889252,-1.33747363090515,5.85264205932617,1.19716084003448,-1.28728175163269,"(5.852642, 1.197161, -1.287282)",EyeArea,9.10021591186523,0.1,5.87973546981812,1.20477902889252,-1.33747363090515,-0.00001581455571,90.4039194014252,0.00000323543732
822,left road,822,1.69500005245209,0.0,6.59999990463257,1.75,0.0,-0.34999999403954,1.69500005245209,0.0,6.59999990463257,5.87973546981812,1.20477902889252,-1.33747363090515,5.85327577590942,1.19716143608093,-1.28728628158569,"(5.853276, 1.197161, -1.287286)",EyeArea,9.05356216430664,0.1,5.87973546981812,1.20477902889252,-1.33747363090515,-0.00001581455571,90.4039194014252,0.00000323543732
823,left road,823,1.79500007629395,0.0,6.59999990463257,1.85000002384186,0.0,-0.34999999403954,1.79500007629395,0.0,6.59999990463257,5.87973546981812,1.20477902889252,-1.33747363090515,5.85391044616699,1.19716215133667,-1.28729069232941,"(5.85391, 1.197162, -1.287291)",EyeArea,9.00777626037598,0.1,5.87973546981812,1.20477902889252,-1.33747363090515,-0.00001581455571,90.4039194014252,0.00000323543732
824,left road,824,1.8950001001358,0.0,6.59999990463257,1.95000004768372,0.0,-0.34999999403954,1.8950001001358,0.0,6.59999990463257,5.87973546981812,1.20477902889252,-1.33747363090515,5.85454511642456,1.19716274738312,-1.28729522228241,"(5.854545, 1.197163, -1.287295)",EyeArea,8.96287250518799,0.1,5.87973546981812,1.20477902889252,-1.33747363090515,-0.00001581455571,90.4039194014252,0.00000323543732
825,left road,825,1.99500000476837,0.0,6.59999990463257,2.04999995231628,0.0,-0.34999999403954,1.99500000476837,0.0,6.59999990463257,5.87973546981812,1.20477902889252,-1.33747363090515,5.85517978668213,1.19716358184814,-1.28729963302612,"(5.85518, 1.197164, -1.2873)",EyeArea,8.91886425018311,0.1,5.87973546981812,1.20477902889252,-1.33747363090515,-0.00001581455571,90.4039194014252,0.00000323543732
826,left road,826,2.09500002861023,0.0,6.59999990463257,2.15000009536743,0.0,-0.34999999403954,2.09500002861023,0.0,6.59999990463257,5.87973546981812,1.20477902889252,-1.33747363090515,5.85581398010254,1.19716417789459,-1.28730416297913,"(5.855814, 1.197164, -1.287304)",EyeArea,8.87576484680176,0.1,5.87973546981812,1.20477902889252,-1.33747363090515,-0.00001581455571,90.4039194014252,0.00000323543732
827,left road,827,2.1949999332428,0.0,6.59999990463257,2.25,0.0,-0.34999999403954,2.1949999332428,0.0,6.59999990463257,5.87973546981812,1.20477902889252,-1.33747363090515,5.85644817352295,1.19716489315033,-1.28730857372284,"(5.856448, 1.197165, -1.287309)",EyeArea,8.83358669281006,0.1,5.87973546981812,1.20477902889252,-1.33747363090515,-0.00001581455571,90.4039194014252,0.00000323543732
828,left road,828,2.29499983787537,0.0,6.59999990463257,2.34999990463257,0.0,-0.34999999403954,2.29499983787537,0.0,6.59999990463257,5.87973546981812,1.20477902889252,-1.33747363090515,5.8570818901062,1.19716548919678,-1.28731310367584,"(5.857082, 1.197165, -1.287313)",EyeArea,8.79234313964844,0.1,5.87973546981812,1.20477902889252,-1.33747363090515,-0.00001581455571,90.4039194014252,0.00000323543732
829,left road,829,2.39499998092651,0.0,6.59999990463257,2.45000004768372,0.0,-0.34999999403954,2.39499998092651,0.0,6.59999990463257,5.87973546981812,1.20477902889252,-1.33747363090515,5.85771560668945,1.19716620445251,-1.28731751441956,"(5.857716, 1.197166, -1.287318)",EyeArea,8.75204849243164,0.1,5.87973546981812,1.20477902889252,-1.33747363090515,-0.00001581455571,90.4039194014252,0.00000323543732
830,left road,830,2.49499988555908,0.0,6.59999990463257,2.54999995231628,0.0,-0.34999999403954,2.49499988555908,0.0,6.59999990463257,5.87973546981812,1.20477902889252,-1.33747363090515,5.85834980010986,1.19716691970825,-1.28732204437256,"(5.85835, 1.197167, -1.287322)",EyeArea,8.71271514892578,0.1,5.87973546981812,1.20477902889252,-1.33747363090515,-0.00001581455571,90.4039194014252,0.00000323543732
831,left road,831,2.59500002861023,0.0,6.59999990463257,2.65000009536743,0.0,-0.34999999403954,2.59500002861023,0.0,6.59999990463257,5.87973546981812,1.20477902889252,-1.33747363090515,5.85898303985596,1.1971675157547,-1.28732645511627,"(5.858983, 1.197168, -1.287326)",EyeArea,8.67435646057129,0.1,5.87973546981812,1.20477902889252,-1.33747363090515,-0.00001581455571,90.4039194014252,0.00000323543732
832,left road,832,2.6949999332428,0.0,6.59999990463257,2.75,0.0,-0.34999999403954,2.6949999332428,0.0,6.59999990463257,5.87973546981812,1.20477902889252,-1.33747363090515,5.85961675643921,1.19716823101044,-1.28733098506927,"(5.859617, 1.197168, -1.287331)",EyeArea,8.63698577880859,0.1,5.87973546981812,1.20477902889252,-1.33747363090515,-0.00001581455571,90.4039194014252,0.00000323543732
833,left road,833,2.79499983787537,0.0,6.59999990463257,2.84999990463257,0.0,-0.34999999403954,2.79499983787537,0.0,6.59999990463257,5.87973546981812,1.20477902889252,-1.33747363090515,5.86025047302246,1.19716882705688,-1.28733539581299,"(5.86025, 1.197169, -1.287335)",EyeArea,8.60061454772949,0.1,5.87973546981812,1.20477902889252,-1.33747363090515,-0.00001581455571,90.4039194014252,0.00000323543732
834,left road,834,2.89499998092651,0.0,6.59999990463257,2.95000004768372,0.0,-0.34999999403954,2.89499998092651,0.0,6.59999990463257,5.87973546981812,1.20477902889252,-1.33747363090515,5.86088371276855,1.19716966152191,-1.28733992576599,"(5.860884, 1.19717, -1.28734)",EyeArea,8.56525611877441,0.1,5.87973546981812,1.20477902889252,-1.33747363090515,-0.00001581455571,90.4039194014252,0.00000323543732
835,left road,835,2.99499988555908,0.0,6.59999990463257,3.04999995231628,0.0,-0.34999999403954,2.99499988555908,0.0,6.59999990463257,5.87973546981812,1.20477902889252,-1.33747363090515,5.86151695251465,1.19717025756836,-1.2873443365097,"(5.861517, 1.19717, -1.287344)",EyeArea,8.53092479705811,0.1,5.87973546981812,1.20477902889252,-1.33747363090515,-0.00001581455571,90.4039194014252,0.00000323543732
836,left road,836,3.09500002861023,0.0,6.59999990463257,3.15000009536743,0.0,-0.34999999403954,3.09500002861023,0.0,6.59999990463257,5.87973546981812,1.20477902889252,-1.33747363090515,5.86215019226074,1.1971709728241,-1.28734874725342,"(5.86215, 1.197171, -1.287349)",EyeArea,8.49763011932373,0.1,5.87973546981812,1.20477902889252,-1.33747363090515,-0.00001581455571,90.4039194014252,0.00000323543732
837,left road,837,3.1949999332428,0.0,6.59999990463257,3.25,0.0,-0.34999999403954,3.1949999332428,0.0,6.59999990463257,5.87973546981812,1.20477902889252,-1.33747363090515,5.86278295516968,1.19717156887054,-1.28735327720642,"(5.862783, 1.197172, -1.287353)",EyeArea,8.46538734436035,0.1,5.87973546981812,1.20477902889252,-1.33747363090515,-0.00001581455571,90.4039194014252,0.00000323543732
838,left road,838,3.29499983787537,0.0,6.59999990463257,3.34999990463257,0.0,-0.34999999403954,3.29499983787537,0.0,6.59999990463257,5.87973546981812,1.20477902889252,-1.33747363090515,5.86341571807861,1.19717228412628,-1.28735768795013,"(5.863416, 1.197172, -1.287358)",EyeArea,8.43420600891113,0.1,5.87973546981812,1.20477902889252,-1.33747363090515,-0.00001581455571,90.4039194014252,0.00000323543732
839,left road,839,3.39499998092651,0.0,6.59999990463257,3.45000004768372,0.0,-0.34999999403954,3.39499998092651,0.0,6.59999990463257,5.87973546981812,1.20477902889252,-1.33747363090515,5.86404895782471,1.19717299938202,-1.28736221790314,"(5.864049, 1.197173, -1.287362)",EyeArea,8.4040994644165,0.1,5.87973546981812,1.20477902889252,-1.33747363090515,-0.00001581455571,90.4039194014252,0.00000323543732
840,left road,840,-3.50500011444092,0.0,6.69999980926514,-3.45000004768372,0.0,-0.25,-3.50500011444092,0.0,6.69999980926514,5.87973546981812,1.20477902889252,-1.33747363090515,5.8300347328186,1.19839859008789,-1.29490828514099,"(5.830035, 1.198399, -1.294908)",EyeArea,12.4147386550903,0.1,5.87973546981812,1.20477902889252,-1.33747363090515,-0.00001581455571,90.4039194014252,0.00000323543732
841,left road,841,-3.40499997138977,0.0,6.69999980926514,-3.34999990463257,0.0,-0.25,-3.40499997138977,0.0,6.69999980926514,5.87973546981812,1.20477902889252,-1.33747363090515,5.31805229187012,1.13189554214478,-0.85124397277832,"(5.318052, 1.131896, -0.851244)",truck body CS,12.339319229126,0.1,5.87973546981812,1.20477902889252,-1.33747363090515,-0.00001581455571,90.4039194014252,0.00000323543732
842,left road,842,-3.3050000667572,0.0,6.69999980926514,-3.25,0.0,-0.25,-3.3050000667572,0.0,6.69999980926514,5.87973546981812,1.20477902889252,-1.33747363090515,5.31644916534424,1.13089168071747,-0.84454715251923,"(5.316449, 1.130892, -0.844547)",truck body CS,12.2642498016357,0.1,5.87973546981812,1.20477902889252,-1.33747363090515,-0.00001581455571,90.4039194014252,0.00000323543732
843,left road,843,-3.20500016212463,0.0,6.69999980926514,-3.15000009536743,0.0,-0.25,-3.20500016212463,0.0,6.69999980926514,5.87973546981812,1.20477902889252,-1.33747363090515,5.31569337844849,1.12997817993164,-0.83845257759094,"(5.315693, 1.129978, -0.838453)",truck body CS,12.1895408630371,0.1,5.87973546981812,1.20477902889252,-1.33747363090515,-0.00001581455571,90.4039194014252,0.00000323543732
844,left road,844,-3.10500001907349,0.0,6.69999980926514,-3.04999995231628,0.0,-0.25,-3.10500001907349,0.0,6.69999980926514,5.87973546981812,1.20477902889252,-1.33747363090515,5.31569194793701,1.12914538383484,-0.83289736509323,"(5.315692, 1.129145, -0.832897)",truck body CS,12.115195274353,0.1,5.87973546981812,1.20477902889252,-1.33747363090515,-0.00001581455571,90.4039194014252,0.00000323543732
845,left road,845,-3.00500011444092,0.0,6.69999980926514,-2.95000004768372,0.0,-0.25,-3.00500011444092,0.0,6.69999980926514,5.87973546981812,1.20477902889252,-1.33747363090515,5.31568717956543,1.12829351425171,-0.82721400260925,"(5.315687, 1.128294, -0.827214)",truck body CS,12.041220664978,0.1,5.87973546981812,1.20477902889252,-1.33747363090515,-0.00001581455571,90.4039194014252,0.00000323543732
846,left road,846,-2.90499997138977,0.0,6.69999980926514,-2.84999990463257,0.0,-0.25,-2.90499997138977,0.0,6.69999980926514,5.87973546981812,1.20477902889252,-1.33747363090515,5.31568288803101,1.12742221355438,-0.82140123844147,"(5.315683, 1.127422, -0.821401)",truck body CS,11.967625617981,0.1,5.87973546981812,1.20477902889252,-1.33747363090515,-0.00001581455571,90.4039194014252,0.00000323543732
847,left road,847,-2.8050000667572,0.0,6.69999980926514,-2.75,0.0,-0.25,-2.8050000667572,0.0,6.69999980926514,5.87973546981812,1.20477902889252,-1.33747363090515,5.31568002700806,1.12653124332428,-0.81545716524124,"(5.31568, 1.126531, -0.815457)",truck body CS,11.8944149017334,0.1,5.87973546981812,1.20477902889252,-1.33747363090515,-0.00001581455571,90.4039194014252,0.00000323543732
848,left road,848,-2.70500016212463,0.0,6.69999980926514,-2.65000009536743,0.0,-0.25,-2.70500016212463,0.0,6.69999980926514,5.87973546981812,1.20477902889252,-1.33747363090515,5.31696939468384,1.12580060958862,-0.81058245897293,"(5.316969, 1.125801, -0.810582)",truck body CS,11.8215970993042,0.1,5.87973546981812,1.20477902889252,-1.33747363090515,-0.00001581455571,90.4039194014252,0.00000323543732
849,left road,849,-2.60500001907349,0.0,6.69999980926514,-2.54999995231628,0.0,-0.25,-2.60500001907349,0.0,6.69999980926514,5.87973546981812,1.20477902889252,-1.33747363090515,5.31852436065674,1.12509047985077,-0.80584567785263,"(5.318524, 1.12509, -0.805846)",truck body CS,11.7491788864136,0.1,5.87973546981812,1.20477902889252,-1.33747363090515,-0.00001581455571,90.4039194014252,0.00000323543732
850,left road,850,-2.50500011444092,0.0,6.69999980926514,-2.45000004768372,0.0,-0.25,-2.50500011444092,0.0,6.69999980926514,5.87973546981812,1.20477902889252,-1.33747363090515,5.32010650634766,1.12436747550964,-0.80102306604385,"(5.320107, 1.124367, -0.801023)",truck body CS,11.6771688461304,0.1,5.87973546981812,1.20477902889252,-1.33747363090515,-0.00001581455571,90.4039194014252,0.00000323543732
851,left road,851,-2.40499997138977,0.0,6.69999980926514,-2.34999990463257,0.0,-0.25,-2.40499997138977,0.0,6.69999980926514,5.87973546981812,1.20477902889252,-1.33747363090515,5.32171821594238,1.12363123893738,-0.79611086845398,"(5.321718, 1.123631, -0.796111)",truck body CS,11.6055736541748,0.1,5.87973546981812,1.20477902889252,-1.33747363090515,-0.00001581455571,90.4039194014252,0.00000323543732
852,left road,852,-2.3050000667572,0.0,6.69999980926514,-2.25,0.0,-0.25,-2.3050000667572,0.0,6.69999980926514,5.87973546981812,1.20477902889252,-1.33747363090515,5.32336044311523,1.12288165092468,-0.79110991954803,"(5.32336, 1.122882, -0.79111)",truck body CS,11.5343990325928,0.1,5.87973546981812,1.20477902889252,-1.33747363090515,-0.00001581455571,90.4039194014252,0.00000323543732
853,left road,853,-2.20500016212463,0.0,6.69999980926514,-2.15000009536743,0.0,-0.25,-2.20500016212463,0.0,6.69999980926514,5.87973546981812,1.20477902889252,-1.33747363090515,5.32503223419189,1.12211775779724,-0.78601318597794,"(5.325032, 1.122118, -0.786013)",truck body CS,11.4636573791504,0.1,5.87973546981812,1.20477902889252,-1.33747363090515,-0.00001581455571,90.4039194014252,0.00000323543732
854,left road,854,-2.10500001907349,0.0,6.69999980926514,-2.04999995231628,0.0,-0.25,-2.10500001907349,0.0,6.69999980926514,5.87973546981812,1.20477902889252,-1.33747363090515,5.32673645019531,1.12133955955505,-0.78082156181335,"(5.326736, 1.12134, -0.780822)",truck body CS,11.3933525085449,0.1,5.87973546981812,1.20477902889252,-1.33747363090515,-0.00001581455571,90.4039194014252,0.00000323543732
855,left road,855,-2.00500011444092,0.0,6.69999980926514,-1.95000004768372,0.0,-0.25,-2.00500011444092,0.0,6.69999980926514,5.87973546981812,1.20477902889252,-1.33747363090515,5.32919931411743,1.12065768241882,-0.77627247571945,"(5.329199, 1.120658, -0.776272)",truck body CS,11.3234949111938,0.1,5.87973546981812,1.20477902889252,-1.33747363090515,-0.00001581455571,90.4039194014252,0.00000323543732
856,left road,856,-1.90499997138977,0.0,6.69999980926514,-1.85000002384186,0.0,-0.25,-1.90499997138977,0.0,6.69999980926514,5.87973546981812,1.20477902889252,-1.33747363090515,5.33242893218994,1.12007689476013,-0.77239769697189,"(5.332429, 1.120077, -0.772398)",truck body CS,11.2540922164917,0.1,5.87973546981812,1.20477902889252,-1.33747363090515,-0.00001581455571,90.4039194014252,0.00000323543732
857,left road,857,-1.80499994754791,0.0,6.69999980926514,-1.75,0.0,-0.25,-1.80499994754791,0.0,6.69999980926514,5.87973546981812,1.20477902889252,-1.33747363090515,5.33570528030396,1.11948823928833,-0.7684720158577,"(5.335705, 1.119488, -0.768472)",truck body CS,11.185152053833,0.1,5.87973546981812,1.20477902889252,-1.33747363090515,-0.00001581455571,90.4039194014252,0.00000323543732
858,left road,858,-1.70499992370605,0.0,6.69999980926514,-1.64999997615814,0.0,-0.25,-1.70499992370605,0.0,6.69999980926514,5.87973546981812,1.20477902889252,-1.33747363090515,5.33902740478516,1.11889147758484,-0.7644904255867,"(5.339027, 1.118891, -0.76449)",truck body CS,11.1166849136353,0.1,5.87973546981812,1.20477902889252,-1.33747363090515,-0.00001581455571,90.4039194014252,0.00000323543732
859,left road,859,-1.6049998998642,0.0,6.69999980926514,-1.54999995231628,0.0,-0.25,-1.6049998998642,0.0,6.69999980926514,5.87973546981812,1.20477902889252,-1.33747363090515,5.34239625930786,1.11828625202179,-0.76045244932175,"(5.342396, 1.118286, -0.760452)",truck body CS,11.048698425293,0.1,5.87973546981812,1.20477902889252,-1.33747363090515,-0.00001581455571,90.4039194014252,0.00000323543732
860,left road,860,-1.50499999523163,0.0,6.69999980926514,-1.45000004768372,0.0,-0.25,-1.50499999523163,0.0,6.69999980926514,5.87973546981812,1.20477902889252,-1.33747363090515,5.3458137512207,1.11767244338989,-0.75635808706284,"(5.345814, 1.117672, -0.756358)",truck body CS,10.9812021255493,0.1,5.87973546981812,1.20477902889252,-1.33747363090515,-0.00001581455571,90.4039194014252,0.00000323543732
861,left road,861,-1.40499997138977,0.0,6.69999980926514,-1.35000002384186,0.0,-0.25,-1.40499997138977,0.0,6.69999980926514,5.87973546981812,1.20477902889252,-1.33747363090515,5.34927845001221,1.11704969406128,-0.75220358371735,"(5.349278, 1.11705, -0.752204)",truck body CS,10.9142036437988,0.1,5.87973546981812,1.20477902889252,-1.33747363090515,-0.00001581455571,90.4039194014252,0.00000323543732
862,left road,862,-1.30499994754791,0.0,6.69999980926514,-1.25,0.0,-0.25,-1.30499994754791,0.0,6.69999980926514,5.87973546981812,1.20477902889252,-1.33747363090515,5.35279369354248,1.11641824245453,-0.74799025058746,"(5.352794, 1.116418, -0.74799)",truck body CS,10.847713470459,0.1,5.87973546981812,1.20477902889252,-1.33747363090515,-0.00001581455571,90.4039194014252,0.00000323543732
863,left road,863,-1.20499992370605,0.0,6.69999980926514,-1.14999997615814,0.0,-0.25,-1.20499992370605,0.0,6.69999980926514,5.87973546981812,1.20477902889252,-1.33747363090515,5.35635900497437,1.1157773733139,-0.74371445178986,"(5.356359, 1.115777, -0.743714)",truck body CS,10.7817411422729,0.1,5.87973546981812,1.20477902889252,-1.33747363090515,-0.00001581455571,90.4039194014252,0.00000323543732
864,left road,864,-1.1049998998642,0.0,6.69999980926514,-1.04999995231628,0.0,-0.25,-1.1049998998642,0.0,6.69999980926514,5.87973546981812,1.20477902889252,-1.33747363090515,5.35997772216797,1.11512732505798,-0.73937731981277,"(5.359978, 1.115127, -0.739377)",truck body CS,10.7162961959839,0.1,5.87973546981812,1.20477902889252,-1.33747363090515,-0.00001581455571,90.4039194014252,0.00000323543732
865,left road,865,-1.00499999523163,0.0,6.69999980926514,-0.94999998807907,0.0,-0.25,-1.00499999523163,0.0,6.69999980926514,5.87973546981812,1.20477902889252,-1.33747363090515,5.36364841461182,1.11446762084961,-0.73497653007507,"(5.363648, 1.114468, -0.734977)",truck body CS,10.6513872146606,0.1,5.87973546981812,1.20477902889252,-1.33747363090515,-0.00001581455571,90.4039194014252,0.00000323543732
866,left road,866,-0.90500003099442,0.0,6.69999980926514,-0.85000002384186,0.0,-0.25,-0.90500003099442,0.0,6.69999980926514,5.87973546981812,1.20477902889252,-1.33747363090515,5.36737442016602,1.11379814147949,-0.73050957918167,"(5.367374, 1.113798, -0.73051)",truck body CS,10.587025642395,0.1,5.87973546981812,1.20477902889252,-1.33747363090515,-0.00001581455571,90.4039194014252,0.00000323543732
867,left road,867,-0.80500000715256,0.0,6.69999980926514,-0.75,0.0,-0.25,-0.80500000715256,0.0,6.69999980926514,5.87973546981812,1.20477902889252,-1.33747363090515,5.37115669250488,1.11311864852905,-0.72597765922546,"(5.371157, 1.113119, -0.725978)",truck body CS,10.5232200622559,0.1,5.87973546981812,1.20477902889252,-1.33747363090515,-0.00001581455571,90.4039194014252,0.00000323543732
868,left road,868,-0.7049999833107,0.0,6.69999980926514,-0.64999997615814,0.0,-0.25,-0.7049999833107,0.0,6.69999980926514,5.87973546981812,1.20477902889252,-1.33747363090515,5.37499475479126,1.11242890357971,-0.72137534618378,"(5.374995, 1.112429, -0.721375)",truck body CS,10.459981918335,0.1,5.87973546981812,1.20477902889252,-1.33747363090515,-0.00001581455571,90.4039194014252,0.00000323543732
869,left road,869,-0.60500001907349,0.0,6.69999980926514,-0.55000001192093,0.0,-0.25,-0.60500001907349,0.0,6.69999980926514,5.87973546981812,1.20477902889252,-1.33747363090515,5.3788914680481,1.11172866821289,-0.71670460700989,"(5.378891, 1.111729, -0.716705)",truck body CS,10.3973207473755,0.1,5.87973546981812,1.20477902889252,-1.33747363090515,-0.00001581455571,90.4039194014252,0.00000323543732
870,left road,870,-0.50499999523163,0.0,6.69999980926514,-0.44999998807907,0.0,-0.25,-0.50499999523163,0.0,6.69999980926514,5.87973546981812,1.20477902889252,-1.33747363090515,5.38284826278687,1.11101794242859,-0.71196341514587,"(5.382848, 1.111018, -0.711963)",truck body CS,10.3352470397949,0.1,5.87973546981812,1.20477902889252,-1.33747363090515,-0.00001581455571,90.4039194014252,0.00000323543732
871,left road,871,-0.40500000119209,0.0,6.69999980926514,-0.34999999403954,0.0,-0.25,-0.40500000119209,0.0,6.69999980926514,5.87973546981812,1.20477902889252,-1.33747363090515,5.38686513900757,1.11029601097107,-0.70714700222015,"(5.386865, 1.110296, -0.707147)",truck body CS,10.2737712860107,0.1,5.87973546981812,1.20477902889252,-1.33747363090515,-0.00001581455571,90.4039194014252,0.00000323543732
872,left road,872,-0.30500000715256,0.0,6.69999980926514,-0.25,0.0,-0.25,-0.30500000715256,0.0,6.69999980926514,5.87973546981812,1.20477902889252,-1.33747363090515,5.39094305038452,1.10956263542175,-0.70225465297699,"(5.390943, 1.109563, -0.702255)",truck body CS,10.2129049301147,0.1,5.87973546981812,1.20477902889252,-1.33747363090515,-0.00001581455571,90.4039194014252,0.00000323543732
873,left road,873,-0.20500001311302,0.0,6.69999980926514,-0.15000000596046,0.0,-0.25,-0.20500001311302,0.0,6.69999980926514,5.87973546981812,1.20477902889252,-1.33747363090515,5.39508295059204,1.10881769657135,-0.69728469848633,"(5.395083, 1.108818, -0.697285)",truck body CS,10.1526584625244,0.1,5.87973546981812,1.20477902889252,-1.33747363090515,-0.00001581455571,90.4039194014252,0.00000323543732
874,left road,874,-0.10500000417233,0.0,6.69999980926514,-0.05000000074506,0.0,-0.25,-0.10500000417233,0.0,6.69999980926514,5.87973546981812,1.20477902889252,-1.33747363090515,5.40323638916016,1.10885560512543,-0.69753742218018,"(5.403236, 1.108856, -0.697537)",truck body CS,10.0930442810059,0.1,5.87973546981812,1.20477902889252,-1.33747363090515,-0.00001581455571,90.4039194014252,0.00000323543732
875,left road,875,-0.00499999895692,0.0,6.69999980926514,0.05000000074506,0.0,-0.25,-0.00499999895692,0.0,6.69999980926514,5.87973546981812,1.20477902889252,-1.33747363090515,5.41198110580444,1.10901594161987,-0.69860672950745,"(5.411981, 1.109016, -0.698607)",truck body CS,10.0340709686279,0.1,5.87973546981812,1.20477902889252,-1.33747363090515,-0.00001581455571,90.4039194014252,0.00000323543732
876,left road,876,0.09500000625849,0.0,6.69999980926514,0.15000000596046,0.0,-0.25,0.09500000625849,0.0,6.69999980926514,5.87973546981812,1.20477902889252,-1.33747363090515,5.4206976890564,1.10917592048645,-0.69967341423035,"(5.420698, 1.109176, -0.699673)",truck body CS,9.97575283050537,0.1,5.87973546981812,1.20477902889252,-1.33747363090515,-0.00001581455571,90.4039194014252,0.00000323543732
877,left road,877,0.19499999284744,0.0,6.69999980926514,0.25,0.0,-0.25,0.19499999284744,0.0,6.69999980926514,5.87973546981812,1.20477902889252,-1.33747363090515,5.42938375473022,1.10933494567871,-0.70073485374451,"(5.429384, 1.109335, -0.700735)",truck body CS,9.91809940338135,0.1,5.87973546981812,1.20477902889252,-1.33747363090515,-0.00001581455571,90.4039194014252,0.00000323543732
878,left road,878,0.29499998688698,0.0,6.69999980926514,0.34999999403954,0.0,-0.25,0.29499998688698,0.0,6.69999980926514,5.87973546981812,1.20477902889252,-1.33747363090515,5.43800354003906,1.10948538780212,-0.70173871517181,"(5.438004, 1.109485, -0.701739)",truck body CS,9.86112308502197,0.1,5.87973546981812,1.20477902889252,-1.33747363090515,-0.00001581455571,90.4039194014252,0.00000323543732
879,left road,879,0.39499998092651,0.0,6.69999980926514,0.44999998807907,0.0,-0.25,0.39499998092651,0.0,6.69999980926514,5.87973546981812,1.20477902889252,-1.33747363090515,5.44908857345581,1.11018288135529,-0.70639181137085,"(5.449089, 1.110183, -0.706392)",truck body CS,9.80483531951904,0.1,5.87973546981812,1.20477902889252,-1.33747363090515,-0.00001581455571,90.4039194014252,0.00000323543732
880,left road,880,0.49500000476837,0.0,6.69999980926514,0.55000001192093,0.0,-0.25,0.49500000476837,0.0,6.69999980926514,5.87973546981812,1.20477902889252,-1.33747363090515,5.84607839584351,1.19724857807159,-1.28723549842834,"(5.846078, 1.197249, -1.287235)",EyeArea,9.74924850463867,0.1,5.87973546981812,1.20477902889252,-1.33747363090515,-0.00001581455571,90.4039194014252,0.00000323543732
881,left road,881,0.59499996900558,0.0,6.69999980926514,0.64999997615814,0.0,-0.25,0.59499996900558,0.0,6.69999980926514,5.87973546981812,1.20477902889252,-1.33747363090515,5.84670639038086,1.19724917411804,-1.28723990917206,"(5.846706, 1.197249, -1.28724)",EyeArea,9.69437503814697,0.1,5.87973546981812,1.20477902889252,-1.33747363090515,-0.00001581455571,90.4039194014252,0.00000323543732
882,left road,882,0.69499999284744,0.0,6.69999980926514,0.75,0.0,-0.25,0.69499999284744,0.0,6.69999980926514,5.87973546981812,1.20477902889252,-1.33747363090515,5.84733438491821,1.19724988937378,-1.28724431991577,"(5.847334, 1.19725, -1.287244)",EyeArea,9.64022541046143,0.1,5.87973546981812,1.20477902889252,-1.33747363090515,-0.00001581455571,90.4039194014252,0.00000323543732
883,left road,883,0.7950000166893,0.0,6.69999980926514,0.85000002384186,0.0,-0.25,0.7950000166893,0.0,6.69999980926514,5.87973546981812,1.20477902889252,-1.33747363090515,5.84796190261841,1.19725060462952,-1.28724873065948,"(5.847962, 1.197251, -1.287249)",EyeArea,9.58681488037109,0.1,5.87973546981812,1.20477902889252,-1.33747363090515,-0.00001581455571,90.4039194014252,0.00000323543732
884,left road,884,0.89499998092651,0.0,6.69999980926514,0.94999998807907,0.0,-0.25,0.89499998092651,0.0,6.69999980926514,5.87973546981812,1.20477902889252,-1.33747363090515,5.8485894203186,1.19725120067596,-1.2872531414032,"(5.848589, 1.197251, -1.287253)",EyeArea,9.53415203094482,0.1,5.87973546981812,1.20477902889252,-1.33747363090515,-0.00001581455571,90.4039194014252,0.00000323543732
885,left road,885,0.99499994516373,0.0,6.69999980926514,1.04999995231628,0.0,-0.25,0.99499994516373,0.0,6.69999980926514,5.87973546981812,1.20477902889252,-1.33747363090515,5.8492169380188,1.1972519159317,-1.2872576713562,"(5.849217, 1.197252, -1.287258)",EyeArea,9.482253074646,0.1,5.87973546981812,1.20477902889252,-1.33747363090515,-0.00001581455571,90.4039194014252,0.00000323543732
886,left road,886,1.09500002861023,0.0,6.69999980926514,1.14999997615814,0.0,-0.25,1.09500002861023,0.0,6.69999980926514,5.87973546981812,1.20477902889252,-1.33747363090515,5.84984493255615,1.19725263118744,-1.28726208209991,"(5.849845, 1.197253, -1.287262)",EyeArea,9.43112754821777,0.1,5.87973546981812,1.20477902889252,-1.33747363090515,-0.00001581455571,90.4039194014252,0.00000323543732
887,left road,887,1.19500005245209,0.0,6.69999980926514,1.25,0.0,-0.25,1.19500005245209,0.0,6.69999980926514,5.87973546981812,1.20477902889252,-1.33747363090515,5.85047149658203,1.19725322723389,-1.28726649284363,"(5.850471, 1.197253, -1.287266)",EyeArea,9.3807897567749,0.1,5.87973546981812,1.20477902889252,-1.33747363090515,-0.00001581455571,90.4039194014252,0.00000323543732
888,left road,888,1.29500007629395,0.0,6.69999980926514,1.35000002384186,0.0,-0.25,1.29500007629395,0.0,6.69999980926514,5.87973546981812,1.20477902889252,-1.33747363090515,5.85109853744507,1.19725382328033,-1.28727090358734,"(5.851099, 1.197254, -1.287271)",EyeArea,9.3312520980835,0.1,5.87973546981812,1.20477902889252,-1.33747363090515,-0.00001581455571,90.4039194014252,0.00000323543732
889,left road,889,1.3950001001358,0.0,6.69999980926514,1.45000004768372,0.0,-0.25,1.3950001001358,0.0,6.69999980926514,5.87973546981812,1.20477902889252,-1.33747363090515,5.85172557830811,1.19725453853607,-1.28727531433105,"(5.851726, 1.197255, -1.287275)",EyeArea,9.28252792358398,0.1,5.87973546981812,1.20477902889252,-1.33747363090515,-0.00001581455571,90.4039194014252,0.00000323543732
890,left road,890,1.49500000476837,0.0,6.69999980926514,1.54999995231628,0.0,-0.25,1.49500000476837,0.0,6.69999980926514,5.87973546981812,1.20477902889252,-1.33747363090515,5.85235261917114,1.19725525379181,-1.28727972507477,"(5.852353, 1.197255, -1.28728)",EyeArea,9.23462963104248,0.1,5.87973546981812,1.20477902889252,-1.33747363090515,-0.00001581455571,90.4039194014252,0.00000323543732
891,left road,891,1.59500002861023,0.0,6.69999980926514,1.64999997615814,0.0,-0.25,1.59500002861023,0.0,6.69999980926514,5.87973546981812,1.20477902889252,-1.33747363090515,5.85298013687134,1.19725584983826,-1.28728413581848,"(5.85298, 1.197256, -1.287284)",EyeArea,9.1875696182251,0.1,5.87973546981812,1.20477902889252,-1.33747363090515,-0.00001581455571,90.4039194014252,0.00000323543732
892,left road,892,1.69500005245209,0.0,6.69999980926514,1.75,0.0,-0.25,1.69500005245209,0.0,6.69999980926514,5.87973546981812,1.20477902889252,-1.33747363090515,5.85360622406006,1.19725656509399,-1.28728854656219,"(5.853606, 1.197257, -1.287289)",EyeArea,9.14136123657227,0.1,5.87973546981812,1.20477902889252,-1.33747363090515,-0.00001581455571,90.4039194014252,0.00000323543732
893,left road,893,1.79500007629395,0.0,6.69999980926514,1.85000002384186,0.0,-0.25,1.79500007629395,0.0,6.69999980926514,5.87973546981812,1.20477902889252,-1.33747363090515,5.85423278808594,1.19725716114044,-1.28729295730591,"(5.854233, 1.197257, -1.287293)",EyeArea,9.09601783752441,0.1,5.87973546981812,1.20477902889252,-1.33747363090515,-0.00001581455571,90.4039194014252,0.00000323543732
894,left road,894,1.8950001001358,0.0,6.69999980926514,1.95000004768372,0.0,-0.25,1.8950001001358,0.0,6.69999980926514,5.87973546981812,1.20477902889252,-1.33747363090515,5.85485935211182,1.19725787639618,-1.28729736804962,"(5.854859, 1.197258, -1.287297)",EyeArea,9.05155181884766,0.1,5.87973546981812,1.20477902889252,-1.33747363090515,-0.00001581455571,90.4039194014252,0.00000323543732
895,left road,895,1.99500000476837,0.0,6.69999980926514,2.04999995231628,0.0,-0.25,1.99500000476837,0.0,6.69999980926514,5.87973546981812,1.20477902889252,-1.33747363090515,5.85548639297485,1.19725859165192,-1.28730177879334,"(5.855486, 1.197259, -1.287302)",EyeArea,9.00797653198242,0.1,5.87973546981812,1.20477902889252,-1.33747363090515,-0.00001581455571,90.4039194014252,0.00000323543732
896,left road,896,2.09500002861023,0.0,6.69999980926514,2.15000009536743,0.0,-0.25,2.09500002861023,0.0,6.69999980926514,5.87973546981812,1.20477902889252,-1.33747363090515,5.85611248016357,1.19725918769836,-1.28730618953705,"(5.856112, 1.197259, -1.287306)",EyeArea,8.96530532836914,0.1,5.87973546981812,1.20477902889252,-1.33747363090515,-0.00001581455571,90.4039194014252,0.00000323543732
897,left road,897,2.1949999332428,0.0,6.69999980926514,2.25,0.0,-0.25,2.1949999332428,0.0,6.69999980926514,5.87973546981812,1.20477902889252,-1.33747363090515,5.85673856735229,1.19725978374481,-1.28731060028076,"(5.856739, 1.19726, -1.287311)",EyeArea,8.92355060577393,0.1,5.87973546981812,1.20477902889252,-1.33747363090515,-0.00001581455571,90.4039194014252,0.00000323543732
898,left road,898,2.29499983787537,0.0,6.69999980926514,2.34999990463257,0.0,-0.25,2.29499983787537,0.0,6.69999980926514,5.87973546981812,1.20477902889252,-1.33747363090515,5.85736465454102,1.19726049900055,-1.28731501102448,"(5.857365, 1.19726, -1.287315)",EyeArea,8.88272476196289,0.1,5.87973546981812,1.20477902889252,-1.33747363090515,-0.00001581455571,90.4039194014252,0.00000323543732
899,left road,899,2.39499998092651,0.0,6.69999980926514,2.45000004768372,0.0,-0.25,2.39499998092651,0.0,6.69999980926514,5.87973546981812,1.20477902889252,-1.33747363090515,5.85799026489258,1.197261095047,-1.28731942176819,"(5.85799, 1.197261, -1.287319)",EyeArea,8.84284210205078,0.1,5.87973546981812,1.20477902889252,-1.33747363090515,-0.00001581455571,90.4039194014252,0.00000323543732
900,left road,900,2.49499988555908,0.0,6.69999980926514,2.54999995231628,0.0,-0.25,2.49499988555908,0.0,6.69999980926514,5.87973546981812,1.20477902889252,-1.33747363090515,5.8586163520813,1.19726181030273,-1.2873238325119,"(5.858616, 1.197262, -1.287324)",EyeArea,8.80391407012939,0.1,5.87973546981812,1.20477902889252,-1.33747363090515,-0.00001581455571,90.4039194014252,0.00000323543732
901,left road,901,2.59500002861023,0.0,6.69999980926514,2.65000009536743,0.0,-0.25,2.59500002861023,0.0,6.69999980926514,5.87973546981812,1.20477902889252,-1.33747363090515,5.85924196243286,1.19726252555847,-1.28732824325562,"(5.859242, 1.197263, -1.287328)",EyeArea,8.76595497131348,0.1,5.87973546981812,1.20477902889252,-1.33747363090515,-0.00001581455571,90.4039194014252,0.00000323543732
902,left road,902,2.6949999332428,0.0,6.69999980926514,2.75,0.0,-0.25,2.6949999332428,0.0,6.69999980926514,5.87973546981812,1.20477902889252,-1.33747363090515,5.85986757278442,1.19726312160492,-1.28733265399933,"(5.859868, 1.197263, -1.287333)",EyeArea,8.72897529602051,0.1,5.87973546981812,1.20477902889252,-1.33747363090515,-0.00001581455571,90.4039194014252,0.00000323543732
903,left road,903,2.79499983787537,0.0,6.69999980926514,2.84999990463257,0.0,-0.25,2.79499983787537,0.0,6.69999980926514,5.87973546981812,1.20477902889252,-1.33747363090515,5.86049318313599,1.19726383686066,-1.28733706474304,"(5.860493, 1.197264, -1.287337)",EyeArea,8.69298934936523,0.1,5.87973546981812,1.20477902889252,-1.33747363090515,-0.00001581455571,90.4039194014252,0.00000323543732
904,left road,904,2.89499998092651,0.0,6.69999980926514,2.95000004768372,0.0,-0.25,2.89499998092651,0.0,6.69999980926514,5.87973546981812,1.20477902889252,-1.33747363090515,5.86111879348755,1.19726455211639,-1.28734147548676,"(5.861119, 1.197265, -1.287341)",EyeArea,8.65800857543945,0.1,5.87973546981812,1.20477902889252,-1.33747363090515,-0.00001581455571,90.4039194014252,0.00000323543732
905,left road,905,2.99499988555908,0.0,6.69999980926514,3.04999995231628,0.0,-0.25,2.99499988555908,0.0,6.69999980926514,5.87973546981812,1.20477902889252,-1.33747363090515,5.86174440383911,1.19726514816284,-1.28734588623047,"(5.861744, 1.197265, -1.287346)",EyeArea,8.62404632568359,0.1,5.87973546981812,1.20477902889252,-1.33747363090515,-0.00001581455571,90.4039194014252,0.00000323543732
906,left road,906,3.09500002861023,0.0,6.69999980926514,3.15000009536743,0.0,-0.25,3.09500002861023,0.0,6.69999980926514,5.87973546981812,1.20477902889252,-1.33747363090515,5.86236953735352,1.19726574420929,-1.28735029697418,"(5.86237, 1.197266, -1.28735)",EyeArea,8.59111309051514,0.1,5.87973546981812,1.20477902889252,-1.33747363090515,-0.00001581455571,90.4039194014252,0.00000323543732
907,left road,907,3.1949999332428,0.0,6.69999980926514,3.25,0.0,-0.25,3.1949999332428,0.0,6.69999980926514,5.87973546981812,1.20477902889252,-1.33747363090515,5.86299467086792,1.19726645946503,-1.2873547077179,"(5.862995, 1.197266, -1.287355)",EyeArea,8.5592212677002,0.1,5.87973546981812,1.20477902889252,-1.33747363090515,-0.00001581455571,90.4039194014252,0.00000323543732
908,left road,908,3.29499983787537,0.0,6.69999980926514,3.34999990463257,0.0,-0.25,3.29499983787537,0.0,6.69999980926514,5.87973546981812,1.20477902889252,-1.33747363090515,5.86361932754517,1.19726705551147,-1.28735911846161,"(5.863619, 1.197267, -1.287359)",EyeArea,8.5283842086792,0.1,5.87973546981812,1.20477902889252,-1.33747363090515,-0.00001581455571,90.4039194014252,0.00000323543732
909,left road,909,3.39499998092651,0.0,6.69999980926514,3.45000004768372,0.0,-0.25,3.39499998092651,0.0,6.69999980926514,5.87973546981812,1.20477902889252,-1.33747363090515,5.86424446105957,1.19726777076721,-1.28736352920532,"(5.864244, 1.197268, -1.287364)",EyeArea,8.498610496521,0.1,5.87973546981812,1.20477902889252,-1.33747363090515,-0.00001581455571,90.4039194014252,0.00000323543732
910,left road,910,-3.50500011444092,0.0,6.79999971389771,-3.45000004768372,0.0,-0.15000000596046,-3.50500011444092,0.0,6.79999971389771,5.87973546981812,1.20477902889252,-1.33747363090515,5.83003854751587,1.19839906692505,-1.29438185691834,"(5.830039, 1.198399, -1.294382)",EyeArea,12.4797115325928,0.1,5.87973546981812,1.20477902889252,-1.33747363090515,-0.00001581455571,90.4039194014252,0.00000323543732
911,left road,911,-3.40499997138977,0.0,6.79999971389771,-3.34999990463257,0.0,-0.15000000596046,-3.40499997138977,0.0,6.79999971389771,5.87973546981812,1.20477902889252,-1.33747363090515,5.31911325454712,1.13203310966492,-0.84612345695496,"(5.319113, 1.132033, -0.846123)",truck body CS,12.4046878814697,0.1,5.87973546981812,1.20477902889252,-1.33747363090515,-0.00001581455571,90.4039194014252,0.00000323543732
912,left road,912,-3.3050000667572,0.0,6.79999971389771,-3.25,0.0,-0.15000000596046,-3.3050000667572,0.0,6.79999971389771,5.87973546981812,1.20477902889252,-1.33747363090515,5.31779003143311,1.13106763362885,-0.83960193395615,"(5.31779, 1.131068, -0.839602)",truck body CS,12.3300170898438,0.1,5.87973546981812,1.20477902889252,-1.33747363090515,-0.00001581455571,90.4039194014252,0.00000323543732
913,left road,913,-3.20500016212463,0.0,6.79999971389771,-3.15000009536743,0.0,-0.15000000596046,-3.20500016212463,0.0,6.79999971389771,5.87973546981812,1.20477902889252,-1.33747363090515,5.31780815124512,1.13025856018066,-0.83413726091385,"(5.317808, 1.130259, -0.834137)",truck body CS,12.255708694458,0.1,5.87973546981812,1.20477902889252,-1.33747363090515,-0.00001581455571,90.4039194014252,0.00000323543732
914,left road,914,-3.10500001907349,0.0,6.79999971389771,-3.04999995231628,0.0,-0.15000000596046,-3.10500001907349,0.0,6.79999971389771,5.87973546981812,1.20477902889252,-1.33747363090515,5.31783151626587,1.1294322013855,-0.82855594158173,"(5.317832, 1.129432, -0.828556)",truck body CS,12.1817665100098,0.1,5.87973546981812,1.20477902889252,-1.33747363090515,-0.00001581455571,90.4039194014252,0.00000323543732
915,left road,915,-3.00500011444092,0.0,6.79999971389771,-2.95000004768372,0.0,-0.15000000596046,-3.00500011444092,0.0,6.79999971389771,5.87973546981812,1.20477902889252,-1.33747363090515,5.31785345077515,1.12858724594116,-0.82284897565842,"(5.317853, 1.128587, -0.822849)",truck body CS,12.1081991195679,0.1,5.87973546981812,1.20477902889252,-1.33747363090515,-0.00001581455571,90.4039194014252,0.00000323543732
916,left road,916,-2.90499997138977,0.0,6.79999971389771,-2.84999990463257,0.0,-0.15000000596046,-2.90499997138977,0.0,6.79999971389771,5.87973546981812,1.20477902889252,-1.33747363090515,5.31787252426147,1.12772250175476,-0.81700825691223,"(5.317873, 1.127723, -0.817008)",truck body CS,12.0350131988525,0.1,5.87973546981812,1.20477902889252,-1.33747363090515,-0.00001581455571,90.4039194014252,0.00000323543732
917,left road,917,-2.8050000667572,0.0,6.79999971389771,-2.75,0.0,-0.15000000596046,-2.8050000667572,0.0,6.79999971389771,5.87973546981812,1.20477902889252,-1.33747363090515,5.31789445877075,1.12683832645416,-0.8110363483429,"(5.317894, 1.126838, -0.811036)",truck body CS,11.962215423584,0.1,5.87973546981812,1.20477902889252,-1.33747363090515,-0.00001581455571,90.4039194014252,0.00000323543732
918,left road,918,-2.70500016212463,0.0,6.79999971389771,-2.65000009536743,0.0,-0.15000000596046,-2.70500016212463,0.0,6.79999971389771,5.87973546981812,1.20477902889252,-1.33747363090515,5.31933307647705,1.12613224983215,-0.806267619133,"(5.319333, 1.126132, -0.806268)",truck body CS,11.8898124694824,0.1,5.87973546981812,1.20477902889252,-1.33747363090515,-0.00001581455571,90.4039194014252,0.00000323543732
919,left road,919,-2.60500001907349,0.0,6.79999971389771,-2.54999995231628,0.0,-0.15000000596046,-2.60500001907349,0.0,6.79999971389771,5.87973546981812,1.20477902889252,-1.33747363090515,5.32090139389038,1.12542808055878,-0.80151081085205,"(5.320901, 1.125428, -0.801511)",truck body CS,11.8178129196167,0.1,5.87973546981812,1.20477902889252,-1.33747363090515,-0.00001581455571,90.4039194014252,0.00000323543732
920,left road,920,-2.50500011444092,0.0,6.79999971389771,-2.45000004768372,0.0,-0.15000000596046,-2.50500011444092,0.0,6.79999971389771,5.87973546981812,1.20477902889252,-1.33747363090515,5.32249879837036,1.12471127510071,-0.79666936397552,"(5.322499, 1.124711, -0.796669)",truck body CS,11.7462224960327,0.1,5.87973546981812,1.20477902889252,-1.33747363090515,-0.00001581455571,90.4039194014252,0.00000323543732
921,left road,921,-2.40499997138977,0.0,6.79999971389771,-2.34999990463257,0.0,-0.15000000596046,-2.40499997138977,0.0,6.79999971389771,5.87973546981812,1.20477902889252,-1.33747363090515,5.32412576675415,1.12398135662079,-0.79173964262009,"(5.324126, 1.123981, -0.79174)",truck body CS,11.6750507354736,0.1,5.87973546981812,1.20477902889252,-1.33747363090515,-0.00001581455571,90.4039194014252,0.00000323543732
922,left road,922,-2.3050000667572,0.0,6.79999971389771,-2.25,0.0,-0.15000000596046,-2.3050000667572,0.0,6.79999971389771,5.87973546981812,1.20477902889252,-1.33747363090515,5.32578086853027,1.12323784828186,-0.78671789169312,"(5.325781, 1.123238, -0.786718)",truck body CS,11.6043033599854,0.1,5.87973546981812,1.20477902889252,-1.33747363090515,-0.00001581455571,90.4039194014252,0.00000323543732
923,left road,923,-2.20500016212463,0.0,6.79999971389771,-2.15000009536743,0.0,-0.15000000596046,-2.20500016212463,0.0,6.79999971389771,5.87973546981812,1.20477902889252,-1.33747363090515,5.32747030258179,1.12248110771179,-0.78160554170609,"(5.32747, 1.122481, -0.781606)",truck body CS,11.533989906311,0.1,5.87973546981812,1.20477902889252,-1.33747363090515,-0.00001581455571,90.4039194014252,0.00000323543732
924,left road,924,-2.10500001907349,0.0,6.79999971389771,-2.04999995231628,0.0,-0.15000000596046,-2.10500001907349,0.0,6.79999971389771,5.87973546981812,1.20477902889252,-1.33747363090515,5.32987022399902,1.12181234359741,-0.77708959579468,"(5.32987, 1.121812, -0.77709)",truck body CS,11.4641160964966,0.1,5.87973546981812,1.20477902889252,-1.33747363090515,-0.00001581455571,90.4039194014252,0.00000323543732
925,left road,925,-2.00500011444092,0.0,6.79999971389771,-1.95000004768372,0.0,-0.15000000596046,-2.00500011444092,0.0,6.79999971389771,5.87973546981812,1.20477902889252,-1.33747363090515,5.33306121826172,1.1212477684021,-0.77327555418015,"(5.333061, 1.121248, -0.773276)",truck body CS,11.3946924209595,0.1,5.87973546981812,1.20477902889252,-1.33747363090515,-0.00001581455571,90.4039194014252,0.00000323543732
926,left road,926,-1.90499997138977,0.0,6.79999971389771,-1.85000002384186,0.0,-0.15000000596046,-1.90499997138977,0.0,6.79999971389771,5.87973546981812,1.20477902889252,-1.33747363090515,5.33629608154297,1.12067532539368,-0.76940929889679,"(5.336296, 1.120675, -0.769409)",truck body CS,11.3257255554199,0.1,5.87973546981812,1.20477902889252,-1.33747363090515,-0.00001581455571,90.4039194014252,0.00000323543732
927,left road,927,-1.80499994754791,0.0,6.79999971389771,-1.75,0.0,-0.15000000596046,-1.80499994754791,0.0,6.79999971389771,5.87973546981812,1.20477902889252,-1.33747363090515,5.33957624435425,1.12009525299072,-0.7654909491539,"(5.339576, 1.120095, -0.765491)",truck body CS,11.2572250366211,0.1,5.87973546981812,1.20477902889252,-1.33747363090515,-0.00001581455571,90.4039194014252,0.00000323543732
928,left road,928,-1.70499992370605,0.0,6.79999971389771,-1.64999997615814,0.0,-0.15000000596046,-1.70499992370605,0.0,6.79999971389771,5.87973546981812,1.20477902889252,-1.33747363090515,5.34290075302124,1.11950671672821,-0.76151615381241,"(5.342901, 1.119507, -0.761516)",truck body CS,11.1891984939575,0.1,5.87973546981812,1.20477902889252,-1.33747363090515,-0.00001581455571,90.4039194014252,0.00000323543732
929,left road,929,-1.6049998998642,0.0,6.79999971389771,-1.54999995231628,0.0,-0.15000000596046,-1.6049998998642,0.0,6.79999971389771,5.87973546981812,1.20477902889252,-1.33747363090515,5.34627246856689,1.1189101934433,-0.75748670101166,"(5.346272, 1.11891, -0.757487)",truck body CS,11.1216554641724,0.1,5.87973546981812,1.20477902889252,-1.33747363090515,-0.00001581455571,90.4039194014252,0.00000323543732
930,left road,930,-1.50499999523163,0.0,6.79999971389771,-1.45000004768372,0.0,-0.15000000596046,-1.50499999523163,0.0,6.79999971389771,5.87973546981812,1.20477902889252,-1.33747363090515,5.34969186782837,1.11830520629883,-0.75340086221695,"(5.349692, 1.118305, -0.753401)",truck body CS,11.0546045303345,0.1,5.87973546981812,1.20477902889252,-1.33747363090515,-0.00001581455571,90.4039194014252,0.00000323543732
931,left road,931,-1.40499997138977,0.0,6.79999971389771,-1.35000002384186,0.0,-0.15000000596046,-1.40499997138977,0.0,6.79999971389771,5.87973546981812,1.20477902889252,-1.33747363090515,5.35315895080566,1.11769163608551,-0.74925619363785,"(5.353159, 1.117692, -0.749256)",truck body CS,10.9880542755127,0.1,5.87973546981812,1.20477902889252,-1.33747363090515,-0.00001581455571,90.4039194014252,0.00000323543732
932,left road,932,-1.30499994754791,0.0,6.79999971389771,-1.25,0.0,-0.15000000596046,-1.30499994754791,0.0,6.79999971389771,5.87973546981812,1.20477902889252,-1.33747363090515,5.35667514801025,1.11706912517548,-0.74505138397217,"(5.356675, 1.117069, -0.745051)",truck body CS,10.9220132827759,0.1,5.87973546981812,1.20477902889252,-1.33747363090515,-0.00001581455571,90.4039194014252,0.00000323543732
933,left road,933,-1.20499992370605,0.0,6.79999971389771,-1.14999997615814,0.0,-0.15000000596046,-1.20499992370605,0.0,6.79999971389771,5.87973546981812,1.20477902889252,-1.33747363090515,5.36024284362793,1.1164379119873,-0.74078780412674,"(5.360243, 1.116438, -0.740788)",truck body CS,10.8564929962158,0.1,5.87973546981812,1.20477902889252,-1.33747363090515,-0.00001581455571,90.4039194014252,0.00000323543732
934,left road,934,-1.1049998998642,0.0,6.79999971389771,-1.04999995231628,0.0,-0.15000000596046,-1.1049998998642,0.0,6.79999971389771,5.87973546981812,1.20477902889252,-1.33747363090515,5.36386299133301,1.11579751968384,-0.73646169900894,"(5.363863, 1.115798, -0.736462)",truck body CS,10.7915010452271,0.1,5.87973546981812,1.20477902889252,-1.33747363090515,-0.00001581455571,90.4039194014252,0.00000323543732
935,left road,935,-1.00499999523163,0.0,6.79999971389771,-0.94999998807907,0.0,-0.15000000596046,-1.00499999523163,0.0,6.79999971389771,5.87973546981812,1.20477902889252,-1.33747363090515,5.36753463745117,1.11514759063721,-0.73207312822342,"(5.367535, 1.115148, -0.732073)",truck body CS,10.7270479202271,0.1,5.87973546981812,1.20477902889252,-1.33747363090515,-0.00001581455571,90.4039194014252,0.00000323543732
936,left road,936,-0.90500003099442,0.0,6.79999971389771,-0.85000002384186,0.0,-0.15000000596046,-0.90500003099442,0.0,6.79999971389771,5.87973546981812,1.20477902889252,-1.33747363090515,5.37126111984253,1.11448812484741,-0.72761899232864,"(5.371261, 1.114488, -0.727619)",truck body CS,10.6631422042847,0.1,5.87973546981812,1.20477902889252,-1.33747363090515,-0.00001581455571,90.4039194014252,0.00000323543732
937,left road,937,-0.80500000715256,0.0,6.79999971389771,-0.75,0.0,-0.15000000596046,-0.80500000715256,0.0,6.79999971389771,5.87973546981812,1.20477902889252,-1.33747363090515,5.3750433921814,1.11381912231445,-0.72310054302216,"(5.375043, 1.113819, -0.723101)",truck body CS,10.5997943878174,0.1,5.87973546981812,1.20477902889252,-1.33747363090515,-0.00001581455571,90.4039194014252,0.00000323543732
938,left road,938,-0.7049999833107,0.0,6.79999971389771,-0.64999997615814,0.0,-0.15000000596046,-0.7049999833107,0.0,6.79999971389771,5.87973546981812,1.20477902889252,-1.33747363090515,5.37888050079346,1.11313986778259,-0.71851229667664,"(5.378881, 1.11314, -0.718512)",truck body CS,10.537015914917,0.1,5.87973546981812,1.20477902889252,-1.33747363090515,-0.00001581455571,90.4039194014252,0.00000323543732
939,left road,939,-0.60500001907349,0.0,6.79999971389771,-0.55000001192093,0.0,-0.15000000596046,-0.60500001907349,0.0,6.79999971389771,5.87973546981812,1.20477902889252,-1.33747363090515,5.38277435302734,1.11245012283325,-0.71385312080383,"(5.382774, 1.11245, -0.713853)",truck body CS,10.4748153686523,0.1,5.87973546981812,1.20477902889252,-1.33747363090515,-0.00001581455571,90.4039194014252,0.00000323543732
940,left road,940,-0.50499999523163,0.0,6.79999971389771,-0.44999998807907,0.0,-0.15000000596046,-0.50499999523163,0.0,6.79999971389771,5.87973546981812,1.20477902889252,-1.33747363090515,5.38672733306885,1.11174988746643,-0.70912337303162,"(5.386727, 1.11175, -0.709123)",truck body CS,10.4132032394409,0.1,5.87973546981812,1.20477902889252,-1.33747363090515,-0.00001581455571,90.4039194014252,0.00000323543732
941,left road,941,-0.40500000119209,0.0,6.79999971389771,-0.34999999403954,0.0,-0.15000000596046,-0.40500000119209,0.0,6.79999971389771,5.87973546981812,1.20477902889252,-1.33747363090515,5.39073991775513,1.11103892326355,-0.70432102680206,"(5.39074, 1.111039, -0.704321)",truck body CS,10.3521909713745,0.1,5.87973546981812,1.20477902889252,-1.33747363090515,-0.00001581455571,90.4039194014252,0.00000323543732
942,left road,942,-0.30500000715256,0.0,6.79999971389771,-0.25,0.0,-0.15000000596046,-0.30500000715256,0.0,6.79999971389771,5.87973546981812,1.20477902889252,-1.33747363090515,5.39481449127197,1.11031699180603,-0.69944524765015,"(5.394814, 1.110317, -0.699445)",truck body CS,10.2917890548706,0.1,5.87973546981812,1.20477902889252,-1.33747363090515,-0.00001581455571,90.4039194014252,0.00000323543732
943,left road,943,-0.20500001311302,0.0,6.79999971389771,-0.15000000596046,0.0,-0.15000000596046,-0.20500001311302,0.0,6.79999971389771,5.87973546981812,1.20477902889252,-1.33747363090515,5.40256357192993,1.11029887199402,-0.69932281970978,"(5.402564, 1.110299, -0.699323)",truck body CS,10.2320070266724,0.1,5.87973546981812,1.20477902889252,-1.33747363090515,-0.00001581455571,90.4039194014252,0.00000323543732
944,left road,944,-0.10500000417233,0.0,6.79999971389771,-0.05000000074506,0.0,-0.15000000596046,-0.10500000417233,0.0,6.79999971389771,5.87973546981812,1.20477902889252,-1.33747363090515,5.41117763519287,1.11045432090759,-0.70037293434143,"(5.411178, 1.110454, -0.700373)",truck body CS,10.1728563308716,0.1,5.87973546981812,1.20477902889252,-1.33747363090515,-0.00001581455571,90.4039194014252,0.00000323543732
945,left road,945,-0.00499999895692,0.0,6.79999971389771,0.05000000074506,0.0,-0.15000000596046,-0.00499999895692,0.0,6.79999971389771,5.87973546981812,1.20477902889252,-1.33747363090515,5.41976404190063,1.11060929298401,-0.70141971111298,"(5.419764, 1.110609, -0.70142)",truck body CS,10.1143493652344,0.1,5.87973546981812,1.20477902889252,-1.33747363090515,-0.00001581455571,90.4039194014252,0.00000323543732
946,left road,946,0.09500000625849,0.0,6.79999971389771,0.15000000596046,0.0,-0.15000000596046,0.09500000625849,0.0,6.79999971389771,5.87973546981812,1.20477902889252,-1.33747363090515,5.42832326889038,1.11076402664185,-0.7024644613266,"(5.428323, 1.110764, -0.702464)",truck body CS,10.0564966201782,0.1,5.87973546981812,1.20477902889252,-1.33747363090515,-0.00001581455571,90.4039194014252,0.00000323543732
947,left road,947,0.19499999284744,0.0,6.79999971389771,0.25,0.0,-0.15000000596046,0.19499999284744,0.0,6.79999971389771,5.87973546981812,1.20477902889252,-1.33747363090515,5.43664646148682,1.11087417602539,-0.70320916175842,"(5.436646, 1.110874, -0.703209)",truck body CS,9.99930858612061,0.1,5.87973546981812,1.20477902889252,-1.33747363090515,-0.00001581455571,90.4039194014252,0.00000323543732
948,left road,948,0.29499998688698,0.0,6.79999971389771,0.34999999403954,0.0,-0.15000000596046,0.29499998688698,0.0,6.79999971389771,5.87973546981812,1.20477902889252,-1.33747363090515,5.44671869277954,1.11136555671692,-0.70652770996094,"(5.446719, 1.111366, -0.706528)",truck body CS,9.94279766082764,0.1,5.87973546981812,1.20477902889252,-1.33747363090515,-0.00001581455571,90.4039194014252,0.00000323543732
949,left road,949,0.39499998092651,0.0,6.79999971389771,0.44999998807907,0.0,-0.15000000596046,0.39499998092651,0.0,6.79999971389771,5.87973546981812,1.20477902889252,-1.33747363090515,5.84587383270264,1.197340965271,-1.28723406791687,"(5.845874, 1.197341, -1.287234)",EyeArea,9.88697528839111,0.1,5.87973546981812,1.20477902889252,-1.33747363090515,-0.00001581455571,90.4039194014252,0.00000323543732
950,left road,950,0.49500000476837,0.0,6.79999971389771,0.55000001192093,0.0,-0.15000000596046,0.49500000476837,0.0,6.79999971389771,5.87973546981812,1.20477902889252,-1.33747363090515,5.8464937210083,1.19734156131744,-1.28723847866058,"(5.846494, 1.197342, -1.287238)",EyeArea,9.83185291290283,0.1,5.87973546981812,1.20477902889252,-1.33747363090515,-0.00001581455571,90.4039194014252,0.00000323543732
951,left road,951,0.59499996900558,0.0,6.79999971389771,0.64999997615814,0.0,-0.15000000596046,0.59499996900558,0.0,6.79999971389771,5.87973546981812,1.20477902889252,-1.33747363090515,5.84711408615112,1.19734215736389,-1.28724277019501,"(5.847114, 1.197342, -1.287243)",EyeArea,9.77744293212891,0.1,5.87973546981812,1.20477902889252,-1.33747363090515,-0.00001581455571,90.4039194014252,0.00000323543732
952,left road,952,0.69499999284744,0.0,6.79999971389771,0.75,0.0,-0.15000000596046,0.69499999284744,0.0,6.79999971389771,5.87973546981812,1.20477902889252,-1.33747363090515,5.84773397445679,1.19734287261963,-1.28724718093872,"(5.847734, 1.197343, -1.287247)",EyeArea,9.72375679016113,0.1,5.87973546981812,1.20477902889252,-1.33747363090515,-0.00001581455571,90.4039194014252,0.00000323543732
953,left road,953,0.7950000166893,0.0,6.79999971389771,0.85000002384186,0.0,-0.15000000596046,0.7950000166893,0.0,6.79999971389771,5.87973546981812,1.20477902889252,-1.33747363090515,5.84835433959961,1.19734346866608,-1.28725159168243,"(5.848354, 1.197343, -1.287252)",EyeArea,9.67080593109131,0.1,5.87973546981812,1.20477902889252,-1.33747363090515,-0.00001581455571,90.4039194014252,0.00000323543732
954,left road,954,0.89499998092651,0.0,6.79999971389771,0.94999998807907,0.0,-0.15000000596046,0.89499998092651,0.0,6.79999971389771,5.87973546981812,1.20477902889252,-1.33747363090515,5.84897422790527,1.19734418392181,-1.28725588321686,"(5.848974, 1.197344, -1.287256)",EyeArea,9.61860466003418,0.1,5.87973546981812,1.20477902889252,-1.33747363090515,-0.00001581455571,90.4039194014252,0.00000323543732
955,left road,955,0.99499994516373,0.0,6.79999971389771,1.04999995231628,0.0,-0.15000000596046,0.99499994516373,0.0,6.79999971389771,5.87973546981812,1.20477902889252,-1.33747363090515,5.84959363937378,1.19734477996826,-1.28726029396057,"(5.849594, 1.197345, -1.28726)",EyeArea,9.56716251373291,0.1,5.87973546981812,1.20477902889252,-1.33747363090515,-0.00001581455571,90.4039194014252,0.00000323543732
956,left road,956,1.09500002861023,0.0,6.79999971389771,1.14999997615814,0.0,-0.15000000596046,1.09500002861023,0.0,6.79999971389771,5.87973546981812,1.20477902889252,-1.33747363090515,5.85021352767944,1.197345495224,-1.28726470470428,"(5.850214, 1.197345, -1.287265)",EyeArea,9.51649379730225,0.1,5.87973546981812,1.20477902889252,-1.33747363090515,-0.00001581455571,90.4039194014252,0.00000323543732
957,left road,957,1.19500005245209,0.0,6.79999971389771,1.25,0.0,-0.15000000596046,1.19500005245209,0.0,6.79999971389771,5.87973546981812,1.20477902889252,-1.33747363090515,5.85083246231079,1.19734609127045,-1.28726899623871,"(5.850832, 1.197346, -1.287269)",EyeArea,9.46660995483398,0.1,5.87973546981812,1.20477902889252,-1.33747363090515,-0.00001581455571,90.4039194014252,0.00000323543732
958,left road,958,1.29500007629395,0.0,6.79999971389771,1.35000002384186,0.0,-0.15000000596046,1.29500007629395,0.0,6.79999971389771,5.87973546981812,1.20477902889252,-1.33747363090515,5.8514518737793,1.19734668731689,-1.28727340698242,"(5.851452, 1.197347, -1.287273)",EyeArea,9.41752433776855,0.1,5.87973546981812,1.20477902889252,-1.33747363090515,-0.00001581455571,90.4039194014252,0.00000323543732
959,left road,959,1.3950001001358,0.0,6.79999971389771,1.45000004768372,0.0,-0.15000000596046,1.3950001001358,0.0,6.79999971389771,5.87973546981812,1.20477902889252,-1.33747363090515,5.8520712852478,1.19734740257263,-1.28727769851685,"(5.852071, 1.197347, -1.287278)",EyeArea,9.36924839019775,0.1,5.87973546981812,1.20477902889252,-1.33747363090515,-0.00001581455571,90.4039194014252,0.00000323543732
960,left road,960,1.49500000476837,0.0,6.79999971389771,1.54999995231628,0.0,-0.15000000596046,1.49500000476837,0.0,6.79999971389771,5.87973546981812,1.20477902889252,-1.33747363090515,5.85269069671631,1.19734799861908,-1.28728210926056,"(5.852691, 1.197348, -1.287282)",EyeArea,9.32179546356201,0.1,5.87973546981812,1.20477902889252,-1.33747363090515,-0.00001581455571,90.4039194014252,0.00000323543732
961,left road,961,1.59500002861023,0.0,6.79999971389771,1.64999997615814,0.0,-0.15000000596046,1.59500002861023,0.0,6.79999971389771,5.87973546981812,1.20477902889252,-1.33747363090515,5.85331010818481,1.19734871387482,-1.28728652000427,"(5.85331, 1.197349, -1.287287)",EyeArea,9.27517700195313,0.1,5.87973546981812,1.20477902889252,-1.33747363090515,-0.00001581455571,90.4039194014252,0.00000323543732
962,left road,962,1.69500005245209,0.0,6.79999971389771,1.75,0.0,-0.15000000596046,1.69500005245209,0.0,6.79999971389771,5.87973546981812,1.20477902889252,-1.33747363090515,5.853928565979,1.19734930992126,-1.2872908115387,"(5.853929, 1.197349, -1.287291)",EyeArea,9.22940826416016,0.1,5.87973546981812,1.20477902889252,-1.33747363090515,-0.00001581455571,90.4039194014252,0.00000323543732
963,left road,963,1.79500007629395,0.0,6.79999971389771,1.85000002384186,0.0,-0.15000000596046,1.79500007629395,0.0,6.79999971389771,5.87973546981812,1.20477902889252,-1.33747363090515,5.85454750061035,1.19734990596771,-1.28729522228241,"(5.854548, 1.19735, -1.287295)",EyeArea,9.18449878692627,0.1,5.87973546981812,1.20477902889252,-1.33747363090515,-0.00001581455571,90.4039194014252,0.00000323543732
964,left road,964,1.8950001001358,0.0,6.79999971389771,1.95000004768372,0.0,-0.15000000596046,1.8950001001358,0.0,6.79999971389771,5.87973546981812,1.20477902889252,-1.33747363090515,5.8551664352417,1.19735062122345,-1.28729951381683,"(5.855166, 1.197351, -1.2873)",EyeArea,9.14046382904053,0.1,5.87973546981812,1.20477902889252,-1.33747363090515,-0.00001581455571,90.4039194014252,0.00000323543732
965,left road,965,1.99500000476837,0.0,6.79999971389771,2.04999995231628,0.0,-0.15000000596046,1.99500000476837,0.0,6.79999971389771,5.87973546981812,1.20477902889252,-1.33747363090515,5.85578489303589,1.1973512172699,-1.28730392456055,"(5.855785, 1.197351, -1.287304)",EyeArea,9.09731483459473,0.1,5.87973546981812,1.20477902889252,-1.33747363090515,-0.00001581455571,90.4039194014252,0.00000323543732
966,left road,966,2.09500002861023,0.0,6.79999971389771,2.15000009536743,0.0,-0.15000000596046,2.09500002861023,0.0,6.79999971389771,5.87973546981812,1.20477902889252,-1.33747363090515,5.85640382766724,1.19735193252563,-1.28730833530426,"(5.856404, 1.197352, -1.287308)",EyeArea,9.05506420135498,0.1,5.87973546981812,1.20477902889252,-1.33747363090515,-0.00001581455571,90.4039194014252,0.00000323543732
967,left road,967,2.1949999332428,0.0,6.79999971389771,2.25,0.0,-0.15000000596046,2.1949999332428,0.0,6.79999971389771,5.87973546981812,1.20477902889252,-1.33747363090515,5.85702180862427,1.19735252857208,-1.28731262683868,"(5.857022, 1.197353, -1.287313)",EyeArea,9.01372528076172,0.1,5.87973546981812,1.20477902889252,-1.33747363090515,-0.00001581455571,90.4039194014252,0.00000323543732
968,left road,968,2.29499983787537,0.0,6.79999971389771,2.34999990463257,0.0,-0.15000000596046,2.29499983787537,0.0,6.79999971389771,5.87973546981812,1.20477902889252,-1.33747363090515,5.85764026641846,1.19735324382782,-1.2873170375824,"(5.85764, 1.197353, -1.287317)",EyeArea,8.97330951690674,0.1,5.87973546981812,1.20477902889252,-1.33747363090515,-0.00001581455571,90.4039194014252,0.00000323543732
969,left road,969,2.39499998092651,0.0,6.79999971389771,2.45000004768372,0.0,-0.15000000596046,2.39499998092651,0.0,6.79999971389771,5.87973546981812,1.20477902889252,-1.33747363090515,5.85825872421265,1.19735383987427,-1.28732132911682,"(5.858259, 1.197354, -1.287321)",EyeArea,8.93383121490479,0.1,5.87973546981812,1.20477902889252,-1.33747363090515,-0.00001581455571,90.4039194014252,0.00000323543732
970,left road,970,2.49499988555908,0.0,6.79999971389771,2.54999995231628,0.0,-0.15000000596046,2.49499988555908,0.0,6.79999971389771,5.87973546981812,1.20477902889252,-1.33747363090515,5.85887670516968,1.19735443592072,-1.28732573986053,"(5.858877, 1.197354, -1.287326)",EyeArea,8.89530181884766,0.1,5.87973546981812,1.20477902889252,-1.33747363090515,-0.00001581455571,90.4039194014252,0.00000323543732
971,left road,971,2.59500002861023,0.0,6.79999971389771,2.65000009536743,0.0,-0.15000000596046,2.59500002861023,0.0,6.79999971389771,5.87973546981812,1.20477902889252,-1.33747363090515,5.85949468612671,1.19735515117645,-1.28733003139496,"(5.859495, 1.197355, -1.28733)",EyeArea,8.85773372650146,0.1,5.87973546981812,1.20477902889252,-1.33747363090515,-0.00001581455571,90.4039194014252,0.00000323543732
972,left road,972,2.6949999332428,0.0,6.79999971389771,2.75,0.0,-0.15000000596046,2.6949999332428,0.0,6.79999971389771,5.87973546981812,1.20477902889252,-1.33747363090515,5.86011266708374,1.1973557472229,-1.28733444213867,"(5.860113, 1.197356, -1.287334)",EyeArea,8.82113933563232,0.1,5.87973546981812,1.20477902889252,-1.33747363090515,-0.00001581455571,90.4039194014252,0.00000323543732
973,left road,973,2.79499983787537,0.0,6.79999971389771,2.84999990463257,0.0,-0.15000000596046,2.79499983787537,0.0,6.79999971389771,5.87973546981812,1.20477902889252,-1.33747363090515,5.86073064804077,1.19735646247864,-1.2873387336731,"(5.860731, 1.197356, -1.287339)",EyeArea,8.78553104400635,0.1,5.87973546981812,1.20477902889252,-1.33747363090515,-0.00001581455571,90.4039194014252,0.00000323543732
974,left road,974,2.89499998092651,0.0,6.79999971389771,2.95000004768372,0.0,-0.15000000596046,2.89499998092651,0.0,6.79999971389771,5.87973546981812,1.20477902889252,-1.33747363090515,5.86134815216064,1.19735705852509,-1.28734314441681,"(5.861348, 1.197357, -1.287343)",EyeArea,8.75092029571533,0.1,5.87973546981812,1.20477902889252,-1.33747363090515,-0.00001581455571,90.4039194014252,0.00000323543732
975,left road,975,2.99499988555908,0.0,6.79999971389771,3.04999995231628,0.0,-0.15000000596046,2.99499988555908,0.0,6.79999971389771,5.87973546981812,1.20477902889252,-1.33747363090515,5.86196565628052,1.19735777378082,-1.28734755516052,"(5.861966, 1.197358, -1.287348)",EyeArea,8.71731948852539,0.1,5.87973546981812,1.20477902889252,-1.33747363090515,-0.00001581455571,90.4039194014252,0.00000323543732
976,left road,976,3.09500002861023,0.0,6.79999971389771,3.15000009536743,0.0,-0.15000000596046,3.09500002861023,0.0,6.79999971389771,5.87973546981812,1.20477902889252,-1.33747363090515,5.86258316040039,1.19735836982727,-1.28735184669495,"(5.862583, 1.197358, -1.287352)",EyeArea,8.68474006652832,0.1,5.87973546981812,1.20477902889252,-1.33747363090515,-0.00001581455571,90.4039194014252,0.00000323543732
977,left road,977,3.1949999332428,0.0,6.79999971389771,3.25,0.0,-0.15000000596046,3.1949999332428,0.0,6.79999971389771,5.87973546981812,1.20477902889252,-1.33747363090515,5.86320066452026,1.19735896587372,-1.28735625743866,"(5.863201, 1.197359, -1.287356)",EyeArea,8.65319347381592,0.1,5.87973546981812,1.20477902889252,-1.33747363090515,-0.00001581455571,90.4039194014252,0.00000323543732
978,left road,978,3.29499983787537,0.0,6.79999971389771,3.34999990463257,0.0,-0.15000000596046,3.29499983787537,0.0,6.79999971389771,5.87973546981812,1.20477902889252,-1.33747363090515,5.86381769180298,1.19735968112946,-1.28736054897308,"(5.863818, 1.19736, -1.287361)",EyeArea,8.6226921081543,0.1,5.87973546981812,1.20477902889252,-1.33747363090515,-0.00001581455571,90.4039194014252,0.00000323543732
979,left road,979,3.39499998092651,0.0,6.79999971389771,3.45000004768372,0.0,-0.15000000596046,3.39499998092651,0.0,6.79999971389771,5.87973546981812,1.20477902889252,-1.33747363090515,5.86443519592285,1.1973602771759,-1.2873649597168,"(5.864435, 1.19736, -1.287365)",EyeArea,8.59324550628662,0.1,5.87973546981812,1.20477902889252,-1.33747363090515,-0.00001581455571,90.4039194014252,0.00000323543732
980,left road,980,-3.50500011444092,0.0,6.89999961853027,-3.45000004768372,0.0,-0.05000000074506,-3.50500011444092,0.0,6.89999961853027,5.87973546981812,1.20477902889252,-1.33747363090515,5.3216872215271,1.13313865661621,-0.8476454615593,"(5.321687, 1.133139, -0.847645)",truck body CS,12.5451469421387,0.1,5.87973546981812,1.20477902889252,-1.33747363090515,-0.00001581455571,90.4039194014252,0.00000323543732
981,left road,981,-3.40499997138977,0.0,6.89999961853027,-3.34999990463257,0.0,-0.05000000074506,-3.40499997138977,0.0,6.89999961853027,5.87973546981812,1.20477902889252,-1.33747363090515,5.32016277313232,1.13216936588287,-0.84101754426956,"(5.320163, 1.132169, -0.841018)",truck body CS,12.470516204834,0.1,5.87973546981812,1.20477902889252,-1.33747363090515,-0.00001581455571,90.4039194014252,0.00000323543732
982,left road,982,-3.3050000667572,0.0,6.89999961853027,-3.25,0.0,-0.05000000074506,-3.3050000667572,0.0,6.89999961853027,5.87973546981812,1.20477902889252,-1.33747363090515,5.31986522674561,1.13133990764618,-0.83534616231918,"(5.319865, 1.13134, -0.835346)",truck body CS,12.3962421417236,0.1,5.87973546981812,1.20477902889252,-1.33747363090515,-0.00001581455571,90.4039194014252,0.00000323543732
983,left road,983,-3.20500016212463,0.0,6.89999961853027,-3.15000009536743,0.0,-0.05000000074506,-3.20500016212463,0.0,6.89999961853027,5.87973546981812,1.20477902889252,-1.33747363090515,5.31990909576416,1.13053715229034,-0.82985782623291,"(5.319909, 1.130537, -0.829858)",truck body CS,12.3223333358765,0.1,5.87973546981812,1.20477902889252,-1.33747363090515,-0.00001581455571,90.4039194014252,0.00000323543732
984,left road,984,-3.10500001907349,0.0,6.89999961853027,-3.04999995231628,0.0,-0.05000000074506,-3.10500001907349,0.0,6.89999961853027,5.87973546981812,1.20477902889252,-1.33747363090515,5.31995296478271,1.12971675395966,-0.82424795627594,"(5.319953, 1.129717, -0.824248)",truck body CS,12.2487926483154,0.1,5.87973546981812,1.20477902889252,-1.33747363090515,-0.00001581455571,90.4039194014252,0.00000323543732
985,left road,985,-3.00500011444092,0.0,6.89999961853027,-2.95000004768372,0.0,-0.05000000074506,-3.00500011444092,0.0,6.89999961853027,5.87973546981812,1.20477902889252,-1.33747363090515,5.31999778747559,1.12887799739838,-0.81851369142532,"(5.319998, 1.128878, -0.818514)",truck body CS,12.175630569458,0.1,5.87973546981812,1.20477902889252,-1.33747363090515,-0.00001581455571,90.4039194014252,0.00000323543732
986,left road,986,-2.90499997138977,0.0,6.89999961853027,-2.84999990463257,0.0,-0.05000000074506,-2.90499997138977,0.0,6.89999961853027,5.87973546981812,1.20477902889252,-1.33747363090515,5.32004261016846,1.12802004814148,-0.81264752149582,"(5.320043, 1.12802, -0.812648)",truck body CS,12.1028518676758,0.1,5.87973546981812,1.20477902889252,-1.33747363090515,-0.00001581455571,90.4039194014252,0.00000323543732
987,left road,987,-2.8050000667572,0.0,6.89999961853027,-2.75,0.0,-0.05000000074506,-2.8050000667572,0.0,6.89999961853027,5.87973546981812,1.20477902889252,-1.33747363090515,5.32012128829956,1.12714719772339,-0.80667901039124,"(5.320121, 1.127147, -0.806679)",truck body CS,12.0304651260376,0.1,5.87973546981812,1.20477902889252,-1.33747363090515,-0.00001581455571,90.4039194014252,0.00000323543732
988,left road,988,-2.70500016212463,0.0,6.89999961853027,-2.65000009536743,0.0,-0.05000000074506,-2.70500016212463,0.0,6.89999961853027,5.87973546981812,1.20477902889252,-1.33747363090515,5.3216757774353,1.12646102905273,-0.80198800563812,"(5.321676, 1.126461, -0.801988)",truck body CS,11.9584760665894,0.1,5.87973546981812,1.20477902889252,-1.33747363090515,-0.00001581455571,90.4039194014252,0.00000323543732
989,left road,989,-2.60500001907349,0.0,6.89999961853027,-2.54999995231628,0.0,-0.05000000074506,-2.60500001907349,0.0,6.89999961853027,5.87973546981812,1.20477902889252,-1.33747363090515,5.32325887680054,1.12576282024384,-0.79721367359161,"(5.323259, 1.125763, -0.797214)",truck body CS,11.8868923187256,0.1,5.87973546981812,1.20477902889252,-1.33747363090515,-0.00001581455571,90.4039194014252,0.00000323543732
990,left road,990,-2.50500011444092,0.0,6.89999961853027,-2.45000004768372,0.0,-0.05000000074506,-2.50500011444092,0.0,6.89999961853027,5.87973546981812,1.20477902889252,-1.33747363090515,5.32487154006958,1.12505221366882,-0.79235517978668,"(5.324872, 1.125052, -0.792355)",truck body CS,11.8157196044922,0.1,5.87973546981812,1.20477902889252,-1.33747363090515,-0.00001581455571,90.4039194014252,0.00000323543732
991,left road,991,-2.40499997138977,0.0,6.89999961853027,-2.34999990463257,0.0,-0.05000000074506,-2.40499997138977,0.0,6.89999961853027,5.87973546981812,1.20477902889252,-1.33747363090515,5.32651138305664,1.12432837486267,-0.7874054312706,"(5.326511, 1.124328, -0.787405)",truck body CS,11.744969367981,0.1,5.87973546981812,1.20477902889252,-1.33747363090515,-0.00001581455571,90.4039194014252,0.00000323543732
992,left road,992,-2.3050000667572,0.0,6.89999961853027,-2.25,0.0,-0.05000000074506,-2.3050000667572,0.0,6.89999961853027,5.87973546981812,1.20477902889252,-1.33747363090515,5.32818222045898,1.12359142303467,-0.78236669301987,"(5.328182, 1.123591, -0.782367)",truck body CS,11.6746463775635,0.1,5.87973546981812,1.20477902889252,-1.33747363090515,-0.00001581455571,90.4039194014252,0.00000323543732
993,left road,993,-2.20500016212463,0.0,6.89999961853027,-2.15000009536743,0.0,-0.05000000074506,-2.20500016212463,0.0,6.89999961853027,5.87973546981812,1.20477902889252,-1.33747363090515,5.33052349090576,1.12293601036072,-0.77788579463959,"(5.330523, 1.122936, -0.777886)",truck body CS,11.6047582626343,0.1,5.87973546981812,1.20477902889252,-1.33747363090515,-0.00001581455571,90.4039194014252,0.00000323543732
994,left road,994,-2.10500001907349,0.0,6.89999961853027,-2.04999995231628,0.0,-0.05000000074506,-2.10500001907349,0.0,6.89999961853027,5.87973546981812,1.20477902889252,-1.33747363090515,5.33367729187012,1.12238669395447,-0.77413070201874,"(5.333677, 1.122387, -0.774131)",truck body CS,11.5353145599365,0.1,5.87973546981812,1.20477902889252,-1.33747363090515,-0.00001581455571,90.4039194014252,0.00000323543732
995,left road,995,-2.00500011444092,0.0,6.89999961853027,-1.95000004768372,0.0,-0.05000000074506,-2.00500011444092,0.0,6.89999961853027,5.87973546981812,1.20477902889252,-1.33747363090515,5.33687114715576,1.12182986736298,-0.77032279968262,"(5.336871, 1.12183, -0.770323)",truck body CS,11.4663209915161,0.1,5.87973546981812,1.20477902889252,-1.33747363090515,-0.00001581455571,90.4039194014252,0.00000323543732
996,left road,996,-1.90499997138977,0.0,6.89999961853027,-1.85000002384186,0.0,-0.05000000074506,-1.90499997138977,0.0,6.89999961853027,5.87973546981812,1.20477902889252,-1.33747363090515,5.34010982513428,1.12126541137695,-0.76646393537521,"(5.34011, 1.121265, -0.766464)",truck body CS,11.3977880477905,0.1,5.87973546981812,1.20477902889252,-1.33747363090515,-0.00001581455571,90.4039194014252,0.00000323543732
997,left road,997,-1.80499994754791,0.0,6.89999961853027,-1.75,0.0,-0.05000000074506,-1.80499994754791,0.0,6.89999961853027,5.87973546981812,1.20477902889252,-1.33747363090515,5.34339094161987,1.12069308757782,-0.76255106925964,"(5.343391, 1.120693, -0.762551)",truck body CS,11.3297233581543,0.1,5.87973546981812,1.20477902889252,-1.33747363090515,-0.00001581455571,90.4039194014252,0.00000323543732
998,left road,998,-1.70499992370605,0.0,6.89999961853027,-1.64999997615814,0.0,-0.05000000074506,-1.70499992370605,0.0,6.89999961853027,5.87973546981812,1.20477902889252,-1.33747363090515,5.34671831130981,1.12011313438416,-0.75858545303345,"(5.346718, 1.120113, -0.758585)",truck body CS,11.262134552002,0.1,5.87973546981812,1.20477902889252,-1.33747363090515,-0.00001581455571,90.4039194014252,0.00000323543732
999,left road,999,-1.6049998998642,0.0,6.89999961853027,-1.54999995231628,0.0,-0.05000000074506,-1.6049998998642,0.0,6.89999961853027,5.87973546981812,1.20477902889252,-1.33747363090515,5.35009241104126,1.11952519416809,-0.75456458330154,"(5.350092, 1.119525, -0.754565)",truck body CS,11.195032119751,0.1,5.87973546981812,1.20477902889252,-1.33747363090515,-0.00001581455571,90.4039194014252,0.00000323543732
1000,left road,1000,-1.50499999523163,0.0,6.89999961853027,-1.45000004768372,0.0,-0.05000000074506,-1.50499999523163,0.0,6.89999961853027,5.87973546981812,1.20477902889252,-1.33747363090515,5.35351467132568,1.11892890930176,-0.75048792362213,"(5.353515, 1.118929, -0.750488)",truck body CS,11.1284217834473,0.1,5.87973546981812,1.20477902889252,-1.33747363090515,-0.00001581455571,90.4039194014252,0.00000323543732
1001,left road,1001,-1.40499997138977,0.0,6.89999961853027,-1.35000002384186,0.0,-0.05000000074506,-1.40499997138977,0.0,6.89999961853027,5.87973546981812,1.20477902889252,-1.33747363090515,5.35698175430298,1.11832392215729,-0.74635118246078,"(5.356982, 1.118324, -0.746351)",truck body CS,11.0623159408569,0.1,5.87973546981812,1.20477902889252,-1.33747363090515,-0.00001581455571,90.4039194014252,0.00000323543732
1002,left road,1002,-1.30499994754791,0.0,6.89999961853027,-1.25,0.0,-0.05000000074506,-1.30499994754791,0.0,6.89999961853027,5.87973546981812,1.20477902889252,-1.33747363090515,5.36050176620483,1.11771082878113,-0.74215918779373,"(5.360502, 1.117711, -0.742159)",truck body CS,10.9967212677002,0.1,5.87973546981812,1.20477902889252,-1.33747363090515,-0.00001581455571,90.4039194014252,0.00000323543732
1003,left road,1003,-1.20499992370605,0.0,6.89999961853027,-1.14999997615814,0.0,-0.05000000074506,-1.20499992370605,0.0,6.89999961853027,5.87973546981812,1.20477902889252,-1.33747363090515,5.36407041549683,1.11708867549896,-0.73790538311005,"(5.36407, 1.117089, -0.737905)",truck body CS,10.9316482543945,0.1,5.87973546981812,1.20477902889252,-1.33747363090515,-0.00001581455571,90.4039194014252,0.00000323543732
1004,left road,1004,-1.1049998998642,0.0,6.89999961853027,-1.04999995231628,0.0,-0.05000000074506,-1.1049998998642,0.0,6.89999961853027,5.87973546981812,1.20477902889252,-1.33747363090515,5.36769008636475,1.11645758152008,-0.73359090089798,"(5.36769, 1.116458, -0.733591)",truck body CS,10.8671064376831,0.1,5.87973546981812,1.20477902889252,-1.33747363090515,-0.00001581455571,90.4039194014252,0.00000323543732
1005,left road,1005,-1.00499999523163,0.0,6.89999961853027,-0.94999998807907,0.0,-0.05000000074506,-1.00499999523163,0.0,6.89999961853027,5.87973546981812,1.20477902889252,-1.33747363090515,5.37136220932007,1.1158173084259,-0.72921323776245,"(5.371362, 1.115817, -0.729213)",truck body CS,10.8031034469604,0.1,5.87973546981812,1.20477902889252,-1.33747363090515,-0.00001581455571,90.4039194014252,0.00000323543732
1006,left road,1006,-0.90500003099442,0.0,6.89999961853027,-0.85000002384186,0.0,-0.05000000074506,-0.90500003099442,0.0,6.89999961853027,5.87973546981812,1.20477902889252,-1.33747363090515,5.37508535385132,1.11516726016998,-0.72476822137833,"(5.375085, 1.115167, -0.724768)",truck body CS,10.7396507263184,0.1,5.87973546981812,1.20477902889252,-1.33747363090515,-0.00001581455571,90.4039194014252,0.00000323543732
1007,left road,1007,-0.80500000715256,0.0,6.89999961853027,-0.75,0.0,-0.05000000074506,-0.80500000715256,0.0,6.89999961853027,5.87973546981812,1.20477902889252,-1.33747363090515,5.37886571884155,1.11450803279877,-0.72026073932648,"(5.378866, 1.114508, -0.720261)",truck body CS,10.6767578125,0.1,5.87973546981812,1.20477902889252,-1.33747363090515,-0.00001581455571,90.4039194014252,0.00000323543732
1008,left road,1008,-0.7049999833107,0.0,6.89999961853027,-0.64999997615814,0.0,-0.05000000074506,-0.7049999833107,0.0,6.89999961853027,5.87973546981812,1.20477902889252,-1.33747363090515,5.38269853591919,1.11383843421936,-0.71568298339844,"(5.382699, 1.113838, -0.715683)",truck body CS,10.6144342422485,0.1,5.87973546981812,1.20477902889252,-1.33747363090515,-0.00001581455571,90.4039194014252,0.00000323543732
1009,left road,1009,-0.60500001907349,0.0,6.89999961853027,-0.55000001192093,0.0,-0.05000000074506,-0.60500001907349,0.0,6.89999961853027,5.87973546981812,1.20477902889252,-1.33747363090515,5.38659238815308,1.11315941810608,-0.7110401391983,"(5.386592, 1.113159, -0.71104)",truck body CS,10.5526895523071,0.1,5.87973546981812,1.20477902889252,-1.33747363090515,-0.00001581455571,90.4039194014252,0.00000323543732
1010,left road,1010,-0.50499999523163,0.0,6.89999961853027,-0.44999998807907,0.0,-0.05000000074506,-0.50499999523163,0.0,6.89999961853027,5.87973546981812,1.20477902889252,-1.33747363090515,5.39054298400879,1.11247003078461,-0.70632636547089,"(5.390543, 1.11247, -0.706326)",truck body CS,10.4915351867676,0.1,5.87973546981812,1.20477902889252,-1.33747363090515,-0.00001581455571,90.4039194014252,0.00000323543732
1011,left road,1011,-0.40500000119209,0.0,6.89999961853027,-0.34999999403954,0.0,-0.05000000074506,-0.40500000119209,0.0,6.89999961853027,5.87973546981812,1.20477902889252,-1.33747363090515,5.39455318450928,1.11176991462708,-0.70153915882111,"(5.394553, 1.11177, -0.701539)",truck body CS,10.430980682373,0.1,5.87973546981812,1.20477902889252,-1.33747363090515,-0.00001581455571,90.4039194014252,0.00000323543732
1012,left road,1012,-0.30500000715256,0.0,6.89999961853027,-0.25,0.0,-0.05000000074506,-0.30500000715256,0.0,6.89999961853027,5.87973546981812,1.20477902889252,-1.33747363090515,5.4019079208374,1.1116988658905,-0.70105338096619,"(5.401908, 1.111699, -0.701053)",truck body CS,10.3710374832153,0.1,5.87973546981812,1.20477902889252,-1.33747363090515,-0.00001581455571,90.4039194014252,0.00000323543732
1013,left road,1013,-0.20500001311302,0.0,6.89999961853027,-0.15000000596046,0.0,-0.05000000074506,-0.20500001311302,0.0,6.89999961853027,5.87973546981812,1.20477902889252,-1.33747363090515,5.41039609909058,1.1118495464325,-0.70208477973938,"(5.410396, 1.11185, -0.702085)",truck body CS,10.3117151260376,0.1,5.87973546981812,1.20477902889252,-1.33747363090515,-0.00001581455571,90.4039194014252,0.00000323543732
1014,left road,1014,-0.10500000417233,0.0,6.89999961853027,-0.05000000074506,0.0,-0.05000000074506,-0.10500000417233,0.0,6.89999961853027,5.87973546981812,1.20477902889252,-1.33747363090515,5.41885805130005,1.11200046539307,-0.70311546325684,"(5.418858, 1.112, -0.703115)",truck body CS,10.2530250549316,0.1,5.87973546981812,1.20477902889252,-1.33747363090515,-0.00001581455571,90.4039194014252,0.00000323543732
1015,left road,1015,-0.00499999895692,0.0,6.89999961853027,0.05000000074506,0.0,-0.05000000074506,-0.00499999895692,0.0,6.89999961853027,5.87973546981812,1.20477902889252,-1.33747363090515,5.42729091644287,1.11215019226074,-0.70414042472839,"(5.427291, 1.11215, -0.70414)",truck body CS,10.1949777603149,0.1,5.87973546981812,1.20477902889252,-1.33747363090515,-0.00001581455571,90.4039194014252,0.00000323543732
1016,left road,1016,0.09500000625849,0.0,6.89999961853027,0.15000000596046,0.0,-0.05000000074506,0.09500000625849,0.0,6.89999961853027,5.87973546981812,1.20477902889252,-1.33747363090515,5.43533134460449,1.11222362518311,-0.70464086532593,"(5.435331, 1.112224, -0.704641)",truck body CS,10.1375846862793,0.1,5.87973546981812,1.20477902889252,-1.33747363090515,-0.00001581455571,90.4039194014252,0.00000323543732
1017,left road,1017,0.19499999284744,0.0,6.89999961853027,0.25,0.0,-0.05000000074506,0.19499999284744,0.0,6.89999961853027,5.87973546981812,1.20477902889252,-1.33747363090515,5.44440269470215,1.11251783370972,-0.7066535949707,"(5.444403, 1.112518, -0.706654)",truck body CS,10.0808572769165,0.1,5.87973546981812,1.20477902889252,-1.33747363090515,-0.00001581455571,90.4039194014252,0.00000323543732
1018,left road,1018,0.29499998688698,0.0,6.89999961853027,0.34999999403954,0.0,-0.05000000074506,0.29499998688698,0.0,6.89999961853027,5.87973546981812,1.20477902889252,-1.33747363090515,5.84567356109619,1.19743096828461,-1.2872326374054,"(5.845674, 1.197431, -1.287233)",EyeArea,10.024806022644,0.1,5.87973546981812,1.20477902889252,-1.33747363090515,-0.00001581455571,90.4039194014252,0.00000323543732
1019,left road,1019,0.39499998092651,0.0,6.89999961853027,0.44999998807907,0.0,-0.05000000074506,0.39499998092651,0.0,6.89999961853027,5.87973546981812,1.20477902889252,-1.33747363090515,5.84628629684448,1.19743156433105,-1.28723692893982,"(5.846286, 1.197432, -1.287237)",EyeArea,9.96944236755371,0.1,5.87973546981812,1.20477902889252,-1.33747363090515,-0.00001581455571,90.4039194014252,0.00000323543732
1020,left road,1020,0.49500000476837,0.0,6.89999961853027,0.55000001192093,0.0,-0.05000000074506,0.49500000476837,0.0,6.89999961853027,5.87973546981812,1.20477902889252,-1.33747363090515,5.84689950942993,1.19743227958679,-1.28724133968353,"(5.8469, 1.197432, -1.287241)",EyeArea,9.91477870941162,0.1,5.87973546981812,1.20477902889252,-1.33747363090515,-0.00001581455571,90.4039194014252,0.00000323543732
1021,left road,1021,0.59499996900558,0.0,6.89999961853027,0.64999997615814,0.0,-0.05000000074506,0.59499996900558,0.0,6.89999961853027,5.87973546981812,1.20477902889252,-1.33747363090515,5.84751176834106,1.19743287563324,-1.28724563121796,"(5.847512, 1.197433, -1.287246)",EyeArea,9.86082649230957,0.1,5.87973546981812,1.20477902889252,-1.33747363090515,-0.00001581455571,90.4039194014252,0.00000323543732
1022,left road,1022,0.69499999284744,0.0,6.89999961853027,0.75,0.0,-0.05000000074506,0.69499999284744,0.0,6.89999961853027,5.87973546981812,1.20477902889252,-1.33747363090515,5.84812450408936,1.19743359088898,-1.28724992275238,"(5.848125, 1.197434, -1.28725)",EyeArea,9.80759620666504,0.1,5.87973546981812,1.20477902889252,-1.33747363090515,-0.00001581455571,90.4039194014252,0.00000323543732
1023,left road,1023,0.7950000166893,0.0,6.89999961853027,0.85000002384186,0.0,-0.05000000074506,0.7950000166893,0.0,6.89999961853027,5.87973546981812,1.20477902889252,-1.33747363090515,5.84873676300049,1.19743406772614,-1.2872542142868,"(5.848737, 1.197434, -1.287254)",EyeArea,9.75510120391846,0.1,5.87973546981812,1.20477902889252,-1.33747363090515,-0.00001581455571,90.4039194014252,0.00000323543732
1024,left road,1024,0.89499998092651,0.0,6.89999961853027,0.94999998807907,0.0,-0.05000000074506,0.89499998092651,0.0,6.89999961853027,5.87973546981812,1.20477902889252,-1.33747363090515,5.84934902191162,1.19743478298187,-1.28725850582123,"(5.849349, 1.197435, -1.287259)",EyeArea,9.70335292816162,0.1,5.87973546981812,1.20477902889252,-1.33747363090515,-0.00001581455571,90.4039194014252,0.00000323543732
1025,left road,1025,0.99499994516373,0.0,6.89999961853027,1.04999995231628,0.0,-0.05000000074506,0.99499994516373,0.0,6.89999961853027,5.87973546981812,1.20477902889252,-1.33747363090515,5.84996128082275,1.19743537902832,-1.28726291656494,"(5.849961, 1.197435, -1.287263)",EyeArea,9.65236282348633,0.1,5.87973546981812,1.20477902889252,-1.33747363090515,-0.00001581455571,90.4039194014252,0.00000323543732
1026,left road,1026,1.09500002861023,0.0,6.89999961853027,1.14999997615814,0.0,-0.05000000074506,1.09500002861023,0.0,6.89999961853027,5.87973546981812,1.20477902889252,-1.33747363090515,5.85057353973389,1.19743609428406,-1.28726720809937,"(5.850574, 1.197436, -1.287267)",EyeArea,9.60214328765869,0.1,5.87973546981812,1.20477902889252,-1.33747363090515,-0.00001581455571,90.4039194014252,0.00000323543732
1027,left road,1027,1.19500005245209,0.0,6.89999961853027,1.25,0.0,-0.05000000074506,1.19500005245209,0.0,6.89999961853027,5.87973546981812,1.20477902889252,-1.33747363090515,5.8511848449707,1.19743669033051,-1.28727149963379,"(5.851185, 1.197437, -1.287271)",EyeArea,9.55270671844482,0.1,5.87973546981812,1.20477902889252,-1.33747363090515,-0.00001581455571,90.4039194014252,0.00000323543732
1028,left road,1028,1.29500007629395,0.0,6.89999961853027,1.35000002384186,0.0,-0.05000000074506,1.29500007629395,0.0,6.89999961853027,5.87973546981812,1.20477902889252,-1.33747363090515,5.85179662704468,1.19743728637695,-1.28727579116821,"(5.851797, 1.197437, -1.287276)",EyeArea,9.50406551361084,0.1,5.87973546981812,1.20477902889252,-1.33747363090515,-0.00001581455571,90.4039194014252,0.00000323543732
1029,left road,1029,1.3950001001358,0.0,6.89999961853027,1.45000004768372,0.0,-0.05000000074506,1.3950001001358,0.0,6.89999961853027,5.87973546981812,1.20477902889252,-1.33747363090515,5.85240840911865,1.1974378824234,-1.28728008270264,"(5.852408, 1.197438, -1.28728)",EyeArea,9.45623207092285,0.1,5.87973546981812,1.20477902889252,-1.33747363090515,-0.00001581455571,90.4039194014252,0.00000323543732
1030,left road,1030,1.49500000476837,0.0,6.89999961853027,1.54999995231628,0.0,-0.05000000074506,1.49500000476837,0.0,6.89999961853027,5.87973546981812,1.20477902889252,-1.33747363090515,5.85302019119263,1.19743859767914,-1.28728437423706,"(5.85302, 1.197439, -1.287284)",EyeArea,9.40921688079834,0.1,5.87973546981812,1.20477902889252,-1.33747363090515,-0.00001581455571,90.4039194014252,0.00000323543732
1031,left road,1031,1.59500002861023,0.0,6.89999961853027,1.64999997615814,0.0,-0.05000000074506,1.59500002861023,0.0,6.89999961853027,5.87973546981812,1.20477902889252,-1.33747363090515,5.8536319732666,1.19743919372559,-1.28728878498077,"(5.853632, 1.197439, -1.287289)",EyeArea,9.36303520202637,0.1,5.87973546981812,1.20477902889252,-1.33747363090515,-0.00001581455571,90.4039194014252,0.00000323543732
1032,left road,1032,1.69500005245209,0.0,6.89999961853027,1.75,0.0,-0.05000000074506,1.69500005245209,0.0,6.89999961853027,5.87973546981812,1.20477902889252,-1.33747363090515,5.85424327850342,1.19743990898132,-1.2872930765152,"(5.854243, 1.19744, -1.287293)",EyeArea,9.3176965713501,0.1,5.87973546981812,1.20477902889252,-1.33747363090515,-0.00001581455571,90.4039194014252,0.00000323543732
1033,left road,1033,1.79500007629395,0.0,6.89999961853027,1.85000002384186,0.0,-0.05000000074506,1.79500007629395,0.0,6.89999961853027,5.87973546981812,1.20477902889252,-1.33747363090515,5.85485410690308,1.19744038581848,-1.28729736804962,"(5.854854, 1.19744, -1.287297)",EyeArea,9.27321529388428,0.1,5.87973546981812,1.20477902889252,-1.33747363090515,-0.00001581455571,90.4039194014252,0.00000323543732
1034,left road,1034,1.8950001001358,0.0,6.89999961853027,1.95000004768372,0.0,-0.05000000074506,1.8950001001358,0.0,6.89999961853027,5.87973546981812,1.20477902889252,-1.33747363090515,5.85546541213989,1.19744110107422,-1.28730165958405,"(5.855465, 1.197441, -1.287302)",EyeArea,9.22960376739502,0.1,5.87973546981812,1.20477902889252,-1.33747363090515,-0.00001581455571,90.4039194014252,0.00000323543732
1035,left road,1035,1.99500000476837,0.0,6.89999961853027,2.04999995231628,0.0,-0.05000000074506,1.99500000476837,0.0,6.89999961853027,5.87973546981812,1.20477902889252,-1.33747363090515,5.85607671737671,1.19744169712067,-1.28730595111847,"(5.856077, 1.197442, -1.287306)",EyeArea,9.18687343597412,0.1,5.87973546981812,1.20477902889252,-1.33747363090515,-0.00001581455571,90.4039194014252,0.00000323543732
1036,left road,1036,2.09500002861023,0.0,6.89999961853027,2.15000009536743,0.0,-0.05000000074506,2.09500002861023,0.0,6.89999961853027,5.87973546981812,1.20477902889252,-1.33747363090515,5.85668754577637,1.1974424123764,-1.28731024265289,"(5.856688, 1.197442, -1.28731)",EyeArea,9.14503574371338,0.1,5.87973546981812,1.20477902889252,-1.33747363090515,-0.00001581455571,90.4039194014252,0.00000323543732
1037,left road,1037,2.1949999332428,0.0,6.89999961853027,2.25,0.0,-0.05000000074506,2.1949999332428,0.0,6.89999961853027,5.87973546981812,1.20477902889252,-1.33747363090515,5.85729837417603,1.19744300842285,-1.28731465339661,"(5.857298, 1.197443, -1.287315)",EyeArea,9.10410594940186,0.1,5.87973546981812,1.20477902889252,-1.33747363090515,-0.00001581455571,90.4039194014252,0.00000323543732
1038,left road,1038,2.29499983787537,0.0,6.89999961853027,2.34999990463257,0.0,-0.05000000074506,2.29499983787537,0.0,6.89999961853027,5.87973546981812,1.20477902889252,-1.33747363090515,5.85790920257568,1.1974436044693,-1.28731894493103,"(5.857909, 1.197444, -1.287319)",EyeArea,9.06409358978271,0.1,5.87973546981812,1.20477902889252,-1.33747363090515,-0.00001581455571,90.4039194014252,0.00000323543732
1039,left road,1039,2.39499998092651,0.0,6.89999961853027,2.45000004768372,0.0,-0.05000000074506,2.39499998092651,0.0,6.89999961853027,5.87973546981812,1.20477902889252,-1.33747363090515,5.85852003097534,1.19744420051575,-1.28732323646545,"(5.85852, 1.197444, -1.287323)",EyeArea,9.02501201629639,0.1,5.87973546981812,1.20477902889252,-1.33747363090515,-0.00001581455571,90.4039194014252,0.00000323543732
1040,left road,1040,2.49499988555908,0.0,6.89999961853027,2.54999995231628,0.0,-0.05000000074506,2.49499988555908,0.0,6.89999961853027,5.87973546981812,1.20477902889252,-1.33747363090515,5.859130859375,1.19744491577148,-1.28732752799988,"(5.859131, 1.197445, -1.287328)",EyeArea,8.98687362670898,0.1,5.87973546981812,1.20477902889252,-1.33747363090515,-0.00001581455571,90.4039194014252,0.00000323543732
1041,left road,1041,2.59500002861023,0.0,6.89999961853027,2.65000009536743,0.0,-0.05000000074506,2.59500002861023,0.0,6.89999961853027,5.87973546981812,1.20477902889252,-1.33747363090515,5.8597412109375,1.19744551181793,-1.2873318195343,"(5.859741, 1.197446, -1.287332)",EyeArea,8.9496898651123,0.1,5.87973546981812,1.20477902889252,-1.33747363090515,-0.00001581455571,90.4039194014252,0.00000323543732
1042,left road,1042,2.6949999332428,0.0,6.89999961853027,2.75,0.0,-0.05000000074506,2.6949999332428,0.0,6.89999961853027,5.87973546981812,1.20477902889252,-1.33747363090515,5.8603515625,1.19744610786438,-1.28733611106873,"(5.860352, 1.197446, -1.287336)",EyeArea,8.91347312927246,0.1,5.87973546981812,1.20477902889252,-1.33747363090515,-0.00001581455571,90.4039194014252,0.00000323543732
1043,left road,1043,2.79499983787537,0.0,6.89999961853027,2.84999990463257,0.0,-0.05000000074506,2.79499983787537,0.0,6.89999961853027,5.87973546981812,1.20477902889252,-1.33747363090515,5.8609619140625,1.19744670391083,-1.28734040260315,"(5.860962, 1.197447, -1.28734)",EyeArea,8.87823486328125,0.1,5.87973546981812,1.20477902889252,-1.33747363090515,-0.00001581455571,90.4039194014252,0.00000323543732
1044,left road,1044,2.89499998092651,0.0,6.89999961853027,2.95000004768372,0.0,-0.05000000074506,2.89499998092651,0.0,6.89999961853027,5.87973546981812,1.20477902889252,-1.33747363090515,5.861572265625,1.19744741916656,-1.28734469413757,"(5.861572, 1.197447, -1.287345)",EyeArea,8.84398746490479,0.1,5.87973546981812,1.20477902889252,-1.33747363090515,-0.00001581455571,90.4039194014252,0.00000323543732
1045,left road,1045,2.99499988555908,0.0,6.89999961853027,3.04999995231628,0.0,-0.05000000074506,2.99499988555908,0.0,6.89999961853027,5.87973546981812,1.20477902889252,-1.33747363090515,5.86218214035034,1.19744801521301,-1.287348985672,"(5.862182, 1.197448, -1.287349)",EyeArea,8.81074142456055,0.1,5.87973546981812,1.20477902889252,-1.33747363090515,-0.00001581455571,90.4039194014252,0.00000323543732
1046,left road,1046,3.09500002861023,0.0,6.89999961853027,3.15000009536743,0.0,-0.05000000074506,3.09500002861023,0.0,6.89999961853027,5.87973546981812,1.20477902889252,-1.33747363090515,5.86279201507568,1.19744861125946,-1.28735327720642,"(5.862792, 1.197449, -1.287353)",EyeArea,8.77850914001465,0.1,5.87973546981812,1.20477902889252,-1.33747363090515,-0.00001581455571,90.4039194014252,0.00000323543732
1047,left road,1047,3.1949999332428,0.0,6.89999961853027,3.25,0.0,-0.05000000074506,3.1949999332428,0.0,6.89999961853027,5.87973546981812,1.20477902889252,-1.33747363090515,5.86340188980103,1.1974493265152,-1.28735756874084,"(5.863402, 1.197449, -1.287358)",EyeArea,8.74730014801025,0.1,5.87973546981812,1.20477902889252,-1.33747363090515,-0.00001581455571,90.4039194014252,0.00000323543732
1048,left road,1048,3.29499983787537,0.0,6.89999961853027,3.34999990463257,0.0,-0.05000000074506,3.29499983787537,0.0,6.89999961853027,5.87973546981812,1.20477902889252,-1.33747363090515,5.86401128768921,1.19744992256165,-1.28736186027527,"(5.864011, 1.19745, -1.287362)",EyeArea,8.71712875366211,0.1,5.87973546981812,1.20477902889252,-1.33747363090515,-0.00001581455571,90.4039194014252,0.00000323543732
1049,left road,1049,3.39499998092651,0.0,6.89999961853027,3.45000004768372,0.0,-0.05000000074506,3.39499998092651,0.0,6.89999961853027,5.87973546981812,1.20477902889252,-1.33747363090515,5.86462116241455,1.19745051860809,-1.28736627101898,"(5.864621, 1.197451, -1.287366)",EyeArea,8.68800163269043,0.1,5.87973546981812,1.20477902889252,-1.33747363090515,-0.00001581455571,90.4039194014252,0.00000323543732
1050,left road,1050,-3.50500011444092,0.0,7.0,-3.45000004768372,0.0,0.05000000074506,-3.50500011444092,0.0,7.0,5.87973546981812,1.20477902889252,-1.33747363090515,5.32271575927734,1.13327074050903,-0.84261322021484,"(5.322716, 1.133271, -0.842613)",truck body CS,12.6110353469849,0.1,5.87973546981812,1.20477902889252,-1.33747363090515,-0.00001581455571,90.4039194014252,0.00000323543732
1051,left road,1051,-3.40499997138977,0.0,7.0,-3.34999990463257,0.0,0.05000000074506,-3.40499997138977,0.0,7.0,5.87973546981812,1.20477902889252,-1.33747363090515,5.32186603546143,1.1323903799057,-0.8365198969841,"(5.321866, 1.13239, -0.83652)",truck body CS,12.5367965698242,0.1,5.87973546981812,1.20477902889252,-1.33747363090515,-0.00001581455571,90.4039194014252,0.00000323543732
1052,left road,1052,-3.3050000667572,0.0,7.0,-3.25,0.0,0.05000000074506,-3.3050000667572,0.0,7.0,5.87973546981812,1.20477902889252,-1.33747363090515,5.32192897796631,1.13161051273346,-0.83112323284149,"(5.321929, 1.131611, -0.831123)",truck body CS,12.4629182815552,0.1,5.87973546981812,1.20477902889252,-1.33747363090515,-0.00001581455571,90.4039194014252,0.00000323543732
1053,left road,1053,-3.20500016212463,0.0,7.0,-3.15000009536743,0.0,0.05000000074506,-3.20500016212463,0.0,7.0,5.87973546981812,1.20477902889252,-1.33747363090515,5.32199382781982,1.13081359863281,-0.82560873031616,"(5.321994, 1.130814, -0.825609)",truck body CS,12.3894062042236,0.1,5.87973546981812,1.20477902889252,-1.33747363090515,-0.00001581455571,90.4039194014252,0.00000323543732
1054,left road,1054,-3.10500001907349,0.0,7.0,-3.04999995231628,0.0,0.05000000074506,-3.10500001907349,0.0,7.0,5.87973546981812,1.20477902889252,-1.33747363090515,5.32206106185913,1.12999939918518,-0.81997406482697,"(5.322061, 1.129999, -0.819974)",truck body CS,12.3162670135498,0.1,5.87973546981812,1.20477902889252,-1.33747363090515,-0.00001581455571,90.4039194014252,0.00000323543732
1055,left road,1055,-3.00500011444092,0.0,7.0,-2.95000004768372,0.0,0.05000000074506,-3.00500011444092,0.0,7.0,5.87973546981812,1.20477902889252,-1.33747363090515,5.32212734222412,1.12916684150696,-0.81421184539795,"(5.322127, 1.129167, -0.814212)",truck body CS,12.2435073852539,0.1,5.87973546981812,1.20477902889252,-1.33747363090515,-0.00001581455571,90.4039194014252,0.00000323543732
1056,left road,1056,-2.90499997138977,0.0,7.0,-2.84999990463257,0.0,0.05000000074506,-2.90499997138977,0.0,7.0,5.87973546981812,1.20477902889252,-1.33747363090515,5.32219743728638,1.12831568717957,-0.80832141637802,"(5.322197, 1.128316, -0.808321)",truck body CS,12.1711349487305,0.1,5.87973546981812,1.20477902889252,-1.33747363090515,-0.00001581455571,90.4039194014252,0.00000323543732
1057,left road,1057,-2.8050000667572,0.0,7.0,-2.75,0.0,0.05000000074506,-2.8050000667572,0.0,7.0,5.87973546981812,1.20477902889252,-1.33747363090515,5.32243061065674,1.1274676322937,-0.80245292186737,"(5.322431, 1.127468, -0.802453)",truck body CS,12.0991563796997,0.1,5.87973546981812,1.20477902889252,-1.33747363090515,-0.00001581455571,90.4039194014252,0.00000323543732
1058,left road,1058,-2.70500016212463,0.0,7.0,-2.65000009536743,0.0,0.05000000074506,-2.70500016212463,0.0,7.0,5.87973546981812,1.20477902889252,-1.33747363090515,5.32399845123291,1.12678694725037,-0.79774314165115,"(5.323998, 1.126787, -0.797743)",truck body CS,12.0275793075562,0.1,5.87973546981812,1.20477902889252,-1.33747363090515,-0.00001581455571,90.4039194014252,0.00000323543732
1059,left road,1059,-2.60500001907349,0.0,7.0,-2.54999995231628,0.0,0.05000000074506,-2.60500001907349,0.0,7.0,5.87973546981812,1.20477902889252,-1.33747363090515,5.32559728622437,1.12609481811523,-0.79295295476913,"(5.325597, 1.126095, -0.792953)",truck body CS,11.9564085006714,0.1,5.87973546981812,1.20477902889252,-1.33747363090515,-0.00001581455571,90.4039194014252,0.00000323543732
1060,left road,1060,-2.50500011444092,0.0,7.0,-2.45000004768372,0.0,0.05000000074506,-2.50500011444092,0.0,7.0,5.87973546981812,1.20477902889252,-1.33747363090515,5.32722234725952,1.12539005279541,-0.78807508945465,"(5.327222, 1.12539, -0.788075)",truck body CS,11.8856525421143,0.1,5.87973546981812,1.20477902889252,-1.33747363090515,-0.00001581455571,90.4039194014252,0.00000323543732
1061,left road,1061,-2.40499997138977,0.0,7.0,-2.34999990463257,0.0,0.05000000074506,-2.40499997138977,0.0,7.0,5.87973546981812,1.20477902889252,-1.33747363090515,5.32887744903564,1.12467241287231,-0.78310889005661,"(5.328877, 1.124672, -0.783109)",truck body CS,11.8153209686279,0.1,5.87973546981812,1.20477902889252,-1.33747363090515,-0.00001581455571,90.4039194014252,0.00000323543732
1062,left road,1062,-2.3050000667572,0.0,7.0,-2.25,0.0,0.05000000074506,-2.3050000667572,0.0,7.0,5.87973546981812,1.20477902889252,-1.33747363090515,5.33116006851196,1.12402963638306,-0.77866172790527,"(5.33116, 1.12403, -0.778662)",truck body CS,11.745418548584,0.1,5.87973546981812,1.20477902889252,-1.33747363090515,-0.00001581455571,90.4039194014252,0.00000323543732
1063,left road,1063,-2.20500016212463,0.0,7.0,-2.15000009536743,0.0,0.05000000074506,-2.20500016212463,0.0,7.0,5.87973546981812,1.20477902889252,-1.33747363090515,5.33427429199219,1.12349486351013,-0.77496004104614,"(5.334274, 1.123495, -0.77496)",truck body CS,11.6759548187256,0.1,5.87973546981812,1.20477902889252,-1.33747363090515,-0.00001581455571,90.4039194014252,0.00000323543732
1064,left road,1064,-2.10500001907349,0.0,7.0,-2.04999995231628,0.0,0.05000000074506,-2.10500001907349,0.0,7.0,5.87973546981812,1.20477902889252,-1.33747363090515,5.33743000030518,1.12295317649841,-0.77121049165726,"(5.33743, 1.122953, -0.77121)",truck body CS,11.6069364547729,0.1,5.87973546981812,1.20477902889252,-1.33747363090515,-0.00001581455571,90.4039194014252,0.00000323543732
1065,left road,1065,-2.00500011444092,0.0,7.0,-1.95000004768372,0.0,0.05000000074506,-2.00500011444092,0.0,7.0,5.87973546981812,1.20477902889252,-1.33747363090515,5.34062719345093,1.12240374088287,-0.767409324646,"(5.340627, 1.122404, -0.767409)",truck body CS,11.5383710861206,0.1,5.87973546981812,1.20477902889252,-1.33747363090515,-0.00001581455571,90.4039194014252,0.00000323543732
1066,left road,1066,-1.90499997138977,0.0,7.0,-1.85000002384186,0.0,0.05000000074506,-1.90499997138977,0.0,7.0,5.87973546981812,1.20477902889252,-1.33747363090515,5.34386777877808,1.12184715270996,-0.7635577917099,"(5.343868, 1.121847, -0.763558)",truck body CS,11.470269203186,0.1,5.87973546981812,1.20477902889252,-1.33747363090515,-0.00001581455571,90.4039194014252,0.00000323543732
1067,left road,1067,-1.80499994754791,0.0,7.0,-1.75,0.0,0.05000000074506,-1.80499994754791,0.0,7.0,5.87973546981812,1.20477902889252,-1.33747363090515,5.3471531867981,1.12128305435181,-0.75965350866318,"(5.347153, 1.121283, -0.759654)",truck body CS,11.4026365280151,0.1,5.87973546981812,1.20477902889252,-1.33747363090515,-0.00001581455571,90.4039194014252,0.00000323543732
1068,left road,1068,-1.70499992370605,0.0,7.0,-1.64999997615814,0.0,0.05000000074506,-1.70499992370605,0.0,7.0,5.87973546981812,1.20477902889252,-1.33747363090515,5.35048294067383,1.12071108818054,-0.75569581985474,"(5.350483, 1.120711, -0.755696)",truck body CS,11.3354835510254,0.1,5.87973546981812,1.20477902889252,-1.33747363090515,-0.00001581455571,90.4039194014252,0.00000323543732
1069,left road,1069,-1.6049998998642,0.0,7.0,-1.54999995231628,0.0,0.05000000074506,-1.6049998998642,0.0,7.0,5.87973546981812,1.20477902889252,-1.33747363090515,5.35385894775391,1.12013149261475,-0.75168353319168,"(5.353859, 1.120131, -0.751684)",truck body CS,11.268816947937,0.1,5.87973546981812,1.20477902889252,-1.33747363090515,-0.00001581455571,90.4039194014252,0.00000323543732
1070,left road,1070,-1.50499999523163,0.0,7.0,-1.45000004768372,0.0,0.05000000074506,-1.50499999523163,0.0,7.0,5.87973546981812,1.20477902889252,-1.33747363090515,5.35728120803833,1.11954343318939,-0.74761420488358,"(5.357281, 1.119543, -0.747614)",truck body CS,11.2026462554932,0.1,5.87973546981812,1.20477902889252,-1.33747363090515,-0.00001581455571,90.4039194014252,0.00000323543732
1071,left road,1071,-1.40499997138977,0.0,7.0,-1.35000002384186,0.0,0.05000000074506,-1.40499997138977,0.0,7.0,5.87973546981812,1.20477902889252,-1.33747363090515,5.36075258255005,1.11894750595093,-0.7434908747673,"(5.360753, 1.118948, -0.743491)",truck body CS,11.136981010437,0.1,5.87973546981812,1.20477902889252,-1.33747363090515,-0.00001581455571,90.4039194014252,0.00000323543732
1072,left road,1072,-1.30499994754791,0.0,7.0,-1.25,0.0,0.05000000074506,-1.30499994754791,0.0,7.0,5.87973546981812,1.20477902889252,-1.33747363090515,5.36427116394043,1.11834287643433,-0.7393062710762,"(5.364271, 1.118343, -0.739306)",truck body CS,11.0718288421631,0.1,5.87973546981812,1.20477902889252,-1.33747363090515,-0.00001581455571,90.4039194014252,0.00000323543732
1073,left road,1073,-1.20499992370605,0.0,7.0,-1.14999997615814,0.0,0.05000000074506,-1.20499992370605,0.0,7.0,5.87973546981812,1.20477902889252,-1.33747363090515,5.36783695220947,1.11772918701172,-0.73505973815918,"(5.367837, 1.117729, -0.73506)",truck body CS,11.0071992874146,0.1,5.87973546981812,1.20477902889252,-1.33747363090515,-0.00001581455571,90.4039194014252,0.00000323543732
1074,left road,1074,-1.1049998998642,0.0,7.0,-1.04999995231628,0.0,0.05000000074506,-1.1049998998642,0.0,7.0,5.87973546981812,1.20477902889252,-1.33747363090515,5.37145709991455,1.11710739135742,-0.73075622320175,"(5.371457, 1.117107, -0.730756)",truck body CS,10.9431028366089,0.1,5.87973546981812,1.20477902889252,-1.33747363090515,-0.00001581455571,90.4039194014252,0.00000323543732
1075,left road,1075,-1.00499999523163,0.0,7.0,-0.94999998807907,0.0,0.05000000074506,-1.00499999523163,0.0,7.0,5.87973546981812,1.20477902889252,-1.33747363090515,5.37512731552124,1.11647617816925,-0.72638833522797,"(5.375127, 1.116476, -0.726388)",truck body CS,10.8795471191406,0.1,5.87973546981812,1.20477902889252,-1.33747363090515,-0.00001581455571,90.4039194014252,0.00000323543732
1076,left road,1076,-0.90500003099442,0.0,7.0,-0.85000002384186,0.0,0.05000000074506,-0.90500003099442,0.0,7.0,5.87973546981812,1.20477902889252,-1.33747363090515,5.37885046005249,1.11583578586578,-0.72195672988892,"(5.37885, 1.115836, -0.721957)",truck body CS,10.8165426254272,0.1,5.87973546981812,1.20477902889252,-1.33747363090515,-0.00001581455571,90.4039194014252,0.00000323543732
1077,left road,1077,-0.80500000715256,0.0,7.0,-0.75,0.0,0.05000000074506,-0.80500000715256,0.0,7.0,5.87973546981812,1.20477902889252,-1.33747363090515,5.38262748718262,1.11518609523773,-0.71746027469635,"(5.382627, 1.115186, -0.71746)",truck body CS,10.7540988922119,0.1,5.87973546981812,1.20477902889252,-1.33747363090515,-0.00001581455571,90.4039194014252,0.00000323543732
1078,left road,1078,-0.7049999833107,0.0,7.0,-0.64999997615814,0.0,0.05000000074506,-0.7049999833107,0.0,7.0,5.87973546981812,1.20477902889252,-1.33747363090515,5.38646125793457,1.11452686786652,-0.71289885044098,"(5.386461, 1.114527, -0.712899)",truck body CS,10.6922264099121,0.1,5.87973546981812,1.20477902889252,-1.33747363090515,-0.00001581455571,90.4039194014252,0.00000323543732
1079,left road,1079,-0.60500001907349,0.0,7.0,-0.55000001192093,0.0,0.05000000074506,-0.60500001907349,0.0,7.0,5.87973546981812,1.20477902889252,-1.33747363090515,5.39035272598267,1.11385798454285,-0.70826947689056,"(5.390353, 1.113858, -0.708269)",truck body CS,10.6309337615967,0.1,5.87973546981812,1.20477902889252,-1.33747363090515,-0.00001581455571,90.4039194014252,0.00000323543732
1080,left road,1080,-0.50499999523163,0.0,7.0,-0.44999998807907,0.0,0.05000000074506,-0.50499999523163,0.0,7.0,5.87973546981812,1.20477902889252,-1.33747363090515,5.39430046081543,1.11317896842957,-0.70357036590576,"(5.3943, 1.113179, -0.70357)",truck body CS,10.5702323913574,0.1,5.87973546981812,1.20477902889252,-1.33747363090515,-0.00001581455571,90.4039194014252,0.00000323543732
1081,left road,1081,-0.40500000119209,0.0,7.0,-0.34999999403954,0.0,0.05000000074506,-0.40500000119209,0.0,7.0,5.87973546981812,1.20477902889252,-1.33747363090515,5.40127420425415,1.11305832862854,-0.70273578166962,"(5.401274, 1.113058, -0.702736)",truck body CS,10.5101318359375,0.1,5.87973546981812,1.20477902889252,-1.33747363090515,-0.00001581455571,90.4039194014252,0.00000323543732
1082,left road,1082,-0.30500000715256,0.0,7.0,-0.25,0.0,0.05000000074506,-0.30500000715256,0.0,7.0,5.87973546981812,1.20477902889252,-1.33747363090515,5.40964031219482,1.11320495605469,-0.70375108718872,"(5.40964, 1.113205, -0.703751)",truck body CS,10.4506416320801,0.1,5.87973546981812,1.20477902889252,-1.33747363090515,-0.00001581455571,90.4039194014252,0.00000323543732
1083,left road,1083,-0.20500001311302,0.0,7.0,-0.15000000596046,0.0,0.05000000074506,-0.20500001311302,0.0,7.0,5.87973546981812,1.20477902889252,-1.33747363090515,5.41797828674316,1.1133508682251,-0.70476031303406,"(5.417978, 1.113351, -0.70476)",truck body CS,10.3917741775513,0.1,5.87973546981812,1.20477902889252,-1.33747363090515,-0.00001581455571,90.4039194014252,0.00000323543732
1084,left road,1084,-0.10500000417233,0.0,7.0,-0.05000000074506,0.0,0.05000000074506,-0.10500000417233,0.0,7.0,5.87973546981812,1.20477902889252,-1.33747363090515,5.42629098892212,1.11349678039551,-0.70576977729797,"(5.426291, 1.113497, -0.70577)",truck body CS,10.3335390090942,0.1,5.87973546981812,1.20477902889252,-1.33747363090515,-0.00001581455571,90.4039194014252,0.00000323543732
1085,left road,1085,-0.00499999895692,0.0,7.0,0.05000000074506,0.0,0.05000000074506,-0.00499999895692,0.0,7.0,5.87973546981812,1.20477902889252,-1.33747363090515,5.43405246734619,1.11353445053101,-0.7060307264328,"(5.434052, 1.113534, -0.706031)",truck body CS,10.2759466171265,0.1,5.87973546981812,1.20477902889252,-1.33747363090515,-0.00001581455571,90.4039194014252,0.00000323543732
1086,left road,1086,0.09500000625849,0.0,7.0,0.15000000596046,0.0,0.05000000074506,0.09500000625849,0.0,7.0,5.87973546981812,1.20477902889252,-1.33747363090515,5.44223737716675,1.11366200447083,-0.70691239833832,"(5.442237, 1.113662, -0.706912)",truck body CS,10.2190084457397,0.1,5.87973546981812,1.20477902889252,-1.33747363090515,-0.00001581455571,90.4039194014252,0.00000323543732
1087,left road,1087,0.19499999284744,0.0,7.0,0.25,0.0,0.05000000074506,0.19499999284744,0.0,7.0,5.87973546981812,1.20477902889252,-1.33747363090515,5.84547901153564,1.1975189447403,-1.28723132610321,"(5.845479, 1.197519, -1.287231)",EyeArea,10.1627349853516,0.1,5.87973546981812,1.20477902889252,-1.33747363090515,-0.00001581455571,90.4039194014252,0.00000323543732
1088,left road,1088,0.29499998688698,0.0,7.0,0.34999999403954,0.0,0.05000000074506,0.29499998688698,0.0,7.0,5.87973546981812,1.20477902889252,-1.33747363090515,5.84608459472656,1.19751954078674,-1.28723549842834,"(5.846085, 1.19752, -1.287235)",EyeArea,10.1071376800537,0.1,5.87973546981812,1.20477902889252,-1.33747363090515,-0.00001581455571,90.4039194014252,0.00000323543732
1089,left road,1089,0.39499998092651,0.0,7.0,0.44999998807907,0.0,0.05000000074506,0.39499998092651,0.0,7.0,5.87973546981812,1.20477902889252,-1.33747363090515,5.84668970108032,1.19752013683319,-1.28723978996277,"(5.84669, 1.19752, -1.28724)",EyeArea,10.052227973938,0.1,5.87973546981812,1.20477902889252,-1.33747363090515,-0.00001581455571,90.4039194014252,0.00000323543732
1090,left road,1090,0.49500000476837,0.0,7.0,0.55000001192093,0.0,0.05000000074506,0.49500000476837,0.0,7.0,5.87973546981812,1.20477902889252,-1.33747363090515,5.84729528427124,1.19752085208893,-1.28724408149719,"(5.847295, 1.197521, -1.287244)",EyeArea,9.99801731109619,0.1,5.87973546981812,1.20477902889252,-1.33747363090515,-0.00001581455571,90.4039194014252,0.00000323543732
1091,left road,1091,0.59499996900558,0.0,7.0,0.64999997615814,0.0,0.05000000074506,0.59499996900558,0.0,7.0,5.87973546981812,1.20477902889252,-1.33747363090515,5.84789991378784,1.19752132892609,-1.28724837303162,"(5.8479, 1.197521, -1.287248)",EyeArea,9.9445161819458,0.1,5.87973546981812,1.20477902889252,-1.33747363090515,-0.00001581455571,90.4039194014252,0.00000323543732
1092,left road,1092,0.69499999284744,0.0,7.0,0.75,0.0,0.05000000074506,0.69499999284744,0.0,7.0,5.87973546981812,1.20477902889252,-1.33747363090515,5.84850549697876,1.19752204418182,-1.28725266456604,"(5.848505, 1.197522, -1.287253)",EyeArea,9.89173603057861,0.1,5.87973546981812,1.20477902889252,-1.33747363090515,-0.00001581455571,90.4039194014252,0.00000323543732
1093,left road,1093,0.7950000166893,0.0,7.0,0.85000002384186,0.0,0.05000000074506,0.7950000166893,0.0,7.0,5.87973546981812,1.20477902889252,-1.33747363090515,5.84911060333252,1.19752264022827,-1.28725683689117,"(5.849111, 1.197523, -1.287257)",EyeArea,9.83969020843506,0.1,5.87973546981812,1.20477902889252,-1.33747363090515,-0.00001581455571,90.4039194014252,0.00000323543732
1094,left road,1094,0.89499998092651,0.0,7.0,0.94999998807907,0.0,0.05000000074506,0.89499998092651,0.0,7.0,5.87973546981812,1.20477902889252,-1.33747363090515,5.84971523284912,1.19752323627472,-1.2872611284256,"(5.849715, 1.197523, -1.287261)",EyeArea,9.7883882522583,0.1,5.87973546981812,1.20477902889252,-1.33747363090515,-0.00001581455571,90.4039194014252,0.00000323543732
1095,left road,1095,0.99499994516373,0.0,7.0,1.04999995231628,0.0,0.05000000074506,0.99499994516373,0.0,7.0,5.87973546981812,1.20477902889252,-1.33747363090515,5.85031938552856,1.19752383232117,-1.28726541996002,"(5.850319, 1.197524, -1.287265)",EyeArea,9.73784446716309,0.1,5.87973546981812,1.20477902889252,-1.33747363090515,-0.00001581455571,90.4039194014252,0.00000323543732
1096,left road,1096,1.09500002861023,0.0,7.0,1.14999997615814,0.0,0.05000000074506,1.09500002861023,0.0,7.0,5.87973546981812,1.20477902889252,-1.33747363090515,5.85092449188232,1.19752442836761,-1.28726971149445,"(5.850924, 1.197524, -1.28727)",EyeArea,9.68806743621826,0.1,5.87973546981812,1.20477902889252,-1.33747363090515,-0.00001581455571,90.4039194014252,0.00000323543732
1097,left road,1097,1.19500005245209,0.0,7.0,1.25,0.0,0.05000000074506,1.19500005245209,0.0,7.0,5.87973546981812,1.20477902889252,-1.33747363090515,5.85152864456177,1.19752514362335,-1.28727388381958,"(5.851529, 1.197525, -1.287274)",EyeArea,9.63907241821289,0.1,5.87973546981812,1.20477902889252,-1.33747363090515,-0.00001581455571,90.4039194014252,0.00000323543732
1098,left road,1098,1.29500007629395,0.0,7.0,1.35000002384186,0.0,0.05000000074506,1.29500007629395,0.0,7.0,5.87973546981812,1.20477902889252,-1.33747363090515,5.85213279724121,1.1975257396698,-1.287278175354,"(5.852133, 1.197526, -1.287278)",EyeArea,9.59086894989014,0.1,5.87973546981812,1.20477902889252,-1.33747363090515,-0.00001581455571,90.4039194014252,0.00000323543732
1099,left road,1099,1.3950001001358,0.0,7.0,1.45000004768372,0.0,0.05000000074506,1.3950001001358,0.0,7.0,5.87973546981812,1.20477902889252,-1.33747363090515,5.85273742675781,1.19752633571625,-1.28728246688843,"(5.852737, 1.197526, -1.287282)",EyeArea,9.54347038269043,0.1,5.87973546981812,1.20477902889252,-1.33747363090515,-0.00001581455571,90.4039194014252,0.00000323543732
1100,left road,1100,1.49500000476837,0.0,7.0,1.54999995231628,0.0,0.05000000074506,1.49500000476837,0.0,7.0,5.87973546981812,1.20477902889252,-1.33747363090515,5.85334157943726,1.1975269317627,-1.28728675842285,"(5.853342, 1.197527, -1.287287)",EyeArea,9.49688720703125,0.1,5.87973546981812,1.20477902889252,-1.33747363090515,-0.00001581455571,90.4039194014252,0.00000323543732
1101,left road,1101,1.59500002861023,0.0,7.0,1.64999997615814,0.0,0.05000000074506,1.59500002861023,0.0,7.0,5.87973546981812,1.20477902889252,-1.33747363090515,5.85394620895386,1.19752752780914,-1.28729093074799,"(5.853946, 1.197528, -1.287291)",EyeArea,9.45113372802734,0.1,5.87973546981812,1.20477902889252,-1.33747363090515,-0.00001581455571,90.4039194014252,0.00000323543732
1102,left road,1102,1.69500005245209,0.0,7.0,1.75,0.0,0.05000000074506,1.69500005245209,0.0,7.0,5.87973546981812,1.20477902889252,-1.33747363090515,5.85454988479614,1.19752824306488,-1.28729522228241,"(5.85455, 1.197528, -1.287295)",EyeArea,9.40622043609619,0.1,5.87973546981812,1.20477902889252,-1.33747363090515,-0.00001581455571,90.4039194014252,0.00000323543732
1103,left road,1103,1.79500007629395,0.0,7.0,1.85000002384186,0.0,0.05000000074506,1.79500007629395,0.0,7.0,5.87973546981812,1.20477902889252,-1.33747363090515,5.85515356063843,1.19752871990204,-1.28729951381683,"(5.855154, 1.197529, -1.2873)",EyeArea,9.36215877532959,0.1,5.87973546981812,1.20477902889252,-1.33747363090515,-0.00001581455571,90.4039194014252,0.00000323543732
1104,left road,1104,1.8950001001358,0.0,7.0,1.95000004768372,0.0,0.05000000074506,1.8950001001358,0.0,7.0,5.87973546981812,1.20477902889252,-1.33747363090515,5.85575771331787,1.19752943515778,-1.28730368614197,"(5.855758, 1.197529, -1.287304)",EyeArea,9.31896305084229,0.1,5.87973546981812,1.20477902889252,-1.33747363090515,-0.00001581455571,90.4039194014252,0.00000323543732
1105,left road,1105,1.99500000476837,0.0,7.0,2.04999995231628,0.0,0.05000000074506,1.99500000476837,0.0,7.0,5.87973546981812,1.20477902889252,-1.33747363090515,5.85636138916016,1.19753003120422,-1.28730797767639,"(5.856361, 1.19753, -1.287308)",EyeArea,9.27664470672607,0.1,5.87973546981812,1.20477902889252,-1.33747363090515,-0.00001581455571,90.4039194014252,0.00000323543732
1106,left road,1106,2.09500002861023,0.0,7.0,2.15000009536743,0.0,0.05000000074506,2.09500002861023,0.0,7.0,5.87973546981812,1.20477902889252,-1.33747363090515,5.85696506500244,1.19753062725067,-1.28731226921082,"(5.856965, 1.197531, -1.287312)",EyeArea,9.23521423339844,0.1,5.87973546981812,1.20477902889252,-1.33747363090515,-0.00001581455571,90.4039194014252,0.00000323543732
1107,left road,1107,2.1949999332428,0.0,7.0,2.25,0.0,0.05000000074506,2.1949999332428,0.0,7.0,5.87973546981812,1.20477902889252,-1.33747363090515,5.85756874084473,1.19753134250641,-1.28731656074524,"(5.857569, 1.197531, -1.287317)",EyeArea,9.19468593597412,0.1,5.87973546981812,1.20477902889252,-1.33747363090515,-0.00001581455571,90.4039194014252,0.00000323543732
1108,left road,1108,2.29499983787537,0.0,7.0,2.34999990463257,0.0,0.05000000074506,2.29499983787537,0.0,7.0,5.87973546981812,1.20477902889252,-1.33747363090515,5.85817193984985,1.19753181934357,-1.28732073307037,"(5.858172, 1.197532, -1.287321)",EyeArea,9.15506935119629,0.1,5.87973546981812,1.20477902889252,-1.33747363090515,-0.00001581455571,90.4039194014252,0.00000323543732
1109,left road,1109,2.39499998092651,0.0,7.0,2.45000004768372,0.0,0.05000000074506,2.39499998092651,0.0,7.0,5.87973546981812,1.20477902889252,-1.33747363090515,5.85877513885498,1.1975325345993,-1.2873250246048,"(5.858775, 1.197533, -1.287325)",EyeArea,9.11637783050537,0.1,5.87973546981812,1.20477902889252,-1.33747363090515,-0.00001581455571,90.4039194014252,0.00000323543732
1110,left road,1110,2.49499988555908,0.0,7.0,2.54999995231628,0.0,0.05000000074506,2.49499988555908,0.0,7.0,5.87973546981812,1.20477902889252,-1.33747363090515,5.85937833786011,1.19753313064575,-1.28732931613922,"(5.859378, 1.197533, -1.287329)",EyeArea,9.07862377166748,0.1,5.87973546981812,1.20477902889252,-1.33747363090515,-0.00001581455571,90.4039194014252,0.00000323543732
1111,left road,1111,2.59500002861023,0.0,7.0,2.65000009536743,0.0,0.05000000074506,2.59500002861023,0.0,7.0,5.87973546981812,1.20477902889252,-1.33747363090515,5.85998153686523,1.1975337266922,-1.28733348846436,"(5.859982, 1.197534, -1.287333)",EyeArea,9.04181671142578,0.1,5.87973546981812,1.20477902889252,-1.33747363090515,-0.00001581455571,90.4039194014252,0.00000323543732
1112,left road,1112,2.6949999332428,0.0,7.0,2.75,0.0,0.05000000074506,2.6949999332428,0.0,7.0,5.87973546981812,1.20477902889252,-1.33747363090515,5.86058473587036,1.19753432273865,-1.28733777999878,"(5.860585, 1.197534, -1.287338)",EyeArea,9.00597095489502,0.1,5.87973546981812,1.20477902889252,-1.33747363090515,-0.00001581455571,90.4039194014252,0.00000323543732
1113,left road,1113,2.79499983787537,0.0,7.0,2.84999990463257,0.0,0.05000000074506,2.79499983787537,0.0,7.0,5.87973546981812,1.20477902889252,-1.33747363090515,5.86118745803833,1.1975349187851,-1.2873420715332,"(5.861187, 1.197535, -1.287342)",EyeArea,8.97109603881836,0.1,5.87973546981812,1.20477902889252,-1.33747363090515,-0.00001581455571,90.4039194014252,0.00000323543732
1114,left road,1114,2.89499998092651,0.0,7.0,2.95000004768372,0.0,0.05000000074506,2.89499998092651,0.0,7.0,5.87973546981812,1.20477902889252,-1.33747363090515,5.8617901802063,1.19753551483154,-1.28734624385834,"(5.86179, 1.197536, -1.287346)",EyeArea,8.9372034072876,0.1,5.87973546981812,1.20477902889252,-1.33747363090515,-0.00001581455571,90.4039194014252,0.00000323543732
1115,left road,1115,2.99499988555908,0.0,7.0,3.04999995231628,0.0,0.05000000074506,2.99499988555908,0.0,7.0,5.87973546981812,1.20477902889252,-1.33747363090515,5.86239337921143,1.19753611087799,-1.28735053539276,"(5.862393, 1.197536, -1.287351)",EyeArea,8.90430641174316,0.1,5.87973546981812,1.20477902889252,-1.33747363090515,-0.00001581455571,90.4039194014252,0.00000323543732
1116,left road,1116,3.09500002861023,0.0,7.0,3.15000009536743,0.0,0.05000000074506,3.09500002861023,0.0,7.0,5.87973546981812,1.20477902889252,-1.33747363090515,5.86299562454224,1.19753670692444,-1.2873547077179,"(5.862996, 1.197537, -1.287355)",EyeArea,8.87241363525391,0.1,5.87973546981812,1.20477902889252,-1.33747363090515,-0.00001581455571,90.4039194014252,0.00000323543732
1117,left road,1117,3.1949999332428,0.0,7.0,3.25,0.0,0.05000000074506,3.1949999332428,0.0,7.0,5.87973546981812,1.20477902889252,-1.33747363090515,5.86359786987305,1.19753742218018,-1.28735899925232,"(5.863598, 1.197537, -1.287359)",EyeArea,8.84153652191162,0.1,5.87973546981812,1.20477902889252,-1.33747363090515,-0.00001581455571,90.4039194014252,0.00000323543732
1118,left road,1118,3.29499983787537,0.0,7.0,3.34999990463257,0.0,0.05000000074506,3.29499983787537,0.0,7.0,5.87973546981812,1.20477902889252,-1.33747363090515,5.86420059204102,1.19753801822662,-1.28736329078674,"(5.864201, 1.197538, -1.287363)",EyeArea,8.81168746948242,0.1,5.87973546981812,1.20477902889252,-1.33747363090515,-0.00001581455571,90.4039194014252,0.00000323543732
1119,left road,1119,3.39499998092651,0.0,7.0,3.45000004768372,0.0,0.05000000074506,3.39499998092651,0.0,7.0,5.87973546981812,1.20477902889252,-1.33747363090515,5.86480283737183,1.19753861427307,-1.28736746311188,"(5.864803, 1.197539, -1.287367)",EyeArea,8.78287410736084,0.1,5.87973546981812,1.20477902889252,-1.33747363090515,-0.00001581455571,90.4039194014252,0.00000323543732
1120,left road,1120,-3.50500011444092,0.0,7.09999990463257,-3.45000004768372,0.0,0.15000000596046,-3.50500011444092,0.0,7.09999990463257,5.87973546981812,1.20477902889252,-1.33747363090515,5.32380771636963,1.13341093063354,-0.8376590013504,"(5.323808, 1.133411, -0.837659)",truck body CS,12.6773691177368,0.1,5.87973546981812,1.20477902889252,-1.33747363090515,-0.00001581455571,90.4039194014252,0.00000323543732
1121,left road,1121,-3.40499997138977,0.0,7.09999990463257,-3.34999990463257,0.0,0.15000000596046,-3.40499997138977,0.0,7.09999990463257,5.87973546981812,1.20477902889252,-1.33747363090515,5.32389068603516,1.13265299797058,-0.83235096931458,"(5.323891, 1.132653, -0.832351)",truck body CS,12.6035213470459,0.1,5.87973546981812,1.20477902889252,-1.33747363090515,-0.00001581455571,90.4039194014252,0.00000323543732
1122,left road,1122,-3.3050000667572,0.0,7.09999990463257,-3.25,0.0,0.15000000596046,-3.3050000667572,0.0,7.09999990463257,5.87973546981812,1.20477902889252,-1.33747363090515,5.32397747039795,1.13187909126282,-0.82693064212799,"(5.323977, 1.131879, -0.826931)",truck body CS,12.5300359725952,0.1,5.87973546981812,1.20477902889252,-1.33747363090515,-0.00001581455571,90.4039194014252,0.00000323543732
1123,left road,1123,-3.20500016212463,0.0,7.09999990463257,-3.15000009536743,0.0,0.15000000596046,-3.20500016212463,0.0,7.09999990463257,5.87973546981812,1.20477902889252,-1.33747363090515,5.32406139373779,1.13108777999878,-0.82138890028,"(5.324061, 1.131088, -0.821389)",truck body CS,12.4569206237793,0.1,5.87973546981812,1.20477902889252,-1.33747363090515,-0.00001581455571,90.4039194014252,0.00000323543732
1124,left road,1124,-3.10500001907349,0.0,7.09999990463257,-3.04999995231628,0.0,0.15000000596046,-3.10500001907349,0.0,7.09999990463257,5.87973546981812,1.20477902889252,-1.33747363090515,5.32415008544922,1.13027954101563,-0.81572866439819,"(5.32415, 1.13028, -0.815729)",truck body CS,12.3841800689697,0.1,5.87973546981812,1.20477902889252,-1.33747363090515,-0.00001581455571,90.4039194014252,0.00000323543732
1125,left road,1125,-3.00500011444092,0.0,7.09999990463257,-2.95000004768372,0.0,0.15000000596046,-3.00500011444092,0.0,7.09999990463257,5.87973546981812,1.20477902889252,-1.33747363090515,5.32424211502075,1.12945365905762,-0.80994403362274,"(5.324242, 1.129454, -0.809944)",truck body CS,12.311821937561,0.1,5.87973546981812,1.20477902889252,-1.33747363090515,-0.00001581455571,90.4039194014252,0.00000323543732
1126,left road,1126,-2.90499997138977,0.0,7.09999990463257,-2.84999990463257,0.0,0.15000000596046,-2.90499997138977,0.0,7.09999990463257,5.87973546981812,1.20477902889252,-1.33747363090515,5.32433414459229,1.12860858440399,-0.80402636528015,"(5.324334, 1.128609, -0.804026)",truck body CS,12.2398538589478,0.1,5.87973546981812,1.20477902889252,-1.33747363090515,-0.00001581455571,90.4039194014252,0.00000323543732
1127,left road,1127,-2.8050000667572,0.0,7.09999990463257,-2.75,0.0,0.15000000596046,-2.8050000667572,0.0,7.09999990463257,5.87973546981812,1.20477902889252,-1.33747363090515,5.32472038269043,1.12778520584106,-0.79825967550278,"(5.32472, 1.127785, -0.79826)",truck body CS,12.1682815551758,0.1,5.87973546981812,1.20477902889252,-1.33747363090515,-0.00001581455571,90.4039194014252,0.00000323543732
1128,left road,1128,-2.70500016212463,0.0,7.09999990463257,-2.65000009536743,0.0,0.15000000596046,-2.70500016212463,0.0,7.09999990463257,5.87973546981812,1.20477902889252,-1.33747363090515,5.32630443572998,1.12711071968079,-0.79353535175323,"(5.326304, 1.127111, -0.793535)",truck body CS,12.097113609314,0.1,5.87973546981812,1.20477902889252,-1.33747363090515,-0.00001581455571,90.4039194014252,0.00000323543732
1129,left road,1129,-2.60500001907349,0.0,7.09999990463257,-2.54999995231628,0.0,0.15000000596046,-2.60500001907349,0.0,7.09999990463257,5.87973546981812,1.20477902889252,-1.33747363090515,5.32791471481323,1.12642395496368,-0.78872567415237,"(5.327915, 1.126424, -0.788726)",truck body CS,12.0263538360596,0.1,5.87973546981812,1.20477902889252,-1.33747363090515,-0.00001581455571,90.4039194014252,0.00000323543732
1130,left road,1130,-2.50500011444092,0.0,7.09999990463257,-2.45000004768372,0.0,0.15000000596046,-2.50500011444092,0.0,7.09999990463257,5.87973546981812,1.20477902889252,-1.33747363090515,5.32955503463745,1.12572503089905,-0.78383207321167,"(5.329555, 1.125725, -0.783832)",truck body CS,11.9560117721558,0.1,5.87973546981812,1.20477902889252,-1.33747363090515,-0.00001581455571,90.4039194014252,0.00000323543732
1131,left road,1131,-2.40499997138977,0.0,7.09999990463257,-2.34999990463257,0.0,0.15000000596046,-2.40499997138977,0.0,7.09999990463257,5.87973546981812,1.20477902889252,-1.33747363090515,5.33178091049194,1.12509453296661,-0.77941620349884,"(5.331781, 1.125095, -0.779416)",truck body CS,11.8860969543457,0.1,5.87973546981812,1.20477902889252,-1.33747363090515,-0.00001581455571,90.4039194014252,0.00000323543732
1132,left road,1132,-2.3050000667572,0.0,7.09999990463257,-2.25,0.0,0.15000000596046,-2.3050000667572,0.0,7.09999990463257,5.87973546981812,1.20477902889252,-1.33747363090515,5.3348560333252,1.12457382678986,-0.77576917409897,"(5.334856, 1.124574, -0.775769)",truck body CS,11.8166131973267,0.1,5.87973546981812,1.20477902889252,-1.33747363090515,-0.00001581455571,90.4039194014252,0.00000323543732
1133,left road,1133,-2.20500016212463,0.0,7.09999990463257,-2.15000009536743,0.0,0.15000000596046,-2.20500016212463,0.0,7.09999990463257,5.87973546981812,1.20477902889252,-1.33747363090515,5.33797264099121,1.12404608726501,-0.77207243442535,"(5.337973, 1.124046, -0.772072)",truck body CS,11.7475700378418,0.1,5.87973546981812,1.20477902889252,-1.33747363090515,-0.00001581455571,90.4039194014252,0.00000323543732
1134,left road,1134,-2.10500001907349,0.0,7.09999990463257,-2.04999995231628,0.0,0.15000000596046,-2.10500001907349,0.0,7.09999990463257,5.87973546981812,1.20477902889252,-1.33747363090515,5.34113216400146,1.12351179122925,-0.76833075284958,"(5.341132, 1.123512, -0.768331)",truck body CS,11.6789751052856,0.1,5.87973546981812,1.20477902889252,-1.33747363090515,-0.00001581455571,90.4039194014252,0.00000323543732
1135,left road,1135,-2.00500011444092,0.0,7.09999990463257,-1.95000004768372,0.0,0.15000000596046,-2.00500011444092,0.0,7.09999990463257,5.87973546981812,1.20477902889252,-1.33747363090515,5.34433174133301,1.12296986579895,-0.76453578472137,"(5.344332, 1.12297, -0.764536)",truck body CS,11.6108360290527,0.1,5.87973546981812,1.20477902889252,-1.33747363090515,-0.00001581455571,90.4039194014252,0.00000323543732
1136,left road,1136,-1.90499997138977,0.0,7.09999990463257,-1.85000002384186,0.0,0.15000000596046,-1.90499997138977,0.0,7.09999990463257,5.87973546981812,1.20477902889252,-1.33747363090515,5.34757518768311,1.12242090702057,-0.76069158315659,"(5.347575, 1.122421, -0.760692)",truck body CS,11.5431604385376,0.1,5.87973546981812,1.20477902889252,-1.33747363090515,-0.00001581455571,90.4039194014252,0.00000323543732
1137,left road,1137,-1.80499994754791,0.0,7.09999990463257,-1.75,0.0,0.15000000596046,-1.80499994754791,0.0,7.09999990463257,5.87973546981812,1.20477902889252,-1.33747363090515,5.35086297988892,1.12186455726624,-0.75679588317871,"(5.350863, 1.121865, -0.756796)",truck body CS,11.4759578704834,0.1,5.87973546981812,1.20477902889252,-1.33747363090515,-0.00001581455571,90.4039194014252,0.00000323543732
1138,left road,1138,-1.70499992370605,0.0,7.09999990463257,-1.64999997615814,0.0,0.15000000596046,-1.70499992370605,0.0,7.09999990463257,5.87973546981812,1.20477902889252,-1.33747363090515,5.35419464111328,1.12130069732666,-0.75284612178802,"(5.354195, 1.121301, -0.752846)",truck body CS,11.4092359542847,0.1,5.87973546981812,1.20477902889252,-1.33747363090515,-0.00001581455571,90.4039194014252,0.00000323543732
1139,left road,1139,-1.6049998998642,0.0,7.09999990463257,-1.54999995231628,0.0,0.15000000596046,-1.6049998998642,0.0,7.09999990463257,5.87973546981812,1.20477902889252,-1.33747363090515,5.35757207870483,1.12072908878326,-0.74884241819382,"(5.357572, 1.120729, -0.748842)",truck body CS,11.3430023193359,0.1,5.87973546981812,1.20477902889252,-1.33747363090515,-0.00001581455571,90.4039194014252,0.00000323543732
1140,left road,1140,-1.50499999523163,0.0,7.09999990463257,-1.45000004768372,0.0,0.15000000596046,-1.50499999523163,0.0,7.09999990463257,5.87973546981812,1.20477902889252,-1.33747363090515,5.36099338531494,1.1201491355896,-0.74478101730347,"(5.360993, 1.120149, -0.744781)",truck body CS,11.277268409729,0.1,5.87973546981812,1.20477902889252,-1.33747363090515,-0.00001581455571,90.4039194014252,0.00000323543732
1141,left road,1141,-1.40499997138977,0.0,7.09999990463257,-1.35000002384186,0.0,0.15000000596046,-1.40499997138977,0.0,7.09999990463257,5.87973546981812,1.20477902889252,-1.33747363090515,5.36446237564087,1.11956107616425,-0.74066257476807,"(5.364462, 1.119561, -0.740663)",truck body CS,11.2120389938354,0.1,5.87973546981812,1.20477902889252,-1.33747363090515,-0.00001581455571,90.4039194014252,0.00000323543732
1142,left road,1142,-1.30499994754791,0.0,7.09999990463257,-1.25,0.0,0.15000000596046,-1.30499994754791,0.0,7.09999990463257,5.87973546981812,1.20477902889252,-1.33747363090515,5.36798095703125,1.11896502971649,-0.73648828268051,"(5.367981, 1.118965, -0.736488)",truck body CS,11.1473255157471,0.1,5.87973546981812,1.20477902889252,-1.33747363090515,-0.00001581455571,90.4039194014252,0.00000323543732
1143,left road,1143,-1.20499992370605,0.0,7.09999990463257,-1.14999997615814,0.0,0.15000000596046,-1.20499992370605,0.0,7.09999990463257,5.87973546981812,1.20477902889252,-1.33747363090515,5.37154817581177,1.1183602809906,-0.73225337266922,"(5.371548, 1.11836, -0.732253)",truck body CS,11.0831365585327,0.1,5.87973546981812,1.20477902889252,-1.33747363090515,-0.00001581455571,90.4039194014252,0.00000323543732
1144,left road,1144,-1.1049998998642,0.0,7.09999990463257,-1.04999995231628,0.0,0.15000000596046,-1.1049998998642,0.0,7.09999990463257,5.87973546981812,1.20477902889252,-1.33747363090515,5.37516593933105,1.11774706840515,-0.72795897722244,"(5.375166, 1.117747, -0.727959)",truck body CS,11.0194816589355,0.1,5.87973546981812,1.20477902889252,-1.33747363090515,-0.00001581455571,90.4039194014252,0.00000323543732
1145,left road,1145,-1.00499999523163,0.0,7.09999990463257,-0.94999998807907,0.0,0.15000000596046,-1.00499999523163,0.0,7.09999990463257,5.87973546981812,1.20477902889252,-1.33747363090515,5.37883567810059,1.11712527275085,-0.72360330820084,"(5.378836, 1.117125, -0.723603)",truck body CS,10.9563694000244,0.1,5.87973546981812,1.20477902889252,-1.33747363090515,-0.00001581455571,90.4039194014252,0.00000323543732
1146,left road,1146,-0.90500003099442,0.0,7.09999990463257,-0.85000002384186,0.0,0.15000000596046,-0.90500003099442,0.0,7.09999990463257,5.87973546981812,1.20477902889252,-1.33747363090515,5.38255882263184,1.11649429798126,-0.71918523311615,"(5.382559, 1.116494, -0.719185)",truck body CS,10.8938093185425,0.1,5.87973546981812,1.20477902889252,-1.33747363090515,-0.00001581455571,90.4039194014252,0.00000323543732
1147,left road,1147,-0.80500000715256,0.0,7.09999990463257,-0.75,0.0,0.15000000596046,-0.80500000715256,0.0,7.09999990463257,5.87973546981812,1.20477902889252,-1.33747363090515,5.3863353729248,1.11585426330566,-0.71470332145691,"(5.386335, 1.115854, -0.714703)",truck body CS,10.8318109512329,0.1,5.87973546981812,1.20477902889252,-1.33747363090515,-0.00001581455571,90.4039194014252,0.00000323543732
1148,left road,1148,-0.7049999833107,0.0,7.09999990463257,-0.64999997615814,0.0,0.15000000596046,-0.7049999833107,0.0,7.09999990463257,5.87973546981812,1.20477902889252,-1.33747363090515,5.39016628265381,1.11520481109619,-0.71015405654907,"(5.390166, 1.115205, -0.710154)",truck body CS,10.7703847885132,0.1,5.87973546981812,1.20477902889252,-1.33747363090515,-0.00001581455571,90.4039194014252,0.00000323543732
1149,left road,1149,-0.60500001907349,0.0,7.09999990463257,-0.55000001192093,0.0,0.15000000596046,-0.60500001907349,0.0,7.09999990463257,5.87973546981812,1.20477902889252,-1.33747363090515,5.3940544128418,1.11454582214355,-0.70553934574127,"(5.394054, 1.114546, -0.705539)",truck body CS,10.7095394134521,0.1,5.87973546981812,1.20477902889252,-1.33747363090515,-0.00001581455571,90.4039194014252,0.00000323543732
1150,left road,1150,-0.50499999523163,0.0,7.09999990463257,-0.44999998807907,0.0,0.15000000596046,-0.50499999523163,0.0,7.09999990463257,5.87973546981812,1.20477902889252,-1.33747363090515,5.40065717697144,1.11437845230103,-0.70436775684357,"(5.400657, 1.114378, -0.704368)",truck body CS,10.6492862701416,0.1,5.87973546981812,1.20477902889252,-1.33747363090515,-0.00001581455571,90.4039194014252,0.00000323543732
1151,left road,1151,-0.40500000119209,0.0,7.09999990463257,-0.34999999403954,0.0,0.15000000596046,-0.40500000119209,0.0,7.09999990463257,5.87973546981812,1.20477902889252,-1.33747363090515,5.40890455245972,1.11452102661133,-0.70536518096924,"(5.408905, 1.114521, -0.705365)",truck body CS,10.5896339416504,0.1,5.87973546981812,1.20477902889252,-1.33747363090515,-0.00001581455571,90.4039194014252,0.00000323543732
1152,left road,1152,-0.30500000715256,0.0,7.09999990463257,-0.25,0.0,0.15000000596046,-0.30500000715256,0.0,7.09999990463257,5.87973546981812,1.20477902889252,-1.33747363090515,5.41712474822998,1.11466288566589,-0.70635998249054,"(5.417125, 1.114663, -0.70636)",truck body CS,10.5305938720703,0.1,5.87973546981812,1.20477902889252,-1.33747363090515,-0.00001581455571,90.4039194014252,0.00000323543732
1153,left road,1153,-0.20500001311302,0.0,7.09999990463257,-0.15000000596046,0.0,0.15000000596046,-0.20500001311302,0.0,7.09999990463257,5.87973546981812,1.20477902889252,-1.33747363090515,5.42531967163086,1.11480450630188,-0.70735216140747,"(5.42532, 1.114805, -0.707352)",truck body CS,10.4721755981445,0.1,5.87973546981812,1.20477902889252,-1.33747363090515,-0.00001581455571,90.4039194014252,0.00000323543732
1154,left road,1154,-0.10500000417233,0.0,7.09999990463257,-0.05000000074506,0.0,0.15000000596046,-0.10500000417233,0.0,7.09999990463257,5.87973546981812,1.20477902889252,-1.33747363090515,5.43281173706055,1.11480927467346,-0.70738542079926,"(5.432812, 1.114809, -0.707385)",truck body CS,10.4143896102905,0.1,5.87973546981812,1.20477902889252,-1.33747363090515,-0.00001581455571,90.4039194014252,0.00000323543732
1155,left road,1155,-0.00499999895692,0.0,7.09999990463257,0.05000000074506,0.0,0.15000000596046,-0.00499999895692,0.0,7.09999990463257,5.87973546981812,1.20477902889252,-1.33747363090515,5.44032096862793,1.11481785774231,-0.70744442939758,"(5.440321, 1.114818, -0.707444)",truck body CS,10.3572463989258,0.1,5.87973546981812,1.20477902889252,-1.33747363090515,-0.00001581455571,90.4039194014252,0.00000323543732
1156,left road,1156,0.09500000625849,0.0,7.09999990463257,0.15000000596046,0.0,0.15000000596046,0.09500000625849,0.0,7.09999990463257,5.87973546981812,1.20477902889252,-1.33747363090515,5.45588207244873,1.11650371551514,-0.71925044059753,"(5.455882, 1.116504, -0.71925)",truck body CS,10.3007583618164,0.1,5.87973546981812,1.20477902889252,-1.33747363090515,-0.00001581455571,90.4039194014252,0.00000323543732
1157,left road,1157,0.19499999284744,0.0,7.09999990463257,0.25,0.0,0.15000000596046,0.19499999284744,0.0,7.09999990463257,5.87973546981812,1.20477902889252,-1.33747363090515,5.84588670730591,1.19760537147522,-1.28723418712616,"(5.845887, 1.197605, -1.287234)",EyeArea,10.2449331283569,0.1,5.87973546981812,1.20477902889252,-1.33747363090515,-0.00001581455571,90.4039194014252,0.00000323543732
1158,left road,1158,0.29499998688698,0.0,7.09999990463257,0.34999999403954,0.0,0.15000000596046,0.29499998688698,0.0,7.09999990463257,5.87973546981812,1.20477902889252,-1.33747363090515,5.84648513793945,1.19760596752167,-1.28723835945129,"(5.846485, 1.197606, -1.287238)",EyeArea,10.1897850036621,0.1,5.87973546981812,1.20477902889252,-1.33747363090515,-0.00001581455571,90.4039194014252,0.00000323543732
1159,left road,1159,0.39499998092651,0.0,7.09999990463257,0.44999998807907,0.0,0.15000000596046,0.39499998092651,0.0,7.09999990463257,5.87973546981812,1.20477902889252,-1.33747363090515,5.84708309173584,1.19760656356812,-1.28724253177643,"(5.847083, 1.197607, -1.287243)",EyeArea,10.1353225708008,0.1,5.87973546981812,1.20477902889252,-1.33747363090515,-0.00001581455571,90.4039194014252,0.00000323543732
1160,left road,1160,0.49500000476837,0.0,7.09999990463257,0.55000001192093,0.0,0.15000000596046,0.49500000476837,0.0,7.09999990463257,5.87973546981812,1.20477902889252,-1.33747363090515,5.84768104553223,1.19760715961456,-1.28724682331085,"(5.847681, 1.197607, -1.287247)",EyeArea,10.0815582275391,0.1,5.87973546981812,1.20477902889252,-1.33747363090515,-0.00001581455571,90.4039194014252,0.00000323543732
1161,left road,1161,0.59499996900558,0.0,7.09999990463257,0.64999997615814,0.0,0.15000000596046,0.59499996900558,0.0,7.09999990463257,5.87973546981812,1.20477902889252,-1.33747363090515,5.84827899932861,1.19760775566101,-1.28725099563599,"(5.848279, 1.197608, -1.287251)",EyeArea,10.0285034179688,0.1,5.87973546981812,1.20477902889252,-1.33747363090515,-0.00001581455571,90.4039194014252,0.00000323543732
1162,left road,1162,0.69499999284744,0.0,7.09999990463257,0.75,0.0,0.15000000596046,0.69499999284744,0.0,7.09999990463257,5.87973546981812,1.20477902889252,-1.33747363090515,5.848876953125,1.19760835170746,-1.28725516796112,"(5.848877, 1.197608, -1.287255)",EyeArea,9.97616767883301,0.1,5.87973546981812,1.20477902889252,-1.33747363090515,-0.00001581455571,90.4039194014252,0.00000323543732
1163,left road,1163,0.7950000166893,0.0,7.09999990463257,0.85000002384186,0.0,0.15000000596046,0.7950000166893,0.0,7.09999990463257,5.87973546981812,1.20477902889252,-1.33747363090515,5.84947490692139,1.19760894775391,-1.28725945949554,"(5.849475, 1.197609, -1.287259)",EyeArea,9.92456436157227,0.1,5.87973546981812,1.20477902889252,-1.33747363090515,-0.00001581455571,90.4039194014252,0.00000323543732
1164,left road,1164,0.89499998092651,0.0,7.09999990463257,0.94999998807907,0.0,0.15000000596046,0.89499998092651,0.0,7.09999990463257,5.87973546981812,1.20477902889252,-1.33747363090515,5.85007190704346,1.19760966300964,-1.28726363182068,"(5.850072, 1.19761, -1.287264)",EyeArea,9.873703956604,0.1,5.87973546981812,1.20477902889252,-1.33747363090515,-0.00001581455571,90.4039194014252,0.00000323543732
1165,left road,1165,0.99499994516373,0.0,7.09999990463257,1.04999995231628,0.0,0.15000000596046,0.99499994516373,0.0,7.09999990463257,5.87973546981812,1.20477902889252,-1.33747363090515,5.85066938400269,1.19761025905609,-1.2872679233551,"(5.850669, 1.19761, -1.287268)",EyeArea,9.82359886169434,0.1,5.87973546981812,1.20477902889252,-1.33747363090515,-0.00001581455571,90.4039194014252,0.00000323543732
1166,left road,1166,1.09500002861023,0.0,7.09999990463257,1.14999997615814,0.0,0.15000000596046,1.09500002861023,0.0,7.09999990463257,5.87973546981812,1.20477902889252,-1.33747363090515,5.85126733779907,1.19761073589325,-1.28727209568024,"(5.851267, 1.197611, -1.287272)",EyeArea,9.77425956726074,0.1,5.87973546981812,1.20477902889252,-1.33747363090515,-0.00001581455571,90.4039194014252,0.00000323543732
1167,left road,1167,1.19500005245209,0.0,7.09999990463257,1.25,0.0,0.15000000596046,1.19500005245209,0.0,7.09999990463257,5.87973546981812,1.20477902889252,-1.33747363090515,5.85186433792114,1.19761145114899,-1.28727626800537,"(5.851864, 1.197611, -1.287276)",EyeArea,9.72569751739502,0.1,5.87973546981812,1.20477902889252,-1.33747363090515,-0.00001581455571,90.4039194014252,0.00000323543732
1168,left road,1168,1.29500007629395,0.0,7.09999990463257,1.35000002384186,0.0,0.15000000596046,1.29500007629395,0.0,7.09999990463257,5.87973546981812,1.20477902889252,-1.33747363090515,5.85246133804321,1.19761204719543,-1.28728044033051,"(5.852461, 1.197612, -1.28728)",EyeArea,9.6779260635376,0.1,5.87973546981812,1.20477902889252,-1.33747363090515,-0.00001581455571,90.4039194014252,0.00000323543732
1169,left road,1169,1.3950001001358,0.0,7.09999990463257,1.45000004768372,0.0,0.15000000596046,1.3950001001358,0.0,7.09999990463257,5.87973546981812,1.20477902889252,-1.33747363090515,5.85305833816528,1.19761252403259,-1.28728473186493,"(5.853058, 1.197613, -1.287285)",EyeArea,9.63095569610596,0.1,5.87973546981812,1.20477902889252,-1.33747363090515,-0.00001581455571,90.4039194014252,0.00000323543732
1170,left road,1170,1.49500000476837,0.0,7.09999990463257,1.54999995231628,0.0,0.15000000596046,1.49500000476837,0.0,7.09999990463257,5.87973546981812,1.20477902889252,-1.33747363090515,5.85365581512451,1.19761323928833,-1.28728890419006,"(5.853656, 1.197613, -1.287289)",EyeArea,9.58479785919189,0.1,5.87973546981812,1.20477902889252,-1.33747363090515,-0.00001581455571,90.4039194014252,0.00000323543732
1171,left road,1171,1.59500002861023,0.0,7.09999990463257,1.64999997615814,0.0,0.15000000596046,1.59500002861023,0.0,7.09999990463257,5.87973546981812,1.20477902889252,-1.33747363090515,5.85425281524658,1.19761383533478,-1.2872930765152,"(5.854253, 1.197614, -1.287293)",EyeArea,9.53946590423584,0.1,5.87973546981812,1.20477902889252,-1.33747363090515,-0.00001581455571,90.4039194014252,0.00000323543732
1172,left road,1172,1.69500005245209,0.0,7.09999990463257,1.75,0.0,0.15000000596046,1.69500005245209,0.0,7.09999990463257,5.87973546981812,1.20477902889252,-1.33747363090515,5.85484933853149,1.19761443138123,-1.28729736804962,"(5.854849, 1.197614, -1.287297)",EyeArea,9.49497032165527,0.1,5.87973546981812,1.20477902889252,-1.33747363090515,-0.00001581455571,90.4039194014252,0.00000323543732
1173,left road,1173,1.79500007629395,0.0,7.09999990463257,1.85000002384186,0.0,0.15000000596046,1.79500007629395,0.0,7.09999990463257,5.87973546981812,1.20477902889252,-1.33747363090515,5.85544633865356,1.19761502742767,-1.28730154037476,"(5.855446, 1.197615, -1.287302)",EyeArea,9.45132350921631,0.1,5.87973546981812,1.20477902889252,-1.33747363090515,-0.00001581455571,90.4039194014252,0.00000323543732
1174,left road,1174,1.8950001001358,0.0,7.09999990463257,1.95000004768372,0.0,0.15000000596046,1.8950001001358,0.0,7.09999990463257,5.87973546981812,1.20477902889252,-1.33747363090515,5.85604286193848,1.19761562347412,-1.28730571269989,"(5.856043, 1.197616, -1.287306)",EyeArea,9.40853691101074,0.1,5.87973546981812,1.20477902889252,-1.33747363090515,-0.00001581455571,90.4039194014252,0.00000323543732
1175,left road,1175,1.99500000476837,0.0,7.09999990463257,2.04999995231628,0.0,0.15000000596046,1.99500000476837,0.0,7.09999990463257,5.87973546981812,1.20477902889252,-1.33747363090515,5.85663938522339,1.19761621952057,-1.28731000423431,"(5.856639, 1.197616, -1.28731)",EyeArea,9.36662292480469,0.1,5.87973546981812,1.20477902889252,-1.33747363090515,-0.00001581455571,90.4039194014252,0.00000323543732
1176,left road,1176,2.09500002861023,0.0,7.09999990463257,2.15000009536743,0.0,0.15000000596046,2.09500002861023,0.0,7.09999990463257,5.87973546981812,1.20477902889252,-1.33747363090515,5.8572359085083,1.19761681556702,-1.28731417655945,"(5.857236, 1.197617, -1.287314)",EyeArea,9.32559204101563,0.1,5.87973546981812,1.20477902889252,-1.33747363090515,-0.00001581455571,90.4039194014252,0.00000323543732
1177,left road,1177,2.1949999332428,0.0,7.09999990463257,2.25,0.0,0.15000000596046,2.1949999332428,0.0,7.09999990463257,5.87973546981812,1.20477902889252,-1.33747363090515,5.85783195495605,1.19761741161346,-1.28731834888458,"(5.857832, 1.197617, -1.287318)",EyeArea,9.28545761108398,0.1,5.87973546981812,1.20477902889252,-1.33747363090515,-0.00001581455571,90.4039194014252,0.00000323543732
1178,left road,1178,2.29499983787537,0.0,7.09999990463257,2.34999990463257,0.0,0.15000000596046,2.29499983787537,0.0,7.09999990463257,5.87973546981812,1.20477902889252,-1.33747363090515,5.85842847824097,1.19761800765991,-1.28732252120972,"(5.858428, 1.197618, -1.287323)",EyeArea,9.24623012542725,0.1,5.87973546981812,1.20477902889252,-1.33747363090515,-0.00001581455571,90.4039194014252,0.00000323543732
1179,left road,1179,2.39499998092651,0.0,7.09999990463257,2.45000004768372,0.0,0.15000000596046,2.39499998092651,0.0,7.09999990463257,5.87973546981812,1.20477902889252,-1.33747363090515,5.85902452468872,1.19761860370636,-1.28732681274414,"(5.859025, 1.197619, -1.287327)",EyeArea,9.20792198181152,0.1,5.87973546981812,1.20477902889252,-1.33747363090515,-0.00001581455571,90.4039194014252,0.00000323543732
1180,left road,1180,2.49499988555908,0.0,7.09999990463257,2.54999995231628,0.0,0.15000000596046,2.49499988555908,0.0,7.09999990463257,5.87973546981812,1.20477902889252,-1.33747363090515,5.85962057113647,1.19761919975281,-1.28733098506927,"(5.859621, 1.197619, -1.287331)",EyeArea,9.17054462432861,0.1,5.87973546981812,1.20477902889252,-1.33747363090515,-0.00001581455571,90.4039194014252,0.00000323543732
1181,left road,1181,2.59500002861023,0.0,7.09999990463257,2.65000009536743,0.0,0.15000000596046,2.59500002861023,0.0,7.09999990463257,5.87973546981812,1.20477902889252,-1.33747363090515,5.86021661758423,1.19761979579926,-1.28733515739441,"(5.860217, 1.19762, -1.287335)",EyeArea,9.134108543396,0.1,5.87973546981812,1.20477902889252,-1.33747363090515,-0.00001581455571,90.4039194014252,0.00000323543732
1182,left road,1182,2.6949999332428,0.0,7.09999990463257,2.75,0.0,0.15000000596046,2.6949999332428,0.0,7.09999990463257,5.87973546981812,1.20477902889252,-1.33747363090515,5.86081218719482,1.1976203918457,-1.28733932971954,"(5.860812, 1.19762, -1.287339)",EyeArea,9.09862518310547,0.1,5.87973546981812,1.20477902889252,-1.33747363090515,-0.00001581455571,90.4039194014252,0.00000323543732
1183,left road,1183,2.79499983787537,0.0,7.09999990463257,2.84999990463257,0.0,0.15000000596046,2.79499983787537,0.0,7.09999990463257,5.87973546981812,1.20477902889252,-1.33747363090515,5.86140823364258,1.19762098789215,-1.28734362125397,"(5.861408, 1.197621, -1.287344)",EyeArea,9.06410694122314,0.1,5.87973546981812,1.20477902889252,-1.33747363090515,-0.00001581455571,90.4039194014252,0.00000323543732
1184,left road,1184,2.89499998092651,0.0,7.09999990463257,2.95000004768372,0.0,0.15000000596046,2.89499998092651,0.0,7.09999990463257,5.87973546981812,1.20477902889252,-1.33747363090515,5.86200380325317,1.1976215839386,-1.2873477935791,"(5.862004, 1.197622, -1.287348)",EyeArea,9.0305643081665,0.1,5.87973546981812,1.20477902889252,-1.33747363090515,-0.00001581455571,90.4039194014252,0.00000323543732
1185,left road,1185,2.99499988555908,0.0,7.09999990463257,3.04999995231628,0.0,0.15000000596046,2.99499988555908,0.0,7.09999990463257,5.87973546981812,1.20477902889252,-1.33747363090515,5.86259937286377,1.19762217998505,-1.28735196590424,"(5.862599, 1.197622, -1.287352)",EyeArea,8.99800777435303,0.1,5.87973546981812,1.20477902889252,-1.33747363090515,-0.00001581455571,90.4039194014252,0.00000323543732
1186,left road,1186,3.09500002861023,0.0,7.09999990463257,3.15000009536743,0.0,0.15000000596046,3.09500002861023,0.0,7.09999990463257,5.87973546981812,1.20477902889252,-1.33747363090515,5.86319446563721,1.19762289524078,-1.28735613822937,"(5.863194, 1.197623, -1.287356)",EyeArea,8.96644878387451,0.1,5.87973546981812,1.20477902889252,-1.33747363090515,-0.00001581455571,90.4039194014252,0.00000323543732
1187,left road,1187,3.1949999332428,0.0,7.09999990463257,3.25,0.0,0.15000000596046,3.1949999332428,0.0,7.09999990463257,5.87973546981812,1.20477902889252,-1.33747363090515,5.86378955841064,1.19762337207794,-1.2873603105545,"(5.86379, 1.197623, -1.28736)",EyeArea,8.93589687347412,0.1,5.87973546981812,1.20477902889252,-1.33747363090515,-0.00001581455571,90.4039194014252,0.00000323543732
1188,left road,1188,3.29499983787537,0.0,7.09999990463257,3.34999990463257,0.0,0.15000000596046,3.29499983787537,0.0,7.09999990463257,5.87973546981812,1.20477902889252,-1.33747363090515,5.86438512802124,1.19762396812439,-1.28736460208893,"(5.864385, 1.197624, -1.287365)",EyeArea,8.90636348724365,0.1,5.87973546981812,1.20477902889252,-1.33747363090515,-0.00001581455571,90.4039194014252,0.00000323543732
1189,left road,1189,3.39499998092651,0.0,7.09999990463257,3.45000004768372,0.0,0.15000000596046,3.39499998092651,0.0,7.09999990463257,5.87973546981812,1.20477902889252,-1.33747363090515,5.86498022079468,1.19762468338013,-1.28736877441406,"(5.86498, 1.197625, -1.287369)",EyeArea,8.87785816192627,0.1,5.87973546981812,1.20477902889252,-1.33747363090515,-0.00001581455571,90.4039194014252,0.00000323543732
1190,left road,1190,-3.50500011444092,0.0,7.19999980926514,-3.45000004768372,0.0,0.25,-3.50500011444092,0.0,7.19999980926514,5.87973546981812,1.20477902889252,-1.33747363090515,5.32579565048218,1.13366627693176,-0.83354413509369,"(5.325796, 1.133666, -0.833544)",truck body CS,12.7441444396973,0.1,5.87973546981812,1.20477902889252,-1.33747363090515,-0.00001581455571,90.4039194014252,0.00000323543732
1191,left road,1191,-3.40499997138977,0.0,7.19999980926514,-3.34999990463257,0.0,0.25,-3.40499997138977,0.0,7.19999980926514,5.87973546981812,1.20477902889252,-1.33747363090515,5.32590293884277,1.1329140663147,-0.82821488380432,"(5.325903, 1.132914, -0.828215)",truck body CS,12.6706848144531,0.1,5.87973546981812,1.20477902889252,-1.33747363090515,-0.00001581455571,90.4039194014252,0.00000323543732
1192,left road,1192,-3.3050000667572,0.0,7.19999980926514,-3.25,0.0,0.25,-3.3050000667572,0.0,7.19999980926514,5.87973546981812,1.20477902889252,-1.33747363090515,5.32600736618042,1.13214540481567,-0.82276785373688,"(5.326007, 1.132145, -0.822768)",truck body CS,12.5975914001465,0.1,5.87973546981812,1.20477902889252,-1.33747363090515,-0.00001581455571,90.4039194014252,0.00000323543732
1193,left road,1193,-3.20500016212463,0.0,7.19999980926514,-3.15000009536743,0.0,0.25,-3.20500016212463,0.0,7.19999980926514,5.87973546981812,1.20477902889252,-1.33747363090515,5.32611846923828,1.13136076927185,-0.81720608472824,"(5.326118, 1.131361, -0.817206)",truck body CS,12.5248699188232,0.1,5.87973546981812,1.20477902889252,-1.33747363090515,-0.00001581455571,90.4039194014252,0.00000323543732
1194,left road,1194,-3.10500001907349,0.0,7.19999980926514,-3.04999995231628,0.0,0.25,-3.10500001907349,0.0,7.19999980926514,5.87973546981812,1.20477902889252,-1.33747363090515,5.32622766494751,1.13055813312531,-0.81151926517487,"(5.326228, 1.130558, -0.811519)",truck body CS,12.4525270462036,0.1,5.87973546981812,1.20477902889252,-1.33747363090515,-0.00001581455571,90.4039194014252,0.00000323543732
1195,left road,1195,-3.00500011444092,0.0,7.19999980926514,-2.95000004768372,0.0,0.25,-3.00500011444092,0.0,7.19999980926514,5.87973546981812,1.20477902889252,-1.33747363090515,5.32634258270264,1.12973833084106,-0.8057097196579,"(5.326343, 1.129738, -0.80571)",truck body CS,12.3805685043335,0.1,5.87973546981812,1.20477902889252,-1.33747363090515,-0.00001581455571,90.4039194014252,0.00000323543732
1196,left road,1196,-2.90499997138977,0.0,7.19999980926514,-2.84999990463257,0.0,0.25,-2.90499997138977,0.0,7.19999980926514,5.87973546981812,1.20477902889252,-1.33747363090515,5.32645606994629,1.12889981269836,-0.79976719617844,"(5.326456, 1.1289, -0.799767)",truck body CS,12.3090019226074,0.1,5.87973546981812,1.20477902889252,-1.33747363090515,-0.00001581455571,90.4039194014252,0.00000323543732
1197,left road,1197,-2.8050000667572,0.0,7.19999980926514,-2.75,0.0,0.25,-2.8050000667572,0.0,7.19999980926514,5.87973546981812,1.20477902889252,-1.33747363090515,5.32699155807495,1.12810039520264,-0.79410284757614,"(5.326992, 1.1281, -0.794103)",truck body CS,12.2378339767456,0.1,5.87973546981812,1.20477902889252,-1.33747363090515,-0.00001581455571,90.4039194014252,0.00000323543732
1198,left road,1198,-2.70500016212463,0.0,7.19999980926514,-2.65000009536743,0.0,0.25,-2.70500016212463,0.0,7.19999980926514,5.87973546981812,1.20477902889252,-1.33747363090515,5.32858896255493,1.1274311542511,-0.78936088085175,"(5.328589, 1.127431, -0.789361)",truck body CS,12.1670722961426,0.1,5.87973546981812,1.20477902889252,-1.33747363090515,-0.00001581455571,90.4039194014252,0.00000323543732
1199,left road,1199,-2.60500001907349,0.0,7.19999980926514,-2.54999995231628,0.0,0.25,-2.60500001907349,0.0,7.19999980926514,5.87973546981812,1.20477902889252,-1.33747363090515,5.33021354675293,1.12675023078918,-0.78453552722931,"(5.330214, 1.12675, -0.784536)",truck body CS,12.0967226028442,0.1,5.87973546981812,1.20477902889252,-1.33747363090515,-0.00001581455571,90.4039194014252,0.00000323543732
1200,left road,1200,-2.50500011444092,0.0,7.19999980926514,-2.45000004768372,0.0,0.25,-2.50500011444092,0.0,7.19999980926514,5.87973546981812,1.20477902889252,-1.33747363090515,5.33238410949707,1.126131772995,-0.78015160560608,"(5.332384, 1.126132, -0.780152)",truck body CS,12.0267925262451,0.1,5.87973546981812,1.20477902889252,-1.33747363090515,-0.00001581455571,90.4039194014252,0.00000323543732
1201,left road,1201,-2.40499997138977,0.0,7.19999980926514,-2.34999990463257,0.0,0.25,-2.40499997138977,0.0,7.19999980926514,5.87973546981812,1.20477902889252,-1.33747363090515,5.33542346954346,1.12562417984009,-0.77655619382858,"(5.335423, 1.125624, -0.776556)",truck body CS,11.9572906494141,0.1,5.87973546981812,1.20477902889252,-1.33747363090515,-0.00001581455571,90.4039194014252,0.00000323543732
1202,left road,1202,-2.3050000667572,0.0,7.19999980926514,-2.25,0.0,0.25,-2.3050000667572,0.0,7.19999980926514,5.87973546981812,1.20477902889252,-1.33747363090515,5.33850288391113,1.12511050701141,-0.77291595935822,"(5.338503, 1.125111, -0.772916)",truck body CS,11.888222694397,0.1,5.87973546981812,1.20477902889252,-1.33747363090515,-0.00001581455571,90.4039194014252,0.00000323543732
1203,left road,1203,-2.20500016212463,0.0,7.19999980926514,-2.15000009536743,0.0,0.25,-2.20500016212463,0.0,7.19999980926514,5.87973546981812,1.20477902889252,-1.33747363090515,5.34162330627441,1.12459003925323,-0.76922714710236,"(5.341623, 1.12459, -0.769227)",truck body CS,11.819598197937,0.1,5.87973546981812,1.20477902889252,-1.33747363090515,-0.00001581455571,90.4039194014252,0.00000323543732
1204,left road,1204,-2.10500001907349,0.0,7.19999980926514,-2.04999995231628,0.0,0.25,-2.10500001907349,0.0,7.19999980926514,5.87973546981812,1.20477902889252,-1.33747363090515,5.34478378295898,1.12406277656555,-0.76549047231674,"(5.344784, 1.124063, -0.76549)",truck body CS,11.7514228820801,0.1,5.87973546981812,1.20477902889252,-1.33747363090515,-0.00001581455571,90.4039194014252,0.00000323543732
1205,left road,1205,-2.00500011444092,0.0,7.19999980926514,-1.95000004768372,0.0,0.25,-2.00500011444092,0.0,7.19999980926514,5.87973546981812,1.20477902889252,-1.33747363090515,5.34798574447632,1.12352824211121,-0.761703312397,"(5.347986, 1.123528, -0.761703)",truck body CS,11.6837062835693,0.1,5.87973546981812,1.20477902889252,-1.33747363090515,-0.00001581455571,90.4039194014252,0.00000323543732
1206,left road,1206,-1.90499997138977,0.0,7.19999980926514,-1.85000002384186,0.0,0.25,-1.90499997138977,0.0,7.19999980926514,5.87973546981812,1.20477902889252,-1.33747363090515,5.35123109817505,1.12298679351807,-0.75786590576172,"(5.351231, 1.122987, -0.757866)",truck body CS,11.6164569854736,0.1,5.87973546981812,1.20477902889252,-1.33747363090515,-0.00001581455571,90.4039194014252,0.00000323543732
1207,left road,1207,-1.80499994754791,0.0,7.19999980926514,-1.75,0.0,0.25,-1.80499994754791,0.0,7.19999980926514,5.87973546981812,1.20477902889252,-1.33747363090515,5.35451889038086,1.12243795394897,-0.75397634506226,"(5.354519, 1.122438, -0.753976)",truck body CS,11.5496797561646,0.1,5.87973546981812,1.20477902889252,-1.33747363090515,-0.00001581455571,90.4039194014252,0.00000323543732
1208,left road,1208,-1.70499992370605,0.0,7.19999980926514,-1.64999997615814,0.0,0.25,-1.70499992370605,0.0,7.19999980926514,5.87973546981812,1.20477902889252,-1.33747363090515,5.35784864425659,1.12188124656677,-0.7500314116478,"(5.357849, 1.121881, -0.750031)",truck body CS,11.4833860397339,0.1,5.87973546981812,1.20477902889252,-1.33747363090515,-0.00001581455571,90.4039194014252,0.00000323543732
1209,left road,1209,-1.6049998998642,0.0,7.19999980926514,-1.54999995231628,0.0,0.25,-1.6049998998642,0.0,7.19999980926514,5.87973546981812,1.20477902889252,-1.33747363090515,5.3612265586853,1.1213173866272,-0.7460355758667,"(5.361227, 1.121317, -0.746036)",truck body CS,11.4175834655762,0.1,5.87973546981812,1.20477902889252,-1.33747363090515,-0.00001581455571,90.4039194014252,0.00000323543732
1210,left road,1210,-1.50499999523163,0.0,7.19999980926514,-1.45000004768372,0.0,0.25,-1.50499999523163,0.0,7.19999980926514,5.87973546981812,1.20477902889252,-1.33747363090515,5.36464834213257,1.12074542045593,-0.74198216199875,"(5.364648, 1.120745, -0.741982)",truck body CS,11.3522806167603,0.1,5.87973546981812,1.20477902889252,-1.33747363090515,-0.00001581455571,90.4039194014252,0.00000323543732
1211,left road,1211,-1.40499997138977,0.0,7.19999980926514,-1.35000002384186,0.0,0.25,-1.40499997138977,0.0,7.19999980926514,5.87973546981812,1.20477902889252,-1.33747363090515,5.36811780929565,1.12016558647156,-0.73787409067154,"(5.368118, 1.120166, -0.737874)",truck body CS,11.2874851226807,0.1,5.87973546981812,1.20477902889252,-1.33747363090515,-0.00001581455571,90.4039194014252,0.00000323543732
1212,left road,1212,-1.30499994754791,0.0,7.19999980926514,-1.25,0.0,0.25,-1.30499994754791,0.0,7.19999980926514,5.87973546981812,1.20477902889252,-1.33747363090515,5.37163686752319,1.11957812309265,-0.73371082544327,"(5.371637, 1.119578, -0.733711)",truck body CS,11.2232065200806,0.1,5.87973546981812,1.20477902889252,-1.33747363090515,-0.00001581455571,90.4039194014252,0.00000323543732
1213,left road,1213,-1.20499992370605,0.0,7.19999980926514,-1.14999997615814,0.0,0.25,-1.20499992370605,0.0,7.19999980926514,5.87973546981812,1.20477902889252,-1.33747363090515,5.37520503997803,1.1189820766449,-0.72948753833771,"(5.375205, 1.118982, -0.729488)",truck body CS,11.1594543457031,0.1,5.87973546981812,1.20477902889252,-1.33747363090515,-0.00001581455571,90.4039194014252,0.00000323543732
1214,left road,1214,-1.1049998998642,0.0,7.19999980926514,-1.04999995231628,0.0,0.25,-1.1049998998642,0.0,7.19999980926514,5.87973546981812,1.20477902889252,-1.33747363090515,5.37882041931152,1.1183774471283,-0.72520285844803,"(5.37882, 1.118377, -0.725203)",truck body CS,11.0962371826172,0.1,5.87973546981812,1.20477902889252,-1.33747363090515,-0.00001581455571,90.4039194014252,0.00000323543732
1215,left road,1215,-1.00499999523163,0.0,7.19999980926514,-0.94999998807907,0.0,0.25,-1.00499999523163,0.0,7.19999980926514,5.87973546981812,1.20477902889252,-1.33747363090515,5.38249063491821,1.11776483058929,-0.72086119651794,"(5.382491, 1.117765, -0.720861)",truck body CS,11.0335636138916,0.1,5.87973546981812,1.20477902889252,-1.33747363090515,-0.00001581455571,90.4039194014252,0.00000323543732
1216,left road,1216,-0.90500003099442,0.0,7.19999980926514,-0.85000002384186,0.0,0.25,-0.90500003099442,0.0,7.19999980926514,5.87973546981812,1.20477902889252,-1.33747363090515,5.38621234893799,1.117143034935,-0.71645534038544,"(5.386212, 1.117143, -0.716455)",truck body CS,10.9714441299438,0.1,5.87973546981812,1.20477902889252,-1.33747363090515,-0.00001581455571,90.4039194014252,0.00000323543732
1217,left road,1217,-0.80500000715256,0.0,7.19999980926514,-0.75,0.0,0.25,-0.80500000715256,0.0,7.19999980926514,5.87973546981812,1.20477902889252,-1.33747363090515,5.38998699188232,1.11651253700256,-0.71198630332947,"(5.389987, 1.116513, -0.711986)",truck body CS,10.9098873138428,0.1,5.87973546981812,1.20477902889252,-1.33747363090515,-0.00001581455571,90.4039194014252,0.00000323543732
1218,left road,1218,-0.7049999833107,0.0,7.19999980926514,-0.64999997615814,0.0,0.25,-0.7049999833107,0.0,7.19999980926514,5.87973546981812,1.20477902889252,-1.33747363090515,5.3938159942627,1.11587238311768,-0.7074511051178,"(5.393816, 1.115872, -0.707451)",truck body CS,10.8489027023315,0.1,5.87973546981812,1.20477902889252,-1.33747363090515,-0.00001581455571,90.4039194014252,0.00000323543732
1219,left road,1219,-0.60500001907349,0.0,7.19999980926514,-0.55000001192093,0.0,0.25,-0.60500001907349,0.0,7.19999980926514,5.87973546981812,1.20477902889252,-1.33747363090515,5.40005826950073,1.11566126346588,-0.70595455169678,"(5.400058, 1.115661, -0.705955)",truck body CS,10.7885007858276,0.1,5.87973546981812,1.20477902889252,-1.33747363090515,-0.00001581455571,90.4039194014252,0.00000323543732
1220,left road,1220,-0.50499999523163,0.0,7.19999980926514,-0.44999998807907,0.0,0.25,-0.50499999523163,0.0,7.19999980926514,5.87973546981812,1.20477902889252,-1.33747363090515,5.40818881988525,1.11579966545105,-0.70693600177765,"(5.408189, 1.1158, -0.706936)",truck body CS,10.7286901473999,0.1,5.87973546981812,1.20477902889252,-1.33747363090515,-0.00001581455571,90.4039194014252,0.00000323543732
1221,left road,1221,-0.40500000119209,0.0,7.19999980926514,-0.34999999403954,0.0,0.25,-0.40500000119209,0.0,7.19999980926514,5.87973546981812,1.20477902889252,-1.33747363090515,5.41629457473755,1.11593770980835,-0.70791411399841,"(5.416295, 1.115938, -0.707914)",truck body CS,10.6694822311401,0.1,5.87973546981812,1.20477902889252,-1.33747363090515,-0.00001581455571,90.4039194014252,0.00000323543732
1222,left road,1222,-0.30500000715256,0.0,7.19999980926514,-0.25,0.0,0.25,-0.30500000715256,0.0,7.19999980926514,5.87973546981812,1.20477902889252,-1.33747363090515,5.42437314987183,1.11607503890991,-0.70888650417328,"(5.424373, 1.116075, -0.708887)",truck body CS,10.6108856201172,0.1,5.87973546981812,1.20477902889252,-1.33747363090515,-0.00001581455571,90.4039194014252,0.00000323543732
1223,left road,1223,-0.20500001311302,0.0,7.19999980926514,-0.15000000596046,0.0,0.25,-0.20500001311302,0.0,7.19999980926514,5.87973546981812,1.20477902889252,-1.33747363090515,5.43160200119019,1.11604845523834,-0.70869886875153,"(5.431602, 1.116048, -0.708699)",truck body CS,10.5529117584229,0.1,5.87973546981812,1.20477902889252,-1.33747363090515,-0.00001581455571,90.4039194014252,0.00000323543732
1224,left road,1224,-0.10500000417233,0.0,7.19999980926514,-0.05000000074506,0.0,0.25,-0.10500000417233,0.0,7.19999980926514,5.87973546981812,1.20477902889252,-1.33747363090515,5.43871068954468,1.11599683761597,-0.70833337306976,"(5.438711, 1.115997, -0.708333)",truck body CS,10.4955711364746,0.1,5.87973546981812,1.20477902889252,-1.33747363090515,-0.00001581455571,90.4039194014252,0.00000323543732
1225,left road,1225,-0.00499999895692,0.0,7.19999980926514,0.05000000074506,0.0,0.25,-0.00499999895692,0.0,7.19999980926514,5.87973546981812,1.20477902889252,-1.33747363090515,5.4531397819519,1.11744225025177,-0.71857571601868,"(5.45314, 1.117442, -0.718576)",truck body CS,10.4388723373413,0.1,5.87973546981812,1.20477902889252,-1.33747363090515,-0.00001581455571,90.4039194014252,0.00000323543732
1226,left road,1226,0.09500000625849,0.0,7.19999980926514,0.15000000596046,0.0,0.25,0.09500000625849,0.0,7.19999980926514,5.87973546981812,1.20477902889252,-1.33747363090515,5.84569358825684,1.19768917560577,-1.28723275661469,"(5.845694, 1.197689, -1.287233)",EyeArea,10.3828277587891,0.1,5.87973546981812,1.20477902889252,-1.33747363090515,-0.00001581455571,90.4039194014252,0.00000323543732
1227,left road,1227,0.19499999284744,0.0,7.19999980926514,0.25,0.0,0.25,0.19499999284744,0.0,7.19999980926514,5.87973546981812,1.20477902889252,-1.33747363090515,5.84628534317017,1.19768989086151,-1.28723692893982,"(5.846285, 1.19769, -1.287237)",EyeArea,10.327446937561,0.1,5.87973546981812,1.20477902889252,-1.33747363090515,-0.00001581455571,90.4039194014252,0.00000323543732
1228,left road,1228,0.29499998688698,0.0,7.19999980926514,0.34999999403954,0.0,0.25,0.29499998688698,0.0,7.19999980926514,5.87973546981812,1.20477902889252,-1.33747363090515,5.84687662124634,1.19769036769867,-1.28724110126495,"(5.846877, 1.19769, -1.287241)",EyeArea,10.272741317749,0.1,5.87973546981812,1.20477902889252,-1.33747363090515,-0.00001581455571,90.4039194014252,0.00000323543732
1229,left road,1229,0.39499998092651,0.0,7.19999980926514,0.44999998807907,0.0,0.25,0.39499998092651,0.0,7.19999980926514,5.87973546981812,1.20477902889252,-1.33747363090515,5.84746742248535,1.19769096374512,-1.28724527359009,"(5.847467, 1.197691, -1.287245)",EyeArea,10.2187213897705,0.1,5.87973546981812,1.20477902889252,-1.33747363090515,-0.00001581455571,90.4039194014252,0.00000323543732
1230,left road,1230,0.49500000476837,0.0,7.19999980926514,0.55000001192093,0.0,0.25,0.49500000476837,0.0,7.19999980926514,5.87973546981812,1.20477902889252,-1.33747363090515,5.84805822372437,1.19769155979156,-1.28724944591522,"(5.848058, 1.197692, -1.287249)",EyeArea,10.1653985977173,0.1,5.87973546981812,1.20477902889252,-1.33747363090515,-0.00001581455571,90.4039194014252,0.00000323543732
1231,left road,1231,0.59499996900558,0.0,7.19999980926514,0.64999997615814,0.0,0.25,0.59499996900558,0.0,7.19999980926514,5.87973546981812,1.20477902889252,-1.33747363090515,5.84864902496338,1.19769215583801,-1.28725361824036,"(5.848649, 1.197692, -1.287254)",EyeArea,10.1127834320068,0.1,5.87973546981812,1.20477902889252,-1.33747363090515,-0.00001581455571,90.4039194014252,0.00000323543732
1232,left road,1232,0.69499999284744,0.0,7.19999980926514,0.75,0.0,0.25,0.69499999284744,0.0,7.19999980926514,5.87973546981812,1.20477902889252,-1.33747363090515,5.84923982620239,1.19769275188446,-1.28725779056549,"(5.84924, 1.197693, -1.287258)",EyeArea,10.0608863830566,0.1,5.87973546981812,1.20477902889252,-1.33747363090515,-0.00001581455571,90.4039194014252,0.00000323543732
1233,left road,1233,0.7950000166893,0.0,7.19999980926514,0.85000002384186,0.0,0.25,0.7950000166893,0.0,7.19999980926514,5.87973546981812,1.20477902889252,-1.33747363090515,5.84983062744141,1.19769334793091,-1.28726196289063,"(5.849831, 1.197693, -1.287262)",EyeArea,10.0097198486328,0.1,5.87973546981812,1.20477902889252,-1.33747363090515,-0.00001581455571,90.4039194014252,0.00000323543732
1234,left road,1234,0.89499998092651,0.0,7.19999980926514,0.94999998807907,0.0,0.25,0.89499998092651,0.0,7.19999980926514,5.87973546981812,1.20477902889252,-1.33747363090515,5.85042095184326,1.19769394397736,-1.28726613521576,"(5.850421, 1.197694, -1.287266)",EyeArea,9.95929431915283,0.1,5.87973546981812,1.20477902889252,-1.33747363090515,-0.00001581455571,90.4039194014252,0.00000323543732
1235,left road,1235,0.99499994516373,0.0,7.19999980926514,1.04999995231628,0.0,0.25,0.99499994516373,0.0,7.19999980926514,5.87973546981812,1.20477902889252,-1.33747363090515,5.85101127624512,1.1976945400238,-1.28727030754089,"(5.851011, 1.197695, -1.28727)",EyeArea,9.9096212387085,0.1,5.87973546981812,1.20477902889252,-1.33747363090515,-0.00001581455571,90.4039194014252,0.00000323543732
1236,left road,1236,1.09500002861023,0.0,7.19999980926514,1.14999997615814,0.0,0.25,1.09500002861023,0.0,7.19999980926514,5.87973546981812,1.20477902889252,-1.33747363090515,5.85160207748413,1.19769513607025,-1.28727447986603,"(5.851602, 1.197695, -1.287274)",EyeArea,9.8607120513916,0.1,5.87973546981812,1.20477902889252,-1.33747363090515,-0.00001581455571,90.4039194014252,0.00000323543732
1237,left road,1237,1.19500005245209,0.0,7.19999980926514,1.25,0.0,0.25,1.19500005245209,0.0,7.19999980926514,5.87973546981812,1.20477902889252,-1.33747363090515,5.85219192504883,1.19769561290741,-1.28727865219116,"(5.852192, 1.197696, -1.287279)",EyeArea,9.81257820129395,0.1,5.87973546981812,1.20477902889252,-1.33747363090515,-0.00001581455571,90.4039194014252,0.00000323543732
1238,left road,1238,1.29500007629395,0.0,7.19999980926514,1.35000002384186,0.0,0.25,1.29500007629395,0.0,7.19999980926514,5.87973546981812,1.20477902889252,-1.33747363090515,5.85278224945068,1.19769632816315,-1.28728270530701,"(5.852782, 1.197696, -1.287283)",EyeArea,9.76523208618164,0.1,5.87973546981812,1.20477902889252,-1.33747363090515,-0.00001581455571,90.4039194014252,0.00000323543732
1239,left road,1239,1.3950001001358,0.0,7.19999980926514,1.45000004768372,0.0,0.25,1.3950001001358,0.0,7.19999980926514,5.87973546981812,1.20477902889252,-1.33747363090515,5.85337257385254,1.19769692420959,-1.28728687763214,"(5.853373, 1.197697, -1.287287)",EyeArea,9.71868324279785,0.1,5.87973546981812,1.20477902889252,-1.33747363090515,-0.00001581455571,90.4039194014252,0.00000323543732
1240,left road,1240,1.49500000476837,0.0,7.19999980926514,1.54999995231628,0.0,0.25,1.49500000476837,0.0,7.19999980926514,5.87973546981812,1.20477902889252,-1.33747363090515,5.85396242141724,1.19769740104675,-1.28729104995728,"(5.853962, 1.197697, -1.287291)",EyeArea,9.67294502258301,0.1,5.87973546981812,1.20477902889252,-1.33747363090515,-0.00001581455571,90.4039194014252,0.00000323543732
1241,left road,1241,1.59500002861023,0.0,7.19999980926514,1.64999997615814,0.0,0.25,1.59500002861023,0.0,7.19999980926514,5.87973546981812,1.20477902889252,-1.33747363090515,5.85455274581909,1.1976979970932,-1.28729522228241,"(5.854553, 1.197698, -1.287295)",EyeArea,9.62802791595459,0.1,5.87973546981812,1.20477902889252,-1.33747363090515,-0.00001581455571,90.4039194014252,0.00000323543732
1242,left road,1242,1.69500005245209,0.0,7.19999980926514,1.75,0.0,0.25,1.69500005245209,0.0,7.19999980926514,5.87973546981812,1.20477902889252,-1.33747363090515,5.85514211654663,1.19769859313965,-1.28729939460754,"(5.855142, 1.197699, -1.287299)",EyeArea,9.58394241333008,0.1,5.87973546981812,1.20477902889252,-1.33747363090515,-0.00001581455571,90.4039194014252,0.00000323543732
1243,left road,1243,1.79500007629395,0.0,7.19999980926514,1.85000002384186,0.0,0.25,1.79500007629395,0.0,7.19999980926514,5.87973546981812,1.20477902889252,-1.33747363090515,5.85573148727417,1.1976991891861,-1.28730356693268,"(5.855731, 1.197699, -1.287304)",EyeArea,9.54070281982422,0.1,5.87973546981812,1.20477902889252,-1.33747363090515,-0.00001581455571,90.4039194014252,0.00000323543732
1244,left road,1244,1.8950001001358,0.0,7.19999980926514,1.95000004768372,0.0,0.25,1.8950001001358,0.0,7.19999980926514,5.87973546981812,1.20477902889252,-1.33747363090515,5.85632133483887,1.19769978523254,-1.28730773925781,"(5.856321, 1.1977, -1.287308)",EyeArea,9.49831867218018,0.1,5.87973546981812,1.20477902889252,-1.33747363090515,-0.00001581455571,90.4039194014252,0.00000323543732
1245,left road,1245,1.99500000476837,0.0,7.19999980926514,2.04999995231628,0.0,0.25,1.99500000476837,0.0,7.19999980926514,5.87973546981812,1.20477902889252,-1.33747363090515,5.85691070556641,1.19770038127899,-1.28731191158295,"(5.856911, 1.1977, -1.287312)",EyeArea,9.45680332183838,0.1,5.87973546981812,1.20477902889252,-1.33747363090515,-0.00001581455571,90.4039194014252,0.00000323543732
1246,left road,1246,2.09500002861023,0.0,7.19999980926514,2.15000009536743,0.0,0.25,2.09500002861023,0.0,7.19999980926514,5.87973546981812,1.20477902889252,-1.33747363090515,5.85750007629395,1.19770097732544,-1.28731596469879,"(5.8575, 1.197701, -1.287316)",EyeArea,9.41616535186768,0.1,5.87973546981812,1.20477902889252,-1.33747363090515,-0.00001581455571,90.4039194014252,0.00000323543732
1247,left road,1247,2.1949999332428,0.0,7.19999980926514,2.25,0.0,0.25,2.1949999332428,0.0,7.19999980926514,5.87973546981812,1.20477902889252,-1.33747363090515,5.85808944702148,1.19770157337189,-1.28732013702393,"(5.858089, 1.197702, -1.28732)",EyeArea,9.37641906738281,0.1,5.87973546981812,1.20477902889252,-1.33747363090515,-0.00001581455571,90.4039194014252,0.00000323543732
1248,left road,1248,2.29499983787537,0.0,7.19999980926514,2.34999990463257,0.0,0.25,2.29499983787537,0.0,7.19999980926514,5.87973546981812,1.20477902889252,-1.33747363090515,5.85867834091187,1.19770216941834,-1.28732430934906,"(5.858678, 1.197702, -1.287324)",EyeArea,9.33757305145264,0.1,5.87973546981812,1.20477902889252,-1.33747363090515,-0.00001581455571,90.4039194014252,0.00000323543732
1249,left road,1249,2.39499998092651,0.0,7.19999980926514,2.45000004768372,0.0,0.25,2.39499998092651,0.0,7.19999980926514,5.87973546981812,1.20477902889252,-1.33747363090515,5.8592677116394,1.19770264625549,-1.28732848167419,"(5.859268, 1.197703, -1.287328)",EyeArea,9.29964160919189,0.1,5.87973546981812,1.20477902889252,-1.33747363090515,-0.00001581455571,90.4039194014252,0.00000323543732
1250,left road,1250,2.49499988555908,0.0,7.19999980926514,2.54999995231628,0.0,0.25,2.49499988555908,0.0,7.19999980926514,5.87973546981812,1.20477902889252,-1.33747363090515,5.85985660552979,1.19770336151123,-1.28733265399933,"(5.859857, 1.197703, -1.287333)",EyeArea,9.26263427734375,0.1,5.87973546981812,1.20477902889252,-1.33747363090515,-0.00001581455571,90.4039194014252,0.00000323543732
1251,left road,1251,2.59500002861023,0.0,7.19999980926514,2.65000009536743,0.0,0.25,2.59500002861023,0.0,7.19999980926514,5.87973546981812,1.20477902889252,-1.33747363090515,5.86044549942017,1.19770395755768,-1.28733682632446,"(5.860445, 1.197704, -1.287337)",EyeArea,9.22656154632568,0.1,5.87973546981812,1.20477902889252,-1.33747363090515,-0.00001581455571,90.4039194014252,0.00000323543732
1252,left road,1252,2.6949999332428,0.0,7.19999980926514,2.75,0.0,0.25,2.6949999332428,0.0,7.19999980926514,5.87973546981812,1.20477902889252,-1.33747363090515,5.86103439331055,1.19770443439484,-1.28734087944031,"(5.861034, 1.197704, -1.287341)",EyeArea,9.19143581390381,0.1,5.87973546981812,1.20477902889252,-1.33747363090515,-0.00001581455571,90.4039194014252,0.00000323543732
1253,left road,1253,2.79499983787537,0.0,7.19999980926514,2.84999990463257,0.0,0.25,2.79499983787537,0.0,7.19999980926514,5.87973546981812,1.20477902889252,-1.33747363090515,5.86162328720093,1.19770503044128,-1.28734505176544,"(5.861623, 1.197705, -1.287345)",EyeArea,9.15726757049561,0.1,5.87973546981812,1.20477902889252,-1.33747363090515,-0.00001581455571,90.4039194014252,0.00000323543732
1254,left road,1254,2.89499998092651,0.0,7.19999980926514,2.95000004768372,0.0,0.25,2.89499998092651,0.0,7.19999980926514,5.87973546981812,1.20477902889252,-1.33747363090515,5.86221170425415,1.19770562648773,-1.28734922409058,"(5.862212, 1.197706, -1.287349)",EyeArea,9.12406730651855,0.1,5.87973546981812,1.20477902889252,-1.33747363090515,-0.00001581455571,90.4039194014252,0.00000323543732
1255,left road,1255,2.99499988555908,0.0,7.19999980926514,3.04999995231628,0.0,0.25,2.99499988555908,0.0,7.19999980926514,5.87973546981812,1.20477902889252,-1.33747363090515,5.86280012130737,1.19770622253418,-1.28735339641571,"(5.8628, 1.197706, -1.287353)",EyeArea,9.09184551239014,0.1,5.87973546981812,1.20477902889252,-1.33747363090515,-0.00001581455571,90.4039194014252,0.00000323543732
1256,left road,1256,3.09500002861023,0.0,7.19999980926514,3.15000009536743,0.0,0.25,3.09500002861023,0.0,7.19999980926514,5.87973546981812,1.20477902889252,-1.33747363090515,5.8633885383606,1.19770681858063,-1.28735756874084,"(5.863389, 1.197707, -1.287358)",EyeArea,9.06061267852783,0.1,5.87973546981812,1.20477902889252,-1.33747363090515,-0.00001581455571,90.4039194014252,0.00000323543732
1257,left road,1257,3.1949999332428,0.0,7.19999980926514,3.25,0.0,0.25,3.1949999332428,0.0,7.19999980926514,5.87973546981812,1.20477902889252,-1.33747363090515,5.86397695541382,1.19770741462708,-1.28736162185669,"(5.863977, 1.197707, -1.287362)",EyeArea,9.03037929534912,0.1,5.87973546981812,1.20477902889252,-1.33747363090515,-0.00001581455571,90.4039194014252,0.00000323543732
1258,left road,1258,3.29499983787537,0.0,7.19999980926514,3.34999990463257,0.0,0.25,3.29499983787537,0.0,7.19999980926514,5.87973546981812,1.20477902889252,-1.33747363090515,5.86456537246704,1.19770801067352,-1.28736579418182,"(5.864565, 1.197708, -1.287366)",EyeArea,9.00115585327148,0.1,5.87973546981812,1.20477902889252,-1.33747363090515,-0.00001581455571,90.4039194014252,0.00000323543732
1259,left road,1259,3.39499998092651,0.0,7.19999980926514,3.45000004768372,0.0,0.25,3.39499998092651,0.0,7.19999980926514,5.87973546981812,1.20477902889252,-1.33747363090515,5.86515331268311,1.19770860671997,-1.28736996650696,"(5.865153, 1.197709, -1.28737)",EyeArea,8.97295188903809,0.1,5.87973546981812,1.20477902889252,-1.33747363090515,-0.00001581455571,90.4039194014252,0.00000323543732
1260,left road,1260,-3.50500011444092,0.0,7.29999971389771,-3.45000004768372,0.0,0.34999999403954,-3.50500011444092,0.0,7.29999971389771,5.87973546981812,1.20477902889252,-1.33747363090515,5.32777261734009,1.13391995429993,-0.82946091890335,"(5.327773, 1.13392, -0.829461)",truck body CS,12.8113498687744,0.1,5.87973546981812,1.20477902889252,-1.33747363090515,-0.00001581455571,90.4039194014252,0.00000323543732
1261,left road,1261,-3.40499997138977,0.0,7.29999971389771,-3.34999990463257,0.0,0.34999999403954,-3.40499997138977,0.0,7.29999971389771,5.87973546981812,1.20477902889252,-1.33747363090515,5.32789659500122,1.13317275047302,-0.82410383224487,"(5.327897, 1.133173, -0.824104)",truck body CS,12.7382783889771,0.1,5.87973546981812,1.20477902889252,-1.33747363090515,-0.00001581455571,90.4039194014252,0.00000323543732
1262,left road,1262,-3.3050000667572,0.0,7.29999971389771,-3.25,0.0,0.34999999403954,-3.3050000667572,0.0,7.29999971389771,5.87973546981812,1.20477902889252,-1.33747363090515,5.3280234336853,1.13241004943848,-0.8186349272728,"(5.328023, 1.13241, -0.818635)",truck body CS,12.6655750274658,0.1,5.87973546981812,1.20477902889252,-1.33747363090515,-0.00001581455571,90.4039194014252,0.00000323543732
1263,left road,1263,-3.20500016212463,0.0,7.29999971389771,-3.15000009536743,0.0,0.34999999403954,-3.20500016212463,0.0,7.29999971389771,5.87973546981812,1.20477902889252,-1.33747363090515,5.32815551757813,1.13163089752197,-0.81304889917374,"(5.328156, 1.131631, -0.813049)",truck body CS,12.5932464599609,0.1,5.87973546981812,1.20477902889252,-1.33747363090515,-0.00001581455571,90.4039194014252,0.00000323543732
1264,left road,1264,-3.10500001907349,0.0,7.29999971389771,-3.04999995231628,0.0,0.34999999403954,-3.10500001907349,0.0,7.29999971389771,5.87973546981812,1.20477902889252,-1.33747363090515,5.32828807830811,1.13083446025848,-0.80733966827393,"(5.328288, 1.130834, -0.80734)",truck body CS,12.521297454834,0.1,5.87973546981812,1.20477902889252,-1.33747363090515,-0.00001581455571,90.4039194014252,0.00000323543732
1265,left road,1265,-3.00500011444092,0.0,7.29999971389771,-2.95000004768372,0.0,0.34999999403954,-3.00500011444092,0.0,7.29999971389771,5.87973546981812,1.20477902889252,-1.33747363090515,5.32842397689819,1.13002061843872,-0.80150461196899,"(5.328424, 1.130021, -0.801505)",truck body CS,12.4497365951538,0.1,5.87973546981812,1.20477902889252,-1.33747363090515,-0.00001581455571,90.4039194014252,0.00000323543732
1266,left road,1266,-2.90499997138977,0.0,7.29999971389771,-2.84999990463257,0.0,0.34999999403954,-2.90499997138977,0.0,7.29999971389771,5.87973546981812,1.20477902889252,-1.33747363090515,5.32856225967407,1.12918853759766,-0.79553961753845,"(5.328562, 1.129189, -0.79554)",truck body CS,12.3785705566406,0.1,5.87973546981812,1.20477902889252,-1.33747363090515,-0.00001581455571,90.4039194014252,0.00000323543732
1267,left road,1267,-2.8050000667572,0.0,7.29999971389771,-2.75,0.0,0.34999999403954,-2.8050000667572,0.0,7.29999971389771,5.87973546981812,1.20477902889252,-1.33747363090515,5.32924556732178,1.12841296195984,-0.78997892141342,"(5.329246, 1.128413, -0.789979)",truck body CS,12.3078050613403,0.1,5.87973546981812,1.20477902889252,-1.33747363090515,-0.00001581455571,90.4039194014252,0.00000323543732
1268,left road,1268,-2.70500016212463,0.0,7.29999971389771,-2.65000009536743,0.0,0.34999999403954,-2.70500016212463,0.0,7.29999971389771,5.87973546981812,1.20477902889252,-1.33747363090515,5.33085536956787,1.12774932384491,-0.78522115945816,"(5.330855, 1.127749, -0.785221)",truck body CS,12.2374477386475,0.1,5.87973546981812,1.20477902889252,-1.33747363090515,-0.00001581455571,90.4039194014252,0.00000323543732
1269,left road,1269,-2.60500001907349,0.0,7.29999971389771,-2.54999995231628,0.0,0.34999999403954,-2.60500001907349,0.0,7.29999971389771,5.87973546981812,1.20477902889252,-1.33747363090515,5.33297157287598,1.12714195251465,-0.78086680173874,"(5.332972, 1.127142, -0.780867)",truck body CS,12.1675043106079,0.1,5.87973546981812,1.20477902889252,-1.33747363090515,-0.00001581455571,90.4039194014252,0.00000323543732
1270,left road,1270,-2.50500011444092,0.0,7.29999971389771,-2.45000004768372,0.0,0.34999999403954,-2.50500011444092,0.0,7.29999971389771,5.87973546981812,1.20477902889252,-1.33747363090515,5.33597564697266,1.12664771080017,-0.77732360363007,"(5.335976, 1.126648, -0.777324)",truck body CS,12.0979833602905,0.1,5.87973546981812,1.20477902889252,-1.33747363090515,-0.00001581455571,90.4039194014252,0.00000323543732
1271,left road,1271,-2.40499997138977,0.0,7.29999971389771,-2.34999990463257,0.0,0.34999999403954,-2.40499997138977,0.0,7.29999971389771,5.87973546981812,1.20477902889252,-1.33747363090515,5.33901882171631,1.12614715099335,-0.77373439073563,"(5.339019, 1.126147, -0.773734)",truck body CS,12.0288934707642,0.1,5.87973546981812,1.20477902889252,-1.33747363090515,-0.00001581455571,90.4039194014252,0.00000323543732
1272,left road,1272,-2.3050000667572,0.0,7.29999971389771,-2.25,0.0,0.34999999403954,-2.3050000667572,0.0,7.29999971389771,5.87973546981812,1.20477902889252,-1.33747363090515,5.34210062026978,1.12564015388489,-0.77009963989258,"(5.342101, 1.12564, -0.7701)",truck body CS,11.9602394104004,0.1,5.87973546981812,1.20477902889252,-1.33747363090515,-0.00001581455571,90.4039194014252,0.00000323543732
1273,left road,1273,-2.20500016212463,0.0,7.29999971389771,-2.15000009536743,0.0,0.34999999403954,-2.20500016212463,0.0,7.29999971389771,5.87973546981812,1.20477902889252,-1.33747363090515,5.34522390365601,1.1251266002655,-0.76641762256622,"(5.345224, 1.125127, -0.766418)",truck body CS,11.8920297622681,0.1,5.87973546981812,1.20477902889252,-1.33747363090515,-0.00001581455571,90.4039194014252,0.00000323543732
1274,left road,1274,-2.10500001907349,0.0,7.29999971389771,-2.04999995231628,0.0,0.34999999403954,-2.10500001907349,0.0,7.29999971389771,5.87973546981812,1.20477902889252,-1.33747363090515,5.34838533401489,1.12460613250732,-0.76268577575684,"(5.348385, 1.124606, -0.762686)",truck body CS,11.8242740631104,0.1,5.87973546981812,1.20477902889252,-1.33747363090515,-0.00001581455571,90.4039194014252,0.00000323543732
1275,left road,1275,-2.00500011444092,0.0,7.29999971389771,-1.95000004768372,0.0,0.34999999403954,-2.00500011444092,0.0,7.29999971389771,5.87973546981812,1.20477902889252,-1.33747363090515,5.35158634185791,1.12407851219177,-0.75890290737152,"(5.351586, 1.124079, -0.758903)",truck body CS,11.7569761276245,0.1,5.87973546981812,1.20477902889252,-1.33747363090515,-0.00001581455571,90.4039194014252,0.00000323543732
1276,left road,1276,-1.90499997138977,0.0,7.29999971389771,-1.85000002384186,0.0,0.34999999403954,-1.90499997138977,0.0,7.29999971389771,5.87973546981812,1.20477902889252,-1.33747363090515,5.35483121871948,1.12354385852814,-0.75507038831711,"(5.354831, 1.123544, -0.75507)",truck body CS,11.6901473999023,0.1,5.87973546981812,1.20477902889252,-1.33747363090515,-0.00001581455571,90.4039194014252,0.00000323543732
1277,left road,1277,-1.80499994754791,0.0,7.29999971389771,-1.75,0.0,0.34999999403954,-1.80499994754791,0.0,7.29999971389771,5.87973546981812,1.20477902889252,-1.33747363090515,5.35811996459961,1.123002409935,-0.75118869543076,"(5.35812, 1.123002, -0.751189)",truck body CS,11.6237945556641,0.1,5.87973546981812,1.20477902889252,-1.33747363090515,-0.00001581455571,90.4039194014252,0.00000323543732
1278,left road,1278,-1.70499992370605,0.0,7.29999971389771,-1.64999997615814,0.0,0.34999999403954,-1.70499992370605,0.0,7.29999971389771,5.87973546981812,1.20477902889252,-1.33747363090515,5.36145257949829,1.1224536895752,-0.74725419282913,"(5.361453, 1.122454, -0.747254)",truck body CS,11.5579261779785,0.1,5.87973546981812,1.20477902889252,-1.33747363090515,-0.00001581455571,90.4039194014252,0.00000323543732
1279,left road,1279,-1.6049998998642,0.0,7.29999971389771,-1.54999995231628,0.0,0.34999999403954,-1.6049998998642,0.0,7.29999971389771,5.87973546981812,1.20477902889252,-1.33747363090515,5.36482858657837,1.12189710140228,-0.74326390028,"(5.364829, 1.121897, -0.743264)",truck body CS,11.4925498962402,0.1,5.87973546981812,1.20477902889252,-1.33747363090515,-0.00001581455571,90.4039194014252,0.00000323543732
1280,left road,1280,-1.50499999523163,0.0,7.29999971389771,-1.45000004768372,0.0,0.34999999403954,-1.50499999523163,0.0,7.29999971389771,5.87973546981812,1.20477902889252,-1.33747363090515,5.36825275421143,1.121333360672,-0.73922264575958,"(5.368253, 1.121333, -0.739223)",truck body CS,11.4276752471924,0.1,5.87973546981812,1.20477902889252,-1.33747363090515,-0.00001581455571,90.4039194014252,0.00000323543732
1281,left road,1281,-1.40499997138977,0.0,7.29999971389771,-1.35000002384186,0.0,0.34999999403954,-1.40499997138977,0.0,7.29999971389771,5.87973546981812,1.20477902889252,-1.33747363090515,5.37172317504883,1.12076187133789,-0.73512560129166,"(5.371723, 1.120762, -0.735126)",truck body CS,11.3633098602295,0.1,5.87973546981812,1.20477902889252,-1.33747363090515,-0.00001581455571,90.4039194014252,0.00000323543732
1282,left road,1282,-1.30499994754791,0.0,7.29999971389771,-1.25,0.0,0.34999999403954,-1.30499994754791,0.0,7.29999971389771,5.87973546981812,1.20477902889252,-1.33747363090515,5.37524127960205,1.12018239498138,-0.73097085952759,"(5.375241, 1.120182, -0.730971)",truck body CS,11.2994623184204,0.1,5.87973546981812,1.20477902889252,-1.33747363090515,-0.00001581455571,90.4039194014252,0.00000323543732
1283,left road,1283,-1.20499992370605,0.0,7.29999971389771,-1.14999997615814,0.0,0.34999999403954,-1.20499992370605,0.0,7.29999971389771,5.87973546981812,1.20477902889252,-1.33747363090515,5.37880849838257,1.11959493160248,-0.72675913572311,"(5.378808, 1.119595, -0.726759)",truck body CS,11.2361431121826,0.1,5.87973546981812,1.20477902889252,-1.33747363090515,-0.00001581455571,90.4039194014252,0.00000323543732
1284,left road,1284,-1.1049998998642,0.0,7.29999971389771,-1.04999995231628,0.0,0.34999999403954,-1.1049998998642,0.0,7.29999971389771,5.87973546981812,1.20477902889252,-1.33747363090515,5.38242483139038,1.11899924278259,-0.72248733043671,"(5.382425, 1.118999, -0.722487)",truck body CS,11.1733598709106,0.1,5.87973546981812,1.20477902889252,-1.33747363090515,-0.00001581455571,90.4039194014252,0.00000323543732
1285,left road,1285,-1.00499999523163,0.0,7.29999971389771,-0.94999998807907,0.0,0.34999999403954,-1.00499999523163,0.0,7.29999971389771,5.87973546981812,1.20477902889252,-1.33747363090515,5.38609170913696,1.11839497089386,-0.71815609931946,"(5.386092, 1.118395, -0.718156)",truck body CS,11.1111211776733,0.1,5.87973546981812,1.20477902889252,-1.33747363090515,-0.00001581455571,90.4039194014252,0.00000323543732
1286,left road,1286,-0.90500003099442,0.0,7.29999971389771,-0.85000002384186,0.0,0.34999999403954,-0.90500003099442,0.0,7.29999971389771,5.87973546981812,1.20477902889252,-1.33747363090515,5.38981246948242,1.11778235435486,-0.71376419067383,"(5.389812, 1.117782, -0.713764)",truck body CS,11.0494375228882,0.1,5.87973546981812,1.20477902889252,-1.33747363090515,-0.00001581455571,90.4039194014252,0.00000323543732
1287,left road,1287,-0.80500000715256,0.0,7.29999971389771,-0.75,0.0,0.34999999403954,-0.80500000715256,0.0,7.29999971389771,5.87973546981812,1.20477902889252,-1.33747363090515,5.39358425140381,1.11716079711914,-0.70930790901184,"(5.393584, 1.117161, -0.709308)",truck body CS,10.988317489624,0.1,5.87973546981812,1.20477902889252,-1.33747363090515,-0.00001581455571,90.4039194014252,0.00000323543732
1288,left road,1288,-0.7049999833107,0.0,7.29999971389771,-0.64999997615814,0.0,0.34999999403954,-0.7049999833107,0.0,7.29999971389771,5.87973546981812,1.20477902889252,-1.33747363090515,5.39947509765625,1.11690783500671,-0.70749533176422,"(5.399475, 1.116908, -0.707495)",truck body CS,10.927770614624,0.1,5.87973546981812,1.20477902889252,-1.33747363090515,-0.00001581455571,90.4039194014252,0.00000323543732
1289,left road,1289,-0.60500001907349,0.0,7.29999971389771,-0.55000001192093,0.0,0.34999999403954,-0.60500001907349,0.0,7.29999971389771,5.87973546981812,1.20477902889252,-1.33747363090515,5.40749454498291,1.11704277992249,-0.70846176147461,"(5.407495, 1.117043, -0.708462)",truck body CS,10.8678073883057,0.1,5.87973546981812,1.20477902889252,-1.33747363090515,-0.00001581455571,90.4039194014252,0.00000323543732
1290,left road,1290,-0.50499999523163,0.0,7.29999971389771,-0.44999998807907,0.0,0.34999999403954,-0.50499999523163,0.0,7.29999971389771,5.87973546981812,1.20477902889252,-1.33747363090515,5.41548824310303,1.11717700958252,-0.70942449569702,"(5.415488, 1.117177, -0.709424)",truck body CS,10.8084354400635,0.1,5.87973546981812,1.20477902889252,-1.33747363090515,-0.00001581455571,90.4039194014252,0.00000323543732
1291,left road,1291,-0.40500000119209,0.0,7.29999971389771,-0.34999999403954,0.0,0.34999999403954,-0.40500000119209,0.0,7.29999971389771,5.87973546981812,1.20477902889252,-1.33747363090515,5.42342281341553,1.11730420589447,-0.71033549308777,"(5.423423, 1.117304, -0.710335)",truck body CS,10.7496671676636,0.1,5.87973546981812,1.20477902889252,-1.33747363090515,-0.00001581455571,90.4039194014252,0.00000323543732
1292,left road,1292,-0.30500000715256,0.0,7.29999971389771,-0.25,0.0,0.34999999403954,-0.30500000715256,0.0,7.29999971389771,5.87973546981812,1.20477902889252,-1.33747363090515,5.43042659759521,1.11725401878357,-0.70997714996338,"(5.430427, 1.117254, -0.709977)",truck body CS,10.6915092468262,0.1,5.87973546981812,1.20477902889252,-1.33747363090515,-0.00001581455571,90.4039194014252,0.00000323543732
1293,left road,1293,-0.20500001311302,0.0,7.29999971389771,-0.15000000596046,0.0,0.34999999403954,-0.20500001311302,0.0,7.29999971389771,5.87973546981812,1.20477902889252,-1.33747363090515,5.43743896484375,1.11720418930054,-0.70961880683899,"(5.437439, 1.117204, -0.709619)",truck body CS,10.633975982666,0.1,5.87973546981812,1.20477902889252,-1.33747363090515,-0.00001581455571,90.4039194014252,0.00000323543732
1294,left road,1294,-0.10500000417233,0.0,7.29999971389771,-0.05000000074506,0.0,0.34999999403954,-0.10500000417233,0.0,7.29999971389771,5.87973546981812,1.20477902889252,-1.33747363090515,5.45047855377197,1.11836576461792,-0.71794724464417,"(5.450479, 1.118366, -0.717947)",truck body CS,10.5770740509033,0.1,5.87973546981812,1.20477902889252,-1.33747363090515,-0.00001581455571,90.4039194014252,0.00000323543732
1295,left road,1295,-0.00499999895692,0.0,7.29999971389771,0.05000000074506,0.0,0.34999999403954,-0.00499999895692,0.0,7.29999971389771,5.87973546981812,1.20477902889252,-1.33747363090515,5.84550523757935,1.19777119159698,-1.2872314453125,"(5.845505, 1.197771, -1.287231)",EyeArea,10.5208148956299,0.1,5.87973546981812,1.20477902889252,-1.33747363090515,-0.00001581455571,90.4039194014252,0.00000323543732
1296,left road,1296,0.09500000625849,0.0,7.29999971389771,0.15000000596046,0.0,0.34999999403954,0.09500000625849,0.0,7.29999971389771,5.87973546981812,1.20477902889252,-1.33747363090515,5.8460898399353,1.19777166843414,-1.28723561763763,"(5.84609, 1.197772, -1.287236)",EyeArea,10.4652090072632,0.1,5.87973546981812,1.20477902889252,-1.33747363090515,-0.00001581455571,90.4039194014252,0.00000323543732
1297,left road,1297,0.19499999284744,0.0,7.29999971389771,0.25,0.0,0.34999999403954,0.19499999284744,0.0,7.29999971389771,5.87973546981812,1.20477902889252,-1.33747363090515,5.84667444229126,1.19777226448059,-1.28723967075348,"(5.846674, 1.197772, -1.28724)",EyeArea,10.4102668762207,0.1,5.87973546981812,1.20477902889252,-1.33747363090515,-0.00001581455571,90.4039194014252,0.00000323543732
1298,left road,1298,0.29499998688698,0.0,7.29999971389771,0.34999999403954,0.0,0.34999999403954,0.29499998688698,0.0,7.29999971389771,5.87973546981812,1.20477902889252,-1.33747363090515,5.84725856781006,1.19777286052704,-1.28724384307861,"(5.847259, 1.197773, -1.287244)",EyeArea,10.3559980392456,0.1,5.87973546981812,1.20477902889252,-1.33747363090515,-0.00001581455571,90.4039194014252,0.00000323543732
1299,left road,1299,0.39499998092651,0.0,7.29999971389771,0.44999998807907,0.0,0.34999999403954,0.39499998092651,0.0,7.29999971389771,5.87973546981812,1.20477902889252,-1.33747363090515,5.84784269332886,1.19777345657349,-1.28724789619446,"(5.847843, 1.197773, -1.287248)",EyeArea,10.302414894104,0.1,5.87973546981812,1.20477902889252,-1.33747363090515,-0.00001581455571,90.4039194014252,0.00000323543732
1300,left road,1300,0.49500000476837,0.0,7.29999971389771,0.55000001192093,0.0,0.34999999403954,0.49500000476837,0.0,7.29999971389771,5.87973546981812,1.20477902889252,-1.33747363090515,5.84842681884766,1.19777405261993,-1.28725206851959,"(5.848427, 1.197774, -1.287252)",EyeArea,10.2495269775391,0.1,5.87973546981812,1.20477902889252,-1.33747363090515,-0.00001581455571,90.4039194014252,0.00000323543732
1301,left road,1301,0.59499996900558,0.0,7.29999971389771,0.64999997615814,0.0,0.34999999403954,0.59499996900558,0.0,7.29999971389771,5.87973546981812,1.20477902889252,-1.33747363090515,5.84901094436646,1.19777452945709,-1.28725612163544,"(5.849011, 1.197775, -1.287256)",EyeArea,10.1973457336426,0.1,5.87973546981812,1.20477902889252,-1.33747363090515,-0.00001581455571,90.4039194014252,0.00000323543732
1302,left road,1302,0.69499999284744,0.0,7.29999971389771,0.75,0.0,0.34999999403954,0.69499999284744,0.0,7.29999971389771,5.87973546981812,1.20477902889252,-1.33747363090515,5.8495945930481,1.19777512550354,-1.28726029396057,"(5.849595, 1.197775, -1.28726)",EyeArea,10.145881652832,0.1,5.87973546981812,1.20477902889252,-1.33747363090515,-0.00001581455571,90.4039194014252,0.00000323543732
1303,left road,1303,0.7950000166893,0.0,7.29999971389771,0.85000002384186,0.0,0.34999999403954,0.7950000166893,0.0,7.29999971389771,5.87973546981812,1.20477902889252,-1.33747363090515,5.85017776489258,1.19777572154999,-1.28726434707642,"(5.850178, 1.197776, -1.287264)",EyeArea,10.0951461791992,0.1,5.87973546981812,1.20477902889252,-1.33747363090515,-0.00001581455571,90.4039194014252,0.00000323543732
1304,left road,1304,0.89499998092651,0.0,7.29999971389771,0.94999998807907,0.0,0.34999999403954,0.89499998092651,0.0,7.29999971389771,5.87973546981812,1.20477902889252,-1.33747363090515,5.85076141357422,1.19777631759644,-1.28726851940155,"(5.850761, 1.197776, -1.287269)",EyeArea,10.0451488494873,0.1,5.87973546981812,1.20477902889252,-1.33747363090515,-0.00001581455571,90.4039194014252,0.00000323543732
1305,left road,1305,0.99499994516373,0.0,7.29999971389771,1.04999995231628,0.0,0.34999999403954,0.99499994516373,0.0,7.29999971389771,5.87973546981812,1.20477902889252,-1.33747363090515,5.85134506225586,1.19777691364288,-1.2872725725174,"(5.851345, 1.197777, -1.287273)",EyeArea,9.99590301513672,0.1,5.87973546981812,1.20477902889252,-1.33747363090515,-0.00001581455571,90.4039194014252,0.00000323543732
1306,left road,1306,1.09500002861023,0.0,7.29999971389771,1.14999997615814,0.0,0.34999999403954,1.09500002861023,0.0,7.29999971389771,5.87973546981812,1.20477902889252,-1.33747363090515,5.85192918777466,1.19777750968933,-1.28727674484253,"(5.851929, 1.197778, -1.287277)",EyeArea,9.94741821289063,0.1,5.87973546981812,1.20477902889252,-1.33747363090515,-0.00001581455571,90.4039194014252,0.00000323543732
1307,left road,1307,1.19500005245209,0.0,7.29999971389771,1.25,0.0,0.34999999403954,1.19500005245209,0.0,7.29999971389771,5.87973546981812,1.20477902889252,-1.33747363090515,5.85251235961914,1.19777798652649,-1.28728079795837,"(5.852512, 1.197778, -1.287281)",EyeArea,9.89970588684082,0.1,5.87973546981812,1.20477902889252,-1.33747363090515,-0.00001581455571,90.4039194014252,0.00000323543732
1308,left road,1308,1.29500007629395,0.0,7.29999971389771,1.35000002384186,0.0,0.34999999403954,1.29500007629395,0.0,7.29999971389771,5.87973546981812,1.20477902889252,-1.33747363090515,5.85309553146362,1.19777858257294,-1.28728497028351,"(5.853096, 1.197779, -1.287285)",EyeArea,9.8527774810791,0.1,5.87973546981812,1.20477902889252,-1.33747363090515,-0.00001581455571,90.4039194014252,0.00000323543732
1309,left road,1309,1.3950001001358,0.0,7.29999971389771,1.45000004768372,0.0,0.34999999403954,1.3950001001358,0.0,7.29999971389771,5.87973546981812,1.20477902889252,-1.33747363090515,5.85367870330811,1.19777917861938,-1.28728902339935,"(5.853679, 1.197779, -1.287289)",EyeArea,9.80664539337158,0.1,5.87973546981812,1.20477902889252,-1.33747363090515,-0.00001581455571,90.4039194014252,0.00000323543732
1310,left road,1310,1.49500000476837,0.0,7.29999971389771,1.54999995231628,0.0,0.34999999403954,1.49500000476837,0.0,7.29999971389771,5.87973546981812,1.20477902889252,-1.33747363090515,5.85426187515259,1.19777977466583,-1.28729319572449,"(5.854262, 1.19778, -1.287293)",EyeArea,9.76131820678711,0.1,5.87973546981812,1.20477902889252,-1.33747363090515,-0.00001581455571,90.4039194014252,0.00000323543732
1311,left road,1311,1.59500002861023,0.0,7.29999971389771,1.64999997615814,0.0,0.34999999403954,1.59500002861023,0.0,7.29999971389771,5.87973546981812,1.20477902889252,-1.33747363090515,5.85484552383423,1.19778037071228,-1.28729724884033,"(5.854846, 1.19778, -1.287297)",EyeArea,9.71681022644043,0.1,5.87973546981812,1.20477902889252,-1.33747363090515,-0.00001581455571,90.4039194014252,0.00000323543732
1312,left road,1312,1.69500005245209,0.0,7.29999971389771,1.75,0.0,0.34999999403954,1.69500005245209,0.0,7.29999971389771,5.87973546981812,1.20477902889252,-1.33747363090515,5.85542774200439,1.19778084754944,-1.28730142116547,"(5.855428, 1.197781, -1.287301)",EyeArea,9.67313003540039,0.1,5.87973546981812,1.20477902889252,-1.33747363090515,-0.00001581455571,90.4039194014252,0.00000323543732
1313,left road,1313,1.79500007629395,0.0,7.29999971389771,1.85000002384186,0.0,0.34999999403954,1.79500007629395,0.0,7.29999971389771,5.87973546981812,1.20477902889252,-1.33747363090515,5.85601043701172,1.19778144359589,-1.28730547428131,"(5.85601, 1.197781, -1.287305)",EyeArea,9.63029003143311,0.1,5.87973546981812,1.20477902889252,-1.33747363090515,-0.00001581455571,90.4039194014252,0.00000323543732
1314,left road,1314,1.8950001001358,0.0,7.29999971389771,1.95000004768372,0.0,0.34999999403954,1.8950001001358,0.0,7.29999971389771,5.87973546981812,1.20477902889252,-1.33747363090515,5.85659313201904,1.19778203964233,-1.28730964660645,"(5.856593, 1.197782, -1.28731)",EyeArea,9.58830261230469,0.1,5.87973546981812,1.20477902889252,-1.33747363090515,-0.00001581455571,90.4039194014252,0.00000323543732
1315,left road,1315,1.99500000476837,0.0,7.29999971389771,2.04999995231628,0.0,0.34999999403954,1.99500000476837,0.0,7.29999971389771,5.87973546981812,1.20477902889252,-1.33747363090515,5.85717582702637,1.19778263568878,-1.28731369972229,"(5.857176, 1.197783, -1.287314)",EyeArea,9.54717826843262,0.1,5.87973546981812,1.20477902889252,-1.33747363090515,-0.00001581455571,90.4039194014252,0.00000323543732
1316,left road,1316,2.09500002861023,0.0,7.29999971389771,2.15000009536743,0.0,0.34999999403954,2.09500002861023,0.0,7.29999971389771,5.87973546981812,1.20477902889252,-1.33747363090515,5.85775852203369,1.19778323173523,-1.28731787204742,"(5.857759, 1.197783, -1.287318)",EyeArea,9.50692653656006,0.1,5.87973546981812,1.20477902889252,-1.33747363090515,-0.00001581455571,90.4039194014252,0.00000323543732
1317,left road,1317,2.1949999332428,0.0,7.29999971389771,2.25,0.0,0.34999999403954,2.1949999332428,0.0,7.29999971389771,5.87973546981812,1.20477902889252,-1.33747363090515,5.85834074020386,1.19778382778168,-1.28732192516327,"(5.858341, 1.197784, -1.287322)",EyeArea,9.46756076812744,0.1,5.87973546981812,1.20477902889252,-1.33747363090515,-0.00001581455571,90.4039194014252,0.00000323543732
1318,left road,1318,2.29499983787537,0.0,7.29999971389771,2.34999990463257,0.0,0.34999999403954,2.29499983787537,0.0,7.29999971389771,5.87973546981812,1.20477902889252,-1.33747363090515,5.85892343521118,1.19778430461884,-1.2873260974884,"(5.858923, 1.197784, -1.287326)",EyeArea,9.42909145355225,0.1,5.87973546981812,1.20477902889252,-1.33747363090515,-0.00001581455571,90.4039194014252,0.00000323543732
1319,left road,1319,2.39499998092651,0.0,7.29999971389771,2.45000004768372,0.0,0.34999999403954,2.39499998092651,0.0,7.29999971389771,5.87973546981812,1.20477902889252,-1.33747363090515,5.85950565338135,1.19778490066528,-1.28733015060425,"(5.859506, 1.197785, -1.28733)",EyeArea,9.39152908325195,0.1,5.87973546981812,1.20477902889252,-1.33747363090515,-0.00001581455571,90.4039194014252,0.00000323543732
1320,left road,1320,2.49499988555908,0.0,7.29999971389771,2.54999995231628,0.0,0.34999999403954,2.49499988555908,0.0,7.29999971389771,5.87973546981812,1.20477902889252,-1.33747363090515,5.86008787155151,1.19778549671173,-1.28733420372009,"(5.860088, 1.197785, -1.287334)",EyeArea,9.35488510131836,0.1,5.87973546981812,1.20477902889252,-1.33747363090515,-0.00001581455571,90.4039194014252,0.00000323543732
1321,left road,1321,2.59500002861023,0.0,7.29999971389771,2.65000009536743,0.0,0.34999999403954,2.59500002861023,0.0,7.29999971389771,5.87973546981812,1.20477902889252,-1.33747363090515,5.86066961288452,1.19778597354889,-1.28733837604523,"(5.86067, 1.197786, -1.287338)",EyeArea,9.31916999816895,0.1,5.87973546981812,1.20477902889252,-1.33747363090515,-0.00001581455571,90.4039194014252,0.00000323543732
1322,left road,1322,2.6949999332428,0.0,7.29999971389771,2.75,0.0,0.34999999403954,2.6949999332428,0.0,7.29999971389771,5.87973546981812,1.20477902889252,-1.33747363090515,5.86125135421753,1.19778656959534,-1.28734242916107,"(5.861251, 1.197787, -1.287342)",EyeArea,9.28439426422119,0.1,5.87973546981812,1.20477902889252,-1.33747363090515,-0.00001581455571,90.4039194014252,0.00000323543732
1323,left road,1323,2.79499983787537,0.0,7.29999971389771,2.84999990463257,0.0,0.34999999403954,2.79499983787537,0.0,7.29999971389771,5.87973546981812,1.20477902889252,-1.33747363090515,5.8618335723877,1.19778716564178,-1.28734660148621,"(5.861834, 1.197787, -1.287347)",EyeArea,9.25056934356689,0.1,5.87973546981812,1.20477902889252,-1.33747363090515,-0.00001581455571,90.4039194014252,0.00000323543732
1324,left road,1324,2.89499998092651,0.0,7.29999971389771,2.95000004768372,0.0,0.34999999403954,2.89499998092651,0.0,7.29999971389771,5.87973546981812,1.20477902889252,-1.33747363090515,5.8624153137207,1.19778776168823,-1.28735065460205,"(5.862415, 1.197788, -1.287351)",EyeArea,9.21770477294922,0.1,5.87973546981812,1.20477902889252,-1.33747363090515,-0.00001581455571,90.4039194014252,0.00000323543732
1325,left road,1325,2.99499988555908,0.0,7.29999971389771,3.04999995231628,0.0,0.34999999403954,2.99499988555908,0.0,7.29999971389771,5.87973546981812,1.20477902889252,-1.33747363090515,5.86299705505371,1.19778823852539,-1.2873547077179,"(5.862997, 1.197788, -1.287355)",EyeArea,9.18581199645996,0.1,5.87973546981812,1.20477902889252,-1.33747363090515,-0.00001581455571,90.4039194014252,0.00000323543732
1326,left road,1326,3.09500002861023,0.0,7.29999971389771,3.15000009536743,0.0,0.34999999403954,3.09500002861023,0.0,7.29999971389771,5.87973546981812,1.20477902889252,-1.33747363090515,5.86357831954956,1.19778883457184,-1.28735888004303,"(5.863578, 1.197789, -1.287359)",EyeArea,9.15489959716797,0.1,5.87973546981812,1.20477902889252,-1.33747363090515,-0.00001581455571,90.4039194014252,0.00000323543732
1327,left road,1327,3.1949999332428,0.0,7.29999971389771,3.25,0.0,0.34999999403954,3.1949999332428,0.0,7.29999971389771,5.87973546981812,1.20477902889252,-1.33747363090515,5.86415958404541,1.19778943061829,-1.28736293315887,"(5.86416, 1.197789, -1.287363)",EyeArea,9.12497901916504,0.1,5.87973546981812,1.20477902889252,-1.33747363090515,-0.00001581455571,90.4039194014252,0.00000323543732
1328,left road,1328,3.29499983787537,0.0,7.29999971389771,3.34999990463257,0.0,0.34999999403954,3.29499983787537,0.0,7.29999971389771,5.87973546981812,1.20477902889252,-1.33747363090515,5.86474132537842,1.19779002666473,-1.28736710548401,"(5.864741, 1.19779, -1.287367)",EyeArea,9.09605979919434,0.1,5.87973546981812,1.20477902889252,-1.33747363090515,-0.00001581455571,90.4039194014252,0.00000323543732
1329,left road,1329,3.39499998092651,0.0,7.29999971389771,3.45000004768372,0.0,0.34999999403954,3.39499998092651,0.0,7.29999971389771,5.87973546981812,1.20477902889252,-1.33747363090515,5.86532258987427,1.19779062271118,-1.28737115859985,"(5.865323, 1.197791, -1.287371)",EyeArea,9.06815052032471,0.1,5.87973546981812,1.20477902889252,-1.33747363090515,-0.00001581455571,90.4039194014252,0.00000323543732
1330,left road,1330,-3.50500011444092,0.0,7.39999961853027,-3.45000004768372,0.0,0.44999998807907,-3.50500011444092,0.0,7.39999961853027,5.87973546981812,1.20477902889252,-1.33747363090515,5.32973575592041,1.13417208194733,-0.82540756464005,"(5.329736, 1.134172, -0.825408)",truck body CS,12.8789825439453,0.1,5.87973546981812,1.20477902889252,-1.33747363090515,-0.00001581455571,90.4039194014252,0.00000323543732
1331,left road,1331,-3.40499997138977,0.0,7.39999961853027,-3.34999990463257,0.0,0.44999998807907,-3.40499997138977,0.0,7.39999961853027,5.87973546981812,1.20477902889252,-1.33747363090515,5.32987976074219,1.13343024253845,-0.82002735137939,"(5.32988, 1.13343, -0.820027)",truck body CS,12.8062973022461,0.1,5.87973546981812,1.20477902889252,-1.33747363090515,-0.00001581455571,90.4039194014252,0.00000323543732
1332,left road,1332,-3.3050000667572,0.0,7.39999961853027,-3.25,0.0,0.44999998807907,-3.3050000667572,0.0,7.39999961853027,5.87973546981812,1.20477902889252,-1.33747363090515,5.33002758026123,1.13267278671265,-0.81453484296799,"(5.330028, 1.132673, -0.814535)",truck body CS,12.7339820861816,0.1,5.87973546981812,1.20477902889252,-1.33747363090515,-0.00001581455571,90.4039194014252,0.00000323543732
1333,left road,1333,-3.20500016212463,0.0,7.39999961853027,-3.15000009536743,0.0,0.44999998807907,-3.20500016212463,0.0,7.39999961853027,5.87973546981812,1.20477902889252,-1.33747363090515,5.33017826080322,1.13189911842346,-0.80892336368561,"(5.330178, 1.131899, -0.808923)",truck body CS,12.6620445251465,0.1,5.87973546981812,1.20477902889252,-1.33747363090515,-0.00001581455571,90.4039194014252,0.00000323543732
1334,left road,1334,-3.10500001907349,0.0,7.39999961853027,-3.04999995231628,0.0,0.44999998807907,-3.10500001907349,0.0,7.39999961853027,5.87973546981812,1.20477902889252,-1.33747363090515,5.33033180236816,1.13110852241516,-0.80318975448608,"(5.330332, 1.131109, -0.80319)",truck body CS,12.5904893875122,0.1,5.87973546981812,1.20477902889252,-1.33747363090515,-0.00001581455571,90.4039194014252,0.00000323543732
1335,left road,1335,-3.00500011444092,0.0,7.39999961853027,-2.95000004768372,0.0,0.44999998807907,-3.00500011444092,0.0,7.39999961853027,5.87973546981812,1.20477902889252,-1.33747363090515,5.33049011230469,1.13030076026917,-0.79733234643936,"(5.33049, 1.130301, -0.797332)",truck body CS,12.519323348999,0.1,5.87973546981812,1.20477902889252,-1.33747363090515,-0.00001581455571,90.4039194014252,0.00000323543732
1336,left road,1336,-2.90499997138977,0.0,7.39999961853027,-2.84999990463257,0.0,0.44999998807907,-2.90499997138977,0.0,7.39999961853027,5.87973546981812,1.20477902889252,-1.33747363090515,5.33064937591553,1.12947475910187,-0.79134130477905,"(5.330649, 1.129475, -0.791341)",truck body CS,12.4485549926758,0.1,5.87973546981812,1.20477902889252,-1.33747363090515,-0.00001581455571,90.4039194014252,0.00000323543732
1337,left road,1337,-2.8050000667572,0.0,7.39999961853027,-2.75,0.0,0.44999998807907,-2.8050000667572,0.0,7.39999961853027,5.87973546981812,1.20477902889252,-1.33747363090515,5.33148050308228,1.12872302532196,-0.78589028120041,"(5.331481, 1.128723, -0.78589)",truck body CS,12.3781890869141,0.1,5.87973546981812,1.20477902889252,-1.33747363090515,-0.00001581455571,90.4039194014252,0.00000323543732
1338,left road,1338,-2.70500016212463,0.0,7.39999961853027,-2.65000009536743,0.0,0.44999998807907,-2.70500016212463,0.0,7.39999961853027,5.87973546981812,1.20477902889252,-1.33747363090515,5.33354473114014,1.12812662124634,-0.78156471252441,"(5.333545, 1.128127, -0.781565)",truck body CS,12.3082342147827,0.1,5.87973546981812,1.20477902889252,-1.33747363090515,-0.00001581455571,90.4039194014252,0.00000323543732
1339,left road,1339,-2.60500001907349,0.0,7.39999961853027,-2.54999995231628,0.0,0.44999998807907,-2.60500001907349,0.0,7.39999961853027,5.87973546981812,1.20477902889252,-1.33747363090515,5.33651494979858,1.12764501571655,-0.77807199954987,"(5.336515, 1.127645, -0.778072)",truck body CS,12.2386960983276,0.1,5.87973546981812,1.20477902889252,-1.33747363090515,-0.00001581455571,90.4039194014252,0.00000323543732
1340,left road,1340,-2.50500011444092,0.0,7.39999961853027,-2.45000004768372,0.0,0.44999998807907,-2.50500011444092,0.0,7.39999961853027,5.87973546981812,1.20477902889252,-1.33747363090515,5.33952140808105,1.12715721130371,-0.77453321218491,"(5.339521, 1.127157, -0.774533)",truck body CS,12.1695823669434,0.1,5.87973546981812,1.20477902889252,-1.33747363090515,-0.00001581455571,90.4039194014252,0.00000323543732
1341,left road,1341,-2.40499997138977,0.0,7.39999961853027,-2.34999990463257,0.0,0.44999998807907,-2.40499997138977,0.0,7.39999961853027,5.87973546981812,1.20477902889252,-1.33747363090515,5.34256458282471,1.12666273117065,-0.77094697952271,"(5.342565, 1.126663, -0.770947)",truck body CS,12.1009006500244,0.1,5.87973546981812,1.20477902889252,-1.33747363090515,-0.00001581455571,90.4039194014252,0.00000323543732
1342,left road,1342,-2.3050000667572,0.0,7.39999961853027,-2.25,0.0,0.44999998807907,-2.3050000667572,0.0,7.39999961853027,5.87973546981812,1.20477902889252,-1.33747363090515,5.34564733505249,1.12616217136383,-0.76731717586517,"(5.345647, 1.126162, -0.767317)",truck body CS,12.0326566696167,0.1,5.87973546981812,1.20477902889252,-1.33747363090515,-0.00001581455571,90.4039194014252,0.00000323543732
1343,left road,1343,-2.20500016212463,0.0,7.39999961853027,-2.15000009536743,0.0,0.44999998807907,-2.20500016212463,0.0,7.39999961853027,5.87973546981812,1.20477902889252,-1.33747363090515,5.34876918792725,1.12565493583679,-0.7636387348175,"(5.348769, 1.125655, -0.763639)",truck body CS,11.9648609161377,0.1,5.87973546981812,1.20477902889252,-1.33747363090515,-0.00001581455571,90.4039194014252,0.00000323543732
1344,left road,1344,-2.10500001907349,0.0,7.39999961853027,-2.04999995231628,0.0,0.44999998807907,-2.10500001907349,0.0,7.39999961853027,5.87973546981812,1.20477902889252,-1.33747363090515,5.35193252563477,1.12514138221741,-0.75991362333298,"(5.351933, 1.125141, -0.759914)",truck body CS,11.897518157959,0.1,5.87973546981812,1.20477902889252,-1.33747363090515,-0.00001581455571,90.4039194014252,0.00000323543732
1345,left road,1345,-2.00500011444092,0.0,7.39999961853027,-1.95000004768372,0.0,0.44999998807907,-2.00500011444092,0.0,7.39999961853027,5.87973546981812,1.20477902889252,-1.33747363090515,5.35513782501221,1.12462115287781,-0.7561399936676,"(5.355138, 1.124621, -0.75614)",truck body CS,11.8306379318237,0.1,5.87973546981812,1.20477902889252,-1.33747363090515,-0.00001581455571,90.4039194014252,0.00000323543732
1346,left road,1346,-1.90499997138977,0.0,7.39999961853027,-1.85000002384186,0.0,0.44999998807907,-1.90499997138977,0.0,7.39999961853027,5.87973546981812,1.20477902889252,-1.33747363090515,5.35838270187378,1.12409353256226,-0.7523141503334,"(5.358383, 1.124094, -0.752314)",truck body CS,11.7642278671265,0.1,5.87973546981812,1.20477902889252,-1.33747363090515,-0.00001581455571,90.4039194014252,0.00000323543732
1347,left road,1347,-1.80499994754791,0.0,7.39999961853027,-1.75,0.0,0.44999998807907,-1.80499994754791,0.0,7.39999961853027,5.87973546981812,1.20477902889252,-1.33747363090515,5.36167335510254,1.12355947494507,-0.74844098091125,"(5.361673, 1.123559, -0.748441)",truck body CS,11.6982946395874,0.1,5.87973546981812,1.20477902889252,-1.33747363090515,-0.00001581455571,90.4039194014252,0.00000323543732
1348,left road,1348,-1.70499992370605,0.0,7.39999961853027,-1.64999997615814,0.0,0.44999998807907,-1.70499992370605,0.0,7.39999961853027,5.87973546981812,1.20477902889252,-1.33747363090515,5.36500549316406,1.12301790714264,-0.74451386928558,"(5.365005, 1.123018, -0.744514)",truck body CS,11.6328477859497,0.1,5.87973546981812,1.20477902889252,-1.33747363090515,-0.00001581455571,90.4039194014252,0.00000323543732
1349,left road,1349,-1.6049998998642,0.0,7.39999961853027,-1.54999995231628,0.0,0.44999998807907,-1.6049998998642,0.0,7.39999961853027,5.87973546981812,1.20477902889252,-1.33747363090515,5.36838293075562,1.12246918678284,-0.74053454399109,"(5.368383, 1.122469, -0.740535)",truck body CS,11.5678958892822,0.1,5.87973546981812,1.20477902889252,-1.33747363090515,-0.00001581455571,90.4039194014252,0.00000323543732
1350,left road,1350,-1.50499999523163,0.0,7.39999961853027,-1.45000004768372,0.0,0.44999998807907,-1.50499999523163,0.0,7.39999961853027,5.87973546981812,1.20477902889252,-1.33747363090515,5.37180662155151,1.12191319465637,-0.73650187253952,"(5.371807, 1.121913, -0.736502)",truck body CS,11.5034456253052,0.1,5.87973546981812,1.20477902889252,-1.33747363090515,-0.00001581455571,90.4039194014252,0.00000323543732
1351,left road,1351,-1.40499997138977,0.0,7.39999961853027,-1.35000002384186,0.0,0.44999998807907,-1.40499997138977,0.0,7.39999961853027,5.87973546981812,1.20477902889252,-1.33747363090515,5.37527894973755,1.12134981155396,-0.73241639137268,"(5.375279, 1.12135, -0.732416)",truck body CS,11.4395065307617,0.1,5.87973546981812,1.20477902889252,-1.33747363090515,-0.00001581455571,90.4039194014252,0.00000323543732
1352,left road,1352,-1.30499994754791,0.0,7.39999961853027,-1.25,0.0,0.44999998807907,-1.30499994754791,0.0,7.39999961853027,5.87973546981812,1.20477902889252,-1.33747363090515,5.37879419326782,1.12077820301056,-0.72827017307281,"(5.378794, 1.120778, -0.72827)",truck body CS,11.3760871887207,0.1,5.87973546981812,1.20477902889252,-1.33747363090515,-0.00001581455571,90.4039194014252,0.00000323543732
1353,left road,1353,-1.20499992370605,0.0,7.39999961853027,-1.14999997615814,0.0,0.44999998807907,-1.20499992370605,0.0,7.39999961853027,5.87973546981812,1.20477902889252,-1.33747363090515,5.38236045837402,1.12019896507263,-0.72407007217407,"(5.38236, 1.120199, -0.72407)",truck body CS,11.313196182251,0.1,5.87973546981812,1.20477902889252,-1.33747363090515,-0.00001581455571,90.4039194014252,0.00000323543732
1354,left road,1354,-1.1049998998642,0.0,7.39999961853027,-1.04999995231628,0.0,0.44999998807907,-1.1049998998642,0.0,7.39999961853027,5.87973546981812,1.20477902889252,-1.33747363090515,5.38597774505615,1.11961197853088,-0.71981287002563,"(5.385978, 1.119612, -0.719813)",truck body CS,11.2508430480957,0.1,5.87973546981812,1.20477902889252,-1.33747363090515,-0.00001581455571,90.4039194014252,0.00000323543732
1355,left road,1355,-1.00499999523163,0.0,7.39999961853027,-0.94999998807907,0.0,0.44999998807907,-1.00499999523163,0.0,7.39999961853027,5.87973546981812,1.20477902889252,-1.33747363090515,5.38964223861694,1.119016289711,-0.71549201011658,"(5.389642, 1.119016, -0.715492)",truck body CS,11.1890354156494,0.1,5.87973546981812,1.20477902889252,-1.33747363090515,-0.00001581455571,90.4039194014252,0.00000323543732
1356,left road,1356,-0.90500003099442,0.0,7.39999961853027,-0.85000002384186,0.0,0.44999998807907,-0.90500003099442,0.0,7.39999961853027,5.87973546981812,1.20477902889252,-1.33747363090515,5.39335966110229,1.11841225624084,-0.71111166477203,"(5.39336, 1.118412, -0.711112)",truck body CS,11.1277837753296,0.1,5.87973546981812,1.20477902889252,-1.33747363090515,-0.00001581455571,90.4039194014252,0.00000323543732
1357,left road,1357,-0.80500000715256,0.0,7.39999961853027,-0.75,0.0,0.44999998807907,-0.80500000715256,0.0,7.39999961853027,5.87973546981812,1.20477902889252,-1.33747363090515,5.39891052246094,1.1181206703186,-0.70899760723114,"(5.398911, 1.118121, -0.708998)",truck body CS,11.0670967102051,0.1,5.87973546981812,1.20477902889252,-1.33747363090515,-0.00001581455571,90.4039194014252,0.00000323543732
1358,left road,1358,-0.7049999833107,0.0,7.39999961853027,-0.64999997615814,0.0,0.44999998807907,-0.7049999833107,0.0,7.39999961853027,5.87973546981812,1.20477902889252,-1.33747363090515,5.40681886672974,1.11825156211853,-0.70994687080383,"(5.406819, 1.118252, -0.709947)",truck body CS,11.0069828033447,0.1,5.87973546981812,1.20477902889252,-1.33747363090515,-0.00001581455571,90.4039194014252,0.00000323543732
1359,left road,1359,-0.60500001907349,0.0,7.39999961853027,-0.55000001192093,0.0,0.44999998807907,-0.60500001907349,0.0,7.39999961853027,5.87973546981812,1.20477902889252,-1.33747363090515,5.41470241546631,1.1183819770813,-0.71089220046997,"(5.414702, 1.118382, -0.710892)",truck body CS,10.9474534988403,0.1,5.87973546981812,1.20477902889252,-1.33747363090515,-0.00001581455571,90.4039194014252,0.00000323543732
1360,left road,1360,-0.50499999523163,0.0,7.39999961853027,-0.44999998807907,0.0,0.44999998807907,-0.50499999523163,0.0,7.39999961853027,5.87973546981812,1.20477902889252,-1.33747363090515,5.42237186431885,1.11847591400146,-0.71157371997833,"(5.422372, 1.118476, -0.711574)",truck body CS,10.8885164260864,0.1,5.87973546981812,1.20477902889252,-1.33747363090515,-0.00001581455571,90.4039194014252,0.00000323543732
1361,left road,1361,-0.40500000119209,0.0,7.39999961853027,-0.34999999403954,0.0,0.44999998807907,-0.40500000119209,0.0,7.39999961853027,5.87973546981812,1.20477902889252,-1.33747363090515,5.42928218841553,1.11842739582062,-0.711221575737,"(5.429282, 1.118427, -0.711222)",truck body CS,10.8301820755005,0.1,5.87973546981812,1.20477902889252,-1.33747363090515,-0.00001581455571,90.4039194014252,0.00000323543732
1362,left road,1362,-0.30500000715256,0.0,7.39999961853027,-0.25,0.0,0.44999998807907,-0.30500000715256,0.0,7.39999961853027,5.87973546981812,1.20477902889252,-1.33747363090515,5.43619966506958,1.11837863922119,-0.71086871623993,"(5.4362, 1.118379, -0.710869)",truck body CS,10.7724590301514,0.1,5.87973546981812,1.20477902889252,-1.33747363090515,-0.00001581455571,90.4039194014252,0.00000323543732
1363,left road,1363,-0.20500001311302,0.0,7.39999961853027,-0.15000000596046,0.0,0.44999998807907,-0.20500001311302,0.0,7.39999961853027,5.87973546981812,1.20477902889252,-1.33747363090515,5.44783115386963,1.11926174163818,-0.71727299690247,"(5.447831, 1.119262, -0.717273)",truck body CS,10.7153596878052,0.1,5.87973546981812,1.20477902889252,-1.33747363090515,-0.00001581455571,90.4039194014252,0.00000323543732
1364,left road,1364,-0.10500000417233,0.0,7.39999961853027,-0.05000000074506,0.0,0.44999998807907,-0.10500000417233,0.0,7.39999961853027,5.87973546981812,1.20477902889252,-1.33747363090515,5.84532117843628,1.19785118103027,-1.28723013401031,"(5.845321, 1.197851, -1.28723)",EyeArea,10.6588926315308,0.1,5.87973546981812,1.20477902889252,-1.33747363090515,-0.00001581455571,90.4039194014252,0.00000323543732
1365,left road,1365,-0.00499999895692,0.0,7.39999961853027,0.05000000074506,0.0,0.44999998807907,-0.00499999895692,0.0,7.39999961853027,5.87973546981812,1.20477902889252,-1.33747363090515,5.84589910507202,1.19785165786743,-1.28723418712616,"(5.845899, 1.197852, -1.287234)",EyeArea,10.6030683517456,0.1,5.87973546981812,1.20477902889252,-1.33747363090515,-0.00001581455571,90.4039194014252,0.00000323543732
1366,left road,1366,0.09500000625849,0.0,7.39999961853027,0.15000000596046,0.0,0.44999998807907,0.09500000625849,0.0,7.39999961853027,5.87973546981812,1.20477902889252,-1.33747363090515,5.84647703170776,1.19785225391388,-1.28723835945129,"(5.846477, 1.197852, -1.287238)",EyeArea,10.5478954315186,0.1,5.87973546981812,1.20477902889252,-1.33747363090515,-0.00001581455571,90.4039194014252,0.00000323543732
1367,left road,1367,0.19499999284744,0.0,7.39999961853027,0.25,0.0,0.44999998807907,0.19499999284744,0.0,7.39999961853027,5.87973546981812,1.20477902889252,-1.33747363090515,5.84705448150635,1.19785284996033,-1.28724241256714,"(5.847054, 1.197853, -1.287242)",EyeArea,10.4933862686157,0.1,5.87973546981812,1.20477902889252,-1.33747363090515,-0.00001581455571,90.4039194014252,0.00000323543732
1368,left road,1368,0.29499998688698,0.0,7.39999961853027,0.34999999403954,0.0,0.44999998807907,0.29499998688698,0.0,7.39999961853027,5.87973546981812,1.20477902889252,-1.33747363090515,5.84763193130493,1.19785344600677,-1.28724646568298,"(5.847632, 1.197853, -1.287246)",EyeArea,10.4395503997803,0.1,5.87973546981812,1.20477902889252,-1.33747363090515,-0.00001581455571,90.4039194014252,0.00000323543732
1369,left road,1369,0.39499998092651,0.0,7.39999961853027,0.44999998807907,0.0,0.44999998807907,0.39499998092651,0.0,7.39999961853027,5.87973546981812,1.20477902889252,-1.33747363090515,5.84820938110352,1.19785392284393,-1.28725051879883,"(5.848209, 1.197854, -1.287251)",EyeArea,10.3863973617554,0.1,5.87973546981812,1.20477902889252,-1.33747363090515,-0.00001581455571,90.4039194014252,0.00000323543732
1370,left road,1370,0.49500000476837,0.0,7.39999961853027,0.55000001192093,0.0,0.44999998807907,0.49500000476837,0.0,7.39999961853027,5.87973546981812,1.20477902889252,-1.33747363090515,5.84878635406494,1.19785451889038,-1.28725457191467,"(5.848786, 1.197855, -1.287255)",EyeArea,10.3339395523071,0.1,5.87973546981812,1.20477902889252,-1.33747363090515,-0.00001581455571,90.4039194014252,0.00000323543732
1371,left road,1371,0.59499996900558,0.0,7.39999961853027,0.64999997615814,0.0,0.44999998807907,0.59499996900558,0.0,7.39999961853027,5.87973546981812,1.20477902889252,-1.33747363090515,5.84936380386353,1.19785511493683,-1.28725862503052,"(5.849364, 1.197855, -1.287259)",EyeArea,10.2821865081787,0.1,5.87973546981812,1.20477902889252,-1.33747363090515,-0.00001581455571,90.4039194014252,0.00000323543732
1372,left road,1372,0.69499999284744,0.0,7.39999961853027,0.75,0.0,0.44999998807907,0.69499999284744,0.0,7.39999961853027,5.87973546981812,1.20477902889252,-1.33747363090515,5.84994125366211,1.19785571098328,-1.28726267814636,"(5.849941, 1.197856, -1.287263)",EyeArea,10.2311496734619,0.1,5.87973546981812,1.20477902889252,-1.33747363090515,-0.00001581455571,90.4039194014252,0.00000323543732
1373,left road,1373,0.7950000166893,0.0,7.39999961853027,0.85000002384186,0.0,0.44999998807907,0.7950000166893,0.0,7.39999961853027,5.87973546981812,1.20477902889252,-1.33747363090515,5.85051774978638,1.19785618782043,-1.2872668504715,"(5.850518, 1.197856, -1.287267)",EyeArea,10.1808385848999,0.1,5.87973546981812,1.20477902889252,-1.33747363090515,-0.00001581455571,90.4039194014252,0.00000323543732
1374,left road,1374,0.89499998092651,0.0,7.39999961853027,0.94999998807907,0.0,0.44999998807907,0.89499998092651,0.0,7.39999961853027,5.87973546981812,1.20477902889252,-1.33747363090515,5.85109424591064,1.19785678386688,-1.28727090358734,"(5.851094, 1.197857, -1.287271)",EyeArea,10.1312646865845,0.1,5.87973546981812,1.20477902889252,-1.33747363090515,-0.00001581455571,90.4039194014252,0.00000323543732
1375,left road,1375,0.99499994516373,0.0,7.39999961853027,1.04999995231628,0.0,0.44999998807907,0.99499994516373,0.0,7.39999961853027,5.87973546981812,1.20477902889252,-1.33747363090515,5.85167121887207,1.19785726070404,-1.28727495670319,"(5.851671, 1.197857, -1.287275)",EyeArea,10.0824394226074,0.1,5.87973546981812,1.20477902889252,-1.33747363090515,-0.00001581455571,90.4039194014252,0.00000323543732
1376,left road,1376,1.09500002861023,0.0,7.39999961853027,1.14999997615814,0.0,0.44999998807907,1.09500002861023,0.0,7.39999961853027,5.87973546981812,1.20477902889252,-1.33747363090515,5.85224866867065,1.19785785675049,-1.28727900981903,"(5.852249, 1.197858, -1.287279)",EyeArea,10.0343723297119,0.1,5.87973546981812,1.20477902889252,-1.33747363090515,-0.00001581455571,90.4039194014252,0.00000323543732
1377,left road,1377,1.19500005245209,0.0,7.39999961853027,1.25,0.0,0.44999998807907,1.19500005245209,0.0,7.39999961853027,5.87973546981812,1.20477902889252,-1.33747363090515,5.85282468795776,1.19785845279694,-1.28728306293488,"(5.852825, 1.197858, -1.287283)",EyeArea,9.98707580566406,0.1,5.87973546981812,1.20477902889252,-1.33747363090515,-0.00001581455571,90.4039194014252,0.00000323543732
1378,left road,1378,1.29500007629395,0.0,7.39999961853027,1.35000002384186,0.0,0.44999998807907,1.29500007629395,0.0,7.39999961853027,5.87973546981812,1.20477902889252,-1.33747363090515,5.85340166091919,1.19785904884338,-1.28728711605072,"(5.853402, 1.197859, -1.287287)",EyeArea,9.94056034088135,0.1,5.87973546981812,1.20477902889252,-1.33747363090515,-0.00001581455571,90.4039194014252,0.00000323543732
1379,left road,1379,1.3950001001358,0.0,7.39999961853027,1.45000004768372,0.0,0.44999998807907,1.3950001001358,0.0,7.39999961853027,5.87973546981812,1.20477902889252,-1.33747363090515,5.8539776802063,1.19785952568054,-1.28729116916656,"(5.853978, 1.19786, -1.287291)",EyeArea,9.89483642578125,0.1,5.87973546981812,1.20477902889252,-1.33747363090515,-0.00001581455571,90.4039194014252,0.00000323543732
1380,left road,1380,1.49500000476837,0.0,7.39999961853027,1.54999995231628,0.0,0.44999998807907,1.49500000476837,0.0,7.39999961853027,5.87973546981812,1.20477902889252,-1.33747363090515,5.85455417633057,1.19786012172699,-1.28729522228241,"(5.854554, 1.19786, -1.287295)",EyeArea,9.84991550445557,0.1,5.87973546981812,1.20477902889252,-1.33747363090515,-0.00001581455571,90.4039194014252,0.00000323543732
1381,left road,1381,1.59500002861023,0.0,7.39999961853027,1.64999997615814,0.0,0.44999998807907,1.59500002861023,0.0,7.39999961853027,5.87973546981812,1.20477902889252,-1.33747363090515,5.85513114929199,1.19786071777344,-1.28729927539825,"(5.855131, 1.197861, -1.287299)",EyeArea,9.80580997467041,0.1,5.87973546981812,1.20477902889252,-1.33747363090515,-0.00001581455571,90.4039194014252,0.00000323543732
1382,left road,1382,1.69500005245209,0.0,7.39999961853027,1.75,0.0,0.44999998807907,1.69500005245209,0.0,7.39999961853027,5.87973546981812,1.20477902889252,-1.33747363090515,5.85570669174194,1.1978611946106,-1.2873033285141,"(5.855707, 1.197861, -1.287303)",EyeArea,9.76252746582031,0.1,5.87973546981812,1.20477902889252,-1.33747363090515,-0.00001581455571,90.4039194014252,0.00000323543732
1383,left road,1383,1.79500007629395,0.0,7.39999961853027,1.85000002384186,0.0,0.44999998807907,1.79500007629395,0.0,7.39999961853027,5.87973546981812,1.20477902889252,-1.33747363090515,5.85628318786621,1.19786179065704,-1.28730738162994,"(5.856283, 1.197862, -1.287307)",EyeArea,9.72008228302002,0.1,5.87973546981812,1.20477902889252,-1.33747363090515,-0.00001581455571,90.4039194014252,0.00000323543732
1384,left road,1384,1.8950001001358,0.0,7.39999961853027,1.95000004768372,0.0,0.44999998807907,1.8950001001358,0.0,7.39999961853027,5.87973546981812,1.20477902889252,-1.33747363090515,5.85685873031616,1.19786238670349,-1.28731155395508,"(5.856859, 1.197862, -1.287312)",EyeArea,9.6784839630127,0.1,5.87973546981812,1.20477902889252,-1.33747363090515,-0.00001581455571,90.4039194014252,0.00000323543732
1385,left road,1385,1.99500000476837,0.0,7.39999961853027,2.04999995231628,0.0,0.44999998807907,1.99500000476837,0.0,7.39999961853027,5.87973546981812,1.20477902889252,-1.33747363090515,5.85743474960327,1.19786286354065,-1.28731560707092,"(5.857435, 1.197863, -1.287316)",EyeArea,9.63774394989014,0.1,5.87973546981812,1.20477902889252,-1.33747363090515,-0.00001581455571,90.4039194014252,0.00000323543732
1386,left road,1386,2.09500002861023,0.0,7.39999961853027,2.15000009536743,0.0,0.44999998807907,2.09500002861023,0.0,7.39999961853027,5.87973546981812,1.20477902889252,-1.33747363090515,5.85801076889038,1.1978634595871,-1.28731966018677,"(5.858011, 1.197863, -1.28732)",EyeArea,9.59787273406982,0.1,5.87973546981812,1.20477902889252,-1.33747363090515,-0.00001581455571,90.4039194014252,0.00000323543732
1387,left road,1387,2.1949999332428,0.0,7.39999961853027,2.25,0.0,0.44999998807907,2.1949999332428,0.0,7.39999961853027,5.87973546981812,1.20477902889252,-1.33747363090515,5.85858631134033,1.19786405563354,-1.28732371330261,"(5.858586, 1.197864, -1.287324)",EyeArea,9.55888175964355,0.1,5.87973546981812,1.20477902889252,-1.33747363090515,-0.00001581455571,90.4039194014252,0.00000323543732
1388,left road,1388,2.29499983787537,0.0,7.39999961853027,2.34999990463257,0.0,0.44999998807907,2.29499983787537,0.0,7.39999961853027,5.87973546981812,1.20477902889252,-1.33747363090515,5.85916233062744,1.19786465167999,-1.28732776641846,"(5.859162, 1.197865, -1.287328)",EyeArea,9.52078056335449,0.1,5.87973546981812,1.20477902889252,-1.33747363090515,-0.00001581455571,90.4039194014252,0.00000323543732
1389,left road,1389,2.39499998092651,0.0,7.39999961853027,2.45000004768372,0.0,0.44999998807907,2.39499998092651,0.0,7.39999961853027,5.87973546981812,1.20477902889252,-1.33747363090515,5.85973739624023,1.19786512851715,-1.2873318195343,"(5.859737, 1.197865, -1.287332)",EyeArea,9.48358154296875,0.1,5.87973546981812,1.20477902889252,-1.33747363090515,-0.00001581455571,90.4039194014252,0.00000323543732
1390,left road,1390,2.49499988555908,0.0,7.39999961853027,2.54999995231628,0.0,0.44999998807907,2.49499988555908,0.0,7.39999961853027,5.87973546981812,1.20477902889252,-1.33747363090515,5.86031293869019,1.1978657245636,-1.28733587265015,"(5.860313, 1.197866, -1.287336)",EyeArea,9.44729423522949,0.1,5.87973546981812,1.20477902889252,-1.33747363090515,-0.00001581455571,90.4039194014252,0.00000323543732
1391,left road,1391,2.59500002861023,0.0,7.39999961853027,2.65000009536743,0.0,0.44999998807907,2.59500002861023,0.0,7.39999961853027,5.87973546981812,1.20477902889252,-1.33747363090515,5.86088848114014,1.19786632061005,-1.28733992576599,"(5.860888, 1.197866, -1.28734)",EyeArea,9.41193008422852,0.1,5.87973546981812,1.20477902889252,-1.33747363090515,-0.00001581455571,90.4039194014252,0.00000323543732
1392,left road,1392,2.6949999332428,0.0,7.39999961853027,2.75,0.0,0.44999998807907,2.6949999332428,0.0,7.39999961853027,5.87973546981812,1.20477902889252,-1.33747363090515,5.86146354675293,1.1978667974472,-1.28734397888184,"(5.861464, 1.197867, -1.287344)",EyeArea,9.37749862670898,0.1,5.87973546981812,1.20477902889252,-1.33747363090515,-0.00001581455571,90.4039194014252,0.00000323543732
1393,left road,1393,2.79499983787537,0.0,7.39999961853027,2.84999990463257,0.0,0.44999998807907,2.79499983787537,0.0,7.39999961853027,5.87973546981812,1.20477902889252,-1.33747363090515,5.86203908920288,1.19786739349365,-1.28734803199768,"(5.862039, 1.197867, -1.287348)",EyeArea,9.34401035308838,0.1,5.87973546981812,1.20477902889252,-1.33747363090515,-0.00001581455571,90.4039194014252,0.00000323543732
1394,left road,1394,2.89499998092651,0.0,7.39999961853027,2.95000004768372,0.0,0.44999998807907,2.89499998092651,0.0,7.39999961853027,5.87973546981812,1.20477902889252,-1.33747363090515,5.86261367797852,1.19786787033081,-1.28735208511353,"(5.862614, 1.197868, -1.287352)",EyeArea,9.31147575378418,0.1,5.87973546981812,1.20477902889252,-1.33747363090515,-0.00001581455571,90.4039194014252,0.00000323543732
1395,left road,1395,2.99499988555908,0.0,7.39999961853027,3.04999995231628,0.0,0.44999998807907,2.99499988555908,0.0,7.39999961853027,5.87973546981812,1.20477902889252,-1.33747363090515,5.86318874359131,1.19786846637726,-1.28735613822937,"(5.863189, 1.197868, -1.287356)",EyeArea,9.27990531921387,0.1,5.87973546981812,1.20477902889252,-1.33747363090515,-0.00001581455571,90.4039194014252,0.00000323543732
1396,left road,1396,3.09500002861023,0.0,7.39999961853027,3.15000009536743,0.0,0.44999998807907,3.09500002861023,0.0,7.39999961853027,5.87973546981812,1.20477902889252,-1.33747363090515,5.8637638092041,1.19786906242371,-1.28736019134521,"(5.863764, 1.197869, -1.28736)",EyeArea,9.24930763244629,0.1,5.87973546981812,1.20477902889252,-1.33747363090515,-0.00001581455571,90.4039194014252,0.00000323543732
1397,left road,1397,3.1949999332428,0.0,7.39999961853027,3.25,0.0,0.44999998807907,3.1949999332428,0.0,7.39999961853027,5.87973546981812,1.20477902889252,-1.33747363090515,5.86433839797974,1.19786965847015,-1.28736424446106,"(5.864338, 1.19787, -1.287364)",EyeArea,9.21969318389893,0.1,5.87973546981812,1.20477902889252,-1.33747363090515,-0.00001581455571,90.4039194014252,0.00000323543732
1398,left road,1398,3.29499983787537,0.0,7.39999961853027,3.34999990463257,0.0,0.44999998807907,3.29499983787537,0.0,7.39999961853027,5.87973546981812,1.20477902889252,-1.33747363090515,5.86491298675537,1.19787013530731,-1.2873682975769,"(5.864913, 1.19787, -1.287368)",EyeArea,9.19107151031494,0.1,5.87973546981812,1.20477902889252,-1.33747363090515,-0.00001581455571,90.4039194014252,0.00000323543732
1399,left road,1399,3.39499998092651,0.0,7.39999961853027,3.45000004768372,0.0,0.44999998807907,3.39499998092651,0.0,7.39999961853027,5.87973546981812,1.20477902889252,-1.33747363090515,5.86548757553101,1.19787073135376,-1.28737235069275,"(5.865488, 1.197871, -1.287372)",EyeArea,9.1634521484375,0.1,5.87973546981812,1.20477902889252,-1.33747363090515,-0.00001581455571,90.4039194014252,0.00000323543732
1400,left road,1400,-3.50500011444092,0.0,7.5,-3.45000004768372,0.0,0.55000001192093,-3.50500011444092,0.0,7.5,5.87973546981812,1.20477902889252,-1.33747363090515,5.33168506622314,1.13442230224609,-0.82138216495514,"(5.331685, 1.134422, -0.821382)",truck body CS,12.9470338821411,0.1,5.87973546981812,1.20477902889252,-1.33747363090515,-0.00001581455571,90.4039194014252,0.00000323543732
1401,left road,1401,-3.40499997138977,0.0,7.5,-3.34999990463257,0.0,0.55000001192093,-3.40499997138977,0.0,7.5,5.87973546981812,1.20477902889252,-1.33747363090515,5.33184719085693,1.13368535041809,-0.81597763299942,"(5.331847, 1.133685, -0.815978)",truck body CS,12.8747329711914,0.1,5.87973546981812,1.20477902889252,-1.33747363090515,-0.00001581455571,90.4039194014252,0.00000323543732
1402,left road,1402,-3.3050000667572,0.0,7.5,-3.25,0.0,0.55000001192093,-3.3050000667572,0.0,7.5,5.87973546981812,1.20477902889252,-1.33747363090515,5.33201551437378,1.13293349742889,-0.81046205759048,"(5.332016, 1.132933, -0.810462)",truck body CS,12.8028049468994,0.1,5.87973546981812,1.20477902889252,-1.33747363090515,-0.00001581455571,90.4039194014252,0.00000323543732
1403,left road,1403,-3.20500016212463,0.0,7.5,-3.15000009536743,0.0,0.55000001192093,-3.20500016212463,0.0,7.5,5.87973546981812,1.20477902889252,-1.33747363090515,5.33218812942505,1.1321656703949,-0.80482935905457,"(5.332188, 1.132166, -0.804829)",truck body CS,12.731255531311,0.1,5.87973546981812,1.20477902889252,-1.33747363090515,-0.00001581455571,90.4039194014252,0.00000323543732
1404,left road,1404,-3.10500001907349,0.0,7.5,-3.04999995231628,0.0,0.55000001192093,-3.10500001907349,0.0,7.5,5.87973546981812,1.20477902889252,-1.33747363090515,5.33236169815063,1.13138067722321,-0.79907095432281,"(5.332362, 1.131381, -0.799071)",truck body CS,12.6600914001465,0.1,5.87973546981812,1.20477902889252,-1.33747363090515,-0.00001581455571,90.4039194014252,0.00000323543732
1405,left road,1405,-3.00500011444092,0.0,7.5,-2.95000004768372,0.0,0.55000001192093,-3.00500011444092,0.0,7.5,5.87973546981812,1.20477902889252,-1.33747363090515,5.33254098892212,1.13057899475098,-0.79319047927856,"(5.332541, 1.130579, -0.79319)",truck body CS,12.589319229126,0.1,5.87973546981812,1.20477902889252,-1.33747363090515,-0.00001581455571,90.4039194014252,0.00000323543732
1406,left road,1406,-2.90499997138977,0.0,7.5,-2.84999990463257,0.0,0.55000001192093,-2.90499997138977,0.0,7.5,5.87973546981812,1.20477902889252,-1.33747363090515,5.33272552490234,1.1297595500946,-0.78717947006226,"(5.332726, 1.12976, -0.787179)",truck body CS,12.518946647644,0.1,5.87973546981812,1.20477902889252,-1.33747363090515,-0.00001581455571,90.4039194014252,0.00000323543732
1407,left road,1407,-2.8050000667572,0.0,7.5,-2.75,0.0,0.55000001192093,-2.8050000667572,0.0,7.5,5.87973546981812,1.20477902889252,-1.33747363090515,5.33410310745239,1.12908673286438,-0.78224557638168,"(5.334103, 1.129087, -0.782246)",truck body CS,12.4489784240723,0.1,5.87973546981812,1.20477902889252,-1.33747363090515,-0.00001581455571,90.4039194014252,0.00000323543732
1408,left road,1408,-2.70500016212463,0.0,7.5,-2.65000009536743,0.0,0.55000001192093,-2.70500016212463,0.0,7.5,5.87973546981812,1.20477902889252,-1.33747363090515,5.33703708648682,1.12861680984497,-0.77879774570465,"(5.337037, 1.128617, -0.778798)",truck body CS,12.3794231414795,0.1,5.87973546981812,1.20477902889252,-1.33747363090515,-0.00001581455571,90.4039194014252,0.00000323543732
1409,left road,1409,-2.60500001907349,0.0,7.5,-2.54999995231628,0.0,0.55000001192093,-2.60500001907349,0.0,7.5,5.87973546981812,1.20477902889252,-1.33747363090515,5.34000825881958,1.12814116477966,-0.77530807256699,"(5.340008, 1.128141, -0.775308)",truck body CS,12.3102874755859,0.1,5.87973546981812,1.20477902889252,-1.33747363090515,-0.00001581455571,90.4039194014252,0.00000323543732
1410,left road,1410,-2.50500011444092,0.0,7.5,-2.45000004768372,0.0,0.55000001192093,-2.50500011444092,0.0,7.5,5.87973546981812,1.20477902889252,-1.33747363090515,5.34301519393921,1.1276593208313,-0.77177292108536,"(5.343015, 1.127659, -0.771773)",truck body CS,12.2415771484375,0.1,5.87973546981812,1.20477902889252,-1.33747363090515,-0.00001581455571,90.4039194014252,0.00000323543732
1411,left road,1411,-2.40499997138977,0.0,7.5,-2.34999990463257,0.0,0.55000001192093,-2.40499997138977,0.0,7.5,5.87973546981812,1.20477902889252,-1.33747363090515,5.34606027603149,1.1271710395813,-0.76819282770157,"(5.34606, 1.127171, -0.768193)",truck body CS,12.1733016967773,0.1,5.87973546981812,1.20477902889252,-1.33747363090515,-0.00001581455571,90.4039194014252,0.00000323543732
1412,left road,1412,-2.3050000667572,0.0,7.5,-2.25,0.0,0.55000001192093,-2.3050000667572,0.0,7.5,5.87973546981812,1.20477902889252,-1.33747363090515,5.34914588928223,1.12667715549469,-0.76456969976425,"(5.349146, 1.126677, -0.76457)",truck body CS,12.1054668426514,0.1,5.87973546981812,1.20477902889252,-1.33747363090515,-0.00001581455571,90.4039194014252,0.00000323543732
1413,left road,1413,-2.20500016212463,0.0,7.5,-2.15000009536743,0.0,0.55000001192093,-2.20500016212463,0.0,7.5,5.87973546981812,1.20477902889252,-1.33747363090515,5.35227060317993,1.12617683410645,-0.76089864969254,"(5.352271, 1.126177, -0.760899)",truck body CS,12.0380811691284,0.1,5.87973546981812,1.20477902889252,-1.33747363090515,-0.00001581455571,90.4039194014252,0.00000323543732
1414,left road,1414,-2.10500001907349,0.0,7.5,-2.04999995231628,0.0,0.55000001192093,-2.10500001907349,0.0,7.5,5.87973546981812,1.20477902889252,-1.33747363090515,5.35543441772461,1.1256697177887,-0.75717908143997,"(5.355434, 1.12567, -0.757179)",truck body CS,11.9711503982544,0.1,5.87973546981812,1.20477902889252,-1.33747363090515,-0.00001581455571,90.4039194014252,0.00000323543732
1415,left road,1415,-2.00500011444092,0.0,7.5,-1.95000004768372,0.0,0.55000001192093,-2.00500011444092,0.0,7.5,5.87973546981812,1.20477902889252,-1.33747363090515,5.35863971710205,1.12515616416931,-0.75341153144836,"(5.35864, 1.125156, -0.753412)",truck body CS,11.9046840667725,0.1,5.87973546981812,1.20477902889252,-1.33747363090515,-0.00001581455571,90.4039194014252,0.00000323543732
1416,left road,1416,-1.90499997138977,0.0,7.5,-1.85000002384186,0.0,0.55000001192093,-1.90499997138977,0.0,7.5,5.87973546981812,1.20477902889252,-1.33747363090515,5.36188697814941,1.12463593482971,-0.74959605932236,"(5.361887, 1.124636, -0.749596)",truck body CS,11.8386878967285,0.1,5.87973546981812,1.20477902889252,-1.33747363090515,-0.00001581455571,90.4039194014252,0.00000323543732
1417,left road,1417,-1.80499994754791,0.0,7.5,-1.75,0.0,0.55000001192093,-1.80499994754791,0.0,7.5,5.87973546981812,1.20477902889252,-1.33747363090515,5.36517667770386,1.12410879135132,-0.74572896957397,"(5.365177, 1.124109, -0.745729)",truck body CS,11.77317237854,0.1,5.87973546981812,1.20477902889252,-1.33747363090515,-0.00001581455571,90.4039194014252,0.00000323543732
1418,left road,1418,-1.70499992370605,0.0,7.5,-1.64999997615814,0.0,0.55000001192093,-1.70499992370605,0.0,7.5,5.87973546981812,1.20477902889252,-1.33747363090515,5.36851167678833,1.12357485294342,-0.74181288480759,"(5.368512, 1.123575, -0.741813)",truck body CS,11.7081441879272,0.1,5.87973546981812,1.20477902889252,-1.33747363090515,-0.00001581455571,90.4039194014252,0.00000323543732
1419,left road,1419,-1.6049998998642,0.0,7.5,-1.54999995231628,0.0,0.55000001192093,-1.6049998998642,0.0,7.5,5.87973546981812,1.20477902889252,-1.33747363090515,5.37188863754272,1.12303352355957,-0.73784148693085,"(5.371889, 1.123034, -0.737841)",truck body CS,11.643611907959,0.1,5.87973546981812,1.20477902889252,-1.33747363090515,-0.00001581455571,90.4039194014252,0.00000323543732
1420,left road,1420,-1.50499999523163,0.0,7.5,-1.45000004768372,0.0,0.55000001192093,-1.50499999523163,0.0,7.5,5.87973546981812,1.20477902889252,-1.33747363090515,5.37531280517578,1.12248539924622,-0.73381972312927,"(5.375313, 1.122485, -0.73382)",truck body CS,11.5795841217041,0.1,5.87973546981812,1.20477902889252,-1.33747363090515,-0.00001581455571,90.4039194014252,0.00000323543732
1421,left road,1421,-1.40499997138977,0.0,7.5,-1.35000002384186,0.0,0.55000001192093,-1.40499997138977,0.0,7.5,5.87973546981812,1.20477902889252,-1.33747363090515,5.37878036499023,1.12192904949188,-0.7297397851944,"(5.37878, 1.121929, -0.72974)",truck body CS,11.5160675048828,0.1,5.87973546981812,1.20477902889252,-1.33747363090515,-0.00001581455571,90.4039194014252,0.00000323543732
1422,left road,1422,-1.30499994754791,0.0,7.5,-1.25,0.0,0.55000001192093,-1.30499994754791,0.0,7.5,5.87973546981812,1.20477902889252,-1.33747363090515,5.38229894638062,1.12136602401733,-0.72560948133469,"(5.382299, 1.121366, -0.725609)",truck body CS,11.4530715942383,0.1,5.87973546981812,1.20477902889252,-1.33747363090515,-0.00001581455571,90.4039194014252,0.00000323543732
1423,left road,1423,-1.20499992370605,0.0,7.5,-1.14999997615814,0.0,0.55000001192093,-1.20499992370605,0.0,7.5,5.87973546981812,1.20477902889252,-1.33747363090515,5.38586378097534,1.12079465389252,-0.72141909599304,"(5.385864, 1.120795, -0.721419)",truck body CS,11.3906059265137,0.1,5.87973546981812,1.20477902889252,-1.33747363090515,-0.00001581455571,90.4039194014252,0.00000323543732
1424,left road,1424,-1.1049998998642,0.0,7.5,-1.04999995231628,0.0,0.55000001192093,-1.1049998998642,0.0,7.5,5.87973546981812,1.20477902889252,-1.33747363090515,5.38947725296021,1.12021565437317,-0.71717166900635,"(5.389477, 1.120216, -0.717172)",truck body CS,11.3286781311035,0.1,5.87973546981812,1.20477902889252,-1.33747363090515,-0.00001581455571,90.4039194014252,0.00000323543732
1425,left road,1425,-1.00499999523163,0.0,7.5,-0.94999998807907,0.0,0.55000001192093,-1.00499999523163,0.0,7.5,5.87973546981812,1.20477902889252,-1.33747363090515,5.393141746521,1.11962854862213,-0.71286535263062,"(5.393142, 1.119629, -0.712865)",truck body CS,11.2672986984253,0.1,5.87973546981812,1.20477902889252,-1.33747363090515,-0.00001581455571,90.4039194014252,0.00000323543732
1426,left road,1426,-0.90500003099442,0.0,7.5,-0.85000002384186,0.0,0.55000001192093,-0.90500003099442,0.0,7.5,5.87973546981812,1.20477902889252,-1.33747363090515,5.39835977554321,1.11930012702942,-0.71045660972595,"(5.39836, 1.1193, -0.710457)",truck body CS,11.2064743041992,0.1,5.87973546981812,1.20477902889252,-1.33747363090515,-0.00001581455571,90.4039194014252,0.00000323543732
1427,left road,1427,-0.80500000715256,0.0,7.5,-0.75,0.0,0.55000001192093,-0.80500000715256,0.0,7.5,5.87973546981812,1.20477902889252,-1.33747363090515,5.40616226196289,1.11942768096924,-0.71139121055603,"(5.406162, 1.119428, -0.711391)",truck body CS,11.1462154388428,0.1,5.87973546981812,1.20477902889252,-1.33747363090515,-0.00001581455571,90.4039194014252,0.00000323543732
1428,left road,1428,-0.7049999833107,0.0,7.5,-0.64999997615814,0.0,0.55000001192093,-0.7049999833107,0.0,7.5,5.87973546981812,1.20477902889252,-1.33747363090515,5.41393995285034,1.11955451965332,-0.71232235431671,"(5.41394, 1.119555, -0.712322)",truck body CS,11.0865316390991,0.1,5.87973546981812,1.20477902889252,-1.33747363090515,-0.00001581455571,90.4039194014252,0.00000323543732
1429,left road,1429,-0.60500001907349,0.0,7.5,-0.55000001192093,0.0,0.55000001192093,-0.60500001907349,0.0,7.5,5.87973546981812,1.20477902889252,-1.33747363090515,5.42134952545166,1.11961686611176,-0.71277987957001,"(5.42135, 1.119617, -0.71278)",truck body CS,11.0274305343628,0.1,5.87973546981812,1.20477902889252,-1.33747363090515,-0.00001581455571,90.4039194014252,0.00000323543732
1430,left road,1430,-0.50499999523163,0.0,7.5,-0.44999998807907,0.0,0.55000001192093,-0.50499999523163,0.0,7.5,5.87973546981812,1.20477902889252,-1.33747363090515,5.42816829681396,1.11956977844238,-0.71243357658386,"(5.428168, 1.11957, -0.712434)",truck body CS,10.9689235687256,0.1,5.87973546981812,1.20477902889252,-1.33747363090515,-0.00001581455571,90.4039194014252,0.00000323543732
1431,left road,1431,-0.40500000119209,0.0,7.5,-0.34999999403954,0.0,0.55000001192093,-0.40500000119209,0.0,7.5,5.87973546981812,1.20477902889252,-1.33747363090515,5.43499279022217,1.11952221393585,-0.71208512783051,"(5.434993, 1.119522, -0.712085)",truck body CS,10.9110193252563,0.1,5.87973546981812,1.20477902889252,-1.33747363090515,-0.00001581455571,90.4039194014252,0.00000323543732
1432,left road,1432,-0.30500000715256,0.0,7.5,-0.25,0.0,0.55000001192093,-0.30500000715256,0.0,7.5,5.87973546981812,1.20477902889252,-1.33747363090515,5.44576644897461,1.12024235725403,-0.71736776828766,"(5.445766, 1.120242, -0.717368)",truck body CS,10.8537273406982,0.1,5.87973546981812,1.20477902889252,-1.33747363090515,-0.00001581455571,90.4039194014252,0.00000323543732
1433,left road,1433,-0.20500001311302,0.0,7.5,-0.15000000596046,0.0,0.55000001192093,-0.20500001311302,0.0,7.5,5.87973546981812,1.20477902889252,-1.33747363090515,5.84514093399048,1.19792938232422,-1.28722894191742,"(5.845141, 1.197929, -1.287229)",EyeArea,10.7970571517944,0.1,5.87973546981812,1.20477902889252,-1.33747363090515,-0.00001581455571,90.4039194014252,0.00000323543732
1434,left road,1434,-0.10500000417233,0.0,7.5,-0.05000000074506,0.0,0.55000001192093,-0.10500000417233,0.0,7.5,5.87973546981812,1.20477902889252,-1.33747363090515,5.84571266174316,1.19792985916138,-1.28723287582397,"(5.845713, 1.19793, -1.287233)",EyeArea,10.7410192489624,0.1,5.87973546981812,1.20477902889252,-1.33747363090515,-0.00001581455571,90.4039194014252,0.00000323543732
1435,left road,1435,-0.00499999895692,0.0,7.5,0.05000000074506,0.0,0.55000001192093,-0.00499999895692,0.0,7.5,5.87973546981812,1.20477902889252,-1.33747363090515,5.84628391265869,1.19793045520782,-1.28723692893982,"(5.846284, 1.19793, -1.287237)",EyeArea,10.6856231689453,0.1,5.87973546981812,1.20477902889252,-1.33747363090515,-0.00001581455571,90.4039194014252,0.00000323543732
1436,left road,1436,0.09500000625849,0.0,7.5,0.15000000596046,0.0,0.55000001192093,0.09500000625849,0.0,7.5,5.87973546981812,1.20477902889252,-1.33747363090515,5.84685468673706,1.19793093204498,-1.28724098205566,"(5.846855, 1.197931, -1.287241)",EyeArea,10.6308794021606,0.1,5.87973546981812,1.20477902889252,-1.33747363090515,-0.00001581455571,90.4039194014252,0.00000323543732
1437,left road,1437,0.19499999284744,0.0,7.5,0.25,0.0,0.55000001192093,0.19499999284744,0.0,7.5,5.87973546981812,1.20477902889252,-1.33747363090515,5.84742593765259,1.19793152809143,-1.28724503517151,"(5.847426, 1.197932, -1.287245)",EyeArea,10.5767974853516,0.1,5.87973546981812,1.20477902889252,-1.33747363090515,-0.00001581455571,90.4039194014252,0.00000323543732
1438,left road,1438,0.29499998688698,0.0,7.5,0.34999999403954,0.0,0.55000001192093,0.29499998688698,0.0,7.5,5.87973546981812,1.20477902889252,-1.33747363090515,5.84799671173096,1.19793212413788,-1.28724896907806,"(5.847997, 1.197932, -1.287249)",EyeArea,10.5233888626099,0.1,5.87973546981812,1.20477902889252,-1.33747363090515,-0.00001581455571,90.4039194014252,0.00000323543732
1439,left road,1439,0.39499998092651,0.0,7.5,0.44999998807907,0.0,0.55000001192093,0.39499998092651,0.0,7.5,5.87973546981812,1.20477902889252,-1.33747363090515,5.84856748580933,1.19793260097504,-1.28725302219391,"(5.848567, 1.197933, -1.287253)",EyeArea,10.4706621170044,0.1,5.87973546981812,1.20477902889252,-1.33747363090515,-0.00001581455571,90.4039194014252,0.00000323543732
1440,left road,1440,0.49500000476837,0.0,7.5,0.55000001192093,0.0,0.55000001192093,0.49500000476837,0.0,7.5,5.87973546981812,1.20477902889252,-1.33747363090515,5.8491382598877,1.19793319702148,-1.28725707530975,"(5.849138, 1.197933, -1.287257)",EyeArea,10.4186277389526,0.1,5.87973546981812,1.20477902889252,-1.33747363090515,-0.00001581455571,90.4039194014252,0.00000323543732
1441,left road,1441,0.59499996900558,0.0,7.5,0.64999997615814,0.0,0.55000001192093,0.59499996900558,0.0,7.5,5.87973546981812,1.20477902889252,-1.33747363090515,5.84970903396606,1.19793379306793,-1.2872611284256,"(5.849709, 1.197934, -1.287261)",EyeArea,10.3672981262207,0.1,5.87973546981812,1.20477902889252,-1.33747363090515,-0.00001581455571,90.4039194014252,0.00000323543732
1442,left road,1442,0.69499999284744,0.0,7.5,0.75,0.0,0.55000001192093,0.69499999284744,0.0,7.5,5.87973546981812,1.20477902889252,-1.33747363090515,5.85027885437012,1.19793426990509,-1.28726506233215,"(5.850279, 1.197934, -1.287265)",EyeArea,10.3166809082031,0.1,5.87973546981812,1.20477902889252,-1.33747363090515,-0.00001581455571,90.4039194014252,0.00000323543732
1443,left road,1443,0.7950000166893,0.0,7.5,0.85000002384186,0.0,0.55000001192093,0.7950000166893,0.0,7.5,5.87973546981812,1.20477902889252,-1.33747363090515,5.85084962844849,1.19793486595154,-1.287269115448,"(5.85085, 1.197935, -1.287269)",EyeArea,10.2667894363403,0.1,5.87973546981812,1.20477902889252,-1.33747363090515,-0.00001581455571,90.4039194014252,0.00000323543732
1444,left road,1444,0.89499998092651,0.0,7.5,0.94999998807907,0.0,0.55000001192093,0.89499998092651,0.0,7.5,5.87973546981812,1.20477902889252,-1.33747363090515,5.8514199256897,1.19793546199799,-1.28727316856384,"(5.85142, 1.197935, -1.287273)",EyeArea,10.2176332473755,0.1,5.87973546981812,1.20477902889252,-1.33747363090515,-0.00001581455571,90.4039194014252,0.00000323543732
1445,left road,1445,0.99499994516373,0.0,7.5,1.04999995231628,0.0,0.55000001192093,0.99499994516373,0.0,7.5,5.87973546981812,1.20477902889252,-1.33747363090515,5.85199022293091,1.19793593883514,-1.28727722167969,"(5.85199, 1.197936, -1.287277)",EyeArea,10.1692218780518,0.1,5.87973546981812,1.20477902889252,-1.33747363090515,-0.00001581455571,90.4039194014252,0.00000323543732
1446,left road,1446,1.09500002861023,0.0,7.5,1.14999997615814,0.0,0.55000001192093,1.09500002861023,0.0,7.5,5.87973546981812,1.20477902889252,-1.33747363090515,5.85256099700928,1.19793653488159,-1.28728115558624,"(5.852561, 1.197937, -1.287281)",EyeArea,10.1215677261353,0.1,5.87973546981812,1.20477902889252,-1.33747363090515,-0.00001581455571,90.4039194014252,0.00000323543732
1447,left road,1447,1.19500005245209,0.0,7.5,1.25,0.0,0.55000001192093,1.19500005245209,0.0,7.5,5.87973546981812,1.20477902889252,-1.33747363090515,5.85313034057617,1.19793701171875,-1.28728520870209,"(5.85313, 1.197937, -1.287285)",EyeArea,10.0746803283691,0.1,5.87973546981812,1.20477902889252,-1.33747363090515,-0.00001581455571,90.4039194014252,0.00000323543732
1448,left road,1448,1.29500007629395,0.0,7.5,1.35000002384186,0.0,0.55000001192093,1.29500007629395,0.0,7.5,5.87973546981812,1.20477902889252,-1.33747363090515,5.85370063781738,1.1979376077652,-1.28728926181793,"(5.853701, 1.197938, -1.287289)",EyeArea,10.0285711288452,0.1,5.87973546981812,1.20477902889252,-1.33747363090515,-0.00001581455571,90.4039194014252,0.00000323543732
1449,left road,1449,1.3950001001358,0.0,7.5,1.45000004768372,0.0,0.55000001192093,1.3950001001358,0.0,7.5,5.87973546981812,1.20477902889252,-1.33747363090515,5.85427045822144,1.19793820381165,-1.28729319572449,"(5.85427, 1.197938, -1.287293)",EyeArea,9.98325061798096,0.1,5.87973546981812,1.20477902889252,-1.33747363090515,-0.00001581455571,90.4039194014252,0.00000323543732
1450,left road,1450,1.49500000476837,0.0,7.5,1.54999995231628,0.0,0.55000001192093,1.49500000476837,0.0,7.5,5.87973546981812,1.20477902889252,-1.33747363090515,5.85484027862549,1.1979386806488,-1.28729724884033,"(5.85484, 1.197939, -1.287297)",EyeArea,9.93872928619385,0.1,5.87973546981812,1.20477902889252,-1.33747363090515,-0.00001581455571,90.4039194014252,0.00000323543732
1451,left road,1451,1.59500002861023,0.0,7.5,1.64999997615814,0.0,0.55000001192093,1.59500002861023,0.0,7.5,5.87973546981812,1.20477902889252,-1.33747363090515,5.8554105758667,1.19793927669525,-1.28730130195618,"(5.855411, 1.197939, -1.287301)",EyeArea,9.89501857757568,0.1,5.87973546981812,1.20477902889252,-1.33747363090515,-0.00001581455571,90.4039194014252,0.00000323543732
1452,left road,1452,1.69500005245209,0.0,7.5,1.75,0.0,0.55000001192093,1.69500005245209,0.0,7.5,5.87973546981812,1.20477902889252,-1.33747363090515,5.85597991943359,1.1979398727417,-1.28730535507202,"(5.85598, 1.19794, -1.287305)",EyeArea,9.85212898254395,0.1,5.87973546981812,1.20477902889252,-1.33747363090515,-0.00001581455571,90.4039194014252,0.00000323543732
1453,left road,1453,1.79500007629395,0.0,7.5,1.85000002384186,0.0,0.55000001192093,1.79500007629395,0.0,7.5,5.87973546981812,1.20477902889252,-1.33747363090515,5.85654926300049,1.19794034957886,-1.28730928897858,"(5.856549, 1.19794, -1.287309)",EyeArea,9.81007194519043,0.1,5.87973546981812,1.20477902889252,-1.33747363090515,-0.00001581455571,90.4039194014252,0.00000323543732
1454,left road,1454,1.8950001001358,0.0,7.5,1.95000004768372,0.0,0.55000001192093,1.8950001001358,0.0,7.5,5.87973546981812,1.20477902889252,-1.33747363090515,5.85711860656738,1.19794094562531,-1.28731334209442,"(5.857119, 1.197941, -1.287313)",EyeArea,9.76885604858398,0.1,5.87973546981812,1.20477902889252,-1.33747363090515,-0.00001581455571,90.4039194014252,0.00000323543732
1455,left road,1455,1.99500000476837,0.0,7.5,2.04999995231628,0.0,0.55000001192093,1.99500000476837,0.0,7.5,5.87973546981812,1.20477902889252,-1.33747363090515,5.85768795013428,1.19794142246246,-1.28731739521027,"(5.857688, 1.197941, -1.287317)",EyeArea,9.72849464416504,0.1,5.87973546981812,1.20477902889252,-1.33747363090515,-0.00001581455571,90.4039194014252,0.00000323543732
1456,left road,1456,2.09500002861023,0.0,7.5,2.15000009536743,0.0,0.55000001192093,2.09500002861023,0.0,7.5,5.87973546981812,1.20477902889252,-1.33747363090515,5.85825729370117,1.19794201850891,-1.28732132911682,"(5.858257, 1.197942, -1.287321)",EyeArea,9.68899726867676,0.1,5.87973546981812,1.20477902889252,-1.33747363090515,-0.00001581455571,90.4039194014252,0.00000323543732
1457,left road,1457,2.1949999332428,0.0,7.5,2.25,0.0,0.55000001192093,2.1949999332428,0.0,7.5,5.87973546981812,1.20477902889252,-1.33747363090515,5.85882663726807,1.19794249534607,-1.28732538223267,"(5.858827, 1.197942, -1.287325)",EyeArea,9.6503734588623,0.1,5.87973546981812,1.20477902889252,-1.33747363090515,-0.00001581455571,90.4039194014252,0.00000323543732
1458,left road,1458,2.29499983787537,0.0,7.5,2.34999990463257,0.0,0.55000001192093,2.29499983787537,0.0,7.5,5.87973546981812,1.20477902889252,-1.33747363090515,5.8593955039978,1.19794309139252,-1.28732943534851,"(5.859396, 1.197943, -1.287329)",EyeArea,9.61263561248779,0.1,5.87973546981812,1.20477902889252,-1.33747363090515,-0.00001581455571,90.4039194014252,0.00000323543732
1459,left road,1459,2.39499998092651,0.0,7.5,2.45000004768372,0.0,0.55000001192093,2.39499998092651,0.0,7.5,5.87973546981812,1.20477902889252,-1.33747363090515,5.85996437072754,1.19794356822968,-1.28733336925507,"(5.859964, 1.197944, -1.287333)",EyeArea,9.57579326629639,0.1,5.87973546981812,1.20477902889252,-1.33747363090515,-0.00001581455571,90.4039194014252,0.00000323543732
1460,left road,1460,2.49499988555908,0.0,7.5,2.54999995231628,0.0,0.55000001192093,2.49499988555908,0.0,7.5,5.87973546981812,1.20477902889252,-1.33747363090515,5.86053323745728,1.19794416427612,-1.28733742237091,"(5.860533, 1.197944, -1.287337)",EyeArea,9.53985691070557,0.1,5.87973546981812,1.20477902889252,-1.33747363090515,-0.00001581455571,90.4039194014252,0.00000323543732
1461,left road,1461,2.59500002861023,0.0,7.5,2.65000009536743,0.0,0.55000001192093,2.59500002861023,0.0,7.5,5.87973546981812,1.20477902889252,-1.33747363090515,5.86110210418701,1.19794464111328,-1.28734135627747,"(5.861102, 1.197945, -1.287341)",EyeArea,9.50483703613281,0.1,5.87973546981812,1.20477902889252,-1.33747363090515,-0.00001581455571,90.4039194014252,0.00000323543732
1462,left road,1462,2.6949999332428,0.0,7.5,2.75,0.0,0.55000001192093,2.6949999332428,0.0,7.5,5.87973546981812,1.20477902889252,-1.33747363090515,5.86167097091675,1.19794523715973,-1.28734540939331,"(5.861671, 1.197945, -1.287345)",EyeArea,9.47074317932129,0.1,5.87973546981812,1.20477902889252,-1.33747363090515,-0.00001581455571,90.4039194014252,0.00000323543732
1463,left road,1463,2.79499983787537,0.0,7.5,2.84999990463257,0.0,0.55000001192093,2.79499983787537,0.0,7.5,5.87973546981812,1.20477902889252,-1.33747363090515,5.86223936080933,1.19794571399689,-1.28734946250916,"(5.862239, 1.197946, -1.287349)",EyeArea,9.43758583068848,0.1,5.87973546981812,1.20477902889252,-1.33747363090515,-0.00001581455571,90.4039194014252,0.00000323543732
1464,left road,1464,2.89499998092651,0.0,7.5,2.95000004768372,0.0,0.55000001192093,2.89499998092651,0.0,7.5,5.87973546981812,1.20477902889252,-1.33747363090515,5.86280822753906,1.19794631004334,-1.28735339641571,"(5.862808, 1.197946, -1.287353)",EyeArea,9.40537548065186,0.1,5.87973546981812,1.20477902889252,-1.33747363090515,-0.00001581455571,90.4039194014252,0.00000323543732
1465,left road,1465,2.99499988555908,0.0,7.5,3.04999995231628,0.0,0.55000001192093,2.99499988555908,0.0,7.5,5.87973546981812,1.20477902889252,-1.33747363090515,5.86337661743164,1.19794690608978,-1.28735744953156,"(5.863377, 1.197947, -1.287357)",EyeArea,9.37412071228027,0.1,5.87973546981812,1.20477902889252,-1.33747363090515,-0.00001581455571,90.4039194014252,0.00000323543732
1466,left road,1466,3.09500002861023,0.0,7.5,3.15000009536743,0.0,0.55000001192093,3.09500002861023,0.0,7.5,5.87973546981812,1.20477902889252,-1.33747363090515,5.86394453048706,1.19794738292694,-1.2873615026474,"(5.863945, 1.197947, -1.287362)",EyeArea,9.34383201599121,0.1,5.87973546981812,1.20477902889252,-1.33747363090515,-0.00001581455571,90.4039194014252,0.00000323543732
1467,left road,1467,3.1949999332428,0.0,7.5,3.25,0.0,0.55000001192093,3.1949999332428,0.0,7.5,5.87973546981812,1.20477902889252,-1.33747363090515,5.86451292037964,1.19794797897339,-1.28736543655396,"(5.864513, 1.197948, -1.287365)",EyeArea,9.31451797485352,0.1,5.87973546981812,1.20477902889252,-1.33747363090515,-0.00001581455571,90.4039194014252,0.00000323543732
1468,left road,1468,3.29499983787537,0.0,7.5,3.34999990463257,0.0,0.55000001192093,3.29499983787537,0.0,7.5,5.87973546981812,1.20477902889252,-1.33747363090515,5.86508131027222,1.19794845581055,-1.2873694896698,"(5.865081, 1.197948, -1.287369)",EyeArea,9.28618812561035,0.1,5.87973546981812,1.20477902889252,-1.33747363090515,-0.00001581455571,90.4039194014252,0.00000323543732
1469,left road,1469,3.39499998092651,0.0,7.5,3.45000004768372,0.0,0.55000001192093,3.39499998092651,0.0,7.5,5.87973546981812,1.20477902889252,-1.33747363090515,5.86564922332764,1.19794905185699,-1.28737342357636,"(5.865649, 1.197949, -1.287373)",EyeArea,9.25885200500488,0.1,5.87973546981812,1.20477902889252,-1.33747363090515,-0.00001581455571,90.4039194014252,0.00000323543732
1470,left road,1470,-3.50500011444092,0.0,7.59999990463257,-3.45000004768372,0.0,0.64999997615814,-3.50500011444092,0.0,7.59999990463257,5.87973546981812,1.20477902889252,-1.33747363090515,5.33361768722534,1.13467037677765,-0.81738233566284,"(5.333618, 1.13467, -0.817382)",truck body CS,13.0154972076416,0.1,5.87973546981812,1.20477902889252,-1.33747363090515,-0.00001581455571,90.4039194014252,0.00000323543732
1471,left road,1471,-3.40499997138977,0.0,7.59999990463257,-3.34999990463257,0.0,0.64999997615814,-3.40499997138977,0.0,7.59999990463257,5.87973546981812,1.20477902889252,-1.33747363090515,5.33380174636841,1.13393902778625,-0.81195777654648,"(5.333802, 1.133939, -0.811958)",truck body CS,12.9435787200928,0.1,5.87973546981812,1.20477902889252,-1.33747363090515,-0.00001581455571,90.4039194014252,0.00000323543732
1472,left road,1472,-3.3050000667572,0.0,7.59999990463257,-3.25,0.0,0.64999997615814,-3.3050000667572,0.0,7.59999990463257,5.87973546981812,1.20477902889252,-1.33747363090515,5.33399152755737,1.13319277763367,-0.8064216375351,"(5.333992, 1.133193, -0.806422)",truck body CS,12.872034072876,0.1,5.87973546981812,1.20477902889252,-1.33747363090515,-0.00001581455571,90.4039194014252,0.00000323543732
1473,left road,1473,-3.20500016212463,0.0,7.59999990463257,-3.15000009536743,0.0,0.64999997615814,-3.20500016212463,0.0,7.59999990463257,5.87973546981812,1.20477902889252,-1.33747363090515,5.33418226242065,1.13242995738983,-0.80076277256012,"(5.334182, 1.13243, -0.800763)",truck body CS,12.8008728027344,0.1,5.87973546981812,1.20477902889252,-1.33747363090515,-0.00001581455571,90.4039194014252,0.00000323543732
1474,left road,1474,-3.10500001907349,0.0,7.59999990463257,-3.04999995231628,0.0,0.64999997615814,-3.10500001907349,0.0,7.59999990463257,5.87973546981812,1.20477902889252,-1.33747363090515,5.33437728881836,1.13165092468262,-0.79498380422592,"(5.334377, 1.131651, -0.794984)",truck body CS,12.7300977706909,0.1,5.87973546981812,1.20477902889252,-1.33747363090515,-0.00001581455571,90.4039194014252,0.00000323543732
1475,left road,1475,-3.00500011444092,0.0,7.59999990463257,-2.95000004768372,0.0,0.64999997615814,-3.00500011444092,0.0,7.59999990463257,5.87973546981812,1.20477902889252,-1.33747363090515,5.33457851409912,1.13085532188416,-0.78908091783524,"(5.334579, 1.130855, -0.789081)",truck body CS,12.6597166061401,0.1,5.87973546981812,1.20477902889252,-1.33747363090515,-0.00001581455571,90.4039194014252,0.00000323543732
1476,left road,1476,-2.90499997138977,0.0,7.59999990463257,-2.84999990463257,0.0,0.64999997615814,-2.90499997138977,0.0,7.59999990463257,5.87973546981812,1.20477902889252,-1.33747363090515,5.33533668518066,1.13011765480042,-0.78360915184021,"(5.335337, 1.130118, -0.783609)",truck body CS,12.5897378921509,0.1,5.87973546981812,1.20477902889252,-1.33747363090515,-0.00001581455571,90.4039194014252,0.00000323543732
1477,left road,1477,-2.8050000667572,0.0,7.59999990463257,-2.75,0.0,0.64999997615814,-2.8050000667572,0.0,7.59999990463257,5.87973546981812,1.20477902889252,-1.33747363090515,5.33754539489746,1.12956440448761,-0.77950501441956,"(5.337545, 1.129564, -0.779505)",truck body CS,12.5201654434204,0.1,5.87973546981812,1.20477902889252,-1.33747363090515,-0.00001581455571,90.4039194014252,0.00000323543732
1478,left road,1478,-2.70500016212463,0.0,7.59999990463257,-2.65000009536743,0.0,0.64999997615814,-2.70500016212463,0.0,7.59999990463257,5.87973546981812,1.20477902889252,-1.33747363090515,5.34048223495483,1.12910032272339,-0.77606213092804,"(5.340482, 1.1291, -0.776062)",truck body CS,12.4510087966919,0.1,5.87973546981812,1.20477902889252,-1.33747363090515,-0.00001581455571,90.4039194014252,0.00000323543732
1479,left road,1479,-2.60500001907349,0.0,7.59999990463257,-2.54999995231628,0.0,0.64999997615814,-2.60500001907349,0.0,7.59999990463257,5.87973546981812,1.20477902889252,-1.33747363090515,5.34345531463623,1.12863063812256,-0.7725767493248,"(5.343455, 1.128631, -0.772577)",truck body CS,12.3822717666626,0.1,5.87973546981812,1.20477902889252,-1.33747363090515,-0.00001581455571,90.4039194014252,0.00000323543732
1480,left road,1480,-2.50500011444092,0.0,7.59999990463257,-2.45000004768372,0.0,0.64999997615814,-2.50500011444092,0.0,7.59999990463257,5.87973546981812,1.20477902889252,-1.33747363090515,5.34646511077881,1.12815499305725,-0.76904892921448,"(5.346465, 1.128155, -0.769049)",truck body CS,12.3139638900757,0.1,5.87973546981812,1.20477902889252,-1.33747363090515,-0.00001581455571,90.4039194014252,0.00000323543732
1481,left road,1481,-2.40499997138977,0.0,7.59999990463257,-2.34999990463257,0.0,0.64999997615814,-2.40499997138977,0.0,7.59999990463257,5.87973546981812,1.20477902889252,-1.33747363090515,5.34951305389404,1.12767314910889,-0.76547557115555,"(5.349513, 1.127673, -0.765476)",truck body CS,12.2460918426514,0.1,5.87973546981812,1.20477902889252,-1.33747363090515,-0.00001581455571,90.4039194014252,0.00000323543732
1482,left road,1482,-2.3050000667572,0.0,7.59999990463257,-2.25,0.0,0.64999997615814,-2.3050000667572,0.0,7.59999990463257,5.87973546981812,1.20477902889252,-1.33747363090515,5.35259628295898,1.12718510627747,-0.76185369491577,"(5.352596, 1.127185, -0.761854)",truck body CS,12.1786623001099,0.1,5.87973546981812,1.20477902889252,-1.33747363090515,-0.00001581455571,90.4039194014252,0.00000323543732
1483,left road,1483,-2.20500016212463,0.0,7.59999990463257,-2.15000009536743,0.0,0.64999997615814,-2.20500016212463,0.0,7.59999990463257,5.87973546981812,1.20477902889252,-1.33747363090515,5.35572481155396,1.12669134140015,-0.75819176435471,"(5.355725, 1.126691, -0.758192)",truck body CS,12.1116828918457,0.1,5.87973546981812,1.20477902889252,-1.33747363090515,-0.00001581455571,90.4039194014252,0.00000323543732
1484,left road,1484,-2.10500001907349,0.0,7.59999990463257,-2.04999995231628,0.0,0.64999997615814,-2.10500001907349,0.0,7.59999990463257,5.87973546981812,1.20477902889252,-1.33747363090515,5.35888957977295,1.1261910200119,-0.75447952747345,"(5.35889, 1.126191, -0.75448)",truck body CS,12.0451622009277,0.1,5.87973546981812,1.20477902889252,-1.33747363090515,-0.00001581455571,90.4039194014252,0.00000323543732
1485,left road,1485,-2.00500011444092,0.0,7.59999990463257,-1.95000004768372,0.0,0.64999997615814,-2.00500011444092,0.0,7.59999990463257,5.87973546981812,1.20477902889252,-1.33747363090515,5.36209726333618,1.1256844997406,-0.75072175264359,"(5.362097, 1.125684, -0.750722)",truck body CS,11.9791059494019,0.1,5.87973546981812,1.20477902889252,-1.33747363090515,-0.00001581455571,90.4039194014252,0.00000323543732
1486,left road,1486,-1.90499997138977,0.0,7.59999990463257,-1.85000002384186,0.0,0.64999997615814,-1.90499997138977,0.0,7.59999990463257,5.87973546981812,1.20477902889252,-1.33747363090515,5.36534357070923,1.12517082691193,-0.74691116809845,"(5.365344, 1.125171, -0.746911)",truck body CS,11.9135227203369,0.1,5.87973546981812,1.20477902889252,-1.33747363090515,-0.00001581455571,90.4039194014252,0.00000323543732
1487,left road,1487,-1.80499994754791,0.0,7.59999990463257,-1.75,0.0,0.64999997615814,-1.80499994754791,0.0,7.59999990463257,5.87973546981812,1.20477902889252,-1.33747363090515,5.36863422393799,1.12465071678162,-0.74305331707001,"(5.368634, 1.124651, -0.743053)",truck body CS,11.8484201431274,0.1,5.87973546981812,1.20477902889252,-1.33747363090515,-0.00001581455571,90.4039194014252,0.00000323543732
1488,left road,1488,-1.70499992370605,0.0,7.59999990463257,-1.64999997615814,0.0,0.64999997615814,-1.70499992370605,0.0,7.59999990463257,5.87973546981812,1.20477902889252,-1.33747363090515,5.37196826934814,1.12412393093109,-0.73914510011673,"(5.371968, 1.124124, -0.739145)",truck body CS,11.7838077545166,0.1,5.87973546981812,1.20477902889252,-1.33747363090515,-0.00001581455571,90.4039194014252,0.00000323543732
1489,left road,1489,-1.6049998998642,0.0,7.59999990463257,-1.54999995231628,0.0,0.64999997615814,-1.6049998998642,0.0,7.59999990463257,5.87973546981812,1.20477902889252,-1.33747363090515,5.37534761428833,1.12359023094177,-0.73518657684326,"(5.375348, 1.12359, -0.735187)",truck body CS,11.7196922302246,0.1,5.87973546981812,1.20477902889252,-1.33747363090515,-0.00001581455571,90.4039194014252,0.00000323543732
1490,left road,1490,-1.50499999523163,0.0,7.59999990463257,-1.45000004768372,0.0,0.64999997615814,-1.50499999523163,0.0,7.59999990463257,5.87973546981812,1.20477902889252,-1.33747363090515,5.3787693977356,1.1230491399765,-0.73117214441299,"(5.378769, 1.123049, -0.731172)",truck body CS,11.6560821533203,0.1,5.87973546981812,1.20477902889252,-1.33747363090515,-0.00001581455571,90.4039194014252,0.00000323543732
1491,left road,1491,-1.40499997138977,0.0,7.59999990463257,-1.35000002384186,0.0,0.64999997615814,-1.40499997138977,0.0,7.59999990463257,5.87973546981812,1.20477902889252,-1.33747363090515,5.382239818573,1.12250113487244,-0.72710680961609,"(5.38224, 1.122501, -0.727107)",truck body CS,11.5929841995239,0.1,5.87973546981812,1.20477902889252,-1.33747363090515,-0.00001581455571,90.4039194014252,0.00000323543732
1492,left road,1492,-1.30499994754791,0.0,7.59999990463257,-1.25,0.0,0.64999997615814,-1.30499994754791,0.0,7.59999990463257,5.87973546981812,1.20477902889252,-1.33747363090515,5.38575458526611,1.12194538116455,-0.72298324108124,"(5.385755, 1.121945, -0.722983)",truck body CS,11.5304098129272,0.1,5.87973546981812,1.20477902889252,-1.33747363090515,-0.00001581455571,90.4039194014252,0.00000323543732
1493,left road,1493,-1.20499992370605,0.0,7.59999990463257,-1.14999997615814,0.0,0.64999997615814,-1.20499992370605,0.0,7.59999990463257,5.87973546981812,1.20477902889252,-1.33747363090515,5.38931751251221,1.12138199806213,-0.71880507469177,"(5.389318, 1.121382, -0.718805)",truck body CS,11.4683647155762,0.1,5.87973546981812,1.20477902889252,-1.33747363090515,-0.00001581455571,90.4039194014252,0.00000323543732
1494,left road,1494,-1.1049998998642,0.0,7.59999990463257,-1.04999995231628,0.0,0.64999997615814,-1.1049998998642,0.0,7.59999990463257,5.87973546981812,1.20477902889252,-1.33747363090515,5.39293003082275,1.12081122398376,-0.71457040309906,"(5.39293, 1.120811, -0.71457)",truck body CS,11.4068603515625,0.1,5.87973546981812,1.20477902889252,-1.33747363090515,-0.00001581455571,90.4039194014252,0.00000323543732
1495,left road,1495,-1.00499999523163,0.0,7.59999990463257,-0.94999998807907,0.0,0.64999997615814,-1.00499999523163,0.0,7.59999990463257,5.87973546981812,1.20477902889252,-1.33747363090515,5.39782333374023,1.12044787406921,-0.71187496185303,"(5.397823, 1.120448, -0.711875)",truck body CS,11.3459024429321,0.1,5.87973546981812,1.20477902889252,-1.33747363090515,-0.00001581455571,90.4039194014252,0.00000323543732
1496,left road,1496,-0.90500003099442,0.0,7.59999990463257,-0.85000002384186,0.0,0.64999997615814,-0.90500003099442,0.0,7.59999990463257,5.87973546981812,1.20477902889252,-1.33747363090515,5.40552139282227,1.12057185173035,-0.71279454231262,"(5.405521, 1.120572, -0.712795)",truck body CS,11.2855024337769,0.1,5.87973546981812,1.20477902889252,-1.33747363090515,-0.00001581455571,90.4039194014252,0.00000323543732
1497,left road,1497,-0.80500000715256,0.0,7.59999990463257,-0.75,0.0,0.64999997615814,-0.80500000715256,0.0,7.59999990463257,5.87973546981812,1.20477902889252,-1.33747363090515,5.41319704055786,1.1206955909729,-0.71371245384216,"(5.413197, 1.120696, -0.713712)",truck body CS,11.2256669998169,0.1,5.87973546981812,1.20477902889252,-1.33747363090515,-0.00001581455571,90.4039194014252,0.00000323543732
1498,left road,1498,-0.7049999833107,0.0,7.59999990463257,-0.64999997615814,0.0,0.64999997615814,-0.7049999833107,0.0,7.59999990463257,5.87973546981812,1.20477902889252,-1.33747363090515,5.42035436630249,1.12072813510895,-0.7139538526535,"(5.420354, 1.120728, -0.713954)",truck body CS,11.166407585144,0.1,5.87973546981812,1.20477902889252,-1.33747363090515,-0.00001581455571,90.4039194014252,0.00000323543732
1499,left road,1499,-0.60500001907349,0.0,7.59999990463257,-0.55000001192093,0.0,0.64999997615814,-0.60500001907349,0.0,7.59999990463257,5.87973546981812,1.20477902889252,-1.33747363090515,5.42708349227905,1.12068212032318,-0.71361315250397,"(5.427083, 1.120682, -0.713613)",truck body CS,11.1077318191528,0.1,5.87973546981812,1.20477902889252,-1.33747363090515,-0.00001581455571,90.4039194014252,0.00000323543732
1500,left road,1500,-0.50499999523163,0.0,7.59999990463257,-0.44999998807907,0.0,0.64999997615814,-0.50499999523163,0.0,7.59999990463257,5.87973546981812,1.20477902889252,-1.33747363090515,5.43381834030151,1.12063598632813,-0.71326994895935,"(5.433818, 1.120636, -0.71327)",truck body CS,11.0496501922607,0.1,5.87973546981812,1.20477902889252,-1.33747363090515,-0.00001581455571,90.4039194014252,0.00000323543732
1501,left road,1501,-0.40500000119209,0.0,7.59999990463257,-0.34999999403954,0.0,0.64999997615814,-0.40500000119209,0.0,7.59999990463257,5.87973546981812,1.20477902889252,-1.33747363090515,5.44419813156128,1.12128686904907,-0.71809887886047,"(5.444198, 1.121287, -0.718099)",truck body CS,10.9921712875366,0.1,5.87973546981812,1.20477902889252,-1.33747363090515,-0.00001581455571,90.4039194014252,0.00000323543732
1502,left road,1502,-0.30500000715256,0.0,7.59999990463257,-0.25,0.0,0.64999997615814,-0.30500000715256,0.0,7.59999990463257,5.87973546981812,1.20477902889252,-1.33747363090515,5.8449649810791,1.19800579547882,-1.28722763061523,"(5.844965, 1.198006, -1.287228)",EyeArea,10.9353036880493,0.1,5.87973546981812,1.20477902889252,-1.33747363090515,-0.00001581455571,90.4039194014252,0.00000323543732
1503,left road,1503,-0.20500001311302,0.0,7.59999990463257,-0.15000000596046,0.0,0.64999997615814,-0.20500001311302,0.0,7.59999990463257,5.87973546981812,1.20477902889252,-1.33747363090515,5.84553003311157,1.19800639152527,-1.28723168373108,"(5.84553, 1.198006, -1.287232)",EyeArea,10.8790588378906,0.1,5.87973546981812,1.20477902889252,-1.33747363090515,-0.00001581455571,90.4039194014252,0.00000323543732
1504,left road,1504,-0.10500000417233,0.0,7.59999990463257,-0.05000000074506,0.0,0.64999997615814,-0.10500000417233,0.0,7.59999990463257,5.87973546981812,1.20477902889252,-1.33747363090515,5.84609508514404,1.19800686836243,-1.28723561763763,"(5.846095, 1.198007, -1.287236)",EyeArea,10.8234453201294,0.1,5.87973546981812,1.20477902889252,-1.33747363090515,-0.00001581455571,90.4039194014252,0.00000323543732
1505,left road,1505,-0.00499999895692,0.0,7.59999990463257,0.05000000074506,0.0,0.64999997615814,-0.00499999895692,0.0,7.59999990463257,5.87973546981812,1.20477902889252,-1.33747363090515,5.84665966033936,1.19800746440887,-1.28723955154419,"(5.84666, 1.198007, -1.28724)",EyeArea,10.7684736251831,0.1,5.87973546981812,1.20477902889252,-1.33747363090515,-0.00001581455571,90.4039194014252,0.00000323543732
1506,left road,1506,0.09500000625849,0.0,7.59999990463257,0.15000000596046,0.0,0.64999997615814,0.09500000625849,0.0,7.59999990463257,5.87973546981812,1.20477902889252,-1.33747363090515,5.84722423553467,1.19800794124603,-1.28724360466003,"(5.847224, 1.198008, -1.287244)",EyeArea,10.7141532897949,0.1,5.87973546981812,1.20477902889252,-1.33747363090515,-0.00001581455571,90.4039194014252,0.00000323543732
1507,left road,1507,0.19499999284744,0.0,7.59999990463257,0.25,0.0,0.64999997615814,0.19499999284744,0.0,7.59999990463257,5.87973546981812,1.20477902889252,-1.33747363090515,5.84778928756714,1.19800853729248,-1.28724753856659,"(5.847789, 1.198009, -1.287248)",EyeArea,10.660493850708,0.1,5.87973546981812,1.20477902889252,-1.33747363090515,-0.00001581455571,90.4039194014252,0.00000323543732
1508,left road,1508,0.29499998688698,0.0,7.59999990463257,0.34999999403954,0.0,0.64999997615814,0.29499998688698,0.0,7.59999990463257,5.87973546981812,1.20477902889252,-1.33747363090515,5.84835338592529,1.19800901412964,-1.28725147247314,"(5.848353, 1.198009, -1.287251)",EyeArea,10.6075057983398,0.1,5.87973546981812,1.20477902889252,-1.33747363090515,-0.00001581455571,90.4039194014252,0.00000323543732
1509,left road,1509,0.39499998092651,0.0,7.59999990463257,0.44999998807907,0.0,0.64999997615814,0.39499998092651,0.0,7.59999990463257,5.87973546981812,1.20477902889252,-1.33747363090515,5.84891796112061,1.19800961017609,-1.28725552558899,"(5.848918, 1.19801, -1.287256)",EyeArea,10.5551996231079,0.1,5.87973546981812,1.20477902889252,-1.33747363090515,-0.00001581455571,90.4039194014252,0.00000323543732
1510,left road,1510,0.49500000476837,0.0,7.59999990463257,0.55000001192093,0.0,0.64999997615814,0.49500000476837,0.0,7.59999990463257,5.87973546981812,1.20477902889252,-1.33747363090515,5.84948205947876,1.19801008701324,-1.28725945949554,"(5.849482, 1.19801, -1.287259)",EyeArea,10.5035848617554,0.1,5.87973546981812,1.20477902889252,-1.33747363090515,-0.00001581455571,90.4039194014252,0.00000323543732
1511,left road,1511,0.59499996900558,0.0,7.59999990463257,0.64999997615814,0.0,0.64999997615814,0.59499996900558,0.0,7.59999990463257,5.87973546981812,1.20477902889252,-1.33747363090515,5.85004615783691,1.19801068305969,-1.28726351261139,"(5.850046, 1.198011, -1.287264)",EyeArea,10.4526720046997,0.1,5.87973546981812,1.20477902889252,-1.33747363090515,-0.00001581455571,90.4039194014252,0.00000323543732
1512,left road,1512,0.69499999284744,0.0,7.59999990463257,0.75,0.0,0.64999997615814,0.69499999284744,0.0,7.59999990463257,5.87973546981812,1.20477902889252,-1.33747363090515,5.85060977935791,1.19801115989685,-1.28726744651794,"(5.85061, 1.198011, -1.287267)",EyeArea,10.4024705886841,0.1,5.87973546981812,1.20477902889252,-1.33747363090515,-0.00001581455571,90.4039194014252,0.00000323543732
1513,left road,1513,0.7950000166893,0.0,7.59999990463257,0.85000002384186,0.0,0.64999997615814,0.7950000166893,0.0,7.59999990463257,5.87973546981812,1.20477902889252,-1.33747363090515,5.85117435455322,1.1980117559433,-1.2872713804245,"(5.851174, 1.198012, -1.287271)",EyeArea,10.3529920578003,0.1,5.87973546981812,1.20477902889252,-1.33747363090515,-0.00001581455571,90.4039194014252,0.00000323543732
1514,left road,1514,0.89499998092651,0.0,7.59999990463257,0.94999998807907,0.0,0.64999997615814,0.89499998092651,0.0,7.59999990463257,5.87973546981812,1.20477902889252,-1.33747363090515,5.85173797607422,1.19801223278046,-1.28727543354034,"(5.851738, 1.198012, -1.287275)",EyeArea,10.3042469024658,0.1,5.87973546981812,1.20477902889252,-1.33747363090515,-0.00001581455571,90.4039194014252,0.00000323543732
1515,left road,1515,0.99499994516373,0.0,7.59999990463257,1.04999995231628,0.0,0.64999997615814,0.99499994516373,0.0,7.59999990463257,5.87973546981812,1.20477902889252,-1.33747363090515,5.85230207443237,1.1980128288269,-1.2872793674469,"(5.852302, 1.198013, -1.287279)",EyeArea,10.2562446594238,0.1,5.87973546981812,1.20477902889252,-1.33747363090515,-0.00001581455571,90.4039194014252,0.00000323543732
1516,left road,1516,1.09500002861023,0.0,7.59999990463257,1.14999997615814,0.0,0.64999997615814,1.09500002861023,0.0,7.59999990463257,5.87973546981812,1.20477902889252,-1.33747363090515,5.85286617279053,1.19801330566406,-1.28728330135345,"(5.852866, 1.198013, -1.287283)",EyeArea,10.2089967727661,0.1,5.87973546981812,1.20477902889252,-1.33747363090515,-0.00001581455571,90.4039194014252,0.00000323543732
1517,left road,1517,1.19500005245209,0.0,7.59999990463257,1.25,0.0,0.64999997615814,1.19500005245209,0.0,7.59999990463257,5.87973546981812,1.20477902889252,-1.33747363090515,5.85342931747437,1.19801390171051,-1.2872873544693,"(5.853429, 1.198014, -1.287287)",EyeArea,10.1625127792358,0.1,5.87973546981812,1.20477902889252,-1.33747363090515,-0.00001581455571,90.4039194014252,0.00000323543732
1518,left road,1518,1.29500007629395,0.0,7.59999990463257,1.35000002384186,0.0,0.64999997615814,1.29500007629395,0.0,7.59999990463257,5.87973546981812,1.20477902889252,-1.33747363090515,5.85399293899536,1.19801437854767,-1.28729128837585,"(5.853993, 1.198014, -1.287291)",EyeArea,10.1168041229248,0.1,5.87973546981812,1.20477902889252,-1.33747363090515,-0.00001581455571,90.4039194014252,0.00000323543732
1519,left road,1519,1.3950001001358,0.0,7.59999990463257,1.45000004768372,0.0,0.64999997615814,1.3950001001358,0.0,7.59999990463257,5.87973546981812,1.20477902889252,-1.33747363090515,5.8545560836792,1.19801497459412,-1.28729522228241,"(5.854556, 1.198015, -1.287295)",EyeArea,10.0718803405762,0.1,5.87973546981812,1.20477902889252,-1.33747363090515,-0.00001581455571,90.4039194014252,0.00000323543732
1520,left road,1520,1.49500000476837,0.0,7.59999990463257,1.54999995231628,0.0,0.64999997615814,1.49500000476837,0.0,7.59999990463257,5.87973546981812,1.20477902889252,-1.33747363090515,5.8551197052002,1.19801545143127,-1.28729927539825,"(5.85512, 1.198015, -1.287299)",EyeArea,10.0277528762817,0.1,5.87973546981812,1.20477902889252,-1.33747363090515,-0.00001581455571,90.4039194014252,0.00000323543732
1521,left road,1521,1.59500002861023,0.0,7.59999990463257,1.64999997615814,0.0,0.64999997615814,1.59500002861023,0.0,7.59999990463257,5.87973546981812,1.20477902889252,-1.33747363090515,5.85568332672119,1.19801604747772,-1.28730320930481,"(5.855683, 1.198016, -1.287303)",EyeArea,9.98443126678467,0.1,5.87973546981812,1.20477902889252,-1.33747363090515,-0.00001581455571,90.4039194014252,0.00000323543732
1522,left road,1522,1.69500005245209,0.0,7.59999990463257,1.75,0.0,0.64999997615814,1.69500005245209,0.0,7.59999990463257,5.87973546981812,1.20477902889252,-1.33747363090515,5.85624647140503,1.19801652431488,-1.28730714321136,"(5.856246, 1.198017, -1.287307)",EyeArea,9.94192790985107,0.1,5.87973546981812,1.20477902889252,-1.33747363090515,-0.00001581455571,90.4039194014252,0.00000323543732
1523,left road,1523,1.79500007629395,0.0,7.59999990463257,1.85000002384186,0.0,0.64999997615814,1.79500007629395,0.0,7.59999990463257,5.87973546981812,1.20477902889252,-1.33747363090515,5.85680961608887,1.19801712036133,-1.28731119632721,"(5.85681, 1.198017, -1.287311)",EyeArea,9.9002513885498,0.1,5.87973546981812,1.20477902889252,-1.33747363090515,-0.00001581455571,90.4039194014252,0.00000323543732
1524,left road,1524,1.8950001001358,0.0,7.59999990463257,1.95000004768372,0.0,0.64999997615814,1.8950001001358,0.0,7.59999990463257,5.87973546981812,1.20477902889252,-1.33747363090515,5.85737276077271,1.19801759719849,-1.28731513023376,"(5.857373, 1.198018, -1.287315)",EyeArea,9.85941410064697,0.1,5.87973546981812,1.20477902889252,-1.33747363090515,-0.00001581455571,90.4039194014252,0.00000323543732
1525,left road,1525,1.99500000476837,0.0,7.59999990463257,2.04999995231628,0.0,0.64999997615814,1.99500000476837,0.0,7.59999990463257,5.87973546981812,1.20477902889252,-1.33747363090515,5.85793542861938,1.19801819324493,-1.28731906414032,"(5.857935, 1.198018, -1.287319)",EyeArea,9.81942367553711,0.1,5.87973546981812,1.20477902889252,-1.33747363090515,-0.00001581455571,90.4039194014252,0.00000323543732
1526,left road,1526,2.09500002861023,0.0,7.59999990463257,2.15000009536743,0.0,0.64999997615814,2.09500002861023,0.0,7.59999990463257,5.87973546981812,1.20477902889252,-1.33747363090515,5.85849857330322,1.19801878929138,-1.28732299804688,"(5.858499, 1.198019, -1.287323)",EyeArea,9.78029346466064,0.1,5.87973546981812,1.20477902889252,-1.33747363090515,-0.00001581455571,90.4039194014252,0.00000323543732
1527,left road,1527,2.1949999332428,0.0,7.59999990463257,2.25,0.0,0.64999997615814,2.1949999332428,0.0,7.59999990463257,5.87973546981812,1.20477902889252,-1.33747363090515,5.8590612411499,1.19801926612854,-1.28732705116272,"(5.859061, 1.198019, -1.287327)",EyeArea,9.74203205108643,0.1,5.87973546981812,1.20477902889252,-1.33747363090515,-0.00001581455571,90.4039194014252,0.00000323543732
1528,left road,1528,2.29499983787537,0.0,7.59999990463257,2.34999990463257,0.0,0.64999997615814,2.29499983787537,0.0,7.59999990463257,5.87973546981812,1.20477902889252,-1.33747363090515,5.85962343215942,1.1980197429657,-1.28733098506927,"(5.859623, 1.19802, -1.287331)",EyeArea,9.70465087890625,0.1,5.87973546981812,1.20477902889252,-1.33747363090515,-0.00001581455571,90.4039194014252,0.00000323543732
1529,left road,1529,2.39499998092651,0.0,7.59999990463257,2.45000004768372,0.0,0.64999997615814,2.39499998092651,0.0,7.59999990463257,5.87973546981812,1.20477902889252,-1.33747363090515,5.86018657684326,1.19802033901215,-1.28733491897583,"(5.860187, 1.19802, -1.287335)",EyeArea,9.66815853118896,0.1,5.87973546981812,1.20477902889252,-1.33747363090515,-0.00001581455571,90.4039194014252,0.00000323543732
1530,left road,1530,2.49499988555908,0.0,7.59999990463257,2.54999995231628,0.0,0.64999997615814,2.49499988555908,0.0,7.59999990463257,5.87973546981812,1.20477902889252,-1.33747363090515,5.86074876785278,1.1980208158493,-1.28733897209167,"(5.860749, 1.198021, -1.287339)",EyeArea,9.63256740570068,0.1,5.87973546981812,1.20477902889252,-1.33747363090515,-0.00001581455571,90.4039194014252,0.00000323543732
1531,left road,1531,2.59500002861023,0.0,7.59999990463257,2.65000009536743,0.0,0.64999997615814,2.59500002861023,0.0,7.59999990463257,5.87973546981812,1.20477902889252,-1.33747363090515,5.86131143569946,1.19802141189575,-1.28734290599823,"(5.861311, 1.198021, -1.287343)",EyeArea,9.59788513183594,0.1,5.87973546981812,1.20477902889252,-1.33747363090515,-0.00001581455571,90.4039194014252,0.00000323543732
1532,left road,1532,2.6949999332428,0.0,7.59999990463257,2.75,0.0,0.64999997615814,2.6949999332428,0.0,7.59999990463257,5.87973546981812,1.20477902889252,-1.33747363090515,5.86187362670898,1.19802188873291,-1.28734683990479,"(5.861874, 1.198022, -1.287347)",EyeArea,9.56412315368652,0.1,5.87973546981812,1.20477902889252,-1.33747363090515,-0.00001581455571,90.4039194014252,0.00000323543732
1533,left road,1533,2.79499983787537,0.0,7.59999990463257,2.84999990463257,0.0,0.64999997615814,2.79499983787537,0.0,7.59999990463257,5.87973546981812,1.20477902889252,-1.33747363090515,5.86243581771851,1.19802248477936,-1.28735077381134,"(5.862436, 1.198022, -1.287351)",EyeArea,9.53129100799561,0.1,5.87973546981812,1.20477902889252,-1.33747363090515,-0.00001581455571,90.4039194014252,0.00000323543732
1534,left road,1534,2.89499998092651,0.0,7.59999990463257,2.95000004768372,0.0,0.64999997615814,2.89499998092651,0.0,7.59999990463257,5.87973546981812,1.20477902889252,-1.33747363090515,5.86299800872803,1.19802296161652,-1.28735482692719,"(5.862998, 1.198023, -1.287355)",EyeArea,9.49939823150635,0.1,5.87973546981812,1.20477902889252,-1.33747363090515,-0.00001581455571,90.4039194014252,0.00000323543732
1535,left road,1535,2.99499988555908,0.0,7.59999990463257,3.04999995231628,0.0,0.64999997615814,2.99499988555908,0.0,7.59999990463257,5.87973546981812,1.20477902889252,-1.33747363090515,5.86355972290039,1.19802343845367,-1.28735876083374,"(5.86356, 1.198023, -1.287359)",EyeArea,9.46845436096191,0.1,5.87973546981812,1.20477902889252,-1.33747363090515,-0.00001581455571,90.4039194014252,0.00000323543732
1536,left road,1536,3.09500002861023,0.0,7.59999990463257,3.15000009536743,0.0,0.64999997615814,3.09500002861023,0.0,7.59999990463257,5.87973546981812,1.20477902889252,-1.33747363090515,5.86412191390991,1.19802403450012,-1.2873626947403,"(5.864122, 1.198024, -1.287363)",EyeArea,9.43846797943115,0.1,5.87973546981812,1.20477902889252,-1.33747363090515,-0.00001581455571,90.4039194014252,0.00000323543732
1537,left road,1537,3.1949999332428,0.0,7.59999990463257,3.25,0.0,0.64999997615814,3.1949999332428,0.0,7.59999990463257,5.87973546981812,1.20477902889252,-1.33747363090515,5.86468362808228,1.19802451133728,-1.28736662864685,"(5.864684, 1.198025, -1.287367)",EyeArea,9.40944862365723,0.1,5.87973546981812,1.20477902889252,-1.33747363090515,-0.00001581455571,90.4039194014252,0.00000323543732
1538,left road,1538,3.29499983787537,0.0,7.59999990463257,3.34999990463257,0.0,0.64999997615814,3.29499983787537,0.0,7.59999990463257,5.87973546981812,1.20477902889252,-1.33747363090515,5.86524534225464,1.19802510738373,-1.2873706817627,"(5.865245, 1.198025, -1.287371)",EyeArea,9.3814058303833,0.1,5.87973546981812,1.20477902889252,-1.33747363090515,-0.00001581455571,90.4039194014252,0.00000323543732
1539,left road,1539,3.39499998092651,0.0,7.59999990463257,3.45000004768372,0.0,0.64999997615814,3.39499998092651,0.0,7.59999990463257,5.87973546981812,1.20477902889252,-1.33747363090515,5.865807056427,1.19802558422089,-1.28737461566925,"(5.865807, 1.198026, -1.287375)",EyeArea,9.35434818267822,0.1,5.87973546981812,1.20477902889252,-1.33747363090515,-0.00001581455571,90.4039194014252,0.00000323543732
1540,left road,1540,-3.50500011444092,0.0,7.69999980926514,-3.45000004768372,0.0,0.75,-3.50500011444092,0.0,7.69999980926514,5.87973546981812,1.20477902889252,-1.33747363090515,5.33553743362427,1.13491678237915,-0.81341284513474,"(5.335537, 1.134917, -0.813413)",truck body CS,13.0843677520752,0.1,5.87973546981812,1.20477902889252,-1.33747363090515,-0.00001581455571,90.4039194014252,0.00000323543732
1541,left road,1541,-3.40499997138977,0.0,7.69999980926514,-3.34999990463257,0.0,0.75,-3.40499997138977,0.0,7.69999980926514,5.87973546981812,1.20477902889252,-1.33747363090515,5.33574199676514,1.13419079780579,-0.80796653032303,"(5.335742, 1.134191, -0.807967)",truck body CS,13.0128297805786,0.1,5.87973546981812,1.20477902889252,-1.33747363090515,-0.00001581455571,90.4039194014252,0.00000323543732
1542,left road,1542,-3.3050000667572,0.0,7.69999980926514,-3.25,0.0,0.75,-3.3050000667572,0.0,7.69999980926514,5.87973546981812,1.20477902889252,-1.33747363090515,5.3359489440918,1.13344955444336,-0.80240666866302,"(5.335949, 1.13345, -0.802407)",truck body CS,12.941668510437,0.1,5.87973546981812,1.20477902889252,-1.33747363090515,-0.00001581455571,90.4039194014252,0.00000323543732
1543,left road,1543,-3.20500016212463,0.0,7.69999980926514,-3.15000009536743,0.0,0.75,-3.20500016212463,0.0,7.69999980926514,5.87973546981812,1.20477902889252,-1.33747363090515,5.33616256713867,1.13269257545471,-0.7967284321785,"(5.336163, 1.132693, -0.796728)",truck body CS,12.8708915710449,0.1,5.87973546981812,1.20477902889252,-1.33747363090515,-0.00001581455571,90.4039194014252,0.00000323543732
1544,left road,1544,-3.10500001907349,0.0,7.69999980926514,-3.04999995231628,0.0,0.75,-3.10500001907349,0.0,7.69999980926514,5.87973546981812,1.20477902889252,-1.33747363090515,5.33637619018555,1.13191902637482,-0.79092454910278,"(5.336376, 1.131919, -0.790925)",truck body CS,12.8005037307739,0.1,5.87973546981812,1.20477902889252,-1.33747363090515,-0.00001581455571,90.4039194014252,0.00000323543732
1545,left road,1545,-3.00500011444092,0.0,7.69999980926514,-2.95000004768372,0.0,0.75,-3.00500011444092,0.0,7.69999980926514,5.87973546981812,1.20477902889252,-1.33747363090515,5.33713293075562,1.13120174407959,-0.78554373979568,"(5.337133, 1.131202, -0.785544)",truck body CS,12.7305126190186,0.1,5.87973546981812,1.20477902889252,-1.33747363090515,-0.00001581455571,90.4039194014252,0.00000323543732
1546,left road,1546,-2.90499997138977,0.0,7.69999980926514,-2.84999990463257,0.0,0.75,-2.90499997138977,0.0,7.69999980926514,5.87973546981812,1.20477902889252,-1.33747363090515,5.3391695022583,1.13064336776733,-0.78135538101196,"(5.33917, 1.130643, -0.781355)",truck body CS,12.660924911499,0.1,5.87973546981812,1.20477902889252,-1.33747363090515,-0.00001581455571,90.4039194014252,0.00000323543732
1547,left road,1547,-2.8050000667572,0.0,7.69999980926514,-2.75,0.0,0.75,-2.8050000667572,0.0,7.69999980926514,5.87973546981812,1.20477902889252,-1.33747363090515,5.34123659133911,1.13007640838623,-0.77710312604904,"(5.341237, 1.130076, -0.777103)",truck body CS,12.5917453765869,0.1,5.87973546981812,1.20477902889252,-1.33747363090515,-0.00001581455571,90.4039194014252,0.00000323543732
1548,left road,1548,-2.70500016212463,0.0,7.69999980926514,-2.65000009536743,0.0,0.75,-2.70500016212463,0.0,7.69999980926514,5.87973546981812,1.20477902889252,-1.33747363090515,5.34388113021851,1.12957739830017,-0.77335917949677,"(5.343881, 1.129577, -0.773359)",truck body CS,12.5229835510254,0.1,5.87973546981812,1.20477902889252,-1.33747363090515,-0.00001581455571,90.4039194014252,0.00000323543732
1549,left road,1549,-2.60500001907349,0.0,7.69999980926514,-2.54999995231628,0.0,0.75,-2.60500001907349,0.0,7.69999980926514,5.87973546981812,1.20477902889252,-1.33747363090515,5.34685707092285,1.12911355495453,-0.76988053321838,"(5.346857, 1.129114, -0.769881)",truck body CS,12.454644203186,0.1,5.87973546981812,1.20477902889252,-1.33747363090515,-0.00001581455571,90.4039194014252,0.00000323543732
1550,left road,1550,-2.50500011444092,0.0,7.69999980926514,-2.45000004768372,0.0,0.75,-2.50500011444092,0.0,7.69999980926514,5.87973546981812,1.20477902889252,-1.33747363090515,5.3498682975769,1.12864398956299,-0.76635754108429,"(5.349868, 1.128644, -0.766358)",truck body CS,12.3867349624634,0.1,5.87973546981812,1.20477902889252,-1.33747363090515,-0.00001581455571,90.4039194014252,0.00000323543732
1551,left road,1551,-2.40499997138977,0.0,7.69999980926514,-2.34999990463257,0.0,0.75,-2.40499997138977,0.0,7.69999980926514,5.87973546981812,1.20477902889252,-1.33747363090515,5.35291862487793,1.12816858291626,-0.76279097795486,"(5.352919, 1.128169, -0.762791)",truck body CS,12.3192644119263,0.1,5.87973546981812,1.20477902889252,-1.33747363090515,-0.00001581455571,90.4039194014252,0.00000323543732
1552,left road,1552,-2.3050000667572,0.0,7.69999980926514,-2.25,0.0,0.75,-2.3050000667572,0.0,7.69999980926514,5.87973546981812,1.20477902889252,-1.33747363090515,5.35600471496582,1.1276867389679,-0.75917702913284,"(5.356005, 1.127687, -0.759177)",truck body CS,12.2522373199463,0.1,5.87973546981812,1.20477902889252,-1.33747363090515,-0.00001581455571,90.4039194014252,0.00000323543732
1553,left road,1553,-2.20500016212463,0.0,7.69999980926514,-2.15000009536743,0.0,0.75,-2.20500016212463,0.0,7.69999980926514,5.87973546981812,1.20477902889252,-1.33747363090515,5.35913324356079,1.12719941139221,-0.75552123785019,"(5.359133, 1.127199, -0.755521)",truck body CS,12.1856632232666,0.1,5.87973546981812,1.20477902889252,-1.33747363090515,-0.00001581455571,90.4039194014252,0.00000323543732
1554,left road,1554,-2.10500001907349,0.0,7.69999980926514,-2.04999995231628,0.0,0.75,-2.10500001907349,0.0,7.69999980926514,5.87973546981812,1.20477902889252,-1.33747363090515,5.36229991912842,1.12670564651489,-0.75181746482849,"(5.3623, 1.126706, -0.751817)",truck body CS,12.1195468902588,0.1,5.87973546981812,1.20477902889252,-1.33747363090515,-0.00001581455571,90.4039194014252,0.00000323543732
1555,left road,1555,-2.00500011444092,0.0,7.69999980926514,-1.95000004768372,0.0,0.75,-2.00500011444092,0.0,7.69999980926514,5.87973546981812,1.20477902889252,-1.33747363090515,5.36550617218018,1.12620532512665,-0.74806398153305,"(5.365506, 1.126205, -0.748064)",truck body CS,12.0538988113403,0.1,5.87973546981812,1.20477902889252,-1.33747363090515,-0.00001581455571,90.4039194014252,0.00000323543732
1556,left road,1556,-1.90499997138977,0.0,7.69999980926514,-1.85000002384186,0.0,0.75,-1.90499997138977,0.0,7.69999980926514,5.87973546981812,1.20477902889252,-1.33747363090515,5.36875486373901,1.12569880485535,-0.7442644238472,"(5.368755, 1.125699, -0.744264)",truck body CS,11.9887256622314,0.1,5.87973546981812,1.20477902889252,-1.33747363090515,-0.00001581455571,90.4039194014252,0.00000323543732
1557,left road,1557,-1.80499994754791,0.0,7.69999980926514,-1.75,0.0,0.75,-1.80499994754791,0.0,7.69999980926514,5.87973546981812,1.20477902889252,-1.33747363090515,5.37204599380493,1.12518572807312,-0.74041569232941,"(5.372046, 1.125186, -0.740416)",truck body CS,11.9240341186523,0.1,5.87973546981812,1.20477902889252,-1.33747363090515,-0.00001581455571,90.4039194014252,0.00000323543732
1558,left road,1558,-1.70499992370605,0.0,7.69999980926514,-1.64999997615814,0.0,0.75,-1.70499992370605,0.0,7.69999980926514,5.87973546981812,1.20477902889252,-1.33747363090515,5.37537860870361,1.12466561794281,-0.73651540279388,"(5.375379, 1.124666, -0.736515)",truck body CS,11.8598327636719,0.1,5.87973546981812,1.20477902889252,-1.33747363090515,-0.00001581455571,90.4039194014252,0.00000323543732
1559,left road,1559,-1.6049998998642,0.0,7.69999980926514,-1.54999995231628,0.0,0.75,-1.6049998998642,0.0,7.69999980926514,5.87973546981812,1.20477902889252,-1.33747363090515,5.37875699996948,1.12413907051086,-0.73256480693817,"(5.378757, 1.124139, -0.732565)",truck body CS,11.7961301803589,0.1,5.87973546981812,1.20477902889252,-1.33747363090515,-0.00001581455571,90.4039194014252,0.00000323543732
1560,left road,1560,-1.50499999523163,0.0,7.69999980926514,-1.45000004768372,0.0,0.75,-1.50499999523163,0.0,7.69999980926514,5.87973546981812,1.20477902889252,-1.33747363090515,5.38217926025391,1.12360548973084,-0.72856140136719,"(5.382179, 1.123605, -0.728561)",truck body CS,11.7329339981079,0.1,5.87973546981812,1.20477902889252,-1.33747363090515,-0.00001581455571,90.4039194014252,0.00000323543732
1561,left road,1561,-1.40499997138977,0.0,7.69999980926514,-1.35000002384186,0.0,0.75,-1.40499997138977,0.0,7.69999980926514,5.87973546981812,1.20477902889252,-1.33747363090515,5.38564729690552,1.12306475639343,-0.72450518608093,"(5.385647, 1.123065, -0.724505)",truck body CS,11.6702527999878,0.1,5.87973546981812,1.20477902889252,-1.33747363090515,-0.00001581455571,90.4039194014252,0.00000323543732
1562,left road,1562,-1.30499994754791,0.0,7.69999980926514,-1.25,0.0,0.75,-1.30499994754791,0.0,7.69999980926514,5.87973546981812,1.20477902889252,-1.33747363090515,5.38916110992432,1.12251663208008,-0.72039437294006,"(5.389161, 1.122517, -0.720394)",truck body CS,11.6080942153931,0.1,5.87973546981812,1.20477902889252,-1.33747363090515,-0.00001581455571,90.4039194014252,0.00000323543732
1563,left road,1563,-1.20499992370605,0.0,7.69999980926514,-1.14999997615814,0.0,0.75,-1.20499992370605,0.0,7.69999980926514,5.87973546981812,1.20477902889252,-1.33747363090515,5.39272356033325,1.12196123600006,-0.71622848510742,"(5.392724, 1.121961, -0.716228)",truck body CS,11.5464668273926,0.1,5.87973546981812,1.20477902889252,-1.33747363090515,-0.00001581455571,90.4039194014252,0.00000323543732
1564,left road,1564,-1.1049998998642,0.0,7.69999980926514,-1.04999995231628,0.0,0.75,-1.1049998998642,0.0,7.69999980926514,5.87973546981812,1.20477902889252,-1.33747363090515,5.39730262756348,1.12156534194946,-0.71325850486755,"(5.397303, 1.121565, -0.713259)",truck body CS,11.4853801727295,0.1,5.87973546981812,1.20477902889252,-1.33747363090515,-0.00001581455571,90.4039194014252,0.00000323543732
1565,left road,1565,-1.00499999523163,0.0,7.69999980926514,-0.94999998807907,0.0,0.75,-1.00499999523163,0.0,7.69999980926514,5.87973546981812,1.20477902889252,-1.33747363090515,5.40489912033081,1.12168610095978,-0.71416413784027,"(5.404899, 1.121686, -0.714164)",truck body CS,11.4248418807983,0.1,5.87973546981812,1.20477902889252,-1.33747363090515,-0.00001581455571,90.4039194014252,0.00000323543732
1566,left road,1566,-0.90500003099442,0.0,7.69999980926514,-0.85000002384186,0.0,0.75,-0.90500003099442,0.0,7.69999980926514,5.87973546981812,1.20477902889252,-1.33747363090515,5.41247272491455,1.12180638313293,-0.71506583690643,"(5.412473, 1.121806, -0.715066)",truck body CS,11.364860534668,0.1,5.87973546981812,1.20477902889252,-1.33747363090515,-0.00001581455571,90.4039194014252,0.00000323543732
1567,left road,1567,-0.80500000715256,0.0,7.69999980926514,-0.75,0.0,0.75,-0.80500000715256,0.0,7.69999980926514,5.87973546981812,1.20477902889252,-1.33747363090515,5.41938591003418,1.12181091308594,-0.71510052680969,"(5.419386, 1.121811, -0.715101)",truck body CS,11.3054456710815,0.1,5.87973546981812,1.20477902889252,-1.33747363090515,-0.00001581455571,90.4039194014252,0.00000323543732
1568,left road,1568,-0.7049999833107,0.0,7.69999980926514,-0.64999997615814,0.0,0.75,-0.7049999833107,0.0,7.69999980926514,5.87973546981812,1.20477902889252,-1.33747363090515,5.42602634429932,1.12176585197449,-0.71476221084595,"(5.426026, 1.121766, -0.714762)",truck body CS,11.2466068267822,0.1,5.87973546981812,1.20477902889252,-1.33747363090515,-0.00001581455571,90.4039194014252,0.00000323543732
1569,left road,1569,-0.60500001907349,0.0,7.69999980926514,-0.55000001192093,0.0,0.75,-0.60500001907349,0.0,7.69999980926514,5.87973546981812,1.20477902889252,-1.33747363090515,5.43267440795898,1.12172079086304,-0.71442520618439,"(5.432674, 1.121721, -0.714425)",truck body CS,11.1883516311646,0.1,5.87973546981812,1.20477902889252,-1.33747363090515,-0.00001581455571,90.4039194014252,0.00000323543732
1570,left road,1570,-0.50499999523163,0.0,7.69999980926514,-0.44999998807907,0.0,0.75,-0.50499999523163,0.0,7.69999980926514,5.87973546981812,1.20477902889252,-1.33747363090515,5.4417781829834,1.12213778495789,-0.71755254268646,"(5.441778, 1.122138, -0.717553)",truck body CS,11.130690574646,0.1,5.87973546981812,1.20477902889252,-1.33747363090515,-0.00001581455571,90.4039194014252,0.00000323543732
1571,left road,1571,-0.40500000119209,0.0,7.69999980926514,-0.34999999403954,0.0,0.75,-0.40500000119209,0.0,7.69999980926514,5.87973546981812,1.20477902889252,-1.33747363090515,5.84479331970215,1.19808065891266,-1.28722643852234,"(5.844793, 1.198081, -1.287226)",EyeArea,11.0736322402954,0.1,5.87973546981812,1.20477902889252,-1.33747363090515,-0.00001581455571,90.4039194014252,0.00000323543732
1572,left road,1572,-0.30500000715256,0.0,7.69999980926514,-0.25,0.0,0.75,-0.30500000715256,0.0,7.69999980926514,5.87973546981812,1.20477902889252,-1.33747363090515,5.8453516960144,1.19808113574982,-1.28723037242889,"(5.845352, 1.198081, -1.28723)",EyeArea,11.0171852111816,0.1,5.87973546981812,1.20477902889252,-1.33747363090515,-0.00001581455571,90.4039194014252,0.00000323543732
1573,left road,1573,-0.20500001311302,0.0,7.69999980926514,-0.15000000596046,0.0,0.75,-0.20500001311302,0.0,7.69999980926514,5.87973546981812,1.20477902889252,-1.33747363090515,5.84591054916382,1.19808161258698,-1.28723430633545,"(5.845911, 1.198082, -1.287234)",EyeArea,10.9613609313965,0.1,5.87973546981812,1.20477902889252,-1.33747363090515,-0.00001581455571,90.4039194014252,0.00000323543732
1574,left road,1574,-0.10500000417233,0.0,7.69999980926514,-0.05000000074506,0.0,0.75,-0.10500000417233,0.0,7.69999980926514,5.87973546981812,1.20477902889252,-1.33747363090515,5.84646892547607,1.19808220863342,-1.287238240242,"(5.846469, 1.198082, -1.287238)",EyeArea,10.9061670303345,0.1,5.87973546981812,1.20477902889252,-1.33747363090515,-0.00001581455571,90.4039194014252,0.00000323543732
1575,left road,1575,-0.00499999895692,0.0,7.69999980926514,0.05000000074506,0.0,0.75,-0.00499999895692,0.0,7.69999980926514,5.87973546981812,1.20477902889252,-1.33747363090515,5.84702730178833,1.19808268547058,-1.28724217414856,"(5.847027, 1.198083, -1.287242)",EyeArea,10.8516149520874,0.1,5.87973546981812,1.20477902889252,-1.33747363090515,-0.00001581455571,90.4039194014252,0.00000323543732
1576,left road,1576,0.09500000625849,0.0,7.69999980926514,0.15000000596046,0.0,0.75,0.09500000625849,0.0,7.69999980926514,5.87973546981812,1.20477902889252,-1.33747363090515,5.84758567810059,1.19808328151703,-1.28724610805511,"(5.847586, 1.198083, -1.287246)",EyeArea,10.7977123260498,0.1,5.87973546981812,1.20477902889252,-1.33747363090515,-0.00001581455571,90.4039194014252,0.00000323543732
1577,left road,1577,0.19499999284744,0.0,7.69999980926514,0.25,0.0,0.75,0.19499999284744,0.0,7.69999980926514,5.87973546981812,1.20477902889252,-1.33747363090515,5.84814405441284,1.19808375835419,-1.28725004196167,"(5.848144, 1.198084, -1.28725)",EyeArea,10.7444705963135,0.1,5.87973546981812,1.20477902889252,-1.33747363090515,-0.00001581455571,90.4039194014252,0.00000323543732
1578,left road,1578,0.29499998688698,0.0,7.69999980926514,0.34999999403954,0.0,0.75,0.29499998688698,0.0,7.69999980926514,5.87973546981812,1.20477902889252,-1.33747363090515,5.8487024307251,1.19808435440063,-1.28725397586823,"(5.848702, 1.198084, -1.287254)",EyeArea,10.6918983459473,0.1,5.87973546981812,1.20477902889252,-1.33747363090515,-0.00001581455571,90.4039194014252,0.00000323543732
1579,left road,1579,0.39499998092651,0.0,7.69999980926514,0.44999998807907,0.0,0.75,0.39499998092651,0.0,7.69999980926514,5.87973546981812,1.20477902889252,-1.33747363090515,5.8492603302002,1.19808483123779,-1.28725790977478,"(5.84926, 1.198085, -1.287258)",EyeArea,10.640007019043,0.1,5.87973546981812,1.20477902889252,-1.33747363090515,-0.00001581455571,90.4039194014252,0.00000323543732
1580,left road,1580,0.49500000476837,0.0,7.69999980926514,0.55000001192093,0.0,0.75,0.49500000476837,0.0,7.69999980926514,5.87973546981812,1.20477902889252,-1.33747363090515,5.84981870651245,1.19808542728424,-1.28726184368134,"(5.849819, 1.198085, -1.287262)",EyeArea,10.5888051986694,0.1,5.87973546981812,1.20477902889252,-1.33747363090515,-0.00001581455571,90.4039194014252,0.00000323543732
1581,left road,1581,0.59499996900558,0.0,7.69999980926514,0.64999997615814,0.0,0.75,0.59499996900558,0.0,7.69999980926514,5.87973546981812,1.20477902889252,-1.33747363090515,5.85037565231323,1.1980859041214,-1.28726577758789,"(5.850376, 1.198086, -1.287266)",EyeArea,10.5383043289185,0.1,5.87973546981812,1.20477902889252,-1.33747363090515,-0.00001581455571,90.4039194014252,0.00000323543732
1582,left road,1582,0.69499999284744,0.0,7.69999980926514,0.75,0.0,0.75,0.69499999284744,0.0,7.69999980926514,5.87973546981812,1.20477902889252,-1.33747363090515,5.85093355178833,1.19808638095856,-1.28726971149445,"(5.850934, 1.198086, -1.28727)",EyeArea,10.4885129928589,0.1,5.87973546981812,1.20477902889252,-1.33747363090515,-0.00001581455571,90.4039194014252,0.00000323543732
1583,left road,1583,0.7950000166893,0.0,7.69999980926514,0.85000002384186,0.0,0.75,0.7950000166893,0.0,7.69999980926514,5.87973546981812,1.20477902889252,-1.33747363090515,5.85149145126343,1.19808685779572,-1.287273645401,"(5.851491, 1.198087, -1.287274)",EyeArea,10.4394426345825,0.1,5.87973546981812,1.20477902889252,-1.33747363090515,-0.00001581455571,90.4039194014252,0.00000323543732
1584,left road,1584,0.89499998092651,0.0,7.69999980926514,0.94999998807907,0.0,0.75,0.89499998092651,0.0,7.69999980926514,5.87973546981812,1.20477902889252,-1.33747363090515,5.85204887390137,1.19808745384216,-1.28727757930756,"(5.852049, 1.198087, -1.287278)",EyeArea,10.3911027908325,0.1,5.87973546981812,1.20477902889252,-1.33747363090515,-0.00001581455571,90.4039194014252,0.00000323543732
1585,left road,1585,0.99499994516373,0.0,7.69999980926514,1.04999995231628,0.0,0.75,0.99499994516373,0.0,7.69999980926514,5.87973546981812,1.20477902889252,-1.33747363090515,5.85260677337646,1.19808793067932,-1.28728151321411,"(5.852607, 1.198088, -1.287282)",EyeArea,10.3435039520264,0.1,5.87973546981812,1.20477902889252,-1.33747363090515,-0.00001581455571,90.4039194014252,0.00000323543732
1586,left road,1586,1.09500002861023,0.0,7.69999980926514,1.14999997615814,0.0,0.75,1.09500002861023,0.0,7.69999980926514,5.87973546981812,1.20477902889252,-1.33747363090515,5.85316467285156,1.19808840751648,-1.28728544712067,"(5.853165, 1.198088, -1.287285)",EyeArea,10.2966556549072,0.1,5.87973546981812,1.20477902889252,-1.33747363090515,-0.00001581455571,90.4039194014252,0.00000323543732
1587,left road,1587,1.19500005245209,0.0,7.69999980926514,1.25,0.0,0.75,1.19500005245209,0.0,7.69999980926514,5.87973546981812,1.20477902889252,-1.33747363090515,5.85372161865234,1.19808900356293,-1.28728938102722,"(5.853722, 1.198089, -1.287289)",EyeArea,10.2505693435669,0.1,5.87973546981812,1.20477902889252,-1.33747363090515,-0.00001581455571,90.4039194014252,0.00000323543732
1588,left road,1588,1.29500007629395,0.0,7.69999980926514,1.35000002384186,0.0,0.75,1.29500007629395,0.0,7.69999980926514,5.87973546981812,1.20477902889252,-1.33747363090515,5.85427856445313,1.19808948040009,-1.28729331493378,"(5.854279, 1.198089, -1.287293)",EyeArea,10.2052545547485,0.1,5.87973546981812,1.20477902889252,-1.33747363090515,-0.00001581455571,90.4039194014252,0.00000323543732
1589,left road,1589,1.3950001001358,0.0,7.69999980926514,1.45000004768372,0.0,0.75,1.3950001001358,0.0,7.69999980926514,5.87973546981812,1.20477902889252,-1.33747363090515,5.85483598709106,1.19809007644653,-1.28729724884033,"(5.854836, 1.19809, -1.287297)",EyeArea,10.1607227325439,0.1,5.87973546981812,1.20477902889252,-1.33747363090515,-0.00001581455571,90.4039194014252,0.00000323543732
1590,left road,1590,1.49500000476837,0.0,7.69999980926514,1.54999995231628,0.0,0.75,1.49500000476837,0.0,7.69999980926514,5.87973546981812,1.20477902889252,-1.33747363090515,5.855393409729,1.19809067249298,-1.28730118274689,"(5.855393, 1.198091, -1.287301)",EyeArea,10.116982460022,0.1,5.87973546981812,1.20477902889252,-1.33747363090515,-0.00001581455571,90.4039194014252,0.00000323543732
1591,left road,1591,1.59500002861023,0.0,7.69999980926514,1.64999997615814,0.0,0.75,1.59500002861023,0.0,7.69999980926514,5.87973546981812,1.20477902889252,-1.33747363090515,5.85595083236694,1.19809114933014,-1.28730511665344,"(5.855951, 1.198091, -1.287305)",EyeArea,10.0740451812744,0.1,5.87973546981812,1.20477902889252,-1.33747363090515,-0.00001581455571,90.4039194014252,0.00000323543732
1592,left road,1592,1.69500005245209,0.0,7.69999980926514,1.75,0.0,0.75,1.69500005245209,0.0,7.69999980926514,5.87973546981812,1.20477902889252,-1.33747363090515,5.85650730133057,1.1980916261673,-1.28730905056,"(5.856507, 1.198092, -1.287309)",EyeArea,10.0319204330444,0.1,5.87973546981812,1.20477902889252,-1.33747363090515,-0.00001581455571,90.4039194014252,0.00000323543732
1593,left road,1593,1.79500007629395,0.0,7.69999980926514,1.85000002384186,0.0,0.75,1.79500007629395,0.0,7.69999980926514,5.87973546981812,1.20477902889252,-1.33747363090515,5.85706377029419,1.19809210300446,-1.28731298446655,"(5.857064, 1.198092, -1.287313)",EyeArea,9.99061965942383,0.1,5.87973546981812,1.20477902889252,-1.33747363090515,-0.00001581455571,90.4039194014252,0.00000323543732
1594,left road,1594,1.8950001001358,0.0,7.69999980926514,1.95000004768372,0.0,0.75,1.8950001001358,0.0,7.69999980926514,5.87973546981812,1.20477902889252,-1.33747363090515,5.85762071609497,1.1980926990509,-1.28731691837311,"(5.857621, 1.198093, -1.287317)",EyeArea,9.95015239715576,0.1,5.87973546981812,1.20477902889252,-1.33747363090515,-0.00001581455571,90.4039194014252,0.00000323543732
1595,left road,1595,1.99500000476837,0.0,7.69999980926514,2.04999995231628,0.0,0.75,1.99500000476837,0.0,7.69999980926514,5.87973546981812,1.20477902889252,-1.33747363090515,5.85817718505859,1.19809317588806,-1.28732085227966,"(5.858177, 1.198093, -1.287321)",EyeArea,9.91053009033203,0.1,5.87973546981812,1.20477902889252,-1.33747363090515,-0.00001581455571,90.4039194014252,0.00000323543732
1596,left road,1596,2.09500002861023,0.0,7.69999980926514,2.15000009536743,0.0,0.75,2.09500002861023,0.0,7.69999980926514,5.87973546981812,1.20477902889252,-1.33747363090515,5.85873365402222,1.19809365272522,-1.28732466697693,"(5.858734, 1.198094, -1.287325)",EyeArea,9.87176036834717,0.1,5.87973546981812,1.20477902889252,-1.33747363090515,-0.00001581455571,90.4039194014252,0.00000323543732
1597,left road,1597,2.1949999332428,0.0,7.69999980926514,2.25,0.0,0.75,2.1949999332428,0.0,7.69999980926514,5.87973546981812,1.20477902889252,-1.33747363090515,5.859290599823,1.19809424877167,-1.28732860088348,"(5.859291, 1.198094, -1.287329)",EyeArea,9.83385467529297,0.1,5.87973546981812,1.20477902889252,-1.33747363090515,-0.00001581455571,90.4039194014252,0.00000323543732
1598,left road,1598,2.29499983787537,0.0,7.69999980926514,2.34999990463257,0.0,0.75,2.29499983787537,0.0,7.69999980926514,5.87973546981812,1.20477902889252,-1.33747363090515,5.85984706878662,1.19809472560883,-1.28733253479004,"(5.859847, 1.198095, -1.287333)",EyeArea,9.79682350158691,0.1,5.87973546981812,1.20477902889252,-1.33747363090515,-0.00001581455571,90.4039194014252,0.00000323543732
1599,left road,1599,2.39499998092651,0.0,7.69999980926514,2.45000004768372,0.0,0.75,2.39499998092651,0.0,7.69999980926514,5.87973546981812,1.20477902889252,-1.33747363090515,5.86040306091309,1.19809532165527,-1.28733646869659,"(5.860403, 1.198095, -1.287336)",EyeArea,9.76067638397217,0.1,5.87973546981812,1.20477902889252,-1.33747363090515,-0.00001581455571,90.4039194014252,0.00000323543732
1600,left road,1600,2.49499988555908,0.0,7.69999980926514,2.54999995231628,0.0,0.75,2.49499988555908,0.0,7.69999980926514,5.87973546981812,1.20477902889252,-1.33747363090515,5.86095952987671,1.19809579849243,-1.28734040260315,"(5.86096, 1.198096, -1.28734)",EyeArea,9.72542381286621,0.1,5.87973546981812,1.20477902889252,-1.33747363090515,-0.00001581455571,90.4039194014252,0.00000323543732
1601,left road,1601,2.59500002861023,0.0,7.69999980926514,2.65000009536743,0.0,0.75,2.59500002861023,0.0,7.69999980926514,5.87973546981812,1.20477902889252,-1.33747363090515,5.86151552200317,1.19809639453888,-1.2873443365097,"(5.861516, 1.198096, -1.287344)",EyeArea,9.69107437133789,0.1,5.87973546981812,1.20477902889252,-1.33747363090515,-0.00001581455571,90.4039194014252,0.00000323543732
1602,left road,1602,2.6949999332428,0.0,7.69999980926514,2.75,0.0,0.75,2.6949999332428,0.0,7.69999980926514,5.87973546981812,1.20477902889252,-1.33747363090515,5.8620719909668,1.19809687137604,-1.28734827041626,"(5.862072, 1.198097, -1.287348)",EyeArea,9.65763759613037,0.1,5.87973546981812,1.20477902889252,-1.33747363090515,-0.00001581455571,90.4039194014252,0.00000323543732
1603,left road,1603,2.79499983787537,0.0,7.69999980926514,2.84999990463257,0.0,0.75,2.79499983787537,0.0,7.69999980926514,5.87973546981812,1.20477902889252,-1.33747363090515,5.8626275062561,1.1980973482132,-1.28735220432281,"(5.862628, 1.198097, -1.287352)",EyeArea,9.62512397766113,0.1,5.87973546981812,1.20477902889252,-1.33747363090515,-0.00001581455571,90.4039194014252,0.00000323543732
1604,left road,1604,2.89499998092651,0.0,7.69999980926514,2.95000004768372,0.0,0.75,2.89499998092651,0.0,7.69999980926514,5.87973546981812,1.20477902889252,-1.33747363090515,5.86318397521973,1.19809794425964,-1.28735613822937,"(5.863184, 1.198098, -1.287356)",EyeArea,9.59354305267334,0.1,5.87973546981812,1.20477902889252,-1.33747363090515,-0.00001581455571,90.4039194014252,0.00000323543732
1605,left road,1605,2.99499988555908,0.0,7.69999980926514,3.04999995231628,0.0,0.75,2.99499988555908,0.0,7.69999980926514,5.87973546981812,1.20477902889252,-1.33747363090515,5.86373949050903,1.1980984210968,-1.28735995292664,"(5.863739, 1.198098, -1.28736)",EyeArea,9.56290340423584,0.1,5.87973546981812,1.20477902889252,-1.33747363090515,-0.00001581455571,90.4039194014252,0.00000323543732
1606,left road,1606,3.09500002861023,0.0,7.69999980926514,3.15000009536743,0.0,0.75,3.09500002861023,0.0,7.69999980926514,5.87973546981812,1.20477902889252,-1.33747363090515,5.86429500579834,1.19809889793396,-1.28736388683319,"(5.864295, 1.198099, -1.287364)",EyeArea,9.5332145690918,0.1,5.87973546981812,1.20477902889252,-1.33747363090515,-0.00001581455571,90.4039194014252,0.00000323543732
1607,left road,1607,3.1949999332428,0.0,7.69999980926514,3.25,0.0,0.75,3.1949999332428,0.0,7.69999980926514,5.87973546981812,1.20477902889252,-1.33747363090515,5.86485052108765,1.19809949398041,-1.28736782073975,"(5.864851, 1.198099, -1.287368)",EyeArea,9.50448417663574,0.1,5.87973546981812,1.20477902889252,-1.33747363090515,-0.00001581455571,90.4039194014252,0.00000323543732
1608,left road,1608,3.29499983787537,0.0,7.69999980926514,3.34999990463257,0.0,0.75,3.29499983787537,0.0,7.69999980926514,5.87973546981812,1.20477902889252,-1.33747363090515,5.86540603637695,1.19809997081757,-1.2873717546463,"(5.865406, 1.1981, -1.287372)",EyeArea,9.47672367095947,0.1,5.87973546981812,1.20477902889252,-1.33747363090515,-0.00001581455571,90.4039194014252,0.00000323543732
1609,left road,1609,3.39499998092651,0.0,7.69999980926514,3.45000004768372,0.0,0.75,3.39499998092651,0.0,7.69999980926514,5.87973546981812,1.20477902889252,-1.33747363090515,5.86596155166626,1.19810056686401,-1.28737568855286,"(5.865962, 1.198101, -1.287376)",EyeArea,9.44993877410889,0.1,5.87973546981812,1.20477902889252,-1.33747363090515,-0.00001581455571,90.4039194014252,0.00000323543732
1610,left road,1610,-3.50500011444092,0.0,7.79999971389771,-3.45000004768372,0.0,0.85000002384186,-3.50500011444092,0.0,7.79999971389771,5.87973546981812,1.20477902889252,-1.33747363090515,5.33744430541992,1.13516163825989,-0.80947077274323,"(5.337444, 1.135162, -0.809471)",truck body CS,13.153636932373,0.1,5.87973546981812,1.20477902889252,-1.33747363090515,-0.00001581455571,90.4039194014252,0.00000323543732
1611,left road,1611,-3.40499997138977,0.0,7.79999971389771,-3.34999990463257,0.0,0.85000002384186,-3.40499997138977,0.0,7.79999971389771,5.87973546981812,1.20477902889252,-1.33747363090515,5.33766746520996,1.13444066047668,-0.80400252342224,"(5.337667, 1.134441, -0.804003)",truck body CS,13.0824775695801,0.1,5.87973546981812,1.20477902889252,-1.33747363090515,-0.00001581455571,90.4039194014252,0.00000323543732
1612,left road,1612,-3.3050000667572,0.0,7.79999971389771,-3.25,0.0,0.85000002384186,-3.3050000667572,0.0,7.79999971389771,5.87973546981812,1.20477902889252,-1.33747363090515,5.33789348602295,1.13370442390442,-0.79841905832291,"(5.337893, 1.133704, -0.798419)",truck body CS,13.0116968154907,0.1,5.87973546981812,1.20477902889252,-1.33747363090515,-0.00001581455571,90.4039194014252,0.00000323543732
1613,left road,1613,-3.20500016212463,0.0,7.79999971389771,-3.15000009536743,0.0,0.85000002384186,-3.20500016212463,0.0,7.79999971389771,5.87973546981812,1.20477902889252,-1.33747363090515,5.3381290435791,1.13295340538025,-0.79272276163101,"(5.338129, 1.132953, -0.792723)",truck body CS,12.9413032531738,0.1,5.87973546981812,1.20477902889252,-1.33747363090515,-0.00001581455571,90.4039194014252,0.00000323543732
1614,left road,1614,-3.10500001907349,0.0,7.79999971389771,-3.04999995231628,0.0,0.85000002384186,-3.10500001907349,0.0,7.79999971389771,5.87973546981812,1.20477902889252,-1.33747363090515,5.33888101577759,1.13225483894348,-0.7874236702919,"(5.338881, 1.132255, -0.787424)",truck body CS,12.8713006973267,0.1,5.87973546981812,1.20477902889252,-1.33747363090515,-0.00001581455571,90.4039194014252,0.00000323543732
1615,left road,1615,-3.00500011444092,0.0,7.79999971389771,-2.95000004768372,0.0,0.85000002384186,-3.00500011444092,0.0,7.79999971389771,5.87973546981812,1.20477902889252,-1.33747363090515,5.34089851379395,1.13171219825745,-0.78330838680267,"(5.340899, 1.131712, -0.783308)",truck body CS,12.8016958236694,0.1,5.87973546981812,1.20477902889252,-1.33747363090515,-0.00001581455571,90.4039194014252,0.00000323543732
1616,left road,1616,-2.90499997138977,0.0,7.79999971389771,-2.84999990463257,0.0,0.85000002384186,-2.90499997138977,0.0,7.79999971389771,5.87973546981812,1.20477902889252,-1.33747363090515,5.34295034408569,1.1311616897583,-0.77913355827332,"(5.34295, 1.131162, -0.779134)",truck body CS,12.732497215271,0.1,5.87973546981812,1.20477902889252,-1.33747363090515,-0.00001581455571,90.4039194014252,0.00000323543732
1617,left road,1617,-2.8050000667572,0.0,7.79999971389771,-2.75,0.0,0.85000002384186,-2.8050000667572,0.0,7.79999971389771,5.87973546981812,1.20477902889252,-1.33747363090515,5.34503030776978,1.13060283660889,-0.77489429712296,"(5.34503, 1.130603, -0.774894)",truck body CS,12.6637096405029,0.1,5.87973546981812,1.20477902889252,-1.33747363090515,-0.00001581455571,90.4039194014252,0.00000323543732
1618,left road,1618,-2.70500016212463,0.0,7.79999971389771,-2.65000009536743,0.0,0.85000002384186,-2.70500016212463,0.0,7.79999971389771,5.87973546981812,1.20477902889252,-1.33747363090515,5.34724044799805,1.13004875183105,-0.77069187164307,"(5.34724, 1.130049, -0.770692)",truck body CS,12.5953407287598,0.1,5.87973546981812,1.20477902889252,-1.33747363090515,-0.00001581455571,90.4039194014252,0.00000323543732
1619,left road,1619,-2.60500001907349,0.0,7.79999971389771,-2.54999995231628,0.0,0.85000002384186,-2.60500001907349,0.0,7.79999971389771,5.87973546981812,1.20477902889252,-1.33747363090515,5.35021638870239,1.12959051132202,-0.76721692085266,"(5.350216, 1.129591, -0.767217)",truck body CS,12.5273952484131,0.1,5.87973546981812,1.20477902889252,-1.33747363090515,-0.00001581455571,90.4039194014252,0.00000323543732
1620,left road,1620,-2.50500011444092,0.0,7.79999971389771,-2.45000004768372,0.0,0.85000002384186,-2.50500011444092,0.0,7.79999971389771,5.87973546981812,1.20477902889252,-1.33747363090515,5.35322999954224,1.12912702560425,-0.76370066404343,"(5.35323, 1.129127, -0.763701)",truck body CS,12.4598827362061,0.1,5.87973546981812,1.20477902889252,-1.33747363090515,-0.00001581455571,90.4039194014252,0.00000323543732
1621,left road,1621,-2.40499997138977,0.0,7.79999971389771,-2.34999990463257,0.0,0.85000002384186,-2.40499997138977,0.0,7.79999971389771,5.87973546981812,1.20477902889252,-1.33747363090515,5.35628175735474,1.128657579422,-0.76014018058777,"(5.356282, 1.128658, -0.76014)",truck body CS,12.3928108215332,0.1,5.87973546981812,1.20477902889252,-1.33747363090515,-0.00001581455571,90.4039194014252,0.00000323543732
1622,left road,1622,-2.3050000667572,0.0,7.79999971389771,-2.25,0.0,0.85000002384186,-2.3050000667572,0.0,7.79999971389771,5.87973546981812,1.20477902889252,-1.33747363090515,5.35937023162842,1.12818229198456,-0.75653606653214,"(5.35937, 1.128182, -0.756536)",truck body CS,12.3261833190918,0.1,5.87973546981812,1.20477902889252,-1.33747363090515,-0.00001581455571,90.4039194014252,0.00000323543732
1623,left road,1623,-2.20500016212463,0.0,7.79999971389771,-2.15000009536743,0.0,0.85000002384186,-2.20500016212463,0.0,7.79999971389771,5.87973546981812,1.20477902889252,-1.33747363090515,5.36249876022339,1.12770092487335,-0.75288516283035,"(5.362499, 1.127701, -0.752885)",truck body CS,12.2600107192993,0.1,5.87973546981812,1.20477902889252,-1.33747363090515,-0.00001581455571,90.4039194014252,0.00000323543732
1624,left road,1624,-2.10500001907349,0.0,7.79999971389771,-2.04999995231628,0.0,0.85000002384186,-2.10500001907349,0.0,7.79999971389771,5.87973546981812,1.20477902889252,-1.33747363090515,5.3656644821167,1.1272132396698,-0.74918627738953,"(5.365664, 1.127213, -0.749186)",truck body CS,12.1942987442017,0.1,5.87973546981812,1.20477902889252,-1.33747363090515,-0.00001581455571,90.4039194014252,0.00000323543732
1625,left road,1625,-2.00500011444092,0.0,7.79999971389771,-1.95000004768372,0.0,0.85000002384186,-2.00500011444092,0.0,7.79999971389771,5.87973546981812,1.20477902889252,-1.33747363090515,5.36887359619141,1.12671983242035,-0.74544441699982,"(5.368874, 1.12672, -0.745444)",truck body CS,12.1290550231934,0.1,5.87973546981812,1.20477902889252,-1.33747363090515,-0.00001581455571,90.4039194014252,0.00000323543732
1626,left road,1626,-1.90499997138977,0.0,7.79999971389771,-1.85000002384186,0.0,0.85000002384186,-1.90499997138977,0.0,7.79999971389771,5.87973546981812,1.20477902889252,-1.33747363090515,5.37212181091309,1.12621998786926,-0.74165213108063,"(5.372122, 1.12622, -0.741652)",truck body CS,12.0642862319946,0.1,5.87973546981812,1.20477902889252,-1.33747363090515,-0.00001581455571,90.4039194014252,0.00000323543732
1627,left road,1627,-1.80499994754791,0.0,7.79999971389771,-1.75,0.0,0.85000002384186,-1.80499994754791,0.0,7.79999971389771,5.87973546981812,1.20477902889252,-1.33747363090515,5.37541151046753,1.12571334838867,-0.7378101348877,"(5.375412, 1.125713, -0.73781)",truck body CS,12.0000028610229,0.1,5.87973546981812,1.20477902889252,-1.33747363090515,-0.00001581455571,90.4039194014252,0.00000323543732
1628,left road,1628,-1.70499992370605,0.0,7.79999971389771,-1.64999997615814,0.0,0.85000002384186,-1.70499992370605,0.0,7.79999971389771,5.87973546981812,1.20477902889252,-1.33747363090515,5.37874698638916,1.1252007484436,-0.73392271995544,"(5.378747, 1.125201, -0.733923)",truck body CS,11.9362106323242,0.1,5.87973546981812,1.20477902889252,-1.33747363090515,-0.00001581455571,90.4039194014252,0.00000323543732
1629,left road,1629,-1.6049998998642,0.0,7.79999971389771,-1.54999995231628,0.0,0.85000002384186,-1.6049998998642,0.0,7.79999971389771,5.87973546981812,1.20477902889252,-1.33747363090515,5.38212251663208,1.12468075752258,-0.7299799323082,"(5.382123, 1.124681, -0.72998)",truck body CS,11.872917175293,0.1,5.87973546981812,1.20477902889252,-1.33747363090515,-0.00001581455571,90.4039194014252,0.00000323543732
1630,left road,1630,-1.50499999523163,0.0,7.79999971389771,-1.45000004768372,0.0,0.85000002384186,-1.50499999523163,0.0,7.79999971389771,5.87973546981812,1.20477902889252,-1.33747363090515,5.38554334640503,1.12415432929993,-0.72598570585251,"(5.385543, 1.124154, -0.725986)",truck body CS,11.8101329803467,0.1,5.87973546981812,1.20477902889252,-1.33747363090515,-0.00001581455571,90.4039194014252,0.00000323543732
1631,left road,1631,-1.40499997138977,0.0,7.79999971389771,-1.35000002384186,0.0,0.85000002384186,-1.40499997138977,0.0,7.79999971389771,5.87973546981812,1.20477902889252,-1.33747363090515,5.38900995254517,1.1236207485199,-0.72193992137909,"(5.38901, 1.123621, -0.72194)",truck body CS,11.7478628158569,0.1,5.87973546981812,1.20477902889252,-1.33747363090515,-0.00001581455571,90.4039194014252,0.00000323543732
1632,left road,1632,-1.30499994754791,0.0,7.79999971389771,-1.25,0.0,0.85000002384186,-1.30499994754791,0.0,7.79999971389771,5.87973546981812,1.20477902889252,-1.33747363090515,5.39252233505249,1.12308025360107,-0.7178407907486,"(5.392522, 1.12308, -0.717841)",truck body CS,11.6861171722412,0.1,5.87973546981812,1.20477902889252,-1.33747363090515,-0.00001581455571,90.4039194014252,0.00000323543732
1633,left road,1633,-1.20499992370605,0.0,7.79999971389771,-1.14999997615814,0.0,0.85000002384186,-1.20499992370605,0.0,7.79999971389771,5.87973546981812,1.20477902889252,-1.33747363090515,5.39679527282715,1.12265372276306,-0.71460497379303,"(5.396795, 1.122654, -0.714605)",truck body CS,11.624903678894,0.1,5.87973546981812,1.20477902889252,-1.33747363090515,-0.00001581455571,90.4039194014252,0.00000323543732
1634,left road,1634,-1.1049998998642,0.0,7.79999971389771,-1.04999995231628,0.0,0.85000002384186,-1.1049998998642,0.0,7.79999971389771,5.87973546981812,1.20477902889252,-1.33747363090515,5.40429162979126,1.12277090549469,-0.7154940366745,"(5.404292, 1.122771, -0.715494)",truck body CS,11.5642309188843,0.1,5.87973546981812,1.20477902889252,-1.33747363090515,-0.00001581455571,90.4039194014252,0.00000323543732
1635,left road,1635,-1.00499999523163,0.0,7.79999971389771,-0.94999998807907,0.0,0.85000002384186,-1.00499999523163,0.0,7.79999971389771,5.87973546981812,1.20477902889252,-1.33747363090515,5.41176986694336,1.1228883266449,-0.71638464927673,"(5.41177, 1.122888, -0.716385)",truck body CS,11.5041074752808,0.1,5.87973546981812,1.20477902889252,-1.33747363090515,-0.00001581455571,90.4039194014252,0.00000323543732
1636,left road,1636,-0.90500003099442,0.0,7.79999971389771,-0.85000002384186,0.0,0.85000002384186,-0.90500003099442,0.0,7.79999971389771,5.87973546981812,1.20477902889252,-1.33747363090515,5.4184398651123,1.12286579608917,-0.71621382236481,"(5.41844, 1.122866, -0.716214)",truck body CS,11.4445419311523,0.1,5.87973546981812,1.20477902889252,-1.33747363090515,-0.00001581455571,90.4039194014252,0.00000323543732
1637,left road,1637,-0.80500000715256,0.0,7.79999971389771,-0.75,0.0,0.85000002384186,-0.80500000715256,0.0,7.79999971389771,5.87973546981812,1.20477902889252,-1.33747363090515,5.4249963760376,1.1228221654892,-0.71588277816772,"(5.424996, 1.122822, -0.715883)",truck body CS,11.3855428695679,0.1,5.87973546981812,1.20477902889252,-1.33747363090515,-0.00001581455571,90.4039194014252,0.00000323543732
1638,left road,1638,-0.7049999833107,0.0,7.79999971389771,-0.64999997615814,0.0,0.85000002384186,-0.7049999833107,0.0,7.79999971389771,5.87973546981812,1.20477902889252,-1.33747363090515,5.43155956268311,1.12277817726135,-0.71554946899414,"(5.43156, 1.122778, -0.715549)",truck body CS,11.3271198272705,0.1,5.87973546981812,1.20477902889252,-1.33747363090515,-0.00001581455571,90.4039194014252,0.00000323543732
1639,left road,1639,-0.60500001907349,0.0,7.79999971389771,-0.55000001192093,0.0,0.85000002384186,-0.60500001907349,0.0,7.79999971389771,5.87973546981812,1.20477902889252,-1.33747363090515,5.44002532958984,1.12308645248413,-0.71788811683655,"(5.440025, 1.123086, -0.717888)",truck body CS,11.2692813873291,0.1,5.87973546981812,1.20477902889252,-1.33747363090515,-0.00001581455571,90.4039194014252,0.00000323543732
1640,left road,1640,-0.50499999523163,0.0,7.79999971389771,-0.44999998807907,0.0,0.85000002384186,-0.50499999523163,0.0,7.79999971389771,5.87973546981812,1.20477902889252,-1.33747363090515,5.84462451934814,1.19815373420715,-1.28722524642944,"(5.844625, 1.198154, -1.287225)",EyeArea,11.2120361328125,0.1,5.87973546981812,1.20477902889252,-1.33747363090515,-0.00001581455571,90.4039194014252,0.00000323543732
1641,left road,1641,-0.40500000119209,0.0,7.79999971389771,-0.34999999403954,0.0,0.85000002384186,-0.40500000119209,0.0,7.79999971389771,5.87973546981812,1.20477902889252,-1.33747363090515,5.84517765045166,1.1981543302536,-1.287229180336,"(5.845178, 1.198154, -1.287229)",EyeArea,11.1553936004639,0.1,5.87973546981812,1.20477902889252,-1.33747363090515,-0.00001581455571,90.4039194014252,0.00000323543732
1642,left road,1642,-0.30500000715256,0.0,7.79999971389771,-0.25,0.0,0.85000002384186,-0.30500000715256,0.0,7.79999971389771,5.87973546981812,1.20477902889252,-1.33747363090515,5.84573030471802,1.19815480709076,-1.28723299503326,"(5.84573, 1.198155, -1.287233)",EyeArea,11.0993633270264,0.1,5.87973546981812,1.20477902889252,-1.33747363090515,-0.00001581455571,90.4039194014252,0.00000323543732
1643,left road,1643,-0.20500001311302,0.0,7.79999971389771,-0.15000000596046,0.0,0.85000002384186,-0.20500001311302,0.0,7.79999971389771,5.87973546981812,1.20477902889252,-1.33747363090515,5.84628248214722,1.19815528392792,-1.28723692893982,"(5.846282, 1.198155, -1.287237)",EyeArea,11.0439538955688,0.1,5.87973546981812,1.20477902889252,-1.33747363090515,-0.00001581455571,90.4039194014252,0.00000323543732
1644,left road,1644,-0.10500000417233,0.0,7.79999971389771,-0.05000000074506,0.0,0.85000002384186,-0.10500000417233,0.0,7.79999971389771,5.87973546981812,1.20477902889252,-1.33747363090515,5.84683465957642,1.19815587997437,-1.28724086284637,"(5.846835, 1.198156, -1.287241)",EyeArea,10.9891748428345,0.1,5.87973546981812,1.20477902889252,-1.33747363090515,-0.00001581455571,90.4039194014252,0.00000323543732
1645,left road,1645,-0.00499999895692,0.0,7.79999971389771,0.05000000074506,0.0,0.85000002384186,-0.00499999895692,0.0,7.79999971389771,5.87973546981812,1.20477902889252,-1.33747363090515,5.84738683700562,1.19815635681152,-1.28724467754364,"(5.847387, 1.198156, -1.287245)",EyeArea,10.9350366592407,0.1,5.87973546981812,1.20477902889252,-1.33747363090515,-0.00001581455571,90.4039194014252,0.00000323543732
1646,left road,1646,0.09500000625849,0.0,7.79999971389771,0.15000000596046,0.0,0.85000002384186,0.09500000625849,0.0,7.79999971389771,5.87973546981812,1.20477902889252,-1.33747363090515,5.84793901443481,1.19815683364868,-1.2872486114502,"(5.847939, 1.198157, -1.287249)",EyeArea,10.8815469741821,0.1,5.87973546981812,1.20477902889252,-1.33747363090515,-0.00001581455571,90.4039194014252,0.00000323543732
1647,left road,1647,0.19499999284744,0.0,7.79999971389771,0.25,0.0,0.85000002384186,0.19499999284744,0.0,7.79999971389771,5.87973546981812,1.20477902889252,-1.33747363090515,5.84849166870117,1.19815742969513,-1.28725254535675,"(5.848492, 1.198157, -1.287253)",EyeArea,10.8287172317505,0.1,5.87973546981812,1.20477902889252,-1.33747363090515,-0.00001581455571,90.4039194014252,0.00000323543732
1648,left road,1648,0.29499998688698,0.0,7.79999971389771,0.34999999403954,0.0,0.85000002384186,0.29499998688698,0.0,7.79999971389771,5.87973546981812,1.20477902889252,-1.33747363090515,5.84904336929321,1.19815790653229,-1.28725636005402,"(5.849043, 1.198158, -1.287256)",EyeArea,10.776556968689,0.1,5.87973546981812,1.20477902889252,-1.33747363090515,-0.00001581455571,90.4039194014252,0.00000323543732
1649,left road,1649,0.39499998092651,0.0,7.79999971389771,0.44999998807907,0.0,0.85000002384186,0.39499998092651,0.0,7.79999971389771,5.87973546981812,1.20477902889252,-1.33747363090515,5.84959554672241,1.19815838336945,-1.28726029396057,"(5.849596, 1.198158, -1.28726)",EyeArea,10.7250747680664,0.1,5.87973546981812,1.20477902889252,-1.33747363090515,-0.00001581455571,90.4039194014252,0.00000323543732
1650,left road,1650,0.49500000476837,0.0,7.79999971389771,0.55000001192093,0.0,0.85000002384186,0.49500000476837,0.0,7.79999971389771,5.87973546981812,1.20477902889252,-1.33747363090515,5.85014677047729,1.1981588602066,-1.28726422786713,"(5.850147, 1.198159, -1.287264)",EyeArea,10.6742811203003,0.1,5.87973546981812,1.20477902889252,-1.33747363090515,-0.00001581455571,90.4039194014252,0.00000323543732
1651,left road,1651,0.59499996900558,0.0,7.79999971389771,0.64999997615814,0.0,0.85000002384186,0.59499996900558,0.0,7.79999971389771,5.87973546981812,1.20477902889252,-1.33747363090515,5.85069847106934,1.19815945625305,-1.28726804256439,"(5.850698, 1.198159, -1.287268)",EyeArea,10.6241865158081,0.1,5.87973546981812,1.20477902889252,-1.33747363090515,-0.00001581455571,90.4039194014252,0.00000323543732
1652,left road,1652,0.69499999284744,0.0,7.79999971389771,0.75,0.0,0.85000002384186,0.69499999284744,0.0,7.79999971389771,5.87973546981812,1.20477902889252,-1.33747363090515,5.85125017166138,1.19815993309021,-1.28727197647095,"(5.85125, 1.19816, -1.287272)",EyeArea,10.5747995376587,0.1,5.87973546981812,1.20477902889252,-1.33747363090515,-0.00001581455571,90.4039194014252,0.00000323543732
1653,left road,1653,0.7950000166893,0.0,7.79999971389771,0.85000002384186,0.0,0.85000002384186,0.7950000166893,0.0,7.79999971389771,5.87973546981812,1.20477902889252,-1.33747363090515,5.85180139541626,1.19816040992737,-1.28727579116821,"(5.851801, 1.19816, -1.287276)",EyeArea,10.5261316299438,0.1,5.87973546981812,1.20477902889252,-1.33747363090515,-0.00001581455571,90.4039194014252,0.00000323543732
1654,left road,1654,0.89499998092651,0.0,7.79999971389771,0.94999998807907,0.0,0.85000002384186,0.89499998092651,0.0,7.79999971389771,5.87973546981812,1.20477902889252,-1.33747363090515,5.85235357284546,1.19816100597382,-1.28727972507477,"(5.852354, 1.198161, -1.28728)",EyeArea,10.4781913757324,0.1,5.87973546981812,1.20477902889252,-1.33747363090515,-0.00001581455571,90.4039194014252,0.00000323543732
1655,left road,1655,0.99499994516373,0.0,7.79999971389771,1.04999995231628,0.0,0.85000002384186,0.99499994516373,0.0,7.79999971389771,5.87973546981812,1.20477902889252,-1.33747363090515,5.85290479660034,1.19816148281097,-1.28728365898132,"(5.852905, 1.198161, -1.287284)",EyeArea,10.4309902191162,0.1,5.87973546981812,1.20477902889252,-1.33747363090515,-0.00001581455571,90.4039194014252,0.00000323543732
1656,left road,1656,1.09500002861023,0.0,7.79999971389771,1.14999997615814,0.0,0.85000002384186,1.09500002861023,0.0,7.79999971389771,5.87973546981812,1.20477902889252,-1.33747363090515,5.85345649719238,1.19816195964813,-1.28728747367859,"(5.853456, 1.198162, -1.287287)",EyeArea,10.3845367431641,0.1,5.87973546981812,1.20477902889252,-1.33747363090515,-0.00001581455571,90.4039194014252,0.00000323543732
1657,left road,1657,1.19500005245209,0.0,7.79999971389771,1.25,0.0,0.85000002384186,1.19500005245209,0.0,7.79999971389771,5.87973546981812,1.20477902889252,-1.33747363090515,5.85400724411011,1.19816255569458,-1.28729140758514,"(5.854007, 1.198163, -1.287291)",EyeArea,10.3388423919678,0.1,5.87973546981812,1.20477902889252,-1.33747363090515,-0.00001581455571,90.4039194014252,0.00000323543732
1658,left road,1658,1.29500007629395,0.0,7.79999971389771,1.35000002384186,0.0,0.85000002384186,1.29500007629395,0.0,7.79999971389771,5.87973546981812,1.20477902889252,-1.33747363090515,5.85455846786499,1.19816303253174,-1.28729522228241,"(5.854558, 1.198163, -1.287295)",EyeArea,10.2939157485962,0.1,5.87973546981812,1.20477902889252,-1.33747363090515,-0.00001581455571,90.4039194014252,0.00000323543732
1659,left road,1659,1.3950001001358,0.0,7.79999971389771,1.45000004768372,0.0,0.85000002384186,1.3950001001358,0.0,7.79999971389771,5.87973546981812,1.20477902889252,-1.33747363090515,5.85510921478271,1.1981635093689,-1.28729915618896,"(5.855109, 1.198164, -1.287299)",EyeArea,10.2497692108154,0.1,5.87973546981812,1.20477902889252,-1.33747363090515,-0.00001581455571,90.4039194014252,0.00000323543732
1660,left road,1660,1.49500000476837,0.0,7.79999971389771,1.54999995231628,0.0,0.85000002384186,1.49500000476837,0.0,7.79999971389771,5.87973546981812,1.20477902889252,-1.33747363090515,5.8556604385376,1.19816398620605,-1.28730309009552,"(5.85566, 1.198164, -1.287303)",EyeArea,10.20641040802,0.1,5.87973546981812,1.20477902889252,-1.33747363090515,-0.00001581455571,90.4039194014252,0.00000323543732
1661,left road,1661,1.59500002861023,0.0,7.79999971389771,1.64999997615814,0.0,0.85000002384186,1.59500002861023,0.0,7.79999971389771,5.87973546981812,1.20477902889252,-1.33747363090515,5.85621166229248,1.19816446304321,-1.28730690479279,"(5.856212, 1.198164, -1.287307)",EyeArea,10.1638507843018,0.1,5.87973546981812,1.20477902889252,-1.33747363090515,-0.00001581455571,90.4039194014252,0.00000323543732
1662,left road,1662,1.69500005245209,0.0,7.79999971389771,1.75,0.0,0.85000002384186,1.69500005245209,0.0,7.79999971389771,5.87973546981812,1.20477902889252,-1.33747363090515,5.85676240921021,1.19816505908966,-1.28731083869934,"(5.856762, 1.198165, -1.287311)",EyeArea,10.1221008300781,0.1,5.87973546981812,1.20477902889252,-1.33747363090515,-0.00001581455571,90.4039194014252,0.00000323543732
1663,left road,1663,1.79500007629395,0.0,7.79999971389771,1.85000002384186,0.0,0.85000002384186,1.79500007629395,0.0,7.79999971389771,5.87973546981812,1.20477902889252,-1.33747363090515,5.85731315612793,1.19816553592682,-1.28731465339661,"(5.857313, 1.198166, -1.287315)",EyeArea,10.081169128418,0.1,5.87973546981812,1.20477902889252,-1.33747363090515,-0.00001581455571,90.4039194014252,0.00000323543732
1664,left road,1664,1.8950001001358,0.0,7.79999971389771,1.95000004768372,0.0,0.85000002384186,1.8950001001358,0.0,7.79999971389771,5.87973546981812,1.20477902889252,-1.33747363090515,5.8578634262085,1.19816613197327,-1.28731858730316,"(5.857863, 1.198166, -1.287319)",EyeArea,10.0410671234131,0.1,5.87973546981812,1.20477902889252,-1.33747363090515,-0.00001581455571,90.4039194014252,0.00000323543732
1665,left road,1665,1.99500000476837,0.0,7.79999971389771,2.04999995231628,0.0,0.85000002384186,1.99500000476837,0.0,7.79999971389771,5.87973546981812,1.20477902889252,-1.33747363090515,5.85841417312622,1.19816660881042,-1.28732252120972,"(5.858414, 1.198167, -1.287323)",EyeArea,10.0018033981323,0.1,5.87973546981812,1.20477902889252,-1.33747363090515,-0.00001581455571,90.4039194014252,0.00000323543732
1666,left road,1666,2.09500002861023,0.0,7.79999971389771,2.15000009536743,0.0,0.85000002384186,2.09500002861023,0.0,7.79999971389771,5.87973546981812,1.20477902889252,-1.33747363090515,5.85896444320679,1.19816708564758,-1.28732633590698,"(5.858964, 1.198167, -1.287326)",EyeArea,9.96338939666748,0.1,5.87973546981812,1.20477902889252,-1.33747363090515,-0.00001581455571,90.4039194014252,0.00000323543732
1667,left road,1667,2.1949999332428,0.0,7.79999971389771,2.25,0.0,0.85000002384186,2.1949999332428,0.0,7.79999971389771,5.87973546981812,1.20477902889252,-1.33747363090515,5.85951471328735,1.19816756248474,-1.28733026981354,"(5.859515, 1.198168, -1.28733)",EyeArea,9.92583465576172,0.1,5.87973546981812,1.20477902889252,-1.33747363090515,-0.00001581455571,90.4039194014252,0.00000323543732
1668,left road,1668,2.29499983787537,0.0,7.79999971389771,2.34999990463257,0.0,0.85000002384186,2.29499983787537,0.0,7.79999971389771,5.87973546981812,1.20477902889252,-1.33747363090515,5.86006498336792,1.1981680393219,-1.2873340845108,"(5.860065, 1.198168, -1.287334)",EyeArea,9.88914775848389,0.1,5.87973546981812,1.20477902889252,-1.33747363090515,-0.00001581455571,90.4039194014252,0.00000323543732
1669,left road,1669,2.39499998092651,0.0,7.79999971389771,2.45000004768372,0.0,0.85000002384186,2.39499998092651,0.0,7.79999971389771,5.87973546981812,1.20477902889252,-1.33747363090515,5.86061525344849,1.19816863536835,-1.28733801841736,"(5.860615, 1.198169, -1.287338)",EyeArea,9.85333919525146,0.1,5.87973546981812,1.20477902889252,-1.33747363090515,-0.00001581455571,90.4039194014252,0.00000323543732
1670,left road,1670,2.49499988555908,0.0,7.79999971389771,2.54999995231628,0.0,0.85000002384186,2.49499988555908,0.0,7.79999971389771,5.87973546981812,1.20477902889252,-1.33747363090515,5.86116552352905,1.19816923141479,-1.28734183311462,"(5.861166, 1.198169, -1.287342)",EyeArea,9.81841850280762,0.1,5.87973546981812,1.20477902889252,-1.33747363090515,-0.00001581455571,90.4039194014252,0.00000323543732
1671,left road,1671,2.59500002861023,0.0,7.79999971389771,2.65000009536743,0.0,0.85000002384186,2.59500002861023,0.0,7.79999971389771,5.87973546981812,1.20477902889252,-1.33747363090515,5.86171579360962,1.19816970825195,-1.28734576702118,"(5.861716, 1.19817, -1.287346)",EyeArea,9.78439521789551,0.1,5.87973546981812,1.20477902889252,-1.33747363090515,-0.00001581455571,90.4039194014252,0.00000323543732
1672,left road,1672,2.6949999332428,0.0,7.79999971389771,2.75,0.0,0.85000002384186,2.6949999332428,0.0,7.79999971389771,5.87973546981812,1.20477902889252,-1.33747363090515,5.86226558685303,1.19817018508911,-1.28734958171844,"(5.862266, 1.19817, -1.28735)",EyeArea,9.7512788772583,0.1,5.87973546981812,1.20477902889252,-1.33747363090515,-0.00001581455571,90.4039194014252,0.00000323543732
1673,left road,1673,2.79499983787537,0.0,7.79999971389771,2.84999990463257,0.0,0.85000002384186,2.79499983787537,0.0,7.79999971389771,5.87973546981812,1.20477902889252,-1.33747363090515,5.86281538009644,1.19817066192627,-1.287353515625,"(5.862815, 1.198171, -1.287354)",EyeArea,9.71907901763916,0.1,5.87973546981812,1.20477902889252,-1.33747363090515,-0.00001581455571,90.4039194014252,0.00000323543732
1674,left road,1674,2.89499998092651,0.0,7.79999971389771,2.95000004768372,0.0,0.85000002384186,2.89499998092651,0.0,7.79999971389771,5.87973546981812,1.20477902889252,-1.33747363090515,5.86336517333984,1.19817113876343,-1.28735733032227,"(5.863365, 1.198171, -1.287357)",EyeArea,9.68780422210693,0.1,5.87973546981812,1.20477902889252,-1.33747363090515,-0.00001581455571,90.4039194014252,0.00000323543732
1675,left road,1675,2.99499988555908,0.0,7.79999971389771,3.04999995231628,0.0,0.85000002384186,2.99499988555908,0.0,7.79999971389771,5.87973546981812,1.20477902889252,-1.33747363090515,5.86391448974609,1.19817173480988,-1.28736126422882,"(5.863914, 1.198172, -1.287361)",EyeArea,9.65746402740479,0.1,5.87973546981812,1.20477902889252,-1.33747363090515,-0.00001581455571,90.4039194014252,0.00000323543732
1676,left road,1676,3.09500002861023,0.0,7.79999971389771,3.15000009536743,0.0,0.85000002384186,3.09500002861023,0.0,7.79999971389771,5.87973546981812,1.20477902889252,-1.33747363090515,5.8644642829895,1.19817221164703,-1.28736507892609,"(5.864464, 1.198172, -1.287365)",EyeArea,9.62806606292725,0.1,5.87973546981812,1.20477902889252,-1.33747363090515,-0.00001581455571,90.4039194014252,0.00000323543732
1677,left road,1677,3.1949999332428,0.0,7.79999971389771,3.25,0.0,0.85000002384186,3.1949999332428,0.0,7.79999971389771,5.87973546981812,1.20477902889252,-1.33747363090515,5.86501359939575,1.19817268848419,-1.28736901283264,"(5.865014, 1.198173, -1.287369)",EyeArea,9.59961986541748,0.1,5.87973546981812,1.20477902889252,-1.33747363090515,-0.00001581455571,90.4039194014252,0.00000323543732
1678,left road,1678,3.29499983787537,0.0,7.79999971389771,3.34999990463257,0.0,0.85000002384186,3.29499983787537,0.0,7.79999971389771,5.87973546981812,1.20477902889252,-1.33747363090515,5.86556339263916,1.19817328453064,-1.28737282752991,"(5.865563, 1.198173, -1.287373)",EyeArea,9.57213497161865,0.1,5.87973546981812,1.20477902889252,-1.33747363090515,-0.00001581455571,90.4039194014252,0.00000323543732
1679,left road,1679,3.39499998092651,0.0,7.79999971389771,3.45000004768372,0.0,0.85000002384186,3.39499998092651,0.0,7.79999971389771,5.87973546981812,1.20477902889252,-1.33747363090515,5.86611270904541,1.1981737613678,-1.28737676143646,"(5.866113, 1.198174, -1.287377)",EyeArea,9.54561805725098,0.1,5.87973546981812,1.20477902889252,-1.33747363090515,-0.00001581455571,90.4039194014252,0.00000323543732
1680,left road,1680,-3.50500011444092,0.0,7.89999961853027,-3.45000004768372,0.0,0.94999998807907,-3.50500011444092,0.0,7.89999961853027,5.87973546981812,1.20477902889252,-1.33747363090515,5.3393383026123,1.13540482521057,-0.80555725097656,"(5.339338, 1.135405, -0.805557)",truck body CS,13.2232999801636,0.1,5.87973546981812,1.20477902889252,-1.33747363090515,-0.00001581455571,90.4039194014252,0.00000323543732
1681,left road,1681,-3.40499997138977,0.0,7.89999961853027,-3.34999990463257,0.0,0.94999998807907,-3.40499997138977,0.0,7.89999961853027,5.87973546981812,1.20477902889252,-1.33747363090515,5.33957958221436,1.13468885421753,-0.80006724596024,"(5.33958, 1.134689, -0.800067)",truck body CS,13.1525173187256,0.1,5.87973546981812,1.20477902889252,-1.33747363090515,-0.00001581455571,90.4039194014252,0.00000323543732
1682,left road,1682,-3.3050000667572,0.0,7.89999961853027,-3.25,0.0,0.94999998807907,-3.3050000667572,0.0,7.89999961853027,5.87973546981812,1.20477902889252,-1.33747363090515,5.33982515335083,1.13395798206329,-0.79446375370026,"(5.339825, 1.133958, -0.794464)",truck body CS,13.0821161270142,0.1,5.87973546981812,1.20477902889252,-1.33747363090515,-0.00001581455571,90.4039194014252,0.00000323543732
1683,left road,1683,-3.20500016212463,0.0,7.89999961853027,-3.15000009536743,0.0,0.94999998807907,-3.20500016212463,0.0,7.89999961853027,5.87973546981812,1.20477902889252,-1.33747363090515,5.34057712554932,1.13327813148499,-0.7892507314682,"(5.340577, 1.133278, -0.789251)",truck body CS,13.0121030807495,0.1,5.87973546981812,1.20477902889252,-1.33747363090515,-0.00001581455571,90.4039194014252,0.00000323543732
1684,left road,1684,-3.10500001907349,0.0,7.89999961853027,-3.04999995231628,0.0,0.94999998807907,-3.10500001907349,0.0,7.89999961853027,5.87973546981812,1.20477902889252,-1.33747363090515,5.34257984161377,1.1327508687973,-0.78520804643631,"(5.34258, 1.132751, -0.785208)",truck body CS,12.9424829483032,0.1,5.87973546981812,1.20477902889252,-1.33747363090515,-0.00001581455571,90.4039194014252,0.00000323543732
1685,left road,1685,-3.00500011444092,0.0,7.89999961853027,-2.95000004768372,0.0,0.94999998807907,-3.00500011444092,0.0,7.89999961853027,5.87973546981812,1.20477902889252,-1.33747363090515,5.34461402893066,1.13221609592438,-0.78110694885254,"(5.344614, 1.132216, -0.781107)",truck body CS,12.8732633590698,0.1,5.87973546981812,1.20477902889252,-1.33747363090515,-0.00001581455571,90.4039194014252,0.00000323543732
1686,left road,1686,-2.90499997138977,0.0,7.89999961853027,-2.84999990463257,0.0,0.94999998807907,-2.90499997138977,0.0,7.89999961853027,5.87973546981812,1.20477902889252,-1.33747363090515,5.34667778015137,1.13167297840118,-0.77694374322891,"(5.346678, 1.131673, -0.776944)",truck body CS,12.8044519424438,0.1,5.87973546981812,1.20477902889252,-1.33747363090515,-0.00001581455571,90.4039194014252,0.00000323543732
1687,left road,1687,-2.8050000667572,0.0,7.89999961853027,-2.75,0.0,0.94999998807907,-2.8050000667572,0.0,7.89999961853027,5.87973546981812,1.20477902889252,-1.33747363090515,5.34877252578735,1.13112187385559,-0.77271801233292,"(5.348773, 1.131122, -0.772718)",truck body CS,12.7360525131226,0.1,5.87973546981812,1.20477902889252,-1.33747363090515,-0.00001581455571,90.4039194014252,0.00000323543732
1688,left road,1688,-2.70500016212463,0.0,7.89999961853027,-2.65000009536743,0.0,0.94999998807907,-2.70500016212463,0.0,7.89999961853027,5.87973546981812,1.20477902889252,-1.33747363090515,5.35089921951294,1.13056218624115,-0.76842713356018,"(5.350899, 1.130562, -0.768427)",truck body CS,12.6680746078491,0.1,5.87973546981812,1.20477902889252,-1.33747363090515,-0.00001581455571,90.4039194014252,0.00000323543732
1689,left road,1689,-2.60500001907349,0.0,7.89999961853027,-2.54999995231628,0.0,0.94999998807907,-2.60500001907349,0.0,7.89999961853027,5.87973546981812,1.20477902889252,-1.33747363090515,5.35353565216064,1.13006186485291,-0.7645902633667,"(5.353536, 1.130062, -0.76459)",truck body CS,12.6005220413208,0.1,5.87973546981812,1.20477902889252,-1.33747363090515,-0.00001581455571,90.4039194014252,0.00000323543732
1690,left road,1690,-2.50500011444092,0.0,7.89999961853027,-2.45000004768372,0.0,0.94999998807907,-2.50500011444092,0.0,7.89999961853027,5.87973546981812,1.20477902889252,-1.33747363090515,5.35654973983765,1.12960398197174,-0.76107895374298,"(5.35655, 1.129604, -0.761079)",truck body CS,12.5334024429321,0.1,5.87973546981812,1.20477902889252,-1.33747363090515,-0.00001581455571,90.4039194014252,0.00000323543732
1691,left road,1691,-2.40499997138977,0.0,7.89999961853027,-2.34999990463257,0.0,0.94999998807907,-2.40499997138977,0.0,7.89999961853027,5.87973546981812,1.20477902889252,-1.33747363090515,5.35960245132446,1.12914037704468,-0.75752520561218,"(5.359602, 1.12914, -0.757525)",truck body CS,12.4667253494263,0.1,5.87973546981812,1.20477902889252,-1.33747363090515,-0.00001581455571,90.4039194014252,0.00000323543732
1692,left road,1692,-2.3050000667572,0.0,7.89999961853027,-2.25,0.0,0.94999998807907,-2.3050000667572,0.0,7.89999961853027,5.87973546981812,1.20477902889252,-1.33747363090515,5.36269187927246,1.12867116928101,-0.75392711162567,"(5.362692, 1.128671, -0.753927)",truck body CS,12.4004964828491,0.1,5.87973546981812,1.20477902889252,-1.33747363090515,-0.00001581455571,90.4039194014252,0.00000323543732
1693,left road,1693,-2.20500016212463,0.0,7.89999961853027,-2.15000009536743,0.0,0.94999998807907,-2.20500016212463,0.0,7.89999961853027,5.87973546981812,1.20477902889252,-1.33747363090515,5.36581993103027,1.12819576263428,-0.75028228759766,"(5.36582, 1.128196, -0.750282)",truck body CS,12.3347215652466,0.1,5.87973546981812,1.20477902889252,-1.33747363090515,-0.00001581455571,90.4039194014252,0.00000323543732
1694,left road,1694,-2.10500001907349,0.0,7.89999961853027,-2.04999995231628,0.0,0.94999998807907,-2.10500001907349,0.0,7.89999961853027,5.87973546981812,1.20477902889252,-1.33747363090515,5.36898708343506,1.12771463394165,-0.74659323692322,"(5.368987, 1.127715, -0.746593)",truck body CS,12.2694101333618,0.1,5.87973546981812,1.20477902889252,-1.33747363090515,-0.00001581455571,90.4039194014252,0.00000323543732
1695,left road,1695,-2.00500011444092,0.0,7.89999961853027,-1.95000004768372,0.0,0.94999998807907,-2.00500011444092,0.0,7.89999961853027,5.87973546981812,1.20477902889252,-1.33747363090515,5.37219429016113,1.12722730636597,-0.74285686016083,"(5.372194, 1.127227, -0.742857)",truck body CS,12.2045669555664,0.1,5.87973546981812,1.20477902889252,-1.33747363090515,-0.00001581455571,90.4039194014252,0.00000323543732
1696,left road,1696,-1.90499997138977,0.0,7.89999961853027,-1.85000002384186,0.0,0.94999998807907,-1.90499997138977,0.0,7.89999961853027,5.87973546981812,1.20477902889252,-1.33747363090515,5.37544345855713,1.12673401832581,-0.73907375335693,"(5.375443, 1.126734, -0.739074)",truck body CS,12.1402025222778,0.1,5.87973546981812,1.20477902889252,-1.33747363090515,-0.00001581455571,90.4039194014252,0.00000323543732
1697,left road,1697,-1.80499994754791,0.0,7.89999961853027,-1.75,0.0,0.94999998807907,-1.80499994754791,0.0,7.89999961853027,5.87973546981812,1.20477902889252,-1.33747363090515,5.37873268127441,1.12623405456543,-0.7352409362793,"(5.378733, 1.126234, -0.735241)",truck body CS,12.076322555542,0.1,5.87973546981812,1.20477902889252,-1.33747363090515,-0.00001581455571,90.4039194014252,0.00000323543732
1698,left road,1698,-1.70499992370605,0.0,7.89999961853027,-1.64999997615814,0.0,0.94999998807907,-1.70499992370605,0.0,7.89999961853027,5.87973546981812,1.20477902889252,-1.33747363090515,5.38206624984741,1.125727891922,-0.73136013746262,"(5.382066, 1.125728, -0.73136)",truck body CS,12.0129356384277,0.1,5.87973546981812,1.20477902889252,-1.33747363090515,-0.00001581455571,90.4039194014252,0.00000323543732
1699,left road,1699,-1.6049998998642,0.0,7.89999961853027,-1.54999995231628,0.0,0.94999998807907,-1.6049998998642,0.0,7.89999961853027,5.87973546981812,1.20477902889252,-1.33747363090515,5.38544178009033,1.12521505355835,-0.7274284362793,"(5.385442, 1.125215, -0.727428)",truck body CS,11.9500494003296,0.1,5.87973546981812,1.20477902889252,-1.33747363090515,-0.00001581455571,90.4039194014252,0.00000323543732
1700,left road,1700,-1.50499999523163,0.0,7.89999961853027,-1.45000004768372,0.0,0.94999998807907,-1.50499999523163,0.0,7.89999961853027,5.87973546981812,1.20477902889252,-1.33747363090515,5.38886117935181,1.12469553947449,-0.7234451174736,"(5.388861, 1.124696, -0.723445)",truck body CS,11.8876714706421,0.1,5.87973546981812,1.20477902889252,-1.33747363090515,-0.00001581455571,90.4039194014252,0.00000323543732
1701,left road,1701,-1.40499997138977,0.0,7.89999961853027,-1.35000002384186,0.0,0.94999998807907,-1.40499997138977,0.0,7.89999961853027,5.87973546981812,1.20477902889252,-1.33747363090515,5.39232587814331,1.12416934967041,-0.71940970420837,"(5.392326, 1.124169, -0.71941)",truck body CS,11.8258104324341,0.1,5.87973546981812,1.20477902889252,-1.33747363090515,-0.00001581455571,90.4039194014252,0.00000323543732
1702,left road,1702,-1.30499994754791,0.0,7.89999961853027,-1.25,0.0,0.94999998807907,-1.30499994754791,0.0,7.89999961853027,5.87973546981812,1.20477902889252,-1.33747363090515,5.39629888534546,1.12371349334717,-0.71591484546661,"(5.396299, 1.123713, -0.715915)",truck body CS,11.7644729614258,0.1,5.87973546981812,1.20477902889252,-1.33747363090515,-0.00001581455571,90.4039194014252,0.00000323543732
1703,left road,1703,-1.20499992370605,0.0,7.89999961853027,-1.14999997615814,0.0,0.94999998807907,-1.20499992370605,0.0,7.89999961853027,5.87973546981812,1.20477902889252,-1.33747363090515,5.4037013053894,1.12382817268372,-0.7167934179306,"(5.403701, 1.123828, -0.716793)",truck body CS,11.7036695480347,0.1,5.87973546981812,1.20477902889252,-1.33747363090515,-0.00001581455571,90.4039194014252,0.00000323543732
1704,left road,1704,-1.1049998998642,0.0,7.89999961853027,-1.04999995231628,0.0,0.94999998807907,-1.1049998998642,0.0,7.89999961853027,5.87973546981812,1.20477902889252,-1.33747363090515,5.41105222702026,1.12393701076508,-0.71762895584106,"(5.411052, 1.123937, -0.717629)",truck body CS,11.6434078216553,0.1,5.87973546981812,1.20477902889252,-1.33747363090515,-0.00001581455571,90.4039194014252,0.00000323543732
1705,left road,1705,-1.00499999523163,0.0,7.89999961853027,-0.94999998807907,0.0,0.94999998807907,-1.00499999523163,0.0,7.89999961853027,5.87973546981812,1.20477902889252,-1.33747363090515,5.41751956939697,1.123894572258,-0.71730351448059,"(5.41752, 1.123895, -0.717304)",truck body CS,11.5836954116821,0.1,5.87973546981812,1.20477902889252,-1.33747363090515,-0.00001581455571,90.4039194014252,0.00000323543732
1706,left road,1706,-0.90500003099442,0.0,7.89999961853027,-0.85000002384186,0.0,0.94999998807907,-0.90500003099442,0.0,7.89999961853027,5.87973546981812,1.20477902889252,-1.33747363090515,5.42399024963379,1.12385153770447,-0.71697247028351,"(5.42399, 1.123852, -0.716972)",truck body CS,11.5245409011841,0.1,5.87973546981812,1.20477902889252,-1.33747363090515,-0.00001581455571,90.4039194014252,0.00000323543732
1707,left road,1707,-0.80500000715256,0.0,7.89999961853027,-0.75,0.0,0.94999998807907,-0.80500000715256,0.0,7.89999961853027,5.87973546981812,1.20477902889252,-1.33747363090515,5.43047189712524,1.12380886077881,-0.71664643287659,"(5.430472, 1.123809, -0.716646)",truck body CS,11.4659538269043,0.1,5.87973546981812,1.20477902889252,-1.33747363090515,-0.00001581455571,90.4039194014252,0.00000323543732
1708,left road,1708,-0.7049999833107,0.0,7.89999961853027,-0.64999997615814,0.0,0.94999998807907,-0.7049999833107,0.0,7.89999961853027,5.87973546981812,1.20477902889252,-1.33747363090515,5.4383282661438,1.12401676177979,-0.7182400226593,"(5.438328, 1.124017, -0.71824)",truck body CS,11.4079418182373,0.1,5.87973546981812,1.20477902889252,-1.33747363090515,-0.00001581455571,90.4039194014252,0.00000323543732
1709,left road,1709,-0.60500001907349,0.0,7.89999961853027,-0.55000001192093,0.0,0.94999998807907,-0.60500001907349,0.0,7.89999961853027,5.87973546981812,1.20477902889252,-1.33747363090515,5.84446001052856,1.19822537899017,-1.28722405433655,"(5.84446, 1.198225, -1.287224)",EyeArea,11.3505153656006,0.1,5.87973546981812,1.20477902889252,-1.33747363090515,-0.00001581455571,90.4039194014252,0.00000323543732
1710,left road,1710,-0.50499999523163,0.0,7.89999961853027,-0.44999998807907,0.0,0.94999998807907,-0.50499999523163,0.0,7.89999961853027,5.87973546981812,1.20477902889252,-1.33747363090515,5.84500694274902,1.19822585582733,-1.2872279882431,"(5.845007, 1.198226, -1.287228)",EyeArea,11.2936820983887,0.1,5.87973546981812,1.20477902889252,-1.33747363090515,-0.00001581455571,90.4039194014252,0.00000323543732
1711,left road,1711,-0.40500000119209,0.0,7.89999961853027,-0.34999999403954,0.0,0.94999998807907,-0.40500000119209,0.0,7.89999961853027,5.87973546981812,1.20477902889252,-1.33747363090515,5.84555339813232,1.19822633266449,-1.28723180294037,"(5.845553, 1.198226, -1.287232)",EyeArea,11.2374515533447,0.1,5.87973546981812,1.20477902889252,-1.33747363090515,-0.00001581455571,90.4039194014252,0.00000323543732
1712,left road,1712,-0.30500000715256,0.0,7.89999961853027,-0.25,0.0,0.94999998807907,-0.30500000715256,0.0,7.89999961853027,5.87973546981812,1.20477902889252,-1.33747363090515,5.84609985351563,1.19822680950165,-1.28723561763763,"(5.8461, 1.198227, -1.287236)",EyeArea,11.1818313598633,0.1,5.87973546981812,1.20477902889252,-1.33747363090515,-0.00001581455571,90.4039194014252,0.00000323543732
1713,left road,1713,-0.20500001311302,0.0,7.89999961853027,-0.15000000596046,0.0,0.94999998807907,-0.20500001311302,0.0,7.89999961853027,5.87973546981812,1.20477902889252,-1.33747363090515,5.84664630889893,1.19822728633881,-1.28723955154419,"(5.846646, 1.198227, -1.28724)",EyeArea,11.1268329620361,0.1,5.87973546981812,1.20477902889252,-1.33747363090515,-0.00001581455571,90.4039194014252,0.00000323543732
1714,left road,1714,-0.10500000417233,0.0,7.89999961853027,-0.05000000074506,0.0,0.94999998807907,-0.10500000417233,0.0,7.89999961853027,5.87973546981812,1.20477902889252,-1.33747363090515,5.84719276428223,1.19822788238525,-1.28724336624146,"(5.847193, 1.198228, -1.287243)",EyeArea,11.0724649429321,0.1,5.87973546981812,1.20477902889252,-1.33747363090515,-0.00001581455571,90.4039194014252,0.00000323543732
1715,left road,1715,-0.00499999895692,0.0,7.89999961853027,0.05000000074506,0.0,0.94999998807907,-0.00499999895692,0.0,7.89999961853027,5.87973546981812,1.20477902889252,-1.33747363090515,5.84773874282837,1.19822835922241,-1.28724718093872,"(5.847739, 1.198228, -1.287247)",EyeArea,11.0187349319458,0.1,5.87973546981812,1.20477902889252,-1.33747363090515,-0.00001581455571,90.4039194014252,0.00000323543732
1716,left road,1716,0.09500000625849,0.0,7.89999961853027,0.15000000596046,0.0,0.94999998807907,0.09500000625849,0.0,7.89999961853027,5.87973546981812,1.20477902889252,-1.33747363090515,5.84828519821167,1.19822883605957,-1.28725099563599,"(5.848285, 1.198229, -1.287251)",EyeArea,10.9656543731689,0.1,5.87973546981812,1.20477902889252,-1.33747363090515,-0.00001581455571,90.4039194014252,0.00000323543732
1717,left road,1717,0.19499999284744,0.0,7.89999961853027,0.25,0.0,0.94999998807907,0.19499999284744,0.0,7.89999961853027,5.87973546981812,1.20477902889252,-1.33747363090515,5.84883117675781,1.19822931289673,-1.28725492954254,"(5.848831, 1.198229, -1.287255)",EyeArea,10.9132318496704,0.1,5.87973546981812,1.20477902889252,-1.33747363090515,-0.00001581455571,90.4039194014252,0.00000323543732
1718,left road,1718,0.29499998688698,0.0,7.89999961853027,0.34999999403954,0.0,0.94999998807907,0.29499998688698,0.0,7.89999961853027,5.87973546981812,1.20477902889252,-1.33747363090515,5.84937715530396,1.19822990894318,-1.28725874423981,"(5.849377, 1.19823, -1.287259)",EyeArea,10.8614768981934,0.1,5.87973546981812,1.20477902889252,-1.33747363090515,-0.00001581455571,90.4039194014252,0.00000323543732
1719,left road,1719,0.39499998092651,0.0,7.89999961853027,0.44999998807907,0.0,0.94999998807907,0.39499998092651,0.0,7.89999961853027,5.87973546981812,1.20477902889252,-1.33747363090515,5.8499231338501,1.19823038578033,-1.28726255893707,"(5.849923, 1.19823, -1.287263)",EyeArea,10.810399055481,0.1,5.87973546981812,1.20477902889252,-1.33747363090515,-0.00001581455571,90.4039194014252,0.00000323543732
1720,left road,1720,0.49500000476837,0.0,7.89999961853027,0.55000001192093,0.0,0.94999998807907,0.49500000476837,0.0,7.89999961853027,5.87973546981812,1.20477902889252,-1.33747363090515,5.85046815872192,1.19823086261749,-1.28726649284363,"(5.850468, 1.198231, -1.287266)",EyeArea,10.7600088119507,0.1,5.87973546981812,1.20477902889252,-1.33747363090515,-0.00001581455571,90.4039194014252,0.00000323543732
1721,left road,1721,0.59499996900558,0.0,7.89999961853027,0.64999997615814,0.0,0.94999998807907,0.59499996900558,0.0,7.89999961853027,5.87973546981812,1.20477902889252,-1.33747363090515,5.85101413726807,1.19823133945465,-1.28727030754089,"(5.851014, 1.198231, -1.28727)",EyeArea,10.7103147506714,0.1,5.87973546981812,1.20477902889252,-1.33747363090515,-0.00001581455571,90.4039194014252,0.00000323543732
1722,left road,1722,0.69499999284744,0.0,7.89999961853027,0.75,0.0,0.94999998807907,0.69499999284744,0.0,7.89999961853027,5.87973546981812,1.20477902889252,-1.33747363090515,5.85155963897705,1.19823181629181,-1.28727412223816,"(5.85156, 1.198232, -1.287274)",EyeArea,10.6613264083862,0.1,5.87973546981812,1.20477902889252,-1.33747363090515,-0.00001581455571,90.4039194014252,0.00000323543732
1723,left road,1723,0.7950000166893,0.0,7.89999961853027,0.85000002384186,0.0,0.94999998807907,0.7950000166893,0.0,7.89999961853027,5.87973546981812,1.20477902889252,-1.33747363090515,5.85210514068604,1.19823241233826,-1.28727793693542,"(5.852105, 1.198232, -1.287278)",EyeArea,10.613055229187,0.1,5.87973546981812,1.20477902889252,-1.33747363090515,-0.00001581455571,90.4039194014252,0.00000323543732
1724,left road,1724,0.89499998092651,0.0,7.89999961853027,0.94999998807907,0.0,0.94999998807907,0.89499998092651,0.0,7.89999961853027,5.87973546981812,1.20477902889252,-1.33747363090515,5.85265064239502,1.19823288917542,-1.28728187084198,"(5.852651, 1.198233, -1.287282)",EyeArea,10.5655097961426,0.1,5.87973546981812,1.20477902889252,-1.33747363090515,-0.00001581455571,90.4039194014252,0.00000323543732
1725,left road,1725,0.99499994516373,0.0,7.89999961853027,1.04999995231628,0.0,0.94999998807907,0.99499994516373,0.0,7.89999961853027,5.87973546981812,1.20477902889252,-1.33747363090515,5.853196144104,1.19823336601257,-1.28728568553925,"(5.853196, 1.198233, -1.287286)",EyeArea,10.5186996459961,0.1,5.87973546981812,1.20477902889252,-1.33747363090515,-0.00001581455571,90.4039194014252,0.00000323543732
1726,left road,1726,1.09500002861023,0.0,7.89999961853027,1.14999997615814,0.0,0.94999998807907,1.09500002861023,0.0,7.89999961853027,5.87973546981812,1.20477902889252,-1.33747363090515,5.85374212265015,1.19823384284973,-1.28728950023651,"(5.853742, 1.198234, -1.28729)",EyeArea,10.4726362228394,0.1,5.87973546981812,1.20477902889252,-1.33747363090515,-0.00001581455571,90.4039194014252,0.00000323543732
1727,left road,1727,1.19500005245209,0.0,7.89999961853027,1.25,0.0,0.94999998807907,1.19500005245209,0.0,7.89999961853027,5.87973546981812,1.20477902889252,-1.33747363090515,5.85428667068481,1.19823443889618,-1.28729331493378,"(5.854287, 1.198234, -1.287293)",EyeArea,10.4273271560669,0.1,5.87973546981812,1.20477902889252,-1.33747363090515,-0.00001581455571,90.4039194014252,0.00000323543732
1728,left road,1728,1.29500007629395,0.0,7.89999961853027,1.35000002384186,0.0,0.94999998807907,1.29500007629395,0.0,7.89999961853027,5.87973546981812,1.20477902889252,-1.33747363090515,5.85483169555664,1.19823491573334,-1.28729724884033,"(5.854832, 1.198235, -1.287297)",EyeArea,10.3827838897705,0.1,5.87973546981812,1.20477902889252,-1.33747363090515,-0.00001581455571,90.4039194014252,0.00000323543732
1729,left road,1729,1.3950001001358,0.0,7.89999961853027,1.45000004768372,0.0,0.94999998807907,1.3950001001358,0.0,7.89999961853027,5.87973546981812,1.20477902889252,-1.33747363090515,5.85537719726563,1.1982353925705,-1.2873010635376,"(5.855377, 1.198235, -1.287301)",EyeArea,10.3390169143677,0.1,5.87973546981812,1.20477902889252,-1.33747363090515,-0.00001581455571,90.4039194014252,0.00000323543732
1730,left road,1730,1.49500000476837,0.0,7.89999961853027,1.54999995231628,0.0,0.94999998807907,1.49500000476837,0.0,7.89999961853027,5.87973546981812,1.20477902889252,-1.33747363090515,5.85592174530029,1.19823586940765,-1.28730487823486,"(5.855922, 1.198236, -1.287305)",EyeArea,10.2960338592529,0.1,5.87973546981812,1.20477902889252,-1.33747363090515,-0.00001581455571,90.4039194014252,0.00000323543732
1731,left road,1731,1.59500002861023,0.0,7.89999961853027,1.64999997615814,0.0,0.94999998807907,1.59500002861023,0.0,7.89999961853027,5.87973546981812,1.20477902889252,-1.33747363090515,5.85646724700928,1.19823634624481,-1.28730869293213,"(5.856467, 1.198236, -1.287309)",EyeArea,10.2538471221924,0.1,5.87973546981812,1.20477902889252,-1.33747363090515,-0.00001581455571,90.4039194014252,0.00000323543732
1732,left road,1732,1.69500005245209,0.0,7.89999961853027,1.75,0.0,0.94999998807907,1.69500005245209,0.0,7.89999961853027,5.87973546981812,1.20477902889252,-1.33747363090515,5.85701179504395,1.19823694229126,-1.28731262683868,"(5.857012, 1.198237, -1.287313)",EyeArea,10.2124643325806,0.1,5.87973546981812,1.20477902889252,-1.33747363090515,-0.00001581455571,90.4039194014252,0.00000323543732
1733,left road,1733,1.79500007629395,0.0,7.89999961853027,1.85000002384186,0.0,0.94999998807907,1.79500007629395,0.0,7.89999961853027,5.87973546981812,1.20477902889252,-1.33747363090515,5.85755634307861,1.19823741912842,-1.28731644153595,"(5.857556, 1.198237, -1.287316)",EyeArea,10.171895980835,0.1,5.87973546981812,1.20477902889252,-1.33747363090515,-0.00001581455571,90.4039194014252,0.00000323543732
1734,left road,1734,1.8950001001358,0.0,7.89999961853027,1.95000004768372,0.0,0.94999998807907,1.8950001001358,0.0,7.89999961853027,5.87973546981812,1.20477902889252,-1.33747363090515,5.85810089111328,1.19823789596558,-1.28732025623322,"(5.858101, 1.198238, -1.28732)",EyeArea,10.132152557373,0.1,5.87973546981812,1.20477902889252,-1.33747363090515,-0.00001581455571,90.4039194014252,0.00000323543732
1735,left road,1735,1.99500000476837,0.0,7.89999961853027,2.04999995231628,0.0,0.94999998807907,1.99500000476837,0.0,7.89999961853027,5.87973546981812,1.20477902889252,-1.33747363090515,5.85864543914795,1.19823837280273,-1.28732407093048,"(5.858645, 1.198238, -1.287324)",EyeArea,10.0932445526123,0.1,5.87973546981812,1.20477902889252,-1.33747363090515,-0.00001581455571,90.4039194014252,0.00000323543732
1736,left road,1736,2.09500002861023,0.0,7.89999961853027,2.15000009536743,0.0,0.94999998807907,2.09500002861023,0.0,7.89999961853027,5.87973546981812,1.20477902889252,-1.33747363090515,5.85918998718262,1.19823884963989,-1.28732788562775,"(5.85919, 1.198239, -1.287328)",EyeArea,10.0551795959473,0.1,5.87973546981812,1.20477902889252,-1.33747363090515,-0.00001581455571,90.4039194014252,0.00000323543732
1737,left road,1737,2.1949999332428,0.0,7.89999961853027,2.25,0.0,0.94999998807907,2.1949999332428,0.0,7.89999961853027,5.87973546981812,1.20477902889252,-1.33747363090515,5.85973453521729,1.19823944568634,-1.2873318195343,"(5.859735, 1.198239, -1.287332)",EyeArea,10.0179681777954,0.1,5.87973546981812,1.20477902889252,-1.33747363090515,-0.00001581455571,90.4039194014252,0.00000323543732
1738,left road,1738,2.29499983787537,0.0,7.89999961853027,2.34999990463257,0.0,0.94999998807907,2.29499983787537,0.0,7.89999961853027,5.87973546981812,1.20477902889252,-1.33747363090515,5.86027860641479,1.1982399225235,-1.28733563423157,"(5.860279, 1.19824, -1.287336)",EyeArea,9.9816198348999,0.1,5.87973546981812,1.20477902889252,-1.33747363090515,-0.00001581455571,90.4039194014252,0.00000323543732
1739,left road,1739,2.39499998092651,0.0,7.89999961853027,2.45000004768372,0.0,0.94999998807907,2.39499998092651,0.0,7.89999961853027,5.87973546981812,1.20477902889252,-1.33747363090515,5.86082315444946,1.19824039936066,-1.28733944892883,"(5.860823, 1.19824, -1.287339)",EyeArea,9.94614410400391,0.1,5.87973546981812,1.20477902889252,-1.33747363090515,-0.00001581455571,90.4039194014252,0.00000323543732
1740,left road,1740,2.49499988555908,0.0,7.89999961853027,2.54999995231628,0.0,0.94999998807907,2.49499988555908,0.0,7.89999961853027,5.87973546981812,1.20477902889252,-1.33747363090515,5.86136722564697,1.19824087619781,-1.2873432636261,"(5.861367, 1.198241, -1.287343)",EyeArea,9.9115514755249,0.1,5.87973546981812,1.20477902889252,-1.33747363090515,-0.00001581455571,90.4039194014252,0.00000323543732
1741,left road,1741,2.59500002861023,0.0,7.89999961853027,2.65000009536743,0.0,0.94999998807907,2.59500002861023,0.0,7.89999961853027,5.87973546981812,1.20477902889252,-1.33747363090515,5.86191129684448,1.19824147224426,-1.28734707832336,"(5.861911, 1.198241, -1.287347)",EyeArea,9.87784862518311,0.1,5.87973546981812,1.20477902889252,-1.33747363090515,-0.00001581455571,90.4039194014252,0.00000323543732
1742,left road,1742,2.6949999332428,0.0,7.89999961853027,2.75,0.0,0.94999998807907,2.6949999332428,0.0,7.89999961853027,5.87973546981812,1.20477902889252,-1.33747363090515,5.86245536804199,1.19824194908142,-1.28735089302063,"(5.862455, 1.198242, -1.287351)",EyeArea,9.84504699707031,0.1,5.87973546981812,1.20477902889252,-1.33747363090515,-0.00001581455571,90.4039194014252,0.00000323543732
1743,left road,1743,2.79499983787537,0.0,7.89999961853027,2.84999990463257,0.0,0.94999998807907,2.79499983787537,0.0,7.89999961853027,5.87973546981812,1.20477902889252,-1.33747363090515,5.86299896240234,1.19824242591858,-1.28735482692719,"(5.862999, 1.198242, -1.287355)",EyeArea,9.81315422058105,0.1,5.87973546981812,1.20477902889252,-1.33747363090515,-0.00001581455571,90.4039194014252,0.00000323543732
1744,left road,1744,2.89499998092651,0.0,7.89999961853027,2.95000004768372,0.0,0.94999998807907,2.89499998092651,0.0,7.89999961853027,5.87973546981812,1.20477902889252,-1.33747363090515,5.8635425567627,1.19824290275574,-1.28735864162445,"(5.863543, 1.198243, -1.287359)",EyeArea,9.78218078613281,0.1,5.87973546981812,1.20477902889252,-1.33747363090515,-0.00001581455571,90.4039194014252,0.00000323543732
1745,left road,1745,2.99499988555908,0.0,7.89999961853027,3.04999995231628,0.0,0.94999998807907,2.99499988555908,0.0,7.89999961853027,5.87973546981812,1.20477902889252,-1.33747363090515,5.86408615112305,1.1982433795929,-1.28736245632172,"(5.864086, 1.198243, -1.287362)",EyeArea,9.7521333694458,0.1,5.87973546981812,1.20477902889252,-1.33747363090515,-0.00001581455571,90.4039194014252,0.00000323543732
1746,left road,1746,3.09500002861023,0.0,7.89999961853027,3.15000009536743,0.0,0.94999998807907,3.09500002861023,0.0,7.89999961853027,5.87973546981812,1.20477902889252,-1.33747363090515,5.8646297454834,1.19824385643005,-1.28736627101898,"(5.86463, 1.198244, -1.287366)",EyeArea,9.7230224609375,0.1,5.87973546981812,1.20477902889252,-1.33747363090515,-0.00001581455571,90.4039194014252,0.00000323543732
1747,left road,1747,3.1949999332428,0.0,7.89999961853027,3.25,0.0,0.94999998807907,3.1949999332428,0.0,7.89999961853027,5.87973546981812,1.20477902889252,-1.33747363090515,5.86517333984375,1.19824433326721,-1.28737008571625,"(5.865173, 1.198244, -1.28737)",EyeArea,9.69485473632813,0.1,5.87973546981812,1.20477902889252,-1.33747363090515,-0.00001581455571,90.4039194014252,0.00000323543732
1748,left road,1748,3.29499983787537,0.0,7.89999961853027,3.34999990463257,0.0,0.94999998807907,3.29499983787537,0.0,7.89999961853027,5.87973546981812,1.20477902889252,-1.33747363090515,5.8657169342041,1.19824481010437,-1.28737390041351,"(5.865717, 1.198245, -1.287374)",EyeArea,9.66764068603516,0.1,5.87973546981812,1.20477902889252,-1.33747363090515,-0.00001581455571,90.4039194014252,0.00000323543732
1749,left road,1749,3.39499998092651,0.0,7.89999961853027,3.45000004768372,0.0,0.94999998807907,3.39499998092651,0.0,7.89999961853027,5.87973546981812,1.20477902889252,-1.33747363090515,5.86626052856445,1.19824540615082,-1.28737783432007,"(5.866261, 1.198245, -1.287378)",EyeArea,9.64138603210449,0.1,5.87973546981812,1.20477902889252,-1.33747363090515,-0.00001581455571,90.4039194014252,0.00000323543732
1750,left road,1750,-3.50500011444092,0.0,8.0,-3.45000004768372,0.0,1.04999995231628,-3.50500011444092,0.0,8.0,5.87973546981812,1.20477902889252,-1.33747363090515,5.34121990203857,1.1356463432312,-0.80167055130005,"(5.34122, 1.135646, -0.801671)",truck body CS,13.2933502197266,0.1,5.87973546981812,1.20477902889252,-1.33747363090515,-0.00001581455571,90.4039194014252,0.00000323543732
1751,left road,1751,-3.40499997138977,0.0,8.0,-3.34999990463257,0.0,1.04999995231628,-3.40499997138977,0.0,8.0,5.87973546981812,1.20477902889252,-1.33747363090515,5.34147977828979,1.13493537902832,-0.79616051912308,"(5.34148, 1.134935, -0.796161)",truck body CS,13.2229433059692,0.1,5.87973546981812,1.20477902889252,-1.33747363090515,-0.00001581455571,90.4039194014252,0.00000323543732
1752,left road,1752,-3.3050000667572,0.0,8.0,-3.25,0.0,1.04999995231628,-3.3050000667572,0.0,8.0,5.87973546981812,1.20477902889252,-1.33747363090515,5.34222650527954,1.134272813797,-0.79102623462677,"(5.342227, 1.134273, -0.791026)",truck body CS,13.1529188156128,0.1,5.87973546981812,1.20477902889252,-1.33747363090515,-0.00001581455571,90.4039194014252,0.00000323543732
1753,left road,1753,-3.20500016212463,0.0,8.0,-3.15000009536743,0.0,1.04999995231628,-3.20500016212463,0.0,8.0,5.87973546981812,1.20477902889252,-1.33747363090515,5.34421348571777,1.13376045227051,-0.78705352544785,"(5.344213, 1.13376, -0.787054)",truck body CS,13.0832843780518,0.1,5.87973546981812,1.20477902889252,-1.33747363090515,-0.00001581455571,90.4039194014252,0.00000323543732
1754,left road,1754,-3.10500001907349,0.0,8.0,-3.04999995231628,0.0,1.04999995231628,-3.10500001907349,0.0,8.0,5.87973546981812,1.20477902889252,-1.33747363090515,5.3462290763855,1.13324022293091,-0.78302186727524,"(5.346229, 1.13324, -0.783022)",truck body CS,13.014045715332,0.1,5.87973546981812,1.20477902889252,-1.33747363090515,-0.00001581455571,90.4039194014252,0.00000323543732
1755,left road,1755,-3.00500011444092,0.0,8.0,-2.95000004768372,0.0,1.04999995231628,-3.00500011444092,0.0,8.0,5.87973546981812,1.20477902889252,-1.33747363090515,5.34827709197998,1.13271284103394,-0.77893370389938,"(5.348277, 1.132713, -0.778934)",truck body CS,12.9452085494995,0.1,5.87973546981812,1.20477902889252,-1.33747363090515,-0.00001581455571,90.4039194014252,0.00000323543732
1756,left road,1756,-2.90499997138977,0.0,8.0,-2.84999990463257,0.0,1.04999995231628,-2.90499997138977,0.0,8.0,5.87973546981812,1.20477902889252,-1.33747363090515,5.3503532409668,1.13217711448669,-0.77478283643723,"(5.350353, 1.132177, -0.774783)",truck body CS,12.876781463623,0.1,5.87973546981812,1.20477902889252,-1.33747363090515,-0.00001581455571,90.4039194014252,0.00000323543732
1757,left road,1757,-2.8050000667572,0.0,8.0,-2.75,0.0,1.04999995231628,-2.8050000667572,0.0,8.0,5.87973546981812,1.20477902889252,-1.33747363090515,5.35246229171753,1.13163375854492,-0.77057182788849,"(5.352462, 1.131634, -0.770572)",truck body CS,12.8087682723999,0.1,5.87973546981812,1.20477902889252,-1.33747363090515,-0.00001581455571,90.4039194014252,0.00000323543732
1758,left road,1758,-2.70500016212463,0.0,8.0,-2.65000009536743,0.0,1.04999995231628,-2.70500016212463,0.0,8.0,5.87973546981812,1.20477902889252,-1.33747363090515,5.35460090637207,1.1310818195343,-0.76629269123077,"(5.354601, 1.131082, -0.766293)",truck body CS,12.7411775588989,0.1,5.87973546981812,1.20477902889252,-1.33747363090515,-0.00001581455571,90.4039194014252,0.00000323543732
1759,left road,1759,-2.60500001907349,0.0,8.0,-2.54999995231628,0.0,1.04999995231628,-2.60500001907349,0.0,8.0,5.87973546981812,1.20477902889252,-1.33747363090515,5.35680913925171,1.13052678108215,-0.76199197769165,"(5.356809, 1.130527, -0.761992)",truck body CS,12.674015045166,0.1,5.87973546981812,1.20477902889252,-1.33747363090515,-0.00001581455571,90.4039194014252,0.00000323543732
1760,left road,1760,-2.50500011444092,0.0,8.0,-2.45000004768372,0.0,1.04999995231628,-2.50500011444092,0.0,8.0,5.87973546981812,1.20477902889252,-1.33747363090515,5.35982704162598,1.13007497787476,-0.75848925113678,"(5.359827, 1.130075, -0.758489)",truck body CS,12.6072874069214,0.1,5.87973546981812,1.20477902889252,-1.33747363090515,-0.00001581455571,90.4039194014252,0.00000323543732
1761,left road,1761,-2.40499997138977,0.0,8.0,-2.34999990463257,0.0,1.04999995231628,-2.40499997138977,0.0,8.0,5.87973546981812,1.20477902889252,-1.33747363090515,5.36287879943848,1.1296169757843,-0.75493973493576,"(5.362879, 1.129617, -0.75494)",truck body CS,12.5410032272339,0.1,5.87973546981812,1.20477902889252,-1.33747363090515,-0.00001581455571,90.4039194014252,0.00000323543732
1762,left road,1762,-2.3050000667572,0.0,8.0,-2.25,0.0,1.04999995231628,-2.3050000667572,0.0,8.0,5.87973546981812,1.20477902889252,-1.33747363090515,5.36596965789795,1.12915372848511,-0.75134962797165,"(5.36597, 1.129154, -0.75135)",truck body CS,12.4751672744751,0.1,5.87973546981812,1.20477902889252,-1.33747363090515,-0.00001581455571,90.4039194014252,0.00000323543732
1763,left road,1763,-2.20500016212463,0.0,8.0,-2.15000009536743,0.0,1.04999995231628,-2.20500016212463,0.0,8.0,5.87973546981812,1.20477902889252,-1.33747363090515,5.36909818649292,1.12868428230286,-0.74771213531494,"(5.369098, 1.128684, -0.747712)",truck body CS,12.4097890853882,0.1,5.87973546981812,1.20477902889252,-1.33747363090515,-0.00001581455571,90.4039194014252,0.00000323543732
1764,left road,1764,-2.10500001907349,0.0,8.0,-2.04999995231628,0.0,1.04999995231628,-2.10500001907349,0.0,8.0,5.87973546981812,1.20477902889252,-1.33747363090515,5.37226724624634,1.12820959091187,-0.7440322637558,"(5.372267, 1.12821, -0.744032)",truck body CS,12.3448734283447,0.1,5.87973546981812,1.20477902889252,-1.33747363090515,-0.00001581455571,90.4039194014252,0.00000323543732
1765,left road,1765,-2.00500011444092,0.0,8.0,-1.95000004768372,0.0,1.04999995231628,-2.00500011444092,0.0,8.0,5.87973546981812,1.20477902889252,-1.33747363090515,5.3754734992981,1.12772834300995,-0.74030256271362,"(5.375473, 1.127728, -0.740303)",truck body CS,12.2804298400879,0.1,5.87973546981812,1.20477902889252,-1.33747363090515,-0.00001581455571,90.4039194014252,0.00000323543732
1766,left road,1766,-1.90499997138977,0.0,8.0,-1.85000002384186,0.0,1.04999995231628,-1.90499997138977,0.0,8.0,5.87973546981812,1.20477902889252,-1.33747363090515,5.37872171401978,1.12724137306213,-0.73652803897858,"(5.378722, 1.127241, -0.736528)",truck body CS,12.2164649963379,0.1,5.87973546981812,1.20477902889252,-1.33747363090515,-0.00001581455571,90.4039194014252,0.00000323543732
1767,left road,1767,-1.80499994754791,0.0,8.0,-1.75,0.0,1.04999995231628,-1.80499994754791,0.0,8.0,5.87973546981812,1.20477902889252,-1.33747363090515,5.38201236724854,1.12674808502197,-0.73270553350449,"(5.382012, 1.126748, -0.732706)",truck body CS,12.1529855728149,0.1,5.87973546981812,1.20477902889252,-1.33747363090515,-0.00001581455571,90.4039194014252,0.00000323543732
1768,left road,1768,-1.70499992370605,0.0,8.0,-1.64999997615814,0.0,1.04999995231628,-1.70499992370605,0.0,8.0,5.87973546981812,1.20477902889252,-1.33747363090515,5.38534307479858,1.12624847888947,-0.72883325815201,"(5.385343, 1.126248, -0.728833)",truck body CS,12.0900011062622,0.1,5.87973546981812,1.20477902889252,-1.33747363090515,-0.00001581455571,90.4039194014252,0.00000323543732
1769,left road,1769,-1.6049998998642,0.0,8.0,-1.54999995231628,0.0,1.04999995231628,-1.6049998998642,0.0,8.0,5.87973546981812,1.20477902889252,-1.33747363090515,5.3887186050415,1.12574255466461,-0.72491252422333,"(5.388719, 1.125743, -0.724913)",truck body CS,12.0275173187256,0.1,5.87973546981812,1.20477902889252,-1.33747363090515,-0.00001581455571,90.4039194014252,0.00000323543732
1770,left road,1770,-1.50499999523163,0.0,8.0,-1.45000004768372,0.0,1.04999995231628,-1.50499999523163,0.0,8.0,5.87973546981812,1.20477902889252,-1.33747363090515,5.39213609695435,1.12522983551025,-0.72093844413757,"(5.392136, 1.12523, -0.720938)",truck body CS,11.9655427932739,0.1,5.87973546981812,1.20477902889252,-1.33747363090515,-0.00001581455571,90.4039194014252,0.00000323543732
1771,left road,1771,-1.40499997138977,0.0,8.0,-1.35000002384186,0.0,1.04999995231628,-1.40499997138977,0.0,8.0,5.87973546981812,1.20477902889252,-1.33747363090515,5.39581632614136,1.12474644184113,-0.71719193458557,"(5.395816, 1.124746, -0.717192)",truck body CS,11.9040861129761,0.1,5.87973546981812,1.20477902889252,-1.33747363090515,-0.00001581455571,90.4039194014252,0.00000323543732
1772,left road,1772,-1.30499994754791,0.0,8.0,-1.25,0.0,1.04999995231628,-1.30499994754791,0.0,8.0,5.87973546981812,1.20477902889252,-1.33747363090515,5.40312528610229,1.12485814094543,-0.71805775165558,"(5.403125, 1.124858, -0.718058)",truck body CS,11.8431558609009,0.1,5.87973546981812,1.20477902889252,-1.33747363090515,-0.00001581455571,90.4039194014252,0.00000323543732
1773,left road,1773,-1.20499992370605,0.0,8.0,-1.14999997615814,0.0,1.04999995231628,-1.20499992370605,0.0,8.0,5.87973546981812,1.20477902889252,-1.33747363090515,5.41023397445679,1.12493896484375,-0.7186838388443,"(5.410234, 1.124939, -0.718684)",truck body CS,11.7827577590942,0.1,5.87973546981812,1.20477902889252,-1.33747363090515,-0.00001581455571,90.4039194014252,0.00000323543732
1774,left road,1774,-1.1049998998642,0.0,8.0,-1.04999995231628,0.0,1.04999995231628,-1.1049998998642,0.0,8.0,5.87973546981812,1.20477902889252,-1.33747363090515,5.41661930084229,1.12489724159241,-0.71836090087891,"(5.416619, 1.124897, -0.718361)",truck body CS,11.7229022979736,0.1,5.87973546981812,1.20477902889252,-1.33747363090515,-0.00001581455571,90.4039194014252,0.00000323543732
1775,left road,1775,-1.00499999523163,0.0,8.0,-0.94999998807907,0.0,1.04999995231628,-1.00499999523163,0.0,8.0,5.87973546981812,1.20477902889252,-1.33747363090515,5.42301225662231,1.12485575675964,-0.71803915500641,"(5.423012, 1.124856, -0.718039)",truck body CS,11.6635971069336,0.1,5.87973546981812,1.20477902889252,-1.33747363090515,-0.00001581455571,90.4039194014252,0.00000323543732
1776,left road,1776,-0.90500003099442,0.0,8.0,-0.85000002384186,0.0,1.04999995231628,-0.90500003099442,0.0,8.0,5.87973546981812,1.20477902889252,-1.33747363090515,5.42941236495972,1.12481427192688,-0.7177175283432,"(5.429412, 1.124814, -0.717718)",truck body CS,11.6048498153687,0.1,5.87973546981812,1.20477902889252,-1.33747363090515,-0.00001581455571,90.4039194014252,0.00000323543732
1777,left road,1777,-0.80500000715256,0.0,8.0,-0.75,0.0,1.04999995231628,-0.80500000715256,0.0,8.0,5.87973546981812,1.20477902889252,-1.33747363090515,5.43666887283325,1.1249258518219,-0.71858286857605,"(5.436669, 1.124926, -0.718583)",truck body CS,11.546669960022,0.1,5.87973546981812,1.20477902889252,-1.33747363090515,-0.00001581455571,90.4039194014252,0.00000323543732
1778,left road,1778,-0.7049999833107,0.0,8.0,-0.64999997615814,0.0,1.04999995231628,-0.7049999833107,0.0,8.0,5.87973546981812,1.20477902889252,-1.33747363090515,5.84429883956909,1.19829535484314,-1.28722298145294,"(5.844299, 1.198295, -1.287223)",EyeArea,11.4890670776367,0.1,5.87973546981812,1.20477902889252,-1.33747363090515,-0.00001581455571,90.4039194014252,0.00000323543732
1779,left road,1779,-0.60500001907349,0.0,8.0,-0.55000001192093,0.0,1.04999995231628,-0.60500001907349,0.0,8.0,5.87973546981812,1.20477902889252,-1.33747363090515,5.84483957290649,1.1982958316803,-1.28722679615021,"(5.84484, 1.198296, -1.287227)",EyeArea,11.4320478439331,0.1,5.87973546981812,1.20477902889252,-1.33747363090515,-0.00001581455571,90.4039194014252,0.00000323543732
1780,left road,1780,-0.50499999523163,0.0,8.0,-0.44999998807907,0.0,1.04999995231628,-0.50499999523163,0.0,8.0,5.87973546981812,1.20477902889252,-1.33747363090515,5.8453803062439,1.19829630851746,-1.28723061084747,"(5.84538, 1.198296, -1.287231)",EyeArea,11.37562084198,0.1,5.87973546981812,1.20477902889252,-1.33747363090515,-0.00001581455571,90.4039194014252,0.00000323543732
1781,left road,1781,-0.40500000119209,0.0,8.0,-0.34999999403954,0.0,1.04999995231628,-0.40500000119209,0.0,8.0,5.87973546981812,1.20477902889252,-1.33747363090515,5.8459210395813,1.1982969045639,-1.28723442554474,"(5.845921, 1.198297, -1.287234)",EyeArea,11.3197975158691,0.1,5.87973546981812,1.20477902889252,-1.33747363090515,-0.00001581455571,90.4039194014252,0.00000323543732
1782,left road,1782,-0.30500000715256,0.0,8.0,-0.25,0.0,1.04999995231628,-0.30500000715256,0.0,8.0,5.87973546981812,1.20477902889252,-1.33747363090515,5.8464617729187,1.19829738140106,-1.287238240242,"(5.846462, 1.198297, -1.287238)",EyeArea,11.2645835876465,0.1,5.87973546981812,1.20477902889252,-1.33747363090515,-0.00001581455571,90.4039194014252,0.00000323543732
1783,left road,1783,-0.20500001311302,0.0,8.0,-0.15000000596046,0.0,1.04999995231628,-0.20500001311302,0.0,8.0,5.87973546981812,1.20477902889252,-1.33747363090515,5.8470025062561,1.19829785823822,-1.28724205493927,"(5.847003, 1.198298, -1.287242)",EyeArea,11.2099914550781,0.1,5.87973546981812,1.20477902889252,-1.33747363090515,-0.00001581455571,90.4039194014252,0.00000323543732
1784,left road,1784,-0.10500000417233,0.0,8.0,-0.05000000074506,0.0,1.04999995231628,-0.10500000417233,0.0,8.0,5.87973546981812,1.20477902889252,-1.33747363090515,5.84754276275635,1.19829833507538,-1.28724586963654,"(5.847543, 1.198298, -1.287246)",EyeArea,11.1560287475586,0.1,5.87973546981812,1.20477902889252,-1.33747363090515,-0.00001581455571,90.4039194014252,0.00000323543732
1785,left road,1785,-0.00499999895692,0.0,8.0,0.05000000074506,0.0,1.04999995231628,-0.00499999895692,0.0,8.0,5.87973546981812,1.20477902889252,-1.33747363090515,5.84808301925659,1.19829881191254,-1.2872496843338,"(5.848083, 1.198299, -1.28725)",EyeArea,11.1027030944824,0.1,5.87973546981812,1.20477902889252,-1.33747363090515,-0.00001581455571,90.4039194014252,0.00000323543732
1786,left road,1786,0.09500000625849,0.0,8.0,0.15000000596046,0.0,1.04999995231628,0.09500000625849,0.0,8.0,5.87973546981812,1.20477902889252,-1.33747363090515,5.84862327575684,1.19829928874969,-1.28725337982178,"(5.848623, 1.198299, -1.287253)",EyeArea,11.0500259399414,0.1,5.87973546981812,1.20477902889252,-1.33747363090515,-0.00001581455571,90.4039194014252,0.00000323543732
1787,left road,1787,0.19499999284744,0.0,8.0,0.25,0.0,1.04999995231628,0.19499999284744,0.0,8.0,5.87973546981812,1.20477902889252,-1.33747363090515,5.84916353225708,1.19829976558685,-1.28725719451904,"(5.849164, 1.1983, -1.287257)",EyeArea,10.9980058670044,0.1,5.87973546981812,1.20477902889252,-1.33747363090515,-0.00001581455571,90.4039194014252,0.00000323543732
1788,left road,1788,0.29499998688698,0.0,8.0,0.34999999403954,0.0,1.04999995231628,0.29499998688698,0.0,8.0,5.87973546981812,1.20477902889252,-1.33747363090515,5.84970378875732,1.1983003616333,-1.28726100921631,"(5.849704, 1.1983, -1.287261)",EyeArea,10.9466514587402,0.1,5.87973546981812,1.20477902889252,-1.33747363090515,-0.00001581455571,90.4039194014252,0.00000323543732
1789,left road,1789,0.39499998092651,0.0,8.0,0.44999998807907,0.0,1.04999995231628,0.39499998092651,0.0,8.0,5.87973546981812,1.20477902889252,-1.33747363090515,5.85024309158325,1.19830083847046,-1.28726482391357,"(5.850243, 1.198301, -1.287265)",EyeArea,10.8959732055664,0.1,5.87973546981812,1.20477902889252,-1.33747363090515,-0.00001581455571,90.4039194014252,0.00000323543732
1790,left road,1790,0.49500000476837,0.0,8.0,0.55000001192093,0.0,1.04999995231628,0.49500000476837,0.0,8.0,5.87973546981812,1.20477902889252,-1.33747363090515,5.8507833480835,1.19830131530762,-1.28726863861084,"(5.850783, 1.198301, -1.287269)",EyeArea,10.8459796905518,0.1,5.87973546981812,1.20477902889252,-1.33747363090515,-0.00001581455571,90.4039194014252,0.00000323543732
1791,left road,1791,0.59499996900558,0.0,8.0,0.64999997615814,0.0,1.04999995231628,0.59499996900558,0.0,8.0,5.87973546981812,1.20477902889252,-1.33747363090515,5.85132265090942,1.19830179214478,-1.28727245330811,"(5.851323, 1.198302, -1.287272)",EyeArea,10.7966814041138,0.1,5.87973546981812,1.20477902889252,-1.33747363090515,-0.00001581455571,90.4039194014252,0.00000323543732
1792,left road,1792,0.69499999284744,0.0,8.0,0.75,0.0,1.04999995231628,0.69499999284744,0.0,8.0,5.87973546981812,1.20477902889252,-1.33747363090515,5.85186243057251,1.19830226898193,-1.28727626800537,"(5.851862, 1.198302, -1.287276)",EyeArea,10.7480878829956,0.1,5.87973546981812,1.20477902889252,-1.33747363090515,-0.00001581455571,90.4039194014252,0.00000323543732
1793,left road,1793,0.7950000166893,0.0,8.0,0.85000002384186,0.0,1.04999995231628,0.7950000166893,0.0,8.0,5.87973546981812,1.20477902889252,-1.33747363090515,5.8524022102356,1.19830274581909,-1.28728008270264,"(5.852402, 1.198303, -1.28728)",EyeArea,10.7002077102661,0.1,5.87973546981812,1.20477902889252,-1.33747363090515,-0.00001581455571,90.4039194014252,0.00000323543732
1794,left road,1794,0.89499998092651,0.0,8.0,0.94999998807907,0.0,1.04999995231628,0.89499998092651,0.0,8.0,5.87973546981812,1.20477902889252,-1.33747363090515,5.85294198989868,1.19830322265625,-1.2872838973999,"(5.852942, 1.198303, -1.287284)",EyeArea,10.6530513763428,0.1,5.87973546981812,1.20477902889252,-1.33747363090515,-0.00001581455571,90.4039194014252,0.00000323543732
1795,left road,1795,0.99499994516373,0.0,8.0,1.04999995231628,0.0,1.04999995231628,0.99499994516373,0.0,8.0,5.87973546981812,1.20477902889252,-1.33747363090515,5.85348129272461,1.19830369949341,-1.28728771209717,"(5.853481, 1.198304, -1.287288)",EyeArea,10.6066274642944,0.1,5.87973546981812,1.20477902889252,-1.33747363090515,-0.00001581455571,90.4039194014252,0.00000323543732
1796,left road,1796,1.09500002861023,0.0,8.0,1.14999997615814,0.0,1.04999995231628,1.09500002861023,0.0,8.0,5.87973546981812,1.20477902889252,-1.33747363090515,5.85402154922485,1.19830429553986,-1.28729152679443,"(5.854022, 1.198304, -1.287292)",EyeArea,10.5609464645386,0.1,5.87973546981812,1.20477902889252,-1.33747363090515,-0.00001581455571,90.4039194014252,0.00000323543732
1797,left road,1797,1.19500005245209,0.0,8.0,1.25,0.0,1.04999995231628,1.19500005245209,0.0,8.0,5.87973546981812,1.20477902889252,-1.33747363090515,5.85455989837646,1.19830465316772,-1.2872953414917,"(5.85456, 1.198305, -1.287295)",EyeArea,10.5160188674927,0.1,5.87973546981812,1.20477902889252,-1.33747363090515,-0.00001581455571,90.4039194014252,0.00000323543732
1798,left road,1798,1.29500007629395,0.0,8.0,1.35000002384186,0.0,1.04999995231628,1.29500007629395,0.0,8.0,5.87973546981812,1.20477902889252,-1.33747363090515,5.85509920120239,1.19830513000488,-1.28729903697968,"(5.855099, 1.198305, -1.287299)",EyeArea,10.4718532562256,0.1,5.87973546981812,1.20477902889252,-1.33747363090515,-0.00001581455571,90.4039194014252,0.00000323543732
1799,left road,1799,1.3950001001358,0.0,8.0,1.45000004768372,0.0,1.04999995231628,1.3950001001358,0.0,8.0,5.87973546981812,1.20477902889252,-1.33747363090515,5.85563850402832,1.19830572605133,-1.28730285167694,"(5.855639, 1.198306, -1.287303)",EyeArea,10.4284591674805,0.1,5.87973546981812,1.20477902889252,-1.33747363090515,-0.00001581455571,90.4039194014252,0.00000323543732
1800,left road,1800,1.49500000476837,0.0,8.0,1.54999995231628,0.0,1.04999995231628,1.49500000476837,0.0,8.0,5.87973546981812,1.20477902889252,-1.33747363090515,5.85617780685425,1.19830620288849,-1.28730666637421,"(5.856178, 1.198306, -1.287307)",EyeArea,10.3858470916748,0.1,5.87973546981812,1.20477902889252,-1.33747363090515,-0.00001581455571,90.4039194014252,0.00000323543732
1801,left road,1801,1.59500002861023,0.0,8.0,1.64999997615814,0.0,1.04999995231628,1.59500002861023,0.0,8.0,5.87973546981812,1.20477902889252,-1.33747363090515,5.85671758651733,1.19830667972565,-1.28731048107147,"(5.856718, 1.198307, -1.28731)",EyeArea,10.3440256118774,0.1,5.87973546981812,1.20477902889252,-1.33747363090515,-0.00001581455571,90.4039194014252,0.00000323543732
1802,left road,1802,1.69500005245209,0.0,8.0,1.75,0.0,1.04999995231628,1.69500005245209,0.0,8.0,5.87973546981812,1.20477902889252,-1.33747363090515,5.85725593566895,1.19830715656281,-1.28731429576874,"(5.857256, 1.198307, -1.287314)",EyeArea,10.3030052185059,0.1,5.87973546981812,1.20477902889252,-1.33747363090515,-0.00001581455571,90.4039194014252,0.00000323543732
1803,left road,1803,1.79500007629395,0.0,8.0,1.85000002384186,0.0,1.04999995231628,1.79500007629395,0.0,8.0,5.87973546981812,1.20477902889252,-1.33747363090515,5.85779476165771,1.19830763339996,-1.287318110466,"(5.857795, 1.198308, -1.287318)",EyeArea,10.2627954483032,0.1,5.87973546981812,1.20477902889252,-1.33747363090515,-0.00001581455571,90.4039194014252,0.00000323543732
1804,left road,1804,1.8950001001358,0.0,8.0,1.95000004768372,0.0,1.04999995231628,1.8950001001358,0.0,8.0,5.87973546981812,1.20477902889252,-1.33747363090515,5.85833358764648,1.19830811023712,-1.28732192516327,"(5.858334, 1.198308, -1.287322)",EyeArea,10.2234058380127,0.1,5.87973546981812,1.20477902889252,-1.33747363090515,-0.00001581455571,90.4039194014252,0.00000323543732
1805,left road,1805,1.99500000476837,0.0,8.0,2.04999995231628,0.0,1.04999995231628,1.99500000476837,0.0,8.0,5.87973546981812,1.20477902889252,-1.33747363090515,5.8588719367981,1.19830858707428,-1.28732573986053,"(5.858872, 1.198309, -1.287326)",EyeArea,10.1848459243774,0.1,5.87973546981812,1.20477902889252,-1.33747363090515,-0.00001581455571,90.4039194014252,0.00000323543732
1806,left road,1806,2.09500002861023,0.0,8.0,2.15000009536743,0.0,1.04999995231628,2.09500002861023,0.0,8.0,5.87973546981812,1.20477902889252,-1.33747363090515,5.85941076278687,1.19830918312073,-1.28732943534851,"(5.859411, 1.198309, -1.287329)",EyeArea,10.1471242904663,0.1,5.87973546981812,1.20477902889252,-1.33747363090515,-0.00001581455571,90.4039194014252,0.00000323543732
1807,left road,1807,2.1949999332428,0.0,8.0,2.25,0.0,1.04999995231628,2.1949999332428,0.0,8.0,5.87973546981812,1.20477902889252,-1.33747363090515,5.85994911193848,1.19830965995789,-1.28733325004578,"(5.859949, 1.19831, -1.287333)",EyeArea,10.1102514266968,0.1,5.87973546981812,1.20477902889252,-1.33747363090515,-0.00001581455571,90.4039194014252,0.00000323543732
1808,left road,1808,2.29499983787537,0.0,8.0,2.34999990463257,0.0,1.04999995231628,2.29499983787537,0.0,8.0,5.87973546981812,1.20477902889252,-1.33747363090515,5.86048793792725,1.19831013679504,-1.28733706474304,"(5.860488, 1.19831, -1.287337)",EyeArea,10.0742359161377,0.1,5.87973546981812,1.20477902889252,-1.33747363090515,-0.00001581455571,90.4039194014252,0.00000323543732
1809,left road,1809,2.39499998092651,0.0,8.0,2.45000004768372,0.0,1.04999995231628,2.39499998092651,0.0,8.0,5.87973546981812,1.20477902889252,-1.33747363090515,5.8610258102417,1.1983106136322,-1.28734087944031,"(5.861026, 1.198311, -1.287341)",EyeArea,10.0390882492065,0.1,5.87973546981812,1.20477902889252,-1.33747363090515,-0.00001581455571,90.4039194014252,0.00000323543732
1810,left road,1810,2.49499988555908,0.0,8.0,2.54999995231628,0.0,1.04999995231628,2.49499988555908,0.0,8.0,5.87973546981812,1.20477902889252,-1.33747363090515,5.86156415939331,1.19831109046936,-1.28734469413757,"(5.861564, 1.198311, -1.287345)",EyeArea,10.0048160552979,0.1,5.87973546981812,1.20477902889252,-1.33747363090515,-0.00001581455571,90.4039194014252,0.00000323543732
1811,left road,1811,2.59500002861023,0.0,8.0,2.65000009536743,0.0,1.04999995231628,2.59500002861023,0.0,8.0,5.87973546981812,1.20477902889252,-1.33747363090515,5.86210250854492,1.19831156730652,-1.28734850883484,"(5.862103, 1.198312, -1.287349)",EyeArea,9.97142887115479,0.1,5.87973546981812,1.20477902889252,-1.33747363090515,-0.00001581455571,90.4039194014252,0.00000323543732
1812,left road,1812,2.6949999332428,0.0,8.0,2.75,0.0,1.04999995231628,2.6949999332428,0.0,8.0,5.87973546981812,1.20477902889252,-1.33747363090515,5.86264085769653,1.19831204414368,-1.28735220432281,"(5.862641, 1.198312, -1.287352)",EyeArea,9.93893623352051,0.1,5.87973546981812,1.20477902889252,-1.33747363090515,-0.00001581455571,90.4039194014252,0.00000323543732
1813,left road,1813,2.79499983787537,0.0,8.0,2.84999990463257,0.0,1.04999995231628,2.79499983787537,0.0,8.0,5.87973546981812,1.20477902889252,-1.33747363090515,5.86317873001099,1.19831252098084,-1.28735601902008,"(5.863179, 1.198313, -1.287356)",EyeArea,9.90734577178955,0.1,5.87973546981812,1.20477902889252,-1.33747363090515,-0.00001581455571,90.4039194014252,0.00000323543732
1814,left road,1814,2.89499998092651,0.0,8.0,2.95000004768372,0.0,1.04999995231628,2.89499998092651,0.0,8.0,5.87973546981812,1.20477902889252,-1.33747363090515,5.86371612548828,1.19831299781799,-1.28735983371735,"(5.863716, 1.198313, -1.28736)",EyeArea,9.87666702270508,0.1,5.87973546981812,1.20477902889252,-1.33747363090515,-0.00001581455571,90.4039194014252,0.00000323543732
1815,left road,1815,2.99499988555908,0.0,8.0,3.04999995231628,0.0,1.04999995231628,2.99499988555908,0.0,8.0,5.87973546981812,1.20477902889252,-1.33747363090515,5.86425447463989,1.19831347465515,-1.28736364841461,"(5.864254, 1.198313, -1.287364)",EyeArea,9.84690856933594,0.1,5.87973546981812,1.20477902889252,-1.33747363090515,-0.00001581455571,90.4039194014252,0.00000323543732
1816,left road,1816,3.09500002861023,0.0,8.0,3.15000009536743,0.0,1.04999995231628,3.09500002861023,0.0,8.0,5.87973546981812,1.20477902889252,-1.33747363090515,5.86479234695435,1.1983140707016,-1.28736746311188,"(5.864792, 1.198314, -1.287367)",EyeArea,9.81807804107666,0.1,5.87973546981812,1.20477902889252,-1.33747363090515,-0.00001581455571,90.4039194014252,0.00000323543732
1817,left road,1817,3.1949999332428,0.0,8.0,3.25,0.0,1.04999995231628,3.1949999332428,0.0,8.0,5.87973546981812,1.20477902889252,-1.33747363090515,5.86532974243164,1.19831454753876,-1.28737115859985,"(5.86533, 1.198315, -1.287371)",EyeArea,9.79018402099609,0.1,5.87973546981812,1.20477902889252,-1.33747363090515,-0.00001581455571,90.4039194014252,0.00000323543732
1818,left road,1818,3.29499983787537,0.0,8.0,3.34999990463257,0.0,1.04999995231628,3.29499983787537,0.0,8.0,5.87973546981812,1.20477902889252,-1.33747363090515,5.86586761474609,1.19831502437592,-1.28737497329712,"(5.865868, 1.198315, -1.287375)",EyeArea,9.7632360458374,0.1,5.87973546981812,1.20477902889252,-1.33747363090515,-0.00001581455571,90.4039194014252,0.00000323543732
1819,left road,1819,3.39499998092651,0.0,8.0,3.45000004768372,0.0,1.04999995231628,3.39499998092651,0.0,8.0,5.87973546981812,1.20477902889252,-1.33747363090515,5.86640501022339,1.19831550121307,-1.28737878799438,"(5.866405, 1.198316, -1.287379)",EyeArea,9.73723888397217,0.1,5.87973546981812,1.20477902889252,-1.33747363090515,-0.00001581455571,90.4039194014252,0.00000323543732
1820,left road,1820,-3.50500011444092,0.0,8.09999942779541,-3.45000004768372,0.0,1.14999997615814,-3.50500011444092,0.0,8.09999942779541,5.87973546981812,1.20477902889252,-1.33747363090515,5.34308576583862,1.13588583469391,-0.79780811071396,"(5.343086, 1.135886, -0.797808)",truck body CS,13.3637809753418,0.1,5.87973546981812,1.20477902889252,-1.33747363090515,-0.00001581455571,90.4039194014252,0.00000323543732
1821,left road,1821,-3.40499997138977,0.0,8.09999942779541,-3.34999990463257,0.0,1.14999997615814,-3.40499997138977,0.0,8.09999942779541,5.87973546981812,1.20477902889252,-1.33747363090515,5.34383153915405,1.13524055480957,-0.7927537560463,"(5.343832, 1.135241, -0.792754)",truck body CS,13.2937469482422,0.1,5.87973546981812,1.20477902889252,-1.33747363090515,-0.00001581455571,90.4039194014252,0.00000323543732
1822,left road,1822,-3.3050000667572,0.0,8.09999942779541,-3.25,0.0,1.14999997615814,-3.3050000667572,0.0,8.09999942779541,5.87973546981812,1.20477902889252,-1.33747363090515,5.34580135345459,1.13474190235138,-0.7888475060463,"(5.345801, 1.134742, -0.788848)",truck body CS,13.2240972518921,0.1,5.87973546981812,1.20477902889252,-1.33747363090515,-0.00001581455571,90.4039194014252,0.00000323543732
1823,left road,1823,-3.20500016212463,0.0,8.09999942779541,-3.15000009536743,0.0,1.14999997615814,-3.20500016212463,0.0,8.09999942779541,5.87973546981812,1.20477902889252,-1.33747363090515,5.34780120849609,1.13423609733582,-0.7848853468895,"(5.347801, 1.134236, -0.784885)",truck body CS,13.1548404693604,0.1,5.87973546981812,1.20477902889252,-1.33747363090515,-0.00001581455571,90.4039194014252,0.00000323543732
1824,left road,1824,-3.10500001907349,0.0,8.09999942779541,-3.04999995231628,0.0,1.14999997615814,-3.10500001907349,0.0,8.09999942779541,5.87973546981812,1.20477902889252,-1.33747363090515,5.34983205795288,1.13372325897217,-0.7808678150177,"(5.349832, 1.133723, -0.780868)",truck body CS,13.0859794616699,0.1,5.87973546981812,1.20477902889252,-1.33747363090515,-0.00001581455571,90.4039194014252,0.00000323543732
1825,left road,1825,-3.00500011444092,0.0,8.09999942779541,-2.95000004768372,0.0,1.14999997615814,-3.00500011444092,0.0,8.09999942779541,5.87973546981812,1.20477902889252,-1.33747363090515,5.35188961029053,1.13320255279541,-0.77678948640823,"(5.35189, 1.133203, -0.776789)",truck body CS,13.0175228118896,0.1,5.87973546981812,1.20477902889252,-1.33747363090515,-0.00001581455571,90.4039194014252,0.00000323543732
1826,left road,1826,-2.90499997138977,0.0,8.09999942779541,-2.84999990463257,0.0,1.14999997615814,-2.90499997138977,0.0,8.09999942779541,5.87973546981812,1.20477902889252,-1.33747363090515,5.35398006439209,1.1326744556427,-0.77265220880508,"(5.35398, 1.132674, -0.772652)",truck body CS,12.9494771957397,0.1,5.87973546981812,1.20477902889252,-1.33747363090515,-0.00001581455571,90.4039194014252,0.00000323543732
1827,left road,1827,-2.8050000667572,0.0,8.09999942779541,-2.75,0.0,1.14999997615814,-2.8050000667572,0.0,8.09999942779541,5.87973546981812,1.20477902889252,-1.33747363090515,5.35609912872314,1.1321382522583,-0.76845222711563,"(5.356099, 1.132138, -0.768452)",truck body CS,12.8818483352661,0.1,5.87973546981812,1.20477902889252,-1.33747363090515,-0.00001581455571,90.4039194014252,0.00000323543732
1828,left road,1828,-2.70500016212463,0.0,8.09999942779541,-2.65000009536743,0.0,1.14999997615814,-2.70500016212463,0.0,8.09999942779541,5.87973546981812,1.20477902889252,-1.33747363090515,5.35825109481812,1.1315940618515,-0.76418900489807,"(5.358251, 1.131594, -0.764189)",truck body CS,12.8146438598633,0.1,5.87973546981812,1.20477902889252,-1.33747363090515,-0.00001581455571,90.4039194014252,0.00000323543732
1829,left road,1829,-2.60500001907349,0.0,8.09999942779541,-2.54999995231628,0.0,1.14999997615814,-2.60500001907349,0.0,8.09999942779541,5.87973546981812,1.20477902889252,-1.33747363090515,5.36043691635132,1.13104176521301,-0.75986313819885,"(5.360437, 1.131042, -0.759863)",truck body CS,12.7478675842285,0.1,5.87973546981812,1.20477902889252,-1.33747363090515,-0.00001581455571,90.4039194014252,0.00000323543732
1830,left road,1830,-2.50500011444092,0.0,8.09999942779541,-2.45000004768372,0.0,1.14999997615814,-2.50500011444092,0.0,8.09999942779541,5.87973546981812,1.20477902889252,-1.33747363090515,5.36306285858154,1.130539894104,-0.75593101978302,"(5.363063, 1.13054, -0.755931)",truck body CS,12.681529045105,0.1,5.87973546981812,1.20477902889252,-1.33747363090515,-0.00001581455571,90.4039194014252,0.00000323543732
1831,left road,1831,-2.40499997138977,0.0,8.09999942779541,-2.34999990463257,0.0,1.14999997615814,-2.40499997138977,0.0,8.09999942779541,5.87973546981812,1.20477902889252,-1.33747363090515,5.36611747741699,1.13008785247803,-0.7523900270462,"(5.366117, 1.130088, -0.75239)",truck body CS,12.6156349182129,0.1,5.87973546981812,1.20477902889252,-1.33747363090515,-0.00001581455571,90.4039194014252,0.00000323543732
1832,left road,1832,-2.3050000667572,0.0,8.09999942779541,-2.25,0.0,1.14999997615814,-2.3050000667572,0.0,8.09999942779541,5.87973546981812,1.20477902889252,-1.33747363090515,5.36920833587646,1.12963032722473,-0.7488060593605,"(5.369208, 1.12963, -0.748806)",truck body CS,12.5501909255981,0.1,5.87973546981812,1.20477902889252,-1.33747363090515,-0.00001581455571,90.4039194014252,0.00000323543732
1833,left road,1833,-2.20500016212463,0.0,8.09999942779541,-2.15000009536743,0.0,1.14999997615814,-2.20500016212463,0.0,8.09999942779541,5.87973546981812,1.20477902889252,-1.33747363090515,5.37233781814575,1.12916707992554,-0.74517774581909,"(5.372338, 1.129167, -0.745178)",truck body CS,12.4852046966553,0.1,5.87973546981812,1.20477902889252,-1.33747363090515,-0.00001581455571,90.4039194014252,0.00000323543732
1834,left road,1834,-2.10500001907349,0.0,8.09999942779541,-2.04999995231628,0.0,1.14999997615814,-2.10500001907349,0.0,8.09999942779541,5.87973546981812,1.20477902889252,-1.33747363090515,5.37550449371338,1.12869799137115,-0.74150329828262,"(5.375504, 1.128698, -0.741503)",truck body CS,12.4206848144531,0.1,5.87973546981812,1.20477902889252,-1.33747363090515,-0.00001581455571,90.4039194014252,0.00000323543732
1835,left road,1835,-2.00500011444092,0.0,8.09999942779541,-1.95000004768372,0.0,1.14999997615814,-2.00500011444092,0.0,8.09999942779541,5.87973546981812,1.20477902889252,-1.33747363090515,5.37871122360229,1.12822306156158,-0.7377827167511,"(5.378711, 1.128223, -0.737783)",truck body CS,12.3566360473633,0.1,5.87973546981812,1.20477902889252,-1.33747363090515,-0.00001581455571,90.4039194014252,0.00000323543732
1836,left road,1836,-1.90499997138977,0.0,8.09999942779541,-1.85000002384186,0.0,1.14999997615814,-1.90499997138977,0.0,8.09999942779541,5.87973546981812,1.20477902889252,-1.33747363090515,5.38195896148682,1.12774229049683,-0.73401671648026,"(5.381959, 1.127742, -0.734017)",truck body CS,12.2930669784546,0.1,5.87973546981812,1.20477902889252,-1.33747363090515,-0.00001581455571,90.4039194014252,0.00000323543732
1837,left road,1837,-1.80499994754791,0.0,8.09999942779541,-1.75,0.0,1.14999997615814,-1.80499994754791,0.0,8.09999942779541,5.87973546981812,1.20477902889252,-1.33747363090515,5.38524627685547,1.12725520133972,-0.73020094633102,"(5.385246, 1.127255, -0.730201)",truck body CS,12.2299861907959,0.1,5.87973546981812,1.20477902889252,-1.33747363090515,-0.00001581455571,90.4039194014252,0.00000323543732
1838,left road,1838,-1.70499992370605,0.0,8.09999942779541,-1.64999997615814,0.0,1.14999997615814,-1.70499992370605,0.0,8.09999942779541,5.87973546981812,1.20477902889252,-1.33747363090515,5.38857746124268,1.12676215171814,-0.72633850574493,"(5.388577, 1.126762, -0.726339)",truck body CS,12.1673994064331,0.1,5.87973546981812,1.20477902889252,-1.33747363090515,-0.00001581455571,90.4039194014252,0.00000323543732
1839,left road,1839,-1.6049998998642,0.0,8.09999942779541,-1.54999995231628,0.0,1.14999997615814,-1.6049998998642,0.0,8.09999942779541,5.87973546981812,1.20477902889252,-1.33747363090515,5.3919506072998,1.12626278400421,-0.72242748737335,"(5.391951, 1.126263, -0.722427)",truck body CS,12.1053152084351,0.1,5.87973546981812,1.20477902889252,-1.33747363090515,-0.00001581455571,90.4039194014252,0.00000323543732
1840,left road,1840,-1.50499999523163,0.0,8.09999942779541,-1.45000004768372,0.0,1.14999997615814,-1.50499999523163,0.0,8.09999942779541,5.87973546981812,1.20477902889252,-1.33747363090515,5.39536762237549,1.12575697898865,-0.71846556663513,"(5.395368, 1.125757, -0.718466)",truck body CS,12.0437412261963,0.1,5.87973546981812,1.20477902889252,-1.33747363090515,-0.00001581455571,90.4039194014252,0.00000323543732
1841,left road,1841,-1.40499997138977,0.0,8.09999942779541,-1.35000002384186,0.0,1.14999997615814,-1.40499997138977,0.0,8.09999942779541,5.87973546981812,1.20477902889252,-1.33747363090515,5.40256452560425,1.1258624792099,-0.71929144859314,"(5.402565, 1.125862, -0.719291)",truck body CS,11.98268699646,0.1,5.87973546981812,1.20477902889252,-1.33747363090515,-0.00001581455571,90.4039194014252,0.00000323543732
1842,left road,1842,-1.30499994754791,0.0,8.09999942779541,-1.25,0.0,1.14999997615814,-1.30499994754791,0.0,8.09999942779541,5.87973546981812,1.20477902889252,-1.33747363090515,5.40943813323975,1.12591671943665,-0.71971654891968,"(5.409438, 1.125917, -0.719717)",truck body CS,11.9221563339233,0.1,5.87973546981812,1.20477902889252,-1.33747363090515,-0.00001581455571,90.4039194014252,0.00000323543732
1843,left road,1843,-1.20499992370605,0.0,8.09999942779541,-1.14999997615814,0.0,1.14999997615814,-1.20499992370605,0.0,8.09999942779541,5.87973546981812,1.20477902889252,-1.33747363090515,5.41574382781982,1.12587594985962,-0.71939659118652,"(5.415744, 1.125876, -0.719397)",truck body CS,11.8621616363525,0.1,5.87973546981812,1.20477902889252,-1.33747363090515,-0.00001581455571,90.4039194014252,0.00000323543732
1844,left road,1844,-1.1049998998642,0.0,8.09999942779541,-1.04999995231628,0.0,1.14999997615814,-1.1049998998642,0.0,8.09999942779541,5.87973546981812,1.20477902889252,-1.33747363090515,5.42205810546875,1.12583529949188,-0.71907913684845,"(5.422058, 1.125835, -0.719079)",truck body CS,11.8027086257935,0.1,5.87973546981812,1.20477902889252,-1.33747363090515,-0.00001581455571,90.4039194014252,0.00000323543732
1845,left road,1845,-1.00499999523163,0.0,8.09999942779541,-0.94999998807907,0.0,1.14999997615814,-1.00499999523163,0.0,8.09999942779541,5.87973546981812,1.20477902889252,-1.33747363090515,5.42837572097778,1.12579441070557,-0.71875751018524,"(5.428376, 1.125794, -0.718758)",truck body CS,11.7438058853149,0.1,5.87973546981812,1.20477902889252,-1.33747363090515,-0.00001581455571,90.4039194014252,0.00000323543732
1846,left road,1846,-0.90500003099442,0.0,8.09999942779541,-0.85000002384186,0.0,1.14999997615814,-0.90500003099442,0.0,8.09999942779541,5.87973546981812,1.20477902889252,-1.33747363090515,5.84360599517822,1.19836354255676,-1.28721809387207,"(5.843606, 1.198364, -1.287218)",EyeArea,11.6854629516602,0.1,5.87973546981812,1.20477902889252,-1.33747363090515,-0.00001581455571,90.4039194014252,0.00000323543732
1847,left road,1847,-0.80500000715256,0.0,8.09999942779541,-0.75,0.0,1.14999997615814,-0.80500000715256,0.0,8.09999942779541,5.87973546981812,1.20477902889252,-1.33747363090515,5.84414100646973,1.19836390018463,-1.28722178936005,"(5.844141, 1.198364, -1.287222)",EyeArea,11.627685546875,0.1,5.87973546981812,1.20477902889252,-1.33747363090515,-0.00001581455571,90.4039194014252,0.00000323543732
1848,left road,1848,-0.7049999833107,0.0,8.09999942779541,-0.64999997615814,0.0,1.14999997615814,-0.7049999833107,0.0,8.09999942779541,5.87973546981812,1.20477902889252,-1.33747363090515,5.84467649459839,1.19836437702179,-1.28722560405731,"(5.844676, 1.198364, -1.287226)",EyeArea,11.5704851150513,0.1,5.87973546981812,1.20477902889252,-1.33747363090515,-0.00001581455571,90.4039194014252,0.00000323543732
1849,left road,1849,-0.60500001907349,0.0,8.09999942779541,-0.55000001192093,0.0,1.14999997615814,-0.60500001907349,0.0,8.09999942779541,5.87973546981812,1.20477902889252,-1.33747363090515,5.84521150588989,1.19836497306824,-1.28722941875458,"(5.845212, 1.198365, -1.287229)",EyeArea,11.5138692855835,0.1,5.87973546981812,1.20477902889252,-1.33747363090515,-0.00001581455571,90.4039194014252,0.00000323543732
1850,left road,1850,-0.50499999523163,0.0,8.09999942779541,-0.44999998807907,0.0,1.14999997615814,-0.50499999523163,0.0,8.09999942779541,5.87973546981812,1.20477902889252,-1.33747363090515,5.84574604034424,1.19836533069611,-1.28723311424255,"(5.845746, 1.198365, -1.287233)",EyeArea,11.4578466415405,0.1,5.87973546981812,1.20477902889252,-1.33747363090515,-0.00001581455571,90.4039194014252,0.00000323543732
1851,left road,1851,-0.40500000119209,0.0,8.09999942779541,-0.34999999403954,0.0,1.14999997615814,-0.40500000119209,0.0,8.09999942779541,5.87973546981812,1.20477902889252,-1.33747363090515,5.84628105163574,1.19836592674255,-1.28723692893982,"(5.846281, 1.198366, -1.287237)",EyeArea,11.4024248123169,0.1,5.87973546981812,1.20477902889252,-1.33747363090515,-0.00001581455571,90.4039194014252,0.00000323543732
1852,left road,1852,-0.30500000715256,0.0,8.09999942779541,-0.25,0.0,1.14999997615814,-0.30500000715256,0.0,8.09999942779541,5.87973546981812,1.20477902889252,-1.33747363090515,5.84681606292725,1.19836640357971,-1.28724074363709,"(5.846816, 1.198366, -1.287241)",EyeArea,11.3476142883301,0.1,5.87973546981812,1.20477902889252,-1.33747363090515,-0.00001581455571,90.4039194014252,0.00000323543732
1853,left road,1853,-0.20500001311302,0.0,8.09999942779541,-0.15000000596046,0.0,1.14999997615814,-0.20500001311302,0.0,8.09999942779541,5.87973546981812,1.20477902889252,-1.33747363090515,5.84735059738159,1.19836676120758,-1.28724443912506,"(5.847351, 1.198367, -1.287244)",EyeArea,11.2934226989746,0.1,5.87973546981812,1.20477902889252,-1.33747363090515,-0.00001581455571,90.4039194014252,0.00000323543732
1854,left road,1854,-0.10500000417233,0.0,8.09999942779541,-0.05000000074506,0.0,1.14999997615814,-0.10500000417233,0.0,8.09999942779541,5.87973546981812,1.20477902889252,-1.33747363090515,5.84788513183594,1.19836735725403,-1.28724825382233,"(5.847885, 1.198367, -1.287248)",EyeArea,11.239860534668,0.1,5.87973546981812,1.20477902889252,-1.33747363090515,-0.00001581455571,90.4039194014252,0.00000323543732
1855,left road,1855,-0.00499999895692,0.0,8.09999942779541,0.05000000074506,0.0,1.14999997615814,-0.00499999895692,0.0,8.09999942779541,5.87973546981812,1.20477902889252,-1.33747363090515,5.84842014312744,1.19836783409119,-1.2872519493103,"(5.84842, 1.198368, -1.287252)",EyeArea,11.1869344711304,0.1,5.87973546981812,1.20477902889252,-1.33747363090515,-0.00001581455571,90.4039194014252,0.00000323543732
1856,left road,1856,0.09500000625849,0.0,8.09999942779541,0.15000000596046,0.0,1.14999997615814,0.09500000625849,0.0,8.09999942779541,5.87973546981812,1.20477902889252,-1.33747363090515,5.84895467758179,1.19836831092834,-1.28725576400757,"(5.848955, 1.198368, -1.287256)",EyeArea,11.1346559524536,0.1,5.87973546981812,1.20477902889252,-1.33747363090515,-0.00001581455571,90.4039194014252,0.00000323543732
1857,left road,1857,0.19499999284744,0.0,8.09999942779541,0.25,0.0,1.14999997615814,0.19499999284744,0.0,8.09999942779541,5.87973546981812,1.20477902889252,-1.33747363090515,5.84948873519897,1.1983687877655,-1.28725957870483,"(5.849489, 1.198369, -1.28726)",EyeArea,11.0830326080322,0.1,5.87973546981812,1.20477902889252,-1.33747363090515,-0.00001581455571,90.4039194014252,0.00000323543732
1858,left road,1858,0.29499998688698,0.0,8.09999942779541,0.34999999403954,0.0,1.14999997615814,0.29499998688698,0.0,8.09999942779541,5.87973546981812,1.20477902889252,-1.33747363090515,5.85002326965332,1.19836926460266,-1.28726327419281,"(5.850023, 1.198369, -1.287263)",EyeArea,11.0320739746094,0.1,5.87973546981812,1.20477902889252,-1.33747363090515,-0.00001581455571,90.4039194014252,0.00000323543732
1859,left road,1859,0.39499998092651,0.0,8.09999942779541,0.44999998807907,0.0,1.14999997615814,0.39499998092651,0.0,8.09999942779541,5.87973546981812,1.20477902889252,-1.33747363090515,5.85055685043335,1.19836974143982,-1.28726708889008,"(5.850557, 1.19837, -1.287267)",EyeArea,10.9817905426025,0.1,5.87973546981812,1.20477902889252,-1.33747363090515,-0.00001581455571,90.4039194014252,0.00000323543732
1860,left road,1860,0.49500000476837,0.0,8.09999942779541,0.55000001192093,0.0,1.14999997615814,0.49500000476837,0.0,8.09999942779541,5.87973546981812,1.20477902889252,-1.33747363090515,5.85109090805054,1.19837021827698,-1.28727078437805,"(5.851091, 1.19837, -1.287271)",EyeArea,10.9321899414063,0.1,5.87973546981812,1.20477902889252,-1.33747363090515,-0.00001581455571,90.4039194014252,0.00000323543732
1861,left road,1861,0.59499996900558,0.0,8.09999942779541,0.64999997615814,0.0,1.14999997615814,0.59499996900558,0.0,8.09999942779541,5.87973546981812,1.20477902889252,-1.33747363090515,5.85162496566772,1.19837069511414,-1.28727459907532,"(5.851625, 1.198371, -1.287275)",EyeArea,10.8832817077637,0.1,5.87973546981812,1.20477902889252,-1.33747363090515,-0.00001581455571,90.4039194014252,0.00000323543732
1862,left road,1862,0.69499999284744,0.0,8.09999942779541,0.75,0.0,1.14999997615814,0.69499999284744,0.0,8.09999942779541,5.87973546981812,1.20477902889252,-1.33747363090515,5.85215902328491,1.19837117195129,-1.28727841377258,"(5.852159, 1.198371, -1.287278)",EyeArea,10.8350763320923,0.1,5.87973546981812,1.20477902889252,-1.33747363090515,-0.00001581455571,90.4039194014252,0.00000323543732
1863,left road,1863,0.7950000166893,0.0,8.09999942779541,0.85000002384186,0.0,1.14999997615814,0.7950000166893,0.0,8.09999942779541,5.87973546981812,1.20477902889252,-1.33747363090515,5.8526930809021,1.19837164878845,-1.28728210926056,"(5.852693, 1.198372, -1.287282)",EyeArea,10.7875823974609,0.1,5.87973546981812,1.20477902889252,-1.33747363090515,-0.00001581455571,90.4039194014252,0.00000323543732
1864,left road,1864,0.89499998092651,0.0,8.09999942779541,0.94999998807907,0.0,1.14999997615814,0.89499998092651,0.0,8.09999942779541,5.87973546981812,1.20477902889252,-1.33747363090515,5.85322666168213,1.19837212562561,-1.28728592395782,"(5.853227, 1.198372, -1.287286)",EyeArea,10.7408094406128,0.1,5.87973546981812,1.20477902889252,-1.33747363090515,-0.00001581455571,90.4039194014252,0.00000323543732
1865,left road,1865,0.99499994516373,0.0,8.09999942779541,1.04999995231628,0.0,1.14999997615814,0.99499994516373,0.0,8.09999942779541,5.87973546981812,1.20477902889252,-1.33747363090515,5.85376071929932,1.19837260246277,-1.2872896194458,"(5.853761, 1.198373, -1.28729)",EyeArea,10.694766998291,0.1,5.87973546981812,1.20477902889252,-1.33747363090515,-0.00001581455571,90.4039194014252,0.00000323543732
1866,left road,1866,1.09500002861023,0.0,8.09999942779541,1.14999997615814,0.0,1.14999997615814,1.09500002861023,0.0,8.09999942779541,5.87973546981812,1.20477902889252,-1.33747363090515,5.8542947769165,1.19837307929993,-1.28729343414307,"(5.854295, 1.198373, -1.287293)",EyeArea,10.6494646072388,0.1,5.87973546981812,1.20477902889252,-1.33747363090515,-0.00001581455571,90.4039194014252,0.00000323543732
1867,left road,1867,1.19500005245209,0.0,8.09999942779541,1.25,0.0,1.14999997615814,1.19500005245209,0.0,8.09999942779541,5.87973546981812,1.20477902889252,-1.33747363090515,5.85482788085938,1.19837355613709,-1.28729712963104,"(5.854828, 1.198374, -1.287297)",EyeArea,10.6049108505249,0.1,5.87973546981812,1.20477902889252,-1.33747363090515,-0.00001581455571,90.4039194014252,0.00000323543732
1868,left road,1868,1.29500007629395,0.0,8.09999942779541,1.35000002384186,0.0,1.14999997615814,1.29500007629395,0.0,8.09999942779541,5.87973546981812,1.20477902889252,-1.33747363090515,5.8553614616394,1.19837403297424,-1.28730094432831,"(5.855361, 1.198374, -1.287301)",EyeArea,10.5611171722412,0.1,5.87973546981812,1.20477902889252,-1.33747363090515,-0.00001581455571,90.4039194014252,0.00000323543732
1869,left road,1869,1.3950001001358,0.0,8.09999942779541,1.45000004768372,0.0,1.14999997615814,1.3950001001358,0.0,8.09999942779541,5.87973546981812,1.20477902889252,-1.33747363090515,5.85589504241943,1.1983745098114,-1.28730475902557,"(5.855895, 1.198375, -1.287305)",EyeArea,10.5180912017822,0.1,5.87973546981812,1.20477902889252,-1.33747363090515,-0.00001581455571,90.4039194014252,0.00000323543732
1870,left road,1870,1.49500000476837,0.0,8.09999942779541,1.54999995231628,0.0,1.14999997615814,1.49500000476837,0.0,8.09999942779541,5.87973546981812,1.20477902889252,-1.33747363090515,5.8564281463623,1.19837498664856,-1.28730845451355,"(5.856428, 1.198375, -1.287308)",EyeArea,10.4758434295654,0.1,5.87973546981812,1.20477902889252,-1.33747363090515,-0.00001581455571,90.4039194014252,0.00000323543732
1871,left road,1871,1.59500002861023,0.0,8.09999942779541,1.64999997615814,0.0,1.14999997615814,1.59500002861023,0.0,8.09999942779541,5.87973546981812,1.20477902889252,-1.33747363090515,5.85696220397949,1.19837546348572,-1.28731226921082,"(5.856962, 1.198375, -1.287312)",EyeArea,10.434383392334,0.1,5.87973546981812,1.20477902889252,-1.33747363090515,-0.00001581455571,90.4039194014252,0.00000323543732
1872,left road,1872,1.69500005245209,0.0,8.09999942779541,1.75,0.0,1.14999997615814,1.69500005245209,0.0,8.09999942779541,5.87973546981812,1.20477902889252,-1.33747363090515,5.85749483108521,1.19837594032288,-1.28731596469879,"(5.857495, 1.198376, -1.287316)",EyeArea,10.3937196731567,0.1,5.87973546981812,1.20477902889252,-1.33747363090515,-0.00001581455571,90.4039194014252,0.00000323543732
1873,left road,1873,1.79500007629395,0.0,8.09999942779541,1.85000002384186,0.0,1.14999997615814,1.79500007629395,0.0,8.09999942779541,5.87973546981812,1.20477902889252,-1.33747363090515,5.85802793502808,1.19837641716003,-1.28731977939606,"(5.858028, 1.198376, -1.28732)",EyeArea,10.3538618087769,0.1,5.87973546981812,1.20477902889252,-1.33747363090515,-0.00001581455571,90.4039194014252,0.00000323543732
1874,left road,1874,1.8950001001358,0.0,8.09999942779541,1.95000004768372,0.0,1.14999997615814,1.8950001001358,0.0,8.09999942779541,5.87973546981812,1.20477902889252,-1.33747363090515,5.85856103897095,1.19837689399719,-1.28732347488403,"(5.858561, 1.198377, -1.287323)",EyeArea,10.3148202896118,0.1,5.87973546981812,1.20477902889252,-1.33747363090515,-0.00001581455571,90.4039194014252,0.00000323543732
1875,left road,1875,1.99500000476837,0.0,8.09999942779541,2.04999995231628,0.0,1.14999997615814,1.99500000476837,0.0,8.09999942779541,5.87973546981812,1.20477902889252,-1.33747363090515,5.85909366607666,1.19837737083435,-1.2873272895813,"(5.859094, 1.198377, -1.287327)",EyeArea,10.2766027450562,0.1,5.87973546981812,1.20477902889252,-1.33747363090515,-0.00001581455571,90.4039194014252,0.00000323543732
1876,left road,1876,2.09500002861023,0.0,8.09999942779541,2.15000009536743,0.0,1.14999997615814,2.09500002861023,0.0,8.09999942779541,5.87973546981812,1.20477902889252,-1.33747363090515,5.85962677001953,1.19837784767151,-1.28733098506927,"(5.859627, 1.198378, -1.287331)",EyeArea,10.2392196655273,0.1,5.87973546981812,1.20477902889252,-1.33747363090515,-0.00001581455571,90.4039194014252,0.00000323543732
1877,left road,1877,2.1949999332428,0.0,8.09999942779541,2.25,0.0,1.14999997615814,2.1949999332428,0.0,8.09999942779541,5.87973546981812,1.20477902889252,-1.33747363090515,5.86015939712524,1.19837832450867,-1.28733479976654,"(5.860159, 1.198378, -1.287335)",EyeArea,10.2026796340942,0.1,5.87973546981812,1.20477902889252,-1.33747363090515,-0.00001581455571,90.4039194014252,0.00000323543732
1878,left road,1878,2.29499983787537,0.0,8.09999942779541,2.34999990463257,0.0,1.14999997615814,2.29499983787537,0.0,8.09999942779541,5.87973546981812,1.20477902889252,-1.33747363090515,5.86069202423096,1.19837892055511,-1.28733849525452,"(5.860692, 1.198379, -1.287338)",EyeArea,10.1669921875,0.1,5.87973546981812,1.20477902889252,-1.33747363090515,-0.00001581455571,90.4039194014252,0.00000323543732
1879,left road,1879,2.39499998092651,0.0,8.09999942779541,2.45000004768372,0.0,1.14999997615814,2.39499998092651,0.0,8.09999942779541,5.87973546981812,1.20477902889252,-1.33747363090515,5.86122465133667,1.19837927818298,-1.28734230995178,"(5.861225, 1.198379, -1.287342)",EyeArea,10.1321649551392,0.1,5.87973546981812,1.20477902889252,-1.33747363090515,-0.00001581455571,90.4039194014252,0.00000323543732
1880,left road,1880,2.49499988555908,0.0,8.09999942779541,2.54999995231628,0.0,1.14999997615814,2.49499988555908,0.0,8.09999942779541,5.87973546981812,1.20477902889252,-1.33747363090515,5.86175727844238,1.19837975502014,-1.28734600543976,"(5.861757, 1.19838, -1.287346)",EyeArea,10.0982093811035,0.1,5.87973546981812,1.20477902889252,-1.33747363090515,-0.00001581455571,90.4039194014252,0.00000323543732
1881,left road,1881,2.59500002861023,0.0,8.09999942779541,2.65000009536743,0.0,1.14999997615814,2.59500002861023,0.0,8.09999942779541,5.87973546981812,1.20477902889252,-1.33747363090515,5.8622899055481,1.19838035106659,-1.28734982013702,"(5.86229, 1.19838, -1.28735)",EyeArea,10.0651321411133,0.1,5.87973546981812,1.20477902889252,-1.33747363090515,-0.00001581455571,90.4039194014252,0.00000323543732
1882,left road,1882,2.6949999332428,0.0,8.09999942779541,2.75,0.0,1.14999997615814,2.6949999332428,0.0,8.09999942779541,5.87973546981812,1.20477902889252,-1.33747363090515,5.86282205581665,1.19838070869446,-1.287353515625,"(5.862822, 1.198381, -1.287354)",EyeArea,10.0329427719116,0.1,5.87973546981812,1.20477902889252,-1.33747363090515,-0.00001581455571,90.4039194014252,0.00000323543732
1883,left road,1883,2.79499983787537,0.0,8.09999942779541,2.84999990463257,0.0,1.14999997615814,2.79499983787537,0.0,8.09999942779541,5.87973546981812,1.20477902889252,-1.33747363090515,5.86335420608521,1.19838118553162,-1.28735733032227,"(5.863354, 1.198381, -1.287357)",EyeArea,10.0016489028931,0.1,5.87973546981812,1.20477902889252,-1.33747363090515,-0.00001581455571,90.4039194014252,0.00000323543732
1884,left road,1884,2.89499998092651,0.0,8.09999942779541,2.95000004768372,0.0,1.14999997615814,2.89499998092651,0.0,8.09999942779541,5.87973546981812,1.20477902889252,-1.33747363090515,5.86388683319092,1.19838178157806,-1.28736102581024,"(5.863887, 1.198382, -1.287361)",EyeArea,9.9712610244751,0.1,5.87973546981812,1.20477902889252,-1.33747363090515,-0.00001581455571,90.4039194014252,0.00000323543732
1885,left road,1885,2.99499988555908,0.0,8.09999942779541,3.04999995231628,0.0,1.14999997615814,2.99499988555908,0.0,8.09999942779541,5.87973546981812,1.20477902889252,-1.33747363090515,5.86441850662231,1.19838213920593,-1.28736484050751,"(5.864419, 1.198382, -1.287365)",EyeArea,9.94178581237793,0.1,5.87973546981812,1.20477902889252,-1.33747363090515,-0.00001581455571,90.4039194014252,0.00000323543732
1886,left road,1886,3.09500002861023,0.0,8.09999942779541,3.15000009536743,0.0,1.14999997615814,3.09500002861023,0.0,8.09999942779541,5.87973546981812,1.20477902889252,-1.33747363090515,5.86495065689087,1.19838261604309,-1.28736853599548,"(5.864951, 1.198383, -1.287369)",EyeArea,9.91323089599609,0.1,5.87973546981812,1.20477902889252,-1.33747363090515,-0.00001581455571,90.4039194014252,0.00000323543732
1887,left road,1887,3.1949999332428,0.0,8.09999942779541,3.25,0.0,1.14999997615814,3.1949999332428,0.0,8.09999942779541,5.87973546981812,1.20477902889252,-1.33747363090515,5.86548280715942,1.19838321208954,-1.28737235069275,"(5.865483, 1.198383, -1.287372)",EyeArea,9.88560581207275,0.1,5.87973546981812,1.20477902889252,-1.33747363090515,-0.00001581455571,90.4039194014252,0.00000323543732
1888,left road,1888,3.29499983787537,0.0,8.09999942779541,3.34999990463257,0.0,1.14999997615814,3.29499983787537,0.0,8.09999942779541,5.87973546981812,1.20477902889252,-1.33747363090515,5.86601448059082,1.19838356971741,-1.28737604618073,"(5.866014, 1.198384, -1.287376)",EyeArea,9.85891723632813,0.1,5.87973546981812,1.20477902889252,-1.33747363090515,-0.00001581455571,90.4039194014252,0.00000323543732
1889,left road,1889,3.39499998092651,0.0,8.09999942779541,3.45000004768372,0.0,1.14999997615814,3.39499998092651,0.0,8.09999942779541,5.87973546981812,1.20477902889252,-1.33747363090515,5.86654663085938,1.19838404655457,-1.2873797416687,"(5.866547, 1.198384, -1.28738)",EyeArea,9.83317375183105,0.1,5.87973546981812,1.20477902889252,-1.33747363090515,-0.00001581455571,90.4039194014252,0.00000323543732
1890,left road,1890,-3.50500011444092,0.0,8.19999980926514,-3.45000004768372,0.0,1.25,-3.50500011444092,0.0,8.19999980926514,5.87973546981812,1.20477902889252,-1.33747363090515,5.34539270401001,1.13618206977844,-0.79443460702896,"(5.345393, 1.136182, -0.794435)",truck body CS,13.4345874786377,0.1,5.87973546981812,1.20477902889252,-1.33747363090515,-0.00001581455571,90.4039194014252,0.00000323543732
1891,left road,1891,-3.40499997138977,0.0,8.19999980926514,-3.34999990463257,0.0,1.25,-3.40499997138977,0.0,8.19999980926514,5.87973546981812,1.20477902889252,-1.33747363090515,5.34734725952148,1.13569664955139,-0.7905929684639,"(5.347347, 1.135697, -0.790593)",truck body CS,13.3649244308472,0.1,5.87973546981812,1.20477902889252,-1.33747363090515,-0.00001581455571,90.4039194014252,0.00000323543732
1892,left road,1892,-3.3050000667572,0.0,8.19999980926514,-3.25,0.0,1.25,-3.3050000667572,0.0,8.19999980926514,5.87973546981812,1.20477902889252,-1.33747363090515,5.34932899475098,1.13520455360413,-0.78669714927673,"(5.349329, 1.135205, -0.786697)",truck body CS,13.2956485748291,0.1,5.87973546981812,1.20477902889252,-1.33747363090515,-0.00001581455571,90.4039194014252,0.00000323543732
1893,left road,1893,-3.20500016212463,0.0,8.19999980926514,-3.15000009536743,0.0,1.25,-3.20500016212463,0.0,8.19999980926514,5.87973546981812,1.20477902889252,-1.33747363090515,5.35134410858154,1.13470590114594,-0.78274911642075,"(5.351344, 1.134706, -0.782749)",truck body CS,13.2267656326294,0.1,5.87973546981812,1.20477902889252,-1.33747363090515,-0.00001581455571,90.4039194014252,0.00000323543732
1894,left road,1894,-3.10500001907349,0.0,8.19999980926514,-3.04999995231628,0.0,1.25,-3.10500001907349,0.0,8.19999980926514,5.87973546981812,1.20477902889252,-1.33747363090515,5.35338306427002,1.13419950008392,-0.77874022722244,"(5.353383, 1.1342, -0.77874)",truck body CS,13.1582813262939,0.1,5.87973546981812,1.20477902889252,-1.33747363090515,-0.00001581455571,90.4039194014252,0.00000323543732
1895,left road,1895,-3.00500011444092,0.0,8.19999980926514,-2.95000004768372,0.0,1.25,-3.00500011444092,0.0,8.19999980926514,5.87973546981812,1.20477902889252,-1.33747363090515,5.35545587539673,1.13368630409241,-0.77467668056488,"(5.355456, 1.133686, -0.774677)",truck body CS,13.090202331543,0.1,5.87973546981812,1.20477902889252,-1.33747363090515,-0.00001581455571,90.4039194014252,0.00000323543732
1896,left road,1896,-2.90499997138977,0.0,8.19999980926514,-2.84999990463257,0.0,1.25,-2.90499997138977,0.0,8.19999980926514,5.87973546981812,1.20477902889252,-1.33747363090515,5.35755825042725,1.13316524028778,-0.77055221796036,"(5.357558, 1.133165, -0.770552)",truck body CS,13.0225372314453,0.1,5.87973546981812,1.20477902889252,-1.33747363090515,-0.00001581455571,90.4039194014252,0.00000323543732
1897,left road,1897,-2.8050000667572,0.0,8.19999980926514,-2.75,0.0,1.25,-2.8050000667572,0.0,8.19999980926514,5.87973546981812,1.20477902889252,-1.33747363090515,5.35968732833862,1.13263607025146,-0.76636266708374,"(5.359687, 1.132636, -0.766363)",truck body CS,12.9552898406982,0.1,5.87973546981812,1.20477902889252,-1.33747363090515,-0.00001581455571,90.4039194014252,0.00000323543732
1898,left road,1898,-2.70500016212463,0.0,8.19999980926514,-2.65000009536743,0.0,1.25,-2.70500016212463,0.0,8.19999980926514,5.87973546981812,1.20477902889252,-1.33747363090515,5.36185169219971,1.13209927082062,-0.76211422681808,"(5.361852, 1.132099, -0.762114)",truck body CS,12.888466835022,0.1,5.87973546981812,1.20477902889252,-1.33747363090515,-0.00001581455571,90.4039194014252,0.00000323543732
1899,left road,1899,-2.60500001907349,0.0,8.19999980926514,-2.54999995231628,0.0,1.25,-2.60500001907349,0.0,8.19999980926514,5.87973546981812,1.20477902889252,-1.33747363090515,5.36404895782471,1.13155484199524,-0.75780308246613,"(5.364049, 1.131555, -0.757803)",truck body CS,12.822075843811,0.1,5.87973546981812,1.20477902889252,-1.33747363090515,-0.00001581455571,90.4039194014252,0.00000323543732
1900,left road,1900,-2.50500011444092,0.0,8.19999980926514,-2.45000004768372,0.0,1.25,-2.50500011444092,0.0,8.19999980926514,5.87973546981812,1.20477902889252,-1.33747363090515,5.36627721786499,1.13100171089172,-0.75342506170273,"(5.366277, 1.131002, -0.753425)",truck body CS,12.7561225891113,0.1,5.87973546981812,1.20477902889252,-1.33747363090515,-0.00001581455571,90.4039194014252,0.00000323543732
1901,left road,1901,-2.40499997138977,0.0,8.19999980926514,-2.34999990463257,0.0,1.25,-2.40499997138977,0.0,8.19999980926514,5.87973546981812,1.20477902889252,-1.33747363090515,5.36931419372559,1.13055276870728,-0.74987053871155,"(5.369314, 1.130553, -0.749871)",truck body CS,12.690616607666,0.1,5.87973546981812,1.20477902889252,-1.33747363090515,-0.00001581455571,90.4039194014252,0.00000323543732
1902,left road,1902,-2.3050000667572,0.0,8.19999980926514,-2.25,0.0,1.25,-2.3050000667572,0.0,8.19999980926514,5.87973546981812,1.20477902889252,-1.33747363090515,5.3724045753479,1.1301007270813,-0.74629324674606,"(5.372405, 1.130101, -0.746293)",truck body CS,12.625560760498,0.1,5.87973546981812,1.20477902889252,-1.33747363090515,-0.00001581455571,90.4039194014252,0.00000323543732
1903,left road,1903,-2.20500016212463,0.0,8.19999980926514,-2.15000009536743,0.0,1.25,-2.20500016212463,0.0,8.19999980926514,5.87973546981812,1.20477902889252,-1.33747363090515,5.37553358078003,1.129643201828,-0.74267166852951,"(5.375534, 1.129643, -0.742672)",truck body CS,12.5609655380249,0.1,5.87973546981812,1.20477902889252,-1.33747363090515,-0.00001581455571,90.4039194014252,0.00000323543732
1904,left road,1904,-2.10500001907349,0.0,8.19999980926514,-2.04999995231628,0.0,1.25,-2.10500001907349,0.0,8.19999980926514,5.87973546981812,1.20477902889252,-1.33747363090515,5.37870073318481,1.12918019294739,-0.7390051484108,"(5.378701, 1.12918, -0.739005)",truck body CS,12.4968357086182,0.1,5.87973546981812,1.20477902889252,-1.33747363090515,-0.00001581455571,90.4039194014252,0.00000323543732
1905,left road,1905,-2.00500011444092,0.0,8.19999980926514,-1.95000004768372,0.0,1.25,-2.00500011444092,0.0,8.19999980926514,5.87973546981812,1.20477902889252,-1.33747363090515,5.38190841674805,1.12871146202087,-0.7352956533432,"(5.381908, 1.128711, -0.735296)",truck body CS,12.4331798553467,0.1,5.87973546981812,1.20477902889252,-1.33747363090515,-0.00001581455571,90.4039194014252,0.00000323543732
1906,left road,1906,-1.90499997138977,0.0,8.19999980926514,-1.85000002384186,0.0,1.25,-1.90499997138977,0.0,8.19999980926514,5.87973546981812,1.20477902889252,-1.33747363090515,5.38515186309814,1.1282365322113,-0.73153448104858,"(5.385152, 1.128237, -0.731534)",truck body CS,12.3700037002563,0.1,5.87973546981812,1.20477902889252,-1.33747363090515,-0.00001581455571,90.4039194014252,0.00000323543732
1907,left road,1907,-1.80499994754791,0.0,8.19999980926514,-1.75,0.0,1.25,-1.80499994754791,0.0,8.19999980926514,5.87973546981812,1.20477902889252,-1.33747363090515,5.38844060897827,1.12775588035584,-0.72773033380508,"(5.388441, 1.127756, -0.72773)",truck body CS,12.3073167800903,0.1,5.87973546981812,1.20477902889252,-1.33747363090515,-0.00001581455571,90.4039194014252,0.00000323543732
1908,left road,1908,-1.70499992370605,0.0,8.19999980926514,-1.64999997615814,0.0,1.25,-1.70499992370605,0.0,8.19999980926514,5.87973546981812,1.20477902889252,-1.33747363090515,5.39176940917969,1.12726926803589,-0.72387754917145,"(5.391769, 1.127269, -0.723878)",truck body CS,12.2451257705688,0.1,5.87973546981812,1.20477902889252,-1.33747363090515,-0.00001581455571,90.4039194014252,0.00000323543732
1909,left road,1909,-1.6049998998642,0.0,8.19999980926514,-1.54999995231628,0.0,1.25,-1.6049998998642,0.0,8.19999980926514,5.87973546981812,1.20477902889252,-1.33747363090515,5.3951416015625,1.12677645683289,-0.71997630596161,"(5.395142, 1.126776, -0.719976)",truck body CS,12.1834383010864,0.1,5.87973546981812,1.20477902889252,-1.33747363090515,-0.00001581455571,90.4039194014252,0.00000323543732
1910,left road,1910,-1.50499999523163,0.0,8.19999980926514,-1.45000004768372,0.0,1.25,-1.50499999523163,0.0,8.19999980926514,5.87973546981812,1.20477902889252,-1.33747363090515,5.40201568603516,1.12684178352356,-0.72049295902252,"(5.402016, 1.126842, -0.720493)",truck body CS,12.1222610473633,0.1,5.87973546981812,1.20477902889252,-1.33747363090515,-0.00001581455571,90.4039194014252,0.00000323543732
1911,left road,1911,-1.40499997138977,0.0,8.19999980926514,-1.35000002384186,0.0,1.25,-1.40499997138977,0.0,8.19999980926514,5.87973546981812,1.20477902889252,-1.33747363090515,5.4086594581604,1.12687051296234,-0.72072100639343,"(5.408659, 1.126871, -0.720721)",truck body CS,12.0616035461426,0.1,5.87973546981812,1.20477902889252,-1.33747363090515,-0.00001581455571,90.4039194014252,0.00000323543732
1912,left road,1912,-1.30499994754791,0.0,8.19999980926514,-1.25,0.0,1.25,-1.30499994754791,0.0,8.19999980926514,5.87973546981812,1.20477902889252,-1.33747363090515,5.41488742828369,1.12683057785034,-0.72040486335754,"(5.414887, 1.126831, -0.720405)",truck body CS,12.0014715194702,0.1,5.87973546981812,1.20477902889252,-1.33747363090515,-0.00001581455571,90.4039194014252,0.00000323543732
1913,left road,1913,-1.20499992370605,0.0,8.19999980926514,-1.14999997615814,0.0,1.25,-1.20499992370605,0.0,8.19999980926514,5.87973546981812,1.20477902889252,-1.33747363090515,5.4211254119873,1.12679100036621,-0.72009241580963,"(5.421125, 1.126791, -0.720092)",truck body CS,11.9418745040894,0.1,5.87973546981812,1.20477902889252,-1.33747363090515,-0.00001581455571,90.4039194014252,0.00000323543732
1914,left road,1914,-1.1049998998642,0.0,8.19999980926514,-1.04999995231628,0.0,1.25,-1.1049998998642,0.0,8.19999980926514,5.87973546981812,1.20477902889252,-1.33747363090515,5.42772006988525,1.12681198120117,-0.72025847434998,"(5.42772, 1.126812, -0.720258)",truck body CS,11.8828201293945,0.1,5.87973546981812,1.20477902889252,-1.33747363090515,-0.00001581455571,90.4039194014252,0.00000323543732
1915,left road,1915,-1.00499999523163,0.0,8.19999980926514,-0.94999998807907,0.0,1.25,-1.00499999523163,0.0,8.19999980926514,5.87973546981812,1.20477902889252,-1.33747363090515,5.84345722198486,1.19843053817749,-1.28721702098846,"(5.843457, 1.198431, -1.287217)",EyeArea,11.8243179321289,0.1,5.87973546981812,1.20477902889252,-1.33747363090515,-0.00001581455571,90.4039194014252,0.00000323543732
1916,left road,1916,-0.90500003099442,0.0,8.19999980926514,-0.85000002384186,0.0,1.25,-0.90500003099442,0.0,8.19999980926514,5.87973546981812,1.20477902889252,-1.33747363090515,5.84398698806763,1.19843101501465,-1.28722071647644,"(5.843987, 1.198431, -1.287221)",EyeArea,11.7663736343384,0.1,5.87973546981812,1.20477902889252,-1.33747363090515,-0.00001581455571,90.4039194014252,0.00000323543732
1917,left road,1917,-0.80500000715256,0.0,8.19999980926514,-0.75,0.0,1.25,-0.80500000715256,0.0,8.19999980926514,5.87973546981812,1.20477902889252,-1.33747363090515,5.84451627731323,1.1984316110611,-1.28722453117371,"(5.844516, 1.198432, -1.287225)",EyeArea,11.7089958190918,0.1,5.87973546981812,1.20477902889252,-1.33747363090515,-0.00001581455571,90.4039194014252,0.00000323543732
1918,left road,1918,-0.7049999833107,0.0,8.19999980926514,-0.64999997615814,0.0,1.25,-0.7049999833107,0.0,8.19999980926514,5.87973546981812,1.20477902889252,-1.33747363090515,5.84504556655884,1.19843196868896,-1.28722822666168,"(5.845046, 1.198432, -1.287228)",EyeArea,11.6521940231323,0.1,5.87973546981812,1.20477902889252,-1.33747363090515,-0.00001581455571,90.4039194014252,0.00000323543732
1919,left road,1919,-0.60500001907349,0.0,8.19999980926514,-0.55000001192093,0.0,1.25,-0.60500001907349,0.0,8.19999980926514,5.87973546981812,1.20477902889252,-1.33747363090515,5.8455753326416,1.19843256473541,-1.28723192214966,"(5.845575, 1.198433, -1.287232)",EyeArea,11.5959777832031,0.1,5.87973546981812,1.20477902889252,-1.33747363090515,-0.00001581455571,90.4039194014252,0.00000323543732
1920,left road,1920,-0.50499999523163,0.0,8.19999980926514,-0.44999998807907,0.0,1.25,-0.50499999523163,0.0,8.19999980926514,5.87973546981812,1.20477902889252,-1.33747363090515,5.84610414505005,1.19843292236328,-1.28723573684692,"(5.846104, 1.198433, -1.287236)",EyeArea,11.5403528213501,0.1,5.87973546981812,1.20477902889252,-1.33747363090515,-0.00001581455571,90.4039194014252,0.00000323543732
1921,left road,1921,-0.40500000119209,0.0,8.19999980926514,-0.34999999403954,0.0,1.25,-0.40500000119209,0.0,8.19999980926514,5.87973546981812,1.20477902889252,-1.33747363090515,5.84663391113281,1.19843339920044,-1.2872394323349,"(5.846634, 1.198433, -1.287239)",EyeArea,11.4853296279907,0.1,5.87973546981812,1.20477902889252,-1.33747363090515,-0.00001581455571,90.4039194014252,0.00000323543732
1922,left road,1922,-0.30500000715256,0.0,8.19999980926514,-0.25,0.0,1.25,-0.30500000715256,0.0,8.19999980926514,5.87973546981812,1.20477902889252,-1.33747363090515,5.84716272354126,1.1984338760376,-1.28724312782288,"(5.847163, 1.198434, -1.287243)",EyeArea,11.4309167861938,0.1,5.87973546981812,1.20477902889252,-1.33747363090515,-0.00001581455571,90.4039194014252,0.00000323543732
1923,left road,1923,-0.20500001311302,0.0,8.19999980926514,-0.15000000596046,0.0,1.25,-0.20500001311302,0.0,8.19999980926514,5.87973546981812,1.20477902889252,-1.33747363090515,5.84769201278687,1.19843435287476,-1.28724682331085,"(5.847692, 1.198434, -1.287247)",EyeArea,11.377121925354,0.1,5.87973546981812,1.20477902889252,-1.33747363090515,-0.00001581455571,90.4039194014252,0.00000323543732
1924,left road,1924,-0.10500000417233,0.0,8.19999980926514,-0.05000000074506,0.0,1.25,-0.10500000417233,0.0,8.19999980926514,5.87973546981812,1.20477902889252,-1.33747363090515,5.84822082519531,1.19843482971191,-1.28725063800812,"(5.848221, 1.198435, -1.287251)",EyeArea,11.3239545822144,0.1,5.87973546981812,1.20477902889252,-1.33747363090515,-0.00001581455571,90.4039194014252,0.00000323543732
1925,left road,1925,-0.00499999895692,0.0,8.19999980926514,0.05000000074506,0.0,1.25,-0.00499999895692,0.0,8.19999980926514,5.87973546981812,1.20477902889252,-1.33747363090515,5.84874963760376,1.19843530654907,-1.28725433349609,"(5.84875, 1.198435, -1.287254)",EyeArea,11.2714242935181,0.1,5.87973546981812,1.20477902889252,-1.33747363090515,-0.00001581455571,90.4039194014252,0.00000323543732
1926,left road,1926,0.09500000625849,0.0,8.19999980926514,0.15000000596046,0.0,1.25,0.09500000625849,0.0,8.19999980926514,5.87973546981812,1.20477902889252,-1.33747363090515,5.84927892684937,1.19843578338623,-1.28725802898407,"(5.849279, 1.198436, -1.287258)",EyeArea,11.219539642334,0.1,5.87973546981812,1.20477902889252,-1.33747363090515,-0.00001581455571,90.4039194014252,0.00000323543732
1927,left road,1927,0.19499999284744,0.0,8.19999980926514,0.25,0.0,1.25,0.19499999284744,0.0,8.19999980926514,5.87973546981812,1.20477902889252,-1.33747363090515,5.84980726242065,1.19843626022339,-1.28726172447205,"(5.849807, 1.198436, -1.287262)",EyeArea,11.1683082580566,0.1,5.87973546981812,1.20477902889252,-1.33747363090515,-0.00001581455571,90.4039194014252,0.00000323543732
1928,left road,1928,0.29499998688698,0.0,8.19999980926514,0.34999999403954,0.0,1.25,0.29499998688698,0.0,8.19999980926514,5.87973546981812,1.20477902889252,-1.33747363090515,5.85033559799194,1.19843673706055,-1.28726553916931,"(5.850336, 1.198437, -1.287266)",EyeArea,11.1177406311035,0.1,5.87973546981812,1.20477902889252,-1.33747363090515,-0.00001581455571,90.4039194014252,0.00000323543732
1929,left road,1929,0.39499998092651,0.0,8.19999980926514,0.44999998807907,0.0,1.25,0.39499998092651,0.0,8.19999980926514,5.87973546981812,1.20477902889252,-1.33747363090515,5.85086393356323,1.19843721389771,-1.28726923465729,"(5.850864, 1.198437, -1.287269)",EyeArea,11.0678462982178,0.1,5.87973546981812,1.20477902889252,-1.33747363090515,-0.00001581455571,90.4039194014252,0.00000323543732
1930,left road,1930,0.49500000476837,0.0,8.19999980926514,0.55000001192093,0.0,1.25,0.49500000476837,0.0,8.19999980926514,5.87973546981812,1.20477902889252,-1.33747363090515,5.85139274597168,1.19843769073486,-1.28727293014526,"(5.851393, 1.198438, -1.287273)",EyeArea,11.0186328887939,0.1,5.87973546981812,1.20477902889252,-1.33747363090515,-0.00001581455571,90.4039194014252,0.00000323543732
1931,left road,1931,0.59499996900558,0.0,8.19999980926514,0.64999997615814,0.0,1.25,0.59499996900558,0.0,8.19999980926514,5.87973546981812,1.20477902889252,-1.33747363090515,5.85192108154297,1.19843804836273,-1.28727674484253,"(5.851921, 1.198438, -1.287277)",EyeArea,10.9701108932495,0.1,5.87973546981812,1.20477902889252,-1.33747363090515,-0.00001581455571,90.4039194014252,0.00000323543732
1932,left road,1932,0.69499999284744,0.0,8.19999980926514,0.75,0.0,1.25,0.69499999284744,0.0,8.19999980926514,5.87973546981812,1.20477902889252,-1.33747363090515,5.85244941711426,1.19843864440918,-1.28728044033051,"(5.852449, 1.198439, -1.28728)",EyeArea,10.922287940979,0.1,5.87973546981812,1.20477902889252,-1.33747363090515,-0.00001581455571,90.4039194014252,0.00000323543732
1933,left road,1933,0.7950000166893,0.0,8.19999980926514,0.85000002384186,0.0,1.25,0.7950000166893,0.0,8.19999980926514,5.87973546981812,1.20477902889252,-1.33747363090515,5.85297775268555,1.19843900203705,-1.28728413581848,"(5.852978, 1.198439, -1.287284)",EyeArea,10.8751745223999,0.1,5.87973546981812,1.20477902889252,-1.33747363090515,-0.00001581455571,90.4039194014252,0.00000323543732
1934,left road,1934,0.89499998092651,0.0,8.19999980926514,0.94999998807907,0.0,1.25,0.89499998092651,0.0,8.19999980926514,5.87973546981812,1.20477902889252,-1.33747363090515,5.85350608825684,1.1984395980835,-1.28728783130646,"(5.853506, 1.19844, -1.287288)",EyeArea,10.8287801742554,0.1,5.87973546981812,1.20477902889252,-1.33747363090515,-0.00001581455571,90.4039194014252,0.00000323543732
1935,left road,1935,0.99499994516373,0.0,8.19999980926514,1.04999995231628,0.0,1.25,0.99499994516373,0.0,8.19999980926514,5.87973546981812,1.20477902889252,-1.33747363090515,5.85403394699097,1.19844007492065,-1.28729152679443,"(5.854034, 1.19844, -1.287292)",EyeArea,10.7831134796143,0.1,5.87973546981812,1.20477902889252,-1.33747363090515,-0.00001581455571,90.4039194014252,0.00000323543732
1936,left road,1936,1.09500002861023,0.0,8.19999980926514,1.14999997615814,0.0,1.25,1.09500002861023,0.0,8.19999980926514,5.87973546981812,1.20477902889252,-1.33747363090515,5.85456228256226,1.19844043254852,-1.2872953414917,"(5.854562, 1.19844, -1.287295)",EyeArea,10.7381839752197,0.1,5.87973546981812,1.20477902889252,-1.33747363090515,-0.00001581455571,90.4039194014252,0.00000323543732
1937,left road,1937,1.19500005245209,0.0,8.19999980926514,1.25,0.0,1.25,1.19500005245209,0.0,8.19999980926514,5.87973546981812,1.20477902889252,-1.33747363090515,5.85509014129639,1.19844102859497,-1.28729903697968,"(5.85509, 1.198441, -1.287299)",EyeArea,10.6940002441406,0.1,5.87973546981812,1.20477902889252,-1.33747363090515,-0.00001581455571,90.4039194014252,0.00000323543732
1938,left road,1938,1.29500007629395,0.0,8.19999980926514,1.35000002384186,0.0,1.25,1.29500007629395,0.0,8.19999980926514,5.87973546981812,1.20477902889252,-1.33747363090515,5.85561800003052,1.19844138622284,-1.28730273246765,"(5.855618, 1.198441, -1.287303)",EyeArea,10.6505727767944,0.1,5.87973546981812,1.20477902889252,-1.33747363090515,-0.00001581455571,90.4039194014252,0.00000323543732
1939,left road,1939,1.3950001001358,0.0,8.19999980926514,1.45000004768372,0.0,1.25,1.3950001001358,0.0,8.19999980926514,5.87973546981812,1.20477902889252,-1.33747363090515,5.85614585876465,1.19844186306,-1.28730642795563,"(5.856146, 1.198442, -1.287306)",EyeArea,10.60791015625,0.1,5.87973546981812,1.20477902889252,-1.33747363090515,-0.00001581455571,90.4039194014252,0.00000323543732
1940,left road,1940,1.49500000476837,0.0,8.19999980926514,1.54999995231628,0.0,1.25,1.49500000476837,0.0,8.19999980926514,5.87973546981812,1.20477902889252,-1.33747363090515,5.85667324066162,1.19844233989716,-1.28731024265289,"(5.856673, 1.198442, -1.28731)",EyeArea,10.5660209655762,0.1,5.87973546981812,1.20477902889252,-1.33747363090515,-0.00001581455571,90.4039194014252,0.00000323543732
1941,left road,1941,1.59500002861023,0.0,8.19999980926514,1.64999997615814,0.0,1.25,1.59500002861023,0.0,8.19999980926514,5.87973546981812,1.20477902889252,-1.33747363090515,5.85720157623291,1.19844281673431,-1.28731393814087,"(5.857202, 1.198443, -1.287314)",EyeArea,10.5249156951904,0.1,5.87973546981812,1.20477902889252,-1.33747363090515,-0.00001581455571,90.4039194014252,0.00000323543732
1942,left road,1942,1.69500005245209,0.0,8.19999980926514,1.75,0.0,1.25,1.69500005245209,0.0,8.19999980926514,5.87973546981812,1.20477902889252,-1.33747363090515,5.85772848129272,1.19844329357147,-1.28731763362885,"(5.857728, 1.198443, -1.287318)",EyeArea,10.4846029281616,0.1,5.87973546981812,1.20477902889252,-1.33747363090515,-0.00001581455571,90.4039194014252,0.00000323543732
1943,left road,1943,1.79500007629395,0.0,8.19999980926514,1.85000002384186,0.0,1.25,1.79500007629395,0.0,8.19999980926514,5.87973546981812,1.20477902889252,-1.33747363090515,5.85825634002686,1.19844377040863,-1.28732132911682,"(5.858256, 1.198444, -1.287321)",EyeArea,10.4450922012329,0.1,5.87973546981812,1.20477902889252,-1.33747363090515,-0.00001581455571,90.4039194014252,0.00000323543732
1944,left road,1944,1.8950001001358,0.0,8.19999980926514,1.95000004768372,0.0,1.25,1.8950001001358,0.0,8.19999980926514,5.87973546981812,1.20477902889252,-1.33747363090515,5.85878324508667,1.19844424724579,-1.2873250246048,"(5.858783, 1.198444, -1.287325)",EyeArea,10.4063930511475,0.1,5.87973546981812,1.20477902889252,-1.33747363090515,-0.00001581455571,90.4039194014252,0.00000323543732
1945,left road,1945,1.99500000476837,0.0,8.19999980926514,2.04999995231628,0.0,1.25,1.99500000476837,0.0,8.19999980926514,5.87973546981812,1.20477902889252,-1.33747363090515,5.85931062698364,1.19844472408295,-1.28732883930206,"(5.859311, 1.198445, -1.287329)",EyeArea,10.3685131072998,0.1,5.87973546981812,1.20477902889252,-1.33747363090515,-0.00001581455571,90.4039194014252,0.00000323543732
1946,left road,1946,2.09500002861023,0.0,8.19999980926514,2.15000009536743,0.0,1.25,2.09500002861023,0.0,8.19999980926514,5.87973546981812,1.20477902889252,-1.33747363090515,5.85983800888062,1.19844520092011,-1.28733253479004,"(5.859838, 1.198445, -1.287333)",EyeArea,10.3314628601074,0.1,5.87973546981812,1.20477902889252,-1.33747363090515,-0.00001581455571,90.4039194014252,0.00000323543732
1947,left road,1947,2.1949999332428,0.0,8.19999980926514,2.25,0.0,1.25,2.1949999332428,0.0,8.19999980926514,5.87973546981812,1.20477902889252,-1.33747363090515,5.86036539077759,1.19844567775726,-1.28733623027802,"(5.860365, 1.198446, -1.287336)",EyeArea,10.2952499389648,0.1,5.87973546981812,1.20477902889252,-1.33747363090515,-0.00001581455571,90.4039194014252,0.00000323543732
1948,left road,1948,2.29499983787537,0.0,8.19999980926514,2.34999990463257,0.0,1.25,2.29499983787537,0.0,8.19999980926514,5.87973546981812,1.20477902889252,-1.33747363090515,5.8608922958374,1.19844615459442,-1.28733992576599,"(5.860892, 1.198446, -1.28734)",EyeArea,10.2598838806152,0.1,5.87973546981812,1.20477902889252,-1.33747363090515,-0.00001581455571,90.4039194014252,0.00000323543732
1949,left road,1949,2.39499998092651,0.0,8.19999980926514,2.45000004768372,0.0,1.25,2.39499998092651,0.0,8.19999980926514,5.87973546981812,1.20477902889252,-1.33747363090515,5.86141920089722,1.19844663143158,-1.28734362125397,"(5.861419, 1.198447, -1.287344)",EyeArea,10.2253742218018,0.1,5.87973546981812,1.20477902889252,-1.33747363090515,-0.00001581455571,90.4039194014252,0.00000323543732
1950,left road,1950,2.49499988555908,0.0,8.19999980926514,2.54999995231628,0.0,1.25,2.49499988555908,0.0,8.19999980926514,5.87973546981812,1.20477902889252,-1.33747363090515,5.86194658279419,1.19844710826874,-1.28734731674194,"(5.861947, 1.198447, -1.287347)",EyeArea,10.1917285919189,0.1,5.87973546981812,1.20477902889252,-1.33747363090515,-0.00001581455571,90.4039194014252,0.00000323543732
1951,left road,1951,2.59500002861023,0.0,8.19999980926514,2.65000009536743,0.0,1.25,2.59500002861023,0.0,8.19999980926514,5.87973546981812,1.20477902889252,-1.33747363090515,5.86247301101685,1.19844746589661,-1.28735113143921,"(5.862473, 1.198447, -1.287351)",EyeArea,10.1589555740356,0.1,5.87973546981812,1.20477902889252,-1.33747363090515,-0.00001581455571,90.4039194014252,0.00000323543732
1952,left road,1952,2.6949999332428,0.0,8.19999980926514,2.75,0.0,1.25,2.6949999332428,0.0,8.19999980926514,5.87973546981812,1.20477902889252,-1.33747363090515,5.86299991607666,1.19844806194305,-1.28735482692719,"(5.863, 1.198448, -1.287355)",EyeArea,10.127064704895,0.1,5.87973546981812,1.20477902889252,-1.33747363090515,-0.00001581455571,90.4039194014252,0.00000323543732
1953,left road,1953,2.79499983787537,0.0,8.19999980926514,2.84999990463257,0.0,1.25,2.79499983787537,0.0,8.19999980926514,5.87973546981812,1.20477902889252,-1.33747363090515,5.86352634429932,1.19844841957092,-1.28735852241516,"(5.863526, 1.198448, -1.287359)",EyeArea,10.0960626602173,0.1,5.87973546981812,1.20477902889252,-1.33747363090515,-0.00001581455571,90.4039194014252,0.00000323543732
1954,left road,1954,2.89499998092651,0.0,8.19999980926514,2.95000004768372,0.0,1.25,2.89499998092651,0.0,8.19999980926514,5.87973546981812,1.20477902889252,-1.33747363090515,5.86405324935913,1.19844889640808,-1.28736221790314,"(5.864053, 1.198449, -1.287362)",EyeArea,10.0659599304199,0.1,5.87973546981812,1.20477902889252,-1.33747363090515,-0.00001581455571,90.4039194014252,0.00000323543732
1955,left road,1955,2.99499988555908,0.0,8.19999980926514,3.04999995231628,0.0,1.25,2.99499988555908,0.0,8.19999980926514,5.87973546981812,1.20477902889252,-1.33747363090515,5.86457967758179,1.19844937324524,-1.28736591339111,"(5.86458, 1.198449, -1.287366)",EyeArea,10.0367622375488,0.1,5.87973546981812,1.20477902889252,-1.33747363090515,-0.00001581455571,90.4039194014252,0.00000323543732
1956,left road,1956,3.09500002861023,0.0,8.19999980926514,3.15000009536743,0.0,1.25,3.09500002861023,0.0,8.19999980926514,5.87973546981812,1.20477902889252,-1.33747363090515,5.86510610580444,1.1984498500824,-1.28736960887909,"(5.865106, 1.19845, -1.28737)",EyeArea,10.0084791183472,0.1,5.87973546981812,1.20477902889252,-1.33747363090515,-0.00001581455571,90.4039194014252,0.00000323543732
1957,left road,1957,3.1949999332428,0.0,8.19999980926514,3.25,0.0,1.25,3.1949999332428,0.0,8.19999980926514,5.87973546981812,1.20477902889252,-1.33747363090515,5.8656325340271,1.19845032691956,-1.28737330436707,"(5.865633, 1.19845, -1.287373)",EyeArea,9.98111724853516,0.1,5.87973546981812,1.20477902889252,-1.33747363090515,-0.00001581455571,90.4039194014252,0.00000323543732
1958,left road,1958,3.29499983787537,0.0,8.19999980926514,3.34999990463257,0.0,1.25,3.29499983787537,0.0,8.19999980926514,5.87973546981812,1.20477902889252,-1.33747363090515,5.86615896224976,1.19845080375671,-1.28737711906433,"(5.866159, 1.198451, -1.287377)",EyeArea,9.95468521118164,0.1,5.87973546981812,1.20477902889252,-1.33747363090515,-0.00001581455571,90.4039194014252,0.00000323543732
1959,left road,1959,3.39499998092651,0.0,8.19999980926514,3.45000004768372,0.0,1.25,3.39499998092651,0.0,8.19999980926514,5.87973546981812,1.20477902889252,-1.33747363090515,5.86668491363525,1.19845128059387,-1.28738081455231,"(5.866685, 1.198451, -1.287381)",EyeArea,9.92918968200684,0.1,5.87973546981812,1.20477902889252,-1.33747363090515,-0.00001581455571,90.4039194014252,0.00000323543732
1960,left road,1960,-3.50500011444092,0.0,8.30000019073486,-3.45000004768372,0.0,1.35000002384186,-3.50500011444092,0.0,8.30000019073486,5.87973546981812,1.20477902889252,-1.33747363090515,5.3488507270813,1.13662600517273,-0.79229170084,"(5.348851, 1.136626, -0.792292)",truck body CS,13.505763053894,0.1,5.87973546981812,1.20477902889252,-1.33747363090515,-0.00001581455571,90.4039194014252,0.00000323543732
1961,left road,1961,-3.40499997138977,0.0,8.30000019073486,-3.34999990463257,0.0,1.35000002384186,-3.40499997138977,0.0,8.30000019073486,5.87973546981812,1.20477902889252,-1.33747363090515,5.35081768035889,1.13614702224731,-0.78846114873886,"(5.350818, 1.136147, -0.788461)",truck body CS,13.436469078064,0.1,5.87973546981812,1.20477902889252,-1.33747363090515,-0.00001581455571,90.4039194014252,0.00000323543732
1962,left road,1962,-3.3050000667572,0.0,8.30000019073486,-3.25,0.0,1.35000002384186,-3.3050000667572,0.0,8.30000019073486,5.87973546981812,1.20477902889252,-1.33747363090515,5.35281372070313,1.13566184043884,-0.78457891941071,"(5.352814, 1.135662, -0.784579)",truck body CS,13.3675632476807,0.1,5.87973546981812,1.20477902889252,-1.33747363090515,-0.00001581455571,90.4039194014252,0.00000323543732
1963,left road,1963,-3.20500016212463,0.0,8.30000019073486,-3.15000009536743,0.0,1.35000002384186,-3.20500016212463,0.0,8.30000019073486,5.87973546981812,1.20477902889252,-1.33747363090515,5.35483598709106,1.13516902923584,-0.78063756227493,"(5.354836, 1.135169, -0.780638)",truck body CS,13.2990531921387,0.1,5.87973546981812,1.20477902889252,-1.33747363090515,-0.00001581455571,90.4039194014252,0.00000323543732
1964,left road,1964,-3.10500001907349,0.0,8.30000019073486,-3.04999995231628,0.0,1.35000002384186,-3.10500001907349,0.0,8.30000019073486,5.87973546981812,1.20477902889252,-1.33747363090515,5.35688972473145,1.1346697807312,-0.77664285898209,"(5.35689, 1.13467, -0.776643)",truck body CS,13.2309436798096,0.1,5.87973546981812,1.20477902889252,-1.33747363090515,-0.00001581455571,90.4039194014252,0.00000323543732
1965,left road,1965,-3.00500011444092,0.0,8.30000019073486,-2.95000004768372,0.0,1.35000002384186,-3.00500011444092,0.0,8.30000019073486,5.87973546981812,1.20477902889252,-1.33747363090515,5.35897254943848,1.13416314125061,-0.77259093523026,"(5.358973, 1.134163, -0.772591)",truck body CS,13.1632404327393,0.1,5.87973546981812,1.20477902889252,-1.33747363090515,-0.00001581455571,90.4039194014252,0.00000323543732
1966,left road,1966,-2.90499997138977,0.0,8.30000019073486,-2.84999990463257,0.0,1.35000002384186,-2.90499997138977,0.0,8.30000019073486,5.87973546981812,1.20477902889252,-1.33747363090515,5.36108541488647,1.13364887237549,-0.76847696304321,"(5.361085, 1.133649, -0.768477)",truck body CS,13.0959520339966,0.1,5.87973546981812,1.20477902889252,-1.33747363090515,-0.00001581455571,90.4039194014252,0.00000323543732
1967,left road,1967,-2.8050000667572,0.0,8.30000019073486,-2.75,0.0,1.35000002384186,-2.8050000667572,0.0,8.30000019073486,5.87973546981812,1.20477902889252,-1.33747363090515,5.36322641372681,1.13312697410584,-0.76430279016495,"(5.363226, 1.133127, -0.764303)",truck body CS,13.0290832519531,0.1,5.87973546981812,1.20477902889252,-1.33747363090515,-0.00001581455571,90.4039194014252,0.00000323543732
1968,left road,1968,-2.70500016212463,0.0,8.30000019073486,-2.65000009536743,0.0,1.35000002384186,-2.70500016212463,0.0,8.30000019073486,5.87973546981812,1.20477902889252,-1.33747363090515,5.36540508270264,1.13259792327881,-0.76007086038589,"(5.365405, 1.132598, -0.760071)",truck body CS,12.9626417160034,0.1,5.87973546981812,1.20477902889252,-1.33747363090515,-0.00001581455571,90.4039194014252,0.00000323543732
1969,left road,1969,-2.60500001907349,0.0,8.30000019073486,-2.54999995231628,0.0,1.35000002384186,-2.60500001907349,0.0,8.30000019073486,5.87973546981812,1.20477902889252,-1.33747363090515,5.36760997772217,1.13206040859222,-0.75577080249786,"(5.36761, 1.13206, -0.755771)",truck body CS,12.8966331481934,0.1,5.87973546981812,1.20477902889252,-1.33747363090515,-0.00001581455571,90.4039194014252,0.00000323543732
1970,left road,1970,-2.50500011444092,0.0,8.30000019073486,-2.45000004768372,0.0,1.35000002384186,-2.50500011444092,0.0,8.30000019073486,5.87973546981812,1.20477902889252,-1.33747363090515,5.36985015869141,1.13151514530182,-0.75140810012817,"(5.36985, 1.131515, -0.751408)",truck body CS,12.8310623168945,0.1,5.87973546981812,1.20477902889252,-1.33747363090515,-0.00001581455571,90.4039194014252,0.00000323543732
1971,left road,1971,-2.40499997138977,0.0,8.30000019073486,-2.34999990463257,0.0,1.35000002384186,-2.40499997138977,0.0,8.30000019073486,5.87973546981812,1.20477902889252,-1.33747363090515,5.37247133255005,1.13101196289063,-0.74738252162933,"(5.372471, 1.131012, -0.747383)",truck body CS,12.7659406661987,0.1,5.87973546981812,1.20477902889252,-1.33747363090515,-0.00001581455571,90.4039194014252,0.00000323543732
1972,left road,1972,-2.3050000667572,0.0,8.30000019073486,-2.25,0.0,1.35000002384186,-2.3050000667572,0.0,8.30000019073486,5.87973546981812,1.20477902889252,-1.33747363090515,5.37556171417236,1.13056564331055,-0.74381256103516,"(5.375562, 1.130566, -0.743813)",truck body CS,12.7012710571289,0.1,5.87973546981812,1.20477902889252,-1.33747363090515,-0.00001581455571,90.4039194014252,0.00000323543732
1973,left road,1973,-2.20500016212463,0.0,8.30000019073486,-2.15000009536743,0.0,1.35000002384186,-2.20500016212463,0.0,8.30000019073486,5.87973546981812,1.20477902889252,-1.33747363090515,5.37868976593018,1.13011384010315,-0.74019831418991,"(5.37869, 1.130114, -0.740198)",truck body CS,12.6370620727539,0.1,5.87973546981812,1.20477902889252,-1.33747363090515,-0.00001581455571,90.4039194014252,0.00000323543732
1974,left road,1974,-2.10500001907349,0.0,8.30000019073486,-2.04999995231628,0.0,1.35000002384186,-2.10500001907349,0.0,8.30000019073486,5.87973546981812,1.20477902889252,-1.33747363090515,5.3818564414978,1.12965631484985,-0.73653972148895,"(5.381856, 1.129656, -0.73654)",truck body CS,12.5733213424683,0.1,5.87973546981812,1.20477902889252,-1.33747363090515,-0.00001581455571,90.4039194014252,0.00000323543732
1975,left road,1975,-2.00500011444092,0.0,8.30000019073486,-1.95000004768372,0.0,1.35000002384186,-2.00500011444092,0.0,8.30000019073486,5.87973546981812,1.20477902889252,-1.33747363090515,5.38506174087524,1.12919342517853,-0.73283624649048,"(5.385062, 1.129193, -0.732836)",truck body CS,12.5100536346436,0.1,5.87973546981812,1.20477902889252,-1.33747363090515,-0.00001581455571,90.4039194014252,0.00000323543732
1976,left road,1976,-1.90499997138977,0.0,8.30000019073486,-1.85000002384186,0.0,1.35000002384186,-1.90499997138977,0.0,8.30000019073486,5.87973546981812,1.20477902889252,-1.33747363090515,5.38830757141113,1.1287248134613,-0.72908735275269,"(5.388308, 1.128725, -0.729087)",truck body CS,12.4472694396973,0.1,5.87973546981812,1.20477902889252,-1.33747363090515,-0.00001581455571,90.4039194014252,0.00000323543732
1977,left road,1977,-1.80499994754791,0.0,8.30000019073486,-1.75,0.0,1.35000002384186,-1.80499994754791,0.0,8.30000019073486,5.87973546981812,1.20477902889252,-1.33747363090515,5.39159297943115,1.1282502412796,-0.7252910733223,"(5.391593, 1.12825, -0.725291)",truck body CS,12.384973526001,0.1,5.87973546981812,1.20477902889252,-1.33747363090515,-0.00001581455571,90.4039194014252,0.00000323543732
1978,left road,1978,-1.70499992370605,0.0,8.30000019073486,-1.64999997615814,0.0,1.35000002384186,-1.70499992370605,0.0,8.30000019073486,5.87973546981812,1.20477902889252,-1.33747363090515,5.39492177963257,1.127769947052,-0.72144937515259,"(5.394922, 1.12777, -0.721449)",truck body CS,12.3231735229492,0.1,5.87973546981812,1.20477902889252,-1.33747363090515,-0.00001581455571,90.4039194014252,0.00000323543732
1979,left road,1979,-1.6049998998642,0.0,8.30000019073486,-1.54999995231628,0.0,1.35000002384186,-1.6049998998642,0.0,8.30000019073486,5.87973546981812,1.20477902889252,-1.33747363090515,5.40148258209229,1.12779712677002,-0.7216671705246,"(5.401483, 1.127797, -0.721667)",truck body CS,12.2618789672852,0.1,5.87973546981812,1.20477902889252,-1.33747363090515,-0.00001581455571,90.4039194014252,0.00000323543732
1980,left road,1980,-1.50499999523163,0.0,8.30000019073486,-1.45000004768372,0.0,1.35000002384186,-1.50499999523163,0.0,8.30000019073486,5.87973546981812,1.20477902889252,-1.33747363090515,5.40789985656738,1.12780165672302,-0.72170317173004,"(5.4079, 1.127802, -0.721703)",truck body CS,12.2010946273804,0.1,5.87973546981812,1.20477902889252,-1.33747363090515,-0.00001581455571,90.4039194014252,0.00000323543732
1981,left road,1981,-1.40499997138977,0.0,8.30000019073486,-1.35000002384186,0.0,1.35000002384186,-1.40499997138977,0.0,8.30000019073486,5.87973546981812,1.20477902889252,-1.33747363090515,5.41405296325684,1.12776255607605,-0.72139072418213,"(5.414053, 1.127763, -0.721391)",truck body CS,12.1408309936523,0.1,5.87973546981812,1.20477902889252,-1.33747363090515,-0.00001581455571,90.4039194014252,0.00000323543732
1982,left road,1982,-1.30499994754791,0.0,8.30000019073486,-1.25,0.0,1.35000002384186,-1.30499994754791,0.0,8.30000019073486,5.87973546981812,1.20477902889252,-1.33747363090515,5.42021656036377,1.12772417068481,-0.72108268737793,"(5.420217, 1.127724, -0.721083)",truck body CS,12.081093788147,0.1,5.87973546981812,1.20477902889252,-1.33747363090515,-0.00001581455571,90.4039194014252,0.00000323543732
1983,left road,1983,-1.20499992370605,0.0,8.30000019073486,-1.14999997615814,0.0,1.35000002384186,-1.20499992370605,0.0,8.30000019073486,5.87973546981812,1.20477902889252,-1.33747363090515,5.42940473556519,1.12819910049438,-0.7248820066452,"(5.429405, 1.128199, -0.724882)",truck body CS,12.0218915939331,0.1,5.87973546981812,1.20477902889252,-1.33747363090515,-0.00001581455571,90.4039194014252,0.00000323543732
1984,left road,1984,-1.1049998998642,0.0,8.30000019073486,-1.04999995231628,0.0,1.35000002384186,-1.1049998998642,0.0,8.30000019073486,5.87973546981812,1.20477902889252,-1.33747363090515,5.84331130981445,1.19849634170532,-1.28721594810486,"(5.843311, 1.198496, -1.287216)",EyeArea,11.9632320404053,0.1,5.87973546981812,1.20477902889252,-1.33747363090515,-0.00001581455571,90.4039194014252,0.00000323543732
1985,left road,1985,-1.00499999523163,0.0,8.30000019073486,-0.94999998807907,0.0,1.35000002384186,-1.00499999523163,0.0,8.30000019073486,5.87973546981812,1.20477902889252,-1.33747363090515,5.84383535385132,1.19849681854248,-1.28721964359283,"(5.843835, 1.198497, -1.28722)",EyeArea,11.9051237106323,0.1,5.87973546981812,1.20477902889252,-1.33747363090515,-0.00001581455571,90.4039194014252,0.00000323543732
1986,left road,1986,-0.90500003099442,0.0,8.30000019073486,-0.85000002384186,0.0,1.35000002384186,-0.90500003099442,0.0,8.30000019073486,5.87973546981812,1.20477902889252,-1.33747363090515,5.84435987472534,1.19849729537964,-1.28722333908081,"(5.84436, 1.198497, -1.287223)",EyeArea,11.8475751876831,0.1,5.87973546981812,1.20477902889252,-1.33747363090515,-0.00001581455571,90.4039194014252,0.00000323543732
1987,left road,1987,-0.80500000715256,0.0,8.30000019073486,-0.75,0.0,1.35000002384186,-0.80500000715256,0.0,8.30000019073486,5.87973546981812,1.20477902889252,-1.33747363090515,5.84488344192505,1.19849765300751,-1.28722703456879,"(5.844883, 1.198498, -1.287227)",EyeArea,11.7905931472778,0.1,5.87973546981812,1.20477902889252,-1.33747363090515,-0.00001581455571,90.4039194014252,0.00000323543732
1988,left road,1988,-0.7049999833107,0.0,8.30000019073486,-0.64999997615814,0.0,1.35000002384186,-0.7049999833107,0.0,8.30000019073486,5.87973546981812,1.20477902889252,-1.33747363090515,5.84540748596191,1.19849824905396,-1.28723073005676,"(5.845407, 1.198498, -1.287231)",EyeArea,11.7341861724854,0.1,5.87973546981812,1.20477902889252,-1.33747363090515,-0.00001581455571,90.4039194014252,0.00000323543732
1989,left road,1989,-0.60500001907349,0.0,8.30000019073486,-0.55000001192093,0.0,1.35000002384186,-0.60500001907349,0.0,8.30000019073486,5.87973546981812,1.20477902889252,-1.33747363090515,5.84593105316162,1.19849860668182,-1.28723442554474,"(5.845931, 1.198499, -1.287234)",EyeArea,11.6783638000488,0.1,5.87973546981812,1.20477902889252,-1.33747363090515,-0.00001581455571,90.4039194014252,0.00000323543732
1990,left road,1990,-0.50499999523163,0.0,8.30000019073486,-0.44999998807907,0.0,1.35000002384186,-0.50499999523163,0.0,8.30000019073486,5.87973546981812,1.20477902889252,-1.33747363090515,5.84645509719849,1.19849920272827,-1.28723812103271,"(5.846455, 1.198499, -1.287238)",EyeArea,11.6231336593628,0.1,5.87973546981812,1.20477902889252,-1.33747363090515,-0.00001581455571,90.4039194014252,0.00000323543732
1991,left road,1991,-0.40500000119209,0.0,8.30000019073486,-0.34999999403954,0.0,1.35000002384186,-0.40500000119209,0.0,8.30000019073486,5.87973546981812,1.20477902889252,-1.33747363090515,5.84697866439819,1.19849956035614,-1.28724181652069,"(5.846979, 1.1985, -1.287242)",EyeArea,11.5685043334961,0.1,5.87973546981812,1.20477902889252,-1.33747363090515,-0.00001581455571,90.4039194014252,0.00000323543732
1992,left road,1992,-0.30500000715256,0.0,8.30000019073486,-0.25,0.0,1.35000002384186,-0.30500000715256,0.0,8.30000019073486,5.87973546981812,1.20477902889252,-1.33747363090515,5.8475022315979,1.1985000371933,-1.28724551200867,"(5.847502, 1.1985, -1.287246)",EyeArea,11.5144844055176,0.1,5.87973546981812,1.20477902889252,-1.33747363090515,-0.00001581455571,90.4039194014252,0.00000323543732
1993,left road,1993,-0.20500001311302,0.0,8.30000019073486,-0.15000000596046,0.0,1.35000002384186,-0.20500001311302,0.0,8.30000019073486,5.87973546981812,1.20477902889252,-1.33747363090515,5.84802579879761,1.19850051403046,-1.28724920749664,"(5.848026, 1.198501, -1.287249)",EyeArea,11.4610815048218,0.1,5.87973546981812,1.20477902889252,-1.33747363090515,-0.00001581455571,90.4039194014252,0.00000323543732
1994,left road,1994,-0.10500000417233,0.0,8.30000019073486,-0.05000000074506,0.0,1.35000002384186,-0.10500000417233,0.0,8.30000019073486,5.87973546981812,1.20477902889252,-1.33747363090515,5.84854936599731,1.19850099086761,-1.28725290298462,"(5.848549, 1.198501, -1.287253)",EyeArea,11.4083070755005,0.1,5.87973546981812,1.20477902889252,-1.33747363090515,-0.00001581455571,90.4039194014252,0.00000323543732
1995,left road,1995,-0.00499999895692,0.0,8.30000019073486,0.05000000074506,0.0,1.35000002384186,-0.00499999895692,0.0,8.30000019073486,5.87973546981812,1.20477902889252,-1.33747363090515,5.84907293319702,1.19850146770477,-1.2872565984726,"(5.849073, 1.198501, -1.287257)",EyeArea,11.3561658859253,0.1,5.87973546981812,1.20477902889252,-1.33747363090515,-0.00001581455571,90.4039194014252,0.00000323543732
1996,left road,1996,0.09500000625849,0.0,8.30000019073486,0.15000000596046,0.0,1.35000002384186,0.09500000625849,0.0,8.30000019073486,5.87973546981812,1.20477902889252,-1.33747363090515,5.84959602355957,1.19850182533264,-1.28726029396057,"(5.849596, 1.198502, -1.28726)",EyeArea,11.3046703338623,0.1,5.87973546981812,1.20477902889252,-1.33747363090515,-0.00001581455571,90.4039194014252,0.00000323543732
1997,left road,1997,0.19499999284744,0.0,8.30000019073486,0.25,0.0,1.35000002384186,0.19499999284744,0.0,8.30000019073486,5.87973546981812,1.20477902889252,-1.33747363090515,5.85011863708496,1.1985023021698,-1.28726398944855,"(5.850119, 1.198502, -1.287264)",EyeArea,11.2538261413574,0.1,5.87973546981812,1.20477902889252,-1.33747363090515,-0.00001581455571,90.4039194014252,0.00000323543732
1998,left road,1998,0.29499998688698,0.0,8.30000019073486,0.34999999403954,0.0,1.35000002384186,0.29499998688698,0.0,8.30000019073486,5.87973546981812,1.20477902889252,-1.33747363090515,5.85064172744751,1.19850277900696,-1.28726768493652,"(5.850642, 1.198503, -1.287268)",EyeArea,11.2036457061768,0.1,5.87973546981812,1.20477902889252,-1.33747363090515,-0.00001581455571,90.4039194014252,0.00000323543732
1999,left road,1999,0.39499998092651,0.0,8.30000019073486,0.44999998807907,0.0,1.35000002384186,0.39499998092651,0.0,8.30000019073486,5.87973546981812,1.20477902889252,-1.33747363090515,5.85116481781006,1.19850325584412,-1.2872713804245,"(5.851165, 1.198503, -1.287271)",EyeArea,11.1541347503662,0.1,5.87973546981812,1.20477902889252,-1.33747363090515,-0.00001581455571,90.4039194014252,0.00000323543732
2000,left road,2000,0.49500000476837,0.0,8.30000019073486,0.55000001192093,0.0,1.35000002384186,0.49500000476837,0.0,8.30000019073486,5.87973546981812,1.20477902889252,-1.33747363090515,5.85168790817261,1.19850373268127,-1.28727507591248,"(5.851688, 1.198504, -1.287275)",EyeArea,11.1053037643433,0.1,5.87973546981812,1.20477902889252,-1.33747363090515,-0.00001581455571,90.4039194014252,0.00000323543732
2001,left road,2001,0.59499996900558,0.0,8.30000019073486,0.64999997615814,0.0,1.35000002384186,0.59499996900558,0.0,8.30000019073486,5.87973546981812,1.20477902889252,-1.33747363090515,5.852210521698,1.19850420951843,-1.28727877140045,"(5.852211, 1.198504, -1.287279)",EyeArea,11.0571613311768,0.1,5.87973546981812,1.20477902889252,-1.33747363090515,-0.00001581455571,90.4039194014252,0.00000323543732
2002,left road,2002,0.69499999284744,0.0,8.30000019073486,0.75,0.0,1.35000002384186,0.69499999284744,0.0,8.30000019073486,5.87973546981812,1.20477902889252,-1.33747363090515,5.85273361206055,1.19850468635559,-1.28728246688843,"(5.852734, 1.198505, -1.287282)",EyeArea,11.0097169876099,0.1,5.87973546981812,1.20477902889252,-1.33747363090515,-0.00001581455571,90.4039194014252,0.00000323543732
2003,left road,2003,0.7950000166893,0.0,8.30000019073486,0.85000002384186,0.0,1.35000002384186,0.7950000166893,0.0,8.30000019073486,5.87973546981812,1.20477902889252,-1.33747363090515,5.85325622558594,1.19850516319275,-1.28728604316711,"(5.853256, 1.198505, -1.287286)",EyeArea,10.9629802703857,0.1,5.87973546981812,1.20477902889252,-1.33747363090515,-0.00001581455571,90.4039194014252,0.00000323543732
2004,left road,2004,0.89499998092651,0.0,8.30000019073486,0.94999998807907,0.0,1.35000002384186,0.89499998092651,0.0,8.30000019073486,5.87973546981812,1.20477902889252,-1.33747363090515,5.85377883911133,1.19850552082062,-1.28728973865509,"(5.853779, 1.198506, -1.28729)",EyeArea,10.9169588088989,0.1,5.87973546981812,1.20477902889252,-1.33747363090515,-0.00001581455571,90.4039194014252,0.00000323543732
2005,left road,2005,0.99499994516373,0.0,8.30000019073486,1.04999995231628,0.0,1.35000002384186,0.99499994516373,0.0,8.30000019073486,5.87973546981812,1.20477902889252,-1.33747363090515,5.85430192947388,1.19850599765778,-1.28729343414307,"(5.854302, 1.198506, -1.287293)",EyeArea,10.8716621398926,0.1,5.87973546981812,1.20477902889252,-1.33747363090515,-0.00001581455571,90.4039194014252,0.00000323543732
2006,left road,2006,1.09500002861023,0.0,8.30000019073486,1.14999997615814,0.0,1.35000002384186,1.09500002861023,0.0,8.30000019073486,5.87973546981812,1.20477902889252,-1.33747363090515,5.85482454299927,1.19850647449493,-1.28729712963104,"(5.854825, 1.198506, -1.287297)",EyeArea,10.8270998001099,0.1,5.87973546981812,1.20477902889252,-1.33747363090515,-0.00001581455571,90.4039194014252,0.00000323543732
2007,left road,2007,1.19500005245209,0.0,8.30000019073486,1.25,0.0,1.35000002384186,1.19500005245209,0.0,8.30000019073486,5.87973546981812,1.20477902889252,-1.33747363090515,5.8553466796875,1.19850695133209,-1.28730082511902,"(5.855347, 1.198507, -1.287301)",EyeArea,10.7832803726196,0.1,5.87973546981812,1.20477902889252,-1.33747363090515,-0.00001581455571,90.4039194014252,0.00000323543732
2008,left road,2008,1.29500007629395,0.0,8.30000019073486,1.35000002384186,0.0,1.35000002384186,1.29500007629395,0.0,8.30000019073486,5.87973546981812,1.20477902889252,-1.33747363090515,5.85586881637573,1.19850742816925,-1.28730452060699,"(5.855869, 1.198507, -1.287305)",EyeArea,10.7402143478394,0.1,5.87973546981812,1.20477902889252,-1.33747363090515,-0.00001581455571,90.4039194014252,0.00000323543732
2009,left road,2009,1.3950001001358,0.0,8.30000019073486,1.45000004768372,0.0,1.35000002384186,1.3950001001358,0.0,8.30000019073486,5.87973546981812,1.20477902889252,-1.33747363090515,5.85639095306396,1.19850778579712,-1.28730821609497,"(5.856391, 1.198508, -1.287308)",EyeArea,10.6979084014893,0.1,5.87973546981812,1.20477902889252,-1.33747363090515,-0.00001581455571,90.4039194014252,0.00000323543732
2010,left road,2010,1.49500000476837,0.0,8.30000019073486,1.54999995231628,0.0,1.35000002384186,1.49500000476837,0.0,8.30000019073486,5.87973546981812,1.20477902889252,-1.33747363090515,5.85691356658936,1.19850838184357,-1.28731191158295,"(5.856914, 1.198508, -1.287312)",EyeArea,10.6563739776611,0.1,5.87973546981812,1.20477902889252,-1.33747363090515,-0.00001581455571,90.4039194014252,0.00000323543732
2011,left road,2011,1.59500002861023,0.0,8.30000019073486,1.64999997615814,0.0,1.35000002384186,1.59500002861023,0.0,8.30000019073486,5.87973546981812,1.20477902889252,-1.33747363090515,5.85743618011475,1.19850873947144,-1.28731560707092,"(5.857436, 1.198509, -1.287316)",EyeArea,10.6156187057495,0.1,5.87973546981812,1.20477902889252,-1.33747363090515,-0.00001581455571,90.4039194014252,0.00000323543732
2012,left road,2012,1.69500005245209,0.0,8.30000019073486,1.75,0.0,1.35000002384186,1.69500005245209,0.0,8.30000019073486,5.87973546981812,1.20477902889252,-1.33747363090515,5.85795783996582,1.19850921630859,-1.28731918334961,"(5.857958, 1.198509, -1.287319)",EyeArea,10.5756511688232,0.1,5.87973546981812,1.20477902889252,-1.33747363090515,-0.00001581455571,90.4039194014252,0.00000323543732
2013,left road,2013,1.79500007629395,0.0,8.30000019073486,1.85000002384186,0.0,1.35000002384186,1.79500007629395,0.0,8.30000019073486,5.87973546981812,1.20477902889252,-1.33747363090515,5.85847949981689,1.19850969314575,-1.28732287883759,"(5.858479, 1.19851, -1.287323)",EyeArea,10.5364818572998,0.1,5.87973546981812,1.20477902889252,-1.33747363090515,-0.00001581455571,90.4039194014252,0.00000323543732
2014,left road,2014,1.8950001001358,0.0,8.30000019073486,1.95000004768372,0.0,1.35000002384186,1.8950001001358,0.0,8.30000019073486,5.87973546981812,1.20477902889252,-1.33747363090515,5.85900163650513,1.19851016998291,-1.28732657432556,"(5.859002, 1.19851, -1.287327)",EyeArea,10.498119354248,0.1,5.87973546981812,1.20477902889252,-1.33747363090515,-0.00001581455571,90.4039194014252,0.00000323543732
2015,left road,2015,1.99500000476837,0.0,8.30000019073486,2.04999995231628,0.0,1.35000002384186,1.99500000476837,0.0,8.30000019073486,5.87973546981812,1.20477902889252,-1.33747363090515,5.8595232963562,1.19851064682007,-1.28733026981354,"(5.859523, 1.198511, -1.28733)",EyeArea,10.4605722427368,0.1,5.87973546981812,1.20477902889252,-1.33747363090515,-0.00001581455571,90.4039194014252,0.00000323543732
2016,left road,2016,2.09500002861023,0.0,8.30000019073486,2.15000009536743,0.0,1.35000002384186,2.09500002861023,0.0,8.30000019073486,5.87973546981812,1.20477902889252,-1.33747363090515,5.86004495620728,1.19851112365723,-1.28733396530151,"(5.860045, 1.198511, -1.287334)",EyeArea,10.4238481521606,0.1,5.87973546981812,1.20477902889252,-1.33747363090515,-0.00001581455571,90.4039194014252,0.00000323543732
2017,left road,2017,2.1949999332428,0.0,8.30000019073486,2.25,0.0,1.35000002384186,2.1949999332428,0.0,8.30000019073486,5.87973546981812,1.20477902889252,-1.33747363090515,5.86056709289551,1.19851160049438,-1.28733766078949,"(5.860567, 1.198512, -1.287338)",EyeArea,10.3879585266113,0.1,5.87973546981812,1.20477902889252,-1.33747363090515,-0.00001581455571,90.4039194014252,0.00000323543732
2018,left road,2018,2.29499983787537,0.0,8.30000019073486,2.34999990463257,0.0,1.35000002384186,2.29499983787537,0.0,8.30000019073486,5.87973546981812,1.20477902889252,-1.33747363090515,5.86108827590942,1.19851195812225,-1.28734135627747,"(5.861088, 1.198512, -1.287341)",EyeArea,10.3529090881348,0.1,5.87973546981812,1.20477902889252,-1.33747363090515,-0.00001581455571,90.4039194014252,0.00000323543732
2019,left road,2019,2.39499998092651,0.0,8.30000019073486,2.45000004768372,0.0,1.35000002384186,2.39499998092651,0.0,8.30000019073486,5.87973546981812,1.20477902889252,-1.33747363090515,5.8616099357605,1.19851243495941,-1.28734493255615,"(5.86161, 1.198512, -1.287345)",EyeArea,10.3187103271484,0.1,5.87973546981812,1.20477902889252,-1.33747363090515,-0.00001581455571,90.4039194014252,0.00000323543732
2020,left road,2020,2.49499988555908,0.0,8.30000019073486,2.54999995231628,0.0,1.35000002384186,2.49499988555908,0.0,8.30000019073486,5.87973546981812,1.20477902889252,-1.33747363090515,5.86213159561157,1.19851291179657,-1.28734862804413,"(5.862132, 1.198513, -1.287349)",EyeArea,10.2853698730469,0.1,5.87973546981812,1.20477902889252,-1.33747363090515,-0.00001581455571,90.4039194014252,0.00000323543732
2021,left road,2021,2.59500002861023,0.0,8.30000019073486,2.65000009536743,0.0,1.35000002384186,2.59500002861023,0.0,8.30000019073486,5.87973546981812,1.20477902889252,-1.33747363090515,5.86265277862549,1.19851338863373,-1.2873523235321,"(5.862653, 1.198513, -1.287352)",EyeArea,10.2528963088989,0.1,5.87973546981812,1.20477902889252,-1.33747363090515,-0.00001581455571,90.4039194014252,0.00000323543732
2022,left road,2022,2.6949999332428,0.0,8.30000019073486,2.75,0.0,1.35000002384186,2.6949999332428,0.0,8.30000019073486,5.87973546981812,1.20477902889252,-1.33747363090515,5.8631739616394,1.19851386547089,-1.28735601902008,"(5.863174, 1.198514, -1.287356)",EyeArea,10.2212982177734,0.1,5.87973546981812,1.20477902889252,-1.33747363090515,-0.00001581455571,90.4039194014252,0.00000323543732
2023,left road,2023,2.79499983787537,0.0,8.30000019073486,2.84999990463257,0.0,1.35000002384186,2.79499983787537,0.0,8.30000019073486,5.87973546981812,1.20477902889252,-1.33747363090515,5.86369514465332,1.19851434230804,-1.28735971450806,"(5.863695, 1.198514, -1.28736)",EyeArea,10.1905832290649,0.1,5.87973546981812,1.20477902889252,-1.33747363090515,-0.00001581455571,90.4039194014252,0.00000323543732
2024,left road,2024,2.89499998092651,0.0,8.30000019073486,2.95000004768372,0.0,1.35000002384186,2.89499998092651,0.0,8.30000019073486,5.87973546981812,1.20477902889252,-1.33747363090515,5.86421632766724,1.19851469993591,-1.28736340999603,"(5.864216, 1.198515, -1.287363)",EyeArea,10.1607599258423,0.1,5.87973546981812,1.20477902889252,-1.33747363090515,-0.00001581455571,90.4039194014252,0.00000323543732
2025,left road,2025,2.99499988555908,0.0,8.30000019073486,3.04999995231628,0.0,1.35000002384186,2.99499988555908,0.0,8.30000019073486,5.87973546981812,1.20477902889252,-1.33747363090515,5.86473751068115,1.19851517677307,-1.28736698627472,"(5.864738, 1.198515, -1.287367)",EyeArea,10.1318359375,0.1,5.87973546981812,1.20477902889252,-1.33747363090515,-0.00001581455571,90.4039194014252,0.00000323543732
2026,left road,2026,3.09500002861023,0.0,8.30000019073486,3.15000009536743,0.0,1.35000002384186,3.09500002861023,0.0,8.30000019073486,5.87973546981812,1.20477902889252,-1.33747363090515,5.86525821685791,1.19851565361023,-1.2873706817627,"(5.865258, 1.198516, -1.287371)",EyeArea,10.1038188934326,0.1,5.87973546981812,1.20477902889252,-1.33747363090515,-0.00001581455571,90.4039194014252,0.00000323543732
2027,left road,2027,3.1949999332428,0.0,8.30000019073486,3.25,0.0,1.35000002384186,3.1949999332428,0.0,8.30000019073486,5.87973546981812,1.20477902889252,-1.33747363090515,5.86577939987183,1.19851613044739,-1.28737437725067,"(5.865779, 1.198516, -1.287374)",EyeArea,10.0767154693604,0.1,5.87973546981812,1.20477902889252,-1.33747363090515,-0.00001581455571,90.4039194014252,0.00000323543732
2028,left road,2028,3.29499983787537,0.0,8.30000019073486,3.34999990463257,0.0,1.35000002384186,3.29499983787537,0.0,8.30000019073486,5.87973546981812,1.20477902889252,-1.33747363090515,5.86630010604858,1.19851660728455,-1.28737807273865,"(5.8663, 1.198517, -1.287378)",EyeArea,10.0505352020264,0.1,5.87973546981812,1.20477902889252,-1.33747363090515,-0.00001581455571,90.4039194014252,0.00000323543732
2029,left road,2029,3.39499998092651,0.0,8.30000019073486,3.45000004768372,0.0,1.35000002384186,3.39499998092651,0.0,8.30000019073486,5.87973546981812,1.20477902889252,-1.33747363090515,5.86682081222534,1.19851696491241,-1.28738176822662,"(5.866821, 1.198517, -1.287382)",EyeArea,10.0252838134766,0.1,5.87973546981812,1.20477902889252,-1.33747363090515,-0.00001581455571,90.4039194014252,0.00000323543732
2030,left road,2030,-3.50500011444092,0.0,8.39999961853027,-3.45000004768372,0.0,1.45000004768372,-3.50500011444092,0.0,8.39999961853027,5.87973546981812,1.20477902889252,-1.33747363090515,5.35226535797119,1.1370644569397,-0.79017841815948,"(5.352265, 1.137064, -0.790178)",truck body CS,13.5773019790649,0.1,5.87973546981812,1.20477902889252,-1.33747363090515,-0.00001581455571,90.4039194014252,0.00000323543732
2031,left road,2031,-3.40499997138977,0.0,8.39999961853027,-3.34999990463257,0.0,1.45000004768372,-3.40499997138977,0.0,8.39999961853027,5.87973546981812,1.20477902889252,-1.33747363090515,5.35424375534058,1.13659167289734,-0.78635770082474,"(5.354244, 1.136592, -0.786358)",truck body CS,13.5083751678467,0.1,5.87973546981812,1.20477902889252,-1.33747363090515,-0.00001581455571,90.4039194014252,0.00000323543732
2032,left road,2032,-3.3050000667572,0.0,8.39999961853027,-3.25,0.0,1.45000004768372,-3.3050000667572,0.0,8.39999961853027,5.87973546981812,1.20477902889252,-1.33747363090515,5.35625028610229,1.13611257076263,-0.78248524665833,"(5.35625, 1.136113, -0.782485)",truck body CS,13.4398374557495,0.1,5.87973546981812,1.20477902889252,-1.33747363090515,-0.00001581455571,90.4039194014252,0.00000323543732
2033,left road,2033,-3.20500016212463,0.0,8.39999961853027,-3.15000009536743,0.0,1.45000004768372,-3.20500016212463,0.0,8.39999961853027,5.87973546981812,1.20477902889252,-1.33747363090515,5.35828542709351,1.13562655448914,-0.77855694293976,"(5.358285, 1.135627, -0.778557)",truck body CS,13.3716983795166,0.1,5.87973546981812,1.20477902889252,-1.33747363090515,-0.00001581455571,90.4039194014252,0.00000323543732
2034,left road,2034,-3.10500001907349,0.0,8.39999961853027,-3.04999995231628,0.0,1.45000004768372,-3.10500001907349,0.0,8.39999961853027,5.87973546981812,1.20477902889252,-1.33747363090515,5.36034822463989,1.13513350486755,-0.77457195520401,"(5.360348, 1.135134, -0.774572)",truck body CS,13.3039608001709,0.1,5.87973546981812,1.20477902889252,-1.33747363090515,-0.00001581455571,90.4039194014252,0.00000323543732
2035,left road,2035,-3.00500011444092,0.0,8.39999961853027,-2.95000004768372,0.0,1.45000004768372,-3.00500011444092,0.0,8.39999961853027,5.87973546981812,1.20477902889252,-1.33747363090515,5.36244201660156,1.13463366031647,-0.77053236961365,"(5.362442, 1.134634, -0.770532)",truck body CS,13.2366313934326,0.1,5.87973546981812,1.20477902889252,-1.33747363090515,-0.00001581455571,90.4039194014252,0.00000323543732
2036,left road,2036,-2.90499997138977,0.0,8.39999961853027,-2.84999990463257,0.0,1.45000004768372,-2.90499997138977,0.0,8.39999961853027,5.87973546981812,1.20477902889252,-1.33747363090515,5.3645658493042,1.13412618637085,-0.76643127202988,"(5.364566, 1.134126, -0.766431)",truck body CS,13.1697177886963,0.1,5.87973546981812,1.20477902889252,-1.33747363090515,-0.00001581455571,90.4039194014252,0.00000323543732
2037,left road,2037,-2.8050000667572,0.0,8.39999961853027,-2.75,0.0,1.45000004768372,-2.8050000667572,0.0,8.39999961853027,5.87973546981812,1.20477902889252,-1.33747363090515,5.36671829223633,1.13361144065857,-0.76227056980133,"(5.366718, 1.133611, -0.762271)",truck body CS,13.1032257080078,0.1,5.87973546981812,1.20477902889252,-1.33747363090515,-0.00001581455571,90.4039194014252,0.00000323543732
2038,left road,2038,-2.70500016212463,0.0,8.39999961853027,-2.65000009536743,0.0,1.45000004768372,-2.70500016212463,0.0,8.39999961853027,5.87973546981812,1.20477902889252,-1.33747363090515,5.36890554428101,1.13308930397034,-0.7580503821373,"(5.368906, 1.133089, -0.75805)",truck body CS,13.0371608734131,0.1,5.87973546981812,1.20477902889252,-1.33747363090515,-0.00001581455571,90.4039194014252,0.00000323543732
2039,left road,2039,-2.60500001907349,0.0,8.39999961853027,-2.54999995231628,0.0,1.45000004768372,-2.60500001907349,0.0,8.39999961853027,5.87973546981812,1.20477902889252,-1.33747363090515,5.37112331390381,1.13255929946899,-0.75376617908478,"(5.371123, 1.132559, -0.753766)",truck body CS,12.9715309143066,0.1,5.87973546981812,1.20477902889252,-1.33747363090515,-0.00001581455571,90.4039194014252,0.00000323543732
2040,left road,2040,-2.50500011444092,0.0,8.39999961853027,-2.45000004768372,0.0,1.45000004768372,-2.50500011444092,0.0,8.39999961853027,5.87973546981812,1.20477902889252,-1.33747363090515,5.37337589263916,1.13202166557312,-0.74942189455032,"(5.373376, 1.132022, -0.749422)",truck body CS,12.9063425064087,0.1,5.87973546981812,1.20477902889252,-1.33747363090515,-0.00001581455571,90.4039194014252,0.00000323543732
2041,left road,2041,-2.40499997138977,0.0,8.39999961853027,-2.34999990463257,0.0,1.45000004768372,-2.40499997138977,0.0,8.39999961853027,5.87973546981812,1.20477902889252,-1.33747363090515,5.37566089630127,1.13147568702698,-0.74500888586044,"(5.375661, 1.131476, -0.745009)",truck body CS,12.8416023254395,0.1,5.87973546981812,1.20477902889252,-1.33747363090515,-0.00001581455571,90.4039194014252,0.00000323543732
2042,left road,2042,-2.3050000667572,0.0,8.39999961853027,-2.25,0.0,1.45000004768372,-2.3050000667572,0.0,8.39999961853027,5.87973546981812,1.20477902889252,-1.33747363090515,5.3786792755127,1.13102459907532,-0.7413621544838,"(5.378679, 1.131025, -0.741362)",truck body CS,12.7773141860962,0.1,5.87973546981812,1.20477902889252,-1.33747363090515,-0.00001581455571,90.4039194014252,0.00000323543732
2043,left road,2043,-2.20500016212463,0.0,8.39999961853027,-2.15000009536743,0.0,1.45000004768372,-2.20500016212463,0.0,8.39999961853027,5.87973546981812,1.20477902889252,-1.33747363090515,5.38180875778198,1.13057851791382,-0.7377570271492,"(5.381809, 1.130579, -0.737757)",truck body CS,12.713490486145,0.1,5.87973546981812,1.20477902889252,-1.33747363090515,-0.00001581455571,90.4039194014252,0.00000323543732
2044,left road,2044,-2.10500001907349,0.0,8.39999961853027,-2.04999995231628,0.0,1.45000004768372,-2.10500001907349,0.0,8.39999961853027,5.87973546981812,1.20477902889252,-1.33747363090515,5.38497352600098,1.13012671470642,-0.73410576581955,"(5.384974, 1.130127, -0.734106)",truck body CS,12.6501331329346,0.1,5.87973546981812,1.20477902889252,-1.33747363090515,-0.00001581455571,90.4039194014252,0.00000323543732
2045,left road,2045,-2.00500011444092,0.0,8.39999961853027,-1.95000004768372,0.0,1.45000004768372,-2.00500011444092,0.0,8.39999961853027,5.87973546981812,1.20477902889252,-1.33747363090515,5.3881778717041,1.1296694278717,-0.73041021823883,"(5.388178, 1.129669, -0.73041)",truck body CS,12.5872526168823,0.1,5.87973546981812,1.20477902889252,-1.33747363090515,-0.00001581455571,90.4039194014252,0.00000323543732
2046,left road,2046,-1.90499997138977,0.0,8.39999961853027,-1.85000002384186,0.0,1.45000004768372,-1.90499997138977,0.0,8.39999961853027,5.87973546981812,1.20477902889252,-1.33747363090515,5.39142274856567,1.12920689582825,-0.72667169570923,"(5.391423, 1.129207, -0.726672)",truck body CS,12.5248546600342,0.1,5.87973546981812,1.20477902889252,-1.33747363090515,-0.00001581455571,90.4039194014252,0.00000323543732
2047,left road,2047,-1.80499994754791,0.0,8.39999961853027,-1.75,0.0,1.45000004768372,-1.80499994754791,0.0,8.39999961853027,5.87973546981812,1.20477902889252,-1.33747363090515,5.39470720291138,1.12873840332031,-0.72288513183594,"(5.394707, 1.128738, -0.722885)",truck body CS,12.4629468917847,0.1,5.87973546981812,1.20477902889252,-1.33747363090515,-0.00001581455571,90.4039194014252,0.00000323543732
2048,left road,2048,-1.70499992370605,0.0,8.39999961853027,-1.64999997615814,0.0,1.45000004768372,-1.70499992370605,0.0,8.39999961853027,5.87973546981812,1.20477902889252,-1.33747363090515,5.40096187591553,1.12872934341431,-0.72281205654144,"(5.400962, 1.128729, -0.722812)",truck body CS,12.401535987854,0.1,5.87973546981812,1.20477902889252,-1.33747363090515,-0.00001581455571,90.4039194014252,0.00000323543732
2049,left road,2049,-1.6049998998642,0.0,8.39999961853027,-1.54999995231628,0.0,1.45000004768372,-1.6049998998642,0.0,8.39999961853027,5.87973546981812,1.20477902889252,-1.33747363090515,5.4071569442749,1.12871050834656,-0.72265923023224,"(5.407157, 1.128711, -0.722659)",truck body CS,12.340630531311,0.1,5.87973546981812,1.20477902889252,-1.33747363090515,-0.00001581455571,90.4039194014252,0.00000323543732
2050,left road,2050,-1.50499999523163,0.0,8.39999961853027,-1.45000004768372,0.0,1.45000004768372,-1.50499999523163,0.0,8.39999961853027,5.87973546981812,1.20477902889252,-1.33747363090515,5.4132399559021,1.12867283821106,-0.72235488891602,"(5.41324, 1.128673, -0.722355)",truck body CS,12.2802362442017,0.1,5.87973546981812,1.20477902889252,-1.33747363090515,-0.00001581455571,90.4039194014252,0.00000323543732
2051,left road,2051,-1.40499997138977,0.0,8.39999961853027,-1.35000002384186,0.0,1.45000004768372,-1.40499997138977,0.0,8.39999961853027,5.87973546981812,1.20477902889252,-1.33747363090515,5.42134952545166,1.12896919250488,-0.72475081682205,"(5.42135, 1.128969, -0.724751)",truck body CS,12.2203617095947,0.1,5.87973546981812,1.20477902889252,-1.33747363090515,-0.00001581455571,90.4039194014252,0.00000323543732
2052,left road,2052,-1.30499994754791,0.0,8.39999961853027,-1.25,0.0,1.45000004768372,-1.30499994754791,0.0,8.39999961853027,5.87973546981812,1.20477902889252,-1.33747363090515,5.84264945983887,1.19856023788452,-1.28721129894257,"(5.842649, 1.19856, -1.287211)",EyeArea,12.1610155105591,0.1,5.87973546981812,1.20477902889252,-1.33747363090515,-0.00001581455571,90.4039194014252,0.00000323543732
2053,left road,2053,-1.20499992370605,0.0,8.39999961853027,-1.14999997615814,0.0,1.45000004768372,-1.20499992370605,0.0,8.39999961853027,5.87973546981812,1.20477902889252,-1.33747363090515,5.84316873550415,1.19856071472168,-1.28721499443054,"(5.843169, 1.198561, -1.287215)",EyeArea,12.1022043228149,0.1,5.87973546981812,1.20477902889252,-1.33747363090515,-0.00001581455571,90.4039194014252,0.00000323543732
2054,left road,2054,-1.1049998998642,0.0,8.39999961853027,-1.04999995231628,0.0,1.45000004768372,-1.1049998998642,0.0,8.39999961853027,5.87973546981812,1.20477902889252,-1.33747363090515,5.84368753433228,1.19856119155884,-1.28721868991852,"(5.843688, 1.198561, -1.287219)",EyeArea,12.0439367294312,0.1,5.87973546981812,1.20477902889252,-1.33747363090515,-0.00001581455571,90.4039194014252,0.00000323543732
2055,left road,2055,-1.00499999523163,0.0,8.39999961853027,-0.94999998807907,0.0,1.45000004768372,-1.00499999523163,0.0,8.39999961853027,5.87973546981812,1.20477902889252,-1.33747363090515,5.84420585632324,1.198561668396,-1.2872222661972,"(5.844206, 1.198562, -1.287222)",EyeArea,11.9862194061279,0.1,5.87973546981812,1.20477902889252,-1.33747363090515,-0.00001581455571,90.4039194014252,0.00000323543732
2056,left road,2056,-0.90500003099442,0.0,8.39999961853027,-0.85000002384186,0.0,1.45000004768372,-0.90500003099442,0.0,8.39999961853027,5.87973546981812,1.20477902889252,-1.33747363090515,5.84472465515137,1.19856214523315,-1.28722596168518,"(5.844725, 1.198562, -1.287226)",EyeArea,11.9290618896484,0.1,5.87973546981812,1.20477902889252,-1.33747363090515,-0.00001581455571,90.4039194014252,0.00000323543732
2057,left road,2057,-0.80500000715256,0.0,8.39999961853027,-0.75,0.0,1.45000004768372,-0.80500000715256,0.0,8.39999961853027,5.87973546981812,1.20477902889252,-1.33747363090515,5.84524345397949,1.19856250286102,-1.28722965717316,"(5.845243, 1.198563, -1.28723)",EyeArea,11.8724708557129,0.1,5.87973546981812,1.20477902889252,-1.33747363090515,-0.00001581455571,90.4039194014252,0.00000323543732
2058,left road,2058,-0.7049999833107,0.0,8.39999961853027,-0.64999997615814,0.0,1.45000004768372,-0.7049999833107,0.0,8.39999961853027,5.87973546981812,1.20477902889252,-1.33747363090515,5.84576177597046,1.19856297969818,-1.28723323345184,"(5.845762, 1.198563, -1.287233)",EyeArea,11.8164558410645,0.1,5.87973546981812,1.20477902889252,-1.33747363090515,-0.00001581455571,90.4039194014252,0.00000323543732
2059,left road,2059,-0.60500001907349,0.0,8.39999961853027,-0.55000001192093,0.0,1.45000004768372,-0.60500001907349,0.0,8.39999961853027,5.87973546981812,1.20477902889252,-1.33747363090515,5.84628009796143,1.19856345653534,-1.28723692893982,"(5.84628, 1.198563, -1.287237)",EyeArea,11.7610244750977,0.1,5.87973546981812,1.20477902889252,-1.33747363090515,-0.00001581455571,90.4039194014252,0.00000323543732
2060,left road,2060,-0.50499999523163,0.0,8.39999961853027,-0.44999998807907,0.0,1.45000004768372,-0.50499999523163,0.0,8.39999961853027,5.87973546981812,1.20477902889252,-1.33747363090515,5.84679841995239,1.1985639333725,-1.2872406244278,"(5.846798, 1.198564, -1.287241)",EyeArea,11.7061834335327,0.1,5.87973546981812,1.20477902889252,-1.33747363090515,-0.00001581455571,90.4039194014252,0.00000323543732
2061,left road,2061,-0.40500000119209,0.0,8.39999961853027,-0.34999999403954,0.0,1.45000004768372,-0.40500000119209,0.0,8.39999961853027,5.87973546981812,1.20477902889252,-1.33747363090515,5.84731674194336,1.19856441020966,-1.28724420070648,"(5.847317, 1.198564, -1.287244)",EyeArea,11.6519441604614,0.1,5.87973546981812,1.20477902889252,-1.33747363090515,-0.00001581455571,90.4039194014252,0.00000323543732
2062,left road,2062,-0.30500000715256,0.0,8.39999961853027,-0.25,0.0,1.45000004768372,-0.30500000715256,0.0,8.39999961853027,5.87973546981812,1.20477902889252,-1.33747363090515,5.84783458709717,1.19856476783752,-1.28724789619446,"(5.847835, 1.198565, -1.287248)",EyeArea,11.5983114242554,0.1,5.87973546981812,1.20477902889252,-1.33747363090515,-0.00001581455571,90.4039194014252,0.00000323543732
2063,left road,2063,-0.20500001311302,0.0,8.39999961853027,-0.15000000596046,0.0,1.45000004768372,-0.20500001311302,0.0,8.39999961853027,5.87973546981812,1.20477902889252,-1.33747363090515,5.84835290908813,1.19856524467468,-1.28725147247314,"(5.848353, 1.198565, -1.287251)",EyeArea,11.5452966690063,0.1,5.87973546981812,1.20477902889252,-1.33747363090515,-0.00001581455571,90.4039194014252,0.00000323543732
2064,left road,2064,-0.10500000417233,0.0,8.39999961853027,-0.05000000074506,0.0,1.45000004768372,-0.10500000417233,0.0,8.39999961853027,5.87973546981812,1.20477902889252,-1.33747363090515,5.8488712310791,1.19856572151184,-1.28725516796112,"(5.848871, 1.198566, -1.287255)",EyeArea,11.4929084777832,0.1,5.87973546981812,1.20477902889252,-1.33747363090515,-0.00001581455571,90.4039194014252,0.00000323543732
2065,left road,2065,-0.00499999895692,0.0,8.39999961853027,0.05000000074506,0.0,1.45000004768372,-0.00499999895692,0.0,8.39999961853027,5.87973546981812,1.20477902889252,-1.33747363090515,5.84938907623291,1.198566198349,-1.2872588634491,"(5.849389, 1.198566, -1.287259)",EyeArea,11.4411535263062,0.1,5.87973546981812,1.20477902889252,-1.33747363090515,-0.00001581455571,90.4039194014252,0.00000323543732
2066,left road,2066,0.09500000625849,0.0,8.39999961853027,0.15000000596046,0.0,1.45000004768372,0.09500000625849,0.0,8.39999961853027,5.87973546981812,1.20477902889252,-1.33747363090515,5.84990692138672,1.19856667518616,-1.28726243972778,"(5.849907, 1.198567, -1.287262)",EyeArea,11.3900413513184,0.1,5.87973546981812,1.20477902889252,-1.33747363090515,-0.00001581455571,90.4039194014252,0.00000323543732
2067,left road,2067,0.19499999284744,0.0,8.39999961853027,0.25,0.0,1.45000004768372,0.19499999284744,0.0,8.39999961853027,5.87973546981812,1.20477902889252,-1.33747363090515,5.85042428970337,1.19856703281403,-1.28726613521576,"(5.850424, 1.198567, -1.287266)",EyeArea,11.3395805358887,0.1,5.87973546981812,1.20477902889252,-1.33747363090515,-0.00001581455571,90.4039194014252,0.00000323543732
2068,left road,2068,0.29499998688698,0.0,8.39999961853027,0.34999999403954,0.0,1.45000004768372,0.29499998688698,0.0,8.39999961853027,5.87973546981812,1.20477902889252,-1.33747363090515,5.85094165802002,1.19856750965118,-1.28726983070374,"(5.850942, 1.198568, -1.28727)",EyeArea,11.2897806167603,0.1,5.87973546981812,1.20477902889252,-1.33747363090515,-0.00001581455571,90.4039194014252,0.00000323543732
2069,left road,2069,0.39499998092651,0.0,8.39999961853027,0.44999998807907,0.0,1.45000004768372,0.39499998092651,0.0,8.39999961853027,5.87973546981812,1.20477902889252,-1.33747363090515,5.85145950317383,1.19856798648834,-1.28727340698242,"(5.85146, 1.198568, -1.287273)",EyeArea,11.2406492233276,0.1,5.87973546981812,1.20477902889252,-1.33747363090515,-0.00001581455571,90.4039194014252,0.00000323543732
2070,left road,2070,0.49500000476837,0.0,8.39999961853027,0.55000001192093,0.0,1.45000004768372,0.49500000476837,0.0,8.39999961853027,5.87973546981812,1.20477902889252,-1.33747363090515,5.85197734832764,1.1985684633255,-1.2872771024704,"(5.851977, 1.198568, -1.287277)",EyeArea,11.192195892334,0.1,5.87973546981812,1.20477902889252,-1.33747363090515,-0.00001581455571,90.4039194014252,0.00000323543732
2071,left road,2071,0.59499996900558,0.0,8.39999961853027,0.64999997615814,0.0,1.45000004768372,0.59499996900558,0.0,8.39999961853027,5.87973546981812,1.20477902889252,-1.33747363090515,5.85249471664429,1.19856882095337,-1.28728067874908,"(5.852495, 1.198569, -1.287281)",EyeArea,11.1444292068481,0.1,5.87973546981812,1.20477902889252,-1.33747363090515,-0.00001581455571,90.4039194014252,0.00000323543732
2072,left road,2072,0.69499999284744,0.0,8.39999961853027,0.75,0.0,1.45000004768372,0.69499999284744,0.0,8.39999961853027,5.87973546981812,1.20477902889252,-1.33747363090515,5.85301208496094,1.19856929779053,-1.28728437423706,"(5.853012, 1.198569, -1.287284)",EyeArea,11.097357749939,0.1,5.87973546981812,1.20477902889252,-1.33747363090515,-0.00001581455571,90.4039194014252,0.00000323543732
2073,left road,2073,0.7950000166893,0.0,8.39999961853027,0.85000002384186,0.0,1.45000004768372,0.7950000166893,0.0,8.39999961853027,5.87973546981812,1.20477902889252,-1.33747363090515,5.85352945327759,1.19856977462769,-1.28728806972504,"(5.853529, 1.19857, -1.287288)",EyeArea,11.0509920120239,0.1,5.87973546981812,1.20477902889252,-1.33747363090515,-0.00001581455571,90.4039194014252,0.00000323543732
2074,left road,2074,0.89499998092651,0.0,8.39999961853027,0.94999998807907,0.0,1.45000004768372,0.89499998092651,0.0,8.39999961853027,5.87973546981812,1.20477902889252,-1.33747363090515,5.85404682159424,1.19857025146484,-1.28729164600372,"(5.854047, 1.19857, -1.287292)",EyeArea,11.0053386688232,0.1,5.87973546981812,1.20477902889252,-1.33747363090515,-0.00001581455571,90.4039194014252,0.00000323543732
2075,left road,2075,0.99499994516373,0.0,8.39999961853027,1.04999995231628,0.0,1.45000004768372,0.99499994516373,0.0,8.39999961853027,5.87973546981812,1.20477902889252,-1.33747363090515,5.85456371307373,1.198570728302,-1.2872953414917,"(5.854564, 1.198571, -1.287295)",EyeArea,10.9604072570801,0.1,5.87973546981812,1.20477902889252,-1.33747363090515,-0.00001581455571,90.4039194014252,0.00000323543732
2076,left road,2076,1.09500002861023,0.0,8.39999961853027,1.14999997615814,0.0,1.45000004768372,1.09500002861023,0.0,8.39999961853027,5.87973546981812,1.20477902889252,-1.33747363090515,5.85508108139038,1.19857108592987,-1.28729891777039,"(5.855081, 1.198571, -1.287299)",EyeArea,10.9162073135376,0.1,5.87973546981812,1.20477902889252,-1.33747363090515,-0.00001581455571,90.4039194014252,0.00000323543732
2077,left road,2077,1.19500005245209,0.0,8.39999961853027,1.25,0.0,1.45000004768372,1.19500005245209,0.0,8.39999961853027,5.87973546981812,1.20477902889252,-1.33747363090515,5.85559797286987,1.19857156276703,-1.28730261325836,"(5.855598, 1.198572, -1.287303)",EyeArea,10.8727474212646,0.1,5.87973546981812,1.20477902889252,-1.33747363090515,-0.00001581455571,90.4039194014252,0.00000323543732
2078,left road,2078,1.29500007629395,0.0,8.39999961853027,1.35000002384186,0.0,1.45000004768372,1.29500007629395,0.0,8.39999961853027,5.87973546981812,1.20477902889252,-1.33747363090515,5.85611486434937,1.19857203960419,-1.28730630874634,"(5.856115, 1.198572, -1.287306)",EyeArea,10.8300361633301,0.1,5.87973546981812,1.20477902889252,-1.33747363090515,-0.00001581455571,90.4039194014252,0.00000323543732
2079,left road,2079,1.3950001001358,0.0,8.39999961853027,1.45000004768372,0.0,1.45000004768372,1.3950001001358,0.0,8.39999961853027,5.87973546981812,1.20477902889252,-1.33747363090515,5.85663175582886,1.19857251644135,-1.28730988502502,"(5.856632, 1.198573, -1.28731)",EyeArea,10.7880830764771,0.1,5.87973546981812,1.20477902889252,-1.33747363090515,-0.00001581455571,90.4039194014252,0.00000323543732
2080,left road,2080,1.49500000476837,0.0,8.39999961853027,1.54999995231628,0.0,1.45000004768372,1.49500000476837,0.0,8.39999961853027,5.87973546981812,1.20477902889252,-1.33747363090515,5.85714864730835,1.19857287406921,-1.287313580513,"(5.857149, 1.198573, -1.287314)",EyeArea,10.7468967437744,0.1,5.87973546981812,1.20477902889252,-1.33747363090515,-0.00001581455571,90.4039194014252,0.00000323543732
2081,left road,2081,1.59500002861023,0.0,8.39999961853027,1.64999997615814,0.0,1.45000004768372,1.59500002861023,0.0,8.39999961853027,5.87973546981812,1.20477902889252,-1.33747363090515,5.857666015625,1.19857335090637,-1.28731715679169,"(5.857666, 1.198573, -1.287317)",EyeArea,10.706485748291,0.1,5.87973546981812,1.20477902889252,-1.33747363090515,-0.00001581455571,90.4039194014252,0.00000323543732
2082,left road,2082,1.69500005245209,0.0,8.39999961853027,1.75,0.0,1.45000004768372,1.69500005245209,0.0,8.39999961853027,5.87973546981812,1.20477902889252,-1.33747363090515,5.85818195343018,1.19857382774353,-1.28732085227966,"(5.858182, 1.198574, -1.287321)",EyeArea,10.66685962677,0.1,5.87973546981812,1.20477902889252,-1.33747363090515,-0.00001581455571,90.4039194014252,0.00000323543732
2083,left road,2083,1.79500007629395,0.0,8.39999961853027,1.85000002384186,0.0,1.45000004768372,1.79500007629395,0.0,8.39999961853027,5.87973546981812,1.20477902889252,-1.33747363090515,5.85869836807251,1.19857430458069,-1.28732442855835,"(5.858698, 1.198574, -1.287324)",EyeArea,10.628026008606,0.1,5.87973546981812,1.20477902889252,-1.33747363090515,-0.00001581455571,90.4039194014252,0.00000323543732
2084,left road,2084,1.8950001001358,0.0,8.39999961853027,1.95000004768372,0.0,1.45000004768372,1.8950001001358,0.0,8.39999961853027,5.87973546981812,1.20477902889252,-1.33747363090515,5.859215259552,1.19857478141785,-1.28732812404633,"(5.859215, 1.198575, -1.287328)",EyeArea,10.5899953842163,0.1,5.87973546981812,1.20477902889252,-1.33747363090515,-0.00001581455571,90.4039194014252,0.00000323543732
2085,left road,2085,1.99500000476837,0.0,8.39999961853027,2.04999995231628,0.0,1.45000004768372,1.99500000476837,0.0,8.39999961853027,5.87973546981812,1.20477902889252,-1.33747363090515,5.85973167419434,1.19857513904572,-1.28733170032501,"(5.859732, 1.198575, -1.287332)",EyeArea,10.5527744293213,0.1,5.87973546981812,1.20477902889252,-1.33747363090515,-0.00001581455571,90.4039194014252,0.00000323543732
2086,left road,2086,2.09500002861023,0.0,8.39999961853027,2.15000009536743,0.0,1.45000004768372,2.09500002861023,0.0,8.39999961853027,5.87973546981812,1.20477902889252,-1.33747363090515,5.86024808883667,1.19857561588287,-1.28733539581299,"(5.860248, 1.198576, -1.287335)",EyeArea,10.5163726806641,0.1,5.87973546981812,1.20477902889252,-1.33747363090515,-0.00001581455571,90.4039194014252,0.00000323543732
2087,left road,2087,2.1949999332428,0.0,8.39999961853027,2.25,0.0,1.45000004768372,2.1949999332428,0.0,8.39999961853027,5.87973546981812,1.20477902889252,-1.33747363090515,5.86076402664185,1.19857609272003,-1.28733897209167,"(5.860764, 1.198576, -1.287339)",EyeArea,10.4807996749878,0.1,5.87973546981812,1.20477902889252,-1.33747363090515,-0.00001581455571,90.4039194014252,0.00000323543732
2088,left road,2088,2.29499983787537,0.0,8.39999961853027,2.34999990463257,0.0,1.45000004768372,2.29499983787537,0.0,8.39999961853027,5.87973546981812,1.20477902889252,-1.33747363090515,5.86128044128418,1.19857656955719,-1.28734266757965,"(5.86128, 1.198577, -1.287343)",EyeArea,10.4460620880127,0.1,5.87973546981812,1.20477902889252,-1.33747363090515,-0.00001581455571,90.4039194014252,0.00000323543732
2089,left road,2089,2.39499998092651,0.0,8.39999961853027,2.45000004768372,0.0,1.45000004768372,2.39499998092651,0.0,8.39999961853027,5.87973546981812,1.20477902889252,-1.33747363090515,5.86179637908936,1.19857692718506,-1.28734636306763,"(5.861796, 1.198577, -1.287346)",EyeArea,10.4121685028076,0.1,5.87973546981812,1.20477902889252,-1.33747363090515,-0.00001581455571,90.4039194014252,0.00000323543732
2090,left road,2090,2.49499988555908,0.0,8.39999961853027,2.54999995231628,0.0,1.45000004768372,2.49499988555908,0.0,8.39999961853027,5.87973546981812,1.20477902889252,-1.33747363090515,5.86231279373169,1.19857740402222,-1.28734993934631,"(5.862313, 1.198577, -1.28735)",EyeArea,10.37912940979,0.1,5.87973546981812,1.20477902889252,-1.33747363090515,-0.00001581455571,90.4039194014252,0.00000323543732
2091,left road,2091,2.59500002861023,0.0,8.39999961853027,2.65000009536743,0.0,1.45000004768372,2.59500002861023,0.0,8.39999961853027,5.87973546981812,1.20477902889252,-1.33747363090515,5.86282873153687,1.19857788085938,-1.28735363483429,"(5.862829, 1.198578, -1.287354)",EyeArea,10.3469495773315,0.1,5.87973546981812,1.20477902889252,-1.33747363090515,-0.00001581455571,90.4039194014252,0.00000323543732
2092,left road,2092,2.6949999332428,0.0,8.39999961853027,2.75,0.0,1.45000004768372,2.6949999332428,0.0,8.39999961853027,5.87973546981812,1.20477902889252,-1.33747363090515,5.86334419250488,1.19857835769653,-1.28735721111298,"(5.863344, 1.198578, -1.287357)",EyeArea,10.3156394958496,0.1,5.87973546981812,1.20477902889252,-1.33747363090515,-0.00001581455571,90.4039194014252,0.00000323543732
2093,left road,2093,2.79499983787537,0.0,8.39999961853027,2.84999990463257,0.0,1.45000004768372,2.79499983787537,0.0,8.39999961853027,5.87973546981812,1.20477902889252,-1.33747363090515,5.86386013031006,1.19857883453369,-1.28736090660095,"(5.86386, 1.198579, -1.287361)",EyeArea,10.2852067947388,0.1,5.87973546981812,1.20477902889252,-1.33747363090515,-0.00001581455571,90.4039194014252,0.00000323543732
2094,left road,2094,2.89499998092651,0.0,8.39999961853027,2.95000004768372,0.0,1.45000004768372,2.89499998092651,0.0,8.39999961853027,5.87973546981812,1.20477902889252,-1.33747363090515,5.86437606811523,1.19857919216156,-1.28736448287964,"(5.864376, 1.198579, -1.287364)",EyeArea,10.2556581497192,0.1,5.87973546981812,1.20477902889252,-1.33747363090515,-0.00001581455571,90.4039194014252,0.00000323543732
2095,left road,2095,2.99499988555908,0.0,8.39999961853027,3.04999995231628,0.0,1.45000004768372,2.99499988555908,0.0,8.39999961853027,5.87973546981812,1.20477902889252,-1.33747363090515,5.86489152908325,1.19857966899872,-1.28736817836761,"(5.864892, 1.19858, -1.287368)",EyeArea,10.2270030975342,0.1,5.87973546981812,1.20477902889252,-1.33747363090515,-0.00001581455571,90.4039194014252,0.00000323543732
2096,left road,2096,3.09500002861023,0.0,8.39999961853027,3.15000009536743,0.0,1.45000004768372,3.09500002861023,0.0,8.39999961853027,5.87973546981812,1.20477902889252,-1.33747363090515,5.86540746688843,1.19858014583588,-1.2873717546463,"(5.865407, 1.19858, -1.287372)",EyeArea,10.1992464065552,0.1,5.87973546981812,1.20477902889252,-1.33747363090515,-0.00001581455571,90.4039194014252,0.00000323543732
2097,left road,2097,3.1949999332428,0.0,8.39999961853027,3.25,0.0,1.45000004768372,3.1949999332428,0.0,8.39999961853027,5.87973546981812,1.20477902889252,-1.33747363090515,5.86592292785645,1.19858062267303,-1.28737545013428,"(5.865923, 1.198581, -1.287375)",EyeArea,10.1723985671997,0.1,5.87973546981812,1.20477902889252,-1.33747363090515,-0.00001581455571,90.4039194014252,0.00000323543732
2098,left road,2098,3.29499983787537,0.0,8.39999961853027,3.34999990463257,0.0,1.45000004768372,3.29499983787537,0.0,8.39999961853027,5.87973546981812,1.20477902889252,-1.33747363090515,5.86643838882446,1.1985809803009,-1.28737902641296,"(5.866438, 1.198581, -1.287379)",EyeArea,10.1464643478394,0.1,5.87973546981812,1.20477902889252,-1.33747363090515,-0.00001581455571,90.4039194014252,0.00000323543732
2099,left road,2099,3.39499998092651,0.0,8.39999961853027,3.45000004768372,0.0,1.45000004768372,3.39499998092651,0.0,8.39999961853027,5.87973546981812,1.20477902889252,-1.33747363090515,5.86695384979248,1.19858145713806,-1.28738260269165,"(5.866954, 1.198581, -1.287383)",EyeArea,10.121452331543,0.1,5.87973546981812,1.20477902889252,-1.33747363090515,-0.00001581455571,90.4039194014252,0.00000323543732
