ray_id,ray_name,voxel_id,voxel_center_global_x,voxel_center_global_y,voxel_center_global_z,voxel_center_local_x,voxel_center_local_y,voxel_center_local_z,ray_origin_point,ray_origin_point,ray_origin_point,ray_target_position,ray_target_position,ray_target_position,x_collision_point,y_collision_point,z_collision_point,collision_point_global,collider_name,ray_length,voxwl_size,eye_global_position_x,eye_global_position_y,eye_global_position_z,eye_global_rotation_deg_x,eye_global_rotation_deg_y,eye_global_rotation_deg_z
0,left road,0,-3.50500011444092,0.0,5.5,-3.45000004768372,0.0,-1.45000004768372,-3.50500011444092,0.0,5.5,12.4012203216553,1.20473229885101,-1.36282587051392,11.7507429122925,1.15546536445618,-1.08217310905457,"(11.75074, 1.155465, -1.082173)",truck body CS,17.3654136657715,0.1,12.4012203216553,1.20473229885101,-1.36282587051392,0.00073747700243,90.083440095379,0.0000012201708
1,left road,1,-3.40499997138977,0.0,5.5,-3.34999990463257,0.0,-1.45000004768372,-3.40499997138977,0.0,5.5,12.4012203216553,1.20473229885101,-1.36282587051392,11.750789642334,1.15515720844269,-1.08041846752167,"(11.75079, 1.155157, -1.080418)",truck body CS,17.2738628387451,0.1,12.4012203216553,1.20473229885101,-1.36282587051392,0.00073747700243,90.083440095379,0.0000012201708
2,left road,2,-3.3050000667572,0.0,5.5,-3.25,0.0,-1.45000004768372,-3.3050000667572,0.0,5.5,12.4012203216553,1.20473229885101,-1.36282587051392,11.7508277893066,1.15484428405762,-1.07863640785217,"(11.75083, 1.154844, -1.078636)",truck body CS,17.1824073791504,0.1,12.4012203216553,1.20473229885101,-1.36282587051392,0.00073747700243,90.083440095379,0.0000012201708
3,left road,3,-3.20500016212463,0.0,5.5,-3.15000009536743,0.0,-1.45000004768372,-3.20500016212463,0.0,5.5,12.4012203216553,1.20473229885101,-1.36282587051392,11.7509632110596,1.15453517436981,-1.07687473297119,"(11.75096, 1.154535, -1.076875)",truck body CS,17.0910472869873,0.1,12.4012203216553,1.20473229885101,-1.36282587051392,0.00073747700243,90.083440095379,0.0000012201708
4,left road,4,-3.10500001907349,0.0,5.5,-3.04999995231628,0.0,-1.45000004768372,-3.10500001907349,0.0,5.5,12.4012203216553,1.20473229885101,-1.36282587051392,11.7512292861938,1.15423214435577,-1.07514905929565,"(11.75123, 1.154232, -1.075149)",truck body CS,16.9997825622559,0.1,12.4012203216553,1.20473229885101,-1.36282587051392,0.00073747700243,90.083440095379,0.0000012201708
5,left road,5,-3.00500011444092,0.0,5.5,-2.95000004768372,0.0,-1.45000004768372,-3.00500011444092,0.0,5.5,12.4012203216553,1.20473229885101,-1.36282587051392,11.7514963150024,1.15392529964447,-1.07340097427368,"(11.7515, 1.153925, -1.073401)",truck body CS,16.908618927002,0.1,12.4012203216553,1.20473229885101,-1.36282587051392,0.00073747700243,90.083440095379,0.0000012201708
6,left road,6,-2.90499997138977,0.0,5.5,-2.84999990463257,0.0,-1.45000004768372,-2.90499997138977,0.0,5.5,12.4012203216553,1.20473229885101,-1.36282587051392,11.7517528533936,1.15361356735229,-1.07162475585938,"(11.75175, 1.153614, -1.071625)",truck body CS,16.817554473877,0.1,12.4012203216553,1.20473229885101,-1.36282587051392,0.00073747700243,90.083440095379,0.0000012201708
7,left road,7,-2.8050000667572,0.0,5.5,-2.75,0.0,-1.45000004768372,-2.8050000667572,0.0,5.5,12.4012203216553,1.20473229885101,-1.36282587051392,11.7519950866699,1.15329647064209,-1.0698184967041,"(11.752, 1.153296, -1.069818)",truck body CS,16.7265930175781,0.1,12.4012203216553,1.20473229885101,-1.36282587051392,0.00073747700243,90.083440095379,0.0000012201708
8,left road,8,-2.70500016212463,0.0,5.5,-2.65000009536743,0.0,-1.45000004768372,-2.70500016212463,0.0,5.5,12.4012203216553,1.20473229885101,-1.36282587051392,11.7522640228271,1.15297746658325,-1.06800198554993,"(11.75226, 1.152977, -1.068002)",truck body CS,16.6357345581055,0.1,12.4012203216553,1.20473229885101,-1.36282587051392,0.00073747700243,90.083440095379,0.0000012201708
9,left road,9,-2.60500001907349,0.0,5.5,-2.54999995231628,0.0,-1.45000004768372,-2.60500001907349,0.0,5.5,12.4012203216553,1.20473229885101,-1.36282587051392,11.741021156311,1.1517299413681,-1.06089496612549,"(11.74102, 1.15173, -1.060895)",truck body CS,16.5449810028076,0.1,12.4012203216553,1.20473229885101,-1.36282587051392,0.00073747700243,90.083440095379,0.0000012201708
10,left road,10,-2.50500011444092,0.0,5.5,-2.45000004768372,0.0,-1.45000004768372,-2.50500011444092,0.0,5.5,12.4012203216553,1.20473229885101,-1.36282587051392,11.740894317627,1.15136420726776,-1.05881118774414,"(11.74089, 1.151364, -1.058811)",truck body CS,16.4543361663818,0.1,12.4012203216553,1.20473229885101,-1.36282587051392,0.00073747700243,90.083440095379,0.0000012201708
11,left road,11,-2.40499997138977,0.0,5.5,-2.34999990463257,0.0,-1.45000004768372,-2.40499997138977,0.0,5.5,12.4012203216553,1.20473229885101,-1.36282587051392,11.7407512664795,1.15099203586578,-1.0566920042038,"(11.74075, 1.150992, -1.056692)",truck body CS,16.3638000488281,0.1,12.4012203216553,1.20473229885101,-1.36282587051392,0.00073747700243,90.083440095379,0.0000012201708
12,left road,12,-2.3050000667572,0.0,5.5,-2.25,0.0,-1.45000004768372,-2.3050000667572,0.0,5.5,12.4012203216553,1.20473229885101,-1.36282587051392,11.7411518096924,1.15065956115723,-1.05479693412781,"(11.74115, 1.15066, -1.054797)",truck body CS,16.2733745574951,0.1,12.4012203216553,1.20473229885101,-1.36282587051392,0.00073747700243,90.083440095379,0.0000012201708
13,left road,13,-2.20500016212463,0.0,5.5,-2.15000009536743,0.0,-1.45000004768372,-2.20500016212463,0.0,5.5,12.4012203216553,1.20473229885101,-1.36282587051392,11.7416257858276,1.15032839775085,-1.05291056632996,"(11.74163, 1.150328, -1.052911)",truck body CS,16.1830596923828,0.1,12.4012203216553,1.20473229885101,-1.36282587051392,0.00073747700243,90.083440095379,0.0000012201708
14,left road,14,-2.10500001907349,0.0,5.5,-2.04999995231628,0.0,-1.45000004768372,-2.10500001907349,0.0,5.5,12.4012203216553,1.20473229885101,-1.36282587051392,11.7421073913574,1.14999318122864,-1.05100226402283,"(11.74211, 1.149993, -1.051002)",truck body CS,16.0928611755371,0.1,12.4012203216553,1.20473229885101,-1.36282587051392,0.00073747700243,90.083440095379,0.0000012201708
15,left road,15,-2.00500011444092,0.0,5.5,-1.95000004768372,0.0,-1.45000004768372,-2.00500011444092,0.0,5.5,12.4012203216553,1.20473229885101,-1.36282587051392,11.7425937652588,1.14965391159058,-1.04906940460205,"(11.74259, 1.149654, -1.049069)",truck body CS,16.002779006958,0.1,12.4012203216553,1.20473229885101,-1.36282587051392,0.00073747700243,90.083440095379,0.0000012201708
16,left road,16,-1.90499997138977,0.0,5.5,-1.85000002384186,0.0,-1.45000004768372,-1.90499997138977,0.0,5.5,12.4012203216553,1.20473229885101,-1.36282587051392,11.743070602417,1.14930927753448,-1.04710495471954,"(11.74307, 1.149309, -1.047105)",truck body CS,15.9128150939941,0.1,12.4012203216553,1.20473229885101,-1.36282587051392,0.00073747700243,90.083440095379,0.0000012201708
17,left road,17,-1.80499994754791,0.0,5.5,-1.75,0.0,-1.45000004768372,-1.80499994754791,0.0,5.5,12.4012203216553,1.20473229885101,-1.36282587051392,11.7435321807861,1.14895820617676,-1.04510569572449,"(11.74353, 1.148958, -1.045106)",truck body CS,15.8229732513428,0.1,12.4012203216553,1.20473229885101,-1.36282587051392,0.00073747700243,90.083440095379,0.0000012201708
18,left road,18,-1.70499992370605,0.0,5.5,-1.64999997615814,0.0,-1.45000004768372,-1.70499992370605,0.0,5.5,12.4012203216553,1.20473229885101,-1.36282587051392,11.7439908981323,1.14860200881958,-1.04307699203491,"(11.74399, 1.148602, -1.043077)",truck body CS,15.7332515716553,0.1,12.4012203216553,1.20473229885101,-1.36282587051392,0.00073747700243,90.083440095379,0.0000012201708
19,left road,19,-1.6049998998642,0.0,5.5,-1.54999995231628,0.0,-1.45000004768372,-1.6049998998642,0.0,5.5,12.4012203216553,1.20473229885101,-1.36282587051392,11.7445650100708,1.14825057983398,-1.04107475280762,"(11.74457, 1.148251, -1.041075)",truck body CS,15.6436557769775,0.1,12.4012203216553,1.20473229885101,-1.36282587051392,0.00073747700243,90.083440095379,0.0000012201708
20,left road,20,-1.50499999523163,0.0,5.5,-1.45000004768372,0.0,-1.45000004768372,-1.50499999523163,0.0,5.5,12.4012203216553,1.20473229885101,-1.36282587051392,11.7456455230713,1.14793801307678,-1.03929483890533,"(11.74565, 1.147938, -1.039295)",truck body CS,15.5541868209839,0.1,12.4012203216553,1.20473229885101,-1.36282587051392,0.00073747700243,90.083440095379,0.0000012201708
21,left road,21,-1.40499997138977,0.0,5.5,-1.35000002384186,0.0,-1.45000004768372,-1.40499997138977,0.0,5.5,12.4012203216553,1.20473229885101,-1.36282587051392,11.7464056015015,1.14759302139282,-1.03732895851135,"(11.74641, 1.147593, -1.037329)",truck body CS,15.4648466110229,0.1,12.4012203216553,1.20473229885101,-1.36282587051392,0.00073747700243,90.083440095379,0.0000012201708
22,left road,22,-1.30499994754791,0.0,5.5,-1.25,0.0,-1.45000004768372,-1.30499994754791,0.0,5.5,12.4012203216553,1.20473229885101,-1.36282587051392,11.7466268539429,1.14719557762146,-1.03506445884705,"(11.74663, 1.147196, -1.035064)",truck body CS,15.3756380081177,0.1,12.4012203216553,1.20473229885101,-1.36282587051392,0.00073747700243,90.083440095379,0.0000012201708
23,left road,23,-1.20499992370605,0.0,5.5,-1.14999997615814,0.0,-1.45000004768372,-1.20499992370605,0.0,5.5,12.4012203216553,1.20473229885101,-1.36282587051392,11.7473611831665,1.14683771133423,-1.03302645683289,"(11.74736, 1.146838, -1.033026)",truck body CS,15.2865619659424,0.1,12.4012203216553,1.20473229885101,-1.36282587051392,0.00073747700243,90.083440095379,0.0000012201708
24,left road,24,-1.1049998998642,0.0,5.5,-1.04999995231628,0.0,-1.45000004768372,-1.1049998998642,0.0,5.5,12.4012203216553,1.20473229885101,-1.36282587051392,11.7482957839966,1.14649248123169,-1.0310595035553,"(11.7483, 1.146492, -1.03106)",truck body CS,15.1976222991943,0.1,12.4012203216553,1.20473229885101,-1.36282587051392,0.00073747700243,90.083440095379,0.0000012201708
25,left road,25,-1.00499999523163,0.0,5.5,-0.94999998807907,0.0,-1.45000004768372,-1.00499999523163,0.0,5.5,12.4012203216553,1.20473229885101,-1.36282587051392,11.7492399215698,1.14614284038544,-1.0290675163269,"(11.74924, 1.146143, -1.029068)",truck body CS,15.1088218688965,0.1,12.4012203216553,1.20473229885101,-1.36282587051392,0.00073747700243,90.083440095379,0.0000012201708
26,left road,26,-0.90500003099442,0.0,5.5,-0.85000002384186,0.0,-1.45000004768372,-0.90500003099442,0.0,5.5,12.4012203216553,1.20473229885101,-1.36282587051392,11.7501964569092,1.14578914642334,-1.02705311775208,"(11.7502, 1.145789, -1.027053)",truck body CS,15.0201616287231,0.1,12.4012203216553,1.20473229885101,-1.36282587051392,0.00073747700243,90.083440095379,0.0000012201708
27,left road,27,-0.80500000715256,0.0,5.5,-0.75,0.0,-1.45000004768372,-0.80500000715256,0.0,5.5,12.4012203216553,1.20473229885101,-1.36282587051392,11.7511081695557,1.14542591571808,-1.02498424053192,"(11.75111, 1.145426, -1.024984)",truck body CS,14.9316453933716,0.1,12.4012203216553,1.20473229885101,-1.36282587051392,0.00073747700243,90.083440095379,0.0000012201708
28,left road,28,-0.7049999833107,0.0,5.5,-0.64999997615814,0.0,-1.45000004768372,-0.7049999833107,0.0,5.5,12.4012203216553,1.20473229885101,-1.36282587051392,11.7519416809082,1.14505004882813,-1.02284216880798,"(11.75194, 1.14505, -1.022842)",truck body CS,14.8432731628418,0.1,12.4012203216553,1.20473229885101,-1.36282587051392,0.00073747700243,90.083440095379,0.0000012201708
29,left road,29,-0.60500001907349,0.0,5.5,-0.55000001192093,0.0,-1.45000004768372,-0.60500001907349,0.0,5.5,12.4012203216553,1.20473229885101,-1.36282587051392,11.7527856826782,1.14466941356659,-1.02067363262177,"(11.75279, 1.144669, -1.020674)",truck body CS,14.7550506591797,0.1,12.4012203216553,1.20473229885101,-1.36282587051392,0.00073747700243,90.083440095379,0.0000012201708
30,left road,30,-0.50499999523163,0.0,5.5,-0.44999998807907,0.0,-1.45000004768372,-0.50499999523163,0.0,5.5,12.4012203216553,1.20473229885101,-1.36282587051392,11.7536392211914,1.1442836523056,-1.01847720146179,"(11.75364, 1.144284, -1.018477)",truck body CS,14.6669797897339,0.1,12.4012203216553,1.20473229885101,-1.36282587051392,0.00073747700243,90.083440095379,0.0000012201708
31,left road,31,-0.40500000119209,0.0,5.5,-0.34999999403954,0.0,-1.45000004768372,-0.40500000119209,0.0,5.5,12.4012203216553,1.20473229885101,-1.36282587051392,11.7558250427246,1.14401721954346,-1.01695871353149,"(11.75583, 1.144017, -1.016959)",truck body CS,14.5790615081787,0.1,12.4012203216553,1.20473229885101,-1.36282587051392,0.00073747700243,90.083440095379,0.0000012201708
32,left road,32,-0.30500000715256,0.0,5.5,-0.25,0.0,-1.45000004768372,-0.30500000715256,0.0,5.5,12.4012203216553,1.20473229885101,-1.36282587051392,11.7583599090576,1.14377975463867,-1.01560640335083,"(11.75836, 1.14378, -1.015606)",truck body CS,14.4913005828857,0.1,12.4012203216553,1.20473229885101,-1.36282587051392,0.00073747700243,90.083440095379,0.0000012201708
33,left road,33,-0.20500001311302,0.0,5.5,-0.15000000596046,0.0,-1.45000004768372,-0.20500001311302,0.0,5.5,12.4012203216553,1.20473229885101,-1.36282587051392,11.7609605789185,1.14354491233826,-1.01426815986633,"(11.76096, 1.143545, -1.014268)",truck body CS,14.4036989212036,0.1,12.4012203216553,1.20473229885101,-1.36282587051392,0.00073747700243,90.083440095379,0.0000012201708
34,left road,34,-0.10500000417233,0.0,5.5,-0.05000000074506,0.0,-1.45000004768372,-0.10500000417233,0.0,5.5,12.4012203216553,1.20473229885101,-1.36282587051392,11.7636251449585,1.14331221580505,-1.01294326782227,"(11.76363, 1.143312, -1.012943)",truck body CS,14.3162593841553,0.1,12.4012203216553,1.20473229885101,-1.36282587051392,0.00073747700243,90.083440095379,0.0000012201708
35,left road,35,-0.00499999895692,0.0,5.5,0.05000000074506,0.0,-1.45000004768372,-0.00499999895692,0.0,5.5,12.4012203216553,1.20473229885101,-1.36282587051392,11.7666654586792,1.14311254024506,-1.01180458068848,"(11.76667, 1.143113, -1.011805)",truck body CS,14.2289867401123,0.1,12.4012203216553,1.20473229885101,-1.36282587051392,0.00073747700243,90.083440095379,0.0000012201708
36,left road,36,0.09500000625849,0.0,5.5,0.15000000596046,0.0,-1.45000004768372,0.09500000625849,0.0,5.5,12.4012203216553,1.20473229885101,-1.36282587051392,11.7708110809326,1.14301753044128,-1.01126444339752,"(11.77081, 1.143018, -1.011264)",truck body CS,14.141881942749,0.1,12.4012203216553,1.20473229885101,-1.36282587051392,0.00073747700243,90.083440095379,0.0000012201708
37,left road,37,0.19499999284744,0.0,5.5,0.25,0.0,-1.45000004768372,0.19499999284744,0.0,5.5,12.4012203216553,1.20473229885101,-1.36282587051392,11.7749824523926,1.14292359352112,-1.01072978973389,"(11.77498, 1.142924, -1.01073)",truck body CS,14.0549488067627,0.1,12.4012203216553,1.20473229885101,-1.36282587051392,0.00073747700243,90.083440095379,0.0000012201708
38,left road,38,0.29499998688698,0.0,5.5,0.34999999403954,0.0,-1.45000004768372,0.29499998688698,0.0,5.5,12.4012203216553,1.20473229885101,-1.36282587051392,11.7791614532471,1.14282894134521,-1.01018965244293,"(11.77916, 1.142829, -1.01019)",truck body CS,13.968189239502,0.1,12.4012203216553,1.20473229885101,-1.36282587051392,0.00073747700243,90.083440095379,0.0000012201708
39,left road,39,0.39499998092651,0.0,5.5,0.44999998807907,0.0,-1.45000004768372,0.39499998092651,0.0,5.5,12.4012203216553,1.20473229885101,-1.36282587051392,11.7837553024292,1.1427743434906,-1.00987887382507,"(11.78376, 1.142774, -1.009879)",truck body CS,13.881609916687,0.1,12.4012203216553,1.20473229885101,-1.36282587051392,0.00073747700243,90.083440095379,0.0000012201708
40,left road,40,0.49500000476837,0.0,5.5,0.55000001192093,0.0,-1.45000004768372,0.49500000476837,0.0,5.5,12.4012203216553,1.20473229885101,-1.36282587051392,11.788477897644,1.14273190498352,-1.00963687896729,"(11.78848, 1.142732, -1.009637)",truck body CS,13.7952108383179,0.1,12.4012203216553,1.20473229885101,-1.36282587051392,0.00073747700243,90.083440095379,0.0000012201708
41,left road,41,0.59499996900558,0.0,5.5,0.64999997615814,0.0,-1.45000004768372,0.59499996900558,0.0,5.5,12.4012203216553,1.20473229885101,-1.36282587051392,11.7932081222534,1.14268922805786,-1.00939416885376,"(11.79321, 1.142689, -1.009394)",truck body CS,13.7089967727661,0.1,12.4012203216553,1.20473229885101,-1.36282587051392,0.00073747700243,90.083440095379,0.0000012201708
42,left road,42,0.69499999284744,0.0,5.5,0.75,0.0,-1.45000004768372,0.69499999284744,0.0,5.5,12.4012203216553,1.20473229885101,-1.36282587051392,11.7979679107666,1.14264929294586,-1.0091655254364,"(11.79797, 1.142649, -1.009166)",truck body CS,13.622971534729,0.1,12.4012203216553,1.20473229885101,-1.36282587051392,0.00073747700243,90.083440095379,0.0000012201708
43,left road,43,0.7950000166893,0.0,5.5,0.85000002384186,0.0,-1.45000004768372,0.7950000166893,0.0,5.5,12.4012203216553,1.20473229885101,-1.36282587051392,11.8027677536011,1.14261245727539,-1.00895702838898,"(11.80277, 1.142612, -1.008957)",truck body CS,13.5371379852295,0.1,12.4012203216553,1.20473229885101,-1.36282587051392,0.00073747700243,90.083440095379,0.0000012201708
44,left road,44,0.89499998092651,0.0,5.5,0.94999998807907,0.0,-1.45000004768372,0.89499998092651,0.0,5.5,12.4012203216553,1.20473229885101,-1.36282587051392,11.8065204620361,1.14246559143066,-1.00811958312988,"(11.80652, 1.142466, -1.00812)",truck body CS,13.4514999389648,0.1,12.4012203216553,1.20473229885101,-1.36282587051392,0.00073747700243,90.083440095379,0.0000012201708
45,left road,45,0.99499994516373,0.0,5.5,1.04999995231628,0.0,-1.45000004768372,0.99499994516373,0.0,5.5,12.4012203216553,1.20473229885101,-1.36282587051392,11.8081064224243,1.14208710193634,-1.00596332550049,"(11.80811, 1.142087, -1.005963)",truck body CS,13.3660621643066,0.1,12.4012203216553,1.20473229885101,-1.36282587051392,0.00073747700243,90.083440095379,0.0000012201708
46,left road,46,1.09500002861023,0.0,5.5,1.14999997615814,0.0,-1.45000004768372,1.09500002861023,0.0,5.5,12.4012203216553,1.20473229885101,-1.36282587051392,11.8119096755981,1.14193820953369,-1.00511682033539,"(11.81191, 1.141938, -1.005117)",truck body CS,13.2808275222778,0.1,12.4012203216553,1.20473229885101,-1.36282587051392,0.00073747700243,90.083440095379,0.0000012201708
47,left road,47,1.19500005245209,0.0,5.5,1.25,0.0,-1.45000004768372,1.19500005245209,0.0,5.5,12.4012203216553,1.20473229885101,-1.36282587051392,11.8176031112671,1.14199006557465,-1.00541067123413,"(11.8176, 1.14199, -1.005411)",truck body CS,13.1957998275757,0.1,12.4012203216553,1.20473229885101,-1.36282587051392,0.00073747700243,90.083440095379,0.0000012201708
48,left road,48,1.29500007629395,0.0,5.5,1.35000002384186,0.0,-1.45000004768372,1.29500007629395,0.0,5.5,12.4012203216553,1.20473229885101,-1.36282587051392,11.8232307434082,1.14203560352325,-1.00567030906677,"(11.82323, 1.142036, -1.00567)",truck body CS,13.1109838485718,0.1,12.4012203216553,1.20473229885101,-1.36282587051392,0.00073747700243,90.083440095379,0.0000012201708
49,left road,49,1.3950001001358,0.0,5.5,1.45000004768372,0.0,-1.45000004768372,1.3950001001358,0.0,5.5,12.4012203216553,1.20473229885101,-1.36282587051392,11.8288698196411,1.14208316802979,-1.00594162940979,"(11.82887, 1.142083, -1.005942)",truck body CS,13.0263824462891,0.1,12.4012203216553,1.20473229885101,-1.36282587051392,0.00073747700243,90.083440095379,0.0000012201708
50,left road,50,1.49500000476837,0.0,5.5,1.54999995231628,0.0,-1.45000004768372,1.49500000476837,0.0,5.5,12.4012203216553,1.20473229885101,-1.36282587051392,11.8556118011475,1.14446258544922,-1.01949656009674,"(11.85561, 1.144463, -1.019497)",truck body CS,12.9420013427734,0.1,12.4012203216553,1.20473229885101,-1.36282587051392,0.00073747700243,90.083440095379,0.0000012201708
51,left road,51,1.59500002861023,0.0,5.5,1.64999997615814,0.0,-1.45000004768372,1.59500002861023,0.0,5.5,12.4012203216553,1.20473229885101,-1.36282587051392,11.8602294921875,1.14441990852356,-1.01925241947174,"(11.86023, 1.14442, -1.019252)",truck body CS,12.8578433990479,0.1,12.4012203216553,1.20473229885101,-1.36282587051392,0.00073747700243,90.083440095379,0.0000012201708
52,left road,52,1.69500005245209,0.0,5.5,1.75,0.0,-1.45000004768372,1.69500005245209,0.0,5.5,12.4012203216553,1.20473229885101,-1.36282587051392,11.864860534668,1.14437747001648,-1.01901197433472,"(11.86486, 1.144377, -1.019012)",truck body CS,12.7739152908325,0.1,12.4012203216553,1.20473229885101,-1.36282587051392,0.00073747700243,90.083440095379,0.0000012201708
53,left road,53,1.79500007629395,0.0,5.5,1.85000002384186,0.0,-1.45000004768372,1.79500007629395,0.0,5.5,12.4012203216553,1.20473229885101,-1.36282587051392,11.8702383041382,1.1444194316864,-1.0192506313324,"(11.87024, 1.144419, -1.019251)",truck body CS,12.6902189254761,0.1,12.4012203216553,1.20473229885101,-1.36282587051392,0.00073747700243,90.083440095379,0.0000012201708
54,left road,54,1.8950001001358,0.0,5.5,1.95000004768372,0.0,-1.45000004768372,1.8950001001358,0.0,5.5,12.4012203216553,1.20473229885101,-1.36282587051392,12.3512678146362,1.1990042924881,-1.33019649982452,"(12.35127, 1.199004, -1.330196)",EyeArea,12.6067600250244,0.1,12.4012203216553,1.20473229885101,-1.36282587051392,0.00073747700243,90.083440095379,0.0000012201708
55,left road,55,1.99500000476837,0.0,5.5,2.04999995231628,0.0,-1.45000004768372,1.99500000476837,0.0,5.5,12.4012203216553,1.20473229885101,-1.36282587051392,12.3512687683105,1.19894933700562,-1.32988321781158,"(12.35127, 1.198949, -1.329883)",EyeArea,12.5235443115234,0.1,12.4012203216553,1.20473229885101,-1.36282587051392,0.00073747700243,90.083440095379,0.0000012201708
56,left road,56,2.09500002861023,0.0,5.5,2.15000009536743,0.0,-1.45000004768372,2.09500002861023,0.0,5.5,12.4012203216553,1.20473229885101,-1.36282587051392,12.3512687683105,1.19889330863953,-1.32956373691559,"(12.35127, 1.198893, -1.329564)",EyeArea,12.4405755996704,0.1,12.4012203216553,1.20473229885101,-1.36282587051392,0.00073747700243,90.083440095379,0.0000012201708
57,left road,57,2.1949999332428,0.0,5.5,2.25,0.0,-1.45000004768372,2.1949999332428,0.0,5.5,12.4012203216553,1.20473229885101,-1.36282587051392,12.3512697219849,1.19883608818054,-1.32923853397369,"(12.35127, 1.198836, -1.329239)",EyeArea,12.3578596115112,0.1,12.4012203216553,1.20473229885101,-1.36282587051392,0.00073747700243,90.083440095379,0.0000012201708
58,left road,58,2.29499983787537,0.0,5.5,2.34999990463257,0.0,-1.45000004768372,2.29499983787537,0.0,5.5,12.4012203216553,1.20473229885101,-1.36282587051392,12.3512697219849,1.19877779483795,-1.32890617847443,"(12.35127, 1.198778, -1.328906)",EyeArea,12.2754001617432,0.1,12.4012203216553,1.20473229885101,-1.36282587051392,0.00073747700243,90.083440095379,0.0000012201708
59,left road,59,2.39499998092651,0.0,5.5,2.45000004768372,0.0,-1.45000004768372,2.39499998092651,0.0,5.5,12.4012203216553,1.20473229885101,-1.36282587051392,12.3512706756592,1.19871830940247,-1.3285676240921,"(12.35127, 1.198718, -1.328568)",EyeArea,12.1932029724121,0.1,12.4012203216553,1.20473229885101,-1.36282587051392,0.00073747700243,90.083440095379,0.0000012201708
60,left road,60,2.49499988555908,0.0,5.5,2.54999995231628,0.0,-1.45000004768372,2.49499988555908,0.0,5.5,12.4012203216553,1.20473229885101,-1.36282587051392,12.3512706756592,1.19865775108337,-1.32822239398956,"(12.35127, 1.198658, -1.328222)",EyeArea,12.111273765564,0.1,12.4012203216553,1.20473229885101,-1.36282587051392,0.00073747700243,90.083440095379,0.0000012201708
61,left road,61,2.59500002861023,0.0,5.5,2.65000009536743,0.0,-1.45000004768372,2.59500002861023,0.0,5.5,12.4012203216553,1.20473229885101,-1.36282587051392,12.3512716293335,1.1985958814621,-1.32786953449249,"(12.35127, 1.198596, -1.32787)",EyeArea,12.0296173095703,0.1,12.4012203216553,1.20473229885101,-1.36282587051392,0.00073747700243,90.083440095379,0.0000012201708
62,left road,62,2.6949999332428,0.0,5.5,2.75,0.0,-1.45000004768372,2.6949999332428,0.0,5.5,12.4012203216553,1.20473229885101,-1.36282587051392,12.3512716293335,1.19853270053864,-1.32750952243805,"(12.35127, 1.198533, -1.32751)",EyeArea,11.9482412338257,0.1,12.4012203216553,1.20473229885101,-1.36282587051392,0.00073747700243,90.083440095379,0.0000012201708
63,left road,63,2.79499983787537,0.0,5.5,2.84999990463257,0.0,-1.45000004768372,2.79499983787537,0.0,5.5,12.4012203216553,1.20473229885101,-1.36282587051392,12.3512725830078,1.19846820831299,-1.32714235782623,"(12.35127, 1.198468, -1.327142)",EyeArea,11.8671493530273,0.1,12.4012203216553,1.20473229885101,-1.36282587051392,0.00073747700243,90.083440095379,0.0000012201708
64,left road,64,2.89499998092651,0.0,5.5,2.95000004768372,0.0,-1.45000004768372,2.89499998092651,0.0,5.5,12.4012203216553,1.20473229885101,-1.36282587051392,12.3512735366821,1.19840240478516,-1.32676756381989,"(12.35127, 1.198402, -1.326768)",EyeArea,11.7863464355469,0.1,12.4012203216553,1.20473229885101,-1.36282587051392,0.00073747700243,90.083440095379,0.0000012201708
65,left road,65,2.99499988555908,0.0,5.5,3.04999995231628,0.0,-1.45000004768372,2.99499988555908,0.0,5.5,12.4012203216553,1.20473229885101,-1.36282587051392,12.3512735366821,1.19833517074585,-1.32638466358185,"(12.35127, 1.198335, -1.326385)",EyeArea,11.7058420181274,0.1,12.4012203216553,1.20473229885101,-1.36282587051392,0.00073747700243,90.083440095379,0.0000012201708
66,left road,66,3.09500002861023,0.0,5.5,3.15000009536743,0.0,-1.45000004768372,3.09500002861023,0.0,5.5,12.4012203216553,1.20473229885101,-1.36282587051392,12.3512744903564,1.19826650619507,-1.32599318027496,"(12.35127, 1.198267, -1.325993)",EyeArea,11.625638961792,0.1,12.4012203216553,1.20473229885101,-1.36282587051392,0.00073747700243,90.083440095379,0.0000012201708
67,left road,67,3.1949999332428,0.0,5.5,3.25,0.0,-1.45000004768372,3.1949999332428,0.0,5.5,12.4012203216553,1.20473229885101,-1.36282587051392,12.3512744903564,1.19819629192352,-1.32559359073639,"(12.35127, 1.198196, -1.325594)",EyeArea,11.5457468032837,0.1,12.4012203216553,1.20473229885101,-1.36282587051392,0.00073747700243,90.083440095379,0.0000012201708
68,left road,68,3.29499983787537,0.0,5.5,3.34999990463257,0.0,-1.45000004768372,3.29499983787537,0.0,5.5,12.4012203216553,1.20473229885101,-1.36282587051392,12.3512754440308,1.1981246471405,-1.32518541812897,"(12.35128, 1.198125, -1.325185)",EyeArea,11.4661684036255,0.1,12.4012203216553,1.20473229885101,-1.36282587051392,0.00073747700243,90.083440095379,0.0000012201708
69,left road,69,3.39499998092651,0.0,5.5,3.45000004768372,0.0,-1.45000004768372,3.39499998092651,0.0,5.5,12.4012203216553,1.20473229885101,-1.36282587051392,12.3512763977051,1.19805133342743,-1.32476770877838,"(12.35128, 1.198051, -1.324768)",EyeArea,11.3869113922119,0.1,12.4012203216553,1.20473229885101,-1.36282587051392,0.00073747700243,90.083440095379,0.0000012201708
70,left road,70,-3.50500011444092,0.0,5.59999990463257,-3.45000004768372,0.0,-1.35000002384186,-3.50500011444092,0.0,5.59999990463257,12.4012203216553,1.20473229885101,-1.36282587051392,11.7519197463989,1.15555441379547,-1.07859897613525,"(11.75192, 1.155554, -1.078599)",truck body CS,17.4051761627197,0.1,12.4012203216553,1.20473229885101,-1.36282587051392,0.00073747700243,90.083440095379,0.0000012201708
71,left road,71,-3.40499997138977,0.0,5.59999990463257,-3.34999990463257,0.0,-1.35000002384186,-3.40499997138977,0.0,5.59999990463257,12.4012203216553,1.20473229885101,-1.36282587051392,11.7520904541016,1.15525639057159,-1.0768768787384,"(11.75209, 1.155256, -1.076877)",truck body CS,17.3138370513916,0.1,12.4012203216553,1.20473229885101,-1.36282587051392,0.00073747700243,90.083440095379,0.0000012201708
72,left road,72,-3.3050000667572,0.0,5.59999990463257,-3.25,0.0,-1.35000002384186,-3.3050000667572,0.0,5.59999990463257,12.4012203216553,1.20473229885101,-1.36282587051392,11.7523622512817,1.15496206283569,-1.07517647743225,"(11.75236, 1.154962, -1.075176)",truck body CS,17.2225914001465,0.1,12.4012203216553,1.20473229885101,-1.36282587051392,0.00073747700243,90.083440095379,0.0000012201708
73,left road,73,-3.20500016212463,0.0,5.59999990463257,-3.15000009536743,0.0,-1.35000002384186,-3.20500016212463,0.0,5.59999990463257,12.4012203216553,1.20473229885101,-1.36282587051392,11.7526388168335,1.15466463565826,-1.07345569133759,"(11.75264, 1.154665, -1.073456)",truck body CS,17.1314468383789,0.1,12.4012203216553,1.20473229885101,-1.36282587051392,0.00073747700243,90.083440095379,0.0000012201708
74,left road,74,-3.10500001907349,0.0,5.59999990463257,-3.04999995231628,0.0,-1.35000002384186,-3.10500001907349,0.0,5.59999990463257,12.4012203216553,1.20473229885101,-1.36282587051392,11.7528810501099,1.15436053276062,-1.07169890403748,"(11.75288, 1.154361, -1.071699)",truck body CS,17.040397644043,0.1,12.4012203216553,1.20473229885101,-1.36282587051392,0.00073747700243,90.083440095379,0.0000012201708
75,left road,75,-3.00500011444092,0.0,5.59999990463257,-2.95000004768372,0.0,-1.35000002384186,-3.00500011444092,0.0,5.59999990463257,12.4012203216553,1.20473229885101,-1.36282587051392,11.7531490325928,1.15405452251434,-1.06993067264557,"(11.75315, 1.154055, -1.069931)",truck body CS,16.9494514465332,0.1,12.4012203216553,1.20473229885101,-1.36282587051392,0.00073747700243,90.083440095379,0.0000012201708
76,left road,76,-2.90499997138977,0.0,5.59999990463257,-2.84999990463257,0.0,-1.35000002384186,-2.90499997138977,0.0,5.59999990463257,12.4012203216553,1.20473229885101,-1.36282587051392,11.7422742843628,1.152867436409,-1.06306958198547,"(11.74227, 1.152867, -1.06307)",truck body CS,16.8586101531982,0.1,12.4012203216553,1.20473229885101,-1.36282587051392,0.00073747700243,90.083440095379,0.0000012201708
77,left road,77,-2.8050000667572,0.0,5.59999990463257,-2.75,0.0,-1.35000002384186,-2.8050000667572,0.0,5.59999990463257,12.4012203216553,1.20473229885101,-1.36282587051392,11.7421541213989,1.15251684188843,-1.0610431432724,"(11.74215, 1.152517, -1.061043)",truck body CS,16.7678699493408,0.1,12.4012203216553,1.20473229885101,-1.36282587051392,0.00073747700243,90.083440095379,0.0000012201708
78,left road,78,-2.70500016212463,0.0,5.59999990463257,-2.65000009536743,0.0,-1.35000002384186,-2.70500016212463,0.0,5.59999990463257,12.4012203216553,1.20473229885101,-1.36282587051392,11.7420358657837,1.15216183662415,-1.05899167060852,"(11.74204, 1.152162, -1.058992)",truck body CS,16.6772365570068,0.1,12.4012203216553,1.20473229885101,-1.36282587051392,0.00073747700243,90.083440095379,0.0000012201708
79,left road,79,-2.60500001907349,0.0,5.59999990463257,-2.54999995231628,0.0,-1.35000002384186,-2.60500001907349,0.0,5.59999990463257,12.4012203216553,1.20473229885101,-1.36282587051392,11.7418756484985,1.15179848670959,-1.05689203739166,"(11.74188, 1.151798, -1.056892)",truck body CS,16.5867099761963,0.1,12.4012203216553,1.20473229885101,-1.36282587051392,0.00073747700243,90.083440095379,0.0000012201708
80,left road,80,-2.50500011444092,0.0,5.59999990463257,-2.45000004768372,0.0,-1.35000002384186,-2.50500011444092,0.0,5.59999990463257,12.4012203216553,1.20473229885101,-1.36282587051392,11.7423257827759,1.15147995948792,-1.05505013465881,"(11.74233, 1.15148, -1.05505)",truck body CS,16.4962940216064,0.1,12.4012203216553,1.20473229885101,-1.36282587051392,0.00073747700243,90.083440095379,0.0000012201708
81,left road,81,-2.40499997138977,0.0,5.59999990463257,-2.34999990463257,0.0,-1.35000002384186,-2.40499997138977,0.0,5.59999990463257,12.4012203216553,1.20473229885101,-1.36282587051392,11.7427988052368,1.15115869045258,-1.05319428443909,"(11.7428, 1.151159, -1.053194)",truck body CS,16.4059886932373,0.1,12.4012203216553,1.20473229885101,-1.36282587051392,0.00073747700243,90.083440095379,0.0000012201708
82,left road,82,-2.3050000667572,0.0,5.59999990463257,-2.25,0.0,-1.35000002384186,-2.3050000667572,0.0,5.59999990463257,12.4012203216553,1.20473229885101,-1.36282587051392,11.7432813644409,1.15083396434784,-1.05131638050079,"(11.74328, 1.150834, -1.051316)",truck body CS,16.3157978057861,0.1,12.4012203216553,1.20473229885101,-1.36282587051392,0.00073747700243,90.083440095379,0.0000012201708
83,left road,83,-2.20500016212463,0.0,5.59999990463257,-2.15000009536743,0.0,-1.35000002384186,-2.20500016212463,0.0,5.59999990463257,12.4012203216553,1.20473229885101,-1.36282587051392,11.7437648773193,1.15050482749939,-1.04941415786743,"(11.74376, 1.150505, -1.049414)",truck body CS,16.2257194519043,0.1,12.4012203216553,1.20473229885101,-1.36282587051392,0.00073747700243,90.083440095379,0.0000012201708
84,left road,84,-2.10500001907349,0.0,5.59999990463257,-2.04999995231628,0.0,-1.35000002384186,-2.10500001907349,0.0,5.59999990463257,12.4012203216553,1.20473229885101,-1.36282587051392,11.7442312240601,1.15016984939575,-1.04747831821442,"(11.74423, 1.15017, -1.047478)",truck body CS,16.1357593536377,0.1,12.4012203216553,1.20473229885101,-1.36282587051392,0.00073747700243,90.083440095379,0.0000012201708
85,left road,85,-2.00500011444092,0.0,5.59999990463257,-1.95000004768372,0.0,-1.35000002384186,-2.00500011444092,0.0,5.59999990463257,12.4012203216553,1.20473229885101,-1.36282587051392,11.7446966171265,1.14982986450195,-1.04551434516907,"(11.7447, 1.14983, -1.045514)",truck body CS,16.0459175109863,0.1,12.4012203216553,1.20473229885101,-1.36282587051392,0.00073747700243,90.083440095379,0.0000012201708
86,left road,86,-1.90499997138977,0.0,5.59999990463257,-1.85000002384186,0.0,-1.35000002384186,-1.90499997138977,0.0,5.59999990463257,12.4012203216553,1.20473229885101,-1.36282587051392,11.7451725006104,1.14948606491089,-1.0435266494751,"(11.74517, 1.149486, -1.043527)",truck body CS,15.9561986923218,0.1,12.4012203216553,1.20473229885101,-1.36282587051392,0.00073747700243,90.083440095379,0.0000012201708
87,left road,87,-1.80499994754791,0.0,5.59999990463257,-1.75,0.0,-1.35000002384186,-1.80499994754791,0.0,5.59999990463257,12.4012203216553,1.20473229885101,-1.36282587051392,11.7456693649292,1.14913940429688,-1.04152321815491,"(11.74567, 1.149139, -1.041523)",truck body CS,15.8666009902954,0.1,12.4012203216553,1.20473229885101,-1.36282587051392,0.00073747700243,90.083440095379,0.0000012201708
88,left road,88,-1.70499992370605,0.0,5.59999990463257,-1.64999997615814,0.0,-1.35000002384186,-1.70499992370605,0.0,5.59999990463257,12.4012203216553,1.20473229885101,-1.36282587051392,11.746753692627,1.1488379240036,-1.03978109359741,"(11.74675, 1.148838, -1.039781)",truck body CS,15.7771282196045,0.1,12.4012203216553,1.20473229885101,-1.36282587051392,0.00073747700243,90.083440095379,0.0000012201708
89,left road,89,-1.6049998998642,0.0,5.59999990463257,-1.54999995231628,0.0,-1.35000002384186,-1.6049998998642,0.0,5.59999990463257,12.4012203216553,1.20473229885101,-1.36282587051392,11.7476177215576,1.14851331710815,-1.03790378570557,"(11.74762, 1.148513, -1.037904)",truck body CS,15.6877822875977,0.1,12.4012203216553,1.20473229885101,-1.36282587051392,0.00073747700243,90.083440095379,0.0000012201708
90,left road,90,-1.50499999523163,0.0,5.59999990463257,-1.45000004768372,0.0,-1.35000002384186,-1.50499999523163,0.0,5.59999990463257,12.4012203216553,1.20473229885101,-1.36282587051392,11.7478103637695,1.14812564849854,-1.03566420078278,"(11.74781, 1.148126, -1.035664)",truck body CS,15.5985670089722,0.1,12.4012203216553,1.20473229885101,-1.36282587051392,0.00073747700243,90.083440095379,0.0000012201708
91,left road,91,-1.40499997138977,0.0,5.59999990463257,-1.35000002384186,0.0,-1.35000002384186,-1.40499997138977,0.0,5.59999990463257,12.4012203216553,1.20473229885101,-1.36282587051392,11.7484741210938,1.1477735042572,-1.03362917900085,"(11.74847, 1.147774, -1.033629)",truck body CS,15.509482383728,0.1,12.4012203216553,1.20473229885101,-1.36282587051392,0.00073747700243,90.083440095379,0.0000012201708
92,left road,92,-1.30499994754791,0.0,5.59999990463257,-1.25,0.0,-1.35000002384186,-1.30499994754791,0.0,5.59999990463257,12.4012203216553,1.20473229885101,-1.36282587051392,11.7493982315063,1.1474392414093,-1.03169643878937,"(11.7494, 1.147439, -1.031696)",truck body CS,15.4205322265625,0.1,12.4012203216553,1.20473229885101,-1.36282587051392,0.00073747700243,90.083440095379,0.0000012201708
93,left road,93,-1.20499992370605,0.0,5.59999990463257,-1.14999997615814,0.0,-1.35000002384186,-1.20499992370605,0.0,5.59999990463257,12.4012203216553,1.20473229885101,-1.36282587051392,11.7503347396851,1.14710104465485,-1.0297429561615,"(11.75033, 1.147101, -1.029743)",truck body CS,15.3317174911499,0.1,12.4012203216553,1.20473229885101,-1.36282587051392,0.00073747700243,90.083440095379,0.0000012201708
94,left road,94,-1.1049998998642,0.0,5.59999990463257,-1.04999995231628,0.0,-1.35000002384186,-1.1049998998642,0.0,5.59999990463257,12.4012203216553,1.20473229885101,-1.36282587051392,11.7512912750244,1.14675951004028,-1.02776885032654,"(11.75129, 1.14676, -1.027769)",truck body CS,15.2430410385132,0.1,12.4012203216553,1.20473229885101,-1.36282587051392,0.00073747700243,90.083440095379,0.0000012201708
95,left road,95,-1.00499999523163,0.0,5.59999990463257,-0.94999998807907,0.0,-1.35000002384186,-1.00499999523163,0.0,5.59999990463257,12.4012203216553,1.20473229885101,-1.36282587051392,11.7522249221802,1.14641106128693,-1.02575492858887,"(11.75222, 1.146411, -1.025755)",truck body CS,15.1545066833496,0.1,12.4012203216553,1.20473229885101,-1.36282587051392,0.00073747700243,90.083440095379,0.0000012201708
96,left road,96,-0.90500003099442,0.0,5.59999990463257,-0.85000002384186,0.0,-1.35000002384186,-0.90500003099442,0.0,5.59999990463257,12.4012203216553,1.20473229885101,-1.36282587051392,11.7530498504639,1.14604759216309,-1.02365303039551,"(11.75305, 1.146048, -1.023653)",truck body CS,15.0661153793335,0.1,12.4012203216553,1.20473229885101,-1.36282587051392,0.00073747700243,90.083440095379,0.0000012201708
97,left road,97,-0.80500000715256,0.0,5.59999990463257,-0.75,0.0,-1.35000002384186,-0.80500000715256,0.0,5.59999990463257,12.4012203216553,1.20473229885101,-1.36282587051392,11.7538862228394,1.14567935466766,-1.02152609825134,"(11.75389, 1.145679, -1.021526)",truck body CS,14.9778699874878,0.1,12.4012203216553,1.20473229885101,-1.36282587051392,0.00073747700243,90.083440095379,0.0000012201708
98,left road,98,-0.7049999833107,0.0,5.59999990463257,-0.64999997615814,0.0,-1.35000002384186,-0.7049999833107,0.0,5.59999990463257,12.4012203216553,1.20473229885101,-1.36282587051392,11.7547359466553,1.14530682563782,-1.01937294006348,"(11.75474, 1.145307, -1.019373)",truck body CS,14.8897733688354,0.1,12.4012203216553,1.20473229885101,-1.36282587051392,0.00073747700243,90.083440095379,0.0000012201708
99,left road,99,-0.60500001907349,0.0,5.59999990463257,-0.55000001192093,0.0,-1.35000002384186,-0.60500001907349,0.0,5.59999990463257,12.4012203216553,1.20473229885101,-1.36282587051392,11.7564716339111,1.14501070976257,-1.01766097545624,"(11.75647, 1.145011, -1.017661)",truck body CS,14.8018274307251,0.1,12.4012203216553,1.20473229885101,-1.36282587051392,0.00073747700243,90.083440095379,0.0000012201708
100,left road,100,-0.50499999523163,0.0,5.59999990463257,-0.44999998807907,0.0,-1.35000002384186,-0.50499999523163,0.0,5.59999990463257,12.4012203216553,1.20473229885101,-1.36282587051392,11.7589597702026,1.14478039741516,-1.01633048057556,"(11.75896, 1.14478, -1.01633)",truck body CS,14.714035987854,0.1,12.4012203216553,1.20473229885101,-1.36282587051392,0.00073747700243,90.083440095379,0.0000012201708
101,left road,101,-0.40500000119209,0.0,5.59999990463257,-0.34999999403954,0.0,-1.35000002384186,-0.40500000119209,0.0,5.59999990463257,12.4012203216553,1.20473229885101,-1.36282587051392,11.7614974975586,1.14455103874207,-1.0150043964386,"(11.7615, 1.144551, -1.015004)",truck body CS,14.6264009475708,0.1,12.4012203216553,1.20473229885101,-1.36282587051392,0.00073747700243,90.083440095379,0.0000012201708
102,left road,102,-0.30500000715256,0.0,5.59999990463257,-0.25,0.0,-1.35000002384186,-0.30500000715256,0.0,5.59999990463257,12.4012203216553,1.20473229885101,-1.36282587051392,11.7641201019287,1.14432597160339,-1.0137038230896,"(11.76412, 1.144326, -1.013704)",truck body CS,14.5389261245728,0.1,12.4012203216553,1.20473229885101,-1.36282587051392,0.00073747700243,90.083440095379,0.0000012201708
103,left road,103,-0.20500001311302,0.0,5.59999990463257,-0.15000000596046,0.0,-1.35000002384186,-0.20500001311302,0.0,5.59999990463257,12.4012203216553,1.20473229885101,-1.36282587051392,11.7667598724365,1.14409911632538,-1.01239252090454,"(11.76676, 1.144099, -1.012393)",truck body CS,14.4516134262085,0.1,12.4012203216553,1.20473229885101,-1.36282587051392,0.00073747700243,90.083440095379,0.0000012201708
104,left road,104,-0.10500000417233,0.0,5.59999990463257,-0.05000000074506,0.0,-1.35000002384186,-0.10500000417233,0.0,5.59999990463257,12.4012203216553,1.20473229885101,-1.36282587051392,11.7707281112671,1.14399647712708,-1.01179957389832,"(11.77073, 1.143996, -1.0118)",truck body CS,14.3644647598267,0.1,12.4012203216553,1.20473229885101,-1.36282587051392,0.00073747700243,90.083440095379,0.0000012201708
105,left road,105,-0.00499999895692,0.0,5.59999990463257,0.05000000074506,0.0,-1.35000002384186,-0.00499999895692,0.0,5.59999990463257,12.4012203216553,1.20473229885101,-1.36282587051392,11.7748231887817,1.14390468597412,-1.01126790046692,"(11.77482, 1.143905, -1.011268)",truck body CS,14.2774868011475,0.1,12.4012203216553,1.20473229885101,-1.36282587051392,0.00073747700243,90.083440095379,0.0000012201708
106,left road,106,0.09500000625849,0.0,5.59999990463257,0.15000000596046,0.0,-1.35000002384186,0.09500000625849,0.0,5.59999990463257,12.4012203216553,1.20473229885101,-1.36282587051392,11.7789335250854,1.14381265640259,-1.01073741912842,"(11.77893, 1.143813, -1.010737)",truck body CS,14.1906795501709,0.1,12.4012203216553,1.20473229885101,-1.36282587051392,0.00073747700243,90.083440095379,0.0000012201708
107,left road,107,0.19499999284744,0.0,5.59999990463257,0.25,0.0,-1.35000002384186,0.19499999284744,0.0,5.59999990463257,12.4012203216553,1.20473229885101,-1.36282587051392,11.7832975387573,1.14374434947968,-1.01034271717072,"(11.7833, 1.143744, -1.010343)",truck body CS,14.1040468215942,0.1,12.4012203216553,1.20473229885101,-1.36282587051392,0.00073747700243,90.083440095379,0.0000012201708
108,left road,108,0.29499998688698,0.0,5.59999990463257,0.34999999403954,0.0,-1.35000002384186,0.29499998688698,0.0,5.59999990463257,12.4012203216553,1.20473229885101,-1.36282587051392,11.7879495620728,1.14370346069336,-1.01010537147522,"(11.78795, 1.143703, -1.010105)",truck body CS,14.0175924301147,0.1,12.4012203216553,1.20473229885101,-1.36282587051392,0.00073747700243,90.083440095379,0.0000012201708
109,left road,109,0.39499998092651,0.0,5.59999990463257,0.44999998807907,0.0,-1.35000002384186,0.39499998092651,0.0,5.59999990463257,12.4012203216553,1.20473229885101,-1.36282587051392,11.7926044464111,1.14366233348846,-1.00986862182617,"(11.7926, 1.143662, -1.009869)",truck body CS,13.9313192367554,0.1,12.4012203216553,1.20473229885101,-1.36282587051392,0.00073747700243,90.083440095379,0.0000012201708
110,left road,110,0.49500000476837,0.0,5.59999990463257,0.55000001192093,0.0,-1.35000002384186,0.49500000476837,0.0,5.59999990463257,12.4012203216553,1.20473229885101,-1.36282587051392,11.7972631454468,1.14362072944641,-1.00962829589844,"(11.79726, 1.143621, -1.009628)",truck body CS,13.8452310562134,0.1,12.4012203216553,1.20473229885101,-1.36282587051392,0.00073747700243,90.083440095379,0.0000012201708
111,left road,111,0.59499996900558,0.0,5.59999990463257,0.64999997615814,0.0,-1.35000002384186,0.59499996900558,0.0,5.59999990463257,12.4012203216553,1.20473229885101,-1.36282587051392,11.8020429611206,1.14359068870544,-1.00945448875427,"(11.80204, 1.143591, -1.009454)",truck body CS,13.7593297958374,0.1,12.4012203216553,1.20473229885101,-1.36282587051392,0.00073747700243,90.083440095379,0.0000012201708
112,left road,112,0.69499999284744,0.0,5.59999990463257,0.75,0.0,-1.35000002384186,0.69499999284744,0.0,5.59999990463257,12.4012203216553,1.20473229885101,-1.36282587051392,11.8073596954346,1.14361572265625,-1.00959849357605,"(11.80736, 1.143616, -1.009598)",truck body CS,13.6736211776733,0.1,12.4012203216553,1.20473229885101,-1.36282587051392,0.00073747700243,90.083440095379,0.0000012201708
113,left road,113,0.7950000166893,0.0,5.59999990463257,0.85000002384186,0.0,-1.35000002384186,0.7950000166893,0.0,5.59999990463257,12.4012203216553,1.20473229885101,-1.36282587051392,11.808349609375,1.14319181442261,-1.00714945793152,"(11.80835, 1.143192, -1.007149)",truck body CS,13.5881080627441,0.1,12.4012203216553,1.20473229885101,-1.36282587051392,0.00073747700243,90.083440095379,0.0000012201708
114,left road,114,0.89499998092651,0.0,5.59999990463257,0.94999998807907,0.0,-1.35000002384186,0.89499998092651,0.0,5.59999990463257,12.4012203216553,1.20473229885101,-1.36282587051392,11.8111600875854,1.14295148849487,-1.0057590007782,"(11.81116, 1.142951, -1.005759)",truck body CS,13.5027933120728,0.1,12.4012203216553,1.20473229885101,-1.36282587051392,0.00073747700243,90.083440095379,0.0000012201708
115,left road,115,0.99499994516373,0.0,5.59999990463257,1.04999995231628,0.0,-1.35000002384186,0.99499994516373,0.0,5.59999990463257,12.4012203216553,1.20473229885101,-1.36282587051392,11.8161163330078,1.14293313026428,-1.00565338134766,"(11.81612, 1.142933, -1.005653)",truck body CS,13.4176826477051,0.1,12.4012203216553,1.20473229885101,-1.36282587051392,0.00073747700243,90.083440095379,0.0000012201708
116,left road,116,1.09500002861023,0.0,5.59999990463257,1.14999997615814,0.0,-1.35000002384186,1.09500002861023,0.0,5.59999990463257,12.4012203216553,1.20473229885101,-1.36282587051392,11.8216705322266,1.14297842979431,-1.0059152841568,"(11.82167, 1.142978, -1.005915)",truck body CS,13.3327770233154,0.1,12.4012203216553,1.20473229885101,-1.36282587051392,0.00073747700243,90.083440095379,0.0000012201708
117,left road,117,1.19500005245209,0.0,5.59999990463257,1.25,0.0,-1.35000002384186,1.19500005245209,0.0,5.59999990463257,12.4012203216553,1.20473229885101,-1.36282587051392,11.8272171020508,1.14302349090576,-1.00617599487305,"(11.82722, 1.143023, -1.006176)",truck body CS,13.248083114624,0.1,12.4012203216553,1.20473229885101,-1.36282587051392,0.00073747700243,90.083440095379,0.0000012201708
118,left road,118,1.29500007629395,0.0,5.59999990463257,1.35000002384186,0.0,-1.35000002384186,1.29500007629395,0.0,5.59999990463257,12.4012203216553,1.20473229885101,-1.36282587051392,11.8544120788574,1.14541792869568,-1.02001476287842,"(11.85441, 1.145418, -1.020015)",truck body CS,13.1636037826538,0.1,12.4012203216553,1.20473229885101,-1.36282587051392,0.00073747700243,90.083440095379,0.0000012201708
119,left road,119,1.3950001001358,0.0,5.59999990463257,1.45000004768372,0.0,-1.35000002384186,1.3950001001358,0.0,5.59999990463257,12.4012203216553,1.20473229885101,-1.36282587051392,11.858959197998,1.14537668228149,-1.01977670192719,"(11.85896, 1.145377, -1.019777)",truck body CS,13.0793428421021,0.1,12.4012203216553,1.20473229885101,-1.36282587051392,0.00073747700243,90.083440095379,0.0000012201708
120,left road,120,1.49500000476837,0.0,5.59999990463257,1.54999995231628,0.0,-1.35000002384186,1.49500000476837,0.0,5.59999990463257,12.4012203216553,1.20473229885101,-1.36282587051392,11.8635101318359,1.14533519744873,-1.01953673362732,"(11.86351, 1.145335, -1.019537)",truck body CS,12.9953050613403,0.1,12.4012203216553,1.20473229885101,-1.36282587051392,0.00073747700243,90.083440095379,0.0000012201708
121,left road,121,1.59500002861023,0.0,5.59999990463257,1.64999997615814,0.0,-1.35000002384186,1.59500002861023,0.0,5.59999990463257,12.4012203216553,1.20473229885101,-1.36282587051392,11.8682641983032,1.14531564712524,-1.01942348480225,"(11.86826, 1.145316, -1.019423)",truck body CS,12.9114952087402,0.1,12.4012203216553,1.20473229885101,-1.36282587051392,0.00073747700243,90.083440095379,0.0000012201708
122,left road,122,1.69500005245209,0.0,5.59999990463257,1.75,0.0,-1.35000002384186,1.69500005245209,0.0,5.59999990463257,12.4012203216553,1.20473229885101,-1.36282587051392,11.8737525939941,1.14537823200226,-1.01978540420532,"(11.87375, 1.145378, -1.019785)",truck body CS,12.8279180526733,0.1,12.4012203216553,1.20473229885101,-1.36282587051392,0.00073747700243,90.083440095379,0.0000012201708
123,left road,123,1.79500007629395,0.0,5.59999990463257,1.85000002384186,0.0,-1.35000002384186,1.79500007629395,0.0,5.59999990463257,12.4012203216553,1.20473229885101,-1.36282587051392,12.3512687683105,1.19905841350555,-1.33003342151642,"(12.35127, 1.199058, -1.330033)",EyeArea,12.7445764541626,0.1,12.4012203216553,1.20473229885101,-1.36282587051392,0.00073747700243,90.083440095379,0.0000012201708
124,left road,124,1.8950001001358,0.0,5.59999990463257,1.95000004768372,0.0,-1.35000002384186,1.8950001001358,0.0,5.59999990463257,12.4012203216553,1.20473229885101,-1.36282587051392,12.3512687683105,1.19900441169739,-1.3297210931778,"(12.35127, 1.199004, -1.329721)",EyeArea,12.6614761352539,0.1,12.4012203216553,1.20473229885101,-1.36282587051392,0.00073747700243,90.083440095379,0.0000012201708
125,left road,125,1.99500000476837,0.0,5.59999990463257,2.04999995231628,0.0,-1.35000002384186,1.99500000476837,0.0,5.59999990463257,12.4012203216553,1.20473229885101,-1.36282587051392,12.3512687683105,1.19894933700562,-1.32940351963043,"(12.35127, 1.198949, -1.329404)",EyeArea,12.5786228179932,0.1,12.4012203216553,1.20473229885101,-1.36282587051392,0.00073747700243,90.083440095379,0.0000012201708
126,left road,126,2.09500002861023,0.0,5.59999990463257,2.15000009536743,0.0,-1.35000002384186,2.09500002861023,0.0,5.59999990463257,12.4012203216553,1.20473229885101,-1.36282587051392,12.3512697219849,1.19889330863953,-1.32907974720001,"(12.35127, 1.198893, -1.32908)",EyeArea,12.496018409729,0.1,12.4012203216553,1.20473229885101,-1.36282587051392,0.00073747700243,90.083440095379,0.0000012201708
127,left road,127,2.1949999332428,0.0,5.59999990463257,2.25,0.0,-1.35000002384186,2.1949999332428,0.0,5.59999990463257,12.4012203216553,1.20473229885101,-1.36282587051392,12.3512697219849,1.19883620738983,-1.32874929904938,"(12.35127, 1.198836, -1.328749)",EyeArea,12.4136724472046,0.1,12.4012203216553,1.20473229885101,-1.36282587051392,0.00073747700243,90.083440095379,0.0000012201708
128,left road,128,2.29499983787537,0.0,5.59999990463257,2.34999990463257,0.0,-1.35000002384186,2.29499983787537,0.0,5.59999990463257,12.4012203216553,1.20473229885101,-1.36282587051392,12.3512706756592,1.19877791404724,-1.32841217517853,"(12.35127, 1.198778, -1.328412)",EyeArea,12.3315858840942,0.1,12.4012203216553,1.20473229885101,-1.36282587051392,0.00073747700243,90.083440095379,0.0000012201708
129,left road,129,2.39499998092651,0.0,5.59999990463257,2.45000004768372,0.0,-1.35000002384186,2.39499998092651,0.0,5.59999990463257,12.4012203216553,1.20473229885101,-1.36282587051392,12.3512716293335,1.19871842861176,-1.32806885242462,"(12.35127, 1.198718, -1.328069)",EyeArea,12.2497653961182,0.1,12.4012203216553,1.20473229885101,-1.36282587051392,0.00073747700243,90.083440095379,0.0000012201708
130,left road,130,2.49499988555908,0.0,5.59999990463257,2.54999995231628,0.0,-1.35000002384186,2.49499988555908,0.0,5.59999990463257,12.4012203216553,1.20473229885101,-1.36282587051392,12.3512716293335,1.19865787029266,-1.32771837711334,"(12.35127, 1.198658, -1.327718)",EyeArea,12.1682176589966,0.1,12.4012203216553,1.20473229885101,-1.36282587051392,0.00073747700243,90.083440095379,0.0000012201708
131,left road,131,2.59500002861023,0.0,5.59999990463257,2.65000009536743,0.0,-1.35000002384186,2.59500002861023,0.0,5.59999990463257,12.4012203216553,1.20473229885101,-1.36282587051392,12.3512725830078,1.1985958814621,-1.32736074924469,"(12.35127, 1.198596, -1.327361)",EyeArea,12.0869464874268,0.1,12.4012203216553,1.20473229885101,-1.36282587051392,0.00073747700243,90.083440095379,0.0000012201708
132,left road,132,2.6949999332428,0.0,5.59999990463257,2.75,0.0,-1.35000002384186,2.6949999332428,0.0,5.59999990463257,12.4012203216553,1.20473229885101,-1.36282587051392,12.3512725830078,1.19853281974792,-1.32699596881866,"(12.35127, 1.198533, -1.326996)",EyeArea,12.0059585571289,0.1,12.4012203216553,1.20473229885101,-1.36282587051392,0.00073747700243,90.083440095379,0.0000012201708
133,left road,133,2.79499983787537,0.0,5.59999990463257,2.84999990463257,0.0,-1.35000002384186,2.79499983787537,0.0,5.59999990463257,12.4012203216553,1.20473229885101,-1.36282587051392,12.3512735366821,1.19846832752228,-1.32662308216095,"(12.35127, 1.198468, -1.326623)",EyeArea,11.9252586364746,0.1,12.4012203216553,1.20473229885101,-1.36282587051392,0.00073747700243,90.083440095379,0.0000012201708
134,left road,134,2.89499998092651,0.0,5.59999990463257,2.95000004768372,0.0,-1.35000002384186,2.89499998092651,0.0,5.59999990463257,12.4012203216553,1.20473229885101,-1.36282587051392,12.3512735366821,1.19840252399445,-1.3262425661087,"(12.35127, 1.198403, -1.326243)",EyeArea,11.8448524475098,0.1,12.4012203216553,1.20473229885101,-1.36282587051392,0.00073747700243,90.083440095379,0.0000012201708
135,left road,135,2.99499988555908,0.0,5.59999990463257,3.04999995231628,0.0,-1.35000002384186,2.99499988555908,0.0,5.59999990463257,12.4012203216553,1.20473229885101,-1.36282587051392,12.3512744903564,1.19833528995514,-1.32585394382477,"(12.35127, 1.198335, -1.325854)",EyeArea,11.7647485733032,0.1,12.4012203216553,1.20473229885101,-1.36282587051392,0.00073747700243,90.083440095379,0.0000012201708
136,left road,136,3.09500002861023,0.0,5.59999990463257,3.15000009536743,0.0,-1.35000002384186,3.09500002861023,0.0,5.59999990463257,12.4012203216553,1.20473229885101,-1.36282587051392,12.3512754440308,1.19826662540436,-1.32545721530914,"(12.35128, 1.198267, -1.325457)",EyeArea,11.6849498748779,0.1,12.4012203216553,1.20473229885101,-1.36282587051392,0.00073747700243,90.083440095379,0.0000012201708
137,left road,137,3.1949999332428,0.0,5.59999990463257,3.25,0.0,-1.35000002384186,3.1949999332428,0.0,5.59999990463257,12.4012203216553,1.20473229885101,-1.36282587051392,12.3512754440308,1.19819641113281,-1.32505190372467,"(12.35128, 1.198196, -1.325052)",EyeArea,11.6054658889771,0.1,12.4012203216553,1.20473229885101,-1.36282587051392,0.00073747700243,90.083440095379,0.0000012201708
138,left road,138,3.29499983787537,0.0,5.59999990463257,3.34999990463257,0.0,-1.35000002384186,3.29499983787537,0.0,5.59999990463257,12.4012203216553,1.20473229885101,-1.36282587051392,12.3512763977051,1.19812476634979,-1.32463705539703,"(12.35128, 1.198125, -1.324637)",EyeArea,11.5262985229492,0.1,12.4012203216553,1.20473229885101,-1.36282587051392,0.00073747700243,90.083440095379,0.0000012201708
139,left road,139,3.39499998092651,0.0,5.59999990463257,3.45000004768372,0.0,-1.35000002384186,3.39499998092651,0.0,5.59999990463257,12.4012203216553,1.20473229885101,-1.36282587051392,12.3512763977051,1.19805145263672,-1.32421410083771,"(12.35128, 1.198051, -1.324214)",EyeArea,11.4474582672119,0.1,12.4012203216553,1.20473229885101,-1.36282587051392,0.00073747700243,90.083440095379,0.0000012201708
140,left road,140,-3.50500011444092,0.0,5.69999980926514,-3.45000004768372,0.0,-1.25,-3.50500011444092,0.0,5.69999980926514,12.4012203216553,1.20473229885101,-1.36282587051392,11.7534656524658,1.15567135810852,-1.07520294189453,"(11.75347, 1.155671, -1.075203)",truck body CS,17.4454212188721,0.1,12.4012203216553,1.20473229885101,-1.36282587051392,0.00073747700243,90.083440095379,0.0000012201708
141,left road,141,-3.40499997138977,0.0,5.69999980926514,-3.34999990463257,0.0,-1.25,-3.40499997138977,0.0,5.69999980926514,12.4012203216553,1.20473229885101,-1.36282587051392,11.7537240982056,1.15538084506989,-1.07349991798401,"(11.75372, 1.155381, -1.0735)",truck body CS,17.3542919158936,0.1,12.4012203216553,1.20473229885101,-1.36282587051392,0.00073747700243,90.083440095379,0.0000012201708
142,left road,142,-3.3050000667572,0.0,5.69999980926514,-3.25,0.0,-1.25,-3.3050000667572,0.0,5.69999980926514,12.4012203216553,1.20473229885101,-1.36282587051392,11.7539854049683,1.15508651733398,-1.07177495956421,"(11.75399, 1.155087, -1.071775)",truck body CS,17.2632637023926,0.1,12.4012203216553,1.20473229885101,-1.36282587051392,0.00073747700243,90.083440095379,0.0000012201708
143,left road,143,-3.20500016212463,0.0,5.69999980926514,-3.15000009536743,0.0,-1.25,-3.20500016212463,0.0,5.69999980926514,12.4012203216553,1.20473229885101,-1.36282587051392,11.7542581558228,1.15478956699371,-1.07003235816956,"(11.75426, 1.15479, -1.070032)",truck body CS,17.1723327636719,0.1,12.4012203216553,1.20473229885101,-1.36282587051392,0.00073747700243,90.083440095379,0.0000012201708
144,left road,144,-3.10500001907349,0.0,5.69999980926514,-3.04999995231628,0.0,-1.25,-3.10500001907349,0.0,5.69999980926514,12.4012203216553,1.20473229885101,-1.36282587051392,11.7433576583862,1.15362060070038,-1.06318044662476,"(11.74336, 1.153621, -1.06318)",truck body CS,17.0815029144287,0.1,12.4012203216553,1.20473229885101,-1.36282587051392,0.00073747700243,90.083440095379,0.0000012201708
145,left road,145,-3.00500011444092,0.0,5.69999980926514,-2.95000004768372,0.0,-1.25,-3.00500011444092,0.0,5.69999980926514,12.4012203216553,1.20473229885101,-1.36282587051392,11.7432508468628,1.15328049659729,-1.06118631362915,"(11.74325, 1.15328, -1.061186)",truck body CS,16.9907779693604,0.1,12.4012203216553,1.20473229885101,-1.36282587051392,0.00073747700243,90.083440095379,0.0000012201708
146,left road,146,-2.90499997138977,0.0,5.69999980926514,-2.84999990463257,0.0,-1.25,-2.90499997138977,0.0,5.69999980926514,12.4012203216553,1.20473229885101,-1.36282587051392,11.7431440353394,1.15293598175049,-1.05916607379913,"(11.74314, 1.152936, -1.059166)",truck body CS,16.9001560211182,0.1,12.4012203216553,1.20473229885101,-1.36282587051392,0.00073747700243,90.083440095379,0.0000012201708
147,left road,147,-2.8050000667572,0.0,5.69999980926514,-2.75,0.0,-1.25,-2.8050000667572,0.0,5.69999980926514,12.4012203216553,1.20473229885101,-1.36282587051392,11.7430057525635,1.15258431434631,-1.05710411071777,"(11.74301, 1.152584, -1.057104)",truck body CS,16.8096408843994,0.1,12.4012203216553,1.20473229885101,-1.36282587051392,0.00073747700243,90.083440095379,0.0000012201708
148,left road,148,-2.70500016212463,0.0,5.69999980926514,-2.65000009536743,0.0,-1.25,-2.70500016212463,0.0,5.69999980926514,12.4012203216553,1.20473229885101,-1.36282587051392,11.7434644699097,1.15227580070496,-1.05529534816742,"(11.74346, 1.152276, -1.055295)",truck body CS,16.7192344665527,0.1,12.4012203216553,1.20473229885101,-1.36282587051392,0.00073747700243,90.083440095379,0.0000012201708
149,left road,149,-2.60500001907349,0.0,5.69999980926514,-2.54999995231628,0.0,-1.25,-2.60500001907349,0.0,5.69999980926514,12.4012203216553,1.20473229885101,-1.36282587051392,11.743935585022,1.15196394920349,-1.05346751213074,"(11.74394, 1.151964, -1.053468)",truck body CS,16.6289367675781,0.1,12.4012203216553,1.20473229885101,-1.36282587051392,0.00073747700243,90.083440095379,0.0000012201708
150,left road,150,-2.50500011444092,0.0,5.69999980926514,-2.45000004768372,0.0,-1.25,-2.50500011444092,0.0,5.69999980926514,12.4012203216553,1.20473229885101,-1.36282587051392,11.7444171905518,1.15164887905121,-1.05162024497986,"(11.74442, 1.151649, -1.05162)",truck body CS,16.5387516021729,0.1,12.4012203216553,1.20473229885101,-1.36282587051392,0.00073747700243,90.083440095379,0.0000012201708
151,left road,151,-2.40499997138977,0.0,5.69999980926514,-2.34999990463257,0.0,-1.25,-2.40499997138977,0.0,5.69999980926514,12.4012203216553,1.20473229885101,-1.36282587051392,11.7449007034302,1.1513295173645,-1.04974961280823,"(11.7449, 1.15133, -1.04975)",truck body CS,16.4486789703369,0.1,12.4012203216553,1.20473229885101,-1.36282587051392,0.00073747700243,90.083440095379,0.0000012201708
152,left road,152,-2.3050000667572,0.0,5.69999980926514,-2.25,0.0,-1.25,-2.3050000667572,0.0,5.69999980926514,12.4012203216553,1.20473229885101,-1.36282587051392,11.7453718185425,1.15100514888763,-1.04784679412842,"(11.74537, 1.151005, -1.047847)",truck body CS,16.3587226867676,0.1,12.4012203216553,1.20473229885101,-1.36282587051392,0.00073747700243,90.083440095379,0.0000012201708
153,left road,153,-2.20500016212463,0.0,5.69999980926514,-2.15000009536743,0.0,-1.25,-2.20500016212463,0.0,5.69999980926514,12.4012203216553,1.20473229885101,-1.36282587051392,11.7458524703979,1.1506769657135,-1.04592251777649,"(11.74585, 1.150677, -1.045923)",truck body CS,16.2688827514648,0.1,12.4012203216553,1.20473229885101,-1.36282587051392,0.00073747700243,90.083440095379,0.0000012201708
154,left road,154,-2.10500001907349,0.0,5.69999980926514,-2.04999995231628,0.0,-1.25,-2.10500001907349,0.0,5.69999980926514,12.4012203216553,1.20473229885101,-1.36282587051392,11.746301651001,1.15034174919128,-1.04395735263824,"(11.7463, 1.150342, -1.043957)",truck body CS,16.179162979126,0.1,12.4012203216553,1.20473229885101,-1.36282587051392,0.00073747700243,90.083440095379,0.0000012201708
155,left road,155,-2.00500011444092,0.0,5.69999980926514,-1.95000004768372,0.0,-1.25,-2.00500011444092,0.0,5.69999980926514,12.4012203216553,1.20473229885101,-1.36282587051392,11.7467784881592,1.1500039100647,-1.04197764396667,"(11.74678, 1.150004, -1.041978)",truck body CS,16.0895652770996,0.1,12.4012203216553,1.20473229885101,-1.36282587051392,0.00073747700243,90.083440095379,0.0000012201708
156,left road,156,-1.90499997138977,0.0,5.69999980926514,-1.85000002384186,0.0,-1.25,-1.90499997138977,0.0,5.69999980926514,12.4012203216553,1.20473229885101,-1.36282587051392,11.7478246688843,1.1497095823288,-1.04025077819824,"(11.74782, 1.14971, -1.040251)",truck body CS,16.0000877380371,0.1,12.4012203216553,1.20473229885101,-1.36282587051392,0.00073747700243,90.083440095379,0.0000012201708
157,left road,157,-1.80499994754791,0.0,5.69999980926514,-1.75,0.0,-1.25,-1.80499994754791,0.0,5.69999980926514,12.4012203216553,1.20473229885101,-1.36282587051392,11.7487936019897,1.14940452575684,-1.03846216201782,"(11.74879, 1.149405, -1.038462)",truck body CS,15.9107389450073,0.1,12.4012203216553,1.20473229885101,-1.36282587051392,0.00073747700243,90.083440095379,0.0000012201708
158,left road,158,-1.70499992370605,0.0,5.69999980926514,-1.64999997615814,0.0,-1.25,-1.70499992370605,0.0,5.69999980926514,12.4012203216553,1.20473229885101,-1.36282587051392,11.7490129470825,1.14903092384338,-1.03627252578735,"(11.74901, 1.149031, -1.036273)",truck body CS,15.821515083313,0.1,12.4012203216553,1.20473229885101,-1.36282587051392,0.00073747700243,90.083440095379,0.0000012201708
159,left road,159,-1.6049998998642,0.0,5.69999980926514,-1.54999995231628,0.0,-1.25,-1.6049998998642,0.0,5.69999980926514,12.4012203216553,1.20473229885101,-1.36282587051392,11.749550819397,1.14867949485779,-1.03421175479889,"(11.74955, 1.148679, -1.034212)",truck body CS,15.732421875,0.1,12.4012203216553,1.20473229885101,-1.36282587051392,0.00073747700243,90.083440095379,0.0000012201708
160,left road,160,-1.50499999523163,0.0,5.69999980926514,-1.45000004768372,0.0,-1.25,-1.50499999523163,0.0,5.69999980926514,12.4012203216553,1.20473229885101,-1.36282587051392,11.7504625320435,1.1483553647995,-1.03231263160706,"(11.75046, 1.148355, -1.032313)",truck body CS,15.643461227417,0.1,12.4012203216553,1.20473229885101,-1.36282587051392,0.00073747700243,90.083440095379,0.0000012201708
161,left road,161,-1.40499997138977,0.0,5.69999980926514,-1.35000002384186,0.0,-1.25,-1.40499997138977,0.0,5.69999980926514,12.4012203216553,1.20473229885101,-1.36282587051392,11.7514028549194,1.148029088974,-1.0304000377655,"(11.7514, 1.148029, -1.0304)",truck body CS,15.5546321868896,0.1,12.4012203216553,1.20473229885101,-1.36282587051392,0.00073747700243,90.083440095379,0.0000012201708
162,left road,162,-1.30499994754791,0.0,5.69999980926514,-1.25,0.0,-1.25,-1.30499994754791,0.0,5.69999980926514,12.4012203216553,1.20473229885101,-1.36282587051392,11.7523336410522,1.14769721031189,-1.02845323085785,"(11.75233, 1.147697, -1.028453)",truck body CS,15.4659423828125,0.1,12.4012203216553,1.20473229885101,-1.36282587051392,0.00073747700243,90.083440095379,0.0000012201708
163,left road,163,-1.20499992370605,0.0,5.69999980926514,-1.14999997615814,0.0,-1.25,-1.20499992370605,0.0,5.69999980926514,12.4012203216553,1.20473229885101,-1.36282587051392,11.7532806396484,1.14736199378967,-1.02648818492889,"(11.75328, 1.147362, -1.026488)",truck body CS,15.3773899078369,0.1,12.4012203216553,1.20473229885101,-1.36282587051392,0.00073747700243,90.083440095379,0.0000012201708
164,left road,164,-1.1049998998642,0.0,5.69999980926514,-1.04999995231628,0.0,-1.25,-1.1049998998642,0.0,5.69999980926514,12.4012203216553,1.20473229885101,-1.36282587051392,11.7541236877441,1.14701223373413,-1.02443885803223,"(11.75412, 1.147012, -1.024439)",truck body CS,15.2889785766602,0.1,12.4012203216553,1.20473229885101,-1.36282587051392,0.00073747700243,90.083440095379,0.0000012201708
165,left road,165,-1.00499999523163,0.0,5.69999980926514,-0.94999998807907,0.0,-1.25,-1.00499999523163,0.0,5.69999980926514,12.4012203216553,1.20473229885101,-1.36282587051392,11.7549524307251,1.14665615558624,-1.0223503112793,"(11.75495, 1.146656, -1.02235)",truck body CS,15.2007122039795,0.1,12.4012203216553,1.20473229885101,-1.36282587051392,0.00073747700243,90.083440095379,0.0000012201708
166,left road,166,-0.90500003099442,0.0,5.69999980926514,-0.85000002384186,0.0,-1.25,-0.90500003099442,0.0,5.69999980926514,12.4012203216553,1.20473229885101,-1.36282587051392,11.7557926177979,1.14629578590393,-1.0202374458313,"(11.75579, 1.146296, -1.020237)",truck body CS,15.1125898361206,0.1,12.4012203216553,1.20473229885101,-1.36282587051392,0.00073747700243,90.083440095379,0.0000012201708
167,left road,167,-0.80500000715256,0.0,5.69999980926514,-0.75,0.0,-1.25,-0.80500000715256,0.0,5.69999980926514,12.4012203216553,1.20473229885101,-1.36282587051392,11.7570962905884,1.14597225189209,-1.01834177970886,"(11.7571, 1.145972, -1.018342)",truck body CS,15.024619102478,0.1,12.4012203216553,1.20473229885101,-1.36282587051392,0.00073747700243,90.083440095379,0.0000012201708
168,left road,168,-0.7049999833107,0.0,5.69999980926514,-0.64999997615814,0.0,-1.25,-0.7049999833107,0.0,5.69999980926514,12.4012203216553,1.20473229885101,-1.36282587051392,11.7595481872559,1.14574933052063,-1.01703381538391,"(11.75955, 1.145749, -1.017034)",truck body CS,14.9367971420288,0.1,12.4012203216553,1.20473229885101,-1.36282587051392,0.00073747700243,90.083440095379,0.0000012201708
169,left road,169,-0.60500001907349,0.0,5.69999980926514,-0.55000001192093,0.0,-1.25,-0.60500001907349,0.0,5.69999980926514,12.4012203216553,1.20473229885101,-1.36282587051392,11.7620191574097,1.14552474021912,-1.01571679115295,"(11.76202, 1.145525, -1.015717)",truck body CS,14.8491296768188,0.1,12.4012203216553,1.20473229885101,-1.36282587051392,0.00073747700243,90.083440095379,0.0000012201708
170,left road,170,-0.50499999523163,0.0,5.69999980926514,-0.44999998807907,0.0,-1.25,-0.50499999523163,0.0,5.69999980926514,12.4012203216553,1.20473229885101,-1.36282587051392,11.7645978927612,1.14530658721924,-1.01443934440613,"(11.7646, 1.145307, -1.014439)",truck body CS,14.7616195678711,0.1,12.4012203216553,1.20473229885101,-1.36282587051392,0.00073747700243,90.083440095379,0.0000012201708
171,left road,171,-0.40500000119209,0.0,5.69999980926514,-0.34999999403954,0.0,-1.25,-0.40500000119209,0.0,5.69999980926514,12.4012203216553,1.20473229885101,-1.36282587051392,11.7671976089478,1.14508724212646,-1.01315176486969,"(11.7672, 1.145087, -1.013152)",truck body CS,14.6742687225342,0.1,12.4012203216553,1.20473229885101,-1.36282587051392,0.00073747700243,90.083440095379,0.0000012201708
172,left road,172,-0.30500000715256,0.0,5.69999980926514,-0.25,0.0,-1.25,-0.30500000715256,0.0,5.69999980926514,12.4012203216553,1.20473229885101,-1.36282587051392,11.77064037323,1.144944190979,-1.01231396198273,"(11.77064, 1.144944, -1.012314)",truck body CS,14.5870809555054,0.1,12.4012203216553,1.20473229885101,-1.36282587051392,0.00073747700243,90.083440095379,0.0000012201708
173,left road,173,-0.20500001311302,0.0,5.69999980926514,-0.15000000596046,0.0,-1.25,-0.20500001311302,0.0,5.69999980926514,12.4012203216553,1.20473229885101,-1.36282587051392,11.7746753692627,1.14485561847687,-1.01179504394531,"(11.77468, 1.144856, -1.011795)",truck body CS,14.5000581741333,0.1,12.4012203216553,1.20473229885101,-1.36282587051392,0.00073747700243,90.083440095379,0.0000012201708
174,left road,174,-0.10500000417233,0.0,5.69999980926514,-0.05000000074506,0.0,-1.25,-0.10500000417233,0.0,5.69999980926514,12.4012203216553,1.20473229885101,-1.36282587051392,11.7787218093872,1.14476644992828,-1.01127231121063,"(11.77872, 1.144766, -1.011272)",truck body CS,14.4132032394409,0.1,12.4012203216553,1.20473229885101,-1.36282587051392,0.00073747700243,90.083440095379,0.0000012201708
175,left road,175,-0.00499999895692,0.0,5.69999980926514,0.05000000074506,0.0,-1.25,-0.00499999895692,0.0,5.69999980926514,12.4012203216553,1.20473229885101,-1.36282587051392,11.7828598022461,1.14468502998352,-1.01079440116882,"(11.78286, 1.144685, -1.010794)",truck body CS,14.3265209197998,0.1,12.4012203216553,1.20473229885101,-1.36282587051392,0.00073747700243,90.083440095379,0.0000012201708
176,left road,176,0.09500000625849,0.0,5.69999980926514,0.15000000596046,0.0,-1.25,0.09500000625849,0.0,5.69999980926514,12.4012203216553,1.20473229885101,-1.36282587051392,11.7874326705933,1.14464473724365,-1.01055932044983,"(11.78743, 1.144645, -1.010559)",truck body CS,14.2400121688843,0.1,12.4012203216553,1.20473229885101,-1.36282587051392,0.00073747700243,90.083440095379,0.0000012201708
177,left road,177,0.19499999284744,0.0,5.69999980926514,0.25,0.0,-1.25,0.19499999284744,0.0,5.69999980926514,12.4012203216553,1.20473229885101,-1.36282587051392,11.7920207977295,1.14460515975952,-1.01032733917236,"(11.79202, 1.144605, -1.010327)",truck body CS,14.1536827087402,0.1,12.4012203216553,1.20473229885101,-1.36282587051392,0.00073747700243,90.083440095379,0.0000012201708
178,left road,178,0.29499998688698,0.0,5.69999980926514,0.34999999403954,0.0,-1.25,0.29499998688698,0.0,5.69999980926514,12.4012203216553,1.20473229885101,-1.36282587051392,11.7966079711914,1.14456510543823,-1.01009106636047,"(11.79661, 1.144565, -1.010091)",truck body CS,14.0675315856934,0.1,12.4012203216553,1.20473229885101,-1.36282587051392,0.00073747700243,90.083440095379,0.0000012201708
179,left road,179,0.39499998092651,0.0,5.69999980926514,0.44999998807907,0.0,-1.25,0.39499998092651,0.0,5.69999980926514,12.4012203216553,1.20473229885101,-1.36282587051392,11.8012428283691,1.14452910423279,-1.00988066196442,"(11.80124, 1.144529, -1.009881)",truck body CS,13.9815673828125,0.1,12.4012203216553,1.20473229885101,-1.36282587051392,0.00073747700243,90.083440095379,0.0000012201708
180,left road,180,0.49500000476837,0.0,5.69999980926514,0.55000001192093,0.0,-1.25,0.49500000476837,0.0,5.69999980926514,12.4012203216553,1.20473229885101,-1.36282587051392,11.8058519363403,1.14448988437653,-1.00965046882629,"(11.80585, 1.14449, -1.00965)",truck body CS,13.8957901000977,0.1,12.4012203216553,1.20473229885101,-1.36282587051392,0.00073747700243,90.083440095379,0.0000012201708
181,left road,181,0.59499996900558,0.0,5.69999980926514,0.64999997615814,0.0,-1.25,0.59499996900558,0.0,5.69999980926514,12.4012203216553,1.20473229885101,-1.36282587051392,11.8091926574707,1.14432036876678,-1.00865626335144,"(11.80919, 1.14432, -1.008656)",truck body CS,13.8102035522461,0.1,12.4012203216553,1.20473229885101,-1.36282587051392,0.00073747700243,90.083440095379,0.0000012201708
182,left road,182,0.69499999284744,0.0,5.69999980926514,0.75,0.0,-1.25,0.69499999284744,0.0,5.69999980926514,12.4012203216553,1.20473229885101,-1.36282587051392,11.8108711242676,1.14397716522217,-1.00664412975311,"(11.81087, 1.143977, -1.006644)",truck body CS,13.7248125076294,0.1,12.4012203216553,1.20473229885101,-1.36282587051392,0.00073747700243,90.083440095379,0.0000012201708
183,left road,183,0.7950000166893,0.0,5.69999980926514,0.85000002384186,0.0,-1.25,0.7950000166893,0.0,5.69999980926514,12.4012203216553,1.20473229885101,-1.36282587051392,11.8146514892578,1.14384603500366,-1.00587630271912,"(11.81465, 1.143846, -1.005876)",truck body CS,13.6396207809448,0.1,12.4012203216553,1.20473229885101,-1.36282587051392,0.00073747700243,90.083440095379,0.0000012201708
184,left road,184,0.89499998092651,0.0,5.69999980926514,0.94999998807907,0.0,-1.25,0.89499998092651,0.0,5.69999980926514,12.4012203216553,1.20473229885101,-1.36282587051392,11.8201742172241,1.14389503002167,-1.00616335868835,"(11.82017, 1.143895, -1.006163)",truck body CS,13.554630279541,0.1,12.4012203216553,1.20473229885101,-1.36282587051392,0.00073747700243,90.083440095379,0.0000012201708
185,left road,185,0.99499994516373,0.0,5.69999980926514,1.04999995231628,0.0,-1.25,0.99499994516373,0.0,5.69999980926514,12.4012203216553,1.20473229885101,-1.36282587051392,11.825611114502,1.14393615722656,-1.00640380382538,"(11.82561, 1.143936, -1.006404)",truck body CS,13.4698467254639,0.1,12.4012203216553,1.20473229885101,-1.36282587051392,0.00073747700243,90.083440095379,0.0000012201708
186,left road,186,1.09500002861023,0.0,5.69999980926514,1.14999997615814,0.0,-1.25,1.09500002861023,0.0,5.69999980926514,12.4012203216553,1.20473229885101,-1.36282587051392,11.8310604095459,1.14397883415222,-1.00665521621704,"(11.83106, 1.143979, -1.006655)",truck body CS,13.385272026062,0.1,12.4012203216553,1.20473229885101,-1.36282587051392,0.00073747700243,90.083440095379,0.0000012201708
187,left road,187,1.19500005245209,0.0,5.69999980926514,1.25,0.0,-1.25,1.19500005245209,0.0,5.69999980926514,12.4012203216553,1.20473229885101,-1.36282587051392,11.8577194213867,1.1463029384613,-1.02027893066406,"(11.85772, 1.146303, -1.020279)",truck body CS,13.3009128570557,0.1,12.4012203216553,1.20473229885101,-1.36282587051392,0.00073747700243,90.083440095379,0.0000012201708
188,left road,188,1.29500007629395,0.0,5.69999980926514,1.35000002384186,0.0,-1.25,1.29500007629395,0.0,5.69999980926514,12.4012203216553,1.20473229885101,-1.36282587051392,11.8622007369995,1.14626264572144,-1.02004384994507,"(11.8622, 1.146263, -1.020044)",truck body CS,13.2167701721191,0.1,12.4012203216553,1.20473229885101,-1.36282587051392,0.00073747700243,90.083440095379,0.0000012201708
189,left road,189,1.3950001001358,0.0,5.69999980926514,1.45000004768372,0.0,-1.25,1.3950001001358,0.0,5.69999980926514,12.4012203216553,1.20473229885101,-1.36282587051392,11.8666849136353,1.14622235298157,-1.01980686187744,"(11.86668, 1.146222, -1.019807)",truck body CS,13.1328506469727,0.1,12.4012203216553,1.20473229885101,-1.36282587051392,0.00073747700243,90.083440095379,0.0000012201708
190,left road,190,1.49500000476837,0.0,5.69999980926514,1.54999995231628,0.0,-1.25,1.49500000476837,0.0,5.69999980926514,12.4012203216553,1.20473229885101,-1.36282587051392,11.8717555999756,1.1462459564209,-1.01994609832764,"(11.87176, 1.146246, -1.019946)",truck body CS,13.0491580963135,0.1,12.4012203216553,1.20473229885101,-1.36282587051392,0.00073747700243,90.083440095379,0.0000012201708
191,left road,191,1.59500002861023,0.0,5.69999980926514,1.64999997615814,0.0,-1.25,1.59500002861023,0.0,5.69999980926514,12.4012203216553,1.20473229885101,-1.36282587051392,12.3512678146362,1.19916331768036,-1.33017790317535,"(12.35127, 1.199163, -1.330178)",EyeArea,12.9656963348389,0.1,12.4012203216553,1.20473229885101,-1.36282587051392,0.00073747700243,90.083440095379,0.0000012201708
192,left road,192,1.69500005245209,0.0,5.69999980926514,1.75,0.0,-1.25,1.69500005245209,0.0,5.69999980926514,12.4012203216553,1.20473229885101,-1.36282587051392,12.3512687683105,1.19911134243011,-1.32987320423126,"(12.35127, 1.199111, -1.329873)",EyeArea,12.8824701309204,0.1,12.4012203216553,1.20473229885101,-1.36282587051392,0.00073747700243,90.083440095379,0.0000012201708
193,left road,193,1.79500007629395,0.0,5.69999980926514,1.85000002384186,0.0,-1.25,1.79500007629395,0.0,5.69999980926514,12.4012203216553,1.20473229885101,-1.36282587051392,12.3512687683105,1.19905841350555,-1.32956278324127,"(12.35127, 1.199058, -1.329563)",EyeArea,12.7994832992554,0.1,12.4012203216553,1.20473229885101,-1.36282587051392,0.00073747700243,90.083440095379,0.0000012201708
194,left road,194,1.8950001001358,0.0,5.69999980926514,1.95000004768372,0.0,-1.25,1.8950001001358,0.0,5.69999980926514,12.4012203216553,1.20473229885101,-1.36282587051392,12.3512697219849,1.19900441169739,-1.32924616336823,"(12.35127, 1.199004, -1.329246)",EyeArea,12.716742515564,0.1,12.4012203216553,1.20473229885101,-1.36282587051392,0.00073747700243,90.083440095379,0.0000012201708
195,left road,195,1.99500000476837,0.0,5.69999980926514,2.04999995231628,0.0,-1.25,1.99500000476837,0.0,5.69999980926514,12.4012203216553,1.20473229885101,-1.36282587051392,12.3512697219849,1.1989494562149,-1.32892429828644,"(12.35127, 1.198949, -1.328924)",EyeArea,12.6342506408691,0.1,12.4012203216553,1.20473229885101,-1.36282587051392,0.00073747700243,90.083440095379,0.0000012201708
196,left road,196,2.09500002861023,0.0,5.69999980926514,2.15000009536743,0.0,-1.25,2.09500002861023,0.0,5.69999980926514,12.4012203216553,1.20473229885101,-1.36282587051392,12.3512706756592,1.19889342784882,-1.32859528064728,"(12.35127, 1.198893, -1.328595)",EyeArea,12.5520143508911,0.1,12.4012203216553,1.20473229885101,-1.36282587051392,0.00073747700243,90.083440095379,0.0000012201708
197,left road,197,2.1949999332428,0.0,5.69999980926514,2.25,0.0,-1.25,2.1949999332428,0.0,5.69999980926514,12.4012203216553,1.20473229885101,-1.36282587051392,12.3512706756592,1.19883632659912,-1.32826054096222,"(12.35127, 1.198836, -1.328261)",EyeArea,12.4700374603271,0.1,12.4012203216553,1.20473229885101,-1.36282587051392,0.00073747700243,90.083440095379,0.0000012201708
198,left road,198,2.29499983787537,0.0,5.69999980926514,2.34999990463257,0.0,-1.25,2.29499983787537,0.0,5.69999980926514,12.4012203216553,1.20473229885101,-1.36282587051392,12.3512716293335,1.19877791404724,-1.32791864871979,"(12.35127, 1.198778, -1.327919)",EyeArea,12.3883247375488,0.1,12.4012203216553,1.20473229885101,-1.36282587051392,0.00073747700243,90.083440095379,0.0000012201708
199,left road,199,2.39499998092651,0.0,5.69999980926514,2.45000004768372,0.0,-1.25,2.39499998092651,0.0,5.69999980926514,12.4012203216553,1.20473229885101,-1.36282587051392,12.3512716293335,1.19871854782104,-1.32757008075714,"(12.35127, 1.198719, -1.32757)",EyeArea,12.3068809509277,0.1,12.4012203216553,1.20473229885101,-1.36282587051392,0.00073747700243,90.083440095379,0.0000012201708
200,left road,200,2.49499988555908,0.0,5.69999980926514,2.54999995231628,0.0,-1.25,2.49499988555908,0.0,5.69999980926514,12.4012203216553,1.20473229885101,-1.36282587051392,12.3512725830078,1.19865787029266,-1.32721436023712,"(12.35127, 1.198658, -1.327214)",EyeArea,12.2257137298584,0.1,12.4012203216553,1.20473229885101,-1.36282587051392,0.00073747700243,90.083440095379,0.0000012201708
201,left road,201,2.59500002861023,0.0,5.69999980926514,2.65000009536743,0.0,-1.25,2.59500002861023,0.0,5.69999980926514,12.4012203216553,1.20473229885101,-1.36282587051392,12.3512725830078,1.19859600067139,-1.32685148715973,"(12.35127, 1.198596, -1.326851)",EyeArea,12.1448268890381,0.1,12.4012203216553,1.20473229885101,-1.36282587051392,0.00073747700243,90.083440095379,0.0000012201708
202,left road,202,2.6949999332428,0.0,5.69999980926514,2.75,0.0,-1.25,2.6949999332428,0.0,5.69999980926514,12.4012203216553,1.20473229885101,-1.36282587051392,12.3512735366821,1.19853293895721,-1.32648146152496,"(12.35127, 1.198533, -1.326481)",EyeArea,12.0642280578613,0.1,12.4012203216553,1.20473229885101,-1.36282587051392,0.00073747700243,90.083440095379,0.0000012201708
203,left road,203,2.79499983787537,0.0,5.69999980926514,2.84999990463257,0.0,-1.25,2.79499983787537,0.0,5.69999980926514,12.4012203216553,1.20473229885101,-1.36282587051392,12.3512744903564,1.19846844673157,-1.32610380649567,"(12.35127, 1.198468, -1.326104)",EyeArea,11.9839200973511,0.1,12.4012203216553,1.20473229885101,-1.36282587051392,0.00073747700243,90.083440095379,0.0000012201708
204,left road,204,2.89499998092651,0.0,5.69999980926514,2.95000004768372,0.0,-1.25,2.89499998092651,0.0,5.69999980926514,12.4012203216553,1.20473229885101,-1.36282587051392,12.3512744903564,1.19840252399445,-1.32571756839752,"(12.35127, 1.198403, -1.325718)",EyeArea,11.9039106369019,0.1,12.4012203216553,1.20473229885101,-1.36282587051392,0.00073747700243,90.083440095379,0.0000012201708
205,left road,205,2.99499988555908,0.0,5.69999980926514,3.04999995231628,0.0,-1.25,2.99499988555908,0.0,5.69999980926514,12.4012203216553,1.20473229885101,-1.36282587051392,12.3512754440308,1.19833528995514,-1.32532370090485,"(12.35128, 1.198335, -1.325324)",EyeArea,11.8242063522339,0.1,12.4012203216553,1.20473229885101,-1.36282587051392,0.00073747700243,90.083440095379,0.0000012201708
206,left road,206,3.09500002861023,0.0,5.69999980926514,3.15000009536743,0.0,-1.25,3.09500002861023,0.0,5.69999980926514,12.4012203216553,1.20473229885101,-1.36282587051392,12.3512754440308,1.19826674461365,-1.32492125034332,"(12.35128, 1.198267, -1.324921)",EyeArea,11.7448120117188,0.1,12.4012203216553,1.20473229885101,-1.36282587051392,0.00073747700243,90.083440095379,0.0000012201708
207,left road,207,3.1949999332428,0.0,5.69999980926514,3.25,0.0,-1.25,3.1949999332428,0.0,5.69999980926514,12.4012203216553,1.20473229885101,-1.36282587051392,12.3512763977051,1.1981965303421,-1.32450973987579,"(12.35128, 1.198197, -1.32451)",EyeArea,11.665735244751,0.1,12.4012203216553,1.20473229885101,-1.36282587051392,0.00073747700243,90.083440095379,0.0000012201708
208,left road,208,3.29499983787537,0.0,5.69999980926514,3.34999990463257,0.0,-1.25,3.29499983787537,0.0,5.69999980926514,12.4012203216553,1.20473229885101,-1.36282587051392,12.3512773513794,1.19812488555908,-1.32408964633942,"(12.35128, 1.198125, -1.32409)",EyeArea,11.5869808197021,0.1,12.4012203216553,1.20473229885101,-1.36282587051392,0.00073747700243,90.083440095379,0.0000012201708
209,left road,209,3.39499998092651,0.0,5.69999980926514,3.45000004768372,0.0,-1.25,3.39499998092651,0.0,5.69999980926514,12.4012203216553,1.20473229885101,-1.36282587051392,12.3512773513794,1.19805157184601,-1.32366001605988,"(12.35128, 1.198052, -1.32366)",EyeArea,11.5085573196411,0.1,12.4012203216553,1.20473229885101,-1.36282587051392,0.00073747700243,90.083440095379,0.0000012201708
210,left road,210,-3.50500011444092,0.0,5.79999971389771,-3.45000004768372,0.0,-1.14999997615814,-3.50500011444092,0.0,5.79999971389771,12.4012203216553,1.20473229885101,-1.36282587051392,11.7550745010376,1.15579330921173,-1.0718560218811,"(11.75507, 1.155793, -1.071856)",truck body CS,17.4861450195313,0.1,12.4012203216553,1.20473229885101,-1.36282587051392,0.00073747700243,90.083440095379,0.0000012201708
211,left road,211,-3.40499997138977,0.0,5.79999971389771,-3.34999990463257,0.0,-1.14999997615814,-3.40499997138977,0.0,5.79999971389771,12.4012203216553,1.20473229885101,-1.36282587051392,11.7553253173828,1.15550291538239,-1.07012796401978,"(11.75533, 1.155503, -1.070128)",truck body CS,17.3952312469482,0.1,12.4012203216553,1.20473229885101,-1.36282587051392,0.00073747700243,90.083440095379,0.0000012201708
212,left road,212,-3.3050000667572,0.0,5.79999971389771,-3.25,0.0,-1.14999997615814,-3.3050000667572,0.0,5.79999971389771,12.4012203216553,1.20473229885101,-1.36282587051392,11.7444181442261,1.15435266494751,-1.0632905960083,"(11.74442, 1.154353, -1.063291)",truck body CS,17.3044166564941,0.1,12.4012203216553,1.20473229885101,-1.36282587051392,0.00073747700243,90.083440095379,0.0000012201708
213,left road,213,-3.20500016212463,0.0,5.79999971389771,-3.15000009536743,0.0,-1.14999997615814,-3.20500016212463,0.0,5.79999971389771,12.4012203216553,1.20473229885101,-1.36282587051392,11.7443170547485,1.15402221679688,-1.06132531166077,"(11.74432, 1.154022, -1.061325)",truck body CS,17.2137031555176,0.1,12.4012203216553,1.20473229885101,-1.36282587051392,0.00073747700243,90.083440095379,0.0000012201708
214,left road,214,-3.10500001907349,0.0,5.79999971389771,-3.04999995231628,0.0,-1.14999997615814,-3.10500001907349,0.0,5.79999971389771,12.4012203216553,1.20473229885101,-1.36282587051392,11.7441921234131,1.1536853313446,-1.05932259559631,"(11.74419, 1.153685, -1.059323)",truck body CS,17.1230926513672,0.1,12.4012203216553,1.20473229885101,-1.36282587051392,0.00073747700243,90.083440095379,0.0000012201708
215,left road,215,-3.00500011444092,0.0,5.79999971389771,-2.95000004768372,0.0,-1.14999997615814,-3.00500011444092,0.0,5.79999971389771,12.4012203216553,1.20473229885101,-1.36282587051392,11.7440996170044,1.15334689617157,-1.05730962753296,"(11.7441, 1.153347, -1.05731)",truck body CS,17.0325889587402,0.1,12.4012203216553,1.20473229885101,-1.36282587051392,0.00073747700243,90.083440095379,0.0000012201708
216,left road,216,-2.90499997138977,0.0,5.79999971389771,-2.84999990463257,0.0,-1.14999997615814,-2.90499997138977,0.0,5.79999971389771,12.4012203216553,1.20473229885101,-1.36282587051392,11.7445678710938,1.15304791927338,-1.05553305149078,"(11.74457, 1.153048, -1.055533)",truck body CS,16.9421901702881,0.1,12.4012203216553,1.20473229885101,-1.36282587051392,0.00073747700243,90.083440095379,0.0000012201708
217,left road,217,-2.8050000667572,0.0,5.79999971389771,-2.75,0.0,-1.14999997615814,-2.8050000667572,0.0,5.79999971389771,12.4012203216553,1.20473229885101,-1.36282587051392,11.7450408935547,1.15274548530579,-1.05373525619507,"(11.74504, 1.152745, -1.053735)",truck body CS,16.8519020080566,0.1,12.4012203216553,1.20473229885101,-1.36282587051392,0.00073747700243,90.083440095379,0.0000012201708
218,left road,218,-2.70500016212463,0.0,5.79999971389771,-2.65000009536743,0.0,-1.14999997615814,-2.70500016212463,0.0,5.79999971389771,12.4012203216553,1.20473229885101,-1.36282587051392,11.7455196380615,1.1524395942688,-1.05191540718079,"(11.74552, 1.15244, -1.051915)",truck body CS,16.7617225646973,0.1,12.4012203216553,1.20473229885101,-1.36282587051392,0.00073747700243,90.083440095379,0.0000012201708
219,left road,219,-2.60500001907349,0.0,5.79999971389771,-2.54999995231628,0.0,-1.14999997615814,-2.60500001907349,0.0,5.79999971389771,12.4012203216553,1.20473229885101,-1.36282587051392,11.7460050582886,1.15213012695313,-1.05007588863373,"(11.74601, 1.15213, -1.050076)",truck body CS,16.6716556549072,0.1,12.4012203216553,1.20473229885101,-1.36282587051392,0.00073747700243,90.083440095379,0.0000012201708
220,left road,220,-2.50500011444092,0.0,5.79999971389771,-2.45000004768372,0.0,-1.14999997615814,-2.50500011444092,0.0,5.79999971389771,12.4012203216553,1.20473229885101,-1.36282587051392,11.7464828491211,1.15181589126587,-1.04820728302002,"(11.74648, 1.151816, -1.048207)",truck body CS,16.5817031860352,0.1,12.4012203216553,1.20473229885101,-1.36282587051392,0.00073747700243,90.083440095379,0.0000012201708
221,left road,221,-2.40499997138977,0.0,5.79999971389771,-2.34999990463257,0.0,-1.14999997615814,-2.40499997138977,0.0,5.79999971389771,12.4012203216553,1.20473229885101,-1.36282587051392,11.7469463348389,1.15149617195129,-1.04630613327026,"(11.74695, 1.151496, -1.046306)",truck body CS,16.4918651580811,0.1,12.4012203216553,1.20473229885101,-1.36282587051392,0.00073747700243,90.083440095379,0.0000012201708
222,left road,222,-2.3050000667572,0.0,5.79999971389771,-2.25,0.0,-1.14999997615814,-2.3050000667572,0.0,5.79999971389771,12.4012203216553,1.20473229885101,-1.36282587051392,11.7474117279053,1.15117239952087,-1.04438138008118,"(11.74741, 1.151172, -1.044381)",truck body CS,16.4021453857422,0.1,12.4012203216553,1.20473229885101,-1.36282587051392,0.00073747700243,90.083440095379,0.0000012201708
223,left road,223,-2.20500016212463,0.0,5.79999971389771,-2.15000009536743,0.0,-1.14999997615814,-2.20500016212463,0.0,5.79999971389771,12.4012203216553,1.20473229885101,-1.36282587051392,11.7478818893433,1.15084433555603,-1.04243147373199,"(11.74788, 1.150844, -1.042431)",truck body CS,16.3125457763672,0.1,12.4012203216553,1.20473229885101,-1.36282587051392,0.00073747700243,90.083440095379,0.0000012201708
224,left road,224,-2.10500001907349,0.0,5.79999971389771,-2.04999995231628,0.0,-1.14999997615814,-2.10500001907349,0.0,5.79999971389771,12.4012203216553,1.20473229885101,-1.36282587051392,11.7488670349121,1.15055477619171,-1.0407087802887,"(11.74887, 1.150555, -1.040709)",truck body CS,16.2230663299561,0.1,12.4012203216553,1.20473229885101,-1.36282587051392,0.00073747700243,90.083440095379,0.0000012201708
225,left road,225,-2.00500011444092,0.0,5.79999971389771,-1.95000004768372,0.0,-1.14999997615814,-2.00500011444092,0.0,5.79999971389771,12.4012203216553,1.20473229885101,-1.36282587051392,11.7499332427979,1.15026783943176,-1.03900265693665,"(11.74993, 1.150268, -1.039003)",truck body CS,16.1337108612061,0.1,12.4012203216553,1.20473229885101,-1.36282587051392,0.00073747700243,90.083440095379,0.0000012201708
226,left road,226,-1.90499997138977,0.0,5.79999971389771,-1.85000002384186,0.0,-1.14999997615814,-1.90499997138977,0.0,5.79999971389771,12.4012203216553,1.20473229885101,-1.36282587051392,11.7501220703125,1.14990293979645,-1.03683388233185,"(11.75012, 1.149903, -1.036834)",truck body CS,16.0444812774658,0.1,12.4012203216553,1.20473229885101,-1.36282587051392,0.00073747700243,90.083440095379,0.0000012201708
227,left road,227,-1.80499994754791,0.0,5.79999971389771,-1.75,0.0,-1.14999997615814,-1.80499994754791,0.0,5.79999971389771,12.4012203216553,1.20473229885101,-1.36282587051392,11.7505979537964,1.14955759048462,-1.03477966785431,"(11.7506, 1.149558, -1.03478)",truck body CS,15.9553804397583,0.1,12.4012203216553,1.20473229885101,-1.36282587051392,0.00073747700243,90.083440095379,0.0000012201708
228,left road,228,-1.70499992370605,0.0,5.79999971389771,-1.64999997615814,0.0,-1.14999997615814,-1.70499992370605,0.0,5.79999971389771,12.4012203216553,1.20473229885101,-1.36282587051392,11.7515029907227,1.14924347400665,-1.03291273117065,"(11.7515, 1.149243, -1.032913)",truck body CS,15.8664083480835,0.1,12.4012203216553,1.20473229885101,-1.36282587051392,0.00073747700243,90.083440095379,0.0000012201708
229,left road,229,-1.6049998998642,0.0,5.79999971389771,-1.54999995231628,0.0,-1.14999997615814,-1.6049998998642,0.0,5.79999971389771,12.4012203216553,1.20473229885101,-1.36282587051392,11.7524251937866,1.14892673492432,-1.03102946281433,"(11.75243, 1.148927, -1.031029)",truck body CS,15.7775678634644,0.1,12.4012203216553,1.20473229885101,-1.36282587051392,0.00073747700243,90.083440095379,0.0000012201708
230,left road,230,-1.50499999523163,0.0,5.79999971389771,-1.45000004768372,0.0,-1.14999997615814,-1.50499999523163,0.0,5.79999971389771,12.4012203216553,1.20473229885101,-1.36282587051392,11.7533473968506,1.1486052274704,-1.02911758422852,"(11.75335, 1.148605, -1.029118)",truck body CS,15.6888628005981,0.1,12.4012203216553,1.20473229885101,-1.36282587051392,0.00073747700243,90.083440095379,0.0000012201708
231,left road,231,-1.40499997138977,0.0,5.79999971389771,-1.35000002384186,0.0,-1.14999997615814,-1.40499997138977,0.0,5.79999971389771,12.4012203216553,1.20473229885101,-1.36282587051392,11.7542896270752,1.14828109741211,-1.02719020843506,"(11.75429, 1.148281, -1.02719)",truck body CS,15.6002941131592,0.1,12.4012203216553,1.20473229885101,-1.36282587051392,0.00073747700243,90.083440095379,0.0000012201708
232,left road,232,-1.30499994754791,0.0,5.79999971389771,-1.25,0.0,-1.14999997615814,-1.30499994754791,0.0,5.79999971389771,12.4012203216553,1.20473229885101,-1.36282587051392,11.7551651000977,1.14794600009918,-1.0251989364624,"(11.75517, 1.147946, -1.025199)",truck body CS,15.5118646621704,0.1,12.4012203216553,1.20473229885101,-1.36282587051392,0.00073747700243,90.083440095379,0.0000012201708
233,left road,233,-1.20499992370605,0.0,5.79999971389771,-1.14999997615814,0.0,-1.14999997615814,-1.20499992370605,0.0,5.79999971389771,12.4012203216553,1.20473229885101,-1.36282587051392,11.7559852600098,1.1476012468338,-1.02314877510071,"(11.75599, 1.147601, -1.023149)",truck body CS,15.4235754013062,0.1,12.4012203216553,1.20473229885101,-1.36282587051392,0.00073747700243,90.083440095379,0.0000012201708
234,left road,234,-1.1049998998642,0.0,5.79999971389771,-1.04999995231628,0.0,-1.14999997615814,-1.1049998998642,0.0,5.79999971389771,12.4012203216553,1.20473229885101,-1.36282587051392,11.756814956665,1.14725244045258,-1.02107501029968,"(11.75681, 1.147252, -1.021075)",truck body CS,15.3354301452637,0.1,12.4012203216553,1.20473229885101,-1.36282587051392,0.00073747700243,90.083440095379,0.0000012201708
235,left road,235,-1.00499999523163,0.0,5.79999971389771,-0.94999998807907,0.0,-1.14999997615814,-1.00499999523163,0.0,5.79999971389771,12.4012203216553,1.20473229885101,-1.36282587051392,11.7576961517334,1.14690279960632,-1.0189962387085,"(11.7577, 1.146903, -1.018996)",truck body CS,15.2474327087402,0.1,12.4012203216553,1.20473229885101,-1.36282587051392,0.00073747700243,90.083440095379,0.0000012201708
236,left road,236,-0.90500003099442,0.0,5.79999971389771,-0.85000002384186,0.0,-1.14999997615814,-0.90500003099442,0.0,5.79999971389771,12.4012203216553,1.20473229885101,-1.36282587051392,11.7601175308228,1.14668750762939,-1.01771569252014,"(11.76012, 1.146688, -1.017716)",truck body CS,15.1595830917358,0.1,12.4012203216553,1.20473229885101,-1.36282587051392,0.00073747700243,90.083440095379,0.0000012201708
237,left road,237,-0.80500000715256,0.0,5.79999971389771,-0.75,0.0,-1.14999997615814,-0.80500000715256,0.0,5.79999971389771,12.4012203216553,1.20473229885101,-1.36282587051392,11.7625503540039,1.14646983146667,-1.01642179489136,"(11.76255, 1.14647, -1.016422)",truck body CS,15.0718851089478,0.1,12.4012203216553,1.20473229885101,-1.36282587051392,0.00073747700243,90.083440095379,0.0000012201708
238,left road,238,-0.7049999833107,0.0,5.79999971389771,-0.64999997615814,0.0,-1.14999997615814,-0.7049999833107,0.0,5.79999971389771,12.4012203216553,1.20473229885101,-1.36282587051392,11.765064239502,1.14625632762909,-1.01515293121338,"(11.76506, 1.146256, -1.015153)",truck body CS,14.9843406677246,0.1,12.4012203216553,1.20473229885101,-1.36282587051392,0.00073747700243,90.083440095379,0.0000012201708
239,left road,239,-0.60500001907349,0.0,5.79999971389771,-0.55000001192093,0.0,-1.14999997615814,-0.60500001907349,0.0,5.79999971389771,12.4012203216553,1.20473229885101,-1.36282587051392,11.7676219940186,1.14604365825653,-1.01388835906982,"(11.76762, 1.146044, -1.013888)",truck body CS,14.8969535827637,0.1,12.4012203216553,1.20473229885101,-1.36282587051392,0.00073747700243,90.083440095379,0.0000012201708
240,left road,240,-0.50499999523163,0.0,5.79999971389771,-0.44999998807907,0.0,-1.14999997615814,-0.50499999523163,0.0,5.79999971389771,12.4012203216553,1.20473229885101,-1.36282587051392,11.7705593109131,1.14586317539215,-1.01281487941742,"(11.77056, 1.145863, -1.012815)",truck body CS,14.8097257614136,0.1,12.4012203216553,1.20473229885101,-1.36282587051392,0.00073747700243,90.083440095379,0.0000012201708
241,left road,241,-0.40500000119209,0.0,5.79999971389771,-0.34999999403954,0.0,-1.14999997615814,-0.40500000119209,0.0,5.79999971389771,12.4012203216553,1.20473229885101,-1.36282587051392,11.7745246887207,1.14577651023865,-1.01230001449585,"(11.77452, 1.145777, -1.0123)",truck body CS,14.7226600646973,0.1,12.4012203216553,1.20473229885101,-1.36282587051392,0.00073747700243,90.083440095379,0.0000012201708
242,left road,242,-0.30500000715256,0.0,5.79999971389771,-0.25,0.0,-1.14999997615814,-0.30500000715256,0.0,5.79999971389771,12.4012203216553,1.20473229885101,-1.36282587051392,11.7785120010376,1.14569044113159,-1.01178884506226,"(11.77851, 1.14569, -1.011789)",truck body CS,14.6357612609863,0.1,12.4012203216553,1.20473229885101,-1.36282587051392,0.00073747700243,90.083440095379,0.0000012201708
243,left road,243,-0.20500001311302,0.0,5.79999971389771,-0.15000000596046,0.0,-1.14999997615814,-0.20500001311302,0.0,5.79999971389771,12.4012203216553,1.20473229885101,-1.36282587051392,11.7825117111206,1.14560437202454,-1.01127600669861,"(11.78251, 1.145604, -1.011276)",truck body CS,14.5490293502808,0.1,12.4012203216553,1.20473229885101,-1.36282587051392,0.00073747700243,90.083440095379,0.0000012201708
244,left road,244,-0.10500000417233,0.0,5.79999971389771,-0.05000000074506,0.0,-1.14999997615814,-0.10500000417233,0.0,5.79999971389771,12.4012203216553,1.20473229885101,-1.36282587051392,11.786937713623,1.1455579996109,-1.01100039482117,"(11.78694, 1.145558, -1.011)",truck body CS,14.4624681472778,0.1,12.4012203216553,1.20473229885101,-1.36282587051392,0.00073747700243,90.083440095379,0.0000012201708
245,left road,245,-0.00499999895692,0.0,5.79999971389771,0.05000000074506,0.0,-1.14999997615814,-0.00499999895692,0.0,5.79999971389771,12.4012203216553,1.20473229885101,-1.36282587051392,11.791449546814,1.1455192565918,-1.01077020168304,"(11.79145, 1.145519, -1.01077)",truck body CS,14.3760833740234,0.1,12.4012203216553,1.20473229885101,-1.36282587051392,0.00073747700243,90.083440095379,0.0000012201708
246,left road,246,0.09500000625849,0.0,5.79999971389771,0.15000000596046,0.0,-1.14999997615814,0.09500000625849,0.0,5.79999971389771,12.4012203216553,1.20473229885101,-1.36282587051392,11.7959690093994,1.1454803943634,-1.01053881645203,"(11.79597, 1.14548, -1.010539)",truck body CS,14.2898750305176,0.1,12.4012203216553,1.20473229885101,-1.36282587051392,0.00073747700243,90.083440095379,0.0000012201708
247,left road,247,0.19499999284744,0.0,5.79999971389771,0.25,0.0,-1.14999997615814,0.19499999284744,0.0,5.79999971389771,12.4012203216553,1.20473229885101,-1.36282587051392,11.8004932403564,1.14544153213501,-1.01030802726746,"(11.80049, 1.145442, -1.010308)",truck body CS,14.2038478851318,0.1,12.4012203216553,1.20473229885101,-1.36282587051392,0.00073747700243,90.083440095379,0.0000012201708
248,left road,248,0.29499998688698,0.0,5.79999971389771,0.34999999403954,0.0,-1.14999997615814,0.29499998688698,0.0,5.79999971389771,12.4012203216553,1.20473229885101,-1.36282587051392,11.8051118850708,1.14541149139404,-1.01012921333313,"(11.80511, 1.145411, -1.010129)",truck body CS,14.1180038452148,0.1,12.4012203216553,1.20473229885101,-1.36282587051392,0.00073747700243,90.083440095379,0.0000012201708
249,left road,249,0.39499998092651,0.0,5.79999971389771,0.44999998807907,0.0,-1.14999997615814,0.39499998092651,0.0,5.79999971389771,12.4012203216553,1.20473229885101,-1.36282587051392,11.8099298477173,1.14540076255798,-1.01006531715393,"(11.80993, 1.145401, -1.010065)",truck body CS,14.0323476791382,0.1,12.4012203216553,1.20473229885101,-1.36282587051392,0.00073747700243,90.083440095379,0.0000012201708
250,left road,250,0.49500000476837,0.0,5.79999971389771,0.55000001192093,0.0,-1.14999997615814,0.49500000476837,0.0,5.79999971389771,12.4012203216553,1.20473229885101,-1.36282587051392,11.8108034133911,1.14499092102051,-1.00762844085693,"(11.8108, 1.144991, -1.007628)",truck body CS,13.9468832015991,0.1,12.4012203216553,1.20473229885101,-1.36282587051392,0.00073747700243,90.083440095379,0.0000012201708
251,left road,251,0.59499996900558,0.0,5.79999971389771,0.64999997615814,0.0,-1.14999997615814,0.59499996900558,0.0,5.79999971389771,12.4012203216553,1.20473229885101,-1.36282587051392,11.8137998580933,1.14479053020477,-1.0064377784729,"(11.8138, 1.144791, -1.006438)",truck body CS,13.8616123199463,0.1,12.4012203216553,1.20473229885101,-1.36282587051392,0.00073747700243,90.083440095379,0.0000012201708
252,left road,252,0.69499999284744,0.0,5.79999971389771,0.75,0.0,-1.14999997615814,0.69499999284744,0.0,5.79999971389771,12.4012203216553,1.20473229885101,-1.36282587051392,11.8186883926392,1.14478158950806,-1.00638461112976,"(11.81869, 1.144782, -1.006385)",truck body CS,13.7765398025513,0.1,12.4012203216553,1.20473229885101,-1.36282587051392,0.00073747700243,90.083440095379,0.0000012201708
253,left road,253,0.7950000166893,0.0,5.79999971389771,0.85000002384186,0.0,-1.14999997615814,0.7950000166893,0.0,5.79999971389771,12.4012203216553,1.20473229885101,-1.36282587051392,11.8240756988525,1.14482426643372,-1.00663769245148,"(11.82408, 1.144824, -1.006638)",truck body CS,13.6916694641113,0.1,12.4012203216553,1.20473229885101,-1.36282587051392,0.00073747700243,90.083440095379,0.0000012201708
254,left road,254,0.89499998092651,0.0,5.79999971389771,0.94999998807907,0.0,-1.14999997615814,0.89499998092651,0.0,5.79999971389771,12.4012203216553,1.20473229885101,-1.36282587051392,11.8294429779053,1.1448655128479,-1.00688362121582,"(11.82944, 1.144866, -1.006884)",truck body CS,13.6070041656494,0.1,12.4012203216553,1.20473229885101,-1.36282587051392,0.00073747700243,90.083440095379,0.0000012201708
255,left road,255,0.99499994516373,0.0,5.79999971389771,1.04999995231628,0.0,-1.14999997615814,0.99499994516373,0.0,5.79999971389771,12.4012203216553,1.20473229885101,-1.36282587051392,11.8368120193481,1.14511907100677,-1.00839078426361,"(11.83681, 1.145119, -1.008391)",truck body CS,13.5225486755371,0.1,12.4012203216553,1.20473229885101,-1.36282587051392,0.00073747700243,90.083440095379,0.0000012201708
256,left road,256,1.09500002861023,0.0,5.79999971389771,1.14999997615814,0.0,-1.14999997615814,1.09500002861023,0.0,5.79999971389771,12.4012203216553,1.20473229885101,-1.36282587051392,11.8609342575073,1.14716219902039,-1.02053821086884,"(11.86093, 1.147162, -1.020538)",truck body CS,13.4383058547974,0.1,12.4012203216553,1.20473229885101,-1.36282587051392,0.00073747700243,90.083440095379,0.0000012201708
257,left road,257,1.19500005245209,0.0,5.79999971389771,1.25,0.0,-1.14999997615814,1.19500005245209,0.0,5.79999971389771,12.4012203216553,1.20473229885101,-1.36282587051392,11.8653450012207,1.14712250232697,-1.02030289173126,"(11.86535, 1.147123, -1.020303)",truck body CS,13.3542814254761,0.1,12.4012203216553,1.20473229885101,-1.36282587051392,0.00073747700243,90.083440095379,0.0000012201708
258,left road,258,1.29500007629395,0.0,5.79999971389771,1.35000002384186,0.0,-1.14999997615814,1.29500007629395,0.0,5.79999971389771,12.4012203216553,1.20473229885101,-1.36282587051392,11.8698148727417,1.14708876609802,-1.02010250091553,"(11.86981, 1.147089, -1.020103)",truck body CS,13.2704772949219,0.1,12.4012203216553,1.20473229885101,-1.36282587051392,0.00073747700243,90.083440095379,0.0000012201708
259,left road,259,1.3950001001358,0.0,5.79999971389771,1.45000004768372,0.0,-1.14999997615814,1.3950001001358,0.0,5.79999971389771,12.4012203216553,1.20473229885101,-1.36282587051392,11.8751487731934,1.14714884757996,-1.02045881748199,"(11.87515, 1.147149, -1.020459)",truck body CS,13.186900138855,0.1,12.4012203216553,1.20473229885101,-1.36282587051392,0.00073747700243,90.083440095379,0.0000012201708
260,left road,260,1.49500000476837,0.0,5.79999971389771,1.54999995231628,0.0,-1.14999997615814,1.49500000476837,0.0,5.79999971389771,12.4012203216553,1.20473229885101,-1.36282587051392,12.3512687683105,1.19921445846558,-1.33001911640167,"(12.35127, 1.199214, -1.330019)",EyeArea,13.1035528182983,0.1,12.4012203216553,1.20473229885101,-1.36282587051392,0.00073747700243,90.083440095379,0.0000012201708
261,left road,261,1.59500002861023,0.0,5.79999971389771,1.64999997615814,0.0,-1.14999997615814,1.59500002861023,0.0,5.79999971389771,12.4012203216553,1.20473229885101,-1.36282587051392,12.3512687683105,1.19916343688965,-1.32971584796906,"(12.35127, 1.199163, -1.329716)",EyeArea,13.0204391479492,0.1,12.4012203216553,1.20473229885101,-1.36282587051392,0.00073747700243,90.083440095379,0.0000012201708
262,left road,262,1.69500005245209,0.0,5.79999971389771,1.75,0.0,-1.14999997615814,1.69500005245209,0.0,5.79999971389771,12.4012203216553,1.20473229885101,-1.36282587051392,12.3512687683105,1.1991114616394,-1.32940685749054,"(12.35127, 1.199111, -1.329407)",EyeArea,12.9375658035278,0.1,12.4012203216553,1.20473229885101,-1.36282587051392,0.00073747700243,90.083440095379,0.0000012201708
263,left road,263,1.79500007629395,0.0,5.79999971389771,1.85000002384186,0.0,-1.14999997615814,1.79500007629395,0.0,5.79999971389771,12.4012203216553,1.20473229885101,-1.36282587051392,12.3512697219849,1.19905853271484,-1.32909214496613,"(12.35127, 1.199059, -1.329092)",EyeArea,12.8549356460571,0.1,12.4012203216553,1.20473229885101,-1.36282587051392,0.00073747700243,90.083440095379,0.0000012201708
264,left road,264,1.8950001001358,0.0,5.79999971389771,1.95000004768372,0.0,-1.14999997615814,1.8950001001358,0.0,5.79999971389771,12.4012203216553,1.20473229885101,-1.36282587051392,12.3512697219849,1.19900453090668,-1.32877123355865,"(12.35127, 1.199005, -1.328771)",EyeArea,12.7725524902344,0.1,12.4012203216553,1.20473229885101,-1.36282587051392,0.00073747700243,90.083440095379,0.0000012201708
265,left road,265,1.99500000476837,0.0,5.79999971389771,2.04999995231628,0.0,-1.14999997615814,1.99500000476837,0.0,5.79999971389771,12.4012203216553,1.20473229885101,-1.36282587051392,12.3512706756592,1.19894957542419,-1.32844460010529,"(12.35127, 1.19895, -1.328445)",EyeArea,12.6904249191284,0.1,12.4012203216553,1.20473229885101,-1.36282587051392,0.00073747700243,90.083440095379,0.0000012201708
266,left road,266,2.09500002861023,0.0,5.79999971389771,2.15000009536743,0.0,-1.14999997615814,2.09500002861023,0.0,5.79999971389771,12.4012203216553,1.20473229885101,-1.36282587051392,12.3512706756592,1.19889354705811,-1.3281112909317,"(12.35127, 1.198894, -1.328111)",EyeArea,12.6085529327393,0.1,12.4012203216553,1.20473229885101,-1.36282587051392,0.00073747700243,90.083440095379,0.0000012201708
267,left road,267,2.1949999332428,0.0,5.79999971389771,2.25,0.0,-1.14999997615814,2.1949999332428,0.0,5.79999971389771,12.4012203216553,1.20473229885101,-1.36282587051392,12.3512716293335,1.19883632659912,-1.3277713060379,"(12.35127, 1.198836, -1.327771)",EyeArea,12.5269470214844,0.1,12.4012203216553,1.20473229885101,-1.36282587051392,0.00073747700243,90.083440095379,0.0000012201708
268,left road,268,2.29499983787537,0.0,5.79999971389771,2.34999990463257,0.0,-1.14999997615814,2.29499983787537,0.0,5.79999971389771,12.4012203216553,1.20473229885101,-1.36282587051392,12.3512725830078,1.19877815246582,-1.32742512226105,"(12.35127, 1.198778, -1.327425)",EyeArea,12.4456071853638,0.1,12.4012203216553,1.20473229885101,-1.36282587051392,0.00073747700243,90.083440095379,0.0000012201708
269,left road,269,2.39499998092651,0.0,5.79999971389771,2.45000004768372,0.0,-1.14999997615814,2.39499998092651,0.0,5.79999971389771,12.4012203216553,1.20473229885101,-1.36282587051392,12.3512725830078,1.19871866703033,-1.32707178592682,"(12.35127, 1.198719, -1.327072)",EyeArea,12.364541053772,0.1,12.4012203216553,1.20473229885101,-1.36282587051392,0.00073747700243,90.083440095379,0.0000012201708
270,left road,270,2.49499988555908,0.0,5.79999971389771,2.54999995231628,0.0,-1.14999997615814,2.49499988555908,0.0,5.79999971389771,12.4012203216553,1.20473229885101,-1.36282587051392,12.3512735366821,1.19865798950195,-1.32671082019806,"(12.35127, 1.198658, -1.326711)",EyeArea,12.2837553024292,0.1,12.4012203216553,1.20473229885101,-1.36282587051392,0.00073747700243,90.083440095379,0.0000012201708
271,left road,271,2.59500002861023,0.0,5.79999971389771,2.65000009536743,0.0,-1.14999997615814,2.59500002861023,0.0,5.79999971389771,12.4012203216553,1.20473229885101,-1.36282587051392,12.3512735366821,1.19859611988068,-1.32634317874908,"(12.35127, 1.198596, -1.326343)",EyeArea,12.2032537460327,0.1,12.4012203216553,1.20473229885101,-1.36282587051392,0.00073747700243,90.083440095379,0.0000012201708
272,left road,272,2.6949999332428,0.0,5.79999971389771,2.75,0.0,-1.14999997615814,2.6949999332428,0.0,5.79999971389771,12.4012203216553,1.20473229885101,-1.36282587051392,12.3512744903564,1.19853293895721,-1.32596743106842,"(12.35127, 1.198533, -1.325967)",EyeArea,12.1230430603027,0.1,12.4012203216553,1.20473229885101,-1.36282587051392,0.00073747700243,90.083440095379,0.0000012201708
273,left road,273,2.79499983787537,0.0,5.79999971389771,2.84999990463257,0.0,-1.14999997615814,2.79499983787537,0.0,5.79999971389771,12.4012203216553,1.20473229885101,-1.36282587051392,12.3512744903564,1.19846844673157,-1.32558405399323,"(12.35127, 1.198468, -1.325584)",EyeArea,12.0431270599365,0.1,12.4012203216553,1.20473229885101,-1.36282587051392,0.00073747700243,90.083440095379,0.0000012201708
274,left road,274,2.89499998092651,0.0,5.79999971389771,2.95000004768372,0.0,-1.14999997615814,2.89499998092651,0.0,5.79999971389771,12.4012203216553,1.20473229885101,-1.36282587051392,12.3512754440308,1.19840264320374,-1.3251930475235,"(12.35128, 1.198403, -1.325193)",EyeArea,11.9635143280029,0.1,12.4012203216553,1.20473229885101,-1.36282587051392,0.00073747700243,90.083440095379,0.0000012201708
275,left road,275,2.99499988555908,0.0,5.79999971389771,3.04999995231628,0.0,-1.14999997615814,2.99499988555908,0.0,5.79999971389771,12.4012203216553,1.20473229885101,-1.36282587051392,12.3512763977051,1.19833552837372,-1.32479345798492,"(12.35128, 1.198336, -1.324793)",EyeArea,11.8842096328735,0.1,12.4012203216553,1.20473229885101,-1.36282587051392,0.00073747700243,90.083440095379,0.0000012201708
276,left road,276,3.09500002861023,0.0,5.79999971389771,3.15000009536743,0.0,-1.14999997615814,3.09500002861023,0.0,5.79999971389771,12.4012203216553,1.20473229885101,-1.36282587051392,12.3512763977051,1.19826686382294,-1.3243852853775,"(12.35128, 1.198267, -1.324385)",EyeArea,11.8052177429199,0.1,12.4012203216553,1.20473229885101,-1.36282587051392,0.00073747700243,90.083440095379,0.0000012201708
277,left road,277,3.1949999332428,0.0,5.79999971389771,3.25,0.0,-1.14999997615814,3.1949999332428,0.0,5.79999971389771,12.4012203216553,1.20473229885101,-1.36282587051392,12.3512773513794,1.19819664955139,-1.32396805286407,"(12.35128, 1.198197, -1.323968)",EyeArea,11.7265491485596,0.1,12.4012203216553,1.20473229885101,-1.36282587051392,0.00073747700243,90.083440095379,0.0000012201708
278,left road,278,3.29499983787537,0.0,5.79999971389771,3.34999990463257,0.0,-1.14999997615814,3.29499983787537,0.0,5.79999971389771,12.4012203216553,1.20473229885101,-1.36282587051392,12.3512773513794,1.19812488555908,-1.32354176044464,"(12.35128, 1.198125, -1.323542)",EyeArea,11.6482057571411,0.1,12.4012203216553,1.20473229885101,-1.36282587051392,0.00073747700243,90.083440095379,0.0000012201708
279,left road,279,3.39499998092651,0.0,5.79999971389771,3.45000004768372,0.0,-1.14999997615814,3.39499998092651,0.0,5.79999971389771,12.4012203216553,1.20473229885101,-1.36282587051392,12.3512783050537,1.1980516910553,-1.32310593128204,"(12.35128, 1.198052, -1.323106)",EyeArea,11.5701961517334,0.1,12.4012203216553,1.20473229885101,-1.36282587051392,0.00073747700243,90.083440095379,0.0000012201708
280,left road,280,-3.50500011444092,0.0,5.89999961853027,-3.45000004768372,0.0,-1.04999995231628,-3.50500011444092,0.0,5.89999961853027,12.4012203216553,1.20473229885101,-1.36282587051392,11.7454481124878,1.15506422519684,-1.06339824199677,"(11.74545, 1.155064, -1.063398)",truck body CS,17.5273456573486,0.1,12.4012203216553,1.20473229885101,-1.36282587051392,0.00073747700243,90.083440095379,0.0000012201708
281,left road,281,-3.40499997138977,0.0,5.89999961853027,-3.34999990463257,0.0,-1.04999995231628,-3.40499997138977,0.0,5.89999961853027,12.4012203216553,1.20473229885101,-1.36282587051392,11.7453546524048,1.1547429561615,-1.06146037578583,"(11.74535, 1.154743, -1.06146)",truck body CS,17.4366455078125,0.1,12.4012203216553,1.20473229885101,-1.36282587051392,0.00073747700243,90.083440095379,0.0000012201708
282,left road,282,-3.3050000667572,0.0,5.89999961853027,-3.25,0.0,-1.04999995231628,-3.3050000667572,0.0,5.89999961853027,12.4012203216553,1.20473229885101,-1.36282587051392,11.7452745437622,1.15441846847534,-1.05950474739075,"(11.74527, 1.154418, -1.059505)",truck body CS,17.3460483551025,0.1,12.4012203216553,1.20473229885101,-1.36282587051392,0.00073747700243,90.083440095379,0.0000012201708
283,left road,283,-3.20500016212463,0.0,5.89999961853027,-3.15000009536743,0.0,-1.04999995231628,-3.20500016212463,0.0,5.89999961853027,12.4012203216553,1.20473229885101,-1.36282587051392,11.7451725006104,1.15408825874329,-1.05751383304596,"(11.74517, 1.154088, -1.057514)",truck body CS,17.2555541992188,0.1,12.4012203216553,1.20473229885101,-1.36282587051392,0.00073747700243,90.083440095379,0.0000012201708
284,left road,284,-3.10500001907349,0.0,5.89999961853027,-3.04999995231628,0.0,-1.04999995231628,-3.10500001907349,0.0,5.89999961853027,12.4012203216553,1.20473229885101,-1.36282587051392,11.7456398010254,1.15379786491394,-1.05576348304749,"(11.74564, 1.153798, -1.055763)",truck body CS,17.1651649475098,0.1,12.4012203216553,1.20473229885101,-1.36282587051392,0.00073747700243,90.083440095379,0.0000012201708
285,left road,285,-3.00500011444092,0.0,5.89999961853027,-2.95000004768372,0.0,-1.04999995231628,-3.00500011444092,0.0,5.89999961853027,12.4012203216553,1.20473229885101,-1.36282587051392,11.746111869812,1.15350413322449,-1.05399250984192,"(11.74611, 1.153504, -1.053993)",truck body CS,17.0748825073242,0.1,12.4012203216553,1.20473229885101,-1.36282587051392,0.00073747700243,90.083440095379,0.0000012201708
286,left road,286,-2.90499997138977,0.0,5.89999961853027,-2.84999990463257,0.0,-1.04999995231628,-2.90499997138977,0.0,5.89999961853027,12.4012203216553,1.20473229885101,-1.36282587051392,11.7465896606445,1.15320706367493,-1.05220246315002,"(11.74659, 1.153207, -1.052202)",truck body CS,16.9847106933594,0.1,12.4012203216553,1.20473229885101,-1.36282587051392,0.00073747700243,90.083440095379,0.0000012201708
287,left road,287,-2.8050000667572,0.0,5.89999961853027,-2.75,0.0,-1.04999995231628,-2.8050000667572,0.0,5.89999961853027,12.4012203216553,1.20473229885101,-1.36282587051392,11.7470722198486,1.15290653705597,-1.05039060115814,"(11.74707, 1.152907, -1.050391)",truck body CS,16.8946495056152,0.1,12.4012203216553,1.20473229885101,-1.36282587051392,0.00073747700243,90.083440095379,0.0000012201708
288,left road,288,-2.70500016212463,0.0,5.89999961853027,-2.65000009536743,0.0,-1.04999995231628,-2.70500016212463,0.0,5.89999961853027,12.4012203216553,1.20473229885101,-1.36282587051392,11.7475547790527,1.15260195732117,-1.04855298995972,"(11.74755, 1.152602, -1.048553)",truck body CS,16.8046989440918,0.1,12.4012203216553,1.20473229885101,-1.36282587051392,0.00073747700243,90.083440095379,0.0000012201708
289,left road,289,-2.60500001907349,0.0,5.89999961853027,-2.54999995231628,0.0,-1.04999995231628,-2.60500001907349,0.0,5.89999961853027,12.4012203216553,1.20473229885101,-1.36282587051392,11.7480192184448,1.15229177474976,-1.04668426513672,"(11.74802, 1.152292, -1.046684)",truck body CS,16.7148628234863,0.1,12.4012203216553,1.20473229885101,-1.36282587051392,0.00073747700243,90.083440095379,0.0000012201708
290,left road,290,-2.50500011444092,0.0,5.89999961853027,-2.45000004768372,0.0,-1.04999995231628,-2.50500011444092,0.0,5.89999961853027,12.4012203216553,1.20473229885101,-1.36282587051392,11.7484817504883,1.1519775390625,-1.04478931427002,"(11.74848, 1.151978, -1.044789)",truck body CS,16.6251449584961,0.1,12.4012203216553,1.20473229885101,-1.36282587051392,0.00073747700243,90.083440095379,0.0000012201708
291,left road,291,-2.40499997138977,0.0,5.89999961853027,-2.34999990463257,0.0,-1.04999995231628,-2.40499997138977,0.0,5.89999961853027,12.4012203216553,1.20473229885101,-1.36282587051392,11.7489538192749,1.15165948867798,-1.0428718328476,"(11.74895, 1.151659, -1.042872)",truck body CS,16.5355415344238,0.1,12.4012203216553,1.20473229885101,-1.36282587051392,0.00073747700243,90.083440095379,0.0000012201708
292,left road,292,-2.3050000667572,0.0,5.89999961853027,-2.25,0.0,-1.04999995231628,-2.3050000667572,0.0,5.89999961853027,12.4012203216553,1.20473229885101,-1.36282587051392,11.749870300293,1.15137362480164,-1.04114961624146,"(11.74987, 1.151374, -1.04115)",truck body CS,16.4460620880127,0.1,12.4012203216553,1.20473229885101,-1.36282587051392,0.00073747700243,90.083440095379,0.0000012201708
293,left road,293,-2.20500016212463,0.0,5.89999961853027,-2.15000009536743,0.0,-1.04999995231628,-2.20500016212463,0.0,5.89999961853027,12.4012203216553,1.20473229885101,-1.36282587051392,11.7509908676147,1.15110075473785,-1.0395040512085,"(11.75099, 1.151101, -1.039504)",truck body CS,16.3567008972168,0.1,12.4012203216553,1.20473229885101,-1.36282587051392,0.00073747700243,90.083440095379,0.0000012201708
294,left road,294,-2.10500001907349,0.0,5.89999961853027,-2.04999995231628,0.0,-1.04999995231628,-2.10500001907349,0.0,5.89999961853027,12.4012203216553,1.20473229885101,-1.36282587051392,11.7512521743774,1.15075278282166,-1.03740549087524,"(11.75125, 1.150753, -1.037405)",truck body CS,16.2674655914307,0.1,12.4012203216553,1.20473229885101,-1.36282587051392,0.00073747700243,90.083440095379,0.0000012201708
295,left road,295,-2.00500011444092,0.0,5.89999961853027,-1.95000004768372,0.0,-1.04999995231628,-2.00500011444092,0.0,5.89999961853027,12.4012203216553,1.20473229885101,-1.36282587051392,11.7516059875488,1.15040767192841,-1.03532493114471,"(11.75161, 1.150408, -1.035325)",truck body CS,16.1783561706543,0.1,12.4012203216553,1.20473229885101,-1.36282587051392,0.00073747700243,90.083440095379,0.0000012201708
296,left road,296,-1.90499997138977,0.0,5.89999961853027,-1.85000002384186,0.0,-1.04999995231628,-1.90499997138977,0.0,5.89999961853027,12.4012203216553,1.20473229885101,-1.36282587051392,11.7525091171265,1.15010404586792,-1.03349530696869,"(11.75251, 1.150104, -1.033495)",truck body CS,16.0893745422363,0.1,12.4012203216553,1.20473229885101,-1.36282587051392,0.00073747700243,90.083440095379,0.0000012201708
297,left road,297,-1.80499994754791,0.0,5.89999961853027,-1.75,0.0,-1.04999995231628,-1.80499994754791,0.0,5.89999961853027,12.4012203216553,1.20473229885101,-1.36282587051392,11.7534189224243,1.14979672431946,-1.03164124488831,"(11.75342, 1.149797, -1.031641)",truck body CS,16.0005226135254,0.1,12.4012203216553,1.20473229885101,-1.36282587051392,0.00073747700243,90.083440095379,0.0000012201708
298,left road,298,-1.70499992370605,0.0,5.89999961853027,-1.64999997615814,0.0,-1.04999995231628,-1.70499992370605,0.0,5.89999961853027,12.4012203216553,1.20473229885101,-1.36282587051392,11.7543325424194,1.14948511123657,-1.0297634601593,"(11.75433, 1.149485, -1.029763)",truck body CS,15.9118022918701,0.1,12.4012203216553,1.20473229885101,-1.36282587051392,0.00073747700243,90.083440095379,0.0000012201708
299,left road,299,-1.6049998998642,0.0,5.89999961853027,-1.54999995231628,0.0,-1.04999995231628,-1.6049998998642,0.0,5.89999961853027,12.4012203216553,1.20473229885101,-1.36282587051392,11.7552652359009,1.1491711139679,-1.02787041664124,"(11.75527, 1.149171, -1.02787)",truck body CS,15.8232173919678,0.1,12.4012203216553,1.20473229885101,-1.36282587051392,0.00073747700243,90.083440095379,0.0000012201708
300,left road,300,-1.50499999523163,0.0,5.89999961853027,-1.45000004768372,0.0,-1.04999995231628,-1.50499999523163,0.0,5.89999961853027,12.4012203216553,1.20473229885101,-1.36282587051392,11.7561674118042,1.14884960651398,-1.02593278884888,"(11.75617, 1.14885, -1.025933)",truck body CS,15.734769821167,0.1,12.4012203216553,1.20473229885101,-1.36282587051392,0.00073747700243,90.083440095379,0.0000012201708
301,left road,301,-1.40499997138977,0.0,5.89999961853027,-1.35000002384186,0.0,-1.04999995231628,-1.40499997138977,0.0,5.89999961853027,12.4012203216553,1.20473229885101,-1.36282587051392,11.7569847106934,1.14851605892181,-1.02392172813416,"(11.75698, 1.148516, -1.023922)",truck body CS,15.6464605331421,0.1,12.4012203216553,1.20473229885101,-1.36282587051392,0.00073747700243,90.083440095379,0.0000012201708
302,left road,302,-1.30499994754791,0.0,5.89999961853027,-1.25,0.0,-1.04999995231628,-1.30499994754791,0.0,5.89999961853027,12.4012203216553,1.20473229885101,-1.36282587051392,11.7578105926514,1.1481785774231,-1.02188754081726,"(11.75781, 1.148179, -1.021888)",truck body CS,15.5582942962646,0.1,12.4012203216553,1.20473229885101,-1.36282587051392,0.00073747700243,90.083440095379,0.0000012201708
303,left road,303,-1.20499992370605,0.0,5.89999961853027,-1.14999997615814,0.0,-1.04999995231628,-1.20499992370605,0.0,5.89999961853027,12.4012203216553,1.20473229885101,-1.36282587051392,11.7586421966553,1.14783656597137,-1.01982522010803,"(11.75864, 1.147837, -1.019825)",truck body CS,15.4702701568604,0.1,12.4012203216553,1.20473229885101,-1.36282587051392,0.00073747700243,90.083440095379,0.0000012201708
304,left road,304,-1.1049998998642,0.0,5.89999961853027,-1.04999995231628,0.0,-1.04999995231628,-1.1049998998642,0.0,5.89999961853027,12.4012203216553,1.20473229885101,-1.36282587051392,11.7606382369995,1.14759349822998,-1.01835918426514,"(11.76064, 1.147593, -1.018359)",truck body CS,15.3823919296265,0.1,12.4012203216553,1.20473229885101,-1.36282587051392,0.00073747700243,90.083440095379,0.0000012201708
305,left road,305,-1.00499999523163,0.0,5.89999961853027,-0.94999998807907,0.0,-1.04999995231628,-1.00499999523163,0.0,5.89999961853027,12.4012203216553,1.20473229885101,-1.36282587051392,11.7630281448364,1.14738190174103,-1.017085313797,"(11.76303, 1.147382, -1.017085)",truck body CS,15.2946643829346,0.1,12.4012203216553,1.20473229885101,-1.36282587051392,0.00073747700243,90.083440095379,0.0000012201708
306,left road,306,-0.90500003099442,0.0,5.89999961853027,-0.85000002384186,0.0,-1.04999995231628,-0.90500003099442,0.0,5.89999961853027,12.4012203216553,1.20473229885101,-1.36282587051392,11.7655124664307,1.14717578887939,-1.01584196090698,"(11.76551, 1.147176, -1.015842)",truck body CS,15.2070875167847,0.1,12.4012203216553,1.20473229885101,-1.36282587051392,0.00073747700243,90.083440095379,0.0000012201708
307,left road,307,-0.80500000715256,0.0,5.89999961853027,-0.75,0.0,-1.04999995231628,-0.80500000715256,0.0,5.89999961853027,12.4012203216553,1.20473229885101,-1.36282587051392,11.7680311203003,1.14696979522705,-1.01459932327271,"(11.76803, 1.14697, -1.014599)",truck body CS,15.119665145874,0.1,12.4012203216553,1.20473229885101,-1.36282587051392,0.00073747700243,90.083440095379,0.0000012201708
308,left road,308,-0.7049999833107,0.0,5.89999961853027,-0.64999997615814,0.0,-1.04999995231628,-0.7049999833107,0.0,5.89999961853027,12.4012203216553,1.20473229885101,-1.36282587051392,11.7705736160278,1.14676284790039,-1.01335191726685,"(11.77057, 1.146763, -1.013352)",truck body CS,15.0323991775513,0.1,12.4012203216553,1.20473229885101,-1.36282587051392,0.00073747700243,90.083440095379,0.0000012201708
309,left road,309,-0.60500001907349,0.0,5.89999961853027,-0.55000001192093,0.0,-1.04999995231628,-0.60500001907349,0.0,5.89999961853027,12.4012203216553,1.20473229885101,-1.36282587051392,11.7743921279907,1.14667081832886,-1.01279783248901,"(11.77439, 1.146671, -1.012798)",truck body CS,14.9452934265137,0.1,12.4012203216553,1.20473229885101,-1.36282587051392,0.00073747700243,90.083440095379,0.0000012201708
310,left road,310,-0.50499999523163,0.0,5.89999961853027,-0.44999998807907,0.0,-1.04999995231628,-0.50499999523163,0.0,5.89999961853027,12.4012203216553,1.20473229885101,-1.36282587051392,11.7783098220825,1.14658653736115,-1.01228904724121,"(11.77831, 1.146587, -1.012289)",truck body CS,14.8583488464355,0.1,12.4012203216553,1.20473229885101,-1.36282587051392,0.00073747700243,90.083440095379,0.0000012201708
311,left road,311,-0.40500000119209,0.0,5.89999961853027,-0.34999999403954,0.0,-1.04999995231628,-0.40500000119209,0.0,5.89999961853027,12.4012203216553,1.20473229885101,-1.36282587051392,11.7822427749634,1.14650249481201,-1.01178336143494,"(11.78224, 1.146502, -1.011783)",truck body CS,14.7715702056885,0.1,12.4012203216553,1.20473229885101,-1.36282587051392,0.00073747700243,90.083440095379,0.0000012201708
312,left road,312,-0.30500000715256,0.0,5.89999961853027,-0.25,0.0,-1.04999995231628,-0.30500000715256,0.0,5.89999961853027,12.4012203216553,1.20473229885101,-1.36282587051392,11.7864561080933,1.14644372463226,-1.01142942905426,"(11.78646, 1.146444, -1.011429)",truck body CS,14.6849603652954,0.1,12.4012203216553,1.20473229885101,-1.36282587051392,0.00073747700243,90.083440095379,0.0000012201708
313,left road,313,-0.20500001311302,0.0,5.89999961853027,-0.15000000596046,0.0,-1.04999995231628,-0.20500001311302,0.0,5.89999961853027,12.4012203216553,1.20473229885101,-1.36282587051392,11.7909021377563,1.14640629291534,-1.01120209693909,"(11.7909, 1.146406, -1.011202)",truck body CS,14.598521232605,0.1,12.4012203216553,1.20473229885101,-1.36282587051392,0.00073747700243,90.083440095379,0.0000012201708
314,left road,314,-0.10500000417233,0.0,5.89999961853027,-0.05000000074506,0.0,-1.04999995231628,-0.10500000417233,0.0,5.89999961853027,12.4012203216553,1.20473229885101,-1.36282587051392,11.7953519821167,1.14636850357056,-1.01097428798676,"(11.79535, 1.146369, -1.010974)",truck body CS,14.5122556686401,0.1,12.4012203216553,1.20473229885101,-1.36282587051392,0.00073747700243,90.083440095379,0.0000012201708
315,left road,315,-0.00499999895692,0.0,5.89999961853027,0.05000000074506,0.0,-1.04999995231628,-0.00499999895692,0.0,5.89999961853027,12.4012203216553,1.20473229885101,-1.36282587051392,11.7998075485229,1.14633083343506,-1.01074767112732,"(11.79981, 1.146331, -1.010748)",truck body CS,14.4261674880981,0.1,12.4012203216553,1.20473229885101,-1.36282587051392,0.00073747700243,90.083440095379,0.0000012201708
316,left road,316,0.09500000625849,0.0,5.89999961853027,0.15000000596046,0.0,-1.04999995231628,0.09500000625849,0.0,5.89999961853027,12.4012203216553,1.20473229885101,-1.36282587051392,11.8043260574341,1.14629864692688,-1.01055335998535,"(11.80433, 1.146299, -1.010553)",truck body CS,14.3402605056763,0.1,12.4012203216553,1.20473229885101,-1.36282587051392,0.00073747700243,90.083440095379,0.0000012201708
317,left road,317,0.19499999284744,0.0,5.89999961853027,0.25,0.0,-1.04999995231628,0.19499999284744,0.0,5.89999961853027,12.4012203216553,1.20473229885101,-1.36282587051392,11.8087577819824,1.14625728130341,-1.01030421257019,"(11.80876, 1.146257, -1.010304)",truck body CS,14.2545375823975,0.1,12.4012203216553,1.20473229885101,-1.36282587051392,0.00073747700243,90.083440095379,0.0000012201708
318,left road,318,0.29499998688698,0.0,5.89999961853027,0.34999999403954,0.0,-1.04999995231628,0.29499998688698,0.0,5.89999961853027,12.4012203216553,1.20473229885101,-1.36282587051392,11.8117094039917,1.14606785774231,-1.00916349887848,"(11.81171, 1.146068, -1.009163)",truck body CS,14.1690006256104,0.1,12.4012203216553,1.20473229885101,-1.36282587051392,0.00073747700243,90.083440095379,0.0000012201708
319,left road,319,0.39499998092651,0.0,5.89999961853027,0.44999998807907,0.0,-1.04999995231628,0.39499998092651,0.0,5.89999961853027,12.4012203216553,1.20473229885101,-1.36282587051392,11.8134613037109,1.14575505256653,-1.00727653503418,"(11.81346, 1.145755, -1.007277)",truck body CS,14.0836544036865,0.1,12.4012203216553,1.20473229885101,-1.36282587051392,0.00073747700243,90.083440095379,0.0000012201708
320,left road,320,0.49500000476837,0.0,5.89999961853027,0.55000001192093,0.0,-1.04999995231628,0.49500000476837,0.0,5.89999961853027,12.4012203216553,1.20473229885101,-1.36282587051392,11.8172340393066,1.14564156532288,-1.006591796875,"(11.81723, 1.145642, -1.006592)",truck body CS,13.9985036849976,0.1,12.4012203216553,1.20473229885101,-1.36282587051392,0.00073747700243,90.083440095379,0.0000012201708
321,left road,321,0.59499996900558,0.0,5.89999961853027,0.64999997615814,0.0,-1.04999995231628,0.59499996900558,0.0,5.89999961853027,12.4012203216553,1.20473229885101,-1.36282587051392,11.8225784301758,1.14568638801575,-1.00686323642731,"(11.82258, 1.145686, -1.006863)",truck body CS,13.9135494232178,0.1,12.4012203216553,1.20473229885101,-1.36282587051392,0.00073747700243,90.083440095379,0.0000012201708
322,left road,322,0.69499999284744,0.0,5.89999961853027,0.75,0.0,-1.04999995231628,0.69499999284744,0.0,5.89999961853027,12.4012203216553,1.20473229885101,-1.36282587051392,11.8278636932373,1.14572596549988,-1.00710153579712,"(11.82786, 1.145726, -1.007102)",truck body CS,13.8287973403931,0.1,12.4012203216553,1.20473229885101,-1.36282587051392,0.00073747700243,90.083440095379,0.0000012201708
323,left road,323,0.7950000166893,0.0,5.89999961853027,0.85000002384186,0.0,-1.04999995231628,0.7950000166893,0.0,5.89999961853027,12.4012203216553,1.20473229885101,-1.36282587051392,11.8331508636475,1.14576625823975,-1.00734484195709,"(11.83315, 1.145766, -1.007345)",truck body CS,13.7442483901978,0.1,12.4012203216553,1.20473229885101,-1.36282587051392,0.00073747700243,90.083440095379,0.0000012201708
324,left road,324,0.89499998092651,0.0,5.89999961853027,0.94999998807907,0.0,-1.04999995231628,0.89499998092651,0.0,5.89999961853027,12.4012203216553,1.20473229885101,-1.36282587051392,11.8597030639648,1.14803397655487,-1.0210155248642,"(11.8597, 1.148034, -1.021016)",truck body CS,13.6599092483521,0.1,12.4012203216553,1.20473229885101,-1.36282587051392,0.00073747700243,90.083440095379,0.0000012201708
325,left road,325,0.99499994516373,0.0,5.89999961853027,1.04999995231628,0.0,-1.04999995231628,0.99499994516373,0.0,5.89999961853027,12.4012203216553,1.20473229885101,-1.36282587051392,11.8640537261963,1.14799642562866,-1.02078866958618,"(11.86405, 1.147996, -1.020789)",truck body CS,13.5757827758789,0.1,12.4012203216553,1.20473229885101,-1.36282587051392,0.00073747700243,90.083440095379,0.0000012201708
326,left road,326,1.09500002861023,0.0,5.89999961853027,1.14999997615814,0.0,-1.04999995231628,1.09500002861023,0.0,5.89999961853027,12.4012203216553,1.20473229885101,-1.36282587051392,11.8684377670288,1.14796161651611,-1.02057909965515,"(11.86844, 1.147962, -1.020579)",truck body CS,13.4918727874756,0.1,12.4012203216553,1.20473229885101,-1.36282587051392,0.00073747700243,90.083440095379,0.0000012201708
327,left road,327,1.19500005245209,0.0,5.89999961853027,1.25,0.0,-1.04999995231628,1.19500005245209,0.0,5.89999961853027,12.4012203216553,1.20473229885101,-1.36282587051392,11.8731889724731,1.14796590805054,-1.02060544490814,"(11.87319, 1.147966, -1.020605)",truck body CS,13.4081840515137,0.1,12.4012203216553,1.20473229885101,-1.36282587051392,0.00073747700243,90.083440095379,0.0000012201708
328,left road,328,1.29500007629395,0.0,5.89999961853027,1.35000002384186,0.0,-1.04999995231628,1.29500007629395,0.0,5.89999961853027,12.4012203216553,1.20473229885101,-1.36282587051392,11.8784370422363,1.14802408218384,-1.02095556259155,"(11.87844, 1.148024, -1.020956)",truck body CS,13.3247194290161,0.1,12.4012203216553,1.20473229885101,-1.36282587051392,0.00073747700243,90.083440095379,0.0000012201708
329,left road,329,1.3950001001358,0.0,5.89999961853027,1.45000004768372,0.0,-1.04999995231628,1.3950001001358,0.0,5.89999961853027,12.4012203216553,1.20473229885101,-1.36282587051392,12.3512687683105,1.19926464557648,-1.3298636674881,"(12.35127, 1.199265, -1.329864)",EyeArea,13.2414836883545,0.1,12.4012203216553,1.20473229885101,-1.36282587051392,0.00073747700243,90.083440095379,0.0000012201708
330,left road,330,1.49500000476837,0.0,5.89999961853027,1.54999995231628,0.0,-1.04999995231628,1.49500000476837,0.0,5.89999961853027,12.4012203216553,1.20473229885101,-1.36282587051392,12.3512687683105,1.19921445846558,-1.32956182956696,"(12.35127, 1.199214, -1.329562)",EyeArea,13.1584825515747,0.1,12.4012203216553,1.20473229885101,-1.36282587051392,0.00073747700243,90.083440095379,0.0000012201708
331,left road,331,1.59500002861023,0.0,5.89999961853027,1.64999997615814,0.0,-1.04999995231628,1.59500002861023,0.0,5.89999961853027,12.4012203216553,1.20473229885101,-1.36282587051392,12.3512697219849,1.19916355609894,-1.32925426959991,"(12.35127, 1.199164, -1.329254)",EyeArea,13.0757179260254,0.1,12.4012203216553,1.20473229885101,-1.36282587051392,0.00073747700243,90.083440095379,0.0000012201708
332,left road,332,1.69500005245209,0.0,5.89999961853027,1.75,0.0,-1.04999995231628,1.69500005245209,0.0,5.89999961853027,12.4012203216553,1.20473229885101,-1.36282587051392,12.3512697219849,1.1991114616394,-1.32894098758698,"(12.35127, 1.199111, -1.328941)",EyeArea,12.9931974411011,0.1,12.4012203216553,1.20473229885101,-1.36282587051392,0.00073747700243,90.083440095379,0.0000012201708
333,left road,333,1.79500007629395,0.0,5.89999961853027,1.85000002384186,0.0,-1.04999995231628,1.79500007629395,0.0,5.89999961853027,12.4012203216553,1.20473229885101,-1.36282587051392,12.3512706756592,1.19905853271484,-1.32862198352814,"(12.35127, 1.199059, -1.328622)",EyeArea,12.9109230041504,0.1,12.4012203216553,1.20473229885101,-1.36282587051392,0.00073747700243,90.083440095379,0.0000012201708
334,left road,334,1.8950001001358,0.0,5.89999961853027,1.95000004768372,0.0,-1.04999995231628,1.8950001001358,0.0,5.89999961853027,12.4012203216553,1.20473229885101,-1.36282587051392,12.3512706756592,1.19900453090668,-1.32829630374908,"(12.35127, 1.199005, -1.328296)",EyeArea,12.8288993835449,0.1,12.4012203216553,1.20473229885101,-1.36282587051392,0.00073747700243,90.083440095379,0.0000012201708
335,left road,335,1.99500000476837,0.0,5.89999961853027,2.04999995231628,0.0,-1.04999995231628,1.99500000476837,0.0,5.89999961853027,12.4012203216553,1.20473229885101,-1.36282587051392,12.3512716293335,1.19894969463348,-1.32796490192413,"(12.35127, 1.19895, -1.327965)",EyeArea,12.7471342086792,0.1,12.4012203216553,1.20473229885101,-1.36282587051392,0.00073747700243,90.083440095379,0.0000012201708
336,left road,336,2.09500002861023,0.0,5.89999961853027,2.15000009536743,0.0,-1.04999995231628,2.09500002861023,0.0,5.89999961853027,12.4012203216553,1.20473229885101,-1.36282587051392,12.3512716293335,1.19889354705811,-1.32762682437897,"(12.35127, 1.198894, -1.327627)",EyeArea,12.6656303405762,0.1,12.4012203216553,1.20473229885101,-1.36282587051392,0.00073747700243,90.083440095379,0.0000012201708
337,left road,337,2.1949999332428,0.0,5.89999961853027,2.25,0.0,-1.04999995231628,2.1949999332428,0.0,5.89999961853027,12.4012203216553,1.20473229885101,-1.36282587051392,12.3512725830078,1.19883644580841,-1.32728254795074,"(12.35127, 1.198836, -1.327283)",EyeArea,12.5843925476074,0.1,12.4012203216553,1.20473229885101,-1.36282587051392,0.00073747700243,90.083440095379,0.0000012201708
338,left road,338,2.29499983787537,0.0,5.89999961853027,2.34999990463257,0.0,-1.04999995231628,2.29499983787537,0.0,5.89999961853027,12.4012203216553,1.20473229885101,-1.36282587051392,12.3512725830078,1.19877815246582,-1.32693111896515,"(12.35127, 1.198778, -1.326931)",EyeArea,12.5034275054932,0.1,12.4012203216553,1.20473229885101,-1.36282587051392,0.00073747700243,90.083440095379,0.0000012201708
339,left road,339,2.39499998092651,0.0,5.89999961853027,2.45000004768372,0.0,-1.04999995231628,2.39499998092651,0.0,5.89999961853027,12.4012203216553,1.20473229885101,-1.36282587051392,12.3512735366821,1.19871866703033,-1.32657301425934,"(12.35127, 1.198719, -1.326573)",EyeArea,12.4227390289307,0.1,12.4012203216553,1.20473229885101,-1.36282587051392,0.00073747700243,90.083440095379,0.0000012201708
340,left road,340,2.49499988555908,0.0,5.89999961853027,2.54999995231628,0.0,-1.04999995231628,2.49499988555908,0.0,5.89999961853027,12.4012203216553,1.20473229885101,-1.36282587051392,12.3512735366821,1.19865810871124,-1.326207280159,"(12.35127, 1.198658, -1.326207)",EyeArea,12.3423347473145,0.1,12.4012203216553,1.20473229885101,-1.36282587051392,0.00073747700243,90.083440095379,0.0000012201708
341,left road,341,2.59500002861023,0.0,5.89999961853027,2.65000009536743,0.0,-1.04999995231628,2.59500002861023,0.0,5.89999961853027,12.4012203216553,1.20473229885101,-1.36282587051392,12.3512744903564,1.19859623908997,-1.32583439350128,"(12.35127, 1.198596, -1.325834)",EyeArea,12.2622175216675,0.1,12.4012203216553,1.20473229885101,-1.36282587051392,0.00073747700243,90.083440095379,0.0000012201708
342,left road,342,2.6949999332428,0.0,5.89999961853027,2.75,0.0,-1.04999995231628,2.6949999332428,0.0,5.89999961853027,12.4012203216553,1.20473229885101,-1.36282587051392,12.3512754440308,1.1985330581665,-1.32545340061188,"(12.35128, 1.198533, -1.325453)",EyeArea,12.1823949813843,0.1,12.4012203216553,1.20473229885101,-1.36282587051392,0.00073747700243,90.083440095379,0.0000012201708
343,left road,343,2.79499983787537,0.0,5.89999961853027,2.84999990463257,0.0,-1.04999995231628,2.79499983787537,0.0,5.89999961853027,12.4012203216553,1.20473229885101,-1.36282587051392,12.3512754440308,1.19846856594086,-1.3250652551651,"(12.35128, 1.198469, -1.325065)",EyeArea,12.1028709411621,0.1,12.4012203216553,1.20473229885101,-1.36282587051392,0.00073747700243,90.083440095379,0.0000012201708
344,left road,344,2.89499998092651,0.0,5.89999961853027,2.95000004768372,0.0,-1.04999995231628,2.89499998092651,0.0,5.89999961853027,12.4012203216553,1.20473229885101,-1.36282587051392,12.3512763977051,1.19840276241302,-1.32466804981232,"(12.35128, 1.198403, -1.324668)",EyeArea,12.0236530303955,0.1,12.4012203216553,1.20473229885101,-1.36282587051392,0.00073747700243,90.083440095379,0.0000012201708
345,left road,345,2.99499988555908,0.0,5.89999961853027,3.04999995231628,0.0,-1.04999995231628,2.99499988555908,0.0,5.89999961853027,12.4012203216553,1.20473229885101,-1.36282587051392,12.3512763977051,1.19833552837372,-1.32426273822784,"(12.35128, 1.198336, -1.324263)",EyeArea,11.9447479248047,0.1,12.4012203216553,1.20473229885101,-1.36282587051392,0.00073747700243,90.083440095379,0.0000012201708
346,left road,346,3.09500002861023,0.0,5.89999961853027,3.15000009536743,0.0,-1.04999995231628,3.09500002861023,0.0,5.89999961853027,12.4012203216553,1.20473229885101,-1.36282587051392,12.3512773513794,1.19826686382294,-1.32384884357452,"(12.35128, 1.198267, -1.323849)",EyeArea,11.8661594390869,0.1,12.4012203216553,1.20473229885101,-1.36282587051392,0.00073747700243,90.083440095379,0.0000012201708
347,left road,347,3.1949999332428,0.0,5.89999961853027,3.25,0.0,-1.04999995231628,3.1949999332428,0.0,5.89999961853027,12.4012203216553,1.20473229885101,-1.36282587051392,12.3512783050537,1.19819676876068,-1.3234258890152,"(12.35128, 1.198197, -1.323426)",EyeArea,11.7878971099854,0.1,12.4012203216553,1.20473229885101,-1.36282587051392,0.00073747700243,90.083440095379,0.0000012201708
348,left road,348,3.29499983787537,0.0,5.89999961853027,3.34999990463257,0.0,-1.04999995231628,3.29499983787537,0.0,5.89999961853027,12.4012203216553,1.20473229885101,-1.36282587051392,12.3512783050537,1.19812512397766,-1.32299387454987,"(12.35128, 1.198125, -1.322994)",EyeArea,11.7099637985229,0.1,12.4012203216553,1.20473229885101,-1.36282587051392,0.00073747700243,90.083440095379,0.0000012201708
349,left road,349,3.39499998092651,0.0,5.89999961853027,3.45000004768372,0.0,-1.04999995231628,3.39499998092651,0.0,5.89999961853027,12.4012203216553,1.20473229885101,-1.36282587051392,12.351279258728,1.19805181026459,-1.32255184650421,"(12.35128, 1.198052, -1.322552)",EyeArea,11.6323690414429,0.1,12.4012203216553,1.20473229885101,-1.36282587051392,0.00073747700243,90.083440095379,0.0000012201708
350,left road,350,-3.50500011444092,0.0,6.0,-3.45000004768372,0.0,-0.94999998807907,-3.50500011444092,0.0,6.0,12.4012203216553,1.20473229885101,-1.36282587051392,11.7462768554688,1.15512704849243,-1.05965828895569,"(11.74628, 1.155127, -1.059658)",truck body CS,17.569019317627,0.1,12.4012203216553,1.20473229885101,-1.36282587051392,0.00073747700243,90.083440095379,0.0000012201708
351,left road,351,-3.40499997138977,0.0,6.0,-3.34999990463257,0.0,-0.94999998807907,-3.40499997138977,0.0,6.0,12.4012203216553,1.20473229885101,-1.36282587051392,11.7462139129639,1.15480840206146,-1.0577118396759,"(11.74621, 1.154808, -1.057712)",truck body CS,17.4785346984863,0.1,12.4012203216553,1.20473229885101,-1.36282587051392,0.00073747700243,90.083440095379,0.0000012201708
352,left road,352,-3.3050000667572,0.0,6.0,-3.25,0.0,-0.94999998807907,-3.3050000667572,0.0,6.0,12.4012203216553,1.20473229885101,-1.36282587051392,11.7466821670532,1.15452635288239,-1.05598843097687,"(11.74668, 1.154526, -1.055988)",truck body CS,17.3881549835205,0.1,12.4012203216553,1.20473229885101,-1.36282587051392,0.00073747700243,90.083440095379,0.0000012201708
353,left road,353,-3.20500016212463,0.0,6.0,-3.15000009536743,0.0,-0.94999998807907,-3.20500016212463,0.0,6.0,12.4012203216553,1.20473229885101,-1.36282587051392,11.7471513748169,1.1542409658432,-1.05424308776855,"(11.74715, 1.154241, -1.054243)",truck body CS,17.2978820800781,0.1,12.4012203216553,1.20473229885101,-1.36282587051392,0.00073747700243,90.083440095379,0.0000012201708
354,left road,354,-3.10500001907349,0.0,6.0,-3.04999995231628,0.0,-0.94999998807907,-3.10500001907349,0.0,6.0,12.4012203216553,1.20473229885101,-1.36282587051392,11.747631072998,1.15395259857178,-1.05248165130615,"(11.74763, 1.153953, -1.052482)",truck body CS,17.2077140808105,0.1,12.4012203216553,1.20473229885101,-1.36282587051392,0.00073747700243,90.083440095379,0.0000012201708
355,left road,355,-3.00500011444092,0.0,6.0,-2.95000004768372,0.0,-0.94999998807907,-3.00500011444092,0.0,6.0,12.4012203216553,1.20473229885101,-1.36282587051392,11.7481145858765,1.15366077423096,-1.05069851875305,"(11.74811, 1.153661, -1.050699)",truck body CS,17.1176586151123,0.1,12.4012203216553,1.20473229885101,-1.36282587051392,0.00073747700243,90.083440095379,0.0000012201708
356,left road,356,-2.90499997138977,0.0,6.0,-2.84999990463257,0.0,-0.94999998807907,-2.90499997138977,0.0,6.0,12.4012203216553,1.20473229885101,-1.36282587051392,11.7485952377319,1.15336501598358,-1.04888963699341,"(11.7486, 1.153365, -1.04889)",truck body CS,17.0277118682861,0.1,12.4012203216553,1.20473229885101,-1.36282587051392,0.00073747700243,90.083440095379,0.0000012201708
357,left road,357,-2.8050000667572,0.0,6.0,-2.75,0.0,-0.94999998807907,-2.8050000667572,0.0,6.0,12.4012203216553,1.20473229885101,-1.36282587051392,11.749059677124,1.15306401252747,-1.04705023765564,"(11.74906, 1.153064, -1.04705)",truck body CS,16.9378776550293,0.1,12.4012203216553,1.20473229885101,-1.36282587051392,0.00073747700243,90.083440095379,0.0000012201708
358,left road,358,-2.70500016212463,0.0,6.0,-2.65000009536743,0.0,-0.94999998807907,-2.70500016212463,0.0,6.0,12.4012203216553,1.20473229885101,-1.36282587051392,11.7495126724243,1.15275800228119,-1.0451807975769,"(11.74951, 1.152758, -1.045181)",truck body CS,16.8481597900391,0.1,12.4012203216553,1.20473229885101,-1.36282587051392,0.00073747700243,90.083440095379,0.0000012201708
359,left road,359,-2.60500001907349,0.0,6.0,-2.54999995231628,0.0,-0.94999998807907,-2.60500001907349,0.0,6.0,12.4012203216553,1.20473229885101,-1.36282587051392,11.7499961853027,1.15245056152344,-1.04330122470856,"(11.75, 1.152451, -1.043301)",truck body CS,16.7585563659668,0.1,12.4012203216553,1.20473229885101,-1.36282587051392,0.00073747700243,90.083440095379,0.0000012201708
360,left road,360,-2.50500011444092,0.0,6.0,-2.45000004768372,0.0,-0.94999998807907,-2.50500011444092,0.0,6.0,12.4012203216553,1.20473229885101,-1.36282587051392,11.7508726119995,1.15217065811157,-1.04158997535706,"(11.75087, 1.152171, -1.04159)",truck body CS,16.6690731048584,0.1,12.4012203216553,1.20473229885101,-1.36282587051392,0.00073747700243,90.083440095379,0.0000012201708
361,left road,361,-2.40499997138977,0.0,6.0,-2.34999990463257,0.0,-0.94999998807907,-2.40499997138977,0.0,6.0,12.4012203216553,1.20473229885101,-1.36282587051392,11.7519550323486,1.15190386772156,-1.03996014595032,"(11.75196, 1.151904, -1.03996)",truck body CS,16.5797080993652,0.1,12.4012203216553,1.20473229885101,-1.36282587051392,0.00073747700243,90.083440095379,0.0000012201708
362,left road,362,-2.3050000667572,0.0,6.0,-2.25,0.0,-0.94999998807907,-2.3050000667572,0.0,6.0,12.4012203216553,1.20473229885101,-1.36282587051392,11.7522735595703,1.15157055854797,-1.03792273998261,"(11.75227, 1.151571, -1.037923)",truck body CS,16.4904670715332,0.1,12.4012203216553,1.20473229885101,-1.36282587051392,0.00073747700243,90.083440095379,0.0000012201708
363,left road,363,-2.20500016212463,0.0,6.0,-2.15000009536743,0.0,-0.94999998807907,-2.20500016212463,0.0,6.0,12.4012203216553,1.20473229885101,-1.36282587051392,11.7526206970215,1.15123534202576,-1.0358738899231,"(11.75262, 1.151235, -1.035874)",truck body CS,16.4013500213623,0.1,12.4012203216553,1.20473229885101,-1.36282587051392,0.00073747700243,90.083440095379,0.0000012201708
364,left road,364,-2.10500001907349,0.0,6.0,-2.04999995231628,0.0,-0.94999998807907,-2.10500001907349,0.0,6.0,12.4012203216553,1.20473229885101,-1.36282587051392,11.7534809112549,1.15093803405762,-1.0340576171875,"(11.75348, 1.150938, -1.034058)",truck body CS,16.3123569488525,0.1,12.4012203216553,1.20473229885101,-1.36282587051392,0.00073747700243,90.083440095379,0.0000012201708
365,left road,365,-2.00500011444092,0.0,6.0,-1.95000004768372,0.0,-0.94999998807907,-2.00500011444092,0.0,6.0,12.4012203216553,1.20473229885101,-1.36282587051392,11.7543783187866,1.15063953399658,-1.03223395347595,"(11.75438, 1.15064, -1.032234)",truck body CS,16.2234954833984,0.1,12.4012203216553,1.20473229885101,-1.36282587051392,0.00073747700243,90.083440095379,0.0000012201708
366,left road,366,-1.90499997138977,0.0,6.0,-1.85000002384186,0.0,-0.94999998807907,-1.90499997138977,0.0,6.0,12.4012203216553,1.20473229885101,-1.36282587051392,11.7552890777588,1.1503381729126,-1.0303909778595,"(11.75529, 1.150338, -1.030391)",truck body CS,16.1347618103027,0.1,12.4012203216553,1.20473229885101,-1.36282587051392,0.00073747700243,90.083440095379,0.0000012201708
367,left road,367,-1.80499994754791,0.0,6.0,-1.75,0.0,-0.94999998807907,-1.80499994754791,0.0,6.0,12.4012203216553,1.20473229885101,-1.36282587051392,11.7562074661255,1.15003323554993,-1.02852725982666,"(11.75621, 1.150033, -1.028527)",truck body CS,16.0461616516113,0.1,12.4012203216553,1.20473229885101,-1.36282587051392,0.00073747700243,90.083440095379,0.0000012201708
368,left road,368,-1.70499992370605,0.0,6.0,-1.64999997615814,0.0,-0.94999998807907,-1.70499992370605,0.0,6.0,12.4012203216553,1.20473229885101,-1.36282587051392,11.7571516036987,1.14972591400146,-1.0266500711441,"(11.75715, 1.149726, -1.02665)",truck body CS,15.9576950073242,0.1,12.4012203216553,1.20473229885101,-1.36282587051392,0.00073747700243,90.083440095379,0.0000012201708
369,left road,369,-1.6049998998642,0.0,6.0,-1.54999995231628,0.0,-0.94999998807907,-1.6049998998642,0.0,6.0,12.4012203216553,1.20473229885101,-1.36282587051392,11.7579498291016,1.14940190315247,-1.02466893196106,"(11.75795, 1.149402, -1.024669)",truck body CS,15.869366645813,0.1,12.4012203216553,1.20473229885101,-1.36282587051392,0.00073747700243,90.083440095379,0.0000012201708
370,left road,370,-1.50499999523163,0.0,6.0,-1.45000004768372,0.0,-0.94999998807907,-1.50499999523163,0.0,6.0,12.4012203216553,1.20473229885101,-1.36282587051392,11.758768081665,1.14907479286194,-1.02267134189606,"(11.75877, 1.149075, -1.022671)",truck body CS,15.781177520752,0.1,12.4012203216553,1.20473229885101,-1.36282587051392,0.00073747700243,90.083440095379,0.0000012201708
371,left road,371,-1.40499997138977,0.0,6.0,-1.35000002384186,0.0,-0.94999998807907,-1.40499997138977,0.0,6.0,12.4012203216553,1.20473229885101,-1.36282587051392,11.7595920562744,1.14874362945557,-1.02064692974091,"(11.75959, 1.148744, -1.020647)",truck body CS,15.6931285858154,0.1,12.4012203216553,1.20473229885101,-1.36282587051392,0.00073747700243,90.083440095379,0.0000012201708
372,left road,372,-1.30499994754791,0.0,6.0,-1.25,0.0,-0.94999998807907,-1.30499994754791,0.0,6.0,12.4012203216553,1.20473229885101,-1.36282587051392,11.761173248291,1.14847421646118,-1.01899886131287,"(11.76117, 1.148474, -1.018999)",truck body CS,15.6052255630493,0.1,12.4012203216553,1.20473229885101,-1.36282587051392,0.00073747700243,90.083440095379,0.0000012201708
373,left road,373,-1.20499992370605,0.0,6.0,-1.14999997615814,0.0,-0.94999998807907,-1.20499992370605,0.0,6.0,12.4012203216553,1.20473229885101,-1.36282587051392,11.7635364532471,1.14826989173889,-1.01775121688843,"(11.76354, 1.14827, -1.017751)",truck body CS,15.5174674987793,0.1,12.4012203216553,1.20473229885101,-1.36282587051392,0.00073747700243,90.083440095379,0.0000012201708
374,left road,374,-1.1049998998642,0.0,6.0,-1.04999995231628,0.0,-0.94999998807907,-1.1049998998642,0.0,6.0,12.4012203216553,1.20473229885101,-1.36282587051392,11.7659473419189,1.14806699752808,-1.01651096343994,"(11.76595, 1.148067, -1.016511)",truck body CS,15.429859161377,0.1,12.4012203216553,1.20473229885101,-1.36282587051392,0.00073747700243,90.083440095379,0.0000012201708
375,left road,375,-1.00499999523163,0.0,6.0,-0.94999998807907,0.0,-0.94999998807907,-1.00499999523163,0.0,6.0,12.4012203216553,1.20473229885101,-1.36282587051392,11.7684307098389,1.14786744117737,-1.01529085636139,"(11.76843, 1.147867, -1.015291)",truck body CS,15.3424034118652,0.1,12.4012203216553,1.20473229885101,-1.36282587051392,0.00073747700243,90.083440095379,0.0000012201708
376,left road,376,-0.90500003099442,0.0,6.0,-0.85000002384186,0.0,-0.94999998807907,-0.90500003099442,0.0,6.0,12.4012203216553,1.20473229885101,-1.36282587051392,11.7709312438965,1.14766657352448,-1.01406288146973,"(11.77093, 1.147667, -1.014063)",truck body CS,15.2551002502441,0.1,12.4012203216553,1.20473229885101,-1.36282587051392,0.00073747700243,90.083440095379,0.0000012201708
377,left road,377,-0.80500000715256,0.0,6.0,-0.75,0.0,-0.94999998807907,-0.80500000715256,0.0,6.0,12.4012203216553,1.20473229885101,-1.36282587051392,11.7742490768433,1.14753699302673,-1.01327180862427,"(11.77425, 1.147537, -1.013272)",truck body CS,15.1679553985596,0.1,12.4012203216553,1.20473229885101,-1.36282587051392,0.00073747700243,90.083440095379,0.0000012201708
378,left road,378,-0.7049999833107,0.0,6.0,-0.64999997615814,0.0,-0.94999998807907,-0.7049999833107,0.0,6.0,12.4012203216553,1.20473229885101,-1.36282587051392,11.778115272522,1.14745604991913,-1.01277649402618,"(11.77812, 1.147456, -1.012776)",truck body CS,15.0809688568115,0.1,12.4012203216553,1.20473229885101,-1.36282587051392,0.00073747700243,90.083440095379,0.0000012201708
379,left road,379,-0.60500001907349,0.0,6.0,-0.55000001192093,0.0,-0.94999998807907,-0.60500001907349,0.0,6.0,12.4012203216553,1.20473229885101,-1.36282587051392,11.7819938659668,1.14737486839294,-1.01228094100952,"(11.78199, 1.147375, -1.012281)",truck body CS,14.9941434860229,0.1,12.4012203216553,1.20473229885101,-1.36282587051392,0.00073747700243,90.083440095379,0.0000012201708
380,left road,380,-0.50499999523163,0.0,6.0,-0.44999998807907,0.0,-0.94999998807907,-0.50499999523163,0.0,6.0,12.4012203216553,1.20473229885101,-1.36282587051392,11.7859869003296,1.14730334281921,-1.01184320449829,"(11.78599, 1.147303, -1.011843)",truck body CS,14.9074859619141,0.1,12.4012203216553,1.20473229885101,-1.36282587051392,0.00073747700243,90.083440095379,0.0000012201708
381,left road,381,-0.40500000119209,0.0,6.0,-0.34999999403954,0.0,-0.94999998807907,-0.40500000119209,0.0,6.0,12.4012203216553,1.20473229885101,-1.36282587051392,11.7903671264648,1.14726686477661,-1.0116206407547,"(11.79037, 1.147267, -1.011621)",truck body CS,14.8209943771362,0.1,12.4012203216553,1.20473229885101,-1.36282587051392,0.00073747700243,90.083440095379,0.0000012201708
382,left road,382,-0.30500000715256,0.0,6.0,-0.25,0.0,-0.94999998807907,-0.30500000715256,0.0,6.0,12.4012203216553,1.20473229885101,-1.36282587051392,11.7947521209717,1.14723026752472,-1.01139688491821,"(11.79475, 1.14723, -1.011397)",truck body CS,14.7346744537354,0.1,12.4012203216553,1.20473229885101,-1.36282587051392,0.00073747700243,90.083440095379,0.0000012201708
383,left road,383,-0.20500001311302,0.0,6.0,-0.15000000596046,0.0,-0.94999998807907,-0.20500001311302,0.0,6.0,12.4012203216553,1.20473229885101,-1.36282587051392,11.7991390228271,1.14719343185425,-1.01117205619812,"(11.79914, 1.147193, -1.011172)",truck body CS,14.6485280990601,0.1,12.4012203216553,1.20473229885101,-1.36282587051392,0.00073747700243,90.083440095379,0.0000012201708
384,left road,384,-0.10500000417233,0.0,6.0,-0.05000000074506,0.0,-0.94999998807907,-0.10500000417233,0.0,6.0,12.4012203216553,1.20473229885101,-1.36282587051392,11.8035278320313,1.14715611934662,-1.01094472408295,"(11.80353, 1.147156, -1.010945)",truck body CS,14.5625591278076,0.1,12.4012203216553,1.20473229885101,-1.36282587051392,0.00073747700243,90.083440095379,0.0000012201708
385,left road,385,-0.00499999895692,0.0,6.0,0.05000000074506,0.0,-0.94999998807907,-0.00499999895692,0.0,6.0,12.4012203216553,1.20473229885101,-1.36282587051392,11.8080377578735,1.14713001251221,-1.01078402996063,"(11.80804, 1.14713, -1.010784)",truck body CS,14.4767713546753,0.1,12.4012203216553,1.20473229885101,-1.36282587051392,0.00073747700243,90.083440095379,0.0000012201708
386,left road,386,0.09500000625849,0.0,6.0,0.15000000596046,0.0,-0.94999998807907,0.09500000625849,0.0,6.0,12.4012203216553,1.20473229885101,-1.36282587051392,11.8123960494995,1.14708852767944,-1.01053094863892,"(11.8124, 1.147089, -1.010531)",truck body CS,14.3911657333374,0.1,12.4012203216553,1.20473229885101,-1.36282587051392,0.00073747700243,90.083440095379,0.0000012201708
387,left road,387,0.19499999284744,0.0,6.0,0.25,0.0,-0.94999998807907,0.19499999284744,0.0,6.0,12.4012203216553,1.20473229885101,-1.36282587051392,11.8131990432739,1.14669561386108,-1.00812935829163,"(11.8132, 1.146696, -1.008129)",truck body CS,14.3057479858398,0.1,12.4012203216553,1.20473229885101,-1.36282587051392,0.00073747700243,90.083440095379,0.0000012201708
388,left road,388,0.29499998688698,0.0,6.0,0.34999999403954,0.0,-0.94999998807907,0.29499998688698,0.0,6.0,12.4012203216553,1.20473229885101,-1.36282587051392,11.8162956237793,1.14652442932129,-1.00708222389221,"(11.8163, 1.146524, -1.007082)",truck body CS,14.2205181121826,0.1,12.4012203216553,1.20473229885101,-1.36282587051392,0.00073747700243,90.083440095379,0.0000012201708
389,left road,389,0.39499998092651,0.0,6.0,0.44999998807907,0.0,-0.94999998807907,0.39499998092651,0.0,6.0,12.4012203216553,1.20473229885101,-1.36282587051392,11.8211126327515,1.14652287960052,-1.00707411766052,"(11.82111, 1.146523, -1.007074)",truck body CS,14.1354846954346,0.1,12.4012203216553,1.20473229885101,-1.36282587051392,0.00073747700243,90.083440095379,0.0000012201708
390,left road,390,0.49500000476837,0.0,6.0,0.55000001192093,0.0,-0.94999998807907,0.49500000476837,0.0,6.0,12.4012203216553,1.20473229885101,-1.36282587051392,11.8263416290283,1.1465630531311,-1.007319688797,"(11.82634, 1.146563, -1.00732)",truck body CS,14.0506467819214,0.1,12.4012203216553,1.20473229885101,-1.36282587051392,0.00073747700243,90.083440095379,0.0000012201708
391,left road,391,0.59499996900558,0.0,6.0,0.64999997615814,0.0,-0.94999998807907,0.59499996900558,0.0,6.0,12.4012203216553,1.20473229885101,-1.36282587051392,11.8315458297729,1.14660143852234,-1.00755369663239,"(11.83155, 1.146601, -1.007554)",truck body CS,13.9660091400146,0.1,12.4012203216553,1.20473229885101,-1.36282587051392,0.00073747700243,90.083440095379,0.0000012201708
392,left road,392,0.69499999284744,0.0,6.0,0.75,0.0,-0.94999998807907,0.69499999284744,0.0,6.0,12.4012203216553,1.20473229885101,-1.36282587051392,11.8382110595703,1.14679074287415,-1.00871086120605,"(11.83821, 1.146791, -1.008711)",truck body CS,13.8815774917603,0.1,12.4012203216553,1.20473229885101,-1.36282587051392,0.00073747700243,90.083440095379,0.0000012201708
393,left road,393,0.7950000166893,0.0,6.0,0.85000002384186,0.0,-0.94999998807907,0.7950000166893,0.0,6.0,12.4012203216553,1.20473229885101,-1.36282587051392,11.8627939224243,1.14884316921234,-1.02125549316406,"(11.86279, 1.148843, -1.021255)",truck body CS,13.7973527908325,0.1,12.4012203216553,1.20473229885101,-1.36282587051392,0.00073747700243,90.083440095379,0.0000012201708
394,left road,394,0.89499998092651,0.0,6.0,0.94999998807907,0.0,-0.94999998807907,0.89499998092651,0.0,6.0,12.4012203216553,1.20473229885101,-1.36282587051392,11.8671159744263,1.14881014823914,-1.02105188369751,"(11.86712, 1.14881, -1.021052)",truck body CS,13.713339805603,0.1,12.4012203216553,1.20473229885101,-1.36282587051392,0.00073747700243,90.083440095379,0.0000012201708
395,left road,395,0.99499994516373,0.0,6.0,1.04999995231628,0.0,-0.94999998807907,0.99499994516373,0.0,6.0,12.4012203216553,1.20473229885101,-1.36282587051392,11.8714828491211,1.14878106117249,-1.02087450027466,"(11.87148, 1.148781, -1.020875)",truck body CS,13.6295442581177,0.1,12.4012203216553,1.20473229885101,-1.36282587051392,0.00073747700243,90.083440095379,0.0000012201708
396,left road,396,1.09500002861023,0.0,6.0,1.14999997615814,0.0,-0.94999998807907,1.09500002861023,0.0,6.0,12.4012203216553,1.20473229885101,-1.36282587051392,11.8764638900757,1.14881682395935,-1.02109360694885,"(11.87646, 1.148817, -1.021094)",truck body CS,13.5459661483765,0.1,12.4012203216553,1.20473229885101,-1.36282587051392,0.00073747700243,90.083440095379,0.0000012201708
397,left road,397,1.19500005245209,0.0,6.0,1.25,0.0,-0.94999998807907,1.19500005245209,0.0,6.0,12.4012203216553,1.20473229885101,-1.36282587051392,12.3512687683105,1.19936215877533,-1.33000576496124,"(12.35127, 1.199362, -1.330006)",EyeArea,13.4626140594482,0.1,12.4012203216553,1.20473229885101,-1.36282587051392,0.00073747700243,90.083440095379,0.0000012201708
398,left road,398,1.29500007629395,0.0,6.0,1.35000002384186,0.0,-0.94999998807907,1.29500007629395,0.0,6.0,12.4012203216553,1.20473229885101,-1.36282587051392,12.3512687683105,1.19931387901306,-1.32971107959747,"(12.35127, 1.199314, -1.329711)",EyeArea,13.3794889450073,0.1,12.4012203216553,1.20473229885101,-1.36282587051392,0.00073747700243,90.083440095379,0.0000012201708
399,left road,399,1.3950001001358,0.0,6.0,1.45000004768372,0.0,-0.94999998807907,1.3950001001358,0.0,6.0,12.4012203216553,1.20473229885101,-1.36282587051392,12.3512687683105,1.19926464557648,-1.32941019535065,"(12.35127, 1.199265, -1.32941)",EyeArea,13.2965965270996,0.1,12.4012203216553,1.20473229885101,-1.36282587051392,0.00073747700243,90.083440095379,0.0000012201708
400,left road,400,1.49500000476837,0.0,6.0,1.54999995231628,0.0,-0.94999998807907,1.49500000476837,0.0,6.0,12.4012203216553,1.20473229885101,-1.36282587051392,12.3512697219849,1.19921457767487,-1.32910406589508,"(12.35127, 1.199215, -1.329104)",EyeArea,13.2139406204224,0.1,12.4012203216553,1.20473229885101,-1.36282587051392,0.00073747700243,90.083440095379,0.0000012201708
401,left road,401,1.59500002861023,0.0,6.0,1.64999997615814,0.0,-0.94999998807907,1.59500002861023,0.0,6.0,12.4012203216553,1.20473229885101,-1.36282587051392,12.3512697219849,1.19916355609894,-1.32879221439362,"(12.35127, 1.199164, -1.328792)",EyeArea,13.1315259933472,0.1,12.4012203216553,1.20473229885101,-1.36282587051392,0.00073747700243,90.083440095379,0.0000012201708
402,left road,402,1.69500005245209,0.0,6.0,1.75,0.0,-0.94999998807907,1.69500005245209,0.0,6.0,12.4012203216553,1.20473229885101,-1.36282587051392,12.3512706756592,1.19911158084869,-1.32847464084625,"(12.35127, 1.199112, -1.328475)",EyeArea,13.0493574142456,0.1,12.4012203216553,1.20473229885101,-1.36282587051392,0.00073747700243,90.083440095379,0.0000012201708
403,left road,403,1.79500007629395,0.0,6.0,1.85000002384186,0.0,-0.94999998807907,1.79500007629395,0.0,6.0,12.4012203216553,1.20473229885101,-1.36282587051392,12.3512706756592,1.19905865192413,-1.32815134525299,"(12.35127, 1.199059, -1.328151)",EyeArea,12.9674396514893,0.1,12.4012203216553,1.20473229885101,-1.36282587051392,0.00073747700243,90.083440095379,0.0000012201708
404,left road,404,1.8950001001358,0.0,6.0,1.95000004768372,0.0,-0.94999998807907,1.8950001001358,0.0,6.0,12.4012203216553,1.20473229885101,-1.36282587051392,12.3512716293335,1.19900476932526,-1.32782185077667,"(12.35127, 1.199005, -1.327822)",EyeArea,12.8857765197754,0.1,12.4012203216553,1.20473229885101,-1.36282587051392,0.00073747700243,90.083440095379,0.0000012201708
405,left road,405,1.99500000476837,0.0,6.0,2.04999995231628,0.0,-0.94999998807907,1.99500000476837,0.0,6.0,12.4012203216553,1.20473229885101,-1.36282587051392,12.3512716293335,1.19894969463348,-1.32748568058014,"(12.35127, 1.19895, -1.327486)",EyeArea,12.8043737411499,0.1,12.4012203216553,1.20473229885101,-1.36282587051392,0.00073747700243,90.083440095379,0.0000012201708
406,left road,406,2.09500002861023,0.0,6.0,2.15000009536743,0.0,-0.94999998807907,2.09500002861023,0.0,6.0,12.4012203216553,1.20473229885101,-1.36282587051392,12.3512725830078,1.1988936662674,-1.32714283466339,"(12.35127, 1.198894, -1.327143)",EyeArea,12.7232370376587,0.1,12.4012203216553,1.20473229885101,-1.36282587051392,0.00073747700243,90.083440095379,0.0000012201708
407,left road,407,2.1949999332428,0.0,6.0,2.25,0.0,-0.94999998807907,2.1949999332428,0.0,6.0,12.4012203216553,1.20473229885101,-1.36282587051392,12.3512725830078,1.1988365650177,-1.32679378986359,"(12.35127, 1.198837, -1.326794)",EyeArea,12.642370223999,0.1,12.4012203216553,1.20473229885101,-1.36282587051392,0.00073747700243,90.083440095379,0.0000012201708
408,left road,408,2.29499983787537,0.0,6.0,2.34999990463257,0.0,-0.94999998807907,2.29499983787537,0.0,6.0,12.4012203216553,1.20473229885101,-1.36282587051392,12.3512735366821,1.19877827167511,-1.32643759250641,"(12.35127, 1.198778, -1.326438)",EyeArea,12.5617780685425,0.1,12.4012203216553,1.20473229885101,-1.36282587051392,0.00073747700243,90.083440095379,0.0000012201708
409,left road,409,2.39499998092651,0.0,6.0,2.45000004768372,0.0,-0.94999998807907,2.39499998092651,0.0,6.0,12.4012203216553,1.20473229885101,-1.36282587051392,12.3512744903564,1.19871878623962,-1.32607424259186,"(12.35127, 1.198719, -1.326074)",EyeArea,12.4814672470093,0.1,12.4012203216553,1.20473229885101,-1.36282587051392,0.00073747700243,90.083440095379,0.0000012201708
410,left road,410,2.49499988555908,0.0,6.0,2.54999995231628,0.0,-0.94999998807907,2.49499988555908,0.0,6.0,12.4012203216553,1.20473229885101,-1.36282587051392,12.3512744903564,1.19865822792053,-1.32570374011993,"(12.35127, 1.198658, -1.325704)",EyeArea,12.401442527771,0.1,12.4012203216553,1.20473229885101,-1.36282587051392,0.00073747700243,90.083440095379,0.0000012201708
411,left road,411,2.59500002861023,0.0,6.0,2.65000009536743,0.0,-0.94999998807907,2.59500002861023,0.0,6.0,12.4012203216553,1.20473229885101,-1.36282587051392,12.3512754440308,1.19859623908997,-1.32532560825348,"(12.35128, 1.198596, -1.325326)",EyeArea,12.3217096328735,0.1,12.4012203216553,1.20473229885101,-1.36282587051392,0.00073747700243,90.083440095379,0.0000012201708
412,left road,412,2.6949999332428,0.0,6.0,2.75,0.0,-0.94999998807907,2.6949999332428,0.0,6.0,12.4012203216553,1.20473229885101,-1.36282587051392,12.3512754440308,1.19853317737579,-1.32493984699249,"(12.35128, 1.198533, -1.32494)",EyeArea,12.2422742843628,0.1,12.4012203216553,1.20473229885101,-1.36282587051392,0.00073747700243,90.083440095379,0.0000012201708
413,left road,413,2.79499983787537,0.0,6.0,2.84999990463257,0.0,-0.94999998807907,2.79499983787537,0.0,6.0,12.4012203216553,1.20473229885101,-1.36282587051392,12.3512763977051,1.19846868515015,-1.32454550266266,"(12.35128, 1.198469, -1.324546)",EyeArea,12.163143157959,0.1,12.4012203216553,1.20473229885101,-1.36282587051392,0.00073747700243,90.083440095379,0.0000012201708
414,left road,414,2.89499998092651,0.0,6.0,2.95000004768372,0.0,-0.94999998807907,2.89499998092651,0.0,6.0,12.4012203216553,1.20473229885101,-1.36282587051392,12.3512773513794,1.19840288162231,-1.32414305210114,"(12.35128, 1.198403, -1.324143)",EyeArea,12.0843200683594,0.1,12.4012203216553,1.20473229885101,-1.36282587051392,0.00073747700243,90.083440095379,0.0000012201708
415,left road,415,2.99499988555908,0.0,6.0,3.04999995231628,0.0,-0.94999998807907,2.99499988555908,0.0,6.0,12.4012203216553,1.20473229885101,-1.36282587051392,12.3512773513794,1.19833564758301,-1.32373249530792,"(12.35128, 1.198336, -1.323732)",EyeArea,12.0058135986328,0.1,12.4012203216553,1.20473229885101,-1.36282587051392,0.00073747700243,90.083440095379,0.0000012201708
416,left road,416,3.09500002861023,0.0,6.0,3.15000009536743,0.0,-0.94999998807907,3.09500002861023,0.0,6.0,12.4012203216553,1.20473229885101,-1.36282587051392,12.3512783050537,1.19826698303223,-1.3233128786087,"(12.35128, 1.198267, -1.323313)",EyeArea,11.9276275634766,0.1,12.4012203216553,1.20473229885101,-1.36282587051392,0.00073747700243,90.083440095379,0.0000012201708
417,left road,417,3.1949999332428,0.0,6.0,3.25,0.0,-0.94999998807907,3.1949999332428,0.0,6.0,12.4012203216553,1.20473229885101,-1.36282587051392,12.3512783050537,1.19819688796997,-1.32288420200348,"(12.35128, 1.198197, -1.322884)",EyeArea,11.8497714996338,0.1,12.4012203216553,1.20473229885101,-1.36282587051392,0.00073747700243,90.083440095379,0.0000012201708
418,left road,418,3.29499983787537,0.0,6.0,3.34999990463257,0.0,-0.94999998807907,3.29499983787537,0.0,6.0,12.4012203216553,1.20473229885101,-1.36282587051392,12.351279258728,1.19812512397766,-1.32244598865509,"(12.35128, 1.198125, -1.322446)",EyeArea,11.7722482681274,0.1,12.4012203216553,1.20473229885101,-1.36282587051392,0.00073747700243,90.083440095379,0.0000012201708
419,left road,419,3.39499998092651,0.0,6.0,3.45000004768372,0.0,-0.94999998807907,3.39499998092651,0.0,6.0,12.4012203216553,1.20473229885101,-1.36282587051392,12.3512802124023,1.19805192947388,-1.32199823856354,"(12.35128, 1.198052, -1.321998)",EyeArea,11.6950664520264,0.1,12.4012203216553,1.20473229885101,-1.36282587051392,0.00073747700243,90.083440095379,0.0000012201708
420,left road,420,-3.50500011444092,0.0,6.09999990463257,-3.45000004768372,0.0,-0.85000002384186,-3.50500011444092,0.0,6.09999990463257,12.4012203216553,1.20473229885101,-1.36282587051392,11.7476930618286,1.15523421764374,-1.05620527267456,"(11.74769, 1.155234, -1.056205)",truck body CS,17.6111602783203,0.1,12.4012203216553,1.20473229885101,-1.36282587051392,0.00073747700243,90.083440095379,0.0000012201708
421,left road,421,-3.40499997138977,0.0,6.09999990463257,-3.34999990463257,0.0,-0.85000002384186,-3.40499997138977,0.0,6.09999990463257,12.4012203216553,1.20473229885101,-1.36282587051392,11.7481651306152,1.15495705604553,-1.05448913574219,"(11.74817, 1.154957, -1.054489)",truck body CS,17.5208950042725,0.1,12.4012203216553,1.20473229885101,-1.36282587051392,0.00073747700243,90.083440095379,0.0000012201708
422,left road,422,-3.3050000667572,0.0,6.09999990463257,-3.25,0.0,-0.85000002384186,-3.3050000667572,0.0,6.09999990463257,12.4012203216553,1.20473229885101,-1.36282587051392,11.7486391067505,1.15467643737793,-1.05275106430054,"(11.74864, 1.154676, -1.052751)",truck body CS,17.4307346343994,0.1,12.4012203216553,1.20473229885101,-1.36282587051392,0.00073747700243,90.083440095379,0.0000012201708
423,left road,423,-3.20500016212463,0.0,6.09999990463257,-3.15000009536743,0.0,-0.85000002384186,-3.20500016212463,0.0,6.09999990463257,12.4012203216553,1.20473229885101,-1.36282587051392,11.7491226196289,1.15439307689667,-1.05099475383759,"(11.74912, 1.154393, -1.050995)",truck body CS,17.3406810760498,0.1,12.4012203216553,1.20473229885101,-1.36282587051392,0.00073747700243,90.083440095379,0.0000012201708
424,left road,424,-3.10500001907349,0.0,6.09999990463257,-3.04999995231628,0.0,-0.85000002384186,-3.10500001907349,0.0,6.09999990463257,12.4012203216553,1.20473229885101,-1.36282587051392,11.7496109008789,1.1541063785553,-1.04921936988831,"(11.74961, 1.154106, -1.049219)",truck body CS,17.2507400512695,0.1,12.4012203216553,1.20473229885101,-1.36282587051392,0.00073747700243,90.083440095379,0.0000012201708
425,left road,425,-3.00500011444092,0.0,6.09999990463257,-2.95000004768372,0.0,-0.85000002384186,-3.00500011444092,0.0,6.09999990463257,12.4012203216553,1.20473229885101,-1.36282587051392,11.7500686645508,1.15381360054016,-1.04740571975708,"(11.75007, 1.153814, -1.047406)",truck body CS,17.1609077453613,0.1,12.4012203216553,1.20473229885101,-1.36282587051392,0.00073747700243,90.083440095379,0.0000012201708
426,left road,426,-2.90499997138977,0.0,6.09999990463257,-2.84999990463257,0.0,-0.85000002384186,-2.90499997138977,0.0,6.09999990463257,12.4012203216553,1.20473229885101,-1.36282587051392,11.7505178451538,1.15351629257202,-1.04556322097778,"(11.75052, 1.153516, -1.045563)",truck body CS,17.0711898803711,0.1,12.4012203216553,1.20473229885101,-1.36282587051392,0.00073747700243,90.083440095379,0.0000012201708
427,left road,427,-2.8050000667572,0.0,6.09999990463257,-2.75,0.0,-0.85000002384186,-2.8050000667572,0.0,6.09999990463257,12.4012203216553,1.20473229885101,-1.36282587051392,11.7509870529175,1.15321660041809,-1.04370725154877,"(11.75099, 1.153217, -1.043707)",truck body CS,16.9815864562988,0.1,12.4012203216553,1.20473229885101,-1.36282587051392,0.00073747700243,90.083440095379,0.0000012201708
428,left road,428,-2.70500016212463,0.0,6.09999990463257,-2.65000009536743,0.0,-0.85000002384186,-2.70500016212463,0.0,6.09999990463257,12.4012203216553,1.20473229885101,-1.36282587051392,11.7518243789673,1.15294241905212,-1.0420093536377,"(11.75182, 1.152942, -1.042009)",truck body CS,16.8920993804932,0.1,12.4012203216553,1.20473229885101,-1.36282587051392,0.00073747700243,90.083440095379,0.0000012201708
429,left road,429,-2.60500001907349,0.0,6.09999990463257,-2.54999995231628,0.0,-0.85000002384186,-2.60500001907349,0.0,6.09999990463257,12.4012203216553,1.20473229885101,-1.36282587051392,11.752893447876,1.15268301963806,-1.04040217399597,"(11.75289, 1.152683, -1.040402)",truck body CS,16.8027324676514,0.1,12.4012203216553,1.20473229885101,-1.36282587051392,0.00073747700243,90.083440095379,0.0000012201708
430,left road,430,-2.50500011444092,0.0,6.09999990463257,-2.45000004768372,0.0,-0.85000002384186,-2.50500011444092,0.0,6.09999990463257,12.4012203216553,1.20473229885101,-1.36282587051392,11.7533140182495,1.15236806869507,-1.03844976425171,"(11.75331, 1.152368, -1.03845)",truck body CS,16.7134838104248,0.1,12.4012203216553,1.20473229885101,-1.36282587051392,0.00073747700243,90.083440095379,0.0000012201708
431,left road,431,-2.40499997138977,0.0,6.09999990463257,-2.34999990463257,0.0,-0.85000002384186,-2.40499997138977,0.0,6.09999990463257,12.4012203216553,1.20473229885101,-1.36282587051392,11.7536315917969,1.15204000473022,-1.03641963005066,"(11.75363, 1.15204, -1.03642)",truck body CS,16.6243591308594,0.1,12.4012203216553,1.20473229885101,-1.36282587051392,0.00073747700243,90.083440095379,0.0000012201708
432,left road,432,-2.3050000667572,0.0,6.09999990463257,-2.25,0.0,-0.85000002384186,-2.3050000667572,0.0,6.09999990463257,12.4012203216553,1.20473229885101,-1.36282587051392,11.7544202804565,1.15174651145935,-1.03459966182709,"(11.75442, 1.151747, -1.0346)",truck body CS,16.5353584289551,0.1,12.4012203216553,1.20473229885101,-1.36282587051392,0.00073747700243,90.083440095379,0.0000012201708
433,left road,433,-2.20500016212463,0.0,6.09999990463257,-2.15000009536743,0.0,-0.85000002384186,-2.20500016212463,0.0,6.09999990463257,12.4012203216553,1.20473229885101,-1.36282587051392,11.7553129196167,1.1514573097229,-1.03280854225159,"(11.75531, 1.151457, -1.032809)",truck body CS,16.4464836120605,0.1,12.4012203216553,1.20473229885101,-1.36282587051392,0.00073747700243,90.083440095379,0.0000012201708
434,left road,434,-2.10500001907349,0.0,6.09999990463257,-2.04999995231628,0.0,-0.85000002384186,-2.10500001907349,0.0,6.09999990463257,12.4012203216553,1.20473229885101,-1.36282587051392,11.7562112808228,1.15116465091705,-1.03099656105042,"(11.75621, 1.151165, -1.030997)",truck body CS,16.3577365875244,0.1,12.4012203216553,1.20473229885101,-1.36282587051392,0.00073747700243,90.083440095379,0.0000012201708
435,left road,435,-2.00500011444092,0.0,6.09999990463257,-1.95000004768372,0.0,-0.85000002384186,-2.00500011444092,0.0,6.09999990463257,12.4012203216553,1.20473229885101,-1.36282587051392,11.7571201324463,1.15086889266968,-1.02916383743286,"(11.75712, 1.150869, -1.029164)",truck body CS,16.2691211700439,0.1,12.4012203216553,1.20473229885101,-1.36282587051392,0.00073747700243,90.083440095379,0.0000012201708
436,left road,436,-1.90499997138977,0.0,6.09999990463257,-1.85000002384186,0.0,-0.85000002384186,-1.90499997138977,0.0,6.09999990463257,12.4012203216553,1.20473229885101,-1.36282587051392,11.7580585479736,1.15057146549225,-1.02732086181641,"(11.75806, 1.150571, -1.027321)",truck body CS,16.1806392669678,0.1,12.4012203216553,1.20473229885101,-1.36282587051392,0.00073747700243,90.083440095379,0.0000012201708
437,left road,437,-1.80499994754791,0.0,6.09999990463257,-1.75,0.0,-0.85000002384186,-1.80499994754791,0.0,6.09999990463257,12.4012203216553,1.20473229885101,-1.36282587051392,11.7588891983032,1.15026044845581,-1.02539587020874,"(11.75889, 1.15026, -1.025396)",truck body CS,16.0922908782959,0.1,12.4012203216553,1.20473229885101,-1.36282587051392,0.00073747700243,90.083440095379,0.0000012201708
438,left road,438,-1.70499992370605,0.0,6.09999990463257,-1.64999997615814,0.0,-0.85000002384186,-1.70499992370605,0.0,6.09999990463257,12.4012203216553,1.20473229885101,-1.36282587051392,11.7596950531006,1.14994311332703,-1.02343010902405,"(11.7597, 1.149943, -1.02343)",truck body CS,16.0040798187256,0.1,12.4012203216553,1.20473229885101,-1.36282587051392,0.00073747700243,90.083440095379,0.0000012201708
439,left road,439,-1.6049998998642,0.0,6.09999990463257,-1.54999995231628,0.0,-0.85000002384186,-1.6049998998642,0.0,6.09999990463257,12.4012203216553,1.20473229885101,-1.36282587051392,11.76051902771,1.14962291717529,-1.02144527435303,"(11.76052, 1.149623, -1.021445)",truck body CS,15.9160089492798,0.1,12.4012203216553,1.20473229885101,-1.36282587051392,0.00073747700243,90.083440095379,0.0000012201708
440,left road,440,-1.50499999523163,0.0,6.09999990463257,-1.45000004768372,0.0,-0.85000002384186,-1.50499999523163,0.0,6.09999990463257,12.4012203216553,1.20473229885101,-1.36282587051392,11.7616853713989,1.14932775497437,-1.01961731910706,"(11.76169, 1.149328, -1.019617)",truck body CS,15.8280801773071,0.1,12.4012203216553,1.20473229885101,-1.36282587051392,0.00073747700243,90.083440095379,0.0000012201708
441,left road,441,-1.40499997138977,0.0,6.09999990463257,-1.35000002384186,0.0,-0.85000002384186,-1.40499997138977,0.0,6.09999990463257,12.4012203216553,1.20473229885101,-1.36282587051392,11.7640266418457,1.14913058280945,-1.01839649677277,"(11.76403, 1.149131, -1.018396)",truck body CS,15.7402944564819,0.1,12.4012203216553,1.20473229885101,-1.36282587051392,0.00073747700243,90.083440095379,0.0000012201708
442,left road,442,-1.30499994754791,0.0,6.09999990463257,-1.25,0.0,-0.85000002384186,-1.30499994754791,0.0,6.09999990463257,12.4012203216553,1.20473229885101,-1.36282587051392,11.7663698196411,1.14893090724945,-1.01715910434723,"(11.76637, 1.148931, -1.017159)",truck body CS,15.6526565551758,0.1,12.4012203216553,1.20473229885101,-1.36282587051392,0.00073747700243,90.083440095379,0.0000012201708
443,left road,443,-1.20499992370605,0.0,6.09999990463257,-1.14999997615814,0.0,-0.85000002384186,-1.20499992370605,0.0,6.09999990463257,12.4012203216553,1.20473229885101,-1.36282587051392,11.768816947937,1.14873743057251,-1.0159604549408,"(11.76882, 1.148737, -1.01596)",truck body CS,15.5651655197144,0.1,12.4012203216553,1.20473229885101,-1.36282587051392,0.00073747700243,90.083440095379,0.0000012201708
444,left road,444,-1.1049998998642,0.0,6.09999990463257,-1.04999995231628,0.0,-0.85000002384186,-1.1049998998642,0.0,6.09999990463257,12.4012203216553,1.20473229885101,-1.36282587051392,11.7712802886963,1.14854264259338,-1.01475369930267,"(11.77128, 1.148543, -1.014754)",truck body CS,15.4778270721436,0.1,12.4012203216553,1.20473229885101,-1.36282587051392,0.00073747700243,90.083440095379,0.0000012201708
445,left road,445,-1.00499999523163,0.0,6.09999990463257,-0.94999998807907,0.0,-0.85000002384186,-1.00499999523163,0.0,6.09999990463257,12.4012203216553,1.20473229885101,-1.36282587051392,11.7741212844849,1.14837884902954,-1.01373863220215,"(11.77412, 1.148379, -1.013739)",truck body CS,15.390643119812,0.1,12.4012203216553,1.20473229885101,-1.36282587051392,0.00073747700243,90.083440095379,0.0000012201708
446,left road,446,-0.90500003099442,0.0,6.09999990463257,-0.85000002384186,0.0,-0.85000002384186,-0.90500003099442,0.0,6.09999990463257,12.4012203216553,1.20473229885101,-1.36282587051392,11.7779178619385,1.14829909801483,-1.01324427127838,"(11.77792, 1.148299, -1.013244)",truck body CS,15.3036155700684,0.1,12.4012203216553,1.20473229885101,-1.36282587051392,0.00073747700243,90.083440095379,0.0000012201708
447,left road,447,-0.80500000715256,0.0,6.09999990463257,-0.75,0.0,-0.85000002384186,-0.80500000715256,0.0,6.09999990463257,12.4012203216553,1.20473229885101,-1.36282587051392,11.7817449569702,1.1482207775116,-1.01276099681854,"(11.78174, 1.148221, -1.012761)",truck body CS,15.2167482376099,0.1,12.4012203216553,1.20473229885101,-1.36282587051392,0.00073747700243,90.083440095379,0.0000012201708
448,left road,448,-0.7049999833107,0.0,6.09999990463257,-0.64999997615814,0.0,-0.85000002384186,-0.7049999833107,0.0,6.09999990463257,12.4012203216553,1.20473229885101,-1.36282587051392,11.7855644226074,1.1481409072876,-1.01226425170898,"(11.78556, 1.148141, -1.012264)",truck body CS,15.1300420761108,0.1,12.4012203216553,1.20473229885101,-1.36282587051392,0.00073747700243,90.083440095379,0.0000012201708
449,left road,449,-0.60500001907349,0.0,6.09999990463257,-0.55000001192093,0.0,-0.85000002384186,-0.60500001907349,0.0,6.09999990463257,12.4012203216553,1.20473229885101,-1.36282587051392,11.789849281311,1.14810252189636,-1.01202702522278,"(11.78985, 1.148103, -1.012027)",truck body CS,15.0435009002686,0.1,12.4012203216553,1.20473229885101,-1.36282587051392,0.00073747700243,90.083440095379,0.0000012201708
450,left road,450,-0.50499999523163,0.0,6.09999990463257,-0.44999998807907,0.0,-0.85000002384186,-0.50499999523163,0.0,6.09999990463257,12.4012203216553,1.20473229885101,-1.36282587051392,11.7941675186157,1.1480667591095,-1.01180624961853,"(11.79417, 1.148067, -1.011806)",truck body CS,14.9571285247803,0.1,12.4012203216553,1.20473229885101,-1.36282587051392,0.00073747700243,90.083440095379,0.0000012201708
451,left road,451,-0.40500000119209,0.0,6.09999990463257,-0.34999999403954,0.0,-0.85000002384186,-0.40500000119209,0.0,6.09999990463257,12.4012203216553,1.20473229885101,-1.36282587051392,11.7984924316406,1.14803123474121,-1.01158547401428,"(11.79849, 1.148031, -1.011585)",truck body CS,14.8709259033203,0.1,12.4012203216553,1.20473229885101,-1.36282587051392,0.00073747700243,90.083440095379,0.0000012201708
452,left road,452,-0.30500000715256,0.0,6.09999990463257,-0.25,0.0,-0.85000002384186,-0.30500000715256,0.0,6.09999990463257,12.4012203216553,1.20473229885101,-1.36282587051392,11.8028240203857,1.14799559116364,-1.01136469841003,"(11.80282, 1.147996, -1.011365)",truck body CS,14.7848978042603,0.1,12.4012203216553,1.20473229885101,-1.36282587051392,0.00073747700243,90.083440095379,0.0000012201708
453,left road,453,-0.20500001311302,0.0,6.09999990463257,-0.15000000596046,0.0,-0.85000002384186,-0.20500001311302,0.0,6.09999990463257,12.4012203216553,1.20473229885101,-1.36282587051392,11.8072147369385,1.1479651927948,-1.01117706298828,"(11.80721, 1.147965, -1.011177)",truck body CS,14.6990461349487,0.1,12.4012203216553,1.20473229885101,-1.36282587051392,0.00073747700243,90.083440095379,0.0000012201708
454,left road,454,-0.10500000417233,0.0,6.09999990463257,-0.05000000074506,0.0,-0.85000002384186,-0.10500000417233,0.0,6.09999990463257,12.4012203216553,1.20473229885101,-1.36282587051392,11.8114967346191,1.14792370796204,-1.01092028617859,"(11.8115, 1.147924, -1.01092)",truck body CS,14.6133737564087,0.1,12.4012203216553,1.20473229885101,-1.36282587051392,0.00073747700243,90.083440095379,0.0000012201708
455,left road,455,-0.00499999895692,0.0,6.09999990463257,0.05000000074506,0.0,-0.85000002384186,-0.00499999895692,0.0,6.09999990463257,12.4012203216553,1.20473229885101,-1.36282587051392,11.8140840530396,1.14771723747253,-1.00963997840881,"(11.81408, 1.147717, -1.00964)",truck body CS,14.5278854370117,0.1,12.4012203216553,1.20473229885101,-1.36282587051392,0.00073747700243,90.083440095379,0.0000012201708
456,left road,456,0.09500000625849,0.0,6.09999990463257,0.15000000596046,0.0,-0.85000002384186,0.09500000625849,0.0,6.09999990463257,12.4012203216553,1.20473229885101,-1.36282587051392,11.8159799575806,1.14743936061859,-1.0079197883606,"(11.81598, 1.147439, -1.00792)",truck body CS,14.4425830841064,0.1,12.4012203216553,1.20473229885101,-1.36282587051392,0.00073747700243,90.083440095379,0.0000012201708
457,left road,457,0.19499999284744,0.0,6.09999990463257,0.25,0.0,-0.85000002384186,0.19499999284744,0.0,6.09999990463257,12.4012203216553,1.20473229885101,-1.36282587051392,11.8196620941162,1.14733338356018,-1.00726366043091,"(11.81966, 1.147333, -1.007264)",truck body CS,14.3574714660645,0.1,12.4012203216553,1.20473229885101,-1.36282587051392,0.00073747700243,90.083440095379,0.0000012201708
458,left road,458,0.29499998688698,0.0,6.09999990463257,0.34999999403954,0.0,-0.85000002384186,0.29499998688698,0.0,6.09999990463257,12.4012203216553,1.20473229885101,-1.36282587051392,11.8248567581177,1.14737617969513,-1.00752806663513,"(11.82486, 1.147376, -1.007528)",truck body CS,14.2725515365601,0.1,12.4012203216553,1.20473229885101,-1.36282587051392,0.00073747700243,90.083440095379,0.0000012201708
459,left road,459,0.39499998092651,0.0,6.09999990463257,0.44999998807907,0.0,-0.85000002384186,0.39499998092651,0.0,6.09999990463257,12.4012203216553,1.20473229885101,-1.36282587051392,11.8299980163574,1.14741444587708,-1.00776505470276,"(11.83, 1.147414, -1.007765)",truck body CS,14.1878290176392,0.1,12.4012203216553,1.20473229885101,-1.36282587051392,0.00073747700243,90.083440095379,0.0000012201708
460,left road,460,0.49500000476837,0.0,6.09999990463257,0.55000001192093,0.0,-0.85000002384186,0.49500000476837,0.0,6.09999990463257,12.4012203216553,1.20473229885101,-1.36282587051392,11.8351316452026,1.14745259284973,-1.00800085067749,"(11.83513, 1.147453, -1.008001)",truck body CS,14.1033058166504,0.1,12.4012203216553,1.20473229885101,-1.36282587051392,0.00073747700243,90.083440095379,0.0000012201708
461,left road,461,0.59499996900558,0.0,6.09999990463257,0.64999997615814,0.0,-0.85000002384186,0.59499996900558,0.0,6.09999990463257,12.4012203216553,1.20473229885101,-1.36282587051392,11.8615741729736,1.14966559410095,-1.02170968055725,"(11.86157, 1.149666, -1.02171)",truck body CS,14.0189867019653,0.1,12.4012203216553,1.20473229885101,-1.36282587051392,0.00073747700243,90.083440095379,0.0000012201708
462,left road,462,0.69499999284744,0.0,6.09999990463257,0.75,0.0,-0.85000002384186,0.69499999284744,0.0,6.09999990463257,12.4012203216553,1.20473229885101,-1.36282587051392,11.8658361434937,1.14963388442993,-1.02151262760162,"(11.86584, 1.149634, -1.021513)",truck body CS,13.9348754882813,0.1,12.4012203216553,1.20473229885101,-1.36282587051392,0.00073747700243,90.083440095379,0.0000012201708
463,left road,463,0.7950000166893,0.0,6.09999990463257,0.85000002384186,0.0,-0.85000002384186,0.7950000166893,0.0,6.09999990463257,12.4012203216553,1.20473229885101,-1.36282587051392,11.8701429367065,1.14960598945618,-1.02134132385254,"(11.87014, 1.149606, -1.021341)",truck body CS,13.8509750366211,0.1,12.4012203216553,1.20473229885101,-1.36282587051392,0.00073747700243,90.083440095379,0.0000012201708
464,left road,464,0.89499998092651,0.0,6.09999990463257,0.94999998807907,0.0,-0.85000002384186,0.89499998092651,0.0,6.09999990463257,12.4012203216553,1.20473229885101,-1.36282587051392,11.8745422363281,1.14958763122559,-1.02122688293457,"(11.87454, 1.149588, -1.021227)",truck body CS,13.7672891616821,0.1,12.4012203216553,1.20473229885101,-1.36282587051392,0.00073747700243,90.083440095379,0.0000012201708
465,left road,465,0.99499994516373,0.0,6.09999990463257,1.04999995231628,0.0,-0.85000002384186,0.99499994516373,0.0,6.09999990463257,12.4012203216553,1.20473229885101,-1.36282587051392,11.879638671875,1.14964246749878,-1.02156639099121,"(11.87964, 1.149642, -1.021566)",truck body CS,13.6838235855103,0.1,12.4012203216553,1.20473229885101,-1.36282587051392,0.00073747700243,90.083440095379,0.0000012201708
466,left road,466,1.09500002861023,0.0,6.09999990463257,1.14999997615814,0.0,-0.85000002384186,1.09500002861023,0.0,6.09999990463257,12.4012203216553,1.20473229885101,-1.36282587051392,12.3512687683105,1.19940960407257,-1.32985460758209,"(12.35127, 1.19941, -1.329855)",EyeArea,13.6005792617798,0.1,12.4012203216553,1.20473229885101,-1.36282587051392,0.00073747700243,90.083440095379,0.0000012201708
467,left road,467,1.19500005245209,0.0,6.09999990463257,1.25,0.0,-0.85000002384186,1.19500005245209,0.0,6.09999990463257,12.4012203216553,1.20473229885101,-1.36282587051392,12.3512687683105,1.19936215877533,-1.32956039905548,"(12.35127, 1.199362, -1.32956)",EyeArea,13.5175638198853,0.1,12.4012203216553,1.20473229885101,-1.36282587051392,0.00073747700243,90.083440095379,0.0000012201708
468,left road,468,1.29500007629395,0.0,6.09999990463257,1.35000002384186,0.0,-0.85000002384186,1.29500007629395,0.0,6.09999990463257,12.4012203216553,1.20473229885101,-1.36282587051392,12.3512697219849,1.19931387901306,-1.32926142215729,"(12.35127, 1.199314, -1.329261)",EyeArea,13.434778213501,0.1,12.4012203216553,1.20473229885101,-1.36282587051392,0.00073747700243,90.083440095379,0.0000012201708
469,left road,469,1.3950001001358,0.0,6.09999990463257,1.45000004768372,0.0,-0.85000002384186,1.3950001001358,0.0,6.09999990463257,12.4012203216553,1.20473229885101,-1.36282587051392,12.3512697219849,1.19926476478577,-1.3289567232132,"(12.35127, 1.199265, -1.328957)",EyeArea,13.3522291183472,0.1,12.4012203216553,1.20473229885101,-1.36282587051392,0.00073747700243,90.083440095379,0.0000012201708
470,left road,470,1.49500000476837,0.0,6.09999990463257,1.54999995231628,0.0,-0.85000002384186,1.49500000476837,0.0,6.09999990463257,12.4012203216553,1.20473229885101,-1.36282587051392,12.3512706756592,1.19921457767487,-1.32864630222321,"(12.35127, 1.199215, -1.328646)",EyeArea,13.2699203491211,0.1,12.4012203216553,1.20473229885101,-1.36282587051392,0.00073747700243,90.083440095379,0.0000012201708
471,left road,471,1.59500002861023,0.0,6.09999990463257,1.64999997615814,0.0,-0.85000002384186,1.59500002861023,0.0,6.09999990463257,12.4012203216553,1.20473229885101,-1.36282587051392,12.3512706756592,1.19916367530823,-1.32833063602448,"(12.35127, 1.199164, -1.328331)",EyeArea,13.18785572052,0.1,12.4012203216553,1.20473229885101,-1.36282587051392,0.00073747700243,90.083440095379,0.0000012201708
472,left road,472,1.69500005245209,0.0,6.09999990463257,1.75,0.0,-0.85000002384186,1.69500005245209,0.0,6.09999990463257,12.4012203216553,1.20473229885101,-1.36282587051392,12.3512716293335,1.19911170005798,-1.32800877094269,"(12.35127, 1.199112, -1.328009)",EyeArea,13.1060409545898,0.1,12.4012203216553,1.20473229885101,-1.36282587051392,0.00073747700243,90.083440095379,0.0000012201708
473,left road,473,1.79500007629395,0.0,6.09999990463257,1.85000002384186,0.0,-0.85000002384186,1.79500007629395,0.0,6.09999990463257,12.4012203216553,1.20473229885101,-1.36282587051392,12.3512716293335,1.19905877113342,-1.32768070697784,"(12.35127, 1.199059, -1.327681)",EyeArea,13.0244789123535,0.1,12.4012203216553,1.20473229885101,-1.36282587051392,0.00073747700243,90.083440095379,0.0000012201708
474,left road,474,1.8950001001358,0.0,6.09999990463257,1.95000004768372,0.0,-0.85000002384186,1.8950001001358,0.0,6.09999990463257,12.4012203216553,1.20473229885101,-1.36282587051392,12.3512725830078,1.19900476932526,-1.32734644412994,"(12.35127, 1.199005, -1.327346)",EyeArea,12.9431762695313,0.1,12.4012203216553,1.20473229885101,-1.36282587051392,0.00073747700243,90.083440095379,0.0000012201708
475,left road,475,1.99500000476837,0.0,6.09999990463257,2.04999995231628,0.0,-0.85000002384186,1.99500000476837,0.0,6.09999990463257,12.4012203216553,1.20473229885101,-1.36282587051392,12.3512725830078,1.19894981384277,-1.32700598239899,"(12.35127, 1.19895, -1.327006)",EyeArea,12.8621368408203,0.1,12.4012203216553,1.20473229885101,-1.36282587051392,0.00073747700243,90.083440095379,0.0000012201708
476,left road,476,2.09500002861023,0.0,6.09999990463257,2.15000009536743,0.0,-0.85000002384186,2.09500002861023,0.0,6.09999990463257,12.4012203216553,1.20473229885101,-1.36282587051392,12.3512735366821,1.1988936662674,-1.32665836811066,"(12.35127, 1.198894, -1.326658)",EyeArea,12.7813653945923,0.1,12.4012203216553,1.20473229885101,-1.36282587051392,0.00073747700243,90.083440095379,0.0000012201708
477,left road,477,2.1949999332428,0.0,6.09999990463257,2.25,0.0,-0.85000002384186,2.1949999332428,0.0,6.09999990463257,12.4012203216553,1.20473229885101,-1.36282587051392,12.3512735366821,1.19883668422699,-1.32630503177643,"(12.35127, 1.198837, -1.326305)",EyeArea,12.7008695602417,0.1,12.4012203216553,1.20473229885101,-1.36282587051392,0.00073747700243,90.083440095379,0.0000012201708
478,left road,478,2.29499983787537,0.0,6.09999990463257,2.34999990463257,0.0,-0.85000002384186,2.29499983787537,0.0,6.09999990463257,12.4012203216553,1.20473229885101,-1.36282587051392,12.3512744903564,1.19877827167511,-1.32594358921051,"(12.35127, 1.198778, -1.325944)",EyeArea,12.6206512451172,0.1,12.4012203216553,1.20473229885101,-1.36282587051392,0.00073747700243,90.083440095379,0.0000012201708
479,left road,479,2.39499998092651,0.0,6.09999990463257,2.45000004768372,0.0,-0.85000002384186,2.39499998092651,0.0,6.09999990463257,12.4012203216553,1.20473229885101,-1.36282587051392,12.3512744903564,1.19871890544891,-1.32557547092438,"(12.35127, 1.198719, -1.325575)",EyeArea,12.540717124939,0.1,12.4012203216553,1.20473229885101,-1.36282587051392,0.00073747700243,90.083440095379,0.0000012201708
480,left road,480,2.49499988555908,0.0,6.09999990463257,2.54999995231628,0.0,-0.85000002384186,2.49499988555908,0.0,6.09999990463257,12.4012203216553,1.20473229885101,-1.36282587051392,12.3512754440308,1.19865822792053,-1.32519972324371,"(12.35128, 1.198658, -1.3252)",EyeArea,12.4610738754272,0.1,12.4012203216553,1.20473229885101,-1.36282587051392,0.00073747700243,90.083440095379,0.0000012201708
481,left road,481,2.59500002861023,0.0,6.09999990463257,2.65000009536743,0.0,-0.85000002384186,2.59500002861023,0.0,6.09999990463257,12.4012203216553,1.20473229885101,-1.36282587051392,12.3512754440308,1.19859635829926,-1.32481634616852,"(12.35128, 1.198596, -1.324816)",EyeArea,12.381724357605,0.1,12.4012203216553,1.20473229885101,-1.36282587051392,0.00073747700243,90.083440095379,0.0000012201708
482,left road,482,2.6949999332428,0.0,6.09999990463257,2.75,0.0,-0.85000002384186,2.6949999332428,0.0,6.09999990463257,12.4012203216553,1.20473229885101,-1.36282587051392,12.3512763977051,1.19853329658508,-1.32442533969879,"(12.35128, 1.198533, -1.324425)",EyeArea,12.302677154541,0.1,12.4012203216553,1.20473229885101,-1.36282587051392,0.00073747700243,90.083440095379,0.0000012201708
483,left road,483,2.79499983787537,0.0,6.09999990463257,2.84999990463257,0.0,-0.85000002384186,2.79499983787537,0.0,6.09999990463257,12.4012203216553,1.20473229885101,-1.36282587051392,12.3512773513794,1.19846880435944,-1.32402622699738,"(12.35128, 1.198469, -1.324026)",EyeArea,12.2239360809326,0.1,12.4012203216553,1.20473229885101,-1.36282587051392,0.00073747700243,90.083440095379,0.0000012201708
484,left road,484,2.89499998092651,0.0,6.09999990463257,2.95000004768372,0.0,-0.85000002384186,2.89499998092651,0.0,6.09999990463257,12.4012203216553,1.20473229885101,-1.36282587051392,12.3512773513794,1.1984030008316,-1.32361853122711,"(12.35128, 1.198403, -1.323619)",EyeArea,12.1455078125,0.1,12.4012203216553,1.20473229885101,-1.36282587051392,0.00073747700243,90.083440095379,0.0000012201708
485,left road,485,2.99499988555908,0.0,6.09999990463257,3.04999995231628,0.0,-0.85000002384186,2.99499988555908,0.0,6.09999990463257,12.4012203216553,1.20473229885101,-1.36282587051392,12.3512783050537,1.1983357667923,-1.323202252388,"(12.35128, 1.198336, -1.323202)",EyeArea,12.0673999786377,0.1,12.4012203216553,1.20473229885101,-1.36282587051392,0.00073747700243,90.083440095379,0.0000012201708
486,left road,486,3.09500002861023,0.0,6.09999990463257,3.15000009536743,0.0,-0.85000002384186,3.09500002861023,0.0,6.09999990463257,12.4012203216553,1.20473229885101,-1.36282587051392,12.351279258728,1.19826710224152,-1.32277691364288,"(12.35128, 1.198267, -1.322777)",EyeArea,11.9896154403687,0.1,12.4012203216553,1.20473229885101,-1.36282587051392,0.00073747700243,90.083440095379,0.0000012201708
487,left road,487,3.1949999332428,0.0,6.09999990463257,3.25,0.0,-0.85000002384186,3.1949999332428,0.0,6.09999990463257,12.4012203216553,1.20473229885101,-1.36282587051392,12.351279258728,1.19819700717926,-1.32234251499176,"(12.35128, 1.198197, -1.322343)",EyeArea,11.912163734436,0.1,12.4012203216553,1.20473229885101,-1.36282587051392,0.00073747700243,90.083440095379,0.0000012201708
488,left road,488,3.29499983787537,0.0,6.09999990463257,3.34999990463257,0.0,-0.85000002384186,3.29499983787537,0.0,6.09999990463257,12.4012203216553,1.20473229885101,-1.36282587051392,12.3512802124023,1.19812536239624,-1.32189857959747,"(12.35128, 1.198125, -1.321899)",EyeArea,11.8350496292114,0.1,12.4012203216553,1.20473229885101,-1.36282587051392,0.00073747700243,90.083440095379,0.0000012201708
489,left road,489,3.39499998092651,0.0,6.09999990463257,3.45000004768372,0.0,-0.85000002384186,3.39499998092651,0.0,6.09999990463257,12.4012203216553,1.20473229885101,-1.36282587051392,12.3512811660767,1.19805192947388,-1.32144415378571,"(12.35128, 1.198052, -1.321444)",EyeArea,11.758279800415,0.1,12.4012203216553,1.20473229885101,-1.36282587051392,0.00073747700243,90.083440095379,0.0000012201708
490,left road,490,-3.50500011444092,0.0,6.19999980926514,-3.45000004768372,0.0,-0.75,-3.50500011444092,0.0,6.19999980926514,12.4012203216553,1.20473229885101,-1.36282587051392,11.7496194839478,1.15538012981415,-1.05301308631897,"(11.74962, 1.15538, -1.053013)",truck body CS,17.6537685394287,0.1,12.4012203216553,1.20473229885101,-1.36282587051392,0.00073747700243,90.083440095379,0.0000012201708
491,left road,491,-3.40499997138977,0.0,6.19999980926514,-3.34999990463257,0.0,-0.75,-3.40499997138977,0.0,6.19999980926514,12.4012203216553,1.20473229885101,-1.36282587051392,11.7501020431519,1.15510475635529,-1.05128359794617,"(11.7501, 1.155105, -1.051284)",truck body CS,17.563720703125,0.1,12.4012203216553,1.20473229885101,-1.36282587051392,0.00073747700243,90.083440095379,0.0000012201708
492,left road,492,-3.3050000667572,0.0,6.19999980926514,-3.25,0.0,-0.75,-3.3050000667572,0.0,6.19999980926514,12.4012203216553,1.20473229885101,-1.36282587051392,11.7505874633789,1.15482592582703,-1.04953384399414,"(11.75059, 1.154826, -1.049534)",truck body CS,17.4737815856934,0.1,12.4012203216553,1.20473229885101,-1.36282587051392,0.00073747700243,90.083440095379,0.0000012201708
493,left road,493,-3.20500016212463,0.0,6.19999980926514,-3.15000009536743,0.0,-0.75,-3.20500016212463,0.0,6.19999980926514,12.4012203216553,1.20473229885101,-1.36282587051392,11.7510509490967,1.15454196929932,-1.04775130748749,"(11.75105, 1.154542, -1.047751)",truck body CS,17.3839530944824,0.1,12.4012203216553,1.20473229885101,-1.36282587051392,0.00073747700243,90.083440095379,0.0000012201708
494,left road,494,-3.10500001907349,0.0,6.19999980926514,-3.04999995231628,0.0,-0.75,-3.10500001907349,0.0,6.19999980926514,12.4012203216553,1.20473229885101,-1.36282587051392,11.7515172958374,1.15425443649292,-1.04594659805298,"(11.75152, 1.154254, -1.045947)",truck body CS,17.2942352294922,0.1,12.4012203216553,1.20473229885101,-1.36282587051392,0.00073747700243,90.083440095379,0.0000012201708
495,left road,495,-3.00500011444092,0.0,6.19999980926514,-2.95000004768372,0.0,-0.75,-3.00500011444092,0.0,6.19999980926514,12.4012203216553,1.20473229885101,-1.36282587051392,11.7519750595093,1.1539626121521,-1.04411458969116,"(11.75198, 1.153963, -1.044115)",truck body CS,17.2046318054199,0.1,12.4012203216553,1.20473229885101,-1.36282587051392,0.00073747700243,90.083440095379,0.0000012201708
496,left road,496,-2.90499997138977,0.0,6.19999980926514,-2.84999990463257,0.0,-0.75,-2.90499997138977,0.0,6.19999980926514,12.4012203216553,1.20473229885101,-1.36282587051392,11.7527084350586,1.153688788414,-1.04239511489868,"(11.75271, 1.153689, -1.042395)",truck body CS,17.115140914917,0.1,12.4012203216553,1.20473229885101,-1.36282587051392,0.00073747700243,90.083440095379,0.0000012201708
497,left road,497,-2.8050000667572,0.0,6.19999980926514,-2.75,0.0,-0.75,-2.8050000667572,0.0,6.19999980926514,12.4012203216553,1.20473229885101,-1.36282587051392,11.7538032531738,1.15343976020813,-1.04083251953125,"(11.7538, 1.15344, -1.040833)",truck body CS,17.0257701873779,0.1,12.4012203216553,1.20473229885101,-1.36282587051392,0.00073747700243,90.083440095379,0.0000012201708
498,left road,498,-2.70500016212463,0.0,6.19999980926514,-2.65000009536743,0.0,-0.75,-2.70500016212463,0.0,6.19999980926514,12.4012203216553,1.20473229885101,-1.36282587051392,11.7543287277222,1.15314209461212,-1.03896260261536,"(11.75433, 1.153142, -1.038963)",truck body CS,16.9365177154541,0.1,12.4012203216553,1.20473229885101,-1.36282587051392,0.00073747700243,90.083440095379,0.0000012201708
499,left road,499,-2.60500001907349,0.0,6.19999980926514,-2.54999995231628,0.0,-0.75,-2.60500001907349,0.0,6.19999980926514,12.4012203216553,1.20473229885101,-1.36282587051392,11.7546501159668,1.1528240442276,-1.03696739673615,"(11.75465, 1.152824, -1.036967)",truck body CS,16.8473834991455,0.1,12.4012203216553,1.20473229885101,-1.36282587051392,0.00073747700243,90.083440095379,0.0000012201708
500,left road,500,-2.50500011444092,0.0,6.19999980926514,-2.45000004768372,0.0,-0.75,-2.50500011444092,0.0,6.19999980926514,12.4012203216553,1.20473229885101,-1.36282587051392,11.7553310394287,1.15253090858459,-1.03512716293335,"(11.75533, 1.152531, -1.035127)",truck body CS,16.7583751678467,0.1,12.4012203216553,1.20473229885101,-1.36282587051392,0.00073747700243,90.083440095379,0.0000012201708
501,left road,501,-2.40499997138977,0.0,6.19999980926514,-2.34999990463257,0.0,-0.75,-2.40499997138977,0.0,6.19999980926514,12.4012203216553,1.20473229885101,-1.36282587051392,11.7562198638916,1.15225076675415,-1.03336763381958,"(11.75622, 1.152251, -1.033368)",truck body CS,16.6694889068604,0.1,12.4012203216553,1.20473229885101,-1.36282587051392,0.00073747700243,90.083440095379,0.0000012201708
502,left road,502,-2.3050000667572,0.0,6.19999980926514,-2.25,0.0,-0.75,-2.3050000667572,0.0,6.19999980926514,12.4012203216553,1.20473229885101,-1.36282587051392,11.7571105957031,1.15196681022644,-1.03158557415009,"(11.75711, 1.151967, -1.031586)",truck body CS,16.5807304382324,0.1,12.4012203216553,1.20473229885101,-1.36282587051392,0.00073747700243,90.083440095379,0.0000012201708
503,left road,503,-2.20500016212463,0.0,6.19999980926514,-2.15000009536743,0.0,-0.75,-2.20500016212463,0.0,6.19999980926514,12.4012203216553,1.20473229885101,-1.36282587051392,11.758017539978,1.15168035030365,-1.02978777885437,"(11.75802, 1.15168, -1.029788)",truck body CS,16.4920997619629,0.1,12.4012203216553,1.20473229885101,-1.36282587051392,0.00073747700243,90.083440095379,0.0000012201708
504,left road,504,-2.10500001907349,0.0,6.19999980926514,-2.04999995231628,0.0,-0.75,-2.10500001907349,0.0,6.19999980926514,12.4012203216553,1.20473229885101,-1.36282587051392,11.7589302062988,1.15139055252075,-1.02796721458435,"(11.75893, 1.151391, -1.027967)",truck body CS,16.403600692749,0.1,12.4012203216553,1.20473229885101,-1.36282587051392,0.00073747700243,90.083440095379,0.0000012201708
505,left road,505,-2.00500011444092,0.0,6.19999980926514,-1.95000004768372,0.0,-0.75,-2.00500011444092,0.0,6.19999980926514,12.4012203216553,1.20473229885101,-1.36282587051392,11.7597990036011,1.15109276771545,-1.02609801292419,"(11.7598, 1.151093, -1.026098)",truck body CS,16.3152351379395,0.1,12.4012203216553,1.20473229885101,-1.36282587051392,0.00073747700243,90.083440095379,0.0000012201708
506,left road,506,-1.90499997138977,0.0,6.19999980926514,-1.85000002384186,0.0,-0.75,-1.90499997138977,0.0,6.19999980926514,12.4012203216553,1.20473229885101,-1.36282587051392,11.7606000900269,1.1507853269577,-1.0241687297821,"(11.7606, 1.150785, -1.024169)",truck body CS,16.2270030975342,0.1,12.4012203216553,1.20473229885101,-1.36282587051392,0.00073747700243,90.083440095379,0.0000012201708
507,left road,507,-1.80499994754791,0.0,6.19999980926514,-1.75,0.0,-0.75,-1.80499994754791,0.0,6.19999980926514,12.4012203216553,1.20473229885101,-1.36282587051392,11.7614107131958,1.15047442913055,-1.02221632003784,"(11.76141, 1.150474, -1.022216)",truck body CS,16.1389102935791,0.1,12.4012203216553,1.20473229885101,-1.36282587051392,0.00073747700243,90.083440095379,0.0000012201708
508,left road,508,-1.70499992370605,0.0,6.19999980926514,-1.64999997615814,0.0,-0.75,-1.70499992370605,0.0,6.19999980926514,12.4012203216553,1.20473229885101,-1.36282587051392,11.7622327804565,1.15015983581543,-1.02024185657501,"(11.76223, 1.15016, -1.020242)",truck body CS,16.0509548187256,0.1,12.4012203216553,1.20473229885101,-1.36282587051392,0.00073747700243,90.083440095379,0.0000012201708
509,left road,509,-1.6049998998642,0.0,6.19999980926514,-1.54999995231628,0.0,-0.75,-1.6049998998642,0.0,6.19999980926514,12.4012203216553,1.20473229885101,-1.36282587051392,11.7644844055176,1.1499639749527,-1.01901233196259,"(11.76448, 1.149964, -1.019012)",truck body CS,15.9631423950195,0.1,12.4012203216553,1.20473229885101,-1.36282587051392,0.00073747700243,90.083440095379,0.0000012201708
510,left road,510,-1.50499999523163,0.0,6.19999980926514,-1.45000004768372,0.0,-0.75,-1.50499999523163,0.0,6.19999980926514,12.4012203216553,1.20473229885101,-1.36282587051392,11.7668008804321,1.14977085590363,-1.01779985427856,"(11.7668, 1.149771, -1.0178)",truck body CS,15.8754739761353,0.1,12.4012203216553,1.20473229885101,-1.36282587051392,0.00073747700243,90.083440095379,0.0000012201708
511,left road,511,-1.40499997138977,0.0,6.19999980926514,-1.35000002384186,0.0,-0.75,-1.40499997138977,0.0,6.19999980926514,12.4012203216553,1.20473229885101,-1.36282587051392,11.7691888809204,1.14958119392395,-1.01660907268524,"(11.76919, 1.149581, -1.016609)",truck body CS,15.7879524230957,0.1,12.4012203216553,1.20473229885101,-1.36282587051392,0.00073747700243,90.083440095379,0.0000012201708
512,left road,512,-1.30499994754791,0.0,6.19999980926514,-1.25,0.0,-0.75,-1.30499994754791,0.0,6.19999980926514,12.4012203216553,1.20473229885101,-1.36282587051392,11.7716178894043,1.14939212799072,-1.0154230594635,"(11.77162, 1.149392, -1.015423)",truck body CS,15.7005796432495,0.1,12.4012203216553,1.20473229885101,-1.36282587051392,0.00073747700243,90.083440095379,0.0000012201708
513,left road,513,-1.20499992370605,0.0,6.19999980926514,-1.14999997615814,0.0,-0.75,-1.20499992370605,0.0,6.19999980926514,12.4012203216553,1.20473229885101,-1.36282587051392,11.7740621566772,1.1492018699646,-1.01422798633575,"(11.77406, 1.149202, -1.014228)",truck body CS,15.6133575439453,0.1,12.4012203216553,1.20473229885101,-1.36282587051392,0.00073747700243,90.083440095379,0.0000012201708
514,left road,514,-1.1049998998642,0.0,6.19999980926514,-1.04999995231628,0.0,-0.75,-1.1049998998642,0.0,6.19999980926514,12.4012203216553,1.20473229885101,-1.36282587051392,11.7777328491211,1.14911818504334,-1.01370239257813,"(11.77773, 1.149118, -1.013702)",truck body CS,15.5262899398804,0.1,12.4012203216553,1.20473229885101,-1.36282587051392,0.00073747700243,90.083440095379,0.0000012201708
515,left road,515,-1.00499999523163,0.0,6.19999980926514,-0.94999998807907,0.0,-0.75,-1.00499999523163,0.0,6.19999980926514,12.4012203216553,1.20473229885101,-1.36282587051392,11.781494140625,1.14904129505157,-1.01322078704834,"(11.78149, 1.149041, -1.013221)",truck body CS,15.439380645752,0.1,12.4012203216553,1.20473229885101,-1.36282587051392,0.00073747700243,90.083440095379,0.0000012201708
516,left road,516,-0.90500003099442,0.0,6.19999980926514,-0.85000002384186,0.0,-0.75,-0.90500003099442,0.0,6.19999980926514,12.4012203216553,1.20473229885101,-1.36282587051392,11.785270690918,1.14896488189697,-1.01273989677429,"(11.78527, 1.148965, -1.01274)",truck body CS,15.3526287078857,0.1,12.4012203216553,1.20473229885101,-1.36282587051392,0.00073747700243,90.083440095379,0.0000012201708
517,left road,517,-0.80500000715256,0.0,6.19999980926514,-0.75,0.0,-0.75,-0.80500000715256,0.0,6.19999980926514,12.4012203216553,1.20473229885101,-1.36282587051392,11.789345741272,1.14891409873962,-1.01242172718048,"(11.78935, 1.148914, -1.012422)",truck body CS,15.2660398483276,0.1,12.4012203216553,1.20473229885101,-1.36282587051392,0.00073747700243,90.083440095379,0.0000012201708
518,left road,518,-0.7049999833107,0.0,6.19999980926514,-0.64999997615814,0.0,-0.75,-0.7049999833107,0.0,6.19999980926514,12.4012203216553,1.20473229885101,-1.36282587051392,11.7936010360718,1.14887952804565,-1.01220464706421,"(11.7936, 1.14888, -1.012205)",truck body CS,15.1796159744263,0.1,12.4012203216553,1.20473229885101,-1.36282587051392,0.00073747700243,90.083440095379,0.0000012201708
519,left road,519,-0.60500001907349,0.0,6.19999980926514,-0.55000001192093,0.0,-0.75,-0.60500001907349,0.0,6.19999980926514,12.4012203216553,1.20473229885101,-1.36282587051392,11.7978639602661,1.1488448381424,-1.01198673248291,"(11.79786, 1.148845, -1.011987)",truck body CS,15.0933589935303,0.1,12.4012203216553,1.20473229885101,-1.36282587051392,0.00073747700243,90.083440095379,0.0000012201708
520,left road,520,-0.50499999523163,0.0,6.19999980926514,-0.44999998807907,0.0,-0.75,-0.50499999523163,0.0,6.19999980926514,12.4012203216553,1.20473229885101,-1.36282587051392,11.8021335601807,1.14881038665771,-1.01177024841309,"(11.80213, 1.14881, -1.01177)",truck body CS,15.0072727203369,0.1,12.4012203216553,1.20473229885101,-1.36282587051392,0.00073747700243,90.083440095379,0.0000012201708
521,left road,521,-0.40500000119209,0.0,6.19999980926514,-0.34999999403954,0.0,-0.75,-0.40500000119209,0.0,6.19999980926514,12.4012203216553,1.20473229885101,-1.36282587051392,11.8064155578613,1.14877653121948,-1.01155853271484,"(11.80642, 1.148777, -1.011559)",truck body CS,14.9213600158691,0.1,12.4012203216553,1.20473229885101,-1.36282587051392,0.00073747700243,90.083440095379,0.0000012201708
522,left road,522,-0.30500000715256,0.0,6.19999980926514,-0.25,0.0,-0.75,-0.30500000715256,0.0,6.19999980926514,12.4012203216553,1.20473229885101,-1.36282587051392,11.8108205795288,1.14875376224518,-1.01141548156738,"(11.81082, 1.148754, -1.011415)",truck body CS,14.8356246948242,0.1,12.4012203216553,1.20473229885101,-1.36282587051392,0.00073747700243,90.083440095379,0.0000012201708
523,left road,523,-0.20500001311302,0.0,6.19999980926514,-0.15000000596046,0.0,-0.75,-0.20500001311302,0.0,6.19999980926514,12.4012203216553,1.20473229885101,-1.36282587051392,11.8147144317627,1.14868187904358,-1.01096343994141,"(11.81471, 1.148682, -1.010963)",truck body CS,14.7500686645508,0.1,12.4012203216553,1.20473229885101,-1.36282587051392,0.00073747700243,90.083440095379,0.0000012201708
524,left road,524,-0.10500000417233,0.0,6.19999980926514,-0.05000000074506,0.0,-0.75,-0.10500000417233,0.0,6.19999980926514,12.4012203216553,1.20473229885101,-1.36282587051392,11.8156385421753,1.14832270145416,-1.00870895385742,"(11.81564, 1.148323, -1.008709)",truck body CS,14.6646938323975,0.1,12.4012203216553,1.20473229885101,-1.36282587051392,0.00073747700243,90.083440095379,0.0000012201708
525,left road,525,-0.00499999895692,0.0,6.19999980926514,0.05000000074506,0.0,-0.75,-0.00499999895692,0.0,6.19999980926514,12.4012203216553,1.20473229885101,-1.36282587051392,11.8186521530151,1.14816069602966,-1.00769233703613,"(11.81865, 1.148161, -1.007692)",truck body CS,14.5795068740845,0.1,12.4012203216553,1.20473229885101,-1.36282587051392,0.00073747700243,90.083440095379,0.0000012201708
526,left road,526,0.09500000625849,0.0,6.19999980926514,0.15000000596046,0.0,-0.75,0.09500000625849,0.0,6.19999980926514,12.4012203216553,1.20473229885101,-1.36282587051392,11.8233861923218,1.14816451072693,-1.00771522521973,"(11.82339, 1.148165, -1.007715)",truck body CS,14.4945087432861,0.1,12.4012203216553,1.20473229885101,-1.36282587051392,0.00073747700243,90.083440095379,0.0000012201708
527,left road,527,0.19499999284744,0.0,6.19999980926514,0.25,0.0,-0.75,0.19499999284744,0.0,6.19999980926514,12.4012203216553,1.20473229885101,-1.36282587051392,11.82848072052,1.1482036113739,-1.00796175003052,"(11.82848, 1.148204, -1.007962)",truck body CS,14.4097032546997,0.1,12.4012203216553,1.20473229885101,-1.36282587051392,0.00073747700243,90.083440095379,0.0000012201708
528,left road,528,0.29499998688698,0.0,6.19999980926514,0.34999999403954,0.0,-0.75,0.29499998688698,0.0,6.19999980926514,12.4012203216553,1.20473229885101,-1.36282587051392,11.8335399627686,1.14824032783508,-1.00819253921509,"(11.83354, 1.14824, -1.008193)",truck body CS,14.3250923156738,0.1,12.4012203216553,1.20473229885101,-1.36282587051392,0.00073747700243,90.083440095379,0.0000012201708
529,left road,529,0.39499998092651,0.0,6.19999980926514,0.44999998807907,0.0,-0.75,0.39499998092651,0.0,6.19999980926514,12.4012203216553,1.20473229885101,-1.36282587051392,11.8395328521729,1.14837121963501,-1.00901293754578,"(11.83953, 1.148371, -1.009013)",truck body CS,14.2406826019287,0.1,12.4012203216553,1.20473229885101,-1.36282587051392,0.00073747700243,90.083440095379,0.0000012201708
530,left road,530,0.49500000476837,0.0,6.19999980926514,0.55000001192093,0.0,-0.75,0.49500000476837,0.0,6.19999980926514,12.4012203216553,1.20473229885101,-1.36282587051392,11.864595413208,1.15043377876282,-1.02196073532104,"(11.8646, 1.150434, -1.021961)",truck body CS,14.156476020813,0.1,12.4012203216553,1.20473229885101,-1.36282587051392,0.00073747700243,90.083440095379,0.0000012201708
531,left road,531,0.59499996900558,0.0,6.19999980926514,0.64999997615814,0.0,-0.75,0.59499996900558,0.0,6.19999980926514,12.4012203216553,1.20473229885101,-1.36282587051392,11.868824005127,1.15040516853333,-1.02178311347961,"(11.86882, 1.150405, -1.021783)",truck body CS,14.0724744796753,0.1,12.4012203216553,1.20473229885101,-1.36282587051392,0.00073747700243,90.083440095379,0.0000012201708
532,left road,532,0.69499999284744,0.0,6.19999980926514,0.75,0.0,-0.75,0.69499999284744,0.0,6.19999980926514,12.4012203216553,1.20473229885101,-1.36282587051392,11.8730659484863,1.15037786960602,-1.02161049842834,"(11.87307, 1.150378, -1.02161)",truck body CS,13.9886856079102,0.1,12.4012203216553,1.20473229885101,-1.36282587051392,0.00073747700243,90.083440095379,0.0000012201708
533,left road,533,0.7950000166893,0.0,6.19999980926514,0.85000002384186,0.0,-0.75,0.7950000166893,0.0,6.19999980926514,12.4012203216553,1.20473229885101,-1.36282587051392,11.8777055740356,1.15039110183716,-1.02169287204742,"(11.87771, 1.150391, -1.021693)",truck body CS,13.9051094055176,0.1,12.4012203216553,1.20473229885101,-1.36282587051392,0.00073747700243,90.083440095379,0.0000012201708
534,left road,534,0.89499998092651,0.0,6.19999980926514,0.94999998807907,0.0,-0.75,0.89499998092651,0.0,6.19999980926514,12.4012203216553,1.20473229885101,-1.36282587051392,11.8827219009399,1.15044403076172,-1.02202606201172,"(11.88272, 1.150444, -1.022026)",truck body CS,13.8217515945435,0.1,12.4012203216553,1.20473229885101,-1.36282587051392,0.00073747700243,90.083440095379,0.0000012201708
535,left road,535,0.99499994516373,0.0,6.19999980926514,1.04999995231628,0.0,-0.75,0.99499994516373,0.0,6.19999980926514,12.4012203216553,1.20473229885101,-1.36282587051392,12.3512687683105,1.19945633411407,-1.32970583438873,"(12.35127, 1.199456, -1.329706)",EyeArea,13.7386169433594,0.1,12.4012203216553,1.20473229885101,-1.36282587051392,0.00073747700243,90.083440095379,0.0000012201708
536,left road,536,1.09500002861023,0.0,6.19999980926514,1.14999997615814,0.0,-0.75,1.09500002861023,0.0,6.19999980926514,12.4012203216553,1.20473229885101,-1.36282587051392,12.3512687683105,1.19940972328186,-1.3294130563736,"(12.35127, 1.19941, -1.329413)",EyeArea,13.655707359314,0.1,12.4012203216553,1.20473229885101,-1.36282587051392,0.00073747700243,90.083440095379,0.0000012201708
537,left road,537,1.19500005245209,0.0,6.19999980926514,1.25,0.0,-0.75,1.19500005245209,0.0,6.19999980926514,12.4012203216553,1.20473229885101,-1.36282587051392,12.3512697219849,1.19936227798462,-1.32911503314972,"(12.35127, 1.199362, -1.329115)",EyeArea,13.5730285644531,0.1,12.4012203216553,1.20473229885101,-1.36282587051392,0.00073747700243,90.083440095379,0.0000012201708
538,left road,538,1.29500007629395,0.0,6.19999980926514,1.35000002384186,0.0,-0.75,1.29500007629395,0.0,6.19999980926514,12.4012203216553,1.20473229885101,-1.36282587051392,12.3512697219849,1.19931387901306,-1.3288117647171,"(12.35127, 1.199314, -1.328812)",EyeArea,13.4905834197998,0.1,12.4012203216553,1.20473229885101,-1.36282587051392,0.00073747700243,90.083440095379,0.0000012201708
539,left road,539,1.3950001001358,0.0,6.19999980926514,1.45000004768372,0.0,-0.75,1.3950001001358,0.0,6.19999980926514,12.4012203216553,1.20473229885101,-1.36282587051392,12.3512706756592,1.19926476478577,-1.3285037279129,"(12.35127, 1.199265, -1.328504)",EyeArea,13.4083776473999,0.1,12.4012203216553,1.20473229885101,-1.36282587051392,0.00073747700243,90.083440095379,0.0000012201708
540,left road,540,1.49500000476837,0.0,6.19999980926514,1.54999995231628,0.0,-0.75,1.49500000476837,0.0,6.19999980926514,12.4012203216553,1.20473229885101,-1.36282587051392,12.3512706756592,1.19921469688416,-1.32818901538849,"(12.35127, 1.199215, -1.328189)",EyeArea,13.326416015625,0.1,12.4012203216553,1.20473229885101,-1.36282587051392,0.00073747700243,90.083440095379,0.0000012201708
541,left road,541,1.59500002861023,0.0,6.19999980926514,1.64999997615814,0.0,-0.75,1.59500002861023,0.0,6.19999980926514,12.4012203216553,1.20473229885101,-1.36282587051392,12.3512716293335,1.19916367530823,-1.32786905765533,"(12.35127, 1.199164, -1.327869)",EyeArea,13.244701385498,0.1,12.4012203216553,1.20473229885101,-1.36282587051392,0.00073747700243,90.083440095379,0.0000012201708
542,left road,542,1.69500005245209,0.0,6.19999980926514,1.75,0.0,-0.75,1.69500005245209,0.0,6.19999980926514,12.4012203216553,1.20473229885101,-1.36282587051392,12.3512716293335,1.19911170005798,-1.32754242420197,"(12.35127, 1.199112, -1.327542)",EyeArea,13.1632394790649,0.1,12.4012203216553,1.20473229885101,-1.36282587051392,0.00073747700243,90.083440095379,0.0000012201708
543,left road,543,1.79500007629395,0.0,6.19999980926514,1.85000002384186,0.0,-0.75,1.79500007629395,0.0,6.19999980926514,12.4012203216553,1.20473229885101,-1.36282587051392,12.3512725830078,1.19905877113342,-1.3272100687027,"(12.35127, 1.199059, -1.32721)",EyeArea,13.0820341110229,0.1,12.4012203216553,1.20473229885101,-1.36282587051392,0.00073747700243,90.083440095379,0.0000012201708
544,left road,544,1.8950001001358,0.0,6.19999980926514,1.95000004768372,0.0,-0.75,1.8950001001358,0.0,6.19999980926514,12.4012203216553,1.20473229885101,-1.36282587051392,12.3512725830078,1.19900488853455,-1.32687151432037,"(12.35127, 1.199005, -1.326872)",EyeArea,13.001091003418,0.1,12.4012203216553,1.20473229885101,-1.36282587051392,0.00073747700243,90.083440095379,0.0000012201708
545,left road,545,1.99500000476837,0.0,6.19999980926514,2.04999995231628,0.0,-0.75,1.99500000476837,0.0,6.19999980926514,12.4012203216553,1.20473229885101,-1.36282587051392,12.3512735366821,1.19894981384277,-1.32652628421783,"(12.35127, 1.19895, -1.326526)",EyeArea,12.9204149246216,0.1,12.4012203216553,1.20473229885101,-1.36282587051392,0.00073747700243,90.083440095379,0.0000012201708
546,left road,546,2.09500002861023,0.0,6.19999980926514,2.15000009536743,0.0,-0.75,2.09500002861023,0.0,6.19999980926514,12.4012203216553,1.20473229885101,-1.36282587051392,12.3512735366821,1.19889390468597,-1.32617485523224,"(12.35127, 1.198894, -1.326175)",EyeArea,12.8400106430054,0.1,12.4012203216553,1.20473229885101,-1.36282587051392,0.00073747700243,90.083440095379,0.0000012201708
547,left road,547,2.1949999332428,0.0,6.19999980926514,2.25,0.0,-0.75,2.1949999332428,0.0,6.19999980926514,12.4012203216553,1.20473229885101,-1.36282587051392,12.3512744903564,1.19883668422699,-1.32581579685211,"(12.35127, 1.198837, -1.325816)",EyeArea,12.7598848342896,0.1,12.4012203216553,1.20473229885101,-1.36282587051392,0.00073747700243,90.083440095379,0.0000012201708
548,left road,548,2.29499983787537,0.0,6.19999980926514,2.34999990463257,0.0,-0.75,2.29499983787537,0.0,6.19999980926514,12.4012203216553,1.20473229885101,-1.36282587051392,12.3512754440308,1.1987783908844,-1.32545006275177,"(12.35128, 1.198778, -1.32545)",EyeArea,12.6800394058228,0.1,12.4012203216553,1.20473229885101,-1.36282587051392,0.00073747700243,90.083440095379,0.0000012201708
549,left road,549,2.39499998092651,0.0,6.19999980926514,2.45000004768372,0.0,-0.75,2.39499998092651,0.0,6.19999980926514,12.4012203216553,1.20473229885101,-1.36282587051392,12.3512754440308,1.1987190246582,-1.32507717609406,"(12.35128, 1.198719, -1.325077)",EyeArea,12.6004819869995,0.1,12.4012203216553,1.20473229885101,-1.36282587051392,0.00073747700243,90.083440095379,0.0000012201708
550,left road,550,2.49499988555908,0.0,6.19999980926514,2.54999995231628,0.0,-0.75,2.49499988555908,0.0,6.19999980926514,12.4012203216553,1.20473229885101,-1.36282587051392,12.3512763977051,1.19865834712982,-1.32469618320465,"(12.35128, 1.198658, -1.324696)",EyeArea,12.5212182998657,0.1,12.4012203216553,1.20473229885101,-1.36282587051392,0.00073747700243,90.083440095379,0.0000012201708
551,left road,551,2.59500002861023,0.0,6.19999980926514,2.65000009536743,0.0,-0.75,2.59500002861023,0.0,6.19999980926514,12.4012203216553,1.20473229885101,-1.36282587051392,12.3512763977051,1.19859647750854,-1.32430803775787,"(12.35128, 1.198596, -1.324308)",EyeArea,12.442253112793,0.1,12.4012203216553,1.20473229885101,-1.36282587051392,0.00073747700243,90.083440095379,0.0000012201708
552,left road,552,2.6949999332428,0.0,6.19999980926514,2.75,0.0,-0.75,2.6949999332428,0.0,6.19999980926514,12.4012203216553,1.20473229885101,-1.36282587051392,12.3512773513794,1.19853329658508,-1.32391130924225,"(12.35128, 1.198533, -1.323911)",EyeArea,12.3635931015015,0.1,12.4012203216553,1.20473229885101,-1.36282587051392,0.00073747700243,90.083440095379,0.0000012201708
553,left road,553,2.79499983787537,0.0,6.19999980926514,2.84999990463257,0.0,-0.75,2.79499983787537,0.0,6.19999980926514,12.4012203216553,1.20473229885101,-1.36282587051392,12.3512773513794,1.19846892356873,-1.32350695133209,"(12.35128, 1.198469, -1.323507)",EyeArea,12.2852420806885,0.1,12.4012203216553,1.20473229885101,-1.36282587051392,0.00073747700243,90.083440095379,0.0000012201708
554,left road,554,2.89499998092651,0.0,6.19999980926514,2.95000004768372,0.0,-0.75,2.89499998092651,0.0,6.19999980926514,12.4012203216553,1.20473229885101,-1.36282587051392,12.3512783050537,1.1984030008316,-1.32309353351593,"(12.35128, 1.198403, -1.323094)",EyeArea,12.2072076797485,0.1,12.4012203216553,1.20473229885101,-1.36282587051392,0.00073747700243,90.083440095379,0.0000012201708
555,left road,555,2.99499988555908,0.0,6.19999980926514,3.04999995231628,0.0,-0.75,2.99499988555908,0.0,6.19999980926514,12.4012203216553,1.20473229885101,-1.36282587051392,12.351279258728,1.19833588600159,-1.32267153263092,"(12.35128, 1.198336, -1.322672)",EyeArea,12.1294965744019,0.1,12.4012203216553,1.20473229885101,-1.36282587051392,0.00073747700243,90.083440095379,0.0000012201708
556,left road,556,3.09500002861023,0.0,6.19999980926514,3.15000009536743,0.0,-0.75,3.09500002861023,0.0,6.19999980926514,12.4012203216553,1.20473229885101,-1.36282587051392,12.351279258728,1.19826722145081,-1.32224094867706,"(12.35128, 1.198267, -1.322241)",EyeArea,12.05211353302,0.1,12.4012203216553,1.20473229885101,-1.36282587051392,0.00073747700243,90.083440095379,0.0000012201708
557,left road,557,3.1949999332428,0.0,6.19999980926514,3.25,0.0,-0.75,3.1949999332428,0.0,6.19999980926514,12.4012203216553,1.20473229885101,-1.36282587051392,12.3512802124023,1.19819700717926,-1.32180035114288,"(12.35128, 1.198197, -1.3218)",EyeArea,11.9750661849976,0.1,12.4012203216553,1.20473229885101,-1.36282587051392,0.00073747700243,90.083440095379,0.0000012201708
558,left road,558,3.29499983787537,0.0,6.19999980926514,3.34999990463257,0.0,-0.75,3.29499983787537,0.0,6.19999980926514,12.4012203216553,1.20473229885101,-1.36282587051392,12.3512811660767,1.19812536239624,-1.3213506937027,"(12.35128, 1.198125, -1.321351)",EyeArea,11.8983592987061,0.1,12.4012203216553,1.20473229885101,-1.36282587051392,0.00073747700243,90.083440095379,0.0000012201708
559,left road,559,3.39499998092651,0.0,6.19999980926514,3.45000004768372,0.0,-0.75,3.39499998092651,0.0,6.19999980926514,12.4012203216553,1.20473229885101,-1.36282587051392,12.3512811660767,1.19805216789246,-1.32089066505432,"(12.35128, 1.198052, -1.320891)",EyeArea,11.82200050354,0.1,12.4012203216553,1.20473229885101,-1.36282587051392,0.00073747700243,90.083440095379,0.0000012201708
560,left road,560,-3.50500011444092,0.0,6.29999971389771,-3.45000004768372,0.0,-0.64999997615814,-3.50500011444092,0.0,6.29999971389771,12.4012203216553,1.20473229885101,-1.36282587051392,11.7515392303467,1.15552568435669,-1.04984164237976,"(11.75154, 1.155526, -1.049842)",truck body CS,17.6968402862549,0.1,12.4012203216553,1.20473229885101,-1.36282587051392,0.00073747700243,90.083440095379,0.0000012201708
561,left road,561,-3.40499997138977,0.0,6.29999971389771,-3.34999990463257,0.0,-0.64999997615814,-3.40499997138977,0.0,6.29999971389771,12.4012203216553,1.20473229885101,-1.36282587051392,11.7519998550415,1.15524935722351,-1.04808402061462,"(11.752, 1.155249, -1.048084)",truck body CS,17.6070117950439,0.1,12.4012203216553,1.20473229885101,-1.36282587051392,0.00073747700243,90.083440095379,0.0000012201708
562,left road,562,-3.3050000667572,0.0,6.29999971389771,-3.25,0.0,-0.64999997615814,-3.3050000667572,0.0,6.29999971389771,12.4012203216553,1.20473229885101,-1.36282587051392,11.7524690628052,1.15497028827667,-1.04630935192108,"(11.75247, 1.15497, -1.046309)",truck body CS,17.5172958374023,0.1,12.4012203216553,1.20473229885101,-1.36282587051392,0.00073747700243,90.083440095379,0.0000012201708
563,left road,563,-3.20500016212463,0.0,6.29999971389771,-3.15000009536743,0.0,-0.64999997615814,-3.20500016212463,0.0,6.29999971389771,12.4012203216553,1.20473229885101,-1.36282587051392,11.7529306411743,1.15468716621399,-1.04450833797455,"(11.75293, 1.154687, -1.044508)",truck body CS,17.4276905059814,0.1,12.4012203216553,1.20473229885101,-1.36282587051392,0.00073747700243,90.083440095379,0.0000012201708
564,left road,564,-3.10500001907349,0.0,6.29999971389771,-3.04999995231628,0.0,-0.64999997615814,-3.10500001907349,0.0,6.29999971389771,12.4012203216553,1.20473229885101,-1.36282587051392,11.7536506652832,1.1544201374054,-1.04281032085419,"(11.75365, 1.15442, -1.04281)",truck body CS,17.3381977081299,0.1,12.4012203216553,1.20473229885101,-1.36282587051392,0.00073747700243,90.083440095379,0.0000012201708
565,left road,565,-3.00500011444092,0.0,6.29999971389771,-2.95000004768372,0.0,-0.64999997615814,-3.00500011444092,0.0,6.29999971389771,12.4012203216553,1.20473229885101,-1.36282587051392,11.7546901702881,1.15417504310608,-1.04125070571899,"(11.75469, 1.154175, -1.041251)",truck body CS,17.2488231658936,0.1,12.4012203216553,1.20473229885101,-1.36282587051392,0.00073747700243,90.083440095379,0.0000012201708
566,left road,566,-2.90499997138977,0.0,6.29999971389771,-2.84999990463257,0.0,-0.64999997615814,-2.90499997138977,0.0,6.29999971389771,12.4012203216553,1.20473229885101,-1.36282587051392,11.7553091049194,1.15389347076416,-1.03946018218994,"(11.75531, 1.153893, -1.03946)",truck body CS,17.1595649719238,0.1,12.4012203216553,1.20473229885101,-1.36282587051392,0.00073747700243,90.083440095379,0.0000012201708
567,left road,567,-2.8050000667572,0.0,6.29999971389771,-2.75,0.0,-0.64999997615814,-2.8050000667572,0.0,6.29999971389771,12.4012203216553,1.20473229885101,-1.36282587051392,11.7555999755859,1.15358209609985,-1.03748023509979,"(11.7556, 1.153582, -1.03748)",truck body CS,17.0704250335693,0.1,12.4012203216553,1.20473229885101,-1.36282587051392,0.00073747700243,90.083440095379,0.0000012201708
568,left road,568,-2.70500016212463,0.0,6.29999971389771,-2.65000009536743,0.0,-0.64999997615814,-2.70500016212463,0.0,6.29999971389771,12.4012203216553,1.20473229885101,-1.36282587051392,11.7562189102173,1.15329301357269,-1.03564047813416,"(11.75622, 1.153293, -1.03564)",truck body CS,16.9814071655273,0.1,12.4012203216553,1.20473229885101,-1.36282587051392,0.00073747700243,90.083440095379,0.0000012201708
569,left road,569,-2.60500001907349,0.0,6.29999971389771,-2.54999995231628,0.0,-0.64999997615814,-2.60500001907349,0.0,6.29999971389771,12.4012203216553,1.20473229885101,-1.36282587051392,11.7570943832397,1.15302038192749,-1.03390717506409,"(11.75709, 1.15302, -1.033907)",truck body CS,16.8925094604492,0.1,12.4012203216553,1.20473229885101,-1.36282587051392,0.00073747700243,90.083440095379,0.0000012201708
570,left road,570,-2.50500011444092,0.0,6.29999971389771,-2.45000004768372,0.0,-0.64999997615814,-2.50500011444092,0.0,6.29999971389771,12.4012203216553,1.20473229885101,-1.36282587051392,11.7579898834229,1.15274584293365,-1.03216052055359,"(11.75799, 1.152746, -1.032161)",truck body CS,16.8037395477295,0.1,12.4012203216553,1.20473229885101,-1.36282587051392,0.00073747700243,90.083440095379,0.0000012201708
571,left road,571,-2.40499997138977,0.0,6.29999971389771,-2.34999990463257,0.0,-0.64999997615814,-2.40499997138977,0.0,6.29999971389771,12.4012203216553,1.20473229885101,-1.36282587051392,11.7588806152344,1.1524670124054,-1.03038763999939,"(11.75888, 1.152467, -1.030388)",truck body CS,16.7150955200195,0.1,12.4012203216553,1.20473229885101,-1.36282587051392,0.00073747700243,90.083440095379,0.0000012201708
572,left road,572,-2.3050000667572,0.0,6.29999971389771,-2.25,0.0,-0.64999997615814,-2.3050000667572,0.0,6.29999971389771,12.4012203216553,1.20473229885101,-1.36282587051392,11.759783744812,1.15218591690063,-1.02859902381897,"(11.75978, 1.152186, -1.028599)",truck body CS,16.6265811920166,0.1,12.4012203216553,1.20473229885101,-1.36282587051392,0.00073747700243,90.083440095379,0.0000012201708
573,left road,573,-2.20500016212463,0.0,6.29999971389771,-2.15000009536743,0.0,-0.64999997615814,-2.20500016212463,0.0,6.29999971389771,12.4012203216553,1.20473229885101,-1.36282587051392,11.7606801986694,1.15190005302429,-1.02678036689758,"(11.76068, 1.1519, -1.02678)",truck body CS,16.5381965637207,0.1,12.4012203216553,1.20473229885101,-1.36282587051392,0.00073747700243,90.083440095379,0.0000012201708
574,left road,574,-2.10500001907349,0.0,6.29999971389771,-2.04999995231628,0.0,-0.64999997615814,-2.10500001907349,0.0,6.29999971389771,12.4012203216553,1.20473229885101,-1.36282587051392,11.7614755630493,1.15160179138184,-1.02488350868225,"(11.76148, 1.151602, -1.024884)",truck body CS,16.4499454498291,0.1,12.4012203216553,1.20473229885101,-1.36282587051392,0.00073747700243,90.083440095379,0.0000012201708
575,left road,575,-2.00500011444092,0.0,6.29999971389771,-1.95000004768372,0.0,-0.64999997615814,-2.00500011444092,0.0,6.29999971389771,12.4012203216553,1.20473229885101,-1.36282587051392,11.7622785568237,1.15130019187927,-1.02296447753906,"(11.76228, 1.1513, -1.022964)",truck body CS,16.3618297576904,0.1,12.4012203216553,1.20473229885101,-1.36282587051392,0.00073747700243,90.083440095379,0.0000012201708
576,left road,576,-1.90499997138977,0.0,6.29999971389771,-1.85000002384186,0.0,-0.64999997615814,-1.90499997138977,0.0,6.29999971389771,12.4012203216553,1.20473229885101,-1.36282587051392,11.7630929946899,1.1509952545166,-1.02102613449097,"(11.76309, 1.150995, -1.021026)",truck body CS,16.2738513946533,0.1,12.4012203216553,1.20473229885101,-1.36282587051392,0.00073747700243,90.083440095379,0.0000012201708
577,left road,577,-1.80499994754791,0.0,6.29999971389771,-1.75,0.0,-0.64999997615814,-1.80499994754791,0.0,6.29999971389771,12.4012203216553,1.20473229885101,-1.36282587051392,11.764928817749,1.15077269077301,-1.0196099281311,"(11.76493, 1.150773, -1.01961)",truck body CS,16.1860122680664,0.1,12.4012203216553,1.20473229885101,-1.36282587051392,0.00073747700243,90.083440095379,0.0000012201708
578,left road,578,-1.70499992370605,0.0,6.29999971389771,-1.64999997615814,0.0,-0.64999997615814,-1.70499992370605,0.0,6.29999971389771,12.4012203216553,1.20473229885101,-1.36282587051392,11.7672128677368,1.15058517456055,-1.01841759681702,"(11.76721, 1.150585, -1.018418)",truck body CS,16.0983142852783,0.1,12.4012203216553,1.20473229885101,-1.36282587051392,0.00073747700243,90.083440095379,0.0000012201708
579,left road,579,-1.6049998998642,0.0,6.29999971389771,-1.54999995231628,0.0,-0.64999997615814,-1.6049998998642,0.0,6.29999971389771,12.4012203216553,1.20473229885101,-1.36282587051392,11.7695512771606,1.1503998041153,-1.0172381401062,"(11.76955, 1.1504, -1.017238)",truck body CS,16.0107612609863,0.1,12.4012203216553,1.20473229885101,-1.36282587051392,0.00073747700243,90.083440095379,0.0000012201708
580,left road,580,-1.50499999523163,0.0,6.29999971389771,-1.45000004768372,0.0,-0.64999997615814,-1.50499999523163,0.0,6.29999971389771,12.4012203216553,1.20473229885101,-1.36282587051392,11.7719449996948,1.15021646022797,-1.01607167720795,"(11.77194, 1.150216, -1.016072)",truck body CS,15.9233560562134,0.1,12.4012203216553,1.20473229885101,-1.36282587051392,0.00073747700243,90.083440095379,0.0000012201708
581,left road,581,-1.40499997138977,0.0,6.29999971389771,-1.35000002384186,0.0,-0.64999997615814,-1.40499997138977,0.0,6.29999971389771,12.4012203216553,1.20473229885101,-1.36282587051392,11.7743539810181,1.15003180503845,-1.01489734649658,"(11.77435, 1.150032, -1.014897)",truck body CS,15.8360977172852,0.1,12.4012203216553,1.20473229885101,-1.36282587051392,0.00073747700243,90.083440095379,0.0000012201708
582,left road,582,-1.30499994754791,0.0,6.29999971389771,-1.25,0.0,-0.64999997615814,-1.30499994754791,0.0,6.29999971389771,12.4012203216553,1.20473229885101,-1.36282587051392,11.7775526046753,1.1499137878418,-1.0141476392746,"(11.77755, 1.149914, -1.014148)",truck body CS,15.7489919662476,0.1,12.4012203216553,1.20473229885101,-1.36282587051392,0.00073747700243,90.083440095379,0.0000012201708
583,left road,583,-1.20499992370605,0.0,6.29999971389771,-1.14999997615814,0.0,-0.64999997615814,-1.20499992370605,0.0,6.29999971389771,12.4012203216553,1.20473229885101,-1.36282587051392,11.7812633514404,1.1498396396637,-1.01367449760437,"(11.78126, 1.14984, -1.013674)",truck body CS,15.6620397567749,0.1,12.4012203216553,1.20473229885101,-1.36282587051392,0.00073747700243,90.083440095379,0.0000012201708
584,left road,584,-1.1049998998642,0.0,6.29999971389771,-1.04999995231628,0.0,-0.64999997615814,-1.1049998998642,0.0,6.29999971389771,12.4012203216553,1.20473229885101,-1.36282587051392,11.7849779129028,1.14976441860199,-1.01319658756256,"(11.78498, 1.149764, -1.013197)",truck body CS,15.5752449035645,0.1,12.4012203216553,1.20473229885101,-1.36282587051392,0.00073747700243,90.083440095379,0.0000012201708
585,left road,585,-1.00499999523163,0.0,6.29999971389771,-0.94999998807907,0.0,-0.64999997615814,-1.00499999523163,0.0,6.29999971389771,12.4012203216553,1.20473229885101,-1.36282587051392,11.788854598999,1.14970266819,-1.01280498504639,"(11.78885, 1.149703, -1.012805)",truck body CS,15.4886102676392,0.1,12.4012203216553,1.20473229885101,-1.36282587051392,0.00073747700243,90.083440095379,0.0000012201708
586,left road,586,-0.90500003099442,0.0,6.29999971389771,-0.85000002384186,0.0,-0.64999997615814,-0.90500003099442,0.0,6.29999971389771,12.4012203216553,1.20473229885101,-1.36282587051392,11.7930498123169,1.14966905117035,-1.01259064674377,"(11.79305, 1.149669, -1.012591)",truck body CS,15.4021348953247,0.1,12.4012203216553,1.20473229885101,-1.36282587051392,0.00073747700243,90.083440095379,0.0000012201708
587,left road,587,-0.80500000715256,0.0,6.29999971389771,-0.75,0.0,-0.64999997615814,-0.80500000715256,0.0,6.29999971389771,12.4012203216553,1.20473229885101,-1.36282587051392,11.7972536087036,1.14963567256927,-1.01237773895264,"(11.79725, 1.149636, -1.012378)",truck body CS,15.3158273696899,0.1,12.4012203216553,1.20473229885101,-1.36282587051392,0.00073747700243,90.083440095379,0.0000012201708
588,left road,588,-0.7049999833107,0.0,6.29999971389771,-0.64999997615814,0.0,-0.64999997615814,-0.7049999833107,0.0,6.29999971389771,12.4012203216553,1.20473229885101,-1.36282587051392,11.8014621734619,1.14960205554962,-1.01216411590576,"(11.80146, 1.149602, -1.012164)",truck body CS,15.2296848297119,0.1,12.4012203216553,1.20473229885101,-1.36282587051392,0.00073747700243,90.083440095379,0.0000012201708
589,left road,589,-0.60500001907349,0.0,6.29999971389771,-0.55000001192093,0.0,-0.64999997615814,-0.60500001907349,0.0,6.29999971389771,12.4012203216553,1.20473229885101,-1.36282587051392,11.8056735992432,1.14956820011139,-1.01194930076599,"(11.80567, 1.149568, -1.011949)",truck body CS,15.1437129974365,0.1,12.4012203216553,1.20473229885101,-1.36282587051392,0.00073747700243,90.083440095379,0.0000012201708
590,left road,590,-0.50499999523163,0.0,6.29999971389771,-0.44999998807907,0.0,-0.64999997615814,-0.50499999523163,0.0,6.29999971389771,12.4012203216553,1.20473229885101,-1.36282587051392,11.8099985122681,1.14954447746277,-1.01179814338684,"(11.81, 1.149544, -1.011798)",truck body CS,15.057915687561,0.1,12.4012203216553,1.20473229885101,-1.36282587051392,0.00073747700243,90.083440095379,0.0000012201708
591,left road,591,-0.40500000119209,0.0,6.29999971389771,-0.34999999403954,0.0,-0.64999997615814,-0.40500000119209,0.0,6.29999971389771,12.4012203216553,1.20473229885101,-1.36282587051392,11.8140840530396,1.14949798583984,-1.0115020275116,"(11.81408, 1.149498, -1.011502)",truck body CS,14.9722929000854,0.1,12.4012203216553,1.20473229885101,-1.36282587051392,0.00073747700243,90.083440095379,0.0000012201708
592,left road,592,-0.30500000715256,0.0,6.29999971389771,-0.25,0.0,-0.64999997615814,-0.30500000715256,0.0,6.29999971389771,12.4012203216553,1.20473229885101,-1.36282587051392,11.816520690918,1.14929437637329,-1.01020741462708,"(11.81652, 1.149294, -1.010207)",truck body CS,14.8868503570557,0.1,12.4012203216553,1.20473229885101,-1.36282587051392,0.00073747700243,90.083440095379,0.0000012201708
593,left road,593,-0.20500001311302,0.0,6.29999971389771,-0.15000000596046,0.0,-0.64999997615814,-0.20500001311302,0.0,6.29999971389771,12.4012203216553,1.20473229885101,-1.36282587051392,11.818284034729,1.14902305603027,-1.00848031044006,"(11.81828, 1.149023, -1.00848)",truck body CS,14.8015899658203,0.1,12.4012203216553,1.20473229885101,-1.36282587051392,0.00073747700243,90.083440095379,0.0000012201708
594,left road,594,-0.10500000417233,0.0,6.29999971389771,-0.05000000074506,0.0,-0.64999997615814,-0.10500000417233,0.0,6.29999971389771,12.4012203216553,1.20473229885101,-1.36282587051392,11.8219623565674,1.14893186092377,-1.00790107250214,"(11.82196, 1.148932, -1.007901)",truck body CS,14.7165145874023,0.1,12.4012203216553,1.20473229885101,-1.36282587051392,0.00073747700243,90.083440095379,0.0000012201708
595,left road,595,-0.00499999895692,0.0,6.29999971389771,0.05000000074506,0.0,-0.64999997615814,-0.00499999895692,0.0,6.29999971389771,12.4012203216553,1.20473229885101,-1.36282587051392,11.8269844055176,1.14896988868713,-1.00814342498779,"(11.82698, 1.14897, -1.008143)",truck body CS,14.6316299438477,0.1,12.4012203216553,1.20473229885101,-1.36282587051392,0.00073747700243,90.083440095379,0.0000012201708
596,left road,596,0.09500000625849,0.0,6.29999971389771,0.15000000596046,0.0,-0.64999997615814,0.09500000625849,0.0,6.29999971389771,12.4012203216553,1.20473229885101,-1.36282587051392,11.8319816589355,1.14900600910187,-1.00837218761444,"(11.83198, 1.149006, -1.008372)",truck body CS,14.5469360351563,0.1,12.4012203216553,1.20473229885101,-1.36282587051392,0.00073747700243,90.083440095379,0.0000012201708
597,left road,597,0.19499999284744,0.0,6.29999971389771,0.25,0.0,-0.64999997615814,0.19499999284744,0.0,6.29999971389771,12.4012203216553,1.20473229885101,-1.36282587051392,11.8369903564453,1.14904379844666,-1.00861263275146,"(11.83699, 1.149044, -1.008613)",truck body CS,14.4624376296997,0.1,12.4012203216553,1.20473229885101,-1.36282587051392,0.00073747700243,90.083440095379,0.0000012201708
598,left road,598,0.29499998688698,0.0,6.29999971389771,0.34999999403954,0.0,-0.64999997615814,0.29499998688698,0.0,6.29999971389771,12.4012203216553,1.20473229885101,-1.36282587051392,11.8633890151978,1.15121078491211,-1.02239656448364,"(11.86339, 1.151211, -1.022397)",truck body CS,14.378137588501,0.1,12.4012203216553,1.20473229885101,-1.36282587051392,0.00073747700243,90.083440095379,0.0000012201708
599,left road,599,0.39499998092651,0.0,6.29999971389771,0.44999998807907,0.0,-0.64999997615814,0.39499998092651,0.0,6.29999971389771,12.4012203216553,1.20473229885101,-1.36282587051392,11.8675584793091,1.15118336677551,-1.02222192287445,"(11.86756, 1.151183, -1.022222)",truck body CS,14.2940406799316,0.1,12.4012203216553,1.20473229885101,-1.36282587051392,0.00073747700243,90.083440095379,0.0000012201708
600,left road,600,0.49500000476837,0.0,6.29999971389771,0.55000001192093,0.0,-0.64999997615814,0.49500000476837,0.0,6.29999971389771,12.4012203216553,1.20473229885101,-1.36282587051392,11.8717403411865,1.15115678310394,-1.02205288410187,"(11.87174, 1.151157, -1.022053)",truck body CS,14.210150718689,0.1,12.4012203216553,1.20473229885101,-1.36282587051392,0.00073747700243,90.083440095379,0.0000012201708
601,left road,601,0.59499996900558,0.0,6.29999971389771,0.64999997615814,0.0,-0.64999997615814,0.59499996900558,0.0,6.29999971389771,12.4012203216553,1.20473229885101,-1.36282587051392,11.8758764266968,1.15112495422363,-1.02185130119324,"(11.87588, 1.151125, -1.021851)",truck body CS,14.1264677047729,0.1,12.4012203216553,1.20473229885101,-1.36282587051392,0.00073747700243,90.083440095379,0.0000012201708
602,left road,602,0.69499999284744,0.0,6.29999971389771,0.75,0.0,-0.64999997615814,0.69499999284744,0.0,6.29999971389771,12.4012203216553,1.20473229885101,-1.36282587051392,11.8807735443115,1.1511709690094,-1.02214348316193,"(11.88077, 1.151171, -1.022143)",truck body CS,14.0430011749268,0.1,12.4012203216553,1.20473229885101,-1.36282587051392,0.00073747700243,90.083440095379,0.0000012201708
603,left road,603,0.7950000166893,0.0,6.29999971389771,0.85000002384186,0.0,-0.64999997615814,0.7950000166893,0.0,6.29999971389771,12.4012203216553,1.20473229885101,-1.36282587051392,12.3512687683105,1.199547290802,-1.32984602451324,"(12.35127, 1.199547, -1.329846)",EyeArea,13.9597501754761,0.1,12.4012203216553,1.20473229885101,-1.36282587051392,0.00073747700243,90.083440095379,0.0000012201708
604,left road,604,0.89499998092651,0.0,6.29999971389771,0.94999998807907,0.0,-0.64999997615814,0.89499998092651,0.0,6.29999971389771,12.4012203216553,1.20473229885101,-1.36282587051392,12.3512687683105,1.19950222969055,-1.32955992221832,"(12.35127, 1.199502, -1.32956)",EyeArea,13.8767213821411,0.1,12.4012203216553,1.20473229885101,-1.36282587051392,0.00073747700243,90.083440095379,0.0000012201708
605,left road,605,0.99499994516373,0.0,6.29999971389771,1.04999995231628,0.0,-0.64999997615814,0.99499994516373,0.0,6.29999971389771,12.4012203216553,1.20473229885101,-1.36282587051392,12.3512697219849,1.19945645332336,-1.3292680978775,"(12.35127, 1.199456, -1.329268)",EyeArea,13.7939176559448,0.1,12.4012203216553,1.20473229885101,-1.36282587051392,0.00073747700243,90.083440095379,0.0000012201708
606,left road,606,1.09500002861023,0.0,6.29999971389771,1.14999997615814,0.0,-0.64999997615814,1.09500002861023,0.0,6.29999971389771,12.4012203216553,1.20473229885101,-1.36282587051392,12.3512697219849,1.19940984249115,-1.32897198200226,"(12.35127, 1.19941, -1.328972)",EyeArea,13.7113418579102,0.1,12.4012203216553,1.20473229885101,-1.36282587051392,0.00073747700243,90.083440095379,0.0000012201708
607,left road,607,1.19500005245209,0.0,6.29999971389771,1.25,0.0,-0.64999997615814,1.19500005245209,0.0,6.29999971389771,12.4012203216553,1.20473229885101,-1.36282587051392,12.3512706756592,1.19936227798462,-1.32867014408112,"(12.35127, 1.199362, -1.32867)",EyeArea,13.6290006637573,0.1,12.4012203216553,1.20473229885101,-1.36282587051392,0.00073747700243,90.083440095379,0.0000012201708
608,left road,608,1.29500007629395,0.0,6.29999971389771,1.35000002384186,0.0,-0.64999997615814,1.29500007629395,0.0,6.29999971389771,12.4012203216553,1.20473229885101,-1.36282587051392,12.3512706756592,1.19931399822235,-1.32836258411407,"(12.35127, 1.199314, -1.328363)",EyeArea,13.546895980835,0.1,12.4012203216553,1.20473229885101,-1.36282587051392,0.00073747700243,90.083440095379,0.0000012201708
609,left road,609,1.3950001001358,0.0,6.29999971389771,1.45000004768372,0.0,-0.64999997615814,1.3950001001358,0.0,6.29999971389771,12.4012203216553,1.20473229885101,-1.36282587051392,12.3512716293335,1.19926488399506,-1.32805025577545,"(12.35127, 1.199265, -1.32805)",EyeArea,13.4650344848633,0.1,12.4012203216553,1.20473229885101,-1.36282587051392,0.00073747700243,90.083440095379,0.0000012201708
610,left road,610,1.49500000476837,0.0,6.29999971389771,1.54999995231628,0.0,-0.64999997615814,1.49500000476837,0.0,6.29999971389771,12.4012203216553,1.20473229885101,-1.36282587051392,12.3512716293335,1.19921481609344,-1.32773125171661,"(12.35127, 1.199215, -1.327731)",EyeArea,13.3834190368652,0.1,12.4012203216553,1.20473229885101,-1.36282587051392,0.00073747700243,90.083440095379,0.0000012201708
611,left road,611,1.59500002861023,0.0,6.29999971389771,1.64999997615814,0.0,-0.64999997615814,1.59500002861023,0.0,6.29999971389771,12.4012203216553,1.20473229885101,-1.36282587051392,12.3512725830078,1.19916379451752,-1.32740700244904,"(12.35127, 1.199164, -1.327407)",EyeArea,13.3020553588867,0.1,12.4012203216553,1.20473229885101,-1.36282587051392,0.00073747700243,90.083440095379,0.0000012201708
612,left road,612,1.69500005245209,0.0,6.29999971389771,1.75,0.0,-0.64999997615814,1.69500005245209,0.0,6.29999971389771,12.4012203216553,1.20473229885101,-1.36282587051392,12.3512725830078,1.19911181926727,-1.3270765542984,"(12.35127, 1.199112, -1.327077)",EyeArea,13.2209463119507,0.1,12.4012203216553,1.20473229885101,-1.36282587051392,0.00073747700243,90.083440095379,0.0000012201708
613,left road,613,1.79500007629395,0.0,6.29999971389771,1.85000002384186,0.0,-0.64999997615814,1.79500007629395,0.0,6.29999971389771,12.4012203216553,1.20473229885101,-1.36282587051392,12.3512735366821,1.19905889034271,-1.32673990726471,"(12.35127, 1.199059, -1.32674)",EyeArea,13.140097618103,0.1,12.4012203216553,1.20473229885101,-1.36282587051392,0.00073747700243,90.083440095379,0.0000012201708
614,left road,614,1.8950001001358,0.0,6.29999971389771,1.95000004768372,0.0,-0.64999997615814,1.8950001001358,0.0,6.29999971389771,12.4012203216553,1.20473229885101,-1.36282587051392,12.3512735366821,1.19900488853455,-1.3263965845108,"(12.35127, 1.199005, -1.326397)",EyeArea,13.0595149993896,0.1,12.4012203216553,1.20473229885101,-1.36282587051392,0.00073747700243,90.083440095379,0.0000012201708
615,left road,615,1.99500000476837,0.0,6.29999971389771,2.04999995231628,0.0,-0.64999997615814,1.99500000476837,0.0,6.29999971389771,12.4012203216553,1.20473229885101,-1.36282587051392,12.3512744903564,1.19894993305206,-1.32604706287384,"(12.35127, 1.19895, -1.326047)",EyeArea,12.9792022705078,0.1,12.4012203216553,1.20473229885101,-1.36282587051392,0.00073747700243,90.083440095379,0.0000012201708
616,left road,616,2.09500002861023,0.0,6.29999971389771,2.15000009536743,0.0,-0.64999997615814,2.09500002861023,0.0,6.29999971389771,12.4012203216553,1.20473229885101,-1.36282587051392,12.3512744903564,1.19889390468597,-1.3256903886795,"(12.35127, 1.198894, -1.32569)",EyeArea,12.8991641998291,0.1,12.4012203216553,1.20473229885101,-1.36282587051392,0.00073747700243,90.083440095379,0.0000012201708
617,left road,617,2.1949999332428,0.0,6.29999971389771,2.25,0.0,-0.64999997615814,2.1949999332428,0.0,6.29999971389771,12.4012203216553,1.20473229885101,-1.36282587051392,12.3512754440308,1.19883680343628,-1.32532703876495,"(12.35128, 1.198837, -1.325327)",EyeArea,12.8194074630737,0.1,12.4012203216553,1.20473229885101,-1.36282587051392,0.00073747700243,90.083440095379,0.0000012201708
618,left road,618,2.29499983787537,0.0,6.29999971389771,2.34999990463257,0.0,-0.64999997615814,2.29499983787537,0.0,6.29999971389771,12.4012203216553,1.20473229885101,-1.36282587051392,12.3512754440308,1.19877851009369,-1.32495653629303,"(12.35128, 1.198779, -1.324957)",EyeArea,12.739935874939,0.1,12.4012203216553,1.20473229885101,-1.36282587051392,0.00073747700243,90.083440095379,0.0000012201708
619,left road,619,2.39499998092651,0.0,6.29999971389771,2.45000004768372,0.0,-0.64999997615814,2.39499998092651,0.0,6.29999971389771,12.4012203216553,1.20473229885101,-1.36282587051392,12.3512763977051,1.1987190246582,-1.32457840442657,"(12.35128, 1.198719, -1.324578)",EyeArea,12.6607542037964,0.1,12.4012203216553,1.20473229885101,-1.36282587051392,0.00073747700243,90.083440095379,0.0000012201708
620,left road,620,2.49499988555908,0.0,6.29999971389771,2.54999995231628,0.0,-0.64999997615814,2.49499988555908,0.0,6.29999971389771,12.4012203216553,1.20473229885101,-1.36282587051392,12.3512763977051,1.19865834712982,-1.32419264316559,"(12.35128, 1.198658, -1.324193)",EyeArea,12.5818710327148,0.1,12.4012203216553,1.20473229885101,-1.36282587051392,0.00073747700243,90.083440095379,0.0000012201708
621,left road,621,2.59500002861023,0.0,6.29999971389771,2.65000009536743,0.0,-0.64999997615814,2.59500002861023,0.0,6.29999971389771,12.4012203216553,1.20473229885101,-1.36282587051392,12.3512773513794,1.19859659671783,-1.32379925251007,"(12.35128, 1.198597, -1.323799)",EyeArea,12.503288269043,0.1,12.4012203216553,1.20473229885101,-1.36282587051392,0.00073747700243,90.083440095379,0.0000012201708
622,left road,622,2.6949999332428,0.0,6.29999971389771,2.75,0.0,-0.64999997615814,2.6949999332428,0.0,6.29999971389771,12.4012203216553,1.20473229885101,-1.36282587051392,12.3512783050537,1.19853341579437,-1.32339775562286,"(12.35128, 1.198533, -1.323398)",EyeArea,12.4250144958496,0.1,12.4012203216553,1.20473229885101,-1.36282587051392,0.00073747700243,90.083440095379,0.0000012201708
623,left road,623,2.79499983787537,0.0,6.29999971389771,2.84999990463257,0.0,-0.64999997615814,2.79499983787537,0.0,6.29999971389771,12.4012203216553,1.20473229885101,-1.36282587051392,12.3512783050537,1.19846892356873,-1.32298767566681,"(12.35128, 1.198469, -1.322988)",EyeArea,12.347053527832,0.1,12.4012203216553,1.20473229885101,-1.36282587051392,0.00073747700243,90.083440095379,0.0000012201708
624,left road,624,2.89499998092651,0.0,6.29999971389771,2.95000004768372,0.0,-0.64999997615814,2.89499998092651,0.0,6.29999971389771,12.4012203216553,1.20473229885101,-1.36282587051392,12.351279258728,1.19840323925018,-1.32256901264191,"(12.35128, 1.198403, -1.322569)",EyeArea,12.2694120407104,0.1,12.4012203216553,1.20473229885101,-1.36282587051392,0.00073747700243,90.083440095379,0.0000012201708
625,left road,625,2.99499988555908,0.0,6.29999971389771,3.04999995231628,0.0,-0.64999997615814,2.99499988555908,0.0,6.29999971389771,12.4012203216553,1.20473229885101,-1.36282587051392,12.3512802124023,1.19833600521088,-1.32214176654816,"(12.35128, 1.198336, -1.322142)",EyeArea,12.1920976638794,0.1,12.4012203216553,1.20473229885101,-1.36282587051392,0.00073747700243,90.083440095379,0.0000012201708
626,left road,626,3.09500002861023,0.0,6.29999971389771,3.15000009536743,0.0,-0.64999997615814,3.09500002861023,0.0,6.29999971389771,12.4012203216553,1.20473229885101,-1.36282587051392,12.3512802124023,1.1982673406601,-1.32170498371124,"(12.35128, 1.198267, -1.321705)",EyeArea,12.1151142120361,0.1,12.4012203216553,1.20473229885101,-1.36282587051392,0.00073747700243,90.083440095379,0.0000012201708
627,left road,627,3.1949999332428,0.0,6.29999971389771,3.25,0.0,-0.64999997615814,3.1949999332428,0.0,6.29999971389771,12.4012203216553,1.20473229885101,-1.36282587051392,12.3512811660767,1.19819712638855,-1.32125866413116,"(12.35128, 1.198197, -1.321259)",EyeArea,12.0384702682495,0.1,12.4012203216553,1.20473229885101,-1.36282587051392,0.00073747700243,90.083440095379,0.0000012201708
628,left road,628,3.29499983787537,0.0,6.29999971389771,3.34999990463257,0.0,-0.64999997615814,3.29499983787537,0.0,6.29999971389771,12.4012203216553,1.20473229885101,-1.36282587051392,12.351282119751,1.19812548160553,-1.32080292701721,"(12.35128, 1.198125, -1.320803)",EyeArea,11.9621706008911,0.1,12.4012203216553,1.20473229885101,-1.36282587051392,0.00073747700243,90.083440095379,0.0000012201708
629,left road,629,3.39499998092651,0.0,6.29999971389771,3.45000004768372,0.0,-0.64999997615814,3.39499998092651,0.0,6.29999971389771,12.4012203216553,1.20473229885101,-1.36282587051392,11.8278150558472,1.12802970409393,-0.87495112419128,"(11.82782, 1.12803, -0.874951)",truck body CS,11.8862218856812,0.1,12.4012203216553,1.20473229885101,-1.36282587051392,0.00073747700243,90.083440095379,0.0000012201708
630,left road,630,-3.50500011444092,0.0,6.39999961853027,-3.45000004768372,0.0,-0.55000001192093,-3.50500011444092,0.0,6.39999961853027,12.4012203216553,1.20473229885101,-1.36282587051392,11.7533893585205,1.1556658744812,-1.04666042327881,"(11.75339, 1.155666, -1.04666)",truck body CS,17.7403697967529,0.1,12.4012203216553,1.20473229885101,-1.36282587051392,0.00073747700243,90.083440095379,0.0000012201708
631,left road,631,-3.40499997138977,0.0,6.39999961853027,-3.34999990463257,0.0,-0.55000001192093,-3.40499997138977,0.0,6.39999961853027,12.4012203216553,1.20473229885101,-1.36282587051392,11.7538566589355,1.15539073944092,-1.04488813877106,"(11.75386, 1.155391, -1.044888)",truck body CS,17.6507625579834,0.1,12.4012203216553,1.20473229885101,-1.36282587051392,0.00073747700243,90.083440095379,0.0000012201708
632,left road,632,-3.3050000667572,0.0,6.39999961853027,-3.25,0.0,-0.55000001192093,-3.3050000667572,0.0,6.39999961853027,12.4012203216553,1.20473229885101,-1.36282587051392,11.7545223236084,1.15512776374817,-1.04319357872009,"(11.75452, 1.155128, -1.043194)",truck body CS,17.5612697601318,0.1,12.4012203216553,1.20473229885101,-1.36282587051392,0.00073747700243,90.083440095379,0.0000012201708
633,left road,633,-3.20500016212463,0.0,6.39999961853027,-3.15000009536743,0.0,-0.55000001192093,-3.20500016212463,0.0,6.39999961853027,12.4012203216553,1.20473229885101,-1.36282587051392,11.7555475234985,1.15488910675049,-1.04165589809418,"(11.75555, 1.154889, -1.041656)",truck body CS,17.4718914031982,0.1,12.4012203216553,1.20473229885101,-1.36282587051392,0.00073747700243,90.083440095379,0.0000012201708
634,left road,634,-3.10500001907349,0.0,6.39999961853027,-3.04999995231628,0.0,-0.55000001192093,-3.10500001907349,0.0,6.39999961853027,12.4012203216553,1.20473229885101,-1.36282587051392,11.7562665939331,1.15462350845337,-1.0399444103241,"(11.75627, 1.154624, -1.039944)",truck body CS,17.382625579834,0.1,12.4012203216553,1.20473229885101,-1.36282587051392,0.00073747700243,90.083440095379,0.0000012201708
635,left road,635,-3.00500011444092,0.0,6.39999961853027,-2.95000004768372,0.0,-0.55000001192093,-3.00500011444092,0.0,6.39999961853027,12.4012203216553,1.20473229885101,-1.36282587051392,11.7565793991089,1.15432274341583,-1.03800582885742,"(11.75658, 1.154323, -1.038006)",truck body CS,17.2934799194336,0.1,12.4012203216553,1.20473229885101,-1.36282587051392,0.00073747700243,90.083440095379,0.0000012201708
636,left road,636,-2.90499997138977,0.0,6.39999961853027,-2.84999990463257,0.0,-0.55000001192093,-2.90499997138977,0.0,6.39999961853027,12.4012203216553,1.20473229885101,-1.36282587051392,11.7570829391479,1.15403306484222,-1.03613972663879,"(11.75708, 1.154033, -1.03614)",truck body CS,17.2044544219971,0.1,12.4012203216553,1.20473229885101,-1.36282587051392,0.00073747700243,90.083440095379,0.0000012201708
637,left road,637,-2.8050000667572,0.0,6.39999961853027,-2.75,0.0,-0.55000001192093,-2.8050000667572,0.0,6.39999961853027,12.4012203216553,1.20473229885101,-1.36282587051392,11.7579507827759,1.15376830101013,-1.03443396091461,"(11.75795, 1.153768, -1.034434)",truck body CS,17.1155471801758,0.1,12.4012203216553,1.20473229885101,-1.36282587051392,0.00073747700243,90.083440095379,0.0000012201708
638,left road,638,-2.70500016212463,0.0,6.39999961853027,-2.65000009536743,0.0,-0.55000001192093,-2.70500016212463,0.0,6.39999961853027,12.4012203216553,1.20473229885101,-1.36282587051392,11.7588272094727,1.15350091457367,-1.03271055221558,"(11.75883, 1.153501, -1.032711)",truck body CS,17.0267658233643,0.1,12.4012203216553,1.20473229885101,-1.36282587051392,0.00073747700243,90.083440095379,0.0000012201708
639,left road,639,-2.60500001907349,0.0,6.39999961853027,-2.54999995231628,0.0,-0.55000001192093,-2.60500001907349,0.0,6.39999961853027,12.4012203216553,1.20473229885101,-1.36282587051392,11.7597103118896,1.1532301902771,-1.03096747398376,"(11.75971, 1.15323, -1.030967)",truck body CS,16.9381065368652,0.1,12.4012203216553,1.20473229885101,-1.36282587051392,0.00073747700243,90.083440095379,0.0000012201708
640,left road,640,-2.50500011444092,0.0,6.39999961853027,-2.45000004768372,0.0,-0.55000001192093,-2.50500011444092,0.0,6.39999961853027,12.4012203216553,1.20473229885101,-1.36282587051392,11.7606201171875,1.15295851230621,-1.02921605110168,"(11.76062, 1.152959, -1.029216)",truck body CS,16.8495769500732,0.1,12.4012203216553,1.20473229885101,-1.36282587051392,0.00073747700243,90.083440095379,0.0000012201708
641,left road,641,-2.40499997138977,0.0,6.39999961853027,-2.34999990463257,0.0,-0.55000001192093,-2.40499997138977,0.0,6.39999961853027,12.4012203216553,1.20473229885101,-1.36282587051392,11.7615194320679,1.15268182754517,-1.02743268013,"(11.76152, 1.152682, -1.027433)",truck body CS,16.7611751556396,0.1,12.4012203216553,1.20473229885101,-1.36282587051392,0.00073747700243,90.083440095379,0.0000012201708
642,left road,642,-2.3050000667572,0.0,6.39999961853027,-2.25,0.0,-0.55000001192093,-2.3050000667572,0.0,6.39999961853027,12.4012203216553,1.20473229885101,-1.36282587051392,11.762321472168,1.15239369869232,-1.02557611465454,"(11.76232, 1.152394, -1.025576)",truck body CS,16.6729049682617,0.1,12.4012203216553,1.20473229885101,-1.36282587051392,0.00073747700243,90.083440095379,0.0000012201708
643,left road,643,-2.20500016212463,0.0,6.39999961853027,-2.15000009536743,0.0,-0.55000001192093,-2.20500016212463,0.0,6.39999961853027,12.4012203216553,1.20473229885101,-1.36282587051392,11.7631187438965,1.15210103988647,-1.02369141578674,"(11.76312, 1.152101, -1.023691)",truck body CS,16.5847663879395,0.1,12.4012203216553,1.20473229885101,-1.36282587051392,0.00073747700243,90.083440095379,0.0000012201708
644,left road,644,-2.10500001907349,0.0,6.39999961853027,-2.04999995231628,0.0,-0.55000001192093,-2.10500001907349,0.0,6.39999961853027,12.4012203216553,1.20473229885101,-1.36282587051392,11.7639245986938,1.15180516242981,-1.02178406715393,"(11.76392, 1.151805, -1.021784)",truck body CS,16.4967651367188,0.1,12.4012203216553,1.20473229885101,-1.36282587051392,0.00073747700243,90.083440095379,0.0000012201708
645,left road,645,-2.00500011444092,0.0,6.39999961853027,-1.95000004768372,0.0,-0.55000001192093,-2.00500011444092,0.0,6.39999961853027,12.4012203216553,1.20473229885101,-1.36282587051392,11.7653589248657,1.15155780315399,-1.02018964290619,"(11.76536, 1.151558, -1.02019)",truck body CS,16.4089012145996,0.1,12.4012203216553,1.20473229885101,-1.36282587051392,0.00073747700243,90.083440095379,0.0000012201708
646,left road,646,-1.90499997138977,0.0,6.39999961853027,-1.85000002384186,0.0,-0.55000001192093,-1.90499997138977,0.0,6.39999961853027,12.4012203216553,1.20473229885101,-1.36282587051392,11.7676181793213,1.1513763666153,-1.01902174949646,"(11.76762, 1.151376, -1.019022)",truck body CS,16.3211765289307,0.1,12.4012203216553,1.20473229885101,-1.36282587051392,0.00073747700243,90.083440095379,0.0000012201708
647,left road,647,-1.80499994754791,0.0,6.39999961853027,-1.75,0.0,-0.55000001192093,-1.80499994754791,0.0,6.39999961853027,12.4012203216553,1.20473229885101,-1.36282587051392,11.7699041366577,1.15119457244873,-1.0178496837616,"(11.7699, 1.151195, -1.01785)",truck body CS,16.2335929870605,0.1,12.4012203216553,1.20473229885101,-1.36282587051392,0.00073747700243,90.083440095379,0.0000012201708
648,left road,648,-1.70499992370605,0.0,6.39999961853027,-1.64999997615814,0.0,-0.55000001192093,-1.70499992370605,0.0,6.39999961853027,12.4012203216553,1.20473229885101,-1.36282587051392,11.7722635269165,1.15101659297943,-1.01670265197754,"(11.77226, 1.151017, -1.016703)",truck body CS,16.1461544036865,0.1,12.4012203216553,1.20473229885101,-1.36282587051392,0.00073747700243,90.083440095379,0.0000012201708
649,left road,649,-1.6049998998642,0.0,6.39999961853027,-1.54999995231628,0.0,-0.55000001192093,-1.6049998998642,0.0,6.39999961853027,12.4012203216553,1.20473229885101,-1.36282587051392,11.77463722229,1.15083730220795,-1.01554703712463,"(11.77464, 1.150837, -1.015547)",truck body CS,16.0588607788086,0.1,12.4012203216553,1.20473229885101,-1.36282587051392,0.00073747700243,90.083440095379,0.0000012201708
650,left road,650,-1.50499999523163,0.0,6.39999961853027,-1.45000004768372,0.0,-0.55000001192093,-1.50499999523163,0.0,6.39999961853027,12.4012203216553,1.20473229885101,-1.36282587051392,11.7773838043213,1.15068769454956,-1.01458251476288,"(11.77738, 1.150688, -1.014583)",truck body CS,15.971718788147,0.1,12.4012203216553,1.20473229885101,-1.36282587051392,0.00073747700243,90.083440095379,0.0000012201708
651,left road,651,-1.40499997138977,0.0,6.39999961853027,-1.35000002384186,0.0,-0.55000001192093,-1.40499997138977,0.0,6.39999961853027,12.4012203216553,1.20473229885101,-1.36282587051392,11.7810401916504,1.1506153345108,-1.0141167640686,"(11.78104, 1.150615, -1.014117)",truck body CS,15.8847274780273,0.1,12.4012203216553,1.20473229885101,-1.36282587051392,0.00073747700243,90.083440095379,0.0000012201708
652,left road,652,-1.30499994754791,0.0,6.39999961853027,-1.25,0.0,-0.55000001192093,-1.30499994754791,0.0,6.39999961853027,12.4012203216553,1.20473229885101,-1.36282587051392,11.7847051620483,1.15054249763489,-1.01364850997925,"(11.78471, 1.150542, -1.013649)",truck body CS,15.7978897094727,0.1,12.4012203216553,1.20473229885101,-1.36282587051392,0.00073747700243,90.083440095379,0.0000012201708
653,left road,653,-1.20499992370605,0.0,6.39999961853027,-1.14999997615814,0.0,-0.55000001192093,-1.20499992370605,0.0,6.39999961853027,12.4012203216553,1.20473229885101,-1.36282587051392,11.7883796691895,1.15046954154968,-1.01317775249481,"(11.78838, 1.15047, -1.013178)",truck body CS,15.7112083435059,0.1,12.4012203216553,1.20473229885101,-1.36282587051392,0.00073747700243,90.083440095379,0.0000012201708
654,left road,654,-1.1049998998642,0.0,6.39999961853027,-1.04999995231628,0.0,-0.55000001192093,-1.1049998998642,0.0,6.39999961853027,12.4012203216553,1.20473229885101,-1.36282587051392,11.7925157546997,1.15043687820435,-1.01296651363373,"(11.79252, 1.150437, -1.012967)",truck body CS,15.6246862411499,0.1,12.4012203216553,1.20473229885101,-1.36282587051392,0.00073747700243,90.083440095379,0.0000012201708
655,left road,655,-1.00499999523163,0.0,6.39999961853027,-0.94999998807907,0.0,-0.55000001192093,-1.00499999523163,0.0,6.39999961853027,12.4012203216553,1.20473229885101,-1.36282587051392,11.7966613769531,1.15040421485901,-1.01275777816772,"(11.79666, 1.150404, -1.012758)",truck body CS,15.5383262634277,0.1,12.4012203216553,1.20473229885101,-1.36282587051392,0.00073747700243,90.083440095379,0.0000012201708
656,left road,656,-0.90500003099442,0.0,6.39999961853027,-0.85000002384186,0.0,-0.55000001192093,-0.90500003099442,0.0,6.39999961853027,12.4012203216553,1.20473229885101,-1.36282587051392,11.8008069992065,1.15037143230438,-1.0125458240509,"(11.80081, 1.150371, -1.012546)",truck body CS,15.452130317688,0.1,12.4012203216553,1.20473229885101,-1.36282587051392,0.00073747700243,90.083440095379,0.0000012201708
657,left road,657,-0.80500000715256,0.0,6.39999961853027,-0.75,0.0,-0.55000001192093,-0.80500000715256,0.0,6.39999961853027,12.4012203216553,1.20473229885101,-1.36282587051392,11.8049631118774,1.15033888816834,-1.012335896492,"(11.80496, 1.150339, -1.012336)",truck body CS,15.3661022186279,0.1,12.4012203216553,1.20473229885101,-1.36282587051392,0.00073747700243,90.083440095379,0.0000012201708
658,left road,658,-0.7049999833107,0.0,6.39999961853027,-0.64999997615814,0.0,-0.55000001192093,-0.7049999833107,0.0,6.39999961853027,12.4012203216553,1.20473229885101,-1.36282587051392,11.8091650009155,1.15031003952026,-1.01215028762817,"(11.80917, 1.15031, -1.01215)",truck body CS,15.2802438735962,0.1,12.4012203216553,1.20473229885101,-1.36282587051392,0.00073747700243,90.083440095379,0.0000012201708
659,left road,659,-0.60500001907349,0.0,6.39999961853027,-0.55000001192093,0.0,-0.55000001192093,-0.60500001907349,0.0,6.39999961853027,12.4012203216553,1.20473229885101,-1.36282587051392,11.8134155273438,1.15028548240662,-1.01199173927307,"(11.81342, 1.150285, -1.011992)",truck body CS,15.1945581436157,0.1,12.4012203216553,1.20473229885101,-1.36282587051392,0.00073747700243,90.083440095379,0.0000012201708
660,left road,660,-0.50499999523163,0.0,6.39999961853027,-0.44999998807907,0.0,-0.55000001192093,-0.50499999523163,0.0,6.39999961853027,12.4012203216553,1.20473229885101,-1.36282587051392,11.8168859481812,1.15018749237061,-1.01135969161987,"(11.81689, 1.150187, -1.01136)",truck body CS,15.1090488433838,0.1,12.4012203216553,1.20473229885101,-1.36282587051392,0.00073747700243,90.083440095379,0.0000012201708
661,left road,661,-0.40500000119209,0.0,6.39999961853027,-0.34999999403954,0.0,-0.55000001192093,-0.40500000119209,0.0,6.39999961853027,12.4012203216553,1.20473229885101,-1.36282587051392,11.8179407119751,1.14986085891724,-1.0092556476593,"(11.81794, 1.149861, -1.009256)",truck body CS,15.023717880249,0.1,12.4012203216553,1.20473229885101,-1.36282587051392,0.00073747700243,90.083440095379,0.0000012201708
662,left road,662,-0.30500000715256,0.0,6.39999961853027,-0.25,0.0,-0.55000001192093,-0.30500000715256,0.0,6.39999961853027,12.4012203216553,1.20473229885101,-1.36282587051392,11.8208799362183,1.14970767498016,-1.00826871395111,"(11.82088, 1.149708, -1.008269)",truck body CS,14.9385709762573,0.1,12.4012203216553,1.20473229885101,-1.36282587051392,0.00073747700243,90.083440095379,0.0000012201708
663,left road,663,-0.20500001311302,0.0,6.39999961853027,-0.15000000596046,0.0,-0.55000001192093,-0.20500001311302,0.0,6.39999961853027,12.4012203216553,1.20473229885101,-1.36282587051392,11.8255567550659,1.14971816539764,-1.00833535194397,"(11.82556, 1.149718, -1.008335)",truck body CS,14.8536071777344,0.1,12.4012203216553,1.20473229885101,-1.36282587051392,0.00073747700243,90.083440095379,0.0000012201708
664,left road,664,-0.10500000417233,0.0,6.39999961853027,-0.05000000074506,0.0,-0.55000001192093,-0.10500000417233,0.0,6.39999961853027,12.4012203216553,1.20473229885101,-1.36282587051392,11.8304786682129,1.14975237846375,-1.00855612754822,"(11.83048, 1.149752, -1.008556)",truck body CS,14.7688312530518,0.1,12.4012203216553,1.20473229885101,-1.36282587051392,0.00073747700243,90.083440095379,0.0000012201708
665,left road,665,-0.00499999895692,0.0,6.39999961853027,0.05000000074506,0.0,-0.55000001192093,-0.00499999895692,0.0,6.39999961853027,12.4012203216553,1.20473229885101,-1.36282587051392,11.8354034423828,1.14978742599487,-1.00878238677979,"(11.8354, 1.149787, -1.008782)",truck body CS,14.6842479705811,0.1,12.4012203216553,1.20473229885101,-1.36282587051392,0.00073747700243,90.083440095379,0.0000012201708
666,left road,666,0.09500000625849,0.0,6.39999961853027,0.15000000596046,0.0,-0.55000001192093,0.09500000625849,0.0,6.39999961853027,12.4012203216553,1.20473229885101,-1.36282587051392,11.8407869338989,1.14986801147461,-1.00930047035217,"(11.84079, 1.149868, -1.0093)",truck body CS,14.5998592376709,0.1,12.4012203216553,1.20473229885101,-1.36282587051392,0.00073747700243,90.083440095379,0.0000012201708
667,left road,667,0.19499999284744,0.0,6.39999961853027,0.25,0.0,-0.55000001192093,0.19499999284744,0.0,6.39999961853027,12.4012203216553,1.20473229885101,-1.36282587051392,11.8663272857666,1.15193927288055,-1.02264785766602,"(11.86633, 1.151939, -1.022648)",truck body CS,14.5156698226929,0.1,12.4012203216553,1.20473229885101,-1.36282587051392,0.00073747700243,90.083440095379,0.0000012201708
668,left road,668,0.29499998688698,0.0,6.39999961853027,0.34999999403954,0.0,-0.55000001192093,0.29499998688698,0.0,6.39999961853027,12.4012203216553,1.20473229885101,-1.36282587051392,11.8704414367676,1.15191256999969,-1.02247643470764,"(11.87044, 1.151913, -1.022476)",truck body CS,14.4316806793213,0.1,12.4012203216553,1.20473229885101,-1.36282587051392,0.00073747700243,90.083440095379,0.0000012201708
669,left road,669,0.39499998092651,0.0,6.39999961853027,0.44999998807907,0.0,-0.55000001192093,0.39499998092651,0.0,6.39999961853027,12.4012203216553,1.20473229885101,-1.36282587051392,11.8745718002319,1.15188717842102,-1.0223114490509,"(11.87457, 1.151887, -1.022311)",truck body CS,14.3478975296021,0.1,12.4012203216553,1.20473229885101,-1.36282587051392,0.00073747700243,90.083440095379,0.0000012201708
670,left road,670,0.49500000476837,0.0,6.39999961853027,0.55000001192093,0.0,-0.55000001192093,0.49500000476837,0.0,6.39999961853027,12.4012203216553,1.20473229885101,-1.36282587051392,11.8788785934448,1.15187907218933,-1.02225971221924,"(11.87888, 1.151879, -1.02226)",truck body CS,14.2643241882324,0.1,12.4012203216553,1.20473229885101,-1.36282587051392,0.00073747700243,90.083440095379,0.0000012201708
671,left road,671,0.59499996900558,0.0,6.39999961853027,0.64999997615814,0.0,-0.55000001192093,0.59499996900558,0.0,6.39999961853027,12.4012203216553,1.20473229885101,-1.36282587051392,11.8837556838989,1.15192890167236,-1.02258241176605,"(11.88376, 1.151929, -1.022582)",truck body CS,14.1809616088867,0.1,12.4012203216553,1.20473229885101,-1.36282587051392,0.00073747700243,90.083440095379,0.0000012201708
672,left road,672,0.69499999284744,0.0,6.39999961853027,0.75,0.0,-0.55000001192093,0.69499999284744,0.0,6.39999961853027,12.4012203216553,1.20473229885101,-1.36282587051392,12.3512687683105,1.19959151744843,-1.32970106601715,"(12.35127, 1.199592, -1.329701)",EyeArea,14.0978174209595,0.1,12.4012203216553,1.20473229885101,-1.36282587051392,0.00073747700243,90.083440095379,0.0000012201708
673,left road,673,0.7950000166893,0.0,6.39999961853027,0.85000002384186,0.0,-0.55000001192093,0.7950000166893,0.0,6.39999961853027,12.4012203216553,1.20473229885101,-1.36282587051392,12.3512687683105,1.199547290802,-1.3294163942337,"(12.35127, 1.199547, -1.329416)",EyeArea,14.0148916244507,0.1,12.4012203216553,1.20473229885101,-1.36282587051392,0.00073747700243,90.083440095379,0.0000012201708
674,left road,674,0.89499998092651,0.0,6.39999961853027,0.94999998807907,0.0,-0.55000001192093,0.89499998092651,0.0,6.39999961853027,12.4012203216553,1.20473229885101,-1.36282587051392,12.3512697219849,1.19950222969055,-1.32912600040436,"(12.35127, 1.199502, -1.329126)",EyeArea,13.9321908950806,0.1,12.4012203216553,1.20473229885101,-1.36282587051392,0.00073747700243,90.083440095379,0.0000012201708
675,left road,675,0.99499994516373,0.0,6.39999961853027,1.04999995231628,0.0,-0.55000001192093,0.99499994516373,0.0,6.39999961853027,12.4012203216553,1.20473229885101,-1.36282587051392,12.3512697219849,1.19945645332336,-1.32883083820343,"(12.35127, 1.199456, -1.328831)",EyeArea,13.8497190475464,0.1,12.4012203216553,1.20473229885101,-1.36282587051392,0.00073747700243,90.083440095379,0.0000012201708
676,left road,676,1.09500002861023,0.0,6.39999961853027,1.14999997615814,0.0,-0.55000001192093,1.09500002861023,0.0,6.39999961853027,12.4012203216553,1.20473229885101,-1.36282587051392,12.3512706756592,1.19940984249115,-1.32853043079376,"(12.35127, 1.19941, -1.32853)",EyeArea,13.7674779891968,0.1,12.4012203216553,1.20473229885101,-1.36282587051392,0.00073747700243,90.083440095379,0.0000012201708
677,left road,677,1.19500005245209,0.0,6.39999961853027,1.25,0.0,-0.55000001192093,1.19500005245209,0.0,6.39999961853027,12.4012203216553,1.20473229885101,-1.36282587051392,12.3512706756592,1.19936239719391,-1.32822477817535,"(12.35127, 1.199362, -1.328225)",EyeArea,13.685474395752,0.1,12.4012203216553,1.20473229885101,-1.36282587051392,0.00073747700243,90.083440095379,0.0000012201708
678,left road,678,1.29500007629395,0.0,6.39999961853027,1.35000002384186,0.0,-0.55000001192093,1.29500007629395,0.0,6.39999961853027,12.4012203216553,1.20473229885101,-1.36282587051392,12.3512716293335,1.19931411743164,-1.32791340351105,"(12.35127, 1.199314, -1.327913)",EyeArea,13.6037120819092,0.1,12.4012203216553,1.20473229885101,-1.36282587051392,0.00073747700243,90.083440095379,0.0000012201708
679,left road,679,1.3950001001358,0.0,6.39999961853027,1.45000004768372,0.0,-0.55000001192093,1.3950001001358,0.0,6.39999961853027,12.4012203216553,1.20473229885101,-1.36282587051392,12.3512716293335,1.19926500320435,-1.327596783638,"(12.35127, 1.199265, -1.327597)",EyeArea,13.5221939086914,0.1,12.4012203216553,1.20473229885101,-1.36282587051392,0.00073747700243,90.083440095379,0.0000012201708
680,left road,680,1.49500000476837,0.0,6.39999961853027,1.54999995231628,0.0,-0.55000001192093,1.49500000476837,0.0,6.39999961853027,12.4012203216553,1.20473229885101,-1.36282587051392,12.3512725830078,1.19921481609344,-1.3272739648819,"(12.35127, 1.199215, -1.327274)",EyeArea,13.4409255981445,0.1,12.4012203216553,1.20473229885101,-1.36282587051392,0.00073747700243,90.083440095379,0.0000012201708
681,left road,681,1.59500002861023,0.0,6.39999961853027,1.64999997615814,0.0,-0.55000001192093,1.59500002861023,0.0,6.39999961853027,12.4012203216553,1.20473229885101,-1.36282587051392,12.3512725830078,1.19916391372681,-1.3269454240799,"(12.35127, 1.199164, -1.326945)",EyeArea,13.3599109649658,0.1,12.4012203216553,1.20473229885101,-1.36282587051392,0.00073747700243,90.083440095379,0.0000012201708
682,left road,682,1.69500005245209,0.0,6.39999961853027,1.75,0.0,-0.55000001192093,1.69500005245209,0.0,6.39999961853027,12.4012203216553,1.20473229885101,-1.36282587051392,12.3512735366821,1.19911181926727,-1.32661020755768,"(12.35127, 1.199112, -1.32661)",EyeArea,13.2791566848755,0.1,12.4012203216553,1.20473229885101,-1.36282587051392,0.00073747700243,90.083440095379,0.0000012201708
683,left road,683,1.79500007629395,0.0,6.39999961853027,1.85000002384186,0.0,-0.55000001192093,1.79500007629395,0.0,6.39999961853027,12.4012203216553,1.20473229885101,-1.36282587051392,12.3512735366821,1.19905889034271,-1.32626926898956,"(12.35127, 1.199059, -1.326269)",EyeArea,13.1986646652222,0.1,12.4012203216553,1.20473229885101,-1.36282587051392,0.00073747700243,90.083440095379,0.0000012201708
684,left road,684,1.8950001001358,0.0,6.39999961853027,1.95000004768372,0.0,-0.55000001192093,1.8950001001358,0.0,6.39999961853027,12.4012203216553,1.20473229885101,-1.36282587051392,12.3512744903564,1.19900500774384,-1.32592165470123,"(12.35127, 1.199005, -1.325922)",EyeArea,13.1184406280518,0.1,12.4012203216553,1.20473229885101,-1.36282587051392,0.00073747700243,90.083440095379,0.0000012201708
685,left road,685,1.99500000476837,0.0,6.39999961853027,2.04999995231628,0.0,-0.55000001192093,1.99500000476837,0.0,6.39999961853027,12.4012203216553,1.20473229885101,-1.36282587051392,12.3512744903564,1.19895005226135,-1.32556736469269,"(12.35127, 1.19895, -1.325567)",EyeArea,13.0384912490845,0.1,12.4012203216553,1.20473229885101,-1.36282587051392,0.00073747700243,90.083440095379,0.0000012201708
686,left road,686,2.09500002861023,0.0,6.39999961853027,2.15000009536743,0.0,-0.55000001192093,2.09500002861023,0.0,6.39999961853027,12.4012203216553,1.20473229885101,-1.36282587051392,12.3512754440308,1.19889402389526,-1.32520639896393,"(12.35128, 1.198894, -1.325206)",EyeArea,12.9588193893433,0.1,12.4012203216553,1.20473229885101,-1.36282587051392,0.00073747700243,90.083440095379,0.0000012201708
687,left road,687,2.1949999332428,0.0,6.39999961853027,2.25,0.0,-0.55000001192093,2.1949999332428,0.0,6.39999961853027,12.4012203216553,1.20473229885101,-1.36282587051392,12.3512754440308,1.19883680343628,-1.3248382806778,"(12.35128, 1.198837, -1.324838)",EyeArea,12.8794326782227,0.1,12.4012203216553,1.20473229885101,-1.36282587051392,0.00073747700243,90.083440095379,0.0000012201708
688,left road,688,2.29499983787537,0.0,6.39999961853027,2.34999990463257,0.0,-0.55000001192093,2.29499983787537,0.0,6.39999961853027,12.4012203216553,1.20473229885101,-1.36282587051392,12.3512763977051,1.19877862930298,-1.32446300983429,"(12.35128, 1.198779, -1.324463)",EyeArea,12.8003330230713,0.1,12.4012203216553,1.20473229885101,-1.36282587051392,0.00073747700243,90.083440095379,0.0000012201708
689,left road,689,2.39499998092651,0.0,6.39999961853027,2.45000004768372,0.0,-0.55000001192093,2.39499998092651,0.0,6.39999961853027,12.4012203216553,1.20473229885101,-1.36282587051392,12.3512773513794,1.19871914386749,-1.32407963275909,"(12.35128, 1.198719, -1.32408)",EyeArea,12.7215280532837,0.1,12.4012203216553,1.20473229885101,-1.36282587051392,0.00073747700243,90.083440095379,0.0000012201708
690,left road,690,2.49499988555908,0.0,6.39999961853027,2.54999995231628,0.0,-0.55000001192093,2.49499988555908,0.0,6.39999961853027,12.4012203216553,1.20473229885101,-1.36282587051392,12.3512773513794,1.1986585855484,-1.32368910312653,"(12.35128, 1.198659, -1.323689)",EyeArea,12.6430234909058,0.1,12.4012203216553,1.20473229885101,-1.36282587051392,0.00073747700243,90.083440095379,0.0000012201708
691,left road,691,2.59500002861023,0.0,6.39999961853027,2.65000009536743,0.0,-0.55000001192093,2.59500002861023,0.0,6.39999961853027,12.4012203216553,1.20473229885101,-1.36282587051392,12.3512783050537,1.19859659671783,-1.32329046726227,"(12.35128, 1.198597, -1.32329)",EyeArea,12.5648231506348,0.1,12.4012203216553,1.20473229885101,-1.36282587051392,0.00073747700243,90.083440095379,0.0000012201708
692,left road,692,2.6949999332428,0.0,6.39999961853027,2.75,0.0,-0.55000001192093,2.6949999332428,0.0,6.39999961853027,12.4012203216553,1.20473229885101,-1.36282587051392,12.3512783050537,1.19853353500366,-1.32288372516632,"(12.35128, 1.198534, -1.322884)",EyeArea,12.4869356155396,0.1,12.4012203216553,1.20473229885101,-1.36282587051392,0.00073747700243,90.083440095379,0.0000012201708
693,left road,693,2.79499983787537,0.0,6.39999961853027,2.84999990463257,0.0,-0.55000001192093,2.79499983787537,0.0,6.39999961853027,12.4012203216553,1.20473229885101,-1.36282587051392,12.351279258728,1.19846904277802,-1.32246840000153,"(12.35128, 1.198469, -1.322468)",EyeArea,12.4093637466431,0.1,12.4012203216553,1.20473229885101,-1.36282587051392,0.00073747700243,90.083440095379,0.0000012201708
694,left road,694,2.89499998092651,0.0,6.39999961853027,2.95000004768372,0.0,-0.55000001192093,2.89499998092651,0.0,6.39999961853027,12.4012203216553,1.20473229885101,-1.36282587051392,12.3512802124023,1.19840323925018,-1.32204449176788,"(12.35128, 1.198403, -1.322044)",EyeArea,12.3321151733398,0.1,12.4012203216553,1.20473229885101,-1.36282587051392,0.00073747700243,90.083440095379,0.0000012201708
695,left road,695,2.99499988555908,0.0,6.39999961853027,3.04999995231628,0.0,-0.55000001192093,2.99499988555908,0.0,6.39999961853027,12.4012203216553,1.20473229885101,-1.36282587051392,12.3512802124023,1.19833600521088,-1.32161104679108,"(12.35128, 1.198336, -1.321611)",EyeArea,12.2551956176758,0.1,12.4012203216553,1.20473229885101,-1.36282587051392,0.00073747700243,90.083440095379,0.0000012201708
696,left road,696,3.09500002861023,0.0,6.39999961853027,3.15000009536743,0.0,-0.55000001192093,3.09500002861023,0.0,6.39999961853027,12.4012203216553,1.20473229885101,-1.36282587051392,12.3512811660767,1.19826745986938,-1.32116913795471,"(12.35128, 1.198267, -1.321169)",EyeArea,12.1786117553711,0.1,12.4012203216553,1.20473229885101,-1.36282587051392,0.00073747700243,90.083440095379,0.0000012201708
697,left road,697,3.1949999332428,0.0,6.39999961853027,3.25,0.0,-0.55000001192093,3.1949999332428,0.0,6.39999961853027,12.4012203216553,1.20473229885101,-1.36282587051392,12.351282119751,1.19819724559784,-1.32071709632874,"(12.35128, 1.198197, -1.320717)",EyeArea,12.1023693084717,0.1,12.4012203216553,1.20473229885101,-1.36282587051392,0.00073747700243,90.083440095379,0.0000012201708
698,left road,698,3.29499983787537,0.0,6.39999961853027,3.34999990463257,0.0,-0.55000001192093,3.29499983787537,0.0,6.39999961853027,12.4012203216553,1.20473229885101,-1.36282587051392,11.8306970596313,1.12925326824188,-0.87646836042404,"(11.8307, 1.129253, -0.876468)",truck body CS,12.0264739990234,0.1,12.4012203216553,1.20473229885101,-1.36282587051392,0.00073747700243,90.083440095379,0.0000012201708
699,left road,699,3.39499998092651,0.0,6.39999961853027,3.45000004768372,0.0,-0.55000001192093,3.39499998092651,0.0,6.39999961853027,12.4012203216553,1.20473229885101,-1.36282587051392,11.8295259475708,1.12825846672058,-0.87005835771561,"(11.82953, 1.128258, -0.870058)",truck body CS,11.9509344100952,0.1,12.4012203216553,1.20473229885101,-1.36282587051392,0.00073747700243,90.083440095379,0.0000012201708
700,left road,700,-3.50500011444092,0.0,6.5,-3.45000004768372,0.0,-0.44999998807907,-3.50500011444092,0.0,6.5,12.4012203216553,1.20473229885101,-1.36282587051392,11.7553949356079,1.15581750869751,-1.04357814788818,"(11.75539, 1.155818, -1.043578)",truck body CS,17.7843551635742,0.1,12.4012203216553,1.20473229885101,-1.36282587051392,0.00073747700243,90.083440095379,0.0000012201708
701,left road,701,-3.40499997138977,0.0,6.5,-3.34999990463257,0.0,-0.44999998807907,-3.40499997138977,0.0,6.5,12.4012203216553,1.20473229885101,-1.36282587051392,11.7563819885254,1.15558338165283,-1.04205012321472,"(11.75638, 1.155583, -1.04205)",truck body CS,17.6949710845947,0.1,12.4012203216553,1.20473229885101,-1.36282587051392,0.00073747700243,90.083440095379,0.0000012201708
702,left road,702,-3.3050000667572,0.0,6.5,-3.25,0.0,-0.44999998807907,-3.3050000667572,0.0,6.5,12.4012203216553,1.20473229885101,-1.36282587051392,11.75719165802,1.15533256530762,-1.04041266441345,"(11.75719, 1.155333, -1.040413)",truck body CS,17.6057033538818,0.1,12.4012203216553,1.20473229885101,-1.36282587051392,0.00073747700243,90.083440095379,0.0000012201708
703,left road,703,-3.20500016212463,0.0,6.5,-3.15000009536743,0.0,-0.44999998807907,-3.20500016212463,0.0,6.5,12.4012203216553,1.20473229885101,-1.36282587051392,11.757417678833,1.15503358840942,-1.03846061229706,"(11.75742, 1.155034, -1.038461)",truck body CS,17.5165500640869,0.1,12.4012203216553,1.20473229885101,-1.36282587051392,0.00073747700243,90.083440095379,0.0000012201708
704,left road,704,-3.10500001907349,0.0,6.5,-3.04999995231628,0.0,-0.44999998807907,-3.10500001907349,0.0,6.5,12.4012203216553,1.20473229885101,-1.36282587051392,11.7579288482666,1.15475273132324,-1.03662800788879,"(11.75793, 1.154753, -1.036628)",truck body CS,17.4275150299072,0.1,12.4012203216553,1.20473229885101,-1.36282587051392,0.00073747700243,90.083440095379,0.0000012201708
705,left road,705,-3.00500011444092,0.0,6.5,-2.95000004768372,0.0,-0.44999998807907,-3.00500011444092,0.0,6.5,12.4012203216553,1.20473229885101,-1.36282587051392,11.7587814331055,1.15449488162994,-1.03494596481323,"(11.75878, 1.154495, -1.034946)",truck body CS,17.3386001586914,0.1,12.4012203216553,1.20473229885101,-1.36282587051392,0.00073747700243,90.083440095379,0.0000012201708
706,left road,706,-2.90499997138977,0.0,6.5,-2.84999990463257,0.0,-0.44999998807907,-2.90499997138977,0.0,6.5,12.4012203216553,1.20473229885101,-1.36282587051392,11.759654045105,1.15423536300659,-1.03325116634369,"(11.75965, 1.154235, -1.033251)",truck body CS,17.2498054504395,0.1,12.4012203216553,1.20473229885101,-1.36282587051392,0.00073747700243,90.083440095379,0.0000012201708
707,left road,707,-2.8050000667572,0.0,6.5,-2.75,0.0,-0.44999998807907,-2.8050000667572,0.0,6.5,12.4012203216553,1.20473229885101,-1.36282587051392,11.7605276107788,1.15397262573242,-1.0315363407135,"(11.76053, 1.153973, -1.031536)",truck body CS,17.1611347198486,0.1,12.4012203216553,1.20473229885101,-1.36282587051392,0.00073747700243,90.083440095379,0.0000012201708
708,left road,708,-2.70500016212463,0.0,6.5,-2.65000009536743,0.0,-0.44999998807907,-2.70500016212463,0.0,6.5,12.4012203216553,1.20473229885101,-1.36282587051392,11.7614097595215,1.15370690822601,-1.02980244159698,"(11.76141, 1.153707, -1.029802)",truck body CS,17.0725898742676,0.1,12.4012203216553,1.20473229885101,-1.36282587051392,0.00073747700243,90.083440095379,0.0000012201708
709,left road,709,-2.60500001907349,0.0,6.5,-2.54999995231628,0.0,-0.44999998807907,-2.60500001907349,0.0,6.5,12.4012203216553,1.20473229885101,-1.36282587051392,11.7623176574707,1.15343976020813,-1.02805876731873,"(11.76232, 1.15344, -1.028059)",truck body CS,16.9841709136963,0.1,12.4012203216553,1.20473229885101,-1.36282587051392,0.00073747700243,90.083440095379,0.0000012201708
710,left road,710,-2.50500011444092,0.0,6.5,-2.45000004768372,0.0,-0.44999998807907,-2.50500011444092,0.0,6.5,12.4012203216553,1.20473229885101,-1.36282587051392,11.7631454467773,1.15316247940063,-1.02624917030334,"(11.76315, 1.153162, -1.026249)",truck body CS,16.895881652832,0.1,12.4012203216553,1.20473229885101,-1.36282587051392,0.00073747700243,90.083440095379,0.0000012201708
711,left road,711,-2.40499997138977,0.0,6.5,-2.34999990463257,0.0,-0.44999998807907,-2.40499997138977,0.0,6.5,12.4012203216553,1.20473229885101,-1.36282587051392,11.763934135437,1.15287828445435,-1.02439570426941,"(11.76393, 1.152878, -1.024396)",truck body CS,16.8077239990234,0.1,12.4012203216553,1.20473229885101,-1.36282587051392,0.00073747700243,90.083440095379,0.0000012201708
712,left road,712,-2.3050000667572,0.0,6.5,-2.25,0.0,-0.44999998807907,-2.3050000667572,0.0,6.5,12.4012203216553,1.20473229885101,-1.36282587051392,11.7647323608398,1.1525913476944,-1.02252078056335,"(11.76473, 1.152591, -1.022521)",truck body CS,16.7196998596191,0.1,12.4012203216553,1.20473229885101,-1.36282587051392,0.00073747700243,90.083440095379,0.0000012201708
713,left road,713,-2.20500016212463,0.0,6.5,-2.15000009536743,0.0,-0.44999998807907,-2.20500016212463,0.0,6.5,12.4012203216553,1.20473229885101,-1.36282587051392,11.7657976150513,1.1523220539093,-1.02076399326324,"(11.7658, 1.152322, -1.020764)",truck body CS,16.6318092346191,0.1,12.4012203216553,1.20473229885101,-1.36282587051392,0.00073747700243,90.083440095379,0.0000012201708
714,left road,714,-2.10500001907349,0.0,6.5,-2.04999995231628,0.0,-0.44999998807907,-2.10500001907349,0.0,6.5,12.4012203216553,1.20473229885101,-1.36282587051392,11.7680072784424,1.15214419364929,-1.01960396766663,"(11.76801, 1.152144, -1.019604)",truck body CS,16.5440578460693,0.1,12.4012203216553,1.20473229885101,-1.36282587051392,0.00073747700243,90.083440095379,0.0000012201708
715,left road,715,-2.00500011444092,0.0,6.5,-1.95000004768372,0.0,-0.44999998807907,-2.00500011444092,0.0,6.5,12.4012203216553,1.20473229885101,-1.36282587051392,11.7702436447144,1.15196633338928,-1.01844274997711,"(11.77024, 1.151966, -1.018443)",truck body CS,16.4564456939697,0.1,12.4012203216553,1.20473229885101,-1.36282587051392,0.00073747700243,90.083440095379,0.0000012201708
716,left road,716,-1.90499997138977,0.0,6.5,-1.85000002384186,0.0,-0.44999998807907,-1.90499997138977,0.0,6.5,12.4012203216553,1.20473229885101,-1.36282587051392,11.7725715637207,1.15179347991943,-1.01731395721436,"(11.77257, 1.151793, -1.017314)",truck body CS,16.3689746856689,0.1,12.4012203216553,1.20473229885101,-1.36282587051392,0.00073747700243,90.083440095379,0.0000012201708
717,left road,717,-1.80499994754791,0.0,6.5,-1.75,0.0,-0.44999998807907,-1.80499994754791,0.0,6.5,12.4012203216553,1.20473229885101,-1.36282587051392,11.7749147415161,1.15161943435669,-1.01617920398712,"(11.77491, 1.151619, -1.016179)",truck body CS,16.2816505432129,0.1,12.4012203216553,1.20473229885101,-1.36282587051392,0.00073747700243,90.083440095379,0.0000012201708
718,left road,718,-1.70499992370605,0.0,6.5,-1.64999997615814,0.0,-0.44999998807907,-1.70499992370605,0.0,6.5,12.4012203216553,1.20473229885101,-1.36282587051392,11.777268409729,1.15144395828247,-1.01503396034241,"(11.77727, 1.151444, -1.015034)",truck body CS,16.1944694519043,0.1,12.4012203216553,1.20473229885101,-1.36282587051392,0.00073747700243,90.083440095379,0.0000012201708
719,left road,719,-1.6049998998642,0.0,6.5,-1.54999995231628,0.0,-0.44999998807907,-1.6049998998642,0.0,6.5,12.4012203216553,1.20473229885101,-1.36282587051392,11.7808122634888,1.1513683795929,-1.01453995704651,"(11.78081, 1.151368, -1.01454)",truck body CS,16.1074390411377,0.1,12.4012203216553,1.20473229885101,-1.36282587051392,0.00073747700243,90.083440095379,0.0000012201708
720,left road,720,-1.50499999523163,0.0,6.5,-1.45000004768372,0.0,-0.44999998807907,-1.50499999523163,0.0,6.5,12.4012203216553,1.20473229885101,-1.36282587051392,11.7844247817993,1.1512975692749,-1.01407885551453,"(11.78442, 1.151298, -1.014079)",truck body CS,16.0205612182617,0.1,12.4012203216553,1.20473229885101,-1.36282587051392,0.00073747700243,90.083440095379,0.0000012201708
721,left road,721,-1.40499997138977,0.0,6.5,-1.35000002384186,0.0,-0.44999998807907,-1.40499997138977,0.0,6.5,12.4012203216553,1.20473229885101,-1.36282587051392,11.7880487442017,1.15122675895691,-1.01361668109894,"(11.78805, 1.151227, -1.013617)",truck body CS,15.9338359832764,0.1,12.4012203216553,1.20473229885101,-1.36282587051392,0.00073747700243,90.083440095379,0.0000012201708
722,left road,722,-1.30499994754791,0.0,6.5,-1.25,0.0,-0.44999998807907,-1.30499994754791,0.0,6.5,12.4012203216553,1.20473229885101,-1.36282587051392,11.7919969558716,1.15118336677551,-1.01333260536194,"(11.792, 1.151183, -1.013333)",truck body CS,15.8472681045532,0.1,12.4012203216553,1.20473229885101,-1.36282587051392,0.00073747700243,90.083440095379,0.0000012201708
723,left road,723,-1.20499992370605,0.0,6.5,-1.14999997615814,0.0,-0.44999998807907,-1.20499992370605,0.0,6.5,12.4012203216553,1.20473229885101,-1.36282587051392,11.7960834503174,1.15115165710449,-1.01312613487244,"(11.79608, 1.151152, -1.013126)",truck body CS,15.7608585357666,0.1,12.4012203216553,1.20473229885101,-1.36282587051392,0.00073747700243,90.083440095379,0.0000012201708
724,left road,724,-1.1049998998642,0.0,6.5,-1.04999995231628,0.0,-0.44999998807907,-1.1049998998642,0.0,6.5,12.4012203216553,1.20473229885101,-1.36282587051392,11.8001728057861,1.15111982822418,-1.01291847229004,"(11.80017, 1.15112, -1.012918)",truck body CS,15.6746101379395,0.1,12.4012203216553,1.20473229885101,-1.36282587051392,0.00073747700243,90.083440095379,0.0000012201708
725,left road,725,-1.00499999523163,0.0,6.5,-0.94999998807907,0.0,-0.44999998807907,-1.00499999523163,0.0,6.5,12.4012203216553,1.20473229885101,-1.36282587051392,11.8042707443237,1.15108799934387,-1.01271021366119,"(11.80427, 1.151088, -1.01271)",truck body CS,15.588526725769,0.1,12.4012203216553,1.20473229885101,-1.36282587051392,0.00073747700243,90.083440095379,0.0000012201708
726,left road,726,-0.90500003099442,0.0,6.5,-0.85000002384186,0.0,-0.44999998807907,-0.90500003099442,0.0,6.5,12.4012203216553,1.20473229885101,-1.36282587051392,11.8083715438843,1.15105628967285,-1.0125025510788,"(11.80837, 1.151056, -1.012503)",truck body CS,15.502610206604,0.1,12.4012203216553,1.20473229885101,-1.36282587051392,0.00073747700243,90.083440095379,0.0000012201708
727,left road,727,-0.80500000715256,0.0,6.5,-0.75,0.0,-0.44999998807907,-0.80500000715256,0.0,6.5,12.4012203216553,1.20473229885101,-1.36282587051392,11.8125762939453,1.15103340148926,-1.0123542547226,"(11.81258, 1.151033, -1.012354)",truck body CS,15.4168634414673,0.1,12.4012203216553,1.20473229885101,-1.36282587051392,0.00073747700243,90.083440095379,0.0000012201708
728,left road,728,-0.7049999833107,0.0,6.5,-0.64999997615814,0.0,-0.44999998807907,-0.7049999833107,0.0,6.5,12.4012203216553,1.20473229885101,-1.36282587051392,11.8174486160278,1.15107154846191,-1.01260244846344,"(11.81745, 1.151072, -1.012602)",truck body CS,15.3312892913818,0.1,12.4012203216553,1.20473229885101,-1.36282587051392,0.00073747700243,90.083440095379,0.0000012201708
729,left road,729,-0.60500001907349,0.0,6.5,-0.55000001192093,0.0,-0.44999998807907,-0.60500001907349,0.0,6.5,12.4012203216553,1.20473229885101,-1.36282587051392,11.8186740875244,1.15077233314514,-1.01065003871918,"(11.81867, 1.150772, -1.01065)",truck body CS,15.2458906173706,0.1,12.4012203216553,1.20473229885101,-1.36282587051392,0.00073747700243,90.083440095379,0.0000012201708
730,left road,730,-0.50499999523163,0.0,6.5,-0.44999998807907,0.0,-0.44999998807907,-0.50499999523163,0.0,6.5,12.4012203216553,1.20473229885101,-1.36282587051392,11.8204898834229,1.15052390098572,-1.009028673172,"(11.82049, 1.150524, -1.009029)",truck body CS,15.1606712341309,0.1,12.4012203216553,1.20473229885101,-1.36282587051392,0.00073747700243,90.083440095379,0.0000012201708
731,left road,731,-0.40500000119209,0.0,6.5,-0.34999999403954,0.0,-0.44999998807907,-0.40500000119209,0.0,6.5,12.4012203216553,1.20473229885101,-1.36282587051392,11.8241329193115,1.15044331550598,-1.00850176811218,"(11.82413, 1.150443, -1.008502)",truck body CS,15.0756320953369,0.1,12.4012203216553,1.20473229885101,-1.36282587051392,0.00073747700243,90.083440095379,0.0000012201708
732,left road,732,-0.30500000715256,0.0,6.5,-0.25,0.0,-0.44999998807907,-0.30500000715256,0.0,6.5,12.4012203216553,1.20473229885101,-1.36282587051392,11.8290147781372,1.15047895908356,-1.00873470306396,"(11.82901, 1.150479, -1.008735)",truck body CS,14.9907789230347,0.1,12.4012203216553,1.20473229885101,-1.36282587051392,0.00073747700243,90.083440095379,0.0000012201708
733,left road,733,-0.20500001311302,0.0,6.5,-0.15000000596046,0.0,-0.44999998807907,-0.20500001311302,0.0,6.5,12.4012203216553,1.20473229885101,-1.36282587051392,11.8338766098022,1.15051317214966,-1.00895833969116,"(11.83388, 1.150513, -1.008958)",truck body CS,14.9061136245728,0.1,12.4012203216553,1.20473229885101,-1.36282587051392,0.00073747700243,90.083440095379,0.0000012201708
734,left road,734,-0.10500000417233,0.0,6.5,-0.05000000074506,0.0,-0.44999998807907,-0.10500000417233,0.0,6.5,12.4012203216553,1.20473229885101,-1.36282587051392,11.8387308120728,1.15054714679718,-1.00918090343475,"(11.83873, 1.150547, -1.009181)",truck body CS,14.8216381072998,0.1,12.4012203216553,1.20473229885101,-1.36282587051392,0.00073747700243,90.083440095379,0.0000012201708
735,left road,735,-0.00499999895692,0.0,6.5,0.05000000074506,0.0,-0.44999998807907,-0.00499999895692,0.0,6.5,12.4012203216553,1.20473229885101,-1.36282587051392,11.8651304244995,1.15267419815063,-1.02306175231934,"(11.86513, 1.152674, -1.023062)",truck body CS,14.7373580932617,0.1,12.4012203216553,1.20473229885101,-1.36282587051392,0.00073747700243,90.083440095379,0.0000012201708
736,left road,736,0.09500000625849,0.0,6.5,0.15000000596046,0.0,-0.44999998807907,0.09500000625849,0.0,6.5,12.4012203216553,1.20473229885101,-1.36282587051392,11.8691806793213,1.15264749526978,-1.02288889884949,"(11.86918, 1.152647, -1.022889)",truck body CS,14.6532754898071,0.1,12.4012203216553,1.20473229885101,-1.36282587051392,0.00073747700243,90.083440095379,0.0000012201708
737,left road,737,0.19499999284744,0.0,6.5,0.25,0.0,-0.44999998807907,0.19499999284744,0.0,6.5,12.4012203216553,1.20473229885101,-1.36282587051392,11.8732414245605,1.15262150764465,-1.02271902561188,"(11.87324, 1.152622, -1.022719)",truck body CS,14.5693941116333,0.1,12.4012203216553,1.20473229885101,-1.36282587051392,0.00073747700243,90.083440095379,0.0000012201708
738,left road,738,0.29499998688698,0.0,6.5,0.34999999403954,0.0,-0.44999998807907,0.29499998688698,0.0,6.5,12.4012203216553,1.20473229885101,-1.36282587051392,11.8772850036621,1.1525936126709,-1.022536277771,"(11.87729, 1.152594, -1.022536)",truck body CS,14.4857168197632,0.1,12.4012203216553,1.20473229885101,-1.36282587051392,0.00073747700243,90.083440095379,0.0000012201708
739,left road,739,0.39499998092651,0.0,6.5,0.44999998807907,0.0,-0.44999998807907,0.39499998092651,0.0,6.5,12.4012203216553,1.20473229885101,-1.36282587051392,11.8818464279175,1.15261697769165,-1.02268958091736,"(11.88185, 1.152617, -1.02269)",truck body CS,14.402247428894,0.1,12.4012203216553,1.20473229885101,-1.36282587051392,0.00073747700243,90.083440095379,0.0000012201708
740,left road,740,0.49500000476837,0.0,6.5,0.55000001192093,0.0,-0.44999998807907,0.49500000476837,0.0,6.5,12.4012203216553,1.20473229885101,-1.36282587051392,12.3512687683105,1.19967782497406,-1.32983791828156,"(12.35127, 1.199678, -1.329838)",EyeArea,14.3189907073975,0.1,12.4012203216553,1.20473229885101,-1.36282587051392,0.00073747700243,90.083440095379,0.0000012201708
741,left road,741,0.59499996900558,0.0,6.5,0.64999997615814,0.0,-0.44999998807907,0.59499996900558,0.0,6.5,12.4012203216553,1.20473229885101,-1.36282587051392,12.3512687683105,1.1996351480484,-1.32955896854401,"(12.35127, 1.199635, -1.329559)",EyeArea,14.2359495162964,0.1,12.4012203216553,1.20473229885101,-1.36282587051392,0.00073747700243,90.083440095379,0.0000012201708
742,left road,742,0.69499999284744,0.0,6.5,0.75,0.0,-0.44999998807907,0.69499999284744,0.0,6.5,12.4012203216553,1.20473229885101,-1.36282587051392,12.3512697219849,1.19959163665771,-1.32927477359772,"(12.35127, 1.199592, -1.329275)",EyeArea,14.1531276702881,0.1,12.4012203216553,1.20473229885101,-1.36282587051392,0.00073747700243,90.083440095379,0.0000012201708
743,left road,743,0.7950000166893,0.0,6.5,0.85000002384186,0.0,-0.44999998807907,0.7950000166893,0.0,6.5,12.4012203216553,1.20473229885101,-1.36282587051392,12.3512697219849,1.19954741001129,-1.328986287117,"(12.35127, 1.199547, -1.328986)",EyeArea,14.0705280303955,0.1,12.4012203216553,1.20473229885101,-1.36282587051392,0.00073747700243,90.083440095379,0.0000012201708
744,left road,744,0.89499998092651,0.0,6.5,0.94999998807907,0.0,-0.44999998807907,0.89499998092651,0.0,6.5,12.4012203216553,1.20473229885101,-1.36282587051392,12.3512706756592,1.19950234889984,-1.32869255542755,"(12.35127, 1.199502, -1.328693)",EyeArea,13.9881563186646,0.1,12.4012203216553,1.20473229885101,-1.36282587051392,0.00073747700243,90.083440095379,0.0000012201708
745,left road,745,0.99499994516373,0.0,6.5,1.04999995231628,0.0,-0.44999998807907,0.99499994516373,0.0,6.5,12.4012203216553,1.20473229885101,-1.36282587051392,12.3512706756592,1.19945657253265,-1.32839357852936,"(12.35127, 1.199457, -1.328394)",EyeArea,13.9060163497925,0.1,12.4012203216553,1.20473229885101,-1.36282587051392,0.00073747700243,90.083440095379,0.0000012201708
746,left road,746,1.09500002861023,0.0,6.5,1.14999997615814,0.0,-0.44999998807907,1.09500002861023,0.0,6.5,12.4012203216553,1.20473229885101,-1.36282587051392,12.3512716293335,1.19940996170044,-1.32808935642242,"(12.35127, 1.19941, -1.328089)",EyeArea,13.8241109848022,0.1,12.4012203216553,1.20473229885101,-1.36282587051392,0.00073747700243,90.083440095379,0.0000012201708
747,left road,747,1.19500005245209,0.0,6.5,1.25,0.0,-0.44999998807907,1.19500005245209,0.0,6.5,12.4012203216553,1.20473229885101,-1.36282587051392,12.3512716293335,1.1993625164032,-1.32777941226959,"(12.35127, 1.199363, -1.327779)",EyeArea,13.7424449920654,0.1,12.4012203216553,1.20473229885101,-1.36282587051392,0.00073747700243,90.083440095379,0.0000012201708
748,left road,748,1.29500007629395,0.0,6.5,1.35000002384186,0.0,-0.44999998807907,1.29500007629395,0.0,6.5,12.4012203216553,1.20473229885101,-1.36282587051392,12.3512716293335,1.19931411743164,-1.32746422290802,"(12.35127, 1.199314, -1.327464)",EyeArea,13.6610221862793,0.1,12.4012203216553,1.20473229885101,-1.36282587051392,0.00073747700243,90.083440095379,0.0000012201708
749,left road,749,1.3950001001358,0.0,6.5,1.45000004768372,0.0,-0.44999998807907,1.3950001001358,0.0,6.5,12.4012203216553,1.20473229885101,-1.36282587051392,12.3512725830078,1.19926500320435,-1.32714331150055,"(12.35127, 1.199265, -1.327143)",EyeArea,13.5798482894897,0.1,12.4012203216553,1.20473229885101,-1.36282587051392,0.00073747700243,90.083440095379,0.0000012201708
750,left road,750,1.49500000476837,0.0,6.5,1.54999995231628,0.0,-0.44999998807907,1.49500000476837,0.0,6.5,12.4012203216553,1.20473229885101,-1.36282587051392,12.3512725830078,1.19921493530273,-1.32681620121002,"(12.35127, 1.199215, -1.326816)",EyeArea,13.4989280700684,0.1,12.4012203216553,1.20473229885101,-1.36282587051392,0.00073747700243,90.083440095379,0.0000012201708
751,left road,751,1.59500002861023,0.0,6.5,1.64999997615814,0.0,-0.44999998807907,1.59500002861023,0.0,6.5,12.4012203216553,1.20473229885101,-1.36282587051392,12.3512735366821,1.19916391372681,-1.3264833688736,"(12.35127, 1.199164, -1.326483)",EyeArea,13.4182634353638,0.1,12.4012203216553,1.20473229885101,-1.36282587051392,0.00073747700243,90.083440095379,0.0000012201708
752,left road,752,1.69500005245209,0.0,6.5,1.75,0.0,-0.44999998807907,1.69500005245209,0.0,6.5,12.4012203216553,1.20473229885101,-1.36282587051392,12.3512735366821,1.19911193847656,-1.32614433765411,"(12.35127, 1.199112, -1.326144)",EyeArea,13.3378620147705,0.1,12.4012203216553,1.20473229885101,-1.36282587051392,0.00073747700243,90.083440095379,0.0000012201708
753,left road,753,1.79500007629395,0.0,6.5,1.85000002384186,0.0,-0.44999998807907,1.79500007629395,0.0,6.5,12.4012203216553,1.20473229885101,-1.36282587051392,12.3512744903564,1.199059009552,-1.32579863071442,"(12.35127, 1.199059, -1.325799)",EyeArea,13.2577266693115,0.1,12.4012203216553,1.20473229885101,-1.36282587051392,0.00073747700243,90.083440095379,0.0000012201708
754,left road,754,1.8950001001358,0.0,6.5,1.95000004768372,0.0,-0.44999998807907,1.8950001001358,0.0,6.5,12.4012203216553,1.20473229885101,-1.36282587051392,12.3512754440308,1.19900512695313,-1.32544672489166,"(12.35128, 1.199005, -1.325447)",EyeArea,13.1778631210327,0.1,12.4012203216553,1.20473229885101,-1.36282587051392,0.00073747700243,90.083440095379,0.0000012201708
755,left road,755,1.99500000476837,0.0,6.5,2.04999995231628,0.0,-0.44999998807907,1.99500000476837,0.0,6.5,12.4012203216553,1.20473229885101,-1.36282587051392,12.3512754440308,1.19895017147064,-1.32508814334869,"(12.35128, 1.19895, -1.325088)",EyeArea,13.0982761383057,0.1,12.4012203216553,1.20473229885101,-1.36282587051392,0.00073747700243,90.083440095379,0.0000012201708
756,left road,756,2.09500002861023,0.0,6.5,2.15000009536743,0.0,-0.44999998807907,2.09500002861023,0.0,6.5,12.4012203216553,1.20473229885101,-1.36282587051392,12.3512763977051,1.19889402389526,-1.32472240924835,"(12.35128, 1.198894, -1.324722)",EyeArea,13.0189695358276,0.1,12.4012203216553,1.20473229885101,-1.36282587051392,0.00073747700243,90.083440095379,0.0000012201708
757,left road,757,2.1949999332428,0.0,6.5,2.25,0.0,-0.44999998807907,2.1949999332428,0.0,6.5,12.4012203216553,1.20473229885101,-1.36282587051392,12.3512763977051,1.19883692264557,-1.32434904575348,"(12.35128, 1.198837, -1.324349)",EyeArea,12.9399518966675,0.1,12.4012203216553,1.20473229885101,-1.36282587051392,0.00073747700243,90.083440095379,0.0000012201708
758,left road,758,2.29499983787537,0.0,6.5,2.34999990463257,0.0,-0.44999998807907,2.29499983787537,0.0,6.5,12.4012203216553,1.20473229885101,-1.36282587051392,12.3512773513794,1.19877862930298,-1.32396900653839,"(12.35128, 1.198779, -1.323969)",EyeArea,12.8612251281738,0.1,12.4012203216553,1.20473229885101,-1.36282587051392,0.00073747700243,90.083440095379,0.0000012201708
759,left road,759,2.39499998092651,0.0,6.5,2.45000004768372,0.0,-0.44999998807907,2.39499998092651,0.0,6.5,12.4012203216553,1.20473229885101,-1.36282587051392,12.3512773513794,1.19871926307678,-1.32358133792877,"(12.35128, 1.198719, -1.323581)",EyeArea,12.7827949523926,0.1,12.4012203216553,1.20473229885101,-1.36282587051392,0.00073747700243,90.083440095379,0.0000012201708
760,left road,760,2.49499988555908,0.0,6.5,2.54999995231628,0.0,-0.44999998807907,2.49499988555908,0.0,6.5,12.4012203216553,1.20473229885101,-1.36282587051392,12.3512783050537,1.1986585855484,-1.32318556308746,"(12.35128, 1.198659, -1.323186)",EyeArea,12.7046689987183,0.1,12.4012203216553,1.20473229885101,-1.36282587051392,0.00073747700243,90.083440095379,0.0000012201708
761,left road,761,2.59500002861023,0.0,6.5,2.65000009536743,0.0,-0.44999998807907,2.59500002861023,0.0,6.5,12.4012203216553,1.20473229885101,-1.36282587051392,12.351279258728,1.19859671592712,-1.32278168201447,"(12.35128, 1.198597, -1.322782)",EyeArea,12.6268510818481,0.1,12.4012203216553,1.20473229885101,-1.36282587051392,0.00073747700243,90.083440095379,0.0000012201708
762,left road,762,2.6949999332428,0.0,6.5,2.75,0.0,-0.44999998807907,2.6949999332428,0.0,6.5,12.4012203216553,1.20473229885101,-1.36282587051392,12.351279258728,1.19853365421295,-1.32236969470978,"(12.35128, 1.198534, -1.32237)",EyeArea,12.5493478775024,0.1,12.4012203216553,1.20473229885101,-1.36282587051392,0.00073747700243,90.083440095379,0.0000012201708
763,left road,763,2.79499983787537,0.0,6.5,2.84999990463257,0.0,-0.44999998807907,2.79499983787537,0.0,6.5,12.4012203216553,1.20473229885101,-1.36282587051392,12.3512802124023,1.1984691619873,-1.32194912433624,"(12.35128, 1.198469, -1.321949)",EyeArea,12.4721641540527,0.1,12.4012203216553,1.20473229885101,-1.36282587051392,0.00073747700243,90.083440095379,0.0000012201708
764,left road,764,2.89499998092651,0.0,6.5,2.95000004768372,0.0,-0.44999998807907,2.89499998092651,0.0,6.5,12.4012203216553,1.20473229885101,-1.36282587051392,12.3512811660767,1.19840335845947,-1.3215194940567,"(12.35128, 1.198403, -1.321519)",EyeArea,12.3953065872192,0.1,12.4012203216553,1.20473229885101,-1.36282587051392,0.00073747700243,90.083440095379,0.0000012201708
765,left road,765,2.99499988555908,0.0,6.5,3.04999995231628,0.0,-0.44999998807907,2.99499988555908,0.0,6.5,12.4012203216553,1.20473229885101,-1.36282587051392,12.3512811660767,1.19833612442017,-1.32108092308044,"(12.35128, 1.198336, -1.321081)",EyeArea,12.3187818527222,0.1,12.4012203216553,1.20473229885101,-1.36282587051392,0.00073747700243,90.083440095379,0.0000012201708
766,left road,766,3.09500002861023,0.0,6.5,3.15000009536743,0.0,-0.44999998807907,3.09500002861023,0.0,6.5,12.4012203216553,1.20473229885101,-1.36282587051392,12.351282119751,1.19826745986938,-1.32063269615173,"(12.35128, 1.198267, -1.320633)",EyeArea,12.2425947189331,0.1,12.4012203216553,1.20473229885101,-1.36282587051392,0.00073747700243,90.083440095379,0.0000012201708
767,left road,767,3.1949999332428,0.0,6.5,3.25,0.0,-0.44999998807907,3.1949999332428,0.0,6.5,12.4012203216553,1.20473229885101,-1.36282587051392,11.8334941864014,1.13043928146362,-0.87794321775436,"(11.83349, 1.130439, -0.877943)",truck body CS,12.1667537689209,0.1,12.4012203216553,1.20473229885101,-1.36282587051392,0.00073747700243,90.083440095379,0.0000012201708
768,left road,768,3.29499983787537,0.0,6.5,3.34999990463257,0.0,-0.44999998807907,3.29499983787537,0.0,6.5,12.4012203216553,1.20473229885101,-1.36282587051392,11.8317651748657,1.12939453125,-0.87112540006638,"(11.83177, 1.129395, -0.871125)",truck body CS,12.0912637710571,0.1,12.4012203216553,1.20473229885101,-1.36282587051392,0.00073747700243,90.083440095379,0.0000012201708
769,left road,769,3.39499998092651,0.0,6.5,3.45000004768372,0.0,-0.44999998807907,3.39499998092651,0.0,6.5,12.4012203216553,1.20473229885101,-1.36282587051392,11.8316822052002,1.12854695320129,-0.86559337377548,"(11.83168, 1.128547, -0.865593)",truck body CS,12.016131401062,0.1,12.4012203216553,1.20473229885101,-1.36282587051392,0.00073747700243,90.083440095379,0.0000012201708
770,left road,770,-3.50500011444092,0.0,6.59999990463257,-3.45000004768372,0.0,-0.34999999403954,-3.50500011444092,0.0,6.59999990463257,12.4012203216553,1.20473229885101,-1.36282587051392,11.7580938339233,1.15602207183838,-1.04086923599243,"(11.75809, 1.156022, -1.040869)",truck body CS,17.8287925720215,0.1,12.4012203216553,1.20473229885101,-1.36282587051392,0.00073747700243,90.083440095379,0.0000012201708
771,left road,771,-3.40499997138977,0.0,6.59999990463257,-3.34999990463257,0.0,-0.34999999403954,-3.40499997138977,0.0,6.59999990463257,12.4012203216553,1.20473229885101,-1.36282587051392,11.7583265304565,1.15573143959045,-1.03894901275635,"(11.75833, 1.155731, -1.038949)",truck body CS,17.7396335601807,0.1,12.4012203216553,1.20473229885101,-1.36282587051392,0.00073747700243,90.083440095379,0.0000012201708
772,left road,772,-3.3050000667572,0.0,6.59999990463257,-3.25,0.0,-0.34999999403954,-3.3050000667572,0.0,6.59999990463257,12.4012203216553,1.20473229885101,-1.36282587051392,11.7587490081787,1.15545201301575,-1.03710150718689,"(11.75875, 1.155452, -1.037102)",truck body CS,17.6505908966064,0.1,12.4012203216553,1.20473229885101,-1.36282587051392,0.00073747700243,90.083440095379,0.0000012201708
773,left road,773,-3.20500016212463,0.0,6.59999990463257,-3.15000009536743,0.0,-0.34999999403954,-3.20500016212463,0.0,6.59999990463257,12.4012203216553,1.20473229885101,-1.36282587051392,11.759596824646,1.15520167350769,-1.03544759750366,"(11.7596, 1.155202, -1.035448)",truck body CS,17.5616645812988,0.1,12.4012203216553,1.20473229885101,-1.36282587051392,0.00073747700243,90.083440095379,0.0000012201708
774,left road,774,-3.10500001907349,0.0,6.59999990463257,-3.04999995231628,0.0,-0.34999999403954,-3.10500001907349,0.0,6.59999990463257,12.4012203216553,1.20473229885101,-1.36282587051392,11.7604560852051,1.15494894981384,-1.03377723693848,"(11.76046, 1.154949, -1.033777)",truck body CS,17.4728603363037,0.1,12.4012203216553,1.20473229885101,-1.36282587051392,0.00073747700243,90.083440095379,0.0000012201708
775,left road,775,-3.00500011444092,0.0,6.59999990463257,-2.95000004768372,0.0,-0.34999999403954,-3.00500011444092,0.0,6.59999990463257,12.4012203216553,1.20473229885101,-1.36282587051392,11.7613258361816,1.1546938419342,-1.03209042549133,"(11.76133, 1.154694, -1.03209)",truck body CS,17.3841762542725,0.1,12.4012203216553,1.20473229885101,-1.36282587051392,0.00073747700243,90.083440095379,0.0000012201708
776,left road,776,-2.90499997138977,0.0,6.59999990463257,-2.84999990463257,0.0,-0.34999999403954,-2.90499997138977,0.0,6.59999990463257,12.4012203216553,1.20473229885101,-1.36282587051392,11.7622032165527,1.1544361114502,-1.03038704395294,"(11.7622, 1.154436, -1.030387)",truck body CS,17.2956161499023,0.1,12.4012203216553,1.20473229885101,-1.36282587051392,0.00073747700243,90.083440095379,0.0000012201708
777,left road,777,-2.8050000667572,0.0,6.59999990463257,-2.75,0.0,-0.34999999403954,-2.8050000667572,0.0,6.59999990463257,12.4012203216553,1.20473229885101,-1.36282587051392,11.7630796432495,1.15417468547821,-1.02865934371948,"(11.76308, 1.154175, -1.028659)",truck body CS,17.207181930542,0.1,12.4012203216553,1.20473229885101,-1.36282587051392,0.00073747700243,90.083440095379,0.0000012201708
778,left road,778,-2.70500016212463,0.0,6.59999990463257,-2.65000009536743,0.0,-0.34999999403954,-2.70500016212463,0.0,6.59999990463257,12.4012203216553,1.20473229885101,-1.36282587051392,11.7639436721802,1.1539089679718,-1.02690291404724,"(11.76394, 1.153909, -1.026903)",truck body CS,17.11887550354,0.1,12.4012203216553,1.20473229885101,-1.36282587051392,0.00073747700243,90.083440095379,0.0000012201708
779,left road,779,-2.60500001907349,0.0,6.59999990463257,-2.54999995231628,0.0,-0.34999999403954,-2.60500001907349,0.0,6.59999990463257,12.4012203216553,1.20473229885101,-1.36282587051392,11.764723777771,1.1536328792572,-1.02507853507996,"(11.76472, 1.153633, -1.025079)",truck body CS,17.0306968688965,0.1,12.4012203216553,1.20473229885101,-1.36282587051392,0.00073747700243,90.083440095379,0.0000012201708
780,left road,780,-2.50500011444092,0.0,6.59999990463257,-2.45000004768372,0.0,-0.34999999403954,-2.50500011444092,0.0,6.59999990463257,12.4012203216553,1.20473229885101,-1.36282587051392,11.7655162811279,1.15335416793823,-1.02323591709137,"(11.76552, 1.153354, -1.023236)",truck body CS,16.9426498413086,0.1,12.4012203216553,1.20473229885101,-1.36282587051392,0.00073747700243,90.083440095379,0.0000012201708
781,left road,781,-2.40499997138977,0.0,6.59999990463257,-2.34999990463257,0.0,-0.34999999403954,-2.40499997138977,0.0,6.59999990463257,12.4012203216553,1.20473229885101,-1.36282587051392,11.7663173675537,1.15307235717773,-1.0213725566864,"(11.76632, 1.153072, -1.021373)",truck body CS,16.854736328125,0.1,12.4012203216553,1.20473229885101,-1.36282587051392,0.00073747700243,90.083440095379,0.0000012201708
782,left road,782,-2.3050000667572,0.0,6.59999990463257,-2.25,0.0,-0.34999999403954,-2.3050000667572,0.0,6.59999990463257,12.4012203216553,1.20473229885101,-1.36282587051392,11.7684020996094,1.15289175510406,-1.02017998695374,"(11.7684, 1.152892, -1.02018)",truck body CS,16.7669582366943,0.1,12.4012203216553,1.20473229885101,-1.36282587051392,0.00073747700243,90.083440095379,0.0000012201708
783,left road,783,-2.20500016212463,0.0,6.59999990463257,-2.15000009536743,0.0,-0.34999999403954,-2.20500016212463,0.0,6.59999990463257,12.4012203216553,1.20473229885101,-1.36282587051392,11.7705898284912,1.15271723270416,-1.01902675628662,"(11.77059, 1.152717, -1.019027)",truck body CS,16.6793174743652,0.1,12.4012203216553,1.20473229885101,-1.36282587051392,0.00073747700243,90.083440095379,0.0000012201708
784,left road,784,-2.10500001907349,0.0,6.59999990463257,-2.04999995231628,0.0,-0.34999999403954,-2.10500001907349,0.0,6.59999990463257,12.4012203216553,1.20473229885101,-1.36282587051392,11.772873878479,1.15254843235016,-1.0179101228714,"(11.77287, 1.152548, -1.01791)",truck body CS,16.591817855835,0.1,12.4012203216553,1.20473229885101,-1.36282587051392,0.00073747700243,90.083440095379,0.0000012201708
785,left road,785,-2.00500011444092,0.0,6.59999990463257,-1.95000004768372,0.0,-0.34999999403954,-2.00500011444092,0.0,6.59999990463257,12.4012203216553,1.20473229885101,-1.36282587051392,11.7751808166504,1.15237927436829,-1.01679110527039,"(11.77518, 1.152379, -1.016791)",truck body CS,16.5044593811035,0.1,12.4012203216553,1.20473229885101,-1.36282587051392,0.00073747700243,90.083440095379,0.0000012201708
786,left road,786,-1.90499997138977,0.0,6.59999990463257,-1.85000002384186,0.0,-0.34999999403954,-1.90499997138977,0.0,6.59999990463257,12.4012203216553,1.20473229885101,-1.36282587051392,11.7775058746338,1.15220892429352,-1.01566660404205,"(11.77751, 1.152209, -1.015667)",truck body CS,16.4172439575195,0.1,12.4012203216553,1.20473229885101,-1.36282587051392,0.00073747700243,90.083440095379,0.0000012201708
787,left road,787,-1.80499994754791,0.0,6.59999990463257,-1.75,0.0,-0.34999999403954,-1.80499994754791,0.0,6.59999990463257,12.4012203216553,1.20473229885101,-1.36282587051392,11.7805976867676,1.15210139751434,-1.0149552822113,"(11.7806, 1.152101, -1.014955)",truck body CS,16.3301773071289,0.1,12.4012203216553,1.20473229885101,-1.36282587051392,0.00073747700243,90.083440095379,0.0000012201708
788,left road,788,-1.70499992370605,0.0,6.59999990463257,-1.64999997615814,0.0,-0.34999999403954,-1.70499992370605,0.0,6.59999990463257,12.4012203216553,1.20473229885101,-1.36282587051392,11.7841672897339,1.15203309059143,-1.01450395584106,"(11.78417, 1.152033, -1.014504)",truck body CS,16.243257522583,0.1,12.4012203216553,1.20473229885101,-1.36282587051392,0.00073747700243,90.083440095379,0.0000012201708
789,left road,789,-1.6049998998642,0.0,6.59999990463257,-1.54999995231628,0.0,-0.34999999403954,-1.6049998998642,0.0,6.59999990463257,12.4012203216553,1.20473229885101,-1.36282587051392,11.7877407073975,1.15196442604065,-1.0140495300293,"(11.78774, 1.151964, -1.01405)",truck body CS,16.1564903259277,0.1,12.4012203216553,1.20473229885101,-1.36282587051392,0.00073747700243,90.083440095379,0.0000012201708
790,left road,790,-1.50499999523163,0.0,6.59999990463257,-1.45000004768372,0.0,-0.34999999403954,-1.50499999523163,0.0,6.59999990463257,12.4012203216553,1.20473229885101,-1.36282587051392,11.7914905548096,1.15190970897675,-1.01368880271912,"(11.79149, 1.15191, -1.013689)",truck body CS,16.0698776245117,0.1,12.4012203216553,1.20473229885101,-1.36282587051392,0.00073747700243,90.083440095379,0.0000012201708
791,left road,791,-1.40499997138977,0.0,6.59999990463257,-1.35000002384186,0.0,-0.34999999403954,-1.40499997138977,0.0,6.59999990463257,12.4012203216553,1.20473229885101,-1.36282587051392,11.795521736145,1.15187883377075,-1.01348471641541,"(11.79552, 1.151879, -1.013485)",truck body CS,15.983419418335,0.1,12.4012203216553,1.20473229885101,-1.36282587051392,0.00073747700243,90.083440095379,0.0000012201708
792,left road,792,-1.30499994754791,0.0,6.59999990463257,-1.25,0.0,-0.34999999403954,-1.30499994754791,0.0,6.59999990463257,12.4012203216553,1.20473229885101,-1.36282587051392,11.7995557785034,1.15184783935547,-1.01328015327454,"(11.79956, 1.151848, -1.01328)",truck body CS,15.8971214294434,0.1,12.4012203216553,1.20473229885101,-1.36282587051392,0.00073747700243,90.083440095379,0.0000012201708
793,left road,793,-1.20499992370605,0.0,6.59999990463257,-1.14999997615814,0.0,-0.34999999403954,-1.20499992370605,0.0,6.59999990463257,12.4012203216553,1.20473229885101,-1.36282587051392,11.8035974502563,1.15181708335876,-1.01307535171509,"(11.8036, 1.151817, -1.013075)",truck body CS,15.8109836578369,0.1,12.4012203216553,1.20473229885101,-1.36282587051392,0.00073747700243,90.083440095379,0.0000012201708
794,left road,794,-1.1049998998642,0.0,6.59999990463257,-1.04999995231628,0.0,-0.34999999403954,-1.1049998998642,0.0,6.59999990463257,12.4012203216553,1.20473229885101,-1.36282587051392,11.8076410293579,1.1517858505249,-1.01287007331848,"(11.80764, 1.151786, -1.01287)",truck body CS,15.7250099182129,0.1,12.4012203216553,1.20473229885101,-1.36282587051392,0.00073747700243,90.083440095379,0.0000012201708
795,left road,795,-1.00499999523163,0.0,6.59999990463257,-0.94999998807907,0.0,-0.34999999403954,-1.00499999523163,0.0,6.59999990463257,12.4012203216553,1.20473229885101,-1.36282587051392,11.8117485046387,1.15176010131836,-1.01270031929016,"(11.81175, 1.15176, -1.0127)",truck body CS,15.6392040252686,0.1,12.4012203216553,1.20473229885101,-1.36282587051392,0.00073747700243,90.083440095379,0.0000012201708
796,left road,796,-0.90500003099442,0.0,6.59999990463257,-0.85000002384186,0.0,-0.34999999403954,-0.90500003099442,0.0,6.59999990463257,12.4012203216553,1.20473229885101,-1.36282587051392,11.8158473968506,1.15173316001892,-1.01252198219299,"(11.81585, 1.151733, -1.012522)",truck body CS,15.5535678863525,0.1,12.4012203216553,1.20473229885101,-1.36282587051392,0.00073747700243,90.083440095379,0.0000012201708
797,left road,797,-0.80500000715256,0.0,6.59999990463257,-0.75,0.0,-0.34999999403954,-0.80500000715256,0.0,6.59999990463257,12.4012203216553,1.20473229885101,-1.36282587051392,11.8189792633057,1.15161752700806,-1.01175689697266,"(11.81898, 1.151618, -1.011757)",truck body CS,15.4681034088135,0.1,12.4012203216553,1.20473229885101,-1.36282587051392,0.00073747700243,90.083440095379,0.0000012201708
798,left road,798,-0.7049999833107,0.0,6.59999990463257,-0.64999997615814,0.0,-0.34999999403954,-0.7049999833107,0.0,6.59999990463257,12.4012203216553,1.20473229885101,-1.36282587051392,11.8201217651367,1.15131723880768,-1.00977265834808,"(11.82012, 1.151317, -1.009773)",truck body CS,15.3828144073486,0.1,12.4012203216553,1.20473229885101,-1.36282587051392,0.00073747700243,90.083440095379,0.0000012201708
799,left road,799,-0.60500001907349,0.0,6.59999990463257,-0.55000001192093,0.0,-0.34999999403954,-0.60500001907349,0.0,6.59999990463257,12.4012203216553,1.20473229885101,-1.36282587051392,11.8230152130127,1.15117454528809,-1.00882959365845,"(11.82302, 1.151175, -1.00883)",truck body CS,15.297703742981,0.1,12.4012203216553,1.20473229885101,-1.36282587051392,0.00073747700243,90.083440095379,0.0000012201708
800,left road,800,-0.50499999523163,0.0,6.59999990463257,-0.44999998807907,0.0,-0.34999999403954,-0.50499999523163,0.0,6.59999990463257,12.4012203216553,1.20473229885101,-1.36282587051392,11.8275814056396,1.15118587017059,-1.00890350341797,"(11.82758, 1.151186, -1.008904)",truck body CS,15.2127742767334,0.1,12.4012203216553,1.20473229885101,-1.36282587051392,0.00073747700243,90.083440095379,0.0000012201708
801,left road,801,-0.40500000119209,0.0,6.59999990463257,-0.34999999403954,0.0,-0.34999999403954,-0.40500000119209,0.0,6.59999990463257,12.4012203216553,1.20473229885101,-1.36282587051392,11.8323955535889,1.15122056007385,-1.00913453102112,"(11.8324, 1.151221, -1.009135)",truck body CS,15.1280279159546,0.1,12.4012203216553,1.20473229885101,-1.36282587051392,0.00073747700243,90.083440095379,0.0000012201708
802,left road,802,-0.30500000715256,0.0,6.59999990463257,-0.25,0.0,-0.34999999403954,-0.30500000715256,0.0,6.59999990463257,12.4012203216553,1.20473229885101,-1.36282587051392,11.8371887207031,1.15125393867493,-1.00935435295105,"(11.83719, 1.151254, -1.009354)",truck body CS,15.0434713363647,0.1,12.4012203216553,1.20473229885101,-1.36282587051392,0.00073747700243,90.083440095379,0.0000012201708
803,left road,803,-0.20500001311302,0.0,6.59999990463257,-0.15000000596046,0.0,-0.34999999403954,-0.20500001311302,0.0,6.59999990463257,12.4012203216553,1.20473229885101,-1.36282587051392,11.8419761657715,1.15128719806671,-1.00957322120667,"(11.84198, 1.151287, -1.009573)",truck body CS,14.9591035842896,0.1,12.4012203216553,1.20473229885101,-1.36282587051392,0.00073747700243,90.083440095379,0.0000012201708
804,left road,804,-0.10500000417233,0.0,6.59999990463257,-0.05000000074506,0.0,-0.34999999403954,-0.10500000417233,0.0,6.59999990463257,12.4012203216553,1.20473229885101,-1.36282587051392,11.867959022522,1.15336275100708,-1.02329301834106,"(11.86796, 1.153363, -1.023293)",truck body CS,14.8749294281006,0.1,12.4012203216553,1.20473229885101,-1.36282587051392,0.00073747700243,90.083440095379,0.0000012201708
805,left road,805,-0.00499999895692,0.0,6.59999990463257,0.05000000074506,0.0,-0.34999999403954,-0.00499999895692,0.0,6.59999990463257,12.4012203216553,1.20473229885101,-1.36282587051392,11.8719673156738,1.15333807468414,-1.02312970161438,"(11.87197, 1.153338, -1.02313)",truck body CS,14.7909526824951,0.1,12.4012203216553,1.20473229885101,-1.36282587051392,0.00073747700243,90.083440095379,0.0000012201708
806,left road,806,0.09500000625849,0.0,6.59999990463257,0.15000000596046,0.0,-0.34999999403954,0.09500000625849,0.0,6.59999990463257,12.4012203216553,1.20473229885101,-1.36282587051392,11.8759822845459,1.15331339836121,-1.02296590805054,"(11.87598, 1.153313, -1.022966)",truck body CS,14.7071762084961,0.1,12.4012203216553,1.20473229885101,-1.36282587051392,0.00073747700243,90.083440095379,0.0000012201708
807,left road,807,0.19499999284744,0.0,6.59999990463257,0.25,0.0,-0.34999999403954,0.19499999284744,0.0,6.59999990463257,12.4012203216553,1.20473229885101,-1.36282587051392,11.8799962997437,1.15328824520111,-1.02280020713806,"(11.88, 1.153288, -1.0228)",truck body CS,14.6236038208008,0.1,12.4012203216553,1.20473229885101,-1.36282587051392,0.00073747700243,90.083440095379,0.0000012201708
808,left road,808,0.29499998688698,0.0,6.59999990463257,0.34999999403954,0.0,-0.34999999403954,0.29499998688698,0.0,6.59999990463257,12.4012203216553,1.20473229885101,-1.36282587051392,11.8847360610962,1.1533350944519,-1.02310991287231,"(11.88474, 1.153335, -1.02311)",truck body CS,14.5402393341064,0.1,12.4012203216553,1.20473229885101,-1.36282587051392,0.00073747700243,90.083440095379,0.0000012201708
809,left road,809,0.39499998092651,0.0,6.59999990463257,0.44999998807907,0.0,-0.34999999403954,0.39499998092651,0.0,6.59999990463257,12.4012203216553,1.20473229885101,-1.36282587051392,12.3512687683105,1.19972002506256,-1.32969677448273,"(12.35127, 1.19972, -1.329697)",EyeArea,14.4570846557617,0.1,12.4012203216553,1.20473229885101,-1.36282587051392,0.00073747700243,90.083440095379,0.0000012201708
810,left road,810,0.49500000476837,0.0,6.59999990463257,0.55000001192093,0.0,-0.34999999403954,0.49500000476837,0.0,6.59999990463257,12.4012203216553,1.20473229885101,-1.36282587051392,12.3512687683105,1.19967794418335,-1.32941877841949,"(12.35127, 1.199678, -1.329419)",EyeArea,14.3741455078125,0.1,12.4012203216553,1.20473229885101,-1.36282587051392,0.00073747700243,90.083440095379,0.0000012201708
811,left road,811,0.59499996900558,0.0,6.59999990463257,0.64999997615814,0.0,-0.34999999403954,0.59499996900558,0.0,6.59999990463257,12.4012203216553,1.20473229885101,-1.36282587051392,12.3512697219849,1.1996351480484,-1.32913649082184,"(12.35127, 1.199635, -1.329136)",EyeArea,14.2914247512817,0.1,12.4012203216553,1.20473229885101,-1.36282587051392,0.00073747700243,90.083440095379,0.0000012201708
812,left road,812,0.69499999284744,0.0,6.59999990463257,0.75,0.0,-0.34999999403954,0.69499999284744,0.0,6.59999990463257,12.4012203216553,1.20473229885101,-1.36282587051392,12.3512697219849,1.19959163665771,-1.32884848117828,"(12.35127, 1.199592, -1.328848)",EyeArea,14.2089262008667,0.1,12.4012203216553,1.20473229885101,-1.36282587051392,0.00073747700243,90.083440095379,0.0000012201708
813,left road,813,0.7950000166893,0.0,6.59999990463257,0.85000002384186,0.0,-0.34999999403954,0.7950000166893,0.0,6.59999990463257,12.4012203216553,1.20473229885101,-1.36282587051392,12.3512706756592,1.19954741001129,-1.32855618000031,"(12.35127, 1.199547, -1.328556)",EyeArea,14.1266527175903,0.1,12.4012203216553,1.20473229885101,-1.36282587051392,0.00073747700243,90.083440095379,0.0000012201708
814,left road,814,0.89499998092651,0.0,6.59999990463257,0.94999998807907,0.0,-0.34999999403954,0.89499998092651,0.0,6.59999990463257,12.4012203216553,1.20473229885101,-1.36282587051392,12.3512706756592,1.19950246810913,-1.32825863361359,"(12.35127, 1.199502, -1.328259)",EyeArea,14.0446100234985,0.1,12.4012203216553,1.20473229885101,-1.36282587051392,0.00073747700243,90.083440095379,0.0000012201708
815,left road,815,0.99499994516373,0.0,6.59999990463257,1.04999995231628,0.0,-0.34999999403954,0.99499994516373,0.0,6.59999990463257,12.4012203216553,1.20473229885101,-1.36282587051392,12.3512716293335,1.19945657253265,-1.32795584201813,"(12.35127, 1.199457, -1.327956)",EyeArea,13.9628019332886,0.1,12.4012203216553,1.20473229885101,-1.36282587051392,0.00073747700243,90.083440095379,0.0000012201708
816,left road,816,1.09500002861023,0.0,6.59999990463257,1.14999997615814,0.0,-0.34999999403954,1.09500002861023,0.0,6.59999990463257,12.4012203216553,1.20473229885101,-1.36282587051392,12.3512716293335,1.19940996170044,-1.32764780521393,"(12.35127, 1.19941, -1.327648)",EyeArea,13.8812322616577,0.1,12.4012203216553,1.20473229885101,-1.36282587051392,0.00073747700243,90.083440095379,0.0000012201708
817,left road,817,1.19500005245209,0.0,6.59999990463257,1.25,0.0,-0.34999999403954,1.19500005245209,0.0,6.59999990463257,12.4012203216553,1.20473229885101,-1.36282587051392,12.3512725830078,1.1993625164032,-1.32733404636383,"(12.35127, 1.199363, -1.327334)",EyeArea,13.7999038696289,0.1,12.4012203216553,1.20473229885101,-1.36282587051392,0.00073747700243,90.083440095379,0.0000012201708
818,left road,818,1.29500007629395,0.0,6.59999990463257,1.35000002384186,0.0,-0.34999999403954,1.29500007629395,0.0,6.59999990463257,12.4012203216553,1.20473229885101,-1.36282587051392,12.3512725830078,1.19931423664093,-1.32701456546783,"(12.35127, 1.199314, -1.327015)",EyeArea,13.718822479248,0.1,12.4012203216553,1.20473229885101,-1.36282587051392,0.00073747700243,90.083440095379,0.0000012201708
819,left road,819,1.3950001001358,0.0,6.59999990463257,1.45000004768372,0.0,-0.34999999403954,1.3950001001358,0.0,6.59999990463257,12.4012203216553,1.20473229885101,-1.36282587051392,12.3512735366821,1.19926512241364,-1.32669031620026,"(12.35127, 1.199265, -1.32669)",EyeArea,13.6379928588867,0.1,12.4012203216553,1.20473229885101,-1.36282587051392,0.00073747700243,90.083440095379,0.0000012201708
820,left road,820,1.49500000476837,0.0,6.59999990463257,1.54999995231628,0.0,-0.34999999403954,1.49500000476837,0.0,6.59999990463257,12.4012203216553,1.20473229885101,-1.36282587051392,12.3512735366821,1.19921493530273,-1.32635891437531,"(12.35127, 1.199215, -1.326359)",EyeArea,13.5574197769165,0.1,12.4012203216553,1.20473229885101,-1.36282587051392,0.00073747700243,90.083440095379,0.0000012201708
821,left road,821,1.59500002861023,0.0,6.59999990463257,1.64999997615814,0.0,-0.34999999403954,1.59500002861023,0.0,6.59999990463257,12.4012203216553,1.20473229885101,-1.36282587051392,12.3512744903564,1.1991640329361,-1.32602179050446,"(12.35127, 1.199164, -1.326022)",EyeArea,13.477105140686,0.1,12.4012203216553,1.20473229885101,-1.36282587051392,0.00073747700243,90.083440095379,0.0000012201708
822,left road,822,1.69500005245209,0.0,6.59999990463257,1.75,0.0,-0.34999999403954,1.69500005245209,0.0,6.59999990463257,12.4012203216553,1.20473229885101,-1.36282587051392,12.3512744903564,1.19911205768585,-1.32567846775055,"(12.35127, 1.199112, -1.325678)",EyeArea,13.3970575332642,0.1,12.4012203216553,1.20473229885101,-1.36282587051392,0.00073747700243,90.083440095379,0.0000012201708
823,left road,823,1.79500007629395,0.0,6.59999990463257,1.85000002384186,0.0,-0.34999999403954,1.79500007629395,0.0,6.59999990463257,12.4012203216553,1.20473229885101,-1.36282587051392,12.3512754440308,1.19905912876129,-1.32532846927643,"(12.35128, 1.199059, -1.325328)",EyeArea,13.3172779083252,0.1,12.4012203216553,1.20473229885101,-1.36282587051392,0.00073747700243,90.083440095379,0.0000012201708
824,left road,824,1.8950001001358,0.0,6.59999990463257,1.95000004768372,0.0,-0.34999999403954,1.8950001001358,0.0,6.59999990463257,12.4012203216553,1.20473229885101,-1.36282587051392,12.3512754440308,1.19900512695313,-1.32497179508209,"(12.35128, 1.199005, -1.324972)",EyeArea,13.237771987915,0.1,12.4012203216553,1.20473229885101,-1.36282587051392,0.00073747700243,90.083440095379,0.0000012201708
825,left road,825,1.99500000476837,0.0,6.59999990463257,2.04999995231628,0.0,-0.34999999403954,1.99500000476837,0.0,6.59999990463257,12.4012203216553,1.20473229885101,-1.36282587051392,12.3512763977051,1.19895017147064,-1.3246089220047,"(12.35128, 1.19895, -1.324609)",EyeArea,13.1585483551025,0.1,12.4012203216553,1.20473229885101,-1.36282587051392,0.00073747700243,90.083440095379,0.0000012201708
826,left road,826,2.09500002861023,0.0,6.59999990463257,2.15000009536743,0.0,-0.34999999403954,2.09500002861023,0.0,6.59999990463257,12.4012203216553,1.20473229885101,-1.36282587051392,12.3512763977051,1.19889414310455,-1.32423841953278,"(12.35128, 1.198894, -1.324238)",EyeArea,13.079607963562,0.1,12.4012203216553,1.20473229885101,-1.36282587051392,0.00073747700243,90.083440095379,0.0000012201708
827,left road,827,2.1949999332428,0.0,6.59999990463257,2.25,0.0,-0.34999999403954,2.1949999332428,0.0,6.59999990463257,12.4012203216553,1.20473229885101,-1.36282587051392,12.3512773513794,1.19883704185486,-1.32386076450348,"(12.35128, 1.198837, -1.323861)",EyeArea,13.0009574890137,0.1,12.4012203216553,1.20473229885101,-1.36282587051392,0.00073747700243,90.083440095379,0.0000012201708
828,left road,828,2.29499983787537,0.0,6.59999990463257,2.34999990463257,0.0,-0.34999999403954,2.29499983787537,0.0,6.59999990463257,12.4012203216553,1.20473229885101,-1.36282587051392,12.3512783050537,1.19877874851227,-1.32347548007965,"(12.35128, 1.198779, -1.323475)",EyeArea,12.9226026535034,0.1,12.4012203216553,1.20473229885101,-1.36282587051392,0.00073747700243,90.083440095379,0.0000012201708
829,left road,829,2.39499998092651,0.0,6.59999990463257,2.45000004768372,0.0,-0.34999999403954,2.39499998092651,0.0,6.59999990463257,12.4012203216553,1.20473229885101,-1.36282587051392,12.3512783050537,1.19871938228607,-1.32308304309845,"(12.35128, 1.198719, -1.323083)",EyeArea,12.8445472717285,0.1,12.4012203216553,1.20473229885101,-1.36282587051392,0.00073747700243,90.083440095379,0.0000012201708
830,left road,830,2.49499988555908,0.0,6.59999990463257,2.54999995231628,0.0,-0.34999999403954,2.49499988555908,0.0,6.59999990463257,12.4012203216553,1.20473229885101,-1.36282587051392,12.351279258728,1.19865870475769,-1.3226820230484,"(12.35128, 1.198659, -1.322682)",EyeArea,12.7667999267578,0.1,12.4012203216553,1.20473229885101,-1.36282587051392,0.00073747700243,90.083440095379,0.0000012201708
831,left road,831,2.59500002861023,0.0,6.59999990463257,2.65000009536743,0.0,-0.34999999403954,2.59500002861023,0.0,6.59999990463257,12.4012203216553,1.20473229885101,-1.36282587051392,12.351279258728,1.19859683513641,-1.32227337360382,"(12.35128, 1.198597, -1.322273)",EyeArea,12.6893625259399,0.1,12.4012203216553,1.20473229885101,-1.36282587051392,0.00073747700243,90.083440095379,0.0000012201708
832,left road,832,2.6949999332428,0.0,6.59999990463257,2.75,0.0,-0.34999999403954,2.6949999332428,0.0,6.59999990463257,12.4012203216553,1.20473229885101,-1.36282587051392,12.3512802124023,1.19853365421295,-1.32185566425323,"(12.35128, 1.198534, -1.321856)",EyeArea,12.6122436523438,0.1,12.4012203216553,1.20473229885101,-1.36282587051392,0.00073747700243,90.083440095379,0.0000012201708
833,left road,833,2.79499983787537,0.0,6.59999990463257,2.84999990463257,0.0,-0.34999999403954,2.79499983787537,0.0,6.59999990463257,12.4012203216553,1.20473229885101,-1.36282587051392,12.3512811660767,1.19846928119659,-1.32142984867096,"(12.35128, 1.198469, -1.32143)",EyeArea,12.5354471206665,0.1,12.4012203216553,1.20473229885101,-1.36282587051392,0.00073747700243,90.083440095379,0.0000012201708
834,left road,834,2.89499998092651,0.0,6.59999990463257,2.95000004768372,0.0,-0.34999999403954,2.89499998092651,0.0,6.59999990463257,12.4012203216553,1.20473229885101,-1.36282587051392,12.3512811660767,1.19840347766876,-1.32099509239197,"(12.35128, 1.198403, -1.320995)",EyeArea,12.4589805603027,0.1,12.4012203216553,1.20473229885101,-1.36282587051392,0.00073747700243,90.083440095379,0.0000012201708
835,left road,835,2.99499988555908,0.0,6.59999990463257,3.04999995231628,0.0,-0.34999999403954,2.99499988555908,0.0,6.59999990463257,12.4012203216553,1.20473229885101,-1.36282587051392,12.351282119751,1.19833624362946,-1.32055115699768,"(12.35128, 1.198336, -1.320551)",EyeArea,12.3828496932983,0.1,12.4012203216553,1.20473229885101,-1.36282587051392,0.00073747700243,90.083440095379,0.0000012201708
836,left road,836,3.09500002861023,0.0,6.59999990463257,3.15000009536743,0.0,-0.34999999403954,3.09500002861023,0.0,6.59999990463257,12.4012203216553,1.20473229885101,-1.36282587051392,11.8362007141113,1.13158786296844,-0.87936919927597,"(11.8362, 1.131588, -0.879369)",truck body CS,12.3070592880249,0.1,12.4012203216553,1.20473229885101,-1.36282587051392,0.00073747700243,90.083440095379,0.0000012201708
837,left road,837,3.1949999332428,0.0,6.59999990463257,3.25,0.0,-0.34999999403954,3.1949999332428,0.0,6.59999990463257,12.4012203216553,1.20473229885101,-1.36282587051392,11.8345289230347,1.13057446479797,-0.87267100811005,"(11.83453, 1.130574, -0.872671)",truck body CS,12.2316179275513,0.1,12.4012203216553,1.20473229885101,-1.36282587051392,0.00073747700243,90.083440095379,0.0000012201708
838,left road,838,3.29499983787537,0.0,6.59999990463257,3.34999990463257,0.0,-0.34999999403954,3.29499983787537,0.0,6.59999990463257,12.4012203216553,1.20473229885101,-1.36282587051392,11.8338766098022,1.12967395782471,-0.86671769618988,"(11.83388, 1.129674, -0.866718)",truck body CS,12.156530380249,0.1,12.4012203216553,1.20473229885101,-1.36282587051392,0.00073747700243,90.083440095379,0.0000012201708
839,left road,839,3.39499998092651,0.0,6.59999990463257,3.45000004768372,0.0,-0.34999999403954,3.39499998092651,0.0,6.59999990463257,12.4012203216553,1.20473229885101,-1.36282587051392,11.8338212966919,1.12883305549622,-0.86116069555283,"(11.83382, 1.128833, -0.861161)",truck body CS,12.0818033218384,0.1,12.4012203216553,1.20473229885101,-1.36282587051392,0.00073747700243,90.083440095379,0.0000012201708
840,left road,840,-3.50500011444092,0.0,6.69999980926514,-3.45000004768372,0.0,-0.25,-3.50500011444092,0.0,6.69999980926514,12.4012203216553,1.20473229885101,-1.36282587051392,11.7595367431641,1.15613126754761,-1.03755807876587,"(11.75954, 1.156131, -1.037558)",truck body CS,17.8736782073975,0.1,12.4012203216553,1.20473229885101,-1.36282587051392,0.00073747700243,90.083440095379,0.0000012201708
841,left road,841,-3.40499997138977,0.0,6.69999980926514,-3.34999990463257,0.0,-0.25,-3.40499997138977,0.0,6.69999980926514,12.4012203216553,1.20473229885101,-1.36282587051392,11.7603797912598,1.15588808059692,-1.03592967987061,"(11.76038, 1.155888, -1.03593)",truck body CS,17.7847442626953,0.1,12.4012203216553,1.20473229885101,-1.36282587051392,0.00073747700243,90.083440095379,0.0000012201708
842,left road,842,-3.3050000667572,0.0,6.69999980926514,-3.25,0.0,-0.25,-3.3050000667572,0.0,6.69999980926514,12.4012203216553,1.20473229885101,-1.36282587051392,11.7612247467041,1.155641913414,-1.03428244590759,"(11.76122, 1.155642, -1.034282)",truck body CS,17.6959285736084,0.1,12.4012203216553,1.20473229885101,-1.36282587051392,0.00073747700243,90.083440095379,0.0000012201708
843,left road,843,-3.20500016212463,0.0,6.69999980926514,-3.15000009536743,0.0,-0.25,-3.20500016212463,0.0,6.69999980926514,12.4012203216553,1.20473229885101,-1.36282587051392,11.7620935440063,1.15539455413818,-1.03262674808502,"(11.76209, 1.155395, -1.032627)",truck body CS,17.6072330474854,0.1,12.4012203216553,1.20473229885101,-1.36282587051392,0.00073747700243,90.083440095379,0.0000012201708
844,left road,844,-3.10500001907349,0.0,6.69999980926514,-3.04999995231628,0.0,-0.25,-3.10500001907349,0.0,6.69999980926514,12.4012203216553,1.20473229885101,-1.36282587051392,11.7629623413086,1.15514373779297,-1.03094899654388,"(11.76296, 1.155144, -1.030949)",truck body CS,17.5186595916748,0.1,12.4012203216553,1.20473229885101,-1.36282587051392,0.00073747700243,90.083440095379,0.0000012201708
845,left road,845,-3.00500011444092,0.0,6.69999980926514,-2.95000004768372,0.0,-0.25,-3.00500011444092,0.0,6.69999980926514,12.4012203216553,1.20473229885101,-1.36282587051392,11.7638425827026,1.15489077568054,-1.02925550937653,"(11.76384, 1.154891, -1.029256)",truck body CS,17.4302082061768,0.1,12.4012203216553,1.20473229885101,-1.36282587051392,0.00073747700243,90.083440095379,0.0000012201708
846,left road,846,-2.90499997138977,0.0,6.69999980926514,-2.84999990463257,0.0,-0.25,-2.90499997138977,0.0,6.69999980926514,12.4012203216553,1.20473229885101,-1.36282587051392,11.7647218704224,1.15463423728943,-1.02753877639771,"(11.76472, 1.154634, -1.027539)",truck body CS,17.3418827056885,0.1,12.4012203216553,1.20473229885101,-1.36282587051392,0.00073747700243,90.083440095379,0.0000012201708
847,left road,847,-2.8050000667572,0.0,6.69999980926514,-2.75,0.0,-0.25,-2.8050000667572,0.0,6.69999980926514,12.4012203216553,1.20473229885101,-1.36282587051392,11.7654943466187,1.15436601638794,-1.02574372291565,"(11.76549, 1.154366, -1.025744)",truck body CS,17.2536869049072,0.1,12.4012203216553,1.20473229885101,-1.36282587051392,0.00073747700243,90.083440095379,0.0000012201708
848,left road,848,-2.70500016212463,0.0,6.69999980926514,-2.65000009536743,0.0,-0.25,-2.70500016212463,0.0,6.69999980926514,12.4012203216553,1.20473229885101,-1.36282587051392,11.7662782669067,1.15409517288208,-1.02393102645874,"(11.76628, 1.154095, -1.023931)",truck body CS,17.1656188964844,0.1,12.4012203216553,1.20473229885101,-1.36282587051392,0.00073747700243,90.083440095379,0.0000012201708
849,left road,849,-2.60500001907349,0.0,6.69999980926514,-2.54999995231628,0.0,-0.25,-2.60500001907349,0.0,6.69999980926514,12.4012203216553,1.20473229885101,-1.36282587051392,11.767071723938,1.15382146835327,-1.02209877967834,"(11.76707, 1.153821, -1.022099)",truck body CS,17.0776805877686,0.1,12.4012203216553,1.20473229885101,-1.36282587051392,0.00073747700243,90.083440095379,0.0000012201708
850,left road,850,-2.50500011444092,0.0,6.69999980926514,-2.45000004768372,0.0,-0.25,-2.50500011444092,0.0,6.69999980926514,12.4012203216553,1.20473229885101,-1.36282587051392,11.7687730789185,1.15361738204956,-1.02073287963867,"(11.76877, 1.153617, -1.020733)",truck body CS,16.9898777008057,0.1,12.4012203216553,1.20473229885101,-1.36282587051392,0.00073747700243,90.083440095379,0.0000012201708
851,left road,851,-2.40499997138977,0.0,6.69999980926514,-2.34999990463257,0.0,-0.25,-2.40499997138977,0.0,6.69999980926514,12.4012203216553,1.20473229885101,-1.36282587051392,11.7709379196167,1.15344834327698,-1.01960158348084,"(11.77094, 1.153448, -1.019602)",truck body CS,16.9022102355957,0.1,12.4012203216553,1.20473229885101,-1.36282587051392,0.00073747700243,90.083440095379,0.0000012201708
852,left road,852,-2.3050000667572,0.0,6.69999980926514,-2.25,0.0,-0.25,-2.3050000667572,0.0,6.69999980926514,12.4012203216553,1.20473229885101,-1.36282587051392,11.7731618881226,1.15328180789948,-1.01848673820496,"(11.77316, 1.153282, -1.018487)",truck body CS,16.8146800994873,0.1,12.4012203216553,1.20473229885101,-1.36282587051392,0.00073747700243,90.083440095379,0.0000012201708
853,left road,853,-2.20500016212463,0.0,6.69999980926514,-2.15000009536743,0.0,-0.25,-2.20500016212463,0.0,6.69999980926514,12.4012203216553,1.20473229885101,-1.36282587051392,11.7754411697388,1.15311753749847,-1.01738715171814,"(11.77544, 1.153118, -1.017387)",truck body CS,16.7272891998291,0.1,12.4012203216553,1.20473229885101,-1.36282587051392,0.00073747700243,90.083440095379,0.0000012201708
854,left road,854,-2.10500001907349,0.0,6.69999980926514,-2.04999995231628,0.0,-0.25,-2.10500001907349,0.0,6.69999980926514,12.4012203216553,1.20473229885101,-1.36282587051392,11.7777328491211,1.15295195579529,-1.01627969741821,"(11.77773, 1.152952, -1.01628)",truck body CS,16.6400413513184,0.1,12.4012203216553,1.20473229885101,-1.36282587051392,0.00073747700243,90.083440095379,0.0000012201708
855,left road,855,-2.00500011444092,0.0,6.69999980926514,-1.95000004768372,0.0,-0.25,-2.00500011444092,0.0,6.69999980926514,12.4012203216553,1.20473229885101,-1.36282587051392,11.7803869247437,1.15281450748444,-1.01535952091217,"(11.78039, 1.152815, -1.01536)",truck body CS,16.5529365539551,0.1,12.4012203216553,1.20473229885101,-1.36282587051392,0.00073747700243,90.083440095379,0.0000012201708
856,left road,856,-1.90499997138977,0.0,6.69999980926514,-1.85000002384186,0.0,-0.25,-1.90499997138977,0.0,6.69999980926514,12.4012203216553,1.20473229885101,-1.36282587051392,11.783899307251,1.15274739265442,-1.01490998268127,"(11.7839, 1.152747, -1.01491)",truck body CS,16.4659786224365,0.1,12.4012203216553,1.20473229885101,-1.36282587051392,0.00073747700243,90.083440095379,0.0000012201708
857,left road,857,-1.80499994754791,0.0,6.69999980926514,-1.75,0.0,-0.25,-1.80499994754791,0.0,6.69999980926514,12.4012203216553,1.20473229885101,-1.36282587051392,11.7874298095703,1.15268087387085,-1.01446533203125,"(11.78743, 1.152681, -1.014465)",truck body CS,16.37917137146,0.1,12.4012203216553,1.20473229885101,-1.36282587051392,0.00073747700243,90.083440095379,0.0000012201708
858,left road,858,-1.70499992370605,0.0,6.69999980926514,-1.64999997615814,0.0,-0.25,-1.70499992370605,0.0,6.69999980926514,12.4012203216553,1.20473229885101,-1.36282587051392,11.790997505188,1.15261650085449,-1.01403474807739,"(11.791, 1.152617, -1.014035)",truck body CS,16.2925128936768,0.1,12.4012203216553,1.20473229885101,-1.36282587051392,0.00073747700243,90.083440095379,0.0000012201708
859,left road,859,-1.6049998998642,0.0,6.69999980926514,-1.54999995231628,0.0,-0.25,-1.6049998998642,0.0,6.69999980926514,12.4012203216553,1.20473229885101,-1.36282587051392,11.7949733734131,1.15258646011353,-1.01383304595947,"(11.79497, 1.152586, -1.013833)",truck body CS,16.2060089111328,0.1,12.4012203216553,1.20473229885101,-1.36282587051392,0.00073747700243,90.083440095379,0.0000012201708
860,left road,860,-1.50499999523163,0.0,6.69999980926514,-1.45000004768372,0.0,-0.25,-1.50499999523163,0.0,6.69999980926514,12.4012203216553,1.20473229885101,-1.36282587051392,11.7989521026611,1.15255618095398,-1.01363074779511,"(11.79895, 1.152556, -1.013631)",truck body CS,16.1196613311768,0.1,12.4012203216553,1.20473229885101,-1.36282587051392,0.00073747700243,90.083440095379,0.0000012201708
861,left road,861,-1.40499997138977,0.0,6.69999980926514,-1.35000002384186,0.0,-0.25,-1.40499997138977,0.0,6.69999980926514,12.4012203216553,1.20473229885101,-1.36282587051392,11.8029403686523,1.1525262594223,-1.01343083381653,"(11.80294, 1.152526, -1.013431)",truck body CS,16.0334739685059,0.1,12.4012203216553,1.20473229885101,-1.36282587051392,0.00073747700243,90.083440095379,0.0000012201708
862,left road,862,-1.30499994754791,0.0,6.69999980926514,-1.25,0.0,-0.25,-1.30499994754791,0.0,6.69999980926514,12.4012203216553,1.20473229885101,-1.36282587051392,11.8069314956665,1.15249609947205,-1.01322865486145,"(11.80693, 1.152496, -1.013229)",truck body CS,15.9474458694458,0.1,12.4012203216553,1.20473229885101,-1.36282587051392,0.00073747700243,90.083440095379,0.0000012201708
863,left road,863,-1.20499992370605,0.0,6.69999980926514,-1.14999997615814,0.0,-0.25,-1.20499992370605,0.0,6.69999980926514,12.4012203216553,1.20473229885101,-1.36282587051392,11.8109045028687,1.15246415138245,-1.01301455497742,"(11.8109, 1.152464, -1.013015)",truck body CS,15.8615818023682,0.1,12.4012203216553,1.20473229885101,-1.36282587051392,0.00073747700243,90.083440095379,0.0000012201708
864,left road,864,-1.1049998998642,0.0,6.69999980926514,-1.04999995231628,0.0,-0.25,-1.1049998998642,0.0,6.69999980926514,12.4012203216553,1.20473229885101,-1.36282587051392,11.8150196075439,1.1524441242218,-1.01288080215454,"(11.81502, 1.152444, -1.012881)",truck body CS,15.7758836746216,0.1,12.4012203216553,1.20473229885101,-1.36282587051392,0.00073747700243,90.083440095379,0.0000012201708
865,left road,865,-1.00499999523163,0.0,6.69999980926514,-0.94999998807907,0.0,-0.25,-1.00499999523163,0.0,6.69999980926514,12.4012203216553,1.20473229885101,-1.36282587051392,11.8194589614868,1.15245294570923,-1.01293981075287,"(11.81946, 1.152453, -1.01294)",truck body CS,15.6903562545776,0.1,12.4012203216553,1.20473229885101,-1.36282587051392,0.00073747700243,90.083440095379,0.0000012201708
866,left road,866,-0.90500003099442,0.0,6.69999980926514,-0.85000002384186,0.0,-0.25,-0.90500003099442,0.0,6.69999980926514,12.4012203216553,1.20473229885101,-1.36282587051392,11.8205661773682,1.15216040611267,-1.010981798172,"(11.82057, 1.15216, -1.010982)",truck body CS,15.6050004959106,0.1,12.4012203216553,1.20473229885101,-1.36282587051392,0.00073747700243,90.083440095379,0.0000012201708
867,left road,867,-0.80500000715256,0.0,6.69999980926514,-0.75,0.0,-0.25,-0.80500000715256,0.0,6.69999980926514,12.4012203216553,1.20473229885101,-1.36282587051392,11.8226051330566,1.15194821357727,-1.00956273078918,"(11.82261, 1.151948, -1.009563)",truck body CS,15.5198202133179,0.1,12.4012203216553,1.20473229885101,-1.36282587051392,0.00073747700243,90.083440095379,0.0000012201708
868,left road,868,-0.7049999833107,0.0,6.69999980926514,-0.64999997615814,0.0,-0.25,-0.7049999833107,0.0,6.69999980926514,12.4012203216553,1.20473229885101,-1.36282587051392,11.8261890411377,1.15187501907349,-1.00907158851624,"(11.82619, 1.151875, -1.009072)",truck body CS,15.4348163604736,0.1,12.4012203216553,1.20473229885101,-1.36282587051392,0.00073747700243,90.083440095379,0.0000012201708
869,left road,869,-0.60500001907349,0.0,6.69999980926514,-0.55000001192093,0.0,-0.25,-0.60500001907349,0.0,6.69999980926514,12.4012203216553,1.20473229885101,-1.36282587051392,11.8309478759766,1.15190935134888,-1.00930190086365,"(11.83095, 1.151909, -1.009302)",truck body CS,15.3499937057495,0.1,12.4012203216553,1.20473229885101,-1.36282587051392,0.00073747700243,90.083440095379,0.0000012201708
870,left road,870,-0.50499999523163,0.0,6.69999980926514,-0.44999998807907,0.0,-0.25,-0.50499999523163,0.0,6.69999980926514,12.4012203216553,1.20473229885101,-1.36282587051392,11.8356781005859,1.15194177627563,-1.00951814651489,"(11.83568, 1.151942, -1.009518)",truck body CS,15.2653551101685,0.1,12.4012203216553,1.20473229885101,-1.36282587051392,0.00073747700243,90.083440095379,0.0000012201708
871,left road,871,-0.40500000119209,0.0,6.69999980926514,-0.34999999403954,0.0,-0.25,-0.40500000119209,0.0,6.69999980926514,12.4012203216553,1.20473229885101,-1.36282587051392,11.840404510498,1.15197396278381,-1.00973439216614,"(11.8404, 1.151974, -1.009734)",truck body CS,15.1809024810791,0.1,12.4012203216553,1.20473229885101,-1.36282587051392,0.00073747700243,90.083440095379,0.0000012201708
872,left road,872,-0.30500000715256,0.0,6.69999980926514,-0.25,0.0,-0.25,-0.30500000715256,0.0,6.69999980926514,12.4012203216553,1.20473229885101,-1.36282587051392,11.8667659759521,1.15405821800232,-1.02368307113647,"(11.86677, 1.154058, -1.023683)",truck body CS,15.0966415405273,0.1,12.4012203216553,1.20473229885101,-1.36282587051392,0.00073747700243,90.083440095379,0.0000012201708
873,left road,873,-0.20500001311302,0.0,6.69999980926514,-0.15000000596046,0.0,-0.25,-0.20500001311302,0.0,6.69999980926514,12.4012203216553,1.20473229885101,-1.36282587051392,11.8707180023193,1.15403389930725,-1.02352094650269,"(11.87072, 1.154034, -1.023521)",truck body CS,15.0125732421875,0.1,12.4012203216553,1.20473229885101,-1.36282587051392,0.00073747700243,90.083440095379,0.0000012201708
874,left road,874,-0.10500000417233,0.0,6.69999980926514,-0.05000000074506,0.0,-0.25,-0.10500000417233,0.0,6.69999980926514,12.4012203216553,1.20473229885101,-1.36282587051392,11.8746747970581,1.15400969982147,-1.0233588218689,"(11.87467, 1.15401, -1.023359)",truck body CS,14.9287004470825,0.1,12.4012203216553,1.20473229885101,-1.36282587051392,0.00073747700243,90.083440095379,0.0000012201708
875,left road,875,-0.00499999895692,0.0,6.69999980926514,0.05000000074506,0.0,-0.25,-0.00499999895692,0.0,6.69999980926514,12.4012203216553,1.20473229885101,-1.36282587051392,11.8786172866821,1.15398383140564,-1.02318525314331,"(11.87862, 1.153984, -1.023185)",truck body CS,14.845027923584,0.1,12.4012203216553,1.20473229885101,-1.36282587051392,0.00073747700243,90.083440095379,0.0000012201708
876,left road,876,0.09500000625849,0.0,6.69999980926514,0.15000000596046,0.0,-0.25,0.09500000625849,0.0,6.69999980926514,12.4012203216553,1.20473229885101,-1.36282587051392,11.8828649520874,1.15398716926575,-1.02320790290833,"(11.88286, 1.153987, -1.023208)",truck body CS,14.7615575790405,0.1,12.4012203216553,1.20473229885101,-1.36282587051392,0.00073747700243,90.083440095379,0.0000012201708
877,left road,877,0.19499999284744,0.0,6.69999980926514,0.25,0.0,-0.25,0.19499999284744,0.0,6.69999980926514,12.4012203216553,1.20473229885101,-1.36282587051392,11.8875465393066,1.15403366088867,-1.02351868152618,"(11.88755, 1.154034, -1.023519)",truck body CS,14.678295135498,0.1,12.4012203216553,1.20473229885101,-1.36282587051392,0.00073747700243,90.083440095379,0.0000012201708
878,left road,878,0.29499998688698,0.0,6.69999980926514,0.34999999403954,0.0,-0.25,0.29499998688698,0.0,6.69999980926514,12.4012203216553,1.20473229885101,-1.36282587051392,12.3512687683105,1.19976139068604,-1.32955801486969,"(12.35127, 1.199761, -1.329558)",EyeArea,14.5952434539795,0.1,12.4012203216553,1.20473229885101,-1.36282587051392,0.00073747700243,90.083440095379,0.0000012201708
879,left road,879,0.39499998092651,0.0,6.69999980926514,0.44999998807907,0.0,-0.25,0.39499998092651,0.0,6.69999980926514,12.4012203216553,1.20473229885101,-1.36282587051392,12.3512697219849,1.19972002506256,-1.32928144931793,"(12.35127, 1.19972, -1.329281)",EyeArea,14.5124034881592,0.1,12.4012203216553,1.20473229885101,-1.36282587051392,0.00073747700243,90.083440095379,0.0000012201708
880,left road,880,0.49500000476837,0.0,6.69999980926514,0.55000001192093,0.0,-0.25,0.49500000476837,0.0,6.69999980926514,12.4012203216553,1.20473229885101,-1.36282587051392,12.3512697219849,1.19967794418335,-1.32900106906891,"(12.35127, 1.199678, -1.329001)",EyeArea,14.4297828674316,0.1,12.4012203216553,1.20473229885101,-1.36282587051392,0.00073747700243,90.083440095379,0.0000012201708
881,left road,881,0.59499996900558,0.0,6.69999980926514,0.64999997615814,0.0,-0.25,0.59499996900558,0.0,6.69999980926514,12.4012203216553,1.20473229885101,-1.36282587051392,12.3512706756592,1.19963526725769,-1.32871401309967,"(12.35127, 1.199635, -1.328714)",EyeArea,14.3473825454712,0.1,12.4012203216553,1.20473229885101,-1.36282587051392,0.00073747700243,90.083440095379,0.0000012201708
882,left road,882,0.69499999284744,0.0,6.69999980926514,0.75,0.0,-0.25,0.69499999284744,0.0,6.69999980926514,12.4012203216553,1.20473229885101,-1.36282587051392,12.3512706756592,1.199591755867,-1.32842314243317,"(12.35127, 1.199592, -1.328423)",EyeArea,14.2652082443237,0.1,12.4012203216553,1.20473229885101,-1.36282587051392,0.00073747700243,90.083440095379,0.0000012201708
883,left road,883,0.7950000166893,0.0,6.69999980926514,0.85000002384186,0.0,-0.25,0.7950000166893,0.0,6.69999980926514,12.4012203216553,1.20473229885101,-1.36282587051392,12.3512706756592,1.19954752922058,-1.32812750339508,"(12.35127, 1.199548, -1.328128)",EyeArea,14.1832609176636,0.1,12.4012203216553,1.20473229885101,-1.36282587051392,0.00073747700243,90.083440095379,0.0000012201708
884,left road,884,0.89499998092651,0.0,6.69999980926514,0.94999998807907,0.0,-0.25,0.89499998092651,0.0,6.69999980926514,12.4012203216553,1.20473229885101,-1.36282587051392,12.3512716293335,1.19950246810913,-1.32782518863678,"(12.35127, 1.199502, -1.327825)",EyeArea,14.1015472412109,0.1,12.4012203216553,1.20473229885101,-1.36282587051392,0.00073747700243,90.083440095379,0.0000012201708
885,left road,885,0.99499994516373,0.0,6.69999980926514,1.04999995231628,0.0,-0.25,0.99499994516373,0.0,6.69999980926514,12.4012203216553,1.20473229885101,-1.36282587051392,12.3512716293335,1.19945669174194,-1.32751905918121,"(12.35127, 1.199457, -1.327519)",EyeArea,14.0200719833374,0.1,12.4012203216553,1.20473229885101,-1.36282587051392,0.00073747700243,90.083440095379,0.0000012201708
886,left road,886,1.09500002861023,0.0,6.69999980926514,1.14999997615814,0.0,-0.25,1.09500002861023,0.0,6.69999980926514,12.4012203216553,1.20473229885101,-1.36282587051392,12.3512725830078,1.19941008090973,-1.32720720767975,"(12.35127, 1.19941, -1.327207)",EyeArea,13.9388370513916,0.1,12.4012203216553,1.20473229885101,-1.36282587051392,0.00073747700243,90.083440095379,0.0000012201708
887,left road,887,1.19500005245209,0.0,6.69999980926514,1.25,0.0,-0.25,1.19500005245209,0.0,6.69999980926514,12.4012203216553,1.20473229885101,-1.36282587051392,12.3512725830078,1.19936263561249,-1.32688868045807,"(12.35127, 1.199363, -1.326889)",EyeArea,13.8578472137451,0.1,12.4012203216553,1.20473229885101,-1.36282587051392,0.00073747700243,90.083440095379,0.0000012201708
888,left road,888,1.29500007629395,0.0,6.69999980926514,1.35000002384186,0.0,-0.25,1.29500007629395,0.0,6.69999980926514,12.4012203216553,1.20473229885101,-1.36282587051392,12.3512735366821,1.19931423664093,-1.32656633853912,"(12.35127, 1.199314, -1.326566)",EyeArea,13.7771062850952,0.1,12.4012203216553,1.20473229885101,-1.36282587051392,0.00073747700243,90.083440095379,0.0000012201708
889,left road,889,1.3950001001358,0.0,6.69999980926514,1.45000004768372,0.0,-0.25,1.3950001001358,0.0,6.69999980926514,12.4012203216553,1.20473229885101,-1.36282587051392,12.3512735366821,1.19926512241364,-1.32623636722565,"(12.35127, 1.199265, -1.326236)",EyeArea,13.6966199874878,0.1,12.4012203216553,1.20473229885101,-1.36282587051392,0.00073747700243,90.083440095379,0.0000012201708
890,left road,890,1.49500000476837,0.0,6.69999980926514,1.54999995231628,0.0,-0.25,1.49500000476837,0.0,6.69999980926514,12.4012203216553,1.20473229885101,-1.36282587051392,12.3512744903564,1.19921505451202,-1.32590162754059,"(12.35127, 1.199215, -1.325902)",EyeArea,13.6163940429688,0.1,12.4012203216553,1.20473229885101,-1.36282587051392,0.00073747700243,90.083440095379,0.0000012201708
891,left road,891,1.59500002861023,0.0,6.69999980926514,1.64999997615814,0.0,-0.25,1.59500002861023,0.0,6.69999980926514,12.4012203216553,1.20473229885101,-1.36282587051392,12.3512744903564,1.1991640329361,-1.32556116580963,"(12.35127, 1.199164, -1.325561)",EyeArea,13.5364294052124,0.1,12.4012203216553,1.20473229885101,-1.36282587051392,0.00073747700243,90.083440095379,0.0000012201708
892,left road,892,1.69500005245209,0.0,6.69999980926514,1.75,0.0,-0.25,1.69500005245209,0.0,6.69999980926514,12.4012203216553,1.20473229885101,-1.36282587051392,12.3512754440308,1.19911217689514,-1.32521307468414,"(12.35128, 1.199112, -1.325213)",EyeArea,13.4567346572876,0.1,12.4012203216553,1.20473229885101,-1.36282587051392,0.00073747700243,90.083440095379,0.0000012201708
893,left road,893,1.79500007629395,0.0,6.69999980926514,1.85000002384186,0.0,-0.25,1.79500007629395,0.0,6.69999980926514,12.4012203216553,1.20473229885101,-1.36282587051392,12.3512754440308,1.19905912876129,-1.32485830783844,"(12.35128, 1.199059, -1.324858)",EyeArea,13.3773107528687,0.1,12.4012203216553,1.20473229885101,-1.36282587051392,0.00073747700243,90.083440095379,0.0000012201708
894,left road,894,1.8950001001358,0.0,6.69999980926514,1.95000004768372,0.0,-0.25,1.8950001001358,0.0,6.69999980926514,12.4012203216553,1.20473229885101,-1.36282587051392,12.3512763977051,1.19900524616241,-1.32449781894684,"(12.35128, 1.199005, -1.324498)",EyeArea,13.2981643676758,0.1,12.4012203216553,1.20473229885101,-1.36282587051392,0.00073747700243,90.083440095379,0.0000012201708
895,left road,895,1.99500000476837,0.0,6.69999980926514,2.04999995231628,0.0,-0.25,1.99500000476837,0.0,6.69999980926514,12.4012203216553,1.20473229885101,-1.36282587051392,12.3512773513794,1.19895029067993,-1.32412970066071,"(12.35128, 1.19895, -1.32413)",EyeArea,13.2193031311035,0.1,12.4012203216553,1.20473229885101,-1.36282587051392,0.00073747700243,90.083440095379,0.0000012201708
896,left road,896,2.09500002861023,0.0,6.69999980926514,2.15000009536743,0.0,-0.25,2.09500002861023,0.0,6.69999980926514,12.4012203216553,1.20473229885101,-1.36282587051392,12.3512773513794,1.19889426231384,-1.32375395298004,"(12.35128, 1.198894, -1.323754)",EyeArea,13.1407270431519,0.1,12.4012203216553,1.20473229885101,-1.36282587051392,0.00073747700243,90.083440095379,0.0000012201708
897,left road,897,2.1949999332428,0.0,6.69999980926514,2.25,0.0,-0.25,2.1949999332428,0.0,6.69999980926514,12.4012203216553,1.20473229885101,-1.36282587051392,12.3512783050537,1.19883716106415,-1.32337248325348,"(12.35128, 1.198837, -1.323372)",EyeArea,13.0624446868896,0.1,12.4012203216553,1.20473229885101,-1.36282587051392,0.00073747700243,90.083440095379,0.0000012201708
898,left road,898,2.29499983787537,0.0,6.69999980926514,2.34999990463257,0.0,-0.25,2.29499983787537,0.0,6.69999980926514,12.4012203216553,1.20473229885101,-1.36282587051392,12.3512783050537,1.19877886772156,-1.32298147678375,"(12.35128, 1.198779, -1.322981)",EyeArea,12.9844608306885,0.1,12.4012203216553,1.20473229885101,-1.36282587051392,0.00073747700243,90.083440095379,0.0000012201708
899,left road,899,2.39499998092651,0.0,6.69999980926514,2.45000004768372,0.0,-0.25,2.39499998092651,0.0,6.69999980926514,12.4012203216553,1.20473229885101,-1.36282587051392,12.351279258728,1.19871938228607,-1.32258570194244,"(12.35128, 1.198719, -1.322586)",EyeArea,12.9067802429199,0.1,12.4012203216553,1.20473229885101,-1.36282587051392,0.00073747700243,90.083440095379,0.0000012201708
900,left road,900,2.49499988555908,0.0,6.69999980926514,2.54999995231628,0.0,-0.25,2.49499988555908,0.0,6.69999980926514,12.4012203216553,1.20473229885101,-1.36282587051392,12.3512802124023,1.19865870475769,-1.32217943668365,"(12.35128, 1.198659, -1.322179)",EyeArea,12.8294095993042,0.1,12.4012203216553,1.20473229885101,-1.36282587051392,0.00073747700243,90.083440095379,0.0000012201708
901,left road,901,2.59500002861023,0.0,6.69999980926514,2.65000009536743,0.0,-0.25,2.59500002861023,0.0,6.69999980926514,12.4012203216553,1.20473229885101,-1.36282587051392,12.3512802124023,1.1985969543457,-1.32176458835602,"(12.35128, 1.198597, -1.321765)",EyeArea,12.7523527145386,0.1,12.4012203216553,1.20473229885101,-1.36282587051392,0.00073747700243,90.083440095379,0.0000012201708
902,left road,902,2.6949999332428,0.0,6.69999980926514,2.75,0.0,-0.25,2.6949999332428,0.0,6.69999980926514,12.4012203216553,1.20473229885101,-1.36282587051392,12.3512811660767,1.19853377342224,-1.32134306430817,"(12.35128, 1.198534, -1.321343)",EyeArea,12.6756172180176,0.1,12.4012203216553,1.20473229885101,-1.36282587051392,0.00073747700243,90.083440095379,0.0000012201708
903,left road,903,2.79499983787537,0.0,6.69999980926514,2.84999990463257,0.0,-0.25,2.79499983787537,0.0,6.69999980926514,12.4012203216553,1.20473229885101,-1.36282587051392,12.3512811660767,1.19846928119659,-1.32091116905212,"(12.35128, 1.198469, -1.320911)",EyeArea,12.5992069244385,0.1,12.4012203216553,1.20473229885101,-1.36282587051392,0.00073747700243,90.083440095379,0.0000012201708
904,left road,904,2.89499998092651,0.0,6.69999980926514,2.95000004768372,0.0,-0.25,2.89499998092651,0.0,6.69999980926514,12.4012203216553,1.20473229885101,-1.36282587051392,12.351282119751,1.19840359687805,-1.32047057151794,"(12.35128, 1.198404, -1.320471)",EyeArea,12.5231294631958,0.1,12.4012203216553,1.20473229885101,-1.36282587051392,0.00073747700243,90.083440095379,0.0000012201708
905,left road,905,2.99499988555908,0.0,6.69999980926514,3.04999995231628,0.0,-0.25,2.99499988555908,0.0,6.69999980926514,12.4012203216553,1.20473229885101,-1.36282587051392,12.3512830734253,1.19833636283875,-1.32002139091492,"(12.35128, 1.198336, -1.320021)",EyeArea,12.4473905563354,0.1,12.4012203216553,1.20473229885101,-1.36282587051392,0.00073747700243,90.083440095379,0.0000012201708
906,left road,906,3.09500002861023,0.0,6.69999980926514,3.15000009536743,0.0,-0.25,3.09500002861023,0.0,6.69999980926514,12.4012203216553,1.20473229885101,-1.36282587051392,11.8372220993042,1.13171994686127,-0.87418180704117,"(11.83722, 1.13172, -0.874182)",truck body CS,12.371994972229,0.1,12.4012203216553,1.20473229885101,-1.36282587051392,0.00073747700243,90.083440095379,0.0000012201708
907,left road,907,3.1949999332428,0.0,6.69999980926514,3.25,0.0,-0.25,3.1949999332428,0.0,6.69999980926514,12.4012203216553,1.20473229885101,-1.36282587051392,11.8360042572021,1.13076758384705,-0.86780774593353,"(11.836, 1.130768, -0.867808)",truck body CS,12.2969522476196,0.1,12.4012203216553,1.20473229885101,-1.36282587051392,0.00073747700243,90.083440095379,0.0000012201708
908,left road,908,3.29499983787537,0.0,6.69999980926514,3.34999990463257,0.0,-0.25,3.29499983787537,0.0,6.69999980926514,12.4012203216553,1.20473229885101,-1.36282587051392,11.8359746932983,1.12995147705078,-0.86234539747238,"(11.83597, 1.129951, -0.862345)",truck body CS,12.2222661972046,0.1,12.4012203216553,1.20473229885101,-1.36282587051392,0.00073747700243,90.083440095379,0.0000012201708
909,left road,909,3.39499998092651,0.0,6.69999980926514,3.45000004768372,0.0,-0.25,3.39499998092651,0.0,6.69999980926514,12.4012203216553,1.20473229885101,-1.36282587051392,11.8359460830688,1.1291172504425,-0.85676348209381,"(11.83595, 1.129117, -0.856763)",truck body CS,12.1479434967041,0.1,12.4012203216553,1.20473229885101,-1.36282587051392,0.00073747700243,90.083440095379,0.0000012201708
910,left road,910,-3.50500011444092,0.0,6.79999971389771,-3.45000004768372,0.0,-0.15000000596046,-3.50500011444092,0.0,6.79999971389771,12.4012203216553,1.20473229885101,-1.36282587051392,11.7619876861572,1.15631699562073,-1.03478157520294,"(11.76199, 1.156317, -1.034782)",truck body CS,17.9190101623535,0.1,12.4012203216553,1.20473229885101,-1.36282587051392,0.00073747700243,90.083440095379,0.0000012201708
911,left road,911,-3.40499997138977,0.0,6.79999971389771,-3.34999990463257,0.0,-0.15000000596046,-3.40499997138977,0.0,6.79999971389771,12.4012203216553,1.20473229885101,-1.36282587051392,11.7628288269043,1.15607476234436,-1.03313994407654,"(11.76283, 1.156075, -1.03314)",truck body CS,17.8303031921387,0.1,12.4012203216553,1.20473229885101,-1.36282587051392,0.00073747700243,90.083440095379,0.0000012201708
912,left road,912,-3.3050000667572,0.0,6.79999971389771,-3.25,0.0,-0.15000000596046,-3.3050000667572,0.0,6.79999971389771,12.4012203216553,1.20473229885101,-1.36282587051392,11.7637014389038,1.15583193302155,-1.03149449825287,"(11.7637, 1.155832, -1.031494)",truck body CS,17.7417144775391,0.1,12.4012203216553,1.20473229885101,-1.36282587051392,0.00073747700243,90.083440095379,0.0000012201708
913,left road,913,-3.20500016212463,0.0,6.79999971389771,-3.15000009536743,0.0,-0.15000000596046,-3.20500016212463,0.0,6.79999971389771,12.4012203216553,1.20473229885101,-1.36282587051392,11.7645769119263,1.15558624267578,-1.029829621315,"(11.76458, 1.155586, -1.02983)",truck body CS,17.6532497406006,0.1,12.4012203216553,1.20473229885101,-1.36282587051392,0.00073747700243,90.083440095379,0.0000012201708
914,left road,914,-3.10500001907349,0.0,6.79999971389771,-3.04999995231628,0.0,-0.15000000596046,-3.10500001907349,0.0,6.79999971389771,12.4012203216553,1.20473229885101,-1.36282587051392,11.7654438018799,1.15533649921417,-1.02813792228699,"(11.76544, 1.155336, -1.028138)",truck body CS,17.5649070739746,0.1,12.4012203216553,1.20473229885101,-1.36282587051392,0.00073747700243,90.083440095379,0.0000012201708
915,left road,915,-3.00500011444092,0.0,6.79999971389771,-2.95000004768372,0.0,-0.15000000596046,-3.00500011444092,0.0,6.79999971389771,12.4012203216553,1.20473229885101,-1.36282587051392,11.766242980957,1.15507841110229,-1.02638864517212,"(11.76624, 1.155078, -1.026389)",truck body CS,17.4766902923584,0.1,12.4012203216553,1.20473229885101,-1.36282587051392,0.00073747700243,90.083440095379,0.0000012201708
916,left road,916,-2.90499997138977,0.0,6.79999971389771,-2.84999990463257,0.0,-0.15000000596046,-2.90499997138977,0.0,6.79999971389771,12.4012203216553,1.20473229885101,-1.36282587051392,11.7670211791992,1.15481519699097,-1.02460646629334,"(11.76702, 1.154815, -1.024606)",truck body CS,17.3886013031006,0.1,12.4012203216553,1.20473229885101,-1.36282587051392,0.00073747700243,90.083440095379,0.0000012201708
917,left road,917,-2.8050000667572,0.0,6.79999971389771,-2.75,0.0,-0.15000000596046,-2.8050000667572,0.0,6.79999971389771,12.4012203216553,1.20473229885101,-1.36282587051392,11.7678070068359,1.15454924106598,-1.02280414104462,"(11.76781, 1.154549, -1.022804)",truck body CS,17.3006439208984,0.1,12.4012203216553,1.20473229885101,-1.36282587051392,0.00073747700243,90.083440095379,0.0000012201708
918,left road,918,-2.70500016212463,0.0,6.79999971389771,-2.65000009536743,0.0,-0.15000000596046,-2.70500016212463,0.0,6.79999971389771,12.4012203216553,1.20473229885101,-1.36282587051392,11.7691240310669,1.1543220281601,-1.02126383781433,"(11.76912, 1.154322, -1.021264)",truck body CS,17.2128143310547,0.1,12.4012203216553,1.20473229885101,-1.36282587051392,0.00073747700243,90.083440095379,0.0000012201708
919,left road,919,-2.60500001907349,0.0,6.79999971389771,-2.54999995231628,0.0,-0.15000000596046,-2.60500001907349,0.0,6.79999971389771,12.4012203216553,1.20473229885101,-1.36282587051392,11.7712697982788,1.15415835380554,-1.02015614509583,"(11.77127, 1.154158, -1.020156)",truck body CS,17.1251201629639,0.1,12.4012203216553,1.20473229885101,-1.36282587051392,0.00073747700243,90.083440095379,0.0000012201708
920,left road,920,-2.50500011444092,0.0,6.79999971389771,-2.45000004768372,0.0,-0.15000000596046,-2.50500011444092,0.0,6.79999971389771,12.4012203216553,1.20473229885101,-1.36282587051392,11.7734470367432,1.15399515628815,-1.01904916763306,"(11.77345, 1.153995, -1.019049)",truck body CS,17.037561416626,0.1,12.4012203216553,1.20473229885101,-1.36282587051392,0.00073747700243,90.083440095379,0.0000012201708
921,left road,921,-2.40499997138977,0.0,6.79999971389771,-2.34999990463257,0.0,-0.15000000596046,-2.40499997138977,0.0,6.79999971389771,12.4012203216553,1.20473229885101,-1.36282587051392,11.7756929397583,1.15383517742157,-1.01796555519104,"(11.77569, 1.153835, -1.017966)",truck body CS,16.9501399993896,0.1,12.4012203216553,1.20473229885101,-1.36282587051392,0.00073747700243,90.083440095379,0.0000012201708
922,left road,922,-2.3050000667572,0.0,6.79999971389771,-2.25,0.0,-0.15000000596046,-2.3050000667572,0.0,6.79999971389771,12.4012203216553,1.20473229885101,-1.36282587051392,11.7779531478882,1.15367436408997,-1.01687574386597,"(11.77795, 1.153674, -1.016876)",truck body CS,16.8628597259521,0.1,12.4012203216553,1.20473229885101,-1.36282587051392,0.00073747700243,90.083440095379,0.0000012201708
923,left road,923,-2.20500016212463,0.0,6.79999971389771,-2.15000009536743,0.0,-0.15000000596046,-2.20500016212463,0.0,6.79999971389771,12.4012203216553,1.20473229885101,-1.36282587051392,11.7802286148071,1.15351247787476,-1.01577854156494,"(11.78023, 1.153512, -1.015779)",truck body CS,16.7757205963135,0.1,12.4012203216553,1.20473229885101,-1.36282587051392,0.00073747700243,90.083440095379,0.0000012201708
924,left road,924,-2.10500001907349,0.0,6.79999971389771,-2.04999995231628,0.0,-0.15000000596046,-2.10500001907349,0.0,6.79999971389771,12.4012203216553,1.20473229885101,-1.36282587051392,11.7836532592773,1.15344369411469,-1.0153124332428,"(11.78365, 1.153444, -1.015312)",truck body CS,16.6887245178223,0.1,12.4012203216553,1.20473229885101,-1.36282587051392,0.00073747700243,90.083440095379,0.0000012201708
925,left road,925,-2.00500011444092,0.0,6.79999971389771,-1.95000004768372,0.0,-0.15000000596046,-2.00500011444092,0.0,6.79999971389771,12.4012203216553,1.20473229885101,-1.36282587051392,11.7871313095093,1.1533784866333,-1.01487076282501,"(11.78713, 1.153378, -1.014871)",truck body CS,16.6018753051758,0.1,12.4012203216553,1.20473229885101,-1.36282587051392,0.00073747700243,90.083440095379,0.0000012201708
926,left road,926,-1.90499997138977,0.0,6.79999971389771,-1.85000002384186,0.0,-0.15000000596046,-1.90499997138977,0.0,6.79999971389771,12.4012203216553,1.20473229885101,-1.36282587051392,11.7906131744385,1.15331280231476,-1.0144259929657,"(11.79061, 1.153313, -1.014426)",truck body CS,16.5151767730713,0.1,12.4012203216553,1.20473229885101,-1.36282587051392,0.00073747700243,90.083440095379,0.0000012201708
927,left road,927,-1.80499994754791,0.0,6.79999971389771,-1.75,0.0,-0.15000000596046,-1.80499994754791,0.0,6.79999971389771,12.4012203216553,1.20473229885101,-1.36282587051392,11.7944431304932,1.15327560901642,-1.01417350769043,"(11.79444, 1.153276, -1.014174)",truck body CS,16.4286270141602,0.1,12.4012203216553,1.20473229885101,-1.36282587051392,0.00073747700243,90.083440095379,0.0000012201708
928,left road,928,-1.70499992370605,0.0,6.79999971389771,-1.64999997615814,0.0,-0.15000000596046,-1.70499992370605,0.0,6.79999971389771,12.4012203216553,1.20473229885101,-1.36282587051392,11.7983722686768,1.15324640274048,-1.01397585868835,"(11.79837, 1.153246, -1.013976)",truck body CS,16.3422317504883,0.1,12.4012203216553,1.20473229885101,-1.36282587051392,0.00073747700243,90.083440095379,0.0000012201708
929,left road,929,-1.6049998998642,0.0,6.79999971389771,-1.54999995231628,0.0,-0.15000000596046,-1.6049998998642,0.0,6.79999971389771,12.4012203216553,1.20473229885101,-1.36282587051392,11.802303314209,1.15321683883667,-1.01377606391907,"(11.8023, 1.153217, -1.013776)",truck body CS,16.2559928894043,0.1,12.4012203216553,1.20473229885101,-1.36282587051392,0.00073747700243,90.083440095379,0.0000012201708
930,left road,930,-1.50499999523163,0.0,6.79999971389771,-1.45000004768372,0.0,-0.15000000596046,-1.50499999523163,0.0,6.79999971389771,12.4012203216553,1.20473229885101,-1.36282587051392,11.8062381744385,1.15318739414215,-1.0135760307312,"(11.80624, 1.153187, -1.013576)",truck body CS,16.1699123382568,0.1,12.4012203216553,1.20473229885101,-1.36282587051392,0.00073747700243,90.083440095379,0.0000012201708
931,left road,931,-1.40499997138977,0.0,6.79999971389771,-1.35000002384186,0.0,-0.15000000596046,-1.40499997138977,0.0,6.79999971389771,12.4012203216553,1.20473229885101,-1.36282587051392,11.8101806640625,1.15315794944763,-1.01337671279907,"(11.81018, 1.153158, -1.013377)",truck body CS,16.0839920043945,0.1,12.4012203216553,1.20473229885101,-1.36282587051392,0.00073747700243,90.083440095379,0.0000012201708
932,left road,932,-1.30499994754791,0.0,6.79999971389771,-1.25,0.0,-0.15000000596046,-1.30499994754791,0.0,6.79999971389771,12.4012203216553,1.20473229885101,-1.36282587051392,11.8141984939575,1.15313482284546,-1.01322078704834,"(11.8142, 1.153135, -1.013221)",truck body CS,15.9982376098633,0.1,12.4012203216553,1.20473229885101,-1.36282587051392,0.00073747700243,90.083440095379,0.0000012201708
933,left road,933,-1.20499992370605,0.0,6.79999971389771,-1.14999997615814,0.0,-0.15000000596046,-1.20499992370605,0.0,6.79999971389771,12.4012203216553,1.20473229885101,-1.36282587051392,11.8181524276733,1.1531058549881,-1.01302337646484,"(11.81815, 1.153106, -1.013023)",truck body CS,15.9126472473145,0.1,12.4012203216553,1.20473229885101,-1.36282587051392,0.00073747700243,90.083440095379,0.0000012201708
934,left road,934,-1.1049998998642,0.0,6.79999971389771,-1.04999995231628,0.0,-0.15000000596046,-1.1049998998642,0.0,6.79999971389771,12.4012203216553,1.20473229885101,-1.36282587051392,11.820951461792,1.15297317504883,-1.01212477684021,"(11.82095, 1.152973, -1.012125)",truck body CS,15.8272256851196,0.1,12.4012203216553,1.20473229885101,-1.36282587051392,0.00073747700243,90.083440095379,0.0000012201708
935,left road,935,-1.00499999523163,0.0,6.79999971389771,-0.94999998807907,0.0,-0.15000000596046,-1.00499999523163,0.0,6.79999971389771,12.4012203216553,1.20473229885101,-1.36282587051392,11.8222045898438,1.1526997089386,-1.01027178764343,"(11.8222, 1.1527, -1.010272)",truck body CS,15.7419767379761,0.1,12.4012203216553,1.20473229885101,-1.36282587051392,0.00073747700243,90.083440095379,0.0000012201708
936,left road,936,-0.90500003099442,0.0,6.79999971389771,-0.85000002384186,0.0,-0.15000000596046,-0.90500003099442,0.0,6.79999971389771,12.4012203216553,1.20473229885101,-1.36282587051392,11.8249912261963,1.15256094932556,-1.00933241844177,"(11.82499, 1.152561, -1.009332)",truck body CS,15.6569032669067,0.1,12.4012203216553,1.20473229885101,-1.36282587051392,0.00073747700243,90.083440095379,0.0000012201708
937,left road,937,-0.80500000715256,0.0,6.79999971389771,-0.75,0.0,-0.15000000596046,-0.80500000715256,0.0,6.79999971389771,12.4012203216553,1.20473229885101,-1.36282587051392,11.8295612335205,1.15258288383484,-1.00947999954224,"(11.82956, 1.152583, -1.00948)",truck body CS,15.5720062255859,0.1,12.4012203216553,1.20473229885101,-1.36282587051392,0.00073747700243,90.083440095379,0.0000012201708
938,left road,938,-0.7049999833107,0.0,6.79999971389771,-0.64999997615814,0.0,-0.15000000596046,-0.7049999833107,0.0,6.79999971389771,12.4012203216553,1.20473229885101,-1.36282587051392,11.8342161178589,1.15261292457581,-1.00968337059021,"(11.83422, 1.152613, -1.009683)",truck body CS,15.4872884750366,0.1,12.4012203216553,1.20473229885101,-1.36282587051392,0.00073747700243,90.083440095379,0.0000012201708
939,left road,939,-0.60500001907349,0.0,6.79999971389771,-0.55000001192093,0.0,-0.15000000596046,-0.60500001907349,0.0,6.79999971389771,12.4012203216553,1.20473229885101,-1.36282587051392,11.8388738632202,1.15264344215393,-1.00989151000977,"(11.83887, 1.152643, -1.009892)",truck body CS,15.4027557373047,0.1,12.4012203216553,1.20473229885101,-1.36282587051392,0.00073747700243,90.083440095379,0.0000012201708
940,left road,940,-0.50499999523163,0.0,6.79999971389771,-0.44999998807907,0.0,-0.15000000596046,-0.50499999523163,0.0,6.79999971389771,12.4012203216553,1.20473229885101,-1.36282587051392,11.8435249328613,1.15267419815063,-1.01009845733643,"(11.84352, 1.152674, -1.010098)",truck body CS,15.3184080123901,0.1,12.4012203216553,1.20473229885101,-1.36282587051392,0.00073747700243,90.083440095379,0.0000012201708
941,left road,941,-0.40500000119209,0.0,6.79999971389771,-0.34999999403954,0.0,-0.15000000596046,-0.40500000119209,0.0,6.79999971389771,12.4012203216553,1.20473229885101,-1.36282587051392,11.8695058822632,1.15471172332764,-1.02390491962433,"(11.86951, 1.154712, -1.023905)",truck body CS,15.2342500686646,0.1,12.4012203216553,1.20473229885101,-1.36282587051392,0.00073747700243,90.083440095379,0.0000012201708
942,left road,942,-0.30500000715256,0.0,6.79999971389771,-0.25,0.0,-0.15000000596046,-0.30500000715256,0.0,6.79999971389771,12.4012203216553,1.20473229885101,-1.36282587051392,11.8734169006348,1.15468883514404,-1.0237500667572,"(11.87342, 1.154689, -1.02375)",truck body CS,15.1502857208252,0.1,12.4012203216553,1.20473229885101,-1.36282587051392,0.00073747700243,90.083440095379,0.0000012201708
943,left road,943,-0.20500001311302,0.0,6.79999971389771,-0.15000000596046,0.0,-0.15000000596046,-0.20500001311302,0.0,6.79999971389771,12.4012203216553,1.20473229885101,-1.36282587051392,11.8773231506348,1.15466523170471,-1.02358913421631,"(11.87732, 1.154665, -1.023589)",truck body CS,15.0665159225464,0.1,12.4012203216553,1.20473229885101,-1.36282587051392,0.00073747700243,90.083440095379,0.0000012201708
944,left road,944,-0.10500000417233,0.0,6.79999971389771,-0.05000000074506,0.0,-0.15000000596046,-0.10500000417233,0.0,6.79999971389771,12.4012203216553,1.20473229885101,-1.36282587051392,11.8811616897583,1.1546345949173,-1.02338182926178,"(11.88116, 1.154635, -1.023382)",truck body CS,14.9829454421997,0.1,12.4012203216553,1.20473229885101,-1.36282587051392,0.00073747700243,90.083440095379,0.0000012201708
945,left road,945,-0.00499999895692,0.0,6.79999971389771,0.05000000074506,0.0,-0.15000000596046,-0.00499999895692,0.0,6.79999971389771,12.4012203216553,1.20473229885101,-1.36282587051392,11.8856649398804,1.15466809272766,-1.02360987663269,"(11.88566, 1.154668, -1.02361)",truck body CS,14.8995771408081,0.1,12.4012203216553,1.20473229885101,-1.36282587051392,0.00073747700243,90.083440095379,0.0000012201708
946,left road,946,0.09500000625849,0.0,6.79999971389771,0.15000000596046,0.0,-0.15000000596046,0.09500000625849,0.0,6.79999971389771,12.4012203216553,1.20473229885101,-1.36282587051392,12.3512687683105,1.19984221458435,-1.3296924829483,"(12.35127, 1.199842, -1.329692)",EyeArea,14.8164148330688,0.1,12.4012203216553,1.20473229885101,-1.36282587051392,0.00073747700243,90.083440095379,0.0000012201708
947,left road,947,0.19499999284744,0.0,6.79999971389771,0.25,0.0,-0.15000000596046,0.19499999284744,0.0,6.79999971389771,12.4012203216553,1.20473229885101,-1.36282587051392,12.3512687683105,1.19980216026306,-1.32942163944244,"(12.35127, 1.199802, -1.329422)",EyeArea,14.7334623336792,0.1,12.4012203216553,1.20473229885101,-1.36282587051392,0.00073747700243,90.083440095379,0.0000012201708
948,left road,948,0.29499998688698,0.0,6.79999971389771,0.34999999403954,0.0,-0.15000000596046,0.29499998688698,0.0,6.79999971389771,12.4012203216553,1.20473229885101,-1.36282587051392,12.3512697219849,1.19976150989532,-1.329146027565,"(12.35127, 1.199762, -1.329146)",EyeArea,14.6507225036621,0.1,12.4012203216553,1.20473229885101,-1.36282587051392,0.00073747700243,90.083440095379,0.0000012201708
949,left road,949,0.39499998092651,0.0,6.79999971389771,0.44999998807907,0.0,-0.15000000596046,0.39499998092651,0.0,6.79999971389771,12.4012203216553,1.20473229885101,-1.36282587051392,12.3512697219849,1.19972014427185,-1.32886564731598,"(12.35127, 1.19972, -1.328866)",EyeArea,14.5681991577148,0.1,12.4012203216553,1.20473229885101,-1.36282587051392,0.00073747700243,90.083440095379,0.0000012201708
950,left road,950,0.49500000476837,0.0,6.79999971389771,0.55000001192093,0.0,-0.15000000596046,0.49500000476837,0.0,6.79999971389771,12.4012203216553,1.20473229885101,-1.36282587051392,12.3512706756592,1.19967806339264,-1.32858049869537,"(12.35127, 1.199678, -1.32858)",EyeArea,14.4858961105347,0.1,12.4012203216553,1.20473229885101,-1.36282587051392,0.00073747700243,90.083440095379,0.0000012201708
951,left road,951,0.59499996900558,0.0,6.79999971389771,0.64999997615814,0.0,-0.15000000596046,0.59499996900558,0.0,6.79999971389771,12.4012203216553,1.20473229885101,-1.36282587051392,12.3512706756592,1.19963526725769,-1.32829058170319,"(12.35127, 1.199635, -1.328291)",EyeArea,14.4038171768188,0.1,12.4012203216553,1.20473229885101,-1.36282587051392,0.00073747700243,90.083440095379,0.0000012201708
952,left road,952,0.69499999284744,0.0,6.79999971389771,0.75,0.0,-0.15000000596046,0.69499999284744,0.0,6.79999971389771,12.4012203216553,1.20473229885101,-1.36282587051392,12.3512716293335,1.19959187507629,-1.32799589633942,"(12.35127, 1.199592, -1.327996)",EyeArea,14.3219661712646,0.1,12.4012203216553,1.20473229885101,-1.36282587051392,0.00073747700243,90.083440095379,0.0000012201708
953,left road,953,0.7950000166893,0.0,6.79999971389771,0.85000002384186,0.0,-0.15000000596046,0.7950000166893,0.0,6.79999971389771,12.4012203216553,1.20473229885101,-1.36282587051392,12.3512716293335,1.19954752922058,-1.32769644260406,"(12.35127, 1.199548, -1.327696)",EyeArea,14.240345954895,0.1,12.4012203216553,1.20473229885101,-1.36282587051392,0.00073747700243,90.083440095379,0.0000012201708
954,left road,954,0.89499998092651,0.0,6.79999971389771,0.94999998807907,0.0,-0.15000000596046,0.89499998092651,0.0,6.79999971389771,12.4012203216553,1.20473229885101,-1.36282587051392,12.3512725830078,1.19950258731842,-1.32739126682281,"(12.35127, 1.199503, -1.327391)",EyeArea,14.1589612960815,0.1,12.4012203216553,1.20473229885101,-1.36282587051392,0.00073747700243,90.083440095379,0.0000012201708
955,left road,955,0.99499994516373,0.0,6.79999971389771,1.04999995231628,0.0,-0.15000000596046,0.99499994516373,0.0,6.79999971389771,12.4012203216553,1.20473229885101,-1.36282587051392,12.3512725830078,1.19945681095123,-1.32708132266998,"(12.35127, 1.199457, -1.327081)",EyeArea,14.0778179168701,0.1,12.4012203216553,1.20473229885101,-1.36282587051392,0.00073747700243,90.083440095379,0.0000012201708
956,left road,956,1.09500002861023,0.0,6.79999971389771,1.14999997615814,0.0,-0.15000000596046,1.09500002861023,0.0,6.79999971389771,12.4012203216553,1.20473229885101,-1.36282587051392,12.3512735366821,1.19941020011902,-1.32676565647125,"(12.35127, 1.19941, -1.326766)",EyeArea,13.9969186782837,0.1,12.4012203216553,1.20473229885101,-1.36282587051392,0.00073747700243,90.083440095379,0.0000012201708
957,left road,957,1.19500005245209,0.0,6.79999971389771,1.25,0.0,-0.15000000596046,1.19500005245209,0.0,6.79999971389771,12.4012203216553,1.20473229885101,-1.36282587051392,12.3512735366821,1.19936263561249,-1.32644331455231,"(12.35127, 1.199363, -1.326443)",EyeArea,13.9162664413452,0.1,12.4012203216553,1.20473229885101,-1.36282587051392,0.00073747700243,90.083440095379,0.0000012201708
958,left road,958,1.29500007629395,0.0,6.79999971389771,1.35000002384186,0.0,-0.15000000596046,1.29500007629395,0.0,6.79999971389771,12.4012203216553,1.20473229885101,-1.36282587051392,12.3512744903564,1.19931435585022,-1.32611620426178,"(12.35127, 1.199314, -1.326116)",EyeArea,13.8358678817749,0.1,12.4012203216553,1.20473229885101,-1.36282587051392,0.00073747700243,90.083440095379,0.0000012201708
959,left road,959,1.3950001001358,0.0,6.79999971389771,1.45000004768372,0.0,-0.15000000596046,1.3950001001358,0.0,6.79999971389771,12.4012203216553,1.20473229885101,-1.36282587051392,12.3512744903564,1.19926524162292,-1.32578337192535,"(12.35127, 1.199265, -1.325783)",EyeArea,13.7557249069214,0.1,12.4012203216553,1.20473229885101,-1.36282587051392,0.00073747700243,90.083440095379,0.0000012201708
960,left road,960,1.49500000476837,0.0,6.79999971389771,1.54999995231628,0.0,-0.15000000596046,1.49500000476837,0.0,6.79999971389771,12.4012203216553,1.20473229885101,-1.36282587051392,12.3512754440308,1.19921517372131,-1.32544386386871,"(12.35128, 1.199215, -1.325444)",EyeArea,13.6758451461792,0.1,12.4012203216553,1.20473229885101,-1.36282587051392,0.00073747700243,90.083440095379,0.0000012201708
961,left road,961,1.59500002861023,0.0,6.79999971389771,1.64999997615814,0.0,-0.15000000596046,1.59500002861023,0.0,6.79999971389771,12.4012203216553,1.20473229885101,-1.36282587051392,12.3512754440308,1.19916415214539,-1.32509863376617,"(12.35128, 1.199164, -1.325099)",EyeArea,13.596230506897,0.1,12.4012203216553,1.20473229885101,-1.36282587051392,0.00073747700243,90.083440095379,0.0000012201708
962,left road,962,1.69500005245209,0.0,6.79999971389771,1.75,0.0,-0.15000000596046,1.69500005245209,0.0,6.79999971389771,12.4012203216553,1.20473229885101,-1.36282587051392,12.3512763977051,1.19911217689514,-1.32474672794342,"(12.35128, 1.199112, -1.324747)",EyeArea,13.5168886184692,0.1,12.4012203216553,1.20473229885101,-1.36282587051392,0.00073747700243,90.083440095379,0.0000012201708
963,left road,963,1.79500007629395,0.0,6.79999971389771,1.85000002384186,0.0,-0.15000000596046,1.79500007629395,0.0,6.79999971389771,12.4012203216553,1.20473229885101,-1.36282587051392,12.3512763977051,1.19905924797058,-1.32438814640045,"(12.35128, 1.199059, -1.324388)",EyeArea,13.4378204345703,0.1,12.4012203216553,1.20473229885101,-1.36282587051392,0.00073747700243,90.083440095379,0.0000012201708
964,left road,964,1.8950001001358,0.0,6.79999971389771,1.95000004768372,0.0,-0.15000000596046,1.8950001001358,0.0,6.79999971389771,12.4012203216553,1.20473229885101,-1.36282587051392,12.3512773513794,1.19900524616241,-1.32402193546295,"(12.35128, 1.199005, -1.324022)",EyeArea,13.3590326309204,0.1,12.4012203216553,1.20473229885101,-1.36282587051392,0.00073747700243,90.083440095379,0.0000012201708
965,left road,965,1.99500000476837,0.0,6.79999971389771,2.04999995231628,0.0,-0.15000000596046,1.99500000476837,0.0,6.79999971389771,12.4012203216553,1.20473229885101,-1.36282587051392,12.3512773513794,1.19895040988922,-1.32365000247955,"(12.35128, 1.19895, -1.32365)",EyeArea,13.2805318832397,0.1,12.4012203216553,1.20473229885101,-1.36282587051392,0.00073747700243,90.083440095379,0.0000012201708
966,left road,966,2.09500002861023,0.0,6.79999971389771,2.15000009536743,0.0,-0.15000000596046,2.09500002861023,0.0,6.79999971389771,12.4012203216553,1.20473229885101,-1.36282587051392,12.3512783050537,1.19889438152313,-1.32327044010162,"(12.35128, 1.198894, -1.32327)",EyeArea,13.2023210525513,0.1,12.4012203216553,1.20473229885101,-1.36282587051392,0.00073747700243,90.083440095379,0.0000012201708
967,left road,967,2.1949999332428,0.0,6.79999971389771,2.25,0.0,-0.15000000596046,2.1949999332428,0.0,6.79999971389771,12.4012203216553,1.20473229885101,-1.36282587051392,12.3512783050537,1.19883716106415,-1.32288324832916,"(12.35128, 1.198837, -1.322883)",EyeArea,13.1244058609009,0.1,12.4012203216553,1.20473229885101,-1.36282587051392,0.00073747700243,90.083440095379,0.0000012201708
968,left road,968,2.29499983787537,0.0,6.79999971389771,2.34999990463257,0.0,-0.15000000596046,2.29499983787537,0.0,6.79999971389771,12.4012203216553,1.20473229885101,-1.36282587051392,12.351279258728,1.19877898693085,-1.32248842716217,"(12.35128, 1.198779, -1.322488)",EyeArea,13.0467920303345,0.1,12.4012203216553,1.20473229885101,-1.36282587051392,0.00073747700243,90.083440095379,0.0000012201708
969,left road,969,2.39499998092651,0.0,6.79999971389771,2.45000004768372,0.0,-0.15000000596046,2.39499998092651,0.0,6.79999971389771,12.4012203216553,1.20473229885101,-1.36282587051392,12.3512802124023,1.19871950149536,-1.32208597660065,"(12.35128, 1.19872, -1.322086)",EyeArea,12.9694843292236,0.1,12.4012203216553,1.20473229885101,-1.36282587051392,0.00073747700243,90.083440095379,0.0000012201708
970,left road,970,2.49499988555908,0.0,6.79999971389771,2.54999995231628,0.0,-0.15000000596046,2.49499988555908,0.0,6.79999971389771,12.4012203216553,1.20473229885101,-1.36282587051392,12.3512802124023,1.19865894317627,-1.32167494297028,"(12.35128, 1.198659, -1.321675)",EyeArea,12.8924903869629,0.1,12.4012203216553,1.20473229885101,-1.36282587051392,0.00073747700243,90.083440095379,0.0000012201708
971,left road,971,2.59500002861023,0.0,6.79999971389771,2.65000009536743,0.0,-0.15000000596046,2.59500002861023,0.0,6.79999971389771,12.4012203216553,1.20473229885101,-1.36282587051392,12.3512811660767,1.1985969543457,-1.32125532627106,"(12.35128, 1.198597, -1.321255)",EyeArea,12.8158130645752,0.1,12.4012203216553,1.20473229885101,-1.36282587051392,0.00073747700243,90.083440095379,0.0000012201708
972,left road,972,2.6949999332428,0.0,6.79999971389771,2.75,0.0,-0.15000000596046,2.6949999332428,0.0,6.79999971389771,12.4012203216553,1.20473229885101,-1.36282587051392,12.351282119751,1.19853389263153,-1.3208281993866,"(12.35128, 1.198534, -1.320828)",EyeArea,12.7394590377808,0.1,12.4012203216553,1.20473229885101,-1.36282587051392,0.00073747700243,90.083440095379,0.0000012201708
973,left road,973,2.79499983787537,0.0,6.79999971389771,2.84999990463257,0.0,-0.15000000596046,2.79499983787537,0.0,6.79999971389771,12.4012203216553,1.20473229885101,-1.36282587051392,12.351282119751,1.19846951961517,-1.32039141654968,"(12.35128, 1.19847, -1.320391)",EyeArea,12.6634340286255,0.1,12.4012203216553,1.20473229885101,-1.36282587051392,0.00073747700243,90.083440095379,0.0000012201708
974,left road,974,2.89499998092651,0.0,6.79999971389771,2.95000004768372,0.0,-0.15000000596046,2.89499998092651,0.0,6.79999971389771,12.4012203216553,1.20473229885101,-1.36282587051392,12.3512830734253,1.19840359687805,-1.3199450969696,"(12.35128, 1.198404, -1.319945)",EyeArea,12.5877447128296,0.1,12.4012203216553,1.20473229885101,-1.36282587051392,0.00073747700243,90.083440095379,0.0000012201708
975,left road,975,2.99499988555908,0.0,6.79999971389771,3.04999995231628,0.0,-0.15000000596046,2.99499988555908,0.0,6.79999971389771,12.4012203216553,1.20473229885101,-1.36282587051392,11.8398237228394,1.13282954692841,-0.87563878297806,"(11.83982, 1.13283, -0.875639)",truck body CS,12.5123977661133,0.1,12.4012203216553,1.20473229885101,-1.36282587051392,0.00073747700243,90.083440095379,0.0000012201708
976,left road,976,3.09500002861023,0.0,6.79999971389771,3.15000009536743,0.0,-0.15000000596046,3.09500002861023,0.0,6.79999971389771,12.4012203216553,1.20473229885101,-1.36282587051392,11.8382406234741,1.1318519115448,-0.86901521682739,"(11.83824, 1.131852, -0.869015)",truck body CS,12.4373960494995,0.1,12.4012203216553,1.20473229885101,-1.36282587051392,0.00073747700243,90.083440095379,0.0000012201708
977,left road,977,3.1949999332428,0.0,6.79999971389771,3.25,0.0,-0.15000000596046,3.1949999332428,0.0,6.79999971389771,12.4012203216553,1.20473229885101,-1.36282587051392,11.8380651473999,1.13103723526001,-0.86349523067474,"(11.83807, 1.131037, -0.863495)",truck body CS,12.3627510070801,0.1,12.4012203216553,1.20473229885101,-1.36282587051392,0.00073747700243,90.083440095379,0.0000012201708
978,left road,978,3.29499983787537,0.0,6.79999971389771,3.34999990463257,0.0,-0.15000000596046,3.29499983787537,0.0,6.79999971389771,12.4012203216553,1.20473229885101,-1.36282587051392,11.8380603790283,1.1302273273468,-0.85800731182098,"(11.83806, 1.130227, -0.858007)",truck body CS,12.2884635925293,0.1,12.4012203216553,1.20473229885101,-1.36282587051392,0.00073747700243,90.083440095379,0.0000012201708
979,left road,979,3.39499998092651,0.0,6.79999971389771,3.45000004768372,0.0,-0.15000000596046,3.39499998092651,0.0,6.79999971389771,12.4012203216553,1.20473229885101,-1.36282587051392,11.8380527496338,1.129399061203,-0.85239613056183,"(11.83805, 1.129399, -0.852396)",truck body CS,12.2145442962646,0.1,12.4012203216553,1.20473229885101,-1.36282587051392,0.00073747700243,90.083440095379,0.0000012201708
980,left road,980,-3.50500011444092,0.0,6.89999961853027,-3.45000004768372,0.0,-0.05000000074506,-3.50500011444092,0.0,6.89999961853027,12.4012203216553,1.20473229885101,-1.36282587051392,11.7644166946411,1.15650081634521,-1.03202342987061,"(11.76442, 1.156501, -1.032023)",truck body CS,17.9647846221924,0.1,12.4012203216553,1.20473229885101,-1.36282587051392,0.00073747700243,90.083440095379,0.0000012201708
981,left road,981,-3.40499997138977,0.0,6.89999961853027,-3.34999990463257,0.0,-0.05000000074506,-3.40499997138977,0.0,6.89999961853027,12.4012203216553,1.20473229885101,-1.36282587051392,11.7652788162231,1.1562614440918,-1.0303817987442,"(11.76528, 1.156261, -1.030382)",truck body CS,17.8763046264648,0.1,12.4012203216553,1.20473229885101,-1.36282587051392,0.00073747700243,90.083440095379,0.0000012201708
982,left road,982,-3.3050000667572,0.0,6.89999961853027,-3.25,0.0,-0.05000000074506,-3.3050000667572,0.0,6.89999961853027,12.4012203216553,1.20473229885101,-1.36282587051392,11.7661514282227,1.15601980686188,-1.028724193573,"(11.76615, 1.15602, -1.028724)",truck body CS,17.7879447937012,0.1,12.4012203216553,1.20473229885101,-1.36282587051392,0.00073747700243,90.083440095379,0.0000012201708
983,left road,983,-3.20500016212463,0.0,6.89999961853027,-3.15000009536743,0.0,-0.05000000074506,-3.20500016212463,0.0,6.89999961853027,12.4012203216553,1.20473229885101,-1.36282587051392,11.7669706344604,1.15577101707459,-1.02701711654663,"(11.76697, 1.155771, -1.027017)",truck body CS,17.6997108459473,0.1,12.4012203216553,1.20473229885101,-1.36282587051392,0.00073747700243,90.083440095379,0.0000012201708
984,left road,984,-3.10500001907349,0.0,6.89999961853027,-3.04999995231628,0.0,-0.05000000074506,-3.10500001907349,0.0,6.89999961853027,12.4012203216553,1.20473229885101,-1.36282587051392,11.7677402496338,1.15551495552063,-1.02526187896729,"(11.76774, 1.155515, -1.025262)",truck body CS,17.6116008758545,0.1,12.4012203216553,1.20473229885101,-1.36282587051392,0.00073747700243,90.083440095379,0.0000012201708
985,left road,985,-3.00500011444092,0.0,6.89999961853027,-2.95000004768372,0.0,-0.05000000074506,-3.00500011444092,0.0,6.89999961853027,12.4012203216553,1.20473229885101,-1.36282587051392,11.7685174942017,1.1552562713623,-1.02348756790161,"(11.76852, 1.155256, -1.023488)",truck body CS,17.5236206054688,0.1,12.4012203216553,1.20473229885101,-1.36282587051392,0.00073747700243,90.083440095379,0.0000012201708
986,left road,986,-2.90499997138977,0.0,6.89999961853027,-2.84999990463257,0.0,-0.05000000074506,-2.90499997138977,0.0,6.89999961853027,12.4012203216553,1.20473229885101,-1.36282587051392,11.7694807052612,1.15500891208649,-1.02179038524628,"(11.76948, 1.155009, -1.02179)",truck body CS,17.4357681274414,0.1,12.4012203216553,1.20473229885101,-1.36282587051392,0.00073747700243,90.083440095379,0.0000012201708
987,left road,987,-2.8050000667572,0.0,6.89999961853027,-2.75,0.0,-0.05000000074506,-2.8050000667572,0.0,6.89999961853027,12.4012203216553,1.20473229885101,-1.36282587051392,11.7715940475464,1.15484929084778,-1.02069556713104,"(11.77159, 1.154849, -1.020696)",truck body CS,17.3480491638184,0.1,12.4012203216553,1.20473229885101,-1.36282587051392,0.00073747700243,90.083440095379,0.0000012201708
988,left road,988,-2.70500016212463,0.0,6.89999961853027,-2.65000009536743,0.0,-0.05000000074506,-2.70500016212463,0.0,6.89999961853027,12.4012203216553,1.20473229885101,-1.36282587051392,11.7737216949463,1.15468883514404,-1.0195951461792,"(11.77372, 1.154689, -1.019595)",truck body CS,17.260461807251,0.1,12.4012203216553,1.20473229885101,-1.36282587051392,0.00073747700243,90.083440095379,0.0000012201708
989,left road,989,-2.60500001907349,0.0,6.89999961853027,-2.54999995231628,0.0,-0.05000000074506,-2.60500001907349,0.0,6.89999961853027,12.4012203216553,1.20473229885101,-1.36282587051392,11.7759418487549,1.15453338623047,-1.01852977275848,"(11.77594, 1.154533, -1.01853)",truck body CS,17.1730098724365,0.1,12.4012203216553,1.20473229885101,-1.36282587051392,0.00073747700243,90.083440095379,0.0000012201708
990,left road,990,-2.50500011444092,0.0,6.89999961853027,-2.45000004768372,0.0,-0.05000000074506,-2.50500011444092,0.0,6.89999961853027,12.4012203216553,1.20473229885101,-1.36282587051392,11.778169631958,1.15437686443329,-1.01745510101318,"(11.77817, 1.154377, -1.017455)",truck body CS,17.0856990814209,0.1,12.4012203216553,1.20473229885101,-1.36282587051392,0.00073747700243,90.083440095379,0.0000012201708
991,left road,991,-2.40499997138977,0.0,6.89999961853027,-2.34999990463257,0.0,-0.05000000074506,-2.40499997138977,0.0,6.89999961853027,12.4012203216553,1.20473229885101,-1.36282587051392,11.7804155349731,1.15421938896179,-1.01637578010559,"(11.78042, 1.154219, -1.016376)",truck body CS,16.9985237121582,0.1,12.4012203216553,1.20473229885101,-1.36282587051392,0.00073747700243,90.083440095379,0.0000012201708
992,left road,992,-2.3050000667572,0.0,6.89999961853027,-2.25,0.0,-0.05000000074506,-2.3050000667572,0.0,6.89999961853027,12.4012203216553,1.20473229885101,-1.36282587051392,11.7834129333496,1.15412163734436,-1.01570451259613,"(11.78341, 1.154122, -1.015705)",truck body CS,16.9114933013916,0.1,12.4012203216553,1.20473229885101,-1.36282587051392,0.00073747700243,90.083440095379,0.0000012201708
993,left road,993,-2.20500016212463,0.0,6.89999961853027,-2.15000009536743,0.0,-0.05000000074506,-2.20500016212463,0.0,6.89999961853027,12.4012203216553,1.20473229885101,-1.36282587051392,11.78684425354,1.15405797958374,-1.01526880264282,"(11.78684, 1.154058, -1.015269)",truck body CS,16.8246040344238,0.1,12.4012203216553,1.20473229885101,-1.36282587051392,0.00073747700243,90.083440095379,0.0000012201708
994,left road,994,-2.10500001907349,0.0,6.89999961853027,-2.04999995231628,0.0,-0.05000000074506,-2.10500001907349,0.0,6.89999961853027,12.4012203216553,1.20473229885101,-1.36282587051392,11.7902793884277,1.15399396419525,-1.01482963562012,"(11.79028, 1.153994, -1.01483)",truck body CS,16.7378635406494,0.1,12.4012203216553,1.20473229885101,-1.36282587051392,0.00073747700243,90.083440095379,0.0000012201708
995,left road,995,-2.00500011444092,0.0,6.89999961853027,-1.95000004768372,0.0,-0.05000000074506,-2.00500011444092,0.0,6.89999961853027,12.4012203216553,1.20473229885101,-1.36282587051392,11.7939262390137,1.15394687652588,-1.0145058631897,"(11.79393, 1.153947, -1.014506)",truck body CS,16.6512718200684,0.1,12.4012203216553,1.20473229885101,-1.36282587051392,0.00073747700243,90.083440095379,0.0000012201708
996,left road,996,-1.90499997138977,0.0,6.89999961853027,-1.85000002384186,0.0,-0.05000000074506,-1.90499997138977,0.0,6.89999961853027,12.4012203216553,1.20473229885101,-1.36282587051392,11.7978000640869,1.15391802787781,-1.01430833339691,"(11.7978, 1.153918, -1.014308)",truck body CS,16.5648307800293,0.1,12.4012203216553,1.20473229885101,-1.36282587051392,0.00073747700243,90.083440095379,0.0000012201708
997,left road,997,-1.80499994754791,0.0,6.89999961853027,-1.75,0.0,-0.05000000074506,-1.80499994754791,0.0,6.89999961853027,12.4012203216553,1.20473229885101,-1.36282587051392,11.8016815185547,1.15388941764832,-1.01411259174347,"(11.80168, 1.153889, -1.014113)",truck body CS,16.4785423278809,0.1,12.4012203216553,1.20473229885101,-1.36282587051392,0.00073747700243,90.083440095379,0.0000012201708
998,left road,998,-1.70499992370605,0.0,6.89999961853027,-1.64999997615814,0.0,-0.05000000074506,-1.70499992370605,0.0,6.89999961853027,12.4012203216553,1.20473229885101,-1.36282587051392,11.8055658340454,1.15386068820953,-1.01391553878784,"(11.80557, 1.153861, -1.013916)",truck body CS,16.3924102783203,0.1,12.4012203216553,1.20473229885101,-1.36282587051392,0.00073747700243,90.083440095379,0.0000012201708
999,left road,999,-1.6049998998642,0.0,6.89999961853027,-1.54999995231628,0.0,-0.05000000074506,-1.6049998998642,0.0,6.89999961853027,12.4012203216553,1.20473229885101,-1.36282587051392,11.809455871582,1.15383207798004,-1.01371932029724,"(11.80946, 1.153832, -1.013719)",truck body CS,16.3064346313477,0.1,12.4012203216553,1.20473229885101,-1.36282587051392,0.00073747700243,90.083440095379,0.0000012201708
1000,left road,1000,-1.50499999523163,0.0,6.89999961853027,-1.45000004768372,0.0,-0.05000000074506,-1.50499999523163,0.0,6.89999961853027,12.4012203216553,1.20473229885101,-1.36282587051392,11.813380241394,1.15380609035492,-1.01354122161865,"(11.81338, 1.153806, -1.013541)",truck body CS,16.2206249237061,0.1,12.4012203216553,1.20473229885101,-1.36282587051392,0.00073747700243,90.083440095379,0.0000012201708
1001,left road,1001,-1.40499997138977,0.0,6.89999961853027,-1.35000002384186,0.0,-0.05000000074506,-1.40499997138977,0.0,6.89999961853027,12.4012203216553,1.20473229885101,-1.36282587051392,11.8173732757568,1.15378570556641,-1.01340126991272,"(11.81737, 1.153786, -1.013401)",truck body CS,16.134973526001,0.1,12.4012203216553,1.20473229885101,-1.36282587051392,0.00073747700243,90.083440095379,0.0000012201708
1002,left road,1002,-1.30499994754791,0.0,6.89999961853027,-1.25,0.0,-0.05000000074506,-1.30499994754791,0.0,6.89999961853027,12.4012203216553,1.20473229885101,-1.36282587051392,11.8213882446289,1.15376687049866,-1.01327216625214,"(11.82139, 1.153767, -1.013272)",truck body CS,16.0494899749756,0.1,12.4012203216553,1.20473229885101,-1.36282587051392,0.00073747700243,90.083440095379,0.0000012201708
1003,left road,1003,-1.20499992370605,0.0,6.89999961853027,-1.14999997615814,0.0,-0.05000000074506,-1.20499992370605,0.0,6.89999961853027,12.4012203216553,1.20473229885101,-1.36282587051392,11.8224153518677,1.15348315238953,-1.01132619380951,"(11.82242, 1.153483, -1.011326)",truck body CS,15.9641752243042,0.1,12.4012203216553,1.20473229885101,-1.36282587051392,0.00073747700243,90.083440095379,0.0000012201708
1004,left road,1004,-1.1049998998642,0.0,6.89999961853027,-1.04999995231628,0.0,-0.05000000074506,-1.1049998998642,0.0,6.89999961853027,12.4012203216553,1.20473229885101,-1.36282587051392,11.8245611190796,1.1532951593399,-1.01003670692444,"(11.82456, 1.153295, -1.010037)",truck body CS,15.8790311813354,0.1,12.4012203216553,1.20473229885101,-1.36282587051392,0.00073747700243,90.083440095379,0.0000012201708
1005,left road,1005,-1.00499999523163,0.0,6.89999961853027,-0.94999998807907,0.0,-0.05000000074506,-1.00499999523163,0.0,6.89999961853027,12.4012203216553,1.20473229885101,-1.36282587051392,11.8281421661377,1.15323328971863,-1.0096127986908,"(11.82814, 1.153233, -1.009613)",truck body CS,15.7940626144409,0.1,12.4012203216553,1.20473229885101,-1.36282587051392,0.00073747700243,90.083440095379,0.0000012201708
1006,left road,1006,-0.90500003099442,0.0,6.89999961853027,-0.85000002384186,0.0,-0.05000000074506,-0.90500003099442,0.0,6.89999961853027,12.4012203216553,1.20473229885101,-1.36282587051392,11.8327722549438,1.15326547622681,-1.00983309745789,"(11.83277, 1.153265, -1.009833)",truck body CS,15.7092695236206,0.1,12.4012203216553,1.20473229885101,-1.36282587051392,0.00073747700243,90.083440095379,0.0000012201708
1007,left road,1007,-0.80500000715256,0.0,6.89999961853027,-0.75,0.0,-0.05000000074506,-0.80500000715256,0.0,6.89999961853027,12.4012203216553,1.20473229885101,-1.36282587051392,11.8373985290527,1.15329778194427,-1.01005530357361,"(11.8374, 1.153298, -1.010055)",truck body CS,15.6246576309204,0.1,12.4012203216553,1.20473229885101,-1.36282587051392,0.00073747700243,90.083440095379,0.0000012201708
1008,left road,1008,-0.7049999833107,0.0,6.89999961853027,-0.64999997615814,0.0,-0.05000000074506,-0.7049999833107,0.0,6.89999961853027,12.4012203216553,1.20473229885101,-1.36282587051392,11.842001914978,1.15332841873169,-1.01026463508606,"(11.842, 1.153328, -1.010265)",truck body CS,15.5402278900146,0.1,12.4012203216553,1.20473229885101,-1.36282587051392,0.00073747700243,90.083440095379,0.0000012201708
1009,left road,1009,-0.60500001907349,0.0,6.89999961853027,-0.55000001192093,0.0,-0.05000000074506,-0.60500001907349,0.0,6.89999961853027,12.4012203216553,1.20473229885101,-1.36282587051392,11.8487577438354,1.15355896949768,-1.01184606552124,"(11.84876, 1.153559, -1.011846)",truck body CS,15.4559831619263,0.1,12.4012203216553,1.20473229885101,-1.36282587051392,0.00073747700243,90.083440095379,0.0000012201708
1010,left road,1010,-0.50499999523163,0.0,6.89999961853027,-0.44999998807907,0.0,-0.05000000074506,-0.50499999523163,0.0,6.89999961853027,12.4012203216553,1.20473229885101,-1.36282587051392,11.8721723556519,1.15534830093384,-1.02411818504334,"(11.87217, 1.155348, -1.024118)",truck body CS,15.3719282150269,0.1,12.4012203216553,1.20473229885101,-1.36282587051392,0.00073747700243,90.083440095379,0.0000012201708
1011,left road,1011,-0.40500000119209,0.0,6.89999961853027,-0.34999999403954,0.0,-0.05000000074506,-0.40500000119209,0.0,6.89999961853027,12.4012203216553,1.20473229885101,-1.36282587051392,11.876030921936,1.15532553195953,-1.02396273612976,"(11.87603, 1.155326, -1.023963)",truck body CS,15.288064956665,0.1,12.4012203216553,1.20473229885101,-1.36282587051392,0.00073747700243,90.083440095379,0.0000012201708
1012,left road,1012,-0.30500000715256,0.0,6.89999961853027,-0.25,0.0,-0.05000000074506,-0.30500000715256,0.0,6.89999961853027,12.4012203216553,1.20473229885101,-1.36282587051392,11.8798809051514,1.15530180931091,-1.0237991809845,"(11.87988, 1.155302, -1.023799)",truck body CS,15.2043972015381,0.1,12.4012203216553,1.20473229885101,-1.36282587051392,0.00073747700243,90.083440095379,0.0000012201708
1013,left road,1013,-0.20500001311302,0.0,6.89999961853027,-0.15000000596046,0.0,-0.05000000074506,-0.20500001311302,0.0,6.89999961853027,12.4012203216553,1.20473229885101,-1.36282587051392,11.8838300704956,1.15528702735901,-1.02369809150696,"(11.88383, 1.155287, -1.023698)",truck body CS,15.1209278106689,0.1,12.4012203216553,1.20473229885101,-1.36282587051392,0.00073747700243,90.083440095379,0.0000012201708
1014,left road,1014,-0.10500000417233,0.0,6.89999961853027,-0.05000000074506,0.0,-0.05000000074506,-0.10500000417233,0.0,6.89999961853027,12.4012203216553,1.20473229885101,-1.36282587051392,11.8883905410767,1.15533089637756,-1.02399969100952,"(11.88839, 1.155331, -1.024)",truck body CS,15.0376596450806,0.1,12.4012203216553,1.20473229885101,-1.36282587051392,0.00073747700243,90.083440095379,0.0000012201708
1015,left road,1015,-0.00499999895692,0.0,6.89999961853027,0.05000000074506,0.0,-0.05000000074506,-0.00499999895692,0.0,6.89999961853027,12.4012203216553,1.20473229885101,-1.36282587051392,12.3512687683105,1.19988167285919,-1.32955610752106,"(12.35127, 1.199882, -1.329556)",EyeArea,14.9545965194702,0.1,12.4012203216553,1.20473229885101,-1.36282587051392,0.00073747700243,90.083440095379,0.0000012201708
1016,left road,1016,0.09500000625849,0.0,6.89999961853027,0.15000000596046,0.0,-0.05000000074506,0.09500000625849,0.0,6.89999961853027,12.4012203216553,1.20473229885101,-1.36282587051392,12.3512697219849,1.19984221458435,-1.32928717136383,"(12.35127, 1.199842, -1.329287)",EyeArea,14.8717422485352,0.1,12.4012203216553,1.20473229885101,-1.36282587051392,0.00073747700243,90.083440095379,0.0000012201708
1017,left road,1017,0.19499999284744,0.0,6.89999961853027,0.25,0.0,-0.05000000074506,0.19499999284744,0.0,6.89999961853027,12.4012203216553,1.20473229885101,-1.36282587051392,12.3512697219849,1.19980227947235,-1.32901155948639,"(12.35127, 1.199802, -1.329012)",EyeArea,14.7890996932983,0.1,12.4012203216553,1.20473229885101,-1.36282587051392,0.00073747700243,90.083440095379,0.0000012201708
1018,left road,1018,0.29499998688698,0.0,6.89999961853027,0.34999999403954,0.0,-0.05000000074506,0.29499998688698,0.0,6.89999961853027,12.4012203216553,1.20473229885101,-1.36282587051392,12.3512706756592,1.19976150989532,-1.32873213291168,"(12.35127, 1.199762, -1.328732)",EyeArea,14.706672668457,0.1,12.4012203216553,1.20473229885101,-1.36282587051392,0.00073747700243,90.083440095379,0.0000012201708
1019,left road,1019,0.39499998092651,0.0,6.89999961853027,0.44999998807907,0.0,-0.05000000074506,0.39499998092651,0.0,6.89999961853027,12.4012203216553,1.20473229885101,-1.36282587051392,12.3512706756592,1.19972014427185,-1.32844984531403,"(12.35127, 1.19972, -1.32845)",EyeArea,14.6244649887085,0.1,12.4012203216553,1.20473229885101,-1.36282587051392,0.00073747700243,90.083440095379,0.0000012201708
1020,left road,1020,0.49500000476837,0.0,6.89999961853027,0.55000001192093,0.0,-0.05000000074506,0.49500000476837,0.0,6.89999961853027,12.4012203216553,1.20473229885101,-1.36282587051392,12.3512706756592,1.19967818260193,-1.32816088199615,"(12.35127, 1.199678, -1.328161)",EyeArea,14.54248046875,0.1,12.4012203216553,1.20473229885101,-1.36282587051392,0.00073747700243,90.083440095379,0.0000012201708
1021,left road,1021,0.59499996900558,0.0,6.89999961853027,0.64999997615814,0.0,-0.05000000074506,0.59499996900558,0.0,6.89999961853027,12.4012203216553,1.20473229885101,-1.36282587051392,12.3512716293335,1.19963538646698,-1.3278671503067,"(12.35127, 1.199635, -1.327867)",EyeArea,14.4607219696045,0.1,12.4012203216553,1.20473229885101,-1.36282587051392,0.00073747700243,90.083440095379,0.0000012201708
1022,left road,1022,0.69499999284744,0.0,6.89999961853027,0.75,0.0,-0.05000000074506,0.69499999284744,0.0,6.89999961853027,12.4012203216553,1.20473229885101,-1.36282587051392,12.3512716293335,1.19959187507629,-1.3275705575943,"(12.35127, 1.199592, -1.327571)",EyeArea,14.3791952133179,0.1,12.4012203216553,1.20473229885101,-1.36282587051392,0.00073747700243,90.083440095379,0.0000012201708
1023,left road,1023,0.7950000166893,0.0,6.89999961853027,0.85000002384186,0.0,-0.05000000074506,0.7950000166893,0.0,6.89999961853027,12.4012203216553,1.20473229885101,-1.36282587051392,12.3512725830078,1.19954764842987,-1.32726538181305,"(12.35127, 1.199548, -1.327265)",EyeArea,14.2979021072388,0.1,12.4012203216553,1.20473229885101,-1.36282587051392,0.00073747700243,90.083440095379,0.0000012201708
1024,left road,1024,0.89499998092651,0.0,6.89999961853027,0.94999998807907,0.0,-0.05000000074506,0.89499998092651,0.0,6.89999961853027,12.4012203216553,1.20473229885101,-1.36282587051392,12.3512725830078,1.19950258731842,-1.32695734500885,"(12.35127, 1.199503, -1.326957)",EyeArea,14.2168474197388,0.1,12.4012203216553,1.20473229885101,-1.36282587051392,0.00073747700243,90.083440095379,0.0000012201708
1025,left road,1025,0.99499994516373,0.0,6.89999961853027,1.04999995231628,0.0,-0.05000000074506,0.99499994516373,0.0,6.89999961853027,12.4012203216553,1.20473229885101,-1.36282587051392,12.3512735366821,1.19945681095123,-1.32664358615875,"(12.35127, 1.199457, -1.326644)",EyeArea,14.1360368728638,0.1,12.4012203216553,1.20473229885101,-1.36282587051392,0.00073747700243,90.083440095379,0.0000012201708
1026,left road,1026,1.09500002861023,0.0,6.89999961853027,1.14999997615814,0.0,-0.05000000074506,1.09500002861023,0.0,6.89999961853027,12.4012203216553,1.20473229885101,-1.36282587051392,12.3512735366821,1.19941020011902,-1.32632315158844,"(12.35127, 1.19941, -1.326323)",EyeArea,14.0554714202881,0.1,12.4012203216553,1.20473229885101,-1.36282587051392,0.00073747700243,90.083440095379,0.0000012201708
1027,left road,1027,1.19500005245209,0.0,6.89999961853027,1.25,0.0,-0.05000000074506,1.19500005245209,0.0,6.89999961853027,12.4012203216553,1.20473229885101,-1.36282587051392,12.3512744903564,1.19936275482178,-1.32599890232086,"(12.35127, 1.199363, -1.325999)",EyeArea,13.9751577377319,0.1,12.4012203216553,1.20473229885101,-1.36282587051392,0.00073747700243,90.083440095379,0.0000012201708
1028,left road,1028,1.29500007629395,0.0,6.89999961853027,1.35000002384186,0.0,-0.05000000074506,1.29500007629395,0.0,6.89999961853027,12.4012203216553,1.20473229885101,-1.36282587051392,12.3512744903564,1.19931447505951,-1.32566702365875,"(12.35127, 1.199314, -1.325667)",EyeArea,13.8950996398926,0.1,12.4012203216553,1.20473229885101,-1.36282587051392,0.00073747700243,90.083440095379,0.0000012201708
1029,left road,1029,1.3950001001358,0.0,6.89999961853027,1.45000004768372,0.0,-0.05000000074506,1.3950001001358,0.0,6.89999961853027,12.4012203216553,1.20473229885101,-1.36282587051392,12.3512754440308,1.19926536083221,-1.32532942295074,"(12.35128, 1.199265, -1.325329)",EyeArea,13.8153009414673,0.1,12.4012203216553,1.20473229885101,-1.36282587051392,0.00073747700243,90.083440095379,0.0000012201708
1030,left road,1030,1.49500000476837,0.0,6.89999961853027,1.54999995231628,0.0,-0.05000000074506,1.49500000476837,0.0,6.89999961853027,12.4012203216553,1.20473229885101,-1.36282587051392,12.3512754440308,1.19921517372131,-1.32498610019684,"(12.35128, 1.199215, -1.324986)",EyeArea,13.735767364502,0.1,12.4012203216553,1.20473229885101,-1.36282587051392,0.00073747700243,90.083440095379,0.0000012201708
1031,left road,1031,1.59500002861023,0.0,6.89999961853027,1.64999997615814,0.0,-0.05000000074506,1.59500002861023,0.0,6.89999961853027,12.4012203216553,1.20473229885101,-1.36282587051392,12.3512763977051,1.19916427135468,-1.32463705539703,"(12.35128, 1.199164, -1.324637)",EyeArea,13.6565017700195,0.1,12.4012203216553,1.20473229885101,-1.36282587051392,0.00073747700243,90.083440095379,0.0000012201708
1032,left road,1032,1.69500005245209,0.0,6.89999961853027,1.75,0.0,-0.05000000074506,1.69500005245209,0.0,6.89999961853027,12.4012203216553,1.20473229885101,-1.36282587051392,12.3512763977051,1.19911229610443,-1.32427942752838,"(12.35128, 1.199112, -1.324279)",EyeArea,13.5775117874146,0.1,12.4012203216553,1.20473229885101,-1.36282587051392,0.00073747700243,90.083440095379,0.0000012201708
1033,left road,1033,1.79500007629395,0.0,6.89999961853027,1.85000002384186,0.0,-0.05000000074506,1.79500007629395,0.0,6.89999961853027,12.4012203216553,1.20473229885101,-1.36282587051392,12.3512773513794,1.19905936717987,-1.32391798496246,"(12.35128, 1.199059, -1.323918)",EyeArea,13.4987983703613,0.1,12.4012203216553,1.20473229885101,-1.36282587051392,0.00073747700243,90.083440095379,0.0000012201708
1034,left road,1034,1.8950001001358,0.0,6.89999961853027,1.95000004768372,0.0,-0.05000000074506,1.8950001001358,0.0,6.89999961853027,12.4012203216553,1.20473229885101,-1.36282587051392,12.3512773513794,1.19900548458099,-1.32354700565338,"(12.35128, 1.199005, -1.323547)",EyeArea,13.4203691482544,0.1,12.4012203216553,1.20473229885101,-1.36282587051392,0.00073747700243,90.083440095379,0.0000012201708
1035,left road,1035,1.99500000476837,0.0,6.89999961853027,2.04999995231628,0.0,-0.05000000074506,1.99500000476837,0.0,6.89999961853027,12.4012203216553,1.20473229885101,-1.36282587051392,12.3512783050537,1.19895040988922,-1.32316935062408,"(12.35128, 1.19895, -1.323169)",EyeArea,13.3422288894653,0.1,12.4012203216553,1.20473229885101,-1.36282587051392,0.00073747700243,90.083440095379,0.0000012201708
1036,left road,1036,2.09500002861023,0.0,6.89999961853027,2.15000009536743,0.0,-0.05000000074506,2.09500002861023,0.0,6.89999961853027,12.4012203216553,1.20473229885101,-1.36282587051392,12.351279258728,1.19889438152313,-1.32278597354889,"(12.35128, 1.198894, -1.322786)",EyeArea,13.2643814086914,0.1,12.4012203216553,1.20473229885101,-1.36282587051392,0.00073747700243,90.083440095379,0.0000012201708
1037,left road,1037,2.1949999332428,0.0,6.89999961853027,2.25,0.0,-0.05000000074506,2.1949999332428,0.0,6.89999961853027,12.4012203216553,1.20473229885101,-1.36282587051392,12.351279258728,1.19883728027344,-1.32239305973053,"(12.35128, 1.198837, -1.322393)",EyeArea,13.1868343353271,0.1,12.4012203216553,1.20473229885101,-1.36282587051392,0.00073747700243,90.083440095379,0.0000012201708
1038,left road,1038,2.29499983787537,0.0,6.89999961853027,2.34999990463257,0.0,-0.05000000074506,2.29499983787537,0.0,6.89999961853027,12.4012203216553,1.20473229885101,-1.36282587051392,12.3512802124023,1.19877898693085,-1.32199347019196,"(12.35128, 1.198779, -1.321993)",EyeArea,13.1095895767212,0.1,12.4012203216553,1.20473229885101,-1.36282587051392,0.00073747700243,90.083440095379,0.0000012201708
1039,left road,1039,2.39499998092651,0.0,6.89999961853027,2.45000004768372,0.0,-0.05000000074506,2.39499998092651,0.0,6.89999961853027,12.4012203216553,1.20473229885101,-1.36282587051392,12.3512802124023,1.19871962070465,-1.32158720493317,"(12.35128, 1.19872, -1.321587)",EyeArea,13.0326547622681,0.1,12.4012203216553,1.20473229885101,-1.36282587051392,0.00073747700243,90.083440095379,0.0000012201708
1040,left road,1040,2.49499988555908,0.0,6.89999961853027,2.54999995231628,0.0,-0.05000000074506,2.49499988555908,0.0,6.89999961853027,12.4012203216553,1.20473229885101,-1.36282587051392,12.3512811660767,1.19865894317627,-1.32117056846619,"(12.35128, 1.198659, -1.321171)",EyeArea,12.9560356140137,0.1,12.4012203216553,1.20473229885101,-1.36282587051392,0.00073747700243,90.083440095379,0.0000012201708
1041,left road,1041,2.59500002861023,0.0,6.89999961853027,2.65000009536743,0.0,-0.05000000074506,2.59500002861023,0.0,6.89999961853027,12.4012203216553,1.20473229885101,-1.36282587051392,12.351282119751,1.19859719276428,-1.3207471370697,"(12.35128, 1.198597, -1.320747)",EyeArea,12.8797359466553,0.1,12.4012203216553,1.20473229885101,-1.36282587051392,0.00073747700243,90.083440095379,0.0000012201708
1042,left road,1042,2.6949999332428,0.0,6.89999961853027,2.75,0.0,-0.05000000074506,2.6949999332428,0.0,6.89999961853027,12.4012203216553,1.20473229885101,-1.36282587051392,12.351282119751,1.19853401184082,-1.32031416893005,"(12.35128, 1.198534, -1.320314)",EyeArea,12.8037643432617,0.1,12.4012203216553,1.20473229885101,-1.36282587051392,0.00073747700243,90.083440095379,0.0000012201708
1043,left road,1043,2.79499983787537,0.0,6.89999961853027,2.84999990463257,0.0,-0.05000000074506,2.79499983787537,0.0,6.89999961853027,12.4012203216553,1.20473229885101,-1.36282587051392,12.3512830734253,1.19846951961517,-1.31987166404724,"(12.35128, 1.19847, -1.319872)",EyeArea,12.728123664856,0.1,12.4012203216553,1.20473229885101,-1.36282587051392,0.00073747700243,90.083440095379,0.0000012201708
1044,left road,1044,2.89499998092651,0.0,6.89999961853027,2.95000004768372,0.0,-0.05000000074506,2.89499998092651,0.0,6.89999961853027,12.4012203216553,1.20473229885101,-1.36282587051392,11.8423461914063,1.13390552997589,-0.87705099582672,"(11.84235, 1.133906, -0.877051)",truck body CS,12.6528205871582,0.1,12.4012203216553,1.20473229885101,-1.36282587051392,0.00073747700243,90.083440095379,0.0000012201708
1045,left road,1045,2.99499988555908,0.0,6.89999961853027,3.04999995231628,0.0,-0.05000000074506,2.99499988555908,0.0,6.89999961853027,12.4012203216553,1.20473229885101,-1.36282587051392,11.8408212661743,1.1329573392868,-0.87054657936096,"(11.84082, 1.132957, -0.870547)",truck body CS,12.577862739563,0.1,12.4012203216553,1.20473229885101,-1.36282587051392,0.00073747700243,90.083440095379,0.0000012201708
1046,left road,1046,3.09500002861023,0.0,6.89999961853027,3.15000009536743,0.0,-0.05000000074506,3.09500002861023,0.0,6.89999961853027,12.4012203216553,1.20473229885101,-1.36282587051392,11.8400945663452,1.13209187984467,-0.86461144685745,"(11.84009, 1.132092, -0.864611)",truck body CS,12.5032548904419,0.1,12.4012203216553,1.20473229885101,-1.36282587051392,0.00073747700243,90.083440095379,0.0000012201708
1047,left road,1047,3.1949999332428,0.0,6.89999961853027,3.25,0.0,-0.05000000074506,3.1949999332428,0.0,6.89999961853027,12.4012203216553,1.20473229885101,-1.36282587051392,11.8401126861572,1.13130521774292,-0.85921567678452,"(11.84011, 1.131305, -0.859216)",truck body CS,12.4290046691895,0.1,12.4012203216553,1.20473229885101,-1.36282587051392,0.00073747700243,90.083440095379,0.0000012201708
1048,left road,1048,3.29499983787537,0.0,6.89999961853027,3.34999990463257,0.0,-0.05000000074506,3.29499983787537,0.0,6.89999961853027,12.4012203216553,1.20473229885101,-1.36282587051392,11.8401317596436,1.13050150871277,-0.8537033200264,"(11.84013, 1.130502, -0.853703)",truck body CS,12.3551158905029,0.1,12.4012203216553,1.20473229885101,-1.36282587051392,0.00073747700243,90.083440095379,0.0000012201708
1049,left road,1049,3.39499998092651,0.0,6.89999961853027,3.45000004768372,0.0,-0.05000000074506,3.39499998092651,0.0,6.89999961853027,12.4012203216553,1.20473229885101,-1.36282587051392,11.8401489257813,1.12967956066132,-0.84806531667709,"(11.84015, 1.12968, -0.848065)",truck body CS,12.2815980911255,0.1,12.4012203216553,1.20473229885101,-1.36282587051392,0.00073747700243,90.083440095379,0.0000012201708
1050,left road,1050,-3.50500011444092,0.0,7.0,-3.45000004768372,0.0,0.05000000074506,-3.50500011444092,0.0,7.0,12.4012203216553,1.20473229885101,-1.36282587051392,11.7668361663818,1.15668416023254,-1.02929222583771,"(11.76684, 1.156684, -1.029292)",truck body CS,18.0109996795654,0.1,12.4012203216553,1.20473229885101,-1.36282587051392,0.00073747700243,90.083440095379,0.0000012201708
1051,left road,1051,-3.40499997138977,0.0,7.0,-3.34999990463257,0.0,0.05000000074506,-3.40499997138977,0.0,7.0,12.4012203216553,1.20473229885101,-1.36282587051392,11.7676773071289,1.15644419193268,-1.0276266336441,"(11.76768, 1.156444, -1.027627)",truck body CS,17.9227466583252,0.1,12.4012203216553,1.20473229885101,-1.36282587051392,0.00073747700243,90.083440095379,0.0000012201708
1052,left road,1052,-3.3050000667572,0.0,7.0,-3.25,0.0,0.05000000074506,-3.3050000667572,0.0,7.0,12.4012203216553,1.20473229885101,-1.36282587051392,11.7684383392334,1.15619516372681,-1.02589869499207,"(11.76844, 1.156195, -1.025899)",truck body CS,17.8346176147461,0.1,12.4012203216553,1.20473229885101,-1.36282587051392,0.00073747700243,90.083440095379,0.0000012201708
1053,left road,1053,-3.20500016212463,0.0,7.0,-3.15000009536743,0.0,0.05000000074506,-3.20500016212463,0.0,7.0,12.4012203216553,1.20473229885101,-1.36282587051392,11.7692098617554,1.15594387054443,-1.02415323257446,"(11.76921, 1.155944, -1.024153)",truck body CS,17.7466144561768,0.1,12.4012203216553,1.20473229885101,-1.36282587051392,0.00073747700243,90.083440095379,0.0000012201708
1054,left road,1054,-3.10500001907349,0.0,7.0,-3.04999995231628,0.0,0.05000000074506,-3.10500001907349,0.0,7.0,12.4012203216553,1.20473229885101,-1.36282587051392,11.7699861526489,1.15568947792053,-1.02238738536835,"(11.76999, 1.155689, -1.022387)",truck body CS,17.6587390899658,0.1,12.4012203216553,1.20473229885101,-1.36282587051392,0.00073747700243,90.083440095379,0.0000012201708
1055,left road,1055,-3.00500011444092,0.0,7.0,-2.95000004768372,0.0,0.05000000074506,-3.00500011444092,0.0,7.0,12.4012203216553,1.20473229885101,-1.36282587051392,11.7719097137451,1.15552163124084,-1.02122139930725,"(11.77191, 1.155522, -1.021221)",truck body CS,17.5709953308105,0.1,12.4012203216553,1.20473229885101,-1.36282587051392,0.00073747700243,90.083440095379,0.0000012201708
1056,left road,1056,-2.90499997138977,0.0,7.0,-2.84999990463257,0.0,0.05000000074506,-2.90499997138977,0.0,7.0,12.4012203216553,1.20473229885101,-1.36282587051392,11.7740201950073,1.15536618232727,-1.02014374732971,"(11.77402, 1.155366, -1.020144)",truck body CS,17.4833812713623,0.1,12.4012203216553,1.20473229885101,-1.36282587051392,0.00073747700243,90.083440095379,0.0000012201708
1057,left road,1057,-2.8050000667572,0.0,7.0,-2.75,0.0,0.05000000074506,-2.8050000667572,0.0,7.0,12.4012203216553,1.20473229885101,-1.36282587051392,11.776180267334,1.15521264076233,-1.01907753944397,"(11.77618, 1.155213, -1.019078)",truck body CS,17.3959007263184,0.1,12.4012203216553,1.20473229885101,-1.36282587051392,0.00073747700243,90.083440095379,0.0000012201708
1058,left road,1058,-2.70500016212463,0.0,7.0,-2.65000009536743,0.0,0.05000000074506,-2.70500016212463,0.0,7.0,12.4012203216553,1.20473229885101,-1.36282587051392,11.7783813476563,1.15506029129028,-1.01802003383636,"(11.77838, 1.15506, -1.01802)",truck body CS,17.3085556030273,0.1,12.4012203216553,1.20473229885101,-1.36282587051392,0.00073747700243,90.083440095379,0.0000012201708
1059,left road,1059,-2.60500001907349,0.0,7.0,-2.54999995231628,0.0,0.05000000074506,-2.60500001907349,0.0,7.0,12.4012203216553,1.20473229885101,-1.36282587051392,11.7805938720703,1.15490698814392,-1.0169563293457,"(11.78059, 1.154907, -1.016956)",truck body CS,17.2213497161865,0.1,12.4012203216553,1.20473229885101,-1.36282587051392,0.00073747700243,90.083440095379,0.0000012201708
1060,left road,1060,-2.50500011444092,0.0,7.0,-2.45000004768372,0.0,0.05000000074506,-2.50500011444092,0.0,7.0,12.4012203216553,1.20473229885101,-1.36282587051392,11.7831726074219,1.15478110313416,-1.01608192920685,"(11.78317, 1.154781, -1.016082)",truck body CS,17.1342830657959,0.1,12.4012203216553,1.20473229885101,-1.36282587051392,0.00073747700243,90.083440095379,0.0000012201708
1061,left road,1061,-2.40499997138977,0.0,7.0,-2.34999990463257,0.0,0.05000000074506,-2.40499997138977,0.0,7.0,12.4012203216553,1.20473229885101,-1.36282587051392,11.7865581512451,1.15471911430359,-1.0156524181366,"(11.78656, 1.154719, -1.015652)",truck body CS,17.0473575592041,0.1,12.4012203216553,1.20473229885101,-1.36282587051392,0.00073747700243,90.083440095379,0.0000012201708
1062,left road,1062,-2.3050000667572,0.0,7.0,-2.25,0.0,0.05000000074506,-2.3050000667572,0.0,7.0,12.4012203216553,1.20473229885101,-1.36282587051392,11.7899503707886,1.15465712547302,-1.01522088050842,"(11.78995, 1.154657, -1.015221)",truck body CS,16.9605770111084,0.1,12.4012203216553,1.20473229885101,-1.36282587051392,0.00073747700243,90.083440095379,0.0000012201708
1063,left road,1063,-2.20500016212463,0.0,7.0,-2.15000009536743,0.0,0.05000000074506,-2.20500016212463,0.0,7.0,12.4012203216553,1.20473229885101,-1.36282587051392,11.7934198379517,1.1546003818512,-1.01482748985291,"(11.79342, 1.1546, -1.014827)",truck body CS,16.8739414215088,0.1,12.4012203216553,1.20473229885101,-1.36282587051392,0.00073747700243,90.083440095379,0.0000012201708
1064,left road,1064,-2.10500001907349,0.0,7.0,-2.04999995231628,0.0,0.05000000074506,-2.10500001907349,0.0,7.0,12.4012203216553,1.20473229885101,-1.36282587051392,11.7972469329834,1.15457272529602,-1.01463460922241,"(11.79725, 1.154573, -1.014635)",truck body CS,16.7874565124512,0.1,12.4012203216553,1.20473229885101,-1.36282587051392,0.00073747700243,90.083440095379,0.0000012201708
1065,left road,1065,-2.00500011444092,0.0,7.0,-1.95000004768372,0.0,0.05000000074506,-2.00500011444092,0.0,7.0,12.4012203216553,1.20473229885101,-1.36282587051392,11.8010749816895,1.15454459190369,-1.01444005966187,"(11.80107, 1.154545, -1.01444)",truck body CS,16.7011203765869,0.1,12.4012203216553,1.20473229885101,-1.36282587051392,0.00073747700243,90.083440095379,0.0000012201708
1066,left road,1066,-1.90499997138977,0.0,7.0,-1.85000002384186,0.0,0.05000000074506,-1.90499997138977,0.0,7.0,12.4012203216553,1.20473229885101,-1.36282587051392,11.8049116134644,1.15451693534851,-1.01424789428711,"(11.80491, 1.154517, -1.014248)",truck body CS,16.6149387359619,0.1,12.4012203216553,1.20473229885101,-1.36282587051392,0.00073747700243,90.083440095379,0.0000012201708
1067,left road,1067,-1.80499994754791,0.0,7.0,-1.75,0.0,0.05000000074506,-1.80499994754791,0.0,7.0,12.4012203216553,1.20473229885101,-1.36282587051392,11.8087482452393,1.15448880195618,-1.01405262947083,"(11.80875, 1.154489, -1.014053)",truck body CS,16.5289134979248,0.1,12.4012203216553,1.20473229885101,-1.36282587051392,0.00073747700243,90.083440095379,0.0000012201708
1068,left road,1068,-1.70499992370605,0.0,7.0,-1.64999997615814,0.0,0.05000000074506,-1.70499992370605,0.0,7.0,12.4012203216553,1.20473229885101,-1.36282587051392,11.8125925064087,1.15446090698242,-1.01385867595673,"(11.81259, 1.154461, -1.013859)",truck body CS,16.4430446624756,0.1,12.4012203216553,1.20473229885101,-1.36282587051392,0.00073747700243,90.083440095379,0.0000012201708
1069,left road,1069,-1.6049998998642,0.0,7.0,-1.54999995231628,0.0,0.05000000074506,-1.6049998998642,0.0,7.0,12.4012203216553,1.20473229885101,-1.36282587051392,11.8165063858032,1.15443873405457,-1.01370453834534,"(11.81651, 1.154439, -1.013705)",truck body CS,16.3573360443115,0.1,12.4012203216553,1.20473229885101,-1.36282587051392,0.00073747700243,90.083440095379,0.0000012201708
1070,left road,1070,-1.50499999523163,0.0,7.0,-1.45000004768372,0.0,0.05000000074506,-1.50499999523163,0.0,7.0,12.4012203216553,1.20473229885101,-1.36282587051392,11.8203401565552,1.15440893173218,-1.01349949836731,"(11.82034, 1.154409, -1.013499)",truck body CS,16.2717914581299,0.1,12.4012203216553,1.20473229885101,-1.36282587051392,0.00073747700243,90.083440095379,0.0000012201708
1071,left road,1071,-1.40499997138977,0.0,7.0,-1.35000002384186,0.0,0.05000000074506,-1.40499997138977,0.0,7.0,12.4012203216553,1.20473229885101,-1.36282587051392,11.8228235244751,1.15426123142242,-1.0124728679657,"(11.82282, 1.154261, -1.012473)",truck body CS,16.1864128112793,0.1,12.4012203216553,1.20473229885101,-1.36282587051392,0.00073747700243,90.083440095379,0.0000012201708
1072,left road,1072,-1.30499994754791,0.0,7.0,-1.25,0.0,0.05000000074506,-1.30499994754791,0.0,7.0,12.4012203216553,1.20473229885101,-1.36282587051392,11.8241415023804,1.15400898456573,-1.01072204113007,"(11.82414, 1.154009, -1.010722)",truck body CS,16.1012020111084,0.1,12.4012203216553,1.20473229885101,-1.36282587051392,0.00073747700243,90.083440095379,0.0000012201708
1073,left road,1073,-1.20499992370605,0.0,7.0,-1.14999997615814,0.0,0.05000000074506,-1.20499992370605,0.0,7.0,12.4012203216553,1.20473229885101,-1.36282587051392,11.8269395828247,1.15388381481171,-1.00985336303711,"(11.82694, 1.153884, -1.009853)",truck body CS,16.0161628723145,0.1,12.4012203216553,1.20473229885101,-1.36282587051392,0.00073747700243,90.083440095379,0.0000012201708
1074,left road,1074,-1.1049998998642,0.0,7.0,-1.04999995231628,0.0,0.05000000074506,-1.1049998998642,0.0,7.0,12.4012203216553,1.20473229885101,-1.36282587051392,11.8313732147217,1.15390276908875,-1.00998556613922,"(11.83137, 1.153903, -1.009986)",truck body CS,15.9312963485718,0.1,12.4012203216553,1.20473229885101,-1.36282587051392,0.00073747700243,90.083440095379,0.0000012201708
1075,left road,1075,-1.00499999523163,0.0,7.0,-0.94999998807907,0.0,0.05000000074506,-1.00499999523163,0.0,7.0,12.4012203216553,1.20473229885101,-1.36282587051392,11.8359336853027,1.15393352508545,-1.01019847393036,"(11.83593, 1.153934, -1.010198)",truck body CS,15.8466081619263,0.1,12.4012203216553,1.20473229885101,-1.36282587051392,0.00073747700243,90.083440095379,0.0000012201708
1076,left road,1076,-0.90500003099442,0.0,7.0,-0.85000002384186,0.0,0.05000000074506,-0.90500003099442,0.0,7.0,12.4012203216553,1.20473229885101,-1.36282587051392,11.8404722213745,1.1539626121521,-1.01040029525757,"(11.84047, 1.153963, -1.0104)",truck body CS,15.7620973587036,0.1,12.4012203216553,1.20473229885101,-1.36282587051392,0.00073747700243,90.083440095379,0.0000012201708
1077,left road,1077,-0.80500000715256,0.0,7.0,-0.75,0.0,0.05000000074506,-0.80500000715256,0.0,7.0,12.4012203216553,1.20473229885101,-1.36282587051392,11.8450231552124,1.1539933681488,-1.01061391830444,"(11.84502, 1.153993, -1.010614)",truck body CS,15.6777715682983,0.1,12.4012203216553,1.20473229885101,-1.36282587051392,0.00073747700243,90.083440095379,0.0000012201708
1078,left road,1078,-0.7049999833107,0.0,7.0,-0.64999997615814,0.0,0.05000000074506,-0.7049999833107,0.0,7.0,12.4012203216553,1.20473229885101,-1.36282587051392,11.870979309082,1.15599226951599,-1.02448868751526,"(11.87098, 1.155992, -1.024489)",truck body CS,15.5936288833618,0.1,12.4012203216553,1.20473229885101,-1.36282587051392,0.00073747700243,90.083440095379,0.0000012201708
1079,left road,1079,-0.60500001907349,0.0,7.0,-0.55000001192093,0.0,0.05000000074506,-0.60500001907349,0.0,7.0,12.4012203216553,1.20473229885101,-1.36282587051392,11.8747863769531,1.15597009658813,-1.02433562278748,"(11.87479, 1.15597, -1.024336)",truck body CS,15.5096740722656,0.1,12.4012203216553,1.20473229885101,-1.36282587051392,0.00073747700243,90.083440095379,0.0000012201708
1080,left road,1080,-0.50499999523163,0.0,7.0,-0.44999998807907,0.0,0.05000000074506,-0.50499999523163,0.0,7.0,12.4012203216553,1.20473229885101,-1.36282587051392,11.8785915374756,1.15594744682312,-1.02417814731598,"(11.87859, 1.155947, -1.024178)",truck body CS,15.4259119033813,0.1,12.4012203216553,1.20473229885101,-1.36282587051392,0.00073747700243,90.083440095379,0.0000012201708
1081,left road,1081,-0.40500000119209,0.0,7.0,-0.34999999403954,0.0,0.05000000074506,-0.40500000119209,0.0,7.0,12.4012203216553,1.20473229885101,-1.36282587051392,11.8823442459106,1.15591955184937,-1.02398407459259,"(11.88234, 1.15592, -1.023984)",truck body CS,15.3423433303833,0.1,12.4012203216553,1.20473229885101,-1.36282587051392,0.00073747700243,90.083440095379,0.0000012201708
1082,left road,1082,-0.30500000715256,0.0,7.0,-0.25,0.0,0.05000000074506,-0.30500000715256,0.0,7.0,12.4012203216553,1.20473229885101,-1.36282587051392,11.8865480422974,1.15593385696411,-1.02408361434937,"(11.88655, 1.155934, -1.024084)",truck body CS,15.2589731216431,0.1,12.4012203216553,1.20473229885101,-1.36282587051392,0.00073747700243,90.083440095379,0.0000012201708
1083,left road,1083,-0.20500001311302,0.0,7.0,-0.15000000596046,0.0,0.05000000074506,-0.20500001311302,0.0,7.0,12.4012203216553,1.20473229885101,-1.36282587051392,11.8910474777222,1.15597701072693,-1.02438247203827,"(11.89105, 1.155977, -1.024382)",truck body CS,15.1758041381836,0.1,12.4012203216553,1.20473229885101,-1.36282587051392,0.00073747700243,90.083440095379,0.0000012201708
1084,left road,1084,-0.10500000417233,0.0,7.0,-0.05000000074506,0.0,0.05000000074506,-0.10500000417233,0.0,7.0,12.4012203216553,1.20473229885101,-1.36282587051392,12.3512687683105,1.1999204158783,-1.32942259311676,"(12.35127, 1.19992, -1.329423)",EyeArea,15.0928382873535,0.1,12.4012203216553,1.20473229885101,-1.36282587051392,0.00073747700243,90.083440095379,0.0000012201708
1085,left road,1085,-0.00499999895692,0.0,7.0,0.05000000074506,0.0,0.05000000074506,-0.00499999895692,0.0,7.0,12.4012203216553,1.20473229885101,-1.36282587051392,12.3512697219849,1.19988167285919,-1.32915556430817,"(12.35127, 1.199882, -1.329156)",EyeArea,15.0100812911987,0.1,12.4012203216553,1.20473229885101,-1.36282587051392,0.00073747700243,90.083440095379,0.0000012201708
1086,left road,1086,0.09500000625849,0.0,7.0,0.15000000596046,0.0,0.05000000074506,0.09500000625849,0.0,7.0,12.4012203216553,1.20473229885101,-1.36282587051392,12.3512697219849,1.19984233379364,-1.32888090610504,"(12.35127, 1.199842, -1.328881)",EyeArea,14.9275350570679,0.1,12.4012203216553,1.20473229885101,-1.36282587051392,0.00073747700243,90.083440095379,0.0000012201708
1087,left road,1087,0.19499999284744,0.0,7.0,0.25,0.0,0.05000000074506,0.19499999284744,0.0,7.0,12.4012203216553,1.20473229885101,-1.36282587051392,12.3512706756592,1.19980227947235,-1.32860434055328,"(12.35127, 1.199802, -1.328604)",EyeArea,14.8452033996582,0.1,12.4012203216553,1.20473229885101,-1.36282587051392,0.00073747700243,90.083440095379,0.0000012201708
1088,left road,1088,0.29499998688698,0.0,7.0,0.34999999403954,0.0,0.05000000074506,0.29499998688698,0.0,7.0,12.4012203216553,1.20473229885101,-1.36282587051392,12.3512706756592,1.19976162910461,-1.32832109928131,"(12.35127, 1.199762, -1.328321)",EyeArea,14.7630891799927,0.1,12.4012203216553,1.20473229885101,-1.36282587051392,0.00073747700243,90.083440095379,0.0000012201708
1089,left road,1089,0.39499998092651,0.0,7.0,0.44999998807907,0.0,0.05000000074506,0.39499998092651,0.0,7.0,12.4012203216553,1.20473229885101,-1.36282587051392,12.3512716293335,1.19972026348114,-1.32803308963776,"(12.35127, 1.19972, -1.328033)",EyeArea,14.6811981201172,0.1,12.4012203216553,1.20473229885101,-1.36282587051392,0.00073747700243,90.083440095379,0.0000012201708
1090,left road,1090,0.49500000476837,0.0,7.0,0.55000001192093,0.0,0.05000000074506,0.49500000476837,0.0,7.0,12.4012203216553,1.20473229885101,-1.36282587051392,12.3512716293335,1.19967818260193,-1.32774221897125,"(12.35127, 1.199678, -1.327742)",EyeArea,14.5995321273804,0.1,12.4012203216553,1.20473229885101,-1.36282587051392,0.00073747700243,90.083440095379,0.0000012201708
1091,left road,1091,0.59499996900558,0.0,7.0,0.64999997615814,0.0,0.05000000074506,0.59499996900558,0.0,7.0,12.4012203216553,1.20473229885101,-1.36282587051392,12.3512716293335,1.19963538646698,-1.32744562625885,"(12.35127, 1.199635, -1.327446)",EyeArea,14.5180940628052,0.1,12.4012203216553,1.20473229885101,-1.36282587051392,0.00073747700243,90.083440095379,0.0000012201708
1092,left road,1092,0.69499999284744,0.0,7.0,0.75,0.0,0.05000000074506,0.69499999284744,0.0,7.0,12.4012203216553,1.20473229885101,-1.36282587051392,12.3512725830078,1.19959187507629,-1.32714235782623,"(12.35127, 1.199592, -1.327142)",EyeArea,14.4368915557861,0.1,12.4012203216553,1.20473229885101,-1.36282587051392,0.00073747700243,90.083440095379,0.0000012201708
1093,left road,1093,0.7950000166893,0.0,7.0,0.85000002384186,0.0,0.05000000074506,0.7950000166893,0.0,7.0,12.4012203216553,1.20473229885101,-1.36282587051392,12.3512725830078,1.19954764842987,-1.32683622837067,"(12.35127, 1.199548, -1.326836)",EyeArea,14.3559255599976,0.1,12.4012203216553,1.20473229885101,-1.36282587051392,0.00073747700243,90.083440095379,0.0000012201708
1094,left road,1094,0.89499998092651,0.0,7.0,0.94999998807907,0.0,0.05000000074506,0.89499998092651,0.0,7.0,12.4012203216553,1.20473229885101,-1.36282587051392,12.3512735366821,1.19950258731842,-1.32652342319489,"(12.35127, 1.199503, -1.326523)",EyeArea,14.2751998901367,0.1,12.4012203216553,1.20473229885101,-1.36282587051392,0.00073747700243,90.083440095379,0.0000012201708
1095,left road,1095,0.99499994516373,0.0,7.0,1.04999995231628,0.0,0.05000000074506,0.99499994516373,0.0,7.0,12.4012203216553,1.20473229885101,-1.36282587051392,12.3512735366821,1.19945693016052,-1.32620489597321,"(12.35127, 1.199457, -1.326205)",EyeArea,14.1947212219238,0.1,12.4012203216553,1.20473229885101,-1.36282587051392,0.00073747700243,90.083440095379,0.0000012201708
1096,left road,1096,1.09500002861023,0.0,7.0,1.14999997615814,0.0,0.05000000074506,1.09500002861023,0.0,7.0,12.4012203216553,1.20473229885101,-1.36282587051392,12.3512744903564,1.19941031932831,-1.32588255405426,"(12.35127, 1.19941, -1.325883)",EyeArea,14.1144905090332,0.1,12.4012203216553,1.20473229885101,-1.36282587051392,0.00073747700243,90.083440095379,0.0000012201708
1097,left road,1097,1.19500005245209,0.0,7.0,1.25,0.0,0.05000000074506,1.19500005245209,0.0,7.0,12.4012203216553,1.20473229885101,-1.36282587051392,12.3512744903564,1.19936287403107,-1.32555258274078,"(12.35127, 1.199363, -1.325553)",EyeArea,14.0345153808594,0.1,12.4012203216553,1.20473229885101,-1.36282587051392,0.00073747700243,90.083440095379,0.0000012201708
1098,left road,1098,1.29500007629395,0.0,7.0,1.35000002384186,0.0,0.05000000074506,1.29500007629395,0.0,7.0,12.4012203216553,1.20473229885101,-1.36282587051392,12.3512754440308,1.19931447505951,-1.32521688938141,"(12.35128, 1.199314, -1.325217)",EyeArea,13.9547967910767,0.1,12.4012203216553,1.20473229885101,-1.36282587051392,0.00073747700243,90.083440095379,0.0000012201708
1099,left road,1099,1.3950001001358,0.0,7.0,1.45000004768372,0.0,0.05000000074506,1.3950001001358,0.0,7.0,12.4012203216553,1.20473229885101,-1.36282587051392,12.3512754440308,1.19926536083221,-1.32487642765045,"(12.35128, 1.199265, -1.324876)",EyeArea,13.8753423690796,0.1,12.4012203216553,1.20473229885101,-1.36282587051392,0.00073747700243,90.083440095379,0.0000012201708
1100,left road,1100,1.49500000476837,0.0,7.0,1.54999995231628,0.0,0.05000000074506,1.49500000476837,0.0,7.0,12.4012203216553,1.20473229885101,-1.36282587051392,12.3512763977051,1.1992152929306,-1.32452833652496,"(12.35128, 1.199215, -1.324528)",EyeArea,13.7961540222168,0.1,12.4012203216553,1.20473229885101,-1.36282587051392,0.00073747700243,90.083440095379,0.0000012201708
1101,left road,1101,1.59500002861023,0.0,7.0,1.64999997615814,0.0,0.05000000074506,1.59500002861023,0.0,7.0,12.4012203216553,1.20473229885101,-1.36282587051392,12.3512763977051,1.19916427135468,-1.32417452335358,"(12.35128, 1.199164, -1.324175)",EyeArea,13.7172384262085,0.1,12.4012203216553,1.20473229885101,-1.36282587051392,0.00073747700243,90.083440095379,0.0000012201708
1102,left road,1102,1.69500005245209,0.0,7.0,1.75,0.0,0.05000000074506,1.69500005245209,0.0,7.0,12.4012203216553,1.20473229885101,-1.36282587051392,12.3512773513794,1.19911241531372,-1.32381498813629,"(12.35128, 1.199112, -1.323815)",EyeArea,13.638599395752,0.1,12.4012203216553,1.20473229885101,-1.36282587051392,0.00073747700243,90.083440095379,0.0000012201708
1103,left road,1103,1.79500007629395,0.0,7.0,1.85000002384186,0.0,0.05000000074506,1.79500007629395,0.0,7.0,12.4012203216553,1.20473229885101,-1.36282587051392,12.3512783050537,1.19905948638916,-1.32344591617584,"(12.35128, 1.199059, -1.323446)",EyeArea,13.5602407455444,0.1,12.4012203216553,1.20473229885101,-1.36282587051392,0.00073747700243,90.083440095379,0.0000012201708
1104,left road,1104,1.8950001001358,0.0,7.0,1.95000004768372,0.0,0.05000000074506,1.8950001001358,0.0,7.0,12.4012203216553,1.20473229885101,-1.36282587051392,12.3512783050537,1.19900548458099,-1.32307302951813,"(12.35128, 1.199005, -1.323073)",EyeArea,13.4821691513062,0.1,12.4012203216553,1.20473229885101,-1.36282587051392,0.00073747700243,90.083440095379,0.0000012201708
1105,left road,1105,1.99500000476837,0.0,7.0,2.04999995231628,0.0,0.05000000074506,1.99500000476837,0.0,7.0,12.4012203216553,1.20473229885101,-1.36282587051392,12.351279258728,1.19895052909851,-1.32269060611725,"(12.35128, 1.198951, -1.322691)",EyeArea,13.4043893814087,0.1,12.4012203216553,1.20473229885101,-1.36282587051392,0.00073747700243,90.083440095379,0.0000012201708
1106,left road,1106,2.09500002861023,0.0,7.0,2.15000009536743,0.0,0.05000000074506,2.09500002861023,0.0,7.0,12.4012203216553,1.20473229885101,-1.36282587051392,12.351279258728,1.19889450073242,-1.32230150699615,"(12.35128, 1.198895, -1.322302)",EyeArea,13.3269052505493,0.1,12.4012203216553,1.20473229885101,-1.36282587051392,0.00073747700243,90.083440095379,0.0000012201708
1107,left road,1107,2.1949999332428,0.0,7.0,2.25,0.0,0.05000000074506,2.1949999332428,0.0,7.0,12.4012203216553,1.20473229885101,-1.36282587051392,12.3512802124023,1.19883739948273,-1.32190573215485,"(12.35128, 1.198837, -1.321906)",EyeArea,13.2497234344482,0.1,12.4012203216553,1.20473229885101,-1.36282587051392,0.00073747700243,90.083440095379,0.0000012201708
1108,left road,1108,2.29499983787537,0.0,7.0,2.34999990463257,0.0,0.05000000074506,2.29499983787537,0.0,7.0,12.4012203216553,1.20473229885101,-1.36282587051392,12.3512811660767,1.19877910614014,-1.32150137424469,"(12.35128, 1.198779, -1.321501)",EyeArea,13.1728477478027,0.1,12.4012203216553,1.20473229885101,-1.36282587051392,0.00073747700243,90.083440095379,0.0000012201708
1109,left road,1109,2.39499998092651,0.0,7.0,2.45000004768372,0.0,0.05000000074506,2.39499998092651,0.0,7.0,12.4012203216553,1.20473229885101,-1.36282587051392,12.3512811660767,1.19871962070465,-1.32108759880066,"(12.35128, 1.19872, -1.321088)",EyeArea,13.0962839126587,0.1,12.4012203216553,1.20473229885101,-1.36282587051392,0.00073747700243,90.083440095379,0.0000012201708
1110,left road,1110,2.49499988555908,0.0,7.0,2.54999995231628,0.0,0.05000000074506,2.49499988555908,0.0,7.0,12.4012203216553,1.20473229885101,-1.36282587051392,12.351282119751,1.19865906238556,-1.32066798210144,"(12.35128, 1.198659, -1.320668)",EyeArea,13.0200395584106,0.1,12.4012203216553,1.20473229885101,-1.36282587051392,0.00073747700243,90.083440095379,0.0000012201708
1111,left road,1111,2.59500002861023,0.0,7.0,2.65000009536743,0.0,0.05000000074506,2.59500002861023,0.0,7.0,12.4012203216553,1.20473229885101,-1.36282587051392,12.351282119751,1.19859719276428,-1.32023787498474,"(12.35128, 1.198597, -1.320238)",EyeArea,12.9441175460815,0.1,12.4012203216553,1.20473229885101,-1.36282587051392,0.00073747700243,90.083440095379,0.0000012201708
1112,left road,1112,2.6949999332428,0.0,7.0,2.75,0.0,0.05000000074506,2.6949999332428,0.0,7.0,12.4012203216553,1.20473229885101,-1.36282587051392,12.3512830734253,1.19853413105011,-1.31979918479919,"(12.35128, 1.198534, -1.319799)",EyeArea,12.8685255050659,0.1,12.4012203216553,1.20473229885101,-1.36282587051392,0.00073747700243,90.083440095379,0.0000012201708
1113,left road,1113,2.79499983787537,0.0,7.0,2.84999990463257,0.0,0.05000000074506,2.79499983787537,0.0,7.0,12.4012203216553,1.20473229885101,-1.36282587051392,11.8448009490967,1.13495063781738,-0.87842655181885,"(11.8448, 1.134951, -0.878427)",truck body CS,12.793267250061,0.1,12.4012203216553,1.20473229885101,-1.36282587051392,0.00073747700243,90.083440095379,0.0000012201708
1114,left road,1114,2.89499998092651,0.0,7.0,2.95000004768372,0.0,0.05000000074506,2.89499998092651,0.0,7.0,12.4012203216553,1.20473229885101,-1.36282587051392,11.8433313369751,1.13403034210205,-0.87203812599182,"(11.84333, 1.13403, -0.872038)",truck body CS,12.7183504104614,0.1,12.4012203216553,1.20473229885101,-1.36282587051392,0.00073747700243,90.083440095379,0.0000012201708
1115,left road,1115,2.99499988555908,0.0,7.0,3.04999995231628,0.0,0.05000000074506,2.99499988555908,0.0,7.0,12.4012203216553,1.20473229885101,-1.36282587051392,11.8420686721802,1.13311696052551,-0.8656969666481,"(11.84207, 1.133117, -0.865697)",truck body CS,12.6437816619873,0.1,12.4012203216553,1.20473229885101,-1.36282587051392,0.00073747700243,90.083440095379,0.0000012201708
1116,left road,1116,3.09500002861023,0.0,7.0,3.15000009536743,0.0,0.05000000074506,3.09500002861023,0.0,7.0,12.4012203216553,1.20473229885101,-1.36282587051392,11.8421068191528,1.13235235214233,-0.8603897690773,"(11.84211, 1.132352, -0.86039)",truck body CS,12.5695648193359,0.1,12.4012203216553,1.20473229885101,-1.36282587051392,0.00073747700243,90.083440095379,0.0000012201708
1117,left road,1117,3.1949999332428,0.0,7.0,3.25,0.0,0.05000000074506,3.1949999332428,0.0,7.0,12.4012203216553,1.20473229885101,-1.36282587051392,11.8421440124512,1.13157105445862,-0.85496598482132,"(11.84214, 1.131571, -0.854966)",truck body CS,12.4957084655762,0.1,12.4012203216553,1.20473229885101,-1.36282587051392,0.00073747700243,90.083440095379,0.0000012201708
1118,left road,1118,3.29499983787537,0.0,7.0,3.34999990463257,0.0,0.05000000074506,3.29499983787537,0.0,7.0,12.4012203216553,1.20473229885101,-1.36282587051392,11.8421850204468,1.13077306747437,-0.84942680597305,"(11.84219, 1.130773, -0.849427)",truck body CS,12.4222173690796,0.1,12.4012203216553,1.20473229885101,-1.36282587051392,0.00073747700243,90.083440095379,0.0000012201708
1119,left road,1119,3.39499998092651,0.0,7.0,3.45000004768372,0.0,0.05000000074506,3.39499998092651,0.0,7.0,12.4012203216553,1.20473229885101,-1.36282587051392,11.8422250747681,1.12995719909668,-0.84376376867294,"(11.84223, 1.129957, -0.843764)",truck body CS,12.3490982055664,0.1,12.4012203216553,1.20473229885101,-1.36282587051392,0.00073747700243,90.083440095379,0.0000012201708
1120,left road,1120,-3.50500011444092,0.0,7.09999990463257,-3.45000004768372,0.0,0.15000000596046,-3.50500011444092,0.0,7.09999990463257,12.4012203216553,1.20473229885101,-1.36282587051392,11.7691202163696,1.15685713291168,-1.02651977539063,"(11.76912, 1.156857, -1.02652)",truck body CS,18.0576477050781,0.1,12.4012203216553,1.20473229885101,-1.36282587051392,0.00073747700243,90.083440095379,0.0000012201708
1121,left road,1121,-3.40499997138977,0.0,7.09999990463257,-3.34999990463257,0.0,0.15000000596046,-3.40499997138977,0.0,7.09999990463257,12.4012203216553,1.20473229885101,-1.36282587051392,11.7698841094971,1.15661251544952,-1.02480041980743,"(11.76988, 1.156613, -1.0248)",truck body CS,17.9696254730225,0.1,12.4012203216553,1.20473229885101,-1.36282587051392,0.00073747700243,90.083440095379,0.0000012201708
1122,left road,1122,-3.3050000667572,0.0,7.09999990463257,-3.25,0.0,0.15000000596046,-3.3050000667572,0.0,7.09999990463257,12.4012203216553,1.20473229885101,-1.36282587051392,11.7706546783447,1.15636515617371,-1.02306401729584,"(11.77065, 1.156365, -1.023064)",truck body CS,17.8817272186279,0.1,12.4012203216553,1.20473229885101,-1.36282587051392,0.00073747700243,90.083440095379,0.0000012201708
1123,left road,1123,-3.20500016212463,0.0,7.09999990463257,-3.15000009536743,0.0,0.15000000596046,-3.20500016212463,0.0,7.09999990463257,12.4012203216553,1.20473229885101,-1.36282587051392,11.772216796875,1.1561758518219,-1.02173399925232,"(11.77222, 1.156176, -1.021734)",truck body CS,17.7939567565918,0.1,12.4012203216553,1.20473229885101,-1.36282587051392,0.00073747700243,90.083440095379,0.0000012201708
1124,left road,1124,-3.10500001907349,0.0,7.09999990463257,-3.04999995231628,0.0,0.15000000596046,-3.10500001907349,0.0,7.09999990463257,12.4012203216553,1.20473229885101,-1.36282587051392,11.7742881774902,1.15602374076843,-1.02066397666931,"(11.77429, 1.156024, -1.020664)",truck body CS,17.7063179016113,0.1,12.4012203216553,1.20473229885101,-1.36282587051392,0.00073747700243,90.083440095379,0.0000012201708
1125,left road,1125,-3.00500011444092,0.0,7.09999990463257,-2.95000004768372,0.0,0.15000000596046,-3.00500011444092,0.0,7.09999990463257,12.4012203216553,1.20473229885101,-1.36282587051392,11.7764120101929,1.15587377548218,-1.01961064338684,"(11.77641, 1.155874, -1.019611)",truck body CS,17.6188087463379,0.1,12.4012203216553,1.20473229885101,-1.36282587051392,0.00073747700243,90.083440095379,0.0000012201708
1126,left road,1126,-2.90499997138977,0.0,7.09999990463257,-2.84999990463257,0.0,0.15000000596046,-2.90499997138977,0.0,7.09999990463257,12.4012203216553,1.20473229885101,-1.36282587051392,11.778582572937,1.1557252407074,-1.0185683965683,"(11.77858, 1.155725, -1.018568)",truck body CS,17.5314331054688,0.1,12.4012203216553,1.20473229885101,-1.36282587051392,0.00073747700243,90.083440095379,0.0000012201708
1127,left road,1127,-2.8050000667572,0.0,7.09999990463257,-2.75,0.0,0.15000000596046,-2.8050000667572,0.0,7.09999990463257,12.4012203216553,1.20473229885101,-1.36282587051392,11.7807664871216,1.15557599067688,-1.0175199508667,"(11.78077, 1.155576, -1.01752)",truck body CS,17.4441947937012,0.1,12.4012203216553,1.20473229885101,-1.36282587051392,0.00073747700243,90.083440095379,0.0000012201708
1128,left road,1128,-2.70500016212463,0.0,7.09999990463257,-2.65000009536743,0.0,0.15000000596046,-2.70500016212463,0.0,7.09999990463257,12.4012203216553,1.20473229885101,-1.36282587051392,11.7829666137695,1.15542602539063,-1.01646673679352,"(11.78297, 1.155426, -1.016467)",truck body CS,17.3570938110352,0.1,12.4012203216553,1.20473229885101,-1.36282587051392,0.00073747700243,90.083440095379,0.0000012201708
1129,left road,1129,-2.60500001907349,0.0,7.09999990463257,-2.54999995231628,0.0,0.15000000596046,-2.60500001907349,0.0,7.09999990463257,12.4012203216553,1.20473229885101,-1.36282587051392,11.7862701416016,1.15536272525787,-1.01602244377136,"(11.78627, 1.155363, -1.016022)",truck body CS,17.2701320648193,0.1,12.4012203216553,1.20473229885101,-1.36282587051392,0.00073747700243,90.083440095379,0.0000012201708
1130,left road,1130,-2.50500011444092,0.0,7.09999990463257,-2.45000004768372,0.0,0.15000000596046,-2.50500011444092,0.0,7.09999990463257,12.4012203216553,1.20473229885101,-1.36282587051392,11.7896404266357,1.15530395507813,-1.01560854911804,"(11.78964, 1.155304, -1.015609)",truck body CS,17.1833114624023,0.1,12.4012203216553,1.20473229885101,-1.36282587051392,0.00073747700243,90.083440095379,0.0000012201708
1131,left road,1131,-2.40499997138977,0.0,7.09999990463257,-2.34999990463257,0.0,0.15000000596046,-2.40499997138977,0.0,7.09999990463257,12.4012203216553,1.20473229885101,-1.36282587051392,11.7929916381836,1.1552426815033,-1.01517832279205,"(11.79299, 1.155243, -1.015178)",truck body CS,17.0966358184814,0.1,12.4012203216553,1.20473229885101,-1.36282587051392,0.00073747700243,90.083440095379,0.0000012201708
1132,left road,1132,-2.3050000667572,0.0,7.09999990463257,-2.25,0.0,0.15000000596046,-2.3050000667572,0.0,7.09999990463257,12.4012203216553,1.20473229885101,-1.36282587051392,11.796703338623,1.15521025657654,-1.01495122909546,"(11.7967, 1.15521, -1.014951)",truck body CS,17.0101070404053,0.1,12.4012203216553,1.20473229885101,-1.36282587051392,0.00073747700243,90.083440095379,0.0000012201708
1133,left road,1133,-2.20500016212463,0.0,7.09999990463257,-2.15000009536743,0.0,0.15000000596046,-2.20500016212463,0.0,7.09999990463257,12.4012203216553,1.20473229885101,-1.36282587051392,11.8004817962646,1.15518283843994,-1.01475834846497,"(11.80048, 1.155183, -1.014758)",truck body CS,16.9237251281738,0.1,12.4012203216553,1.20473229885101,-1.36282587051392,0.00073747700243,90.083440095379,0.0000012201708
1134,left road,1134,-2.10500001907349,0.0,7.09999990463257,-2.04999995231628,0.0,0.15000000596046,-2.10500001907349,0.0,7.09999990463257,12.4012203216553,1.20473229885101,-1.36282587051392,11.804271697998,1.15515601634979,-1.01456928253174,"(11.80427, 1.155156, -1.014569)",truck body CS,16.8374938964844,0.1,12.4012203216553,1.20473229885101,-1.36282587051392,0.00073747700243,90.083440095379,0.0000012201708
1135,left road,1135,-2.00500011444092,0.0,7.09999990463257,-1.95000004768372,0.0,0.15000000596046,-2.00500011444092,0.0,7.09999990463257,12.4012203216553,1.20473229885101,-1.36282587051392,11.8080625534058,1.15512895584106,-1.01437878608704,"(11.80806, 1.155129, -1.014379)",truck body CS,16.7514171600342,0.1,12.4012203216553,1.20473229885101,-1.36282587051392,0.00073747700243,90.083440095379,0.0000012201708
1136,left road,1136,-1.90499997138977,0.0,7.09999990463257,-1.85000002384186,0.0,0.15000000596046,-1.90499997138977,0.0,7.09999990463257,12.4012203216553,1.20473229885101,-1.36282587051392,11.8118534088135,1.15510141849518,-1.01418662071228,"(11.81185, 1.155101, -1.014187)",truck body CS,16.6654949188232,0.1,12.4012203216553,1.20473229885101,-1.36282587051392,0.00073747700243,90.083440095379,0.0000012201708
1137,left road,1137,-1.80499994754791,0.0,7.09999990463257,-1.75,0.0,0.15000000596046,-1.80499994754791,0.0,7.09999990463257,12.4012203216553,1.20473229885101,-1.36282587051392,11.8156785964966,1.15507650375366,-1.01401031017303,"(11.81568, 1.155077, -1.01401)",truck body CS,16.5797328948975,0.1,12.4012203216553,1.20473229885101,-1.36282587051392,0.00073747700243,90.083440095379,0.0000012201708
1138,left road,1138,-1.70499992370605,0.0,7.09999990463257,-1.64999997615814,0.0,0.15000000596046,-1.70499992370605,0.0,7.09999990463257,12.4012203216553,1.20473229885101,-1.36282587051392,11.8195743560791,1.15505719184875,-1.01387500762939,"(11.81957, 1.155057, -1.013875)",truck body CS,16.4941272735596,0.1,12.4012203216553,1.20473229885101,-1.36282587051392,0.00073747700243,90.083440095379,0.0000012201708
1139,left road,1139,-1.6049998998642,0.0,7.09999990463257,-1.54999995231628,0.0,0.15000000596046,-1.6049998998642,0.0,7.09999990463257,12.4012203216553,1.20473229885101,-1.36282587051392,11.8232250213623,1.15501642227173,-1.01358985900879,"(11.82323, 1.155016, -1.01359)",truck body CS,16.4086856842041,0.1,12.4012203216553,1.20473229885101,-1.36282587051392,0.00073747700243,90.083440095379,0.0000012201708
1140,left road,1140,-1.50499999523163,0.0,7.09999990463257,-1.45000004768372,0.0,0.15000000596046,-1.50499999523163,0.0,7.09999990463257,12.4012203216553,1.20473229885101,-1.36282587051392,11.8240909576416,1.15473389625549,-1.01160454750061,"(11.82409, 1.154734, -1.011605)",truck body CS,16.3234119415283,0.1,12.4012203216553,1.20473229885101,-1.36282587051392,0.00073747700243,90.083440095379,0.0000012201708
1141,left road,1141,-1.40499997138977,0.0,7.09999990463257,-1.35000002384186,0.0,0.15000000596046,-1.40499997138977,0.0,7.09999990463257,12.4012203216553,1.20473229885101,-1.36282587051392,11.8264932632446,1.15458154678345,-1.01053321361542,"(11.82649, 1.154582, -1.010533)",truck body CS,16.2383041381836,0.1,12.4012203216553,1.20473229885101,-1.36282587051392,0.00073747700243,90.083440095379,0.0000012201708
1142,left road,1142,-1.30499994754791,0.0,7.09999990463257,-1.25,0.0,0.15000000596046,-1.30499994754791,0.0,7.09999990463257,12.4012203216553,1.20473229885101,-1.36282587051392,11.8299970626831,1.15452349185944,-1.01012694835663,"(11.83, 1.154523, -1.010127)",truck body CS,16.1533679962158,0.1,12.4012203216553,1.20473229885101,-1.36282587051392,0.00073747700243,90.083440095379,0.0000012201708
1143,left road,1143,-1.20499992370605,0.0,7.09999990463257,-1.14999997615814,0.0,0.15000000596046,-1.20499992370605,0.0,7.09999990463257,12.4012203216553,1.20473229885101,-1.36282587051392,11.8345136642456,1.15455448627472,-1.01034355163574,"(11.83451, 1.154554, -1.010344)",truck body CS,16.068603515625,0.1,12.4012203216553,1.20473229885101,-1.36282587051392,0.00073747700243,90.083440095379,0.0000012201708
1144,left road,1144,-1.1049998998642,0.0,7.09999990463257,-1.04999995231628,0.0,0.15000000596046,-1.1049998998642,0.0,7.09999990463257,12.4012203216553,1.20473229885101,-1.36282587051392,11.8390073776245,1.15458369255066,-1.01054894924164,"(11.83901, 1.154584, -1.010549)",truck body CS,15.984016418457,0.1,12.4012203216553,1.20473229885101,-1.36282587051392,0.00073747700243,90.083440095379,0.0000012201708
1145,left road,1145,-1.00499999523163,0.0,7.09999990463257,-0.94999998807907,0.0,0.15000000596046,-1.00499999523163,0.0,7.09999990463257,12.4012203216553,1.20473229885101,-1.36282587051392,11.8435020446777,1.15461349487305,-1.0107593536377,"(11.8435, 1.154613, -1.010759)",truck body CS,15.8996086120605,0.1,12.4012203216553,1.20473229885101,-1.36282587051392,0.00073747700243,90.083440095379,0.0000012201708
1146,left road,1146,-0.90500003099442,0.0,7.09999990463257,-0.85000002384186,0.0,0.15000000596046,-0.90500003099442,0.0,7.09999990463257,12.4012203216553,1.20473229885101,-1.36282587051392,11.8496723175049,1.15479564666748,-1.01203775405884,"(11.84967, 1.154796, -1.012038)",truck body CS,15.8153820037842,0.1,12.4012203216553,1.20473229885101,-1.36282587051392,0.00073747700243,90.083440095379,0.0000012201708
1147,left road,1147,-0.80500000715256,0.0,7.09999990463257,-0.75,0.0,0.15000000596046,-0.80500000715256,0.0,7.09999990463257,12.4012203216553,1.20473229885101,-1.36282587051392,11.8735609054565,1.15659666061401,-1.02468967437744,"(11.87356, 1.156597, -1.02469)",truck body CS,15.7313404083252,0.1,12.4012203216553,1.20473229885101,-1.36282587051392,0.00073747700243,90.083440095379,0.0000012201708
1148,left road,1148,-0.7049999833107,0.0,7.09999990463257,-0.64999997615814,0.0,0.15000000596046,-0.7049999833107,0.0,7.09999990463257,12.4012203216553,1.20473229885101,-1.36282587051392,11.8773155212402,1.15657472610474,-1.02453458309174,"(11.87732, 1.156575, -1.024535)",truck body CS,15.6474857330322,0.1,12.4012203216553,1.20473229885101,-1.36282587051392,0.00073747700243,90.083440095379,0.0000012201708
1149,left road,1149,-0.60500001907349,0.0,7.09999990463257,-0.55000001192093,0.0,0.15000000596046,-0.60500001907349,0.0,7.09999990463257,12.4012203216553,1.20473229885101,-1.36282587051392,11.8810796737671,1.15655303001404,-1.02438318729401,"(11.88108, 1.156553, -1.024383)",truck body CS,15.5638227462769,0.1,12.4012203216553,1.20473229885101,-1.36282587051392,0.00073747700243,90.083440095379,0.0000012201708
1150,left road,1150,-0.50499999523163,0.0,7.09999990463257,-0.44999998807907,0.0,0.15000000596046,-0.50499999523163,0.0,7.09999990463257,12.4012203216553,1.20473229885101,-1.36282587051392,11.884747505188,1.15652191638947,-1.02416455745697,"(11.88475, 1.156522, -1.024165)",truck body CS,15.4803533554077,0.1,12.4012203216553,1.20473229885101,-1.36282587051392,0.00073747700243,90.083440095379,0.0000012201708
1151,left road,1151,-0.40500000119209,0.0,7.09999990463257,-0.34999999403954,0.0,0.15000000596046,-0.40500000119209,0.0,7.09999990463257,12.4012203216553,1.20473229885101,-1.36282587051392,11.8891935348511,1.1565637588501,-1.02445912361145,"(11.88919, 1.156564, -1.024459)",truck body CS,15.3970794677734,0.1,12.4012203216553,1.20473229885101,-1.36282587051392,0.00073747700243,90.083440095379,0.0000012201708
1152,left road,1152,-0.30500000715256,0.0,7.09999990463257,-0.25,0.0,0.15000000596046,-0.30500000715256,0.0,7.09999990463257,12.4012203216553,1.20473229885101,-1.36282587051392,12.3512687683105,1.19999623298645,-1.32955706119537,"(12.35127, 1.199996, -1.329557)",EyeArea,15.3140087127686,0.1,12.4012203216553,1.20473229885101,-1.36282587051392,0.00073747700243,90.083440095379,0.0000012201708
1153,left road,1153,-0.20500001311302,0.0,7.09999990463257,-0.15000000596046,0.0,0.15000000596046,-0.20500001311302,0.0,7.09999990463257,12.4012203216553,1.20473229885101,-1.36282587051392,12.3512697219849,1.19995868206024,-1.32929289340973,"(12.35127, 1.199959, -1.329293)",EyeArea,15.2311391830444,0.1,12.4012203216553,1.20473229885101,-1.36282587051392,0.00073747700243,90.083440095379,0.0000012201708
1154,left road,1154,-0.10500000417233,0.0,7.09999990463257,-0.05000000074506,0.0,0.15000000596046,-0.10500000417233,0.0,7.09999990463257,12.4012203216553,1.20473229885101,-1.36282587051392,12.3512697219849,1.19992053508759,-1.32902491092682,"(12.35127, 1.199921, -1.329025)",EyeArea,15.148476600647,0.1,12.4012203216553,1.20473229885101,-1.36282587051392,0.00073747700243,90.083440095379,0.0000012201708
1155,left road,1155,-0.00499999895692,0.0,7.09999990463257,0.05000000074506,0.0,0.15000000596046,-0.00499999895692,0.0,7.09999990463257,12.4012203216553,1.20473229885101,-1.36282587051392,12.3512706756592,1.19988167285919,-1.32875216007233,"(12.35127, 1.199882, -1.328752)",EyeArea,15.0660247802734,0.1,12.4012203216553,1.20473229885101,-1.36282587051392,0.00073747700243,90.083440095379,0.0000012201708
1156,left road,1156,0.09500000625849,0.0,7.09999990463257,0.15000000596046,0.0,0.15000000596046,0.09500000625849,0.0,7.09999990463257,12.4012203216553,1.20473229885101,-1.36282587051392,12.3512706756592,1.19984233379364,-1.32847654819489,"(12.35127, 1.199842, -1.328477)",EyeArea,14.9837865829468,0.1,12.4012203216553,1.20473229885101,-1.36282587051392,0.00073747700243,90.083440095379,0.0000012201708
1157,left road,1157,0.19499999284744,0.0,7.09999990463257,0.25,0.0,0.15000000596046,0.19499999284744,0.0,7.09999990463257,12.4012203216553,1.20473229885101,-1.36282587051392,12.3512706756592,1.19980239868164,-1.32819521427155,"(12.35127, 1.199802, -1.328195)",EyeArea,14.9017658233643,0.1,12.4012203216553,1.20473229885101,-1.36282587051392,0.00073747700243,90.083440095379,0.0000012201708
1158,left road,1158,0.29499998688698,0.0,7.09999990463257,0.34999999403954,0.0,0.15000000596046,0.29499998688698,0.0,7.09999990463257,12.4012203216553,1.20473229885101,-1.36282587051392,12.3512716293335,1.19976162910461,-1.32790911197662,"(12.35127, 1.199762, -1.327909)",EyeArea,14.8199653625488,0.1,12.4012203216553,1.20473229885101,-1.36282587051392,0.00073747700243,90.083440095379,0.0000012201708
1159,left road,1159,0.39499998092651,0.0,7.09999990463257,0.44999998807907,0.0,0.15000000596046,0.39499998092651,0.0,7.09999990463257,12.4012203216553,1.20473229885101,-1.36282587051392,12.3512716293335,1.19972026348114,-1.32761824131012,"(12.35127, 1.19972, -1.327618)",EyeArea,14.7383890151978,0.1,12.4012203216553,1.20473229885101,-1.36282587051392,0.00073747700243,90.083440095379,0.0000012201708
1160,left road,1160,0.49500000476837,0.0,7.09999990463257,0.55000001192093,0.0,0.15000000596046,0.49500000476837,0.0,7.09999990463257,12.4012203216553,1.20473229885101,-1.36282587051392,12.3512725830078,1.19967830181122,-1.32732355594635,"(12.35127, 1.199678, -1.327324)",EyeArea,14.6570425033569,0.1,12.4012203216553,1.20473229885101,-1.36282587051392,0.00073747700243,90.083440095379,0.0000012201708
1161,left road,1161,0.59499996900558,0.0,7.09999990463257,0.64999997615814,0.0,0.15000000596046,0.59499996900558,0.0,7.09999990463257,12.4012203216553,1.20473229885101,-1.36282587051392,12.3512725830078,1.19963550567627,-1.32702314853668,"(12.35127, 1.199636, -1.327023)",EyeArea,14.5759267807007,0.1,12.4012203216553,1.20473229885101,-1.36282587051392,0.00073747700243,90.083440095379,0.0000012201708
1162,left road,1162,0.69499999284744,0.0,7.09999990463257,0.75,0.0,0.15000000596046,0.69499999284744,0.0,7.09999990463257,12.4012203216553,1.20473229885101,-1.36282587051392,12.3512735366821,1.19959199428558,-1.32671701908112,"(12.35127, 1.199592, -1.326717)",EyeArea,14.4950475692749,0.1,12.4012203216553,1.20473229885101,-1.36282587051392,0.00073747700243,90.083440095379,0.0000012201708
1163,left road,1163,0.7950000166893,0.0,7.09999990463257,0.85000002384186,0.0,0.15000000596046,0.7950000166893,0.0,7.09999990463257,12.4012203216553,1.20473229885101,-1.36282587051392,12.3512735366821,1.19954776763916,-1.32640612125397,"(12.35127, 1.199548, -1.326406)",EyeArea,14.4144077301025,0.1,12.4012203216553,1.20473229885101,-1.36282587051392,0.00073747700243,90.083440095379,0.0000012201708
1164,left road,1164,0.89499998092651,0.0,7.09999990463257,0.94999998807907,0.0,0.15000000596046,0.89499998092651,0.0,7.09999990463257,12.4012203216553,1.20473229885101,-1.36282587051392,12.3512744903564,1.19950270652771,-1.32609045505524,"(12.35127, 1.199503, -1.32609)",EyeArea,14.3340120315552,0.1,12.4012203216553,1.20473229885101,-1.36282587051392,0.00073747700243,90.083440095379,0.0000012201708
1165,left road,1165,0.99499994516373,0.0,7.09999990463257,1.04999995231628,0.0,0.15000000596046,0.99499994516373,0.0,7.09999990463257,12.4012203216553,1.20473229885101,-1.36282587051392,12.3512744903564,1.19945693016052,-1.32576906681061,"(12.35127, 1.199457, -1.325769)",EyeArea,14.2538652420044,0.1,12.4012203216553,1.20473229885101,-1.36282587051392,0.00073747700243,90.083440095379,0.0000012201708
1166,left road,1166,1.09500002861023,0.0,7.09999990463257,1.14999997615814,0.0,0.15000000596046,1.09500002861023,0.0,7.09999990463257,12.4012203216553,1.20473229885101,-1.36282587051392,12.3512754440308,1.19941031932831,-1.32544195652008,"(12.35128, 1.19941, -1.325442)",EyeArea,14.1739702224731,0.1,12.4012203216553,1.20473229885101,-1.36282587051392,0.00073747700243,90.083440095379,0.0000012201708
1167,left road,1167,1.19500005245209,0.0,7.09999990463257,1.25,0.0,0.15000000596046,1.19500005245209,0.0,7.09999990463257,12.4012203216553,1.20473229885101,-1.36282587051392,12.3512754440308,1.19936287403107,-1.32510817050934,"(12.35128, 1.199363, -1.325108)",EyeArea,14.094331741333,0.1,12.4012203216553,1.20473229885101,-1.36282587051392,0.00073747700243,90.083440095379,0.0000012201708
1168,left road,1168,1.29500007629395,0.0,7.09999990463257,1.35000002384186,0.0,0.15000000596046,1.29500007629395,0.0,7.09999990463257,12.4012203216553,1.20473229885101,-1.36282587051392,12.3512763977051,1.1993145942688,-1.3247686624527,"(12.35128, 1.199315, -1.324769)",EyeArea,14.0149536132813,0.1,12.4012203216553,1.20473229885101,-1.36282587051392,0.00073747700243,90.083440095379,0.0000012201708
1169,left road,1169,1.3950001001358,0.0,7.09999990463257,1.45000004768372,0.0,0.15000000596046,1.3950001001358,0.0,7.09999990463257,12.4012203216553,1.20473229885101,-1.36282587051392,12.3512763977051,1.1992654800415,-1.32442343235016,"(12.35128, 1.199265, -1.324423)",EyeArea,13.9358415603638,0.1,12.4012203216553,1.20473229885101,-1.36282587051392,0.00073747700243,90.083440095379,0.0000012201708
1170,left road,1170,1.49500000476837,0.0,7.09999990463257,1.54999995231628,0.0,0.15000000596046,1.49500000476837,0.0,7.09999990463257,12.4012203216553,1.20473229885101,-1.36282587051392,12.3512773513794,1.1992152929306,-1.3240715265274,"(12.35128, 1.199215, -1.324072)",EyeArea,13.8570003509521,0.1,12.4012203216553,1.20473229885101,-1.36282587051392,0.00073747700243,90.083440095379,0.0000012201708
1171,left road,1171,1.59500002861023,0.0,7.09999990463257,1.64999997615814,0.0,0.15000000596046,1.59500002861023,0.0,7.09999990463257,12.4012203216553,1.20473229885101,-1.36282587051392,12.3512773513794,1.19916439056396,-1.32371294498444,"(12.35128, 1.199164, -1.323713)",EyeArea,13.778431892395,0.1,12.4012203216553,1.20473229885101,-1.36282587051392,0.00073747700243,90.083440095379,0.0000012201708
1172,left road,1172,1.69500005245209,0.0,7.09999990463257,1.75,0.0,0.15000000596046,1.69500005245209,0.0,7.09999990463257,12.4012203216553,1.20473229885101,-1.36282587051392,12.3512783050537,1.19911241531372,-1.32334864139557,"(12.35128, 1.199112, -1.323349)",EyeArea,13.7001447677612,0.1,12.4012203216553,1.20473229885101,-1.36282587051392,0.00073747700243,90.083440095379,0.0000012201708
1173,left road,1173,1.79500007629395,0.0,7.09999990463257,1.85000002384186,0.0,0.15000000596046,1.79500007629395,0.0,7.09999990463257,12.4012203216553,1.20473229885101,-1.36282587051392,12.3512783050537,1.19905948638916,-1.32297670841217,"(12.35128, 1.199059, -1.322977)",EyeArea,13.6221408843994,0.1,12.4012203216553,1.20473229885101,-1.36282587051392,0.00073747700243,90.083440095379,0.0000012201708
1174,left road,1174,1.8950001001358,0.0,7.09999990463257,1.95000004768372,0.0,0.15000000596046,1.8950001001358,0.0,7.09999990463257,12.4012203216553,1.20473229885101,-1.36282587051392,12.351279258728,1.19900560379028,-1.32259809970856,"(12.35128, 1.199006, -1.322598)",EyeArea,13.5444250106812,0.1,12.4012203216553,1.20473229885101,-1.36282587051392,0.00073747700243,90.083440095379,0.0000012201708
1175,left road,1175,1.99500000476837,0.0,7.09999990463257,2.04999995231628,0.0,0.15000000596046,1.99500000476837,0.0,7.09999990463257,12.4012203216553,1.20473229885101,-1.36282587051392,12.351279258728,1.19895052909851,-1.32221186161041,"(12.35128, 1.198951, -1.322212)",EyeArea,13.467004776001,0.1,12.4012203216553,1.20473229885101,-1.36282587051392,0.00073747700243,90.083440095379,0.0000012201708
1176,left road,1176,2.09500002861023,0.0,7.09999990463257,2.15000009536743,0.0,0.15000000596046,2.09500002861023,0.0,7.09999990463257,12.4012203216553,1.20473229885101,-1.36282587051392,12.3512802124023,1.19889461994171,-1.32181799411774,"(12.35128, 1.198895, -1.321818)",EyeArea,13.3898830413818,0.1,12.4012203216553,1.20473229885101,-1.36282587051392,0.00073747700243,90.083440095379,0.0000012201708
1177,left road,1177,2.1949999332428,0.0,7.09999990463257,2.25,0.0,0.15000000596046,2.1949999332428,0.0,7.09999990463257,12.4012203216553,1.20473229885101,-1.36282587051392,12.3512811660767,1.19883739948273,-1.32141649723053,"(12.35128, 1.198837, -1.321416)",EyeArea,13.3130664825439,0.1,12.4012203216553,1.20473229885101,-1.36282587051392,0.00073747700243,90.083440095379,0.0000012201708
1178,left road,1178,2.29499983787537,0.0,7.09999990463257,2.34999990463257,0.0,0.15000000596046,2.29499983787537,0.0,7.09999990463257,12.4012203216553,1.20473229885101,-1.36282587051392,12.3512811660767,1.19877922534943,-1.32100749015808,"(12.35128, 1.198779, -1.321007)",EyeArea,13.2365589141846,0.1,12.4012203216553,1.20473229885101,-1.36282587051392,0.00073747700243,90.083440095379,0.0000012201708
1179,left road,1179,2.39499998092651,0.0,7.09999990463257,2.45000004768372,0.0,0.15000000596046,2.39499998092651,0.0,7.09999990463257,12.4012203216553,1.20473229885101,-1.36282587051392,12.351282119751,1.19871973991394,-1.32059073448181,"(12.35128, 1.19872, -1.320591)",EyeArea,13.1603660583496,0.1,12.4012203216553,1.20473229885101,-1.36282587051392,0.00073747700243,90.083440095379,0.0000012201708
1180,left road,1180,2.49499988555908,0.0,7.09999990463257,2.54999995231628,0.0,0.15000000596046,2.49499988555908,0.0,7.09999990463257,12.4012203216553,1.20473229885101,-1.36282587051392,12.3512830734253,1.19865906238556,-1.32016444206238,"(12.35128, 1.198659, -1.320164)",EyeArea,13.0844945907593,0.1,12.4012203216553,1.20473229885101,-1.36282587051392,0.00073747700243,90.083440095379,0.0000012201708
1181,left road,1181,2.59500002861023,0.0,7.09999990463257,2.65000009536743,0.0,0.15000000596046,2.59500002861023,0.0,7.09999990463257,12.4012203216553,1.20473229885101,-1.36282587051392,12.3512830734253,1.19859731197357,-1.3197295665741,"(12.35128, 1.198597, -1.31973)",EyeArea,13.0089492797852,0.1,12.4012203216553,1.20473229885101,-1.36282587051392,0.00073747700243,90.083440095379,0.0000012201708
1182,left road,1182,2.6949999332428,0.0,7.09999990463257,2.75,0.0,0.15000000596046,2.6949999332428,0.0,7.09999990463257,12.4012203216553,1.20473229885101,-1.36282587051392,11.8471879959106,1.1359658241272,-0.87976545095444,"(11.84719, 1.135966, -0.879765)",truck body CS,12.9337358474731,0.1,12.4012203216553,1.20473229885101,-1.36282587051392,0.00073747700243,90.083440095379,0.0000012201708
1183,left road,1183,2.79499983787537,0.0,7.09999990463257,2.84999990463257,0.0,0.15000000596046,2.79499983787537,0.0,7.09999990463257,12.4012203216553,1.20473229885101,-1.36282587051392,11.8457651138306,1.13507151603699,-0.87348389625549,"(11.84577, 1.135072, -0.873484)",truck body CS,12.8588590621948,0.1,12.4012203216553,1.20473229885101,-1.36282587051392,0.00073747700243,90.083440095379,0.0000012201708
1184,left road,1184,2.89499998092651,0.0,7.09999990463257,2.95000004768372,0.0,0.15000000596046,2.89499998092651,0.0,7.09999990463257,12.4012203216553,1.20473229885101,-1.36282587051392,11.8443031311035,1.13415360450745,-0.86703503131866,"(11.8443, 1.134154, -0.867035)",truck body CS,12.784327507019,0.1,12.4012203216553,1.20473229885101,-1.36282587051392,0.00073747700243,90.083440095379,0.0000012201708
1185,left road,1185,2.99499988555908,0.0,7.09999990463257,3.04999995231628,0.0,0.15000000596046,2.99499988555908,0.0,7.09999990463257,12.4012203216553,1.20473229885101,-1.36282587051392,11.8440456390381,1.13337016105652,-0.86153143644333,"(11.84405, 1.13337, -0.861531)",truck body CS,12.7101449966431,0.1,12.4012203216553,1.20473229885101,-1.36282587051392,0.00073747700243,90.083440095379,0.0000012201708
1186,left road,1186,3.09500002861023,0.0,7.09999990463257,3.15000009536743,0.0,0.15000000596046,3.09500002861023,0.0,7.09999990463257,12.4012203216553,1.20473229885101,-1.36282587051392,11.8441019058228,1.13261067867279,-0.85619676113129,"(11.8441, 1.132611, -0.856197)",truck body CS,12.6363182067871,0.1,12.4012203216553,1.20473229885101,-1.36282587051392,0.00073747700243,90.083440095379,0.0000012201708
1187,left road,1187,3.1949999332428,0.0,7.09999990463257,3.25,0.0,0.15000000596046,3.1949999332428,0.0,7.09999990463257,12.4012203216553,1.20473229885101,-1.36282587051392,11.844162940979,1.13183522224426,-0.85074985027313,"(11.84416, 1.131835, -0.85075)",truck body CS,12.5628538131714,0.1,12.4012203216553,1.20473229885101,-1.36282587051392,0.00073747700243,90.083440095379,0.0000012201708
1188,left road,1188,3.29499983787537,0.0,7.09999990463257,3.34999990463257,0.0,0.15000000596046,3.29499983787537,0.0,7.09999990463257,12.4012203216553,1.20473229885101,-1.36282587051392,11.8442239761353,1.13104295730591,-0.84518265724182,"(11.84422, 1.131043, -0.845183)",truck body CS,12.4897575378418,0.1,12.4012203216553,1.20473229885101,-1.36282587051392,0.00073747700243,90.083440095379,0.0000012201708
1189,left road,1189,3.39499998092651,0.0,7.09999990463257,3.45000004768372,0.0,0.15000000596046,3.39499998092651,0.0,7.09999990463257,12.4012203216553,1.20473229885101,-1.36282587051392,11.8442859649658,1.13023293018341,-0.83949398994446,"(11.84429, 1.130233, -0.839494)",truck body CS,12.4170370101929,0.1,12.4012203216553,1.20473229885101,-1.36282587051392,0.00073747700243,90.083440095379,0.0000012201708
1190,left road,1190,-3.50500011444092,0.0,7.19999980926514,-3.45000004768372,0.0,0.25,-3.50500011444092,0.0,7.19999980926514,12.4012203216553,1.20473229885101,-1.36282587051392,11.7713041305542,1.15702259540558,-1.02372169494629,"(11.7713, 1.157023, -1.023722)",truck body CS,18.1047286987305,0.1,12.4012203216553,1.20473229885101,-1.36282587051392,0.00073747700243,90.083440095379,0.0000012201708
1191,left road,1191,-3.40499997138977,0.0,7.19999980926514,-3.34999990463257,0.0,0.25,-3.40499997138977,0.0,7.19999980926514,12.4012203216553,1.20473229885101,-1.36282587051392,11.7725009918213,1.15681195259094,-1.02222442626953,"(11.7725, 1.156812, -1.022224)",truck body CS,18.0169353485107,0.1,12.4012203216553,1.20473229885101,-1.36282587051392,0.00073747700243,90.083440095379,0.0000012201708
1192,left road,1192,-3.3050000667572,0.0,7.19999980926514,-3.25,0.0,0.25,-3.3050000667572,0.0,7.19999980926514,12.4012203216553,1.20473229885101,-1.36282587051392,11.7745532989502,1.15666425228119,-1.02117466926575,"(11.77455, 1.156664, -1.021175)",truck body CS,17.9292697906494,0.1,12.4012203216553,1.20473229885101,-1.36282587051392,0.00073747700243,90.083440095379,0.0000012201708
1193,left road,1193,-3.20500016212463,0.0,7.19999980926514,-3.15000009536743,0.0,0.25,-3.20500016212463,0.0,7.19999980926514,12.4012203216553,1.20473229885101,-1.36282587051392,11.7766370773315,1.15651726722717,-1.02012920379639,"(11.77664, 1.156517, -1.020129)",truck body CS,17.8417339324951,0.1,12.4012203216553,1.20473229885101,-1.36282587051392,0.00073747700243,90.083440095379,0.0000012201708
1194,left road,1194,-3.10500001907349,0.0,7.19999980926514,-3.04999995231628,0.0,0.25,-3.10500001907349,0.0,7.19999980926514,12.4012203216553,1.20473229885101,-1.36282587051392,11.7787809371948,1.15637278556824,-1.01910328865051,"(11.77878, 1.156373, -1.019103)",truck body CS,17.7543296813965,0.1,12.4012203216553,1.20473229885101,-1.36282587051392,0.00073747700243,90.083440095379,0.0000012201708
1195,left road,1195,-3.00500011444092,0.0,7.19999980926514,-2.95000004768372,0.0,0.25,-3.00500011444092,0.0,7.19999980926514,12.4012203216553,1.20473229885101,-1.36282587051392,11.7809381484985,1.15622758865356,-1.01807069778442,"(11.78094, 1.156228, -1.018071)",truck body CS,17.6670589447021,0.1,12.4012203216553,1.20473229885101,-1.36282587051392,0.00073747700243,90.083440095379,0.0000012201708
1196,left road,1196,-2.90499997138977,0.0,7.19999980926514,-2.84999990463257,0.0,0.25,-2.90499997138977,0.0,7.19999980926514,12.4012203216553,1.20473229885101,-1.36282587051392,11.7831087112427,1.15608143806458,-1.01703274250031,"(11.78311, 1.156081, -1.017033)",truck body CS,17.5799236297607,0.1,12.4012203216553,1.20473229885101,-1.36282587051392,0.00073747700243,90.083440095379,0.0000012201708
1197,left road,1197,-2.8050000667572,0.0,7.19999980926514,-2.75,0.0,0.25,-2.8050000667572,0.0,7.19999980926514,12.4012203216553,1.20473229885101,-1.36282587051392,11.7860059738159,1.1559910774231,-1.01639008522034,"(11.78601, 1.155991, -1.01639)",truck body CS,17.4929275512695,0.1,12.4012203216553,1.20473229885101,-1.36282587051392,0.00073747700243,90.083440095379,0.0000012201708
1198,left road,1198,-2.70500016212463,0.0,7.19999980926514,-2.65000009536743,0.0,0.25,-2.70500016212463,0.0,7.19999980926514,12.4012203216553,1.20473229885101,-1.36282587051392,11.7893218994141,1.15593290328979,-1.01597678661346,"(11.78932, 1.155933, -1.015977)",truck body CS,17.4060688018799,0.1,12.4012203216553,1.20473229885101,-1.36282587051392,0.00073747700243,90.083440095379,0.0000012201708
1199,left road,1199,-2.60500001907349,0.0,7.19999980926514,-2.54999995231628,0.0,0.25,-2.60500001907349,0.0,7.19999980926514,12.4012203216553,1.20473229885101,-1.36282587051392,11.7926330566406,1.1558735370636,-1.01555442810059,"(11.79263, 1.155874, -1.015554)",truck body CS,17.3193531036377,0.1,12.4012203216553,1.20473229885101,-1.36282587051392,0.00073747700243,90.083440095379,0.0000012201708
1200,left road,1200,-2.50500011444092,0.0,7.19999980926514,-2.45000004768372,0.0,0.25,-2.50500011444092,0.0,7.19999980926514,12.4012203216553,1.20473229885101,-1.36282587051392,11.7961759567261,1.15583205223084,-1.01525986194611,"(11.79618, 1.155832, -1.01526)",truck body CS,17.2327823638916,0.1,12.4012203216553,1.20473229885101,-1.36282587051392,0.00073747700243,90.083440095379,0.0000012201708
1201,left road,1201,-2.40499997138977,0.0,7.19999980926514,-2.34999990463257,0.0,0.25,-2.40499997138977,0.0,7.19999980926514,12.4012203216553,1.20473229885101,-1.36282587051392,11.7999114990234,1.15580570697784,-1.01507246494293,"(11.79991, 1.155806, -1.015072)",truck body CS,17.1463565826416,0.1,12.4012203216553,1.20473229885101,-1.36282587051392,0.00073747700243,90.083440095379,0.0000012201708
1202,left road,1202,-2.3050000667572,0.0,7.19999980926514,-2.25,0.0,0.25,-2.3050000667572,0.0,7.19999980926514,12.4012203216553,1.20473229885101,-1.36282587051392,11.8036479949951,1.15577912330627,-1.01488327980042,"(11.80365, 1.155779, -1.014883)",truck body CS,17.060079574585,0.1,12.4012203216553,1.20473229885101,-1.36282587051392,0.00073747700243,90.083440095379,0.0000012201708
1203,left road,1203,-2.20500016212463,0.0,7.19999980926514,-2.15000009536743,0.0,0.25,-2.20500016212463,0.0,7.19999980926514,12.4012203216553,1.20473229885101,-1.36282587051392,11.8073892593384,1.15575265884399,-1.0146951675415,"(11.80739, 1.155753, -1.014695)",truck body CS,16.9739513397217,0.1,12.4012203216553,1.20473229885101,-1.36282587051392,0.00073747700243,90.083440095379,0.0000012201708
1204,left road,1204,-2.10500001907349,0.0,7.19999980926514,-2.04999995231628,0.0,0.25,-2.10500001907349,0.0,7.19999980926514,12.4012203216553,1.20473229885101,-1.36282587051392,11.8111371994019,1.15572619438171,-1.01450729370117,"(11.81114, 1.155726, -1.014507)",truck body CS,16.8879776000977,0.1,12.4012203216553,1.20473229885101,-1.36282587051392,0.00073747700243,90.083440095379,0.0000012201708
1205,left road,1205,-2.00500011444092,0.0,7.19999980926514,-1.95000004768372,0.0,0.25,-2.00500011444092,0.0,7.19999980926514,12.4012203216553,1.20473229885101,-1.36282587051392,11.8148832321167,1.15569925308228,-1.01431608200073,"(11.81488, 1.155699, -1.014316)",truck body CS,16.8021602630615,0.1,12.4012203216553,1.20473229885101,-1.36282587051392,0.00073747700243,90.083440095379,0.0000012201708
1206,left road,1206,-1.90499997138977,0.0,7.19999980926514,-1.85000002384186,0.0,0.25,-1.90499997138977,0.0,7.19999980926514,12.4012203216553,1.20473229885101,-1.36282587051392,11.8186817169189,1.15567636489868,-1.01415383815765,"(11.81868, 1.155676, -1.014154)",truck body CS,16.7164974212646,0.1,12.4012203216553,1.20473229885101,-1.36282587051392,0.00073747700243,90.083440095379,0.0000012201708
1207,left road,1207,-1.80499994754791,0.0,7.19999980926514,-1.75,0.0,0.25,-1.80499994754791,0.0,7.19999980926514,12.4012203216553,1.20473229885101,-1.36282587051392,11.8224220275879,1.15564846992493,-1.01395416259766,"(11.82242, 1.155648, -1.013954)",truck body CS,16.6309986114502,0.1,12.4012203216553,1.20473229885101,-1.36282587051392,0.00073747700243,90.083440095379,0.0000012201708
1208,left road,1208,-1.70499992370605,0.0,7.19999980926514,-1.64999997615814,0.0,0.25,-1.70499992370605,0.0,7.19999980926514,12.4012203216553,1.20473229885101,-1.36282587051392,11.8246049880981,1.1554868221283,-1.01280641555786,"(11.8246, 1.155487, -1.012806)",truck body CS,16.5456581115723,0.1,12.4012203216553,1.20473229885101,-1.36282587051392,0.00073747700243,90.083440095379,0.0000012201708
1209,left road,1209,-1.6049998998642,0.0,7.19999980926514,-1.54999995231628,0.0,0.25,-1.6049998998642,0.0,7.19999980926514,12.4012203216553,1.20473229885101,-1.36282587051392,11.826060295105,1.15526032447815,-1.01119661331177,"(11.82606, 1.15526, -1.011197)",truck body CS,16.460485458374,0.1,12.4012203216553,1.20473229885101,-1.36282587051392,0.00073747700243,90.083440095379,0.0000012201708
1210,left road,1210,-1.50499999523163,0.0,7.19999980926514,-1.45000004768372,0.0,0.25,-1.50499999523163,0.0,7.19999980926514,12.4012203216553,1.20473229885101,-1.36282587051392,11.8287200927734,1.15513491630554,-1.01030516624451,"(11.82872, 1.155135, -1.010305)",truck body CS,16.3754806518555,0.1,12.4012203216553,1.20473229885101,-1.36282587051392,0.00073747700243,90.083440095379,0.0000012201708
1211,left road,1211,-1.40499997138977,0.0,7.19999980926514,-1.35000002384186,0.0,0.25,-1.40499997138977,0.0,7.19999980926514,12.4012203216553,1.20473229885101,-1.36282587051392,11.8331203460693,1.15515971183777,-1.01048123836517,"(11.83312, 1.15516, -1.010481)",truck body CS,16.2906436920166,0.1,12.4012203216553,1.20473229885101,-1.36282587051392,0.00073747700243,90.083440095379,0.0000012201708
1212,left road,1212,-1.30499994754791,0.0,7.19999980926514,-1.25,0.0,0.25,-1.30499994754791,0.0,7.19999980926514,12.4012203216553,1.20473229885101,-1.36282587051392,11.8375587463379,1.15518808364868,-1.01068353652954,"(11.83756, 1.155188, -1.010684)",truck body CS,16.205982208252,0.1,12.4012203216553,1.20473229885101,-1.36282587051392,0.00073747700243,90.083440095379,0.0000012201708
1213,left road,1213,-1.20499992370605,0.0,7.19999980926514,-1.14999997615814,0.0,0.25,-1.20499992370605,0.0,7.19999980926514,12.4012203216553,1.20473229885101,-1.36282587051392,11.841983795166,1.15521585941315,-1.01088047027588,"(11.84198, 1.155216, -1.01088)",truck body CS,16.1214942932129,0.1,12.4012203216553,1.20473229885101,-1.36282587051392,0.00073747700243,90.083440095379,0.0000012201708
1214,left road,1214,-1.1049998998642,0.0,7.19999980926514,-1.04999995231628,0.0,0.25,-1.1049998998642,0.0,7.19999980926514,12.4012203216553,1.20473229885101,-1.36282587051392,11.8464298248291,1.15524578094482,-1.01109325885773,"(11.84643, 1.155246, -1.011093)",truck body CS,16.0371856689453,0.1,12.4012203216553,1.20473229885101,-1.36282587051392,0.00073747700243,90.083440095379,0.0000012201708
1215,left road,1215,-1.00499999523163,0.0,7.19999980926514,-0.94999998807907,0.0,0.25,-1.00499999523163,0.0,7.19999980926514,12.4012203216553,1.20473229885101,-1.36282587051392,11.8723764419556,1.1572083234787,-1.02504181861877,"(11.87238, 1.157208, -1.025042)",truck body CS,15.9530601501465,0.1,12.4012203216553,1.20473229885101,-1.36282587051392,0.00073747700243,90.083440095379,0.0000012201708
1216,left road,1216,-0.90500003099442,0.0,7.19999980926514,-0.85000002384186,0.0,0.25,-0.90500003099442,0.0,7.19999980926514,12.4012203216553,1.20473229885101,-1.36282587051392,11.8760824203491,1.15718674659729,-1.02488851547241,"(11.87608, 1.157187, -1.024889)",truck body CS,15.8691167831421,0.1,12.4012203216553,1.20473229885101,-1.36282587051392,0.00073747700243,90.083440095379,0.0000012201708
1217,left road,1217,-0.80500000715256,0.0,7.19999980926514,-0.75,0.0,0.25,-0.80500000715256,0.0,7.19999980926514,12.4012203216553,1.20473229885101,-1.36282587051392,11.8797950744629,1.15716540813446,-1.02473711967468,"(11.8798, 1.157165, -1.024737)",truck body CS,15.785361289978,0.1,12.4012203216553,1.20473229885101,-1.36282587051392,0.00073747700243,90.083440095379,0.0000012201708
1218,left road,1218,-0.7049999833107,0.0,7.19999980926514,-0.64999997615814,0.0,0.25,-0.7049999833107,0.0,7.19999980926514,12.4012203216553,1.20473229885101,-1.36282587051392,11.8834648132324,1.15713977813721,-1.02455449104309,"(11.88346, 1.15714, -1.024554)",truck body CS,15.7017955780029,0.1,12.4012203216553,1.20473229885101,-1.36282587051392,0.00073747700243,90.083440095379,0.0000012201708
1219,left road,1219,-0.60500001907349,0.0,7.19999980926514,-0.55000001192093,0.0,0.25,-0.60500001907349,0.0,7.19999980926514,12.4012203216553,1.20473229885101,-1.36282587051392,11.8873844146729,1.15713691711426,-1.02453398704529,"(11.88738, 1.157137, -1.024534)",truck body CS,15.6184225082397,0.1,12.4012203216553,1.20473229885101,-1.36282587051392,0.00073747700243,90.083440095379,0.0000012201708
1220,left road,1220,-0.50499999523163,0.0,7.19999980926514,-0.44999998807907,0.0,0.25,-0.50499999523163,0.0,7.19999980926514,12.4012203216553,1.20473229885101,-1.36282587051392,11.8917722702026,1.15717768669128,-1.02482414245605,"(11.89177, 1.157178, -1.024824)",truck body CS,15.5352468490601,0.1,12.4012203216553,1.20473229885101,-1.36282587051392,0.00073747700243,90.083440095379,0.0000012201708
1221,left road,1221,-0.40500000119209,0.0,7.19999980926514,-0.34999999403954,0.0,0.25,-0.40500000119209,0.0,7.19999980926514,12.4012203216553,1.20473229885101,-1.36282587051392,12.3512687683105,1.20003318786621,-1.32942640781403,"(12.35127, 1.200033, -1.329426)",EyeArea,15.4522695541382,0.1,12.4012203216553,1.20473229885101,-1.36282587051392,0.00073747700243,90.083440095379,0.0000012201708
1222,left road,1222,-0.30500000715256,0.0,7.19999980926514,-0.25,0.0,0.25,-0.30500000715256,0.0,7.19999980926514,12.4012203216553,1.20473229885101,-1.36282587051392,12.3512697219849,1.19999623298645,-1.32916414737701,"(12.35127, 1.199996, -1.329164)",EyeArea,15.36949634552,0.1,12.4012203216553,1.20473229885101,-1.36282587051392,0.00073747700243,90.083440095379,0.0000012201708
1223,left road,1223,-0.20500001311302,0.0,7.19999980926514,-0.15000000596046,0.0,0.25,-0.20500001311302,0.0,7.19999980926514,12.4012203216553,1.20473229885101,-1.36282587051392,12.3512697219849,1.19995868206024,-1.32889711856842,"(12.35127, 1.199959, -1.328897)",EyeArea,15.2869281768799,0.1,12.4012203216553,1.20473229885101,-1.36282587051392,0.00073747700243,90.083440095379,0.0000012201708
1224,left road,1224,-0.10500000417233,0.0,7.19999980926514,-0.05000000074506,0.0,0.25,-0.10500000417233,0.0,7.19999980926514,12.4012203216553,1.20473229885101,-1.36282587051392,12.3512706756592,1.19992053508759,-1.32862627506256,"(12.35127, 1.199921, -1.328626)",EyeArea,15.204568862915,0.1,12.4012203216553,1.20473229885101,-1.36282587051392,0.00073747700243,90.083440095379,0.0000012201708
1225,left road,1225,-0.00499999895692,0.0,7.19999980926514,0.05000000074506,0.0,0.25,-0.00499999895692,0.0,7.19999980926514,12.4012203216553,1.20473229885101,-1.36282587051392,12.3512706756592,1.19988179206848,-1.32835161685944,"(12.35127, 1.199882, -1.328352)",EyeArea,15.1224231719971,0.1,12.4012203216553,1.20473229885101,-1.36282587051392,0.00073747700243,90.083440095379,0.0000012201708
1226,left road,1226,0.09500000625849,0.0,7.19999980926514,0.15000000596046,0.0,0.25,0.09500000625849,0.0,7.19999980926514,12.4012203216553,1.20473229885101,-1.36282587051392,12.3512716293335,1.19984245300293,-1.32807123661041,"(12.35127, 1.199842, -1.328071)",EyeArea,15.0404930114746,0.1,12.4012203216553,1.20473229885101,-1.36282587051392,0.00073747700243,90.083440095379,0.0000012201708
1227,left road,1227,0.19499999284744,0.0,7.19999980926514,0.25,0.0,0.25,0.19499999284744,0.0,7.19999980926514,12.4012203216553,1.20473229885101,-1.36282587051392,12.3512716293335,1.19980239868164,-1.32778704166412,"(12.35127, 1.199802, -1.327787)",EyeArea,14.9587831497192,0.1,12.4012203216553,1.20473229885101,-1.36282587051392,0.00073747700243,90.083440095379,0.0000012201708
1228,left road,1228,0.29499998688698,0.0,7.19999980926514,0.34999999403954,0.0,0.25,0.29499998688698,0.0,7.19999980926514,12.4012203216553,1.20473229885101,-1.36282587051392,12.3512716293335,1.1997617483139,-1.32749807834625,"(12.35127, 1.199762, -1.327498)",EyeArea,14.8772964477539,0.1,12.4012203216553,1.20473229885101,-1.36282587051392,0.00073747700243,90.083440095379,0.0000012201708
1229,left road,1229,0.39499998092651,0.0,7.19999980926514,0.44999998807907,0.0,0.25,0.39499998092651,0.0,7.19999980926514,12.4012203216553,1.20473229885101,-1.36282587051392,12.3512725830078,1.19972038269043,-1.32720339298248,"(12.35127, 1.19972, -1.327203)",EyeArea,14.7960367202759,0.1,12.4012203216553,1.20473229885101,-1.36282587051392,0.00073747700243,90.083440095379,0.0000012201708
1230,left road,1230,0.49500000476837,0.0,7.19999980926514,0.55000001192093,0.0,0.25,0.49500000476837,0.0,7.19999980926514,12.4012203216553,1.20473229885101,-1.36282587051392,12.3512725830078,1.19967830181122,-1.32690489292145,"(12.35127, 1.199678, -1.326905)",EyeArea,14.7150077819824,0.1,12.4012203216553,1.20473229885101,-1.36282587051392,0.00073747700243,90.083440095379,0.0000012201708
1231,left road,1231,0.59499996900558,0.0,7.19999980926514,0.64999997615814,0.0,0.25,0.59499996900558,0.0,7.19999980926514,12.4012203216553,1.20473229885101,-1.36282587051392,12.3512735366821,1.19963550567627,-1.32660162448883,"(12.35127, 1.199636, -1.326602)",EyeArea,14.6342134475708,0.1,12.4012203216553,1.20473229885101,-1.36282587051392,0.00073747700243,90.083440095379,0.0000012201708
1232,left road,1232,0.69499999284744,0.0,7.19999980926514,0.75,0.0,0.25,0.69499999284744,0.0,7.19999980926514,12.4012203216553,1.20473229885101,-1.36282587051392,12.3512735366821,1.19959199428558,-1.32629072666168,"(12.35127, 1.199592, -1.326291)",EyeArea,14.5536584854126,0.1,12.4012203216553,1.20473229885101,-1.36282587051392,0.00073747700243,90.083440095379,0.0000012201708
1233,left road,1233,0.7950000166893,0.0,7.19999980926514,0.85000002384186,0.0,0.25,0.7950000166893,0.0,7.19999980926514,12.4012203216553,1.20473229885101,-1.36282587051392,12.3512744903564,1.19954776763916,-1.3259779214859,"(12.35127, 1.199548, -1.325978)",EyeArea,14.4733448028564,0.1,12.4012203216553,1.20473229885101,-1.36282587051392,0.00073747700243,90.083440095379,0.0000012201708
1234,left road,1234,0.89499998092651,0.0,7.19999980926514,0.94999998807907,0.0,0.25,0.89499998092651,0.0,7.19999980926514,12.4012203216553,1.20473229885101,-1.36282587051392,12.3512744903564,1.199502825737,-1.32565748691559,"(12.35127, 1.199503, -1.325657)",EyeArea,14.3932790756226,0.1,12.4012203216553,1.20473229885101,-1.36282587051392,0.00073747700243,90.083440095379,0.0000012201708
1235,left road,1235,0.99499994516373,0.0,7.19999980926514,1.04999995231628,0.0,0.25,0.99499994516373,0.0,7.19999980926514,12.4012203216553,1.20473229885101,-1.36282587051392,12.3512754440308,1.19945704936981,-1.32533133029938,"(12.35128, 1.199457, -1.325331)",EyeArea,14.3134641647339,0.1,12.4012203216553,1.20473229885101,-1.36282587051392,0.00073747700243,90.083440095379,0.0000012201708
1236,left road,1236,1.09500002861023,0.0,7.19999980926514,1.14999997615814,0.0,0.25,1.09500002861023,0.0,7.19999980926514,12.4012203216553,1.20473229885101,-1.36282587051392,12.3512754440308,1.19941031932831,-1.32500040531158,"(12.35128, 1.19941, -1.325)",EyeArea,14.2339029312134,0.1,12.4012203216553,1.20473229885101,-1.36282587051392,0.00073747700243,90.083440095379,0.0000012201708
1237,left road,1237,1.19500005245209,0.0,7.19999980926514,1.25,0.0,0.25,1.19500005245209,0.0,7.19999980926514,12.4012203216553,1.20473229885101,-1.36282587051392,12.3512763977051,1.19936299324036,-1.32466280460358,"(12.35128, 1.199363, -1.324663)",EyeArea,14.1546020507813,0.1,12.4012203216553,1.20473229885101,-1.36282587051392,0.00073747700243,90.083440095379,0.0000012201708
1238,left road,1238,1.29500007629395,0.0,7.19999980926514,1.35000002384186,0.0,0.25,1.29500007629395,0.0,7.19999980926514,12.4012203216553,1.20473229885101,-1.36282587051392,12.3512763977051,1.1993145942688,-1.32431948184967,"(12.35128, 1.199315, -1.324319)",EyeArea,14.0755634307861,0.1,12.4012203216553,1.20473229885101,-1.36282587051392,0.00073747700243,90.083440095379,0.0000012201708
1239,left road,1239,1.3950001001358,0.0,7.19999980926514,1.45000004768372,0.0,0.25,1.3950001001358,0.0,7.19999980926514,12.4012203216553,1.20473229885101,-1.36282587051392,12.3512773513794,1.1992654800415,-1.32397139072418,"(12.35128, 1.199265, -1.323971)",EyeArea,13.9967937469482,0.1,12.4012203216553,1.20473229885101,-1.36282587051392,0.00073747700243,90.083440095379,0.0000012201708
1240,left road,1240,1.49500000476837,0.0,7.19999980926514,1.54999995231628,0.0,0.25,1.49500000476837,0.0,7.19999980926514,12.4012203216553,1.20473229885101,-1.36282587051392,12.3512773513794,1.19921541213989,-1.32361376285553,"(12.35128, 1.199215, -1.323614)",EyeArea,13.9182977676392,0.1,12.4012203216553,1.20473229885101,-1.36282587051392,0.00073747700243,90.083440095379,0.0000012201708
1241,left road,1241,1.59500002861023,0.0,7.19999980926514,1.64999997615814,0.0,0.25,1.59500002861023,0.0,7.19999980926514,12.4012203216553,1.20473229885101,-1.36282587051392,12.3512783050537,1.19916439056396,-1.3232513666153,"(12.35128, 1.199164, -1.323251)",EyeArea,13.8400783538818,0.1,12.4012203216553,1.20473229885101,-1.36282587051392,0.00073747700243,90.083440095379,0.0000012201708
1242,left road,1242,1.69500005245209,0.0,7.19999980926514,1.75,0.0,0.25,1.69500005245209,0.0,7.19999980926514,12.4012203216553,1.20473229885101,-1.36282587051392,12.3512783050537,1.19911253452301,-1.32288324832916,"(12.35128, 1.199113, -1.322883)",EyeArea,13.7621412277222,0.1,12.4012203216553,1.20473229885101,-1.36282587051392,0.00073747700243,90.083440095379,0.0000012201708
1243,left road,1243,1.79500007629395,0.0,7.19999980926514,1.85000002384186,0.0,0.25,1.79500007629395,0.0,7.19999980926514,12.4012203216553,1.20473229885101,-1.36282587051392,12.351279258728,1.19905960559845,-1.32250654697418,"(12.35128, 1.19906, -1.322507)",EyeArea,13.6844902038574,0.1,12.4012203216553,1.20473229885101,-1.36282587051392,0.00073747700243,90.083440095379,0.0000012201708
1244,left road,1244,1.8950001001358,0.0,7.19999980926514,1.95000004768372,0.0,0.25,1.8950001001358,0.0,7.19999980926514,12.4012203216553,1.20473229885101,-1.36282587051392,12.3512802124023,1.19900572299957,-1.3221241235733,"(12.35128, 1.199006, -1.322124)",EyeArea,13.6071310043335,0.1,12.4012203216553,1.20473229885101,-1.36282587051392,0.00073747700243,90.083440095379,0.0000012201708
1245,left road,1245,1.99500000476837,0.0,7.19999980926514,2.04999995231628,0.0,0.25,1.99500000476837,0.0,7.19999980926514,12.4012203216553,1.20473229885101,-1.36282587051392,12.3512802124023,1.1989506483078,-1.32173311710358,"(12.35128, 1.198951, -1.321733)",EyeArea,13.5300703048706,0.1,12.4012203216553,1.20473229885101,-1.36282587051392,0.00073747700243,90.083440095379,0.0000012201708
1246,left road,1246,2.09500002861023,0.0,7.19999980926514,2.15000009536743,0.0,0.25,2.09500002861023,0.0,7.19999980926514,12.4012203216553,1.20473229885101,-1.36282587051392,12.3512811660767,1.19889461994171,-1.32133448123932,"(12.35128, 1.198895, -1.321334)",EyeArea,13.4533100128174,0.1,12.4012203216553,1.20473229885101,-1.36282587051392,0.00073747700243,90.083440095379,0.0000012201708
1247,left road,1247,2.1949999332428,0.0,7.19999980926514,2.25,0.0,0.25,2.1949999332428,0.0,7.19999980926514,12.4012203216553,1.20473229885101,-1.36282587051392,12.3512811660767,1.19883751869202,-1.32092928886414,"(12.35128, 1.198838, -1.320929)",EyeArea,13.376856803894,0.1,12.4012203216553,1.20473229885101,-1.36282587051392,0.00073747700243,90.083440095379,0.0000012201708
1248,left road,1248,2.29499983787537,0.0,7.19999980926514,2.34999990463257,0.0,0.25,2.29499983787537,0.0,7.19999980926514,12.4012203216553,1.20473229885101,-1.36282587051392,12.351282119751,1.19877922534943,-1.32051539421082,"(12.35128, 1.198779, -1.320515)",EyeArea,13.3007164001465,0.1,12.4012203216553,1.20473229885101,-1.36282587051392,0.00073747700243,90.083440095379,0.0000012201708
1249,left road,1249,2.39499998092651,0.0,7.19999980926514,2.45000004768372,0.0,0.25,2.39499998092651,0.0,7.19999980926514,12.4012203216553,1.20473229885101,-1.36282587051392,12.3512830734253,1.19871985912323,-1.32009196281433,"(12.35128, 1.19872, -1.320092)",EyeArea,13.224892616272,0.1,12.4012203216553,1.20473229885101,-1.36282587051392,0.00073747700243,90.083440095379,0.0000012201708
1250,left road,1250,2.49499988555908,0.0,7.19999980926514,2.54999995231628,0.0,0.25,2.49499988555908,0.0,7.19999980926514,12.4012203216553,1.20473229885101,-1.36282587051392,12.3512830734253,1.19865930080414,-1.31966185569763,"(12.35128, 1.198659, -1.319662)",EyeArea,13.1493940353394,0.1,12.4012203216553,1.20473229885101,-1.36282587051392,0.00073747700243,90.083440095379,0.0000012201708
1251,left road,1251,2.59500002861023,0.0,7.19999980926514,2.65000009536743,0.0,0.25,2.59500002861023,0.0,7.19999980926514,12.4012203216553,1.20473229885101,-1.36282587051392,12.3512840270996,1.19859731197357,-1.31922125816345,"(12.35128, 1.198597, -1.319221)",EyeArea,13.0742235183716,0.1,12.4012203216553,1.20473229885101,-1.36282587051392,0.00073747700243,90.083440095379,0.0000012201708
1252,left road,1252,2.6949999332428,0.0,7.19999980926514,2.75,0.0,0.25,2.6949999332428,0.0,7.19999980926514,12.4012203216553,1.20473229885101,-1.36282587051392,11.8481254577637,1.1360821723938,-0.87488490343094,"(11.84813, 1.136082, -0.874885)",truck body CS,12.9993877410889,0.1,12.4012203216553,1.20473229885101,-1.36282587051392,0.00073747700243,90.083440095379,0.0000012201708
1253,left road,1253,2.79499983787537,0.0,7.19999980926514,2.84999990463257,0.0,0.25,2.79499983787537,0.0,7.19999980926514,12.4012203216553,1.20473229885101,-1.36282587051392,11.8467206954956,1.13519144058228,-0.86855393648148,"(11.84672, 1.135191, -0.868554)",truck body CS,12.9248914718628,0.1,12.4012203216553,1.20473229885101,-1.36282587051392,0.00073747700243,90.083440095379,0.0000012201708
1254,left road,1254,2.89499998092651,0.0,7.19999980926514,2.95000004768372,0.0,0.25,2.89499998092651,0.0,7.19999980926514,12.4012203216553,1.20473229885101,-1.36282587051392,11.845929145813,1.13435959815979,-0.86264127492905,"(11.84593, 1.13436, -0.862641)",truck body CS,12.8507423400879,0.1,12.4012203216553,1.20473229885101,-1.36282587051392,0.00073747700243,90.083440095379,0.0000012201708
1255,left road,1255,2.99499988555908,0.0,7.19999980926514,3.04999995231628,0.0,0.25,2.99499988555908,0.0,7.19999980926514,12.4012203216553,1.20473229885101,-1.36282587051392,11.8460054397583,1.1336213350296,-0.85739332437515,"(11.84601, 1.133621, -0.857393)",truck body CS,12.7769460678101,0.1,12.4012203216553,1.20473229885101,-1.36282587051392,0.00073747700243,90.083440095379,0.0000012201708
1256,left road,1256,3.09500002861023,0.0,7.19999980926514,3.15000009536743,0.0,0.25,3.09500002861023,0.0,7.19999980926514,12.4012203216553,1.20473229885101,-1.36282587051392,11.8460855484009,1.13286733627319,-0.85203492641449,"(11.84609, 1.132867, -0.852035)",truck body CS,12.7035074234009,0.1,12.4012203216553,1.20473229885101,-1.36282587051392,0.00073747700243,90.083440095379,0.0000012201708
1257,left road,1257,3.1949999332428,0.0,7.19999980926514,3.25,0.0,0.25,3.1949999332428,0.0,7.19999980926514,12.4012203216553,1.20473229885101,-1.36282587051392,11.8461656570435,1.13209736347198,-0.84656113386154,"(11.84617, 1.132097, -0.846561)",truck body CS,12.6304340362549,0.1,12.4012203216553,1.20473229885101,-1.36282587051392,0.00073747700243,90.083440095379,0.0000012201708
1258,left road,1258,3.29499983787537,0.0,7.19999980926514,3.34999990463257,0.0,0.25,3.29499983787537,0.0,7.19999980926514,12.4012203216553,1.20473229885101,-1.36282587051392,11.8462505340576,1.13131093978882,-0.84097194671631,"(11.84625, 1.131311, -0.840972)",truck body CS,12.557731628418,0.1,12.4012203216553,1.20473229885101,-1.36282587051392,0.00073747700243,90.083440095379,0.0000012201708
1259,left road,1259,3.39499998092651,0.0,7.19999980926514,3.45000004768372,0.0,0.25,3.39499998092651,0.0,7.19999980926514,12.4012203216553,1.20473229885101,-1.36282587051392,11.8463325500488,1.13050675392151,-0.83525651693344,"(11.84633, 1.130507, -0.835257)",truck body CS,12.4854068756104,0.1,12.4012203216553,1.20473229885101,-1.36282587051392,0.00073747700243,90.083440095379,0.0000012201708
1260,left road,1260,-3.50500011444092,0.0,7.29999971389771,-3.45000004768372,0.0,0.34999999403954,-3.50500011444092,0.0,7.29999971389771,12.4012203216553,1.20473229885101,-1.36282587051392,11.7748317718506,1.15728974342346,-1.0216828584671,"(11.77483, 1.15729, -1.021683)",truck body CS,18.1522388458252,0.1,12.4012203216553,1.20473229885101,-1.36282587051392,0.00073747700243,90.083440095379,0.0000012201708
1261,left road,1261,-3.40499997138977,0.0,7.29999971389771,-3.34999990463257,0.0,0.34999999403954,-3.40499997138977,0.0,7.29999971389771,12.4012203216553,1.20473229885101,-1.36282587051392,11.7768602371216,1.15714418888092,-1.02063536643982,"(11.77686, 1.157144, -1.020635)",truck body CS,18.06467628479,0.1,12.4012203216553,1.20473229885101,-1.36282587051392,0.00073747700243,90.083440095379,0.0000012201708
1262,left road,1262,-3.3050000667572,0.0,7.29999971389771,-3.25,0.0,0.34999999403954,-3.3050000667572,0.0,7.29999971389771,12.4012203216553,1.20473229885101,-1.36282587051392,11.7789764404297,1.15700364112854,-1.0196248292923,"(11.77898, 1.157004, -1.019625)",truck body CS,17.9772434234619,0.1,12.4012203216553,1.20473229885101,-1.36282587051392,0.00073747700243,90.083440095379,0.0000012201708
1263,left road,1263,-3.20500016212463,0.0,7.29999971389771,-3.15000009536743,0.0,0.34999999403954,-3.20500016212463,0.0,7.29999971389771,12.4012203216553,1.20473229885101,-1.36282587051392,11.7811079025269,1.15686237812042,-1.01860928535461,"(11.78111, 1.156862, -1.018609)",truck body CS,17.8899421691895,0.1,12.4012203216553,1.20473229885101,-1.36282587051392,0.00073747700243,90.083440095379,0.0000012201708
1264,left road,1264,-3.10500001907349,0.0,7.29999971389771,-3.04999995231628,0.0,0.34999999403954,-3.10500001907349,0.0,7.29999971389771,12.4012203216553,1.20473229885101,-1.36282587051392,11.7832469940186,1.15671968460083,-1.01758289337158,"(11.78325, 1.15672, -1.017583)",truck body CS,17.8027744293213,0.1,12.4012203216553,1.20473229885101,-1.36282587051392,0.00073747700243,90.083440095379,0.0000012201708
1265,left road,1265,-3.00500011444092,0.0,7.29999971389771,-2.95000004768372,0.0,0.34999999403954,-3.00500011444092,0.0,7.29999971389771,12.4012203216553,1.20473229885101,-1.36282587051392,11.7857532501221,1.15660417079926,-1.01675152778625,"(11.78575, 1.156604, -1.016752)",truck body CS,17.7157440185547,0.1,12.4012203216553,1.20473229885101,-1.36282587051392,0.00073747700243,90.083440095379,0.0000012201708
1266,left road,1266,-2.90499997138977,0.0,7.29999971389771,-2.84999990463257,0.0,0.34999999403954,-2.90499997138977,0.0,7.29999971389771,12.4012203216553,1.20473229885101,-1.36282587051392,11.7890186309814,1.1565465927124,-1.01633954048157,"(11.78902, 1.156547, -1.01634)",truck body CS,17.628849029541,0.1,12.4012203216553,1.20473229885101,-1.36282587051392,0.00073747700243,90.083440095379,0.0000012201708
1267,left road,1267,-2.8050000667572,0.0,7.29999971389771,-2.75,0.0,0.34999999403954,-2.8050000667572,0.0,7.29999971389771,12.4012203216553,1.20473229885101,-1.36282587051392,11.7922849655151,1.1564884185791,-1.01592135429382,"(11.79228, 1.156488, -1.015921)",truck body CS,17.5420932769775,0.1,12.4012203216553,1.20473229885101,-1.36282587051392,0.00073747700243,90.083440095379,0.0000012201708
1268,left road,1268,-2.70500016212463,0.0,7.29999971389771,-2.65000009536743,0.0,0.34999999403954,-2.70500016212463,0.0,7.29999971389771,12.4012203216553,1.20473229885101,-1.36282587051392,11.7956638336182,1.15643858909607,-1.01556181907654,"(11.79566, 1.156439, -1.015562)",truck body CS,17.4554805755615,0.1,12.4012203216553,1.20473229885101,-1.36282587051392,0.00073747700243,90.083440095379,0.0000012201708
1269,left road,1269,-2.60500001907349,0.0,7.29999971389771,-2.54999995231628,0.0,0.34999999403954,-2.60500001907349,0.0,7.29999971389771,12.4012203216553,1.20473229885101,-1.36282587051392,11.7993488311768,1.15641260147095,-1.01537561416626,"(11.79935, 1.156413, -1.015376)",truck body CS,17.369010925293,0.1,12.4012203216553,1.20473229885101,-1.36282587051392,0.00073747700243,90.083440095379,0.0000012201708
1270,left road,1270,-2.50500011444092,0.0,7.29999971389771,-2.45000004768372,0.0,0.34999999403954,-2.50500011444092,0.0,7.29999971389771,12.4012203216553,1.20473229885101,-1.36282587051392,11.8030414581299,1.15638697147369,-1.01519107818604,"(11.80304, 1.156387, -1.015191)",truck body CS,17.2826900482178,0.1,12.4012203216553,1.20473229885101,-1.36282587051392,0.00073747700243,90.083440095379,0.0000012201708
1271,left road,1271,-2.40499997138977,0.0,7.29999971389771,-2.34999990463257,0.0,0.34999999403954,-2.40499997138977,0.0,7.29999971389771,12.4012203216553,1.20473229885101,-1.36282587051392,11.806736946106,1.15636110305786,-1.01500487327576,"(11.80674, 1.156361, -1.015005)",truck body CS,17.1965141296387,0.1,12.4012203216553,1.20473229885101,-1.36282587051392,0.00073747700243,90.083440095379,0.0000012201708
1272,left road,1272,-2.3050000667572,0.0,7.29999971389771,-2.25,0.0,0.34999999403954,-2.3050000667572,0.0,7.29999971389771,12.4012203216553,1.20473229885101,-1.36282587051392,11.810432434082,1.15633499622345,-1.01481676101685,"(11.81043, 1.156335, -1.014817)",truck body CS,17.1104888916016,0.1,12.4012203216553,1.20473229885101,-1.36282587051392,0.00073747700243,90.083440095379,0.0000012201708
1273,left road,1273,-2.20500016212463,0.0,7.29999971389771,-2.15000009536743,0.0,0.34999999403954,-2.20500016212463,0.0,7.29999971389771,12.4012203216553,1.20473229885101,-1.36282587051392,11.814136505127,1.15630912780762,-1.01463115215302,"(11.81414, 1.156309, -1.014631)",truck body CS,17.0246181488037,0.1,12.4012203216553,1.20473229885101,-1.36282587051392,0.00073747700243,90.083440095379,0.0000012201708
1274,left road,1274,-2.10500001907349,0.0,7.29999971389771,-2.04999995231628,0.0,0.34999999403954,-2.10500001907349,0.0,7.29999971389771,12.4012203216553,1.20473229885101,-1.36282587051392,11.8178663253784,1.15628504753113,-1.01445770263672,"(11.81787, 1.156285, -1.014458)",truck body CS,16.9388999938965,0.1,12.4012203216553,1.20473229885101,-1.36282587051392,0.00073747700243,90.083440095379,0.0000012201708
1275,left road,1275,-2.00500011444092,0.0,7.29999971389771,-1.95000004768372,0.0,0.34999999403954,-2.00500011444092,0.0,7.29999971389771,12.4012203216553,1.20473229885101,-1.36282587051392,11.8217010498047,1.1562694311142,-1.01434564590454,"(11.8217, 1.156269, -1.014346)",truck body CS,16.8533420562744,0.1,12.4012203216553,1.20473229885101,-1.36282587051392,0.00073747700243,90.083440095379,0.0000012201708
1276,left road,1276,-1.90499997138977,0.0,7.29999971389771,-1.85000002384186,0.0,0.34999999403954,-1.90499997138977,0.0,7.29999971389771,12.4012203216553,1.20473229885101,-1.36282587051392,11.8249711990356,1.15620613098145,-1.01389026641846,"(11.82497, 1.156206, -1.01389)",truck body CS,16.7679424285889,0.1,12.4012203216553,1.20473229885101,-1.36282587051392,0.00073747700243,90.083440095379,0.0000012201708
1277,left road,1277,-1.80499994754791,0.0,7.29999971389771,-1.75,0.0,0.34999999403954,-1.80499994754791,0.0,7.29999971389771,12.4012203216553,1.20473229885101,-1.36282587051392,11.8257188796997,1.15592789649963,-1.01188945770264,"(11.82572, 1.155928, -1.011889)",truck body CS,16.6827049255371,0.1,12.4012203216553,1.20473229885101,-1.36282587051392,0.00073747700243,90.083440095379,0.0000012201708
1278,left road,1278,-1.70499992370605,0.0,7.29999971389771,-1.64999997615814,0.0,0.34999999403954,-1.70499992370605,0.0,7.29999971389771,12.4012203216553,1.20473229885101,-1.36282587051392,11.8282604217529,1.15579891204834,-1.01096248626709,"(11.82826, 1.155799, -1.010962)",truck body CS,16.5976314544678,0.1,12.4012203216553,1.20473229885101,-1.36282587051392,0.00073747700243,90.083440095379,0.0000012201708
1279,left road,1279,-1.6049998998642,0.0,7.29999971389771,-1.54999995231628,0.0,0.34999999403954,-1.6049998998642,0.0,7.29999971389771,12.4012203216553,1.20473229885101,-1.36282587051392,11.8317604064941,1.15575063228607,-1.01061463356018,"(11.83176, 1.155751, -1.010615)",truck body CS,16.5127258300781,0.1,12.4012203216553,1.20473229885101,-1.36282587051392,0.00073747700243,90.083440095379,0.0000012201708
1280,left road,1280,-1.50499999523163,0.0,7.29999971389771,-1.45000004768372,0.0,0.34999999403954,-1.50499999523163,0.0,7.29999971389771,12.4012203216553,1.20473229885101,-1.36282587051392,11.8361539840698,1.15577900409698,-1.01081895828247,"(11.83615, 1.155779, -1.010819)",truck body CS,16.4279918670654,0.1,12.4012203216553,1.20473229885101,-1.36282587051392,0.00073747700243,90.083440095379,0.0000012201708
1281,left road,1281,-1.40499997138977,0.0,7.29999971389771,-1.35000002384186,0.0,0.34999999403954,-1.40499997138977,0.0,7.29999971389771,12.4012203216553,1.20473229885101,-1.36282587051392,11.8405437469482,1.15580761432648,-1.01102423667908,"(11.84054, 1.155808, -1.011024)",truck body CS,16.3434276580811,0.1,12.4012203216553,1.20473229885101,-1.36282587051392,0.00073747700243,90.083440095379,0.0000012201708
1282,left road,1282,-1.30499994754791,0.0,7.29999971389771,-1.25,0.0,0.34999999403954,-1.30499994754791,0.0,7.29999971389771,12.4012203216553,1.20473229885101,-1.36282587051392,11.8449115753174,1.15583443641663,-1.01121854782104,"(11.84491, 1.155834, -1.011219)",truck body CS,16.2590408325195,0.1,12.4012203216553,1.20473229885101,-1.36282587051392,0.00073747700243,90.083440095379,0.0000012201708
1283,left road,1283,-1.20499992370605,0.0,7.29999971389771,-1.14999997615814,0.0,0.34999999403954,-1.20499992370605,0.0,7.29999971389771,12.4012203216553,1.20473229885101,-1.36282587051392,11.8505516052246,1.15597462654114,-1.01222467422485,"(11.85055, 1.155975, -1.012225)",truck body CS,16.1748313903809,0.1,12.4012203216553,1.20473229885101,-1.36282587051392,0.00073747700243,90.083440095379,0.0000012201708
1284,left road,1284,-1.1049998998642,0.0,7.29999971389771,-1.04999995231628,0.0,0.34999999403954,-1.1049998998642,0.0,7.29999971389771,12.4012203216553,1.20473229885101,-1.36282587051392,11.8748846054077,1.15778398513794,-1.02523589134216,"(11.87488, 1.157784, -1.025236)",truck body CS,16.0908012390137,0.1,12.4012203216553,1.20473229885101,-1.36282587051392,0.00073747700243,90.083440095379,0.0000012201708
1285,left road,1285,-1.00499999523163,0.0,7.29999971389771,-0.94999998807907,0.0,0.34999999403954,-1.00499999523163,0.0,7.29999971389771,12.4012203216553,1.20473229885101,-1.36282587051392,11.8785467147827,1.1577627658844,-1.02508449554443,"(11.87855, 1.157763, -1.025084)",truck body CS,16.0069580078125,0.1,12.4012203216553,1.20473229885101,-1.36282587051392,0.00073747700243,90.083440095379,0.0000012201708
1286,left road,1286,-0.90500003099442,0.0,7.29999971389771,-0.85000002384186,0.0,0.34999999403954,-0.90500003099442,0.0,7.29999971389771,12.4012203216553,1.20473229885101,-1.36282587051392,11.8822174072266,1.1577422618866,-1.02493596076965,"(11.88222, 1.157742, -1.024936)",truck body CS,15.9232978820801,0.1,12.4012203216553,1.20473229885101,-1.36282587051392,0.00073747700243,90.083440095379,0.0000012201708
1287,left road,1287,-0.80500000715256,0.0,7.29999971389771,-0.75,0.0,0.34999999403954,-0.80500000715256,0.0,7.29999971389771,12.4012203216553,1.20473229885101,-1.36282587051392,11.8857946395874,1.15771269798279,-1.02472329139709,"(11.88579, 1.157713, -1.024723)",truck body CS,15.8398294448853,0.1,12.4012203216553,1.20473229885101,-1.36282587051392,0.00073747700243,90.083440095379,0.0000012201708
1288,left road,1288,-0.7049999833107,0.0,7.29999971389771,-0.64999997615814,0.0,0.34999999403954,-0.7049999833107,0.0,7.29999971389771,12.4012203216553,1.20473229885101,-1.36282587051392,11.8899555206299,1.1577365398407,-1.02489471435547,"(11.88996, 1.157737, -1.024895)",truck body CS,15.756552696228,0.1,12.4012203216553,1.20473229885101,-1.36282587051392,0.00073747700243,90.083440095379,0.0000012201708
1289,left road,1289,-0.60500001907349,0.0,7.29999971389771,-0.55000001192093,0.0,0.34999999403954,-0.60500001907349,0.0,7.29999971389771,12.4012203216553,1.20473229885101,-1.36282587051392,11.8942861557007,1.15777635574341,-1.02518129348755,"(11.89429, 1.157776, -1.025181)",truck body CS,15.6734704971313,0.1,12.4012203216553,1.20473229885101,-1.36282587051392,0.00073747700243,90.083440095379,0.0000012201708
1290,left road,1290,-0.50499999523163,0.0,7.29999971389771,-0.44999998807907,0.0,0.34999999403954,-0.50499999523163,0.0,7.29999971389771,12.4012203216553,1.20473229885101,-1.36282587051392,12.3512697219849,1.20006954669952,-1.32929766178131,"(12.35127, 1.20007, -1.329298)",EyeArea,15.5905895233154,0.1,12.4012203216553,1.20473229885101,-1.36282587051392,0.00073747700243,90.083440095379,0.0000012201708
1291,left road,1291,-0.40500000119209,0.0,7.29999971389771,-0.34999999403954,0.0,0.34999999403954,-0.40500000119209,0.0,7.29999971389771,12.4012203216553,1.20473229885101,-1.36282587051392,12.3512697219849,1.20003318786621,-1.32903730869293,"(12.35127, 1.200033, -1.329037)",EyeArea,15.5079078674316,0.1,12.4012203216553,1.20473229885101,-1.36282587051392,0.00073747700243,90.083440095379,0.0000012201708
1292,left road,1292,-0.30500000715256,0.0,7.29999971389771,-0.25,0.0,0.34999999403954,-0.30500000715256,0.0,7.29999971389771,12.4012203216553,1.20473229885101,-1.36282587051392,12.3512697219849,1.19999623298645,-1.32877123355865,"(12.35127, 1.199996, -1.328771)",EyeArea,15.4254322052002,0.1,12.4012203216553,1.20473229885101,-1.36282587051392,0.00073747700243,90.083440095379,0.0000012201708
1293,left road,1293,-0.20500001311302,0.0,7.29999971389771,-0.15000000596046,0.0,0.34999999403954,-0.20500001311302,0.0,7.29999971389771,12.4012203216553,1.20473229885101,-1.36282587051392,12.3512706756592,1.19995868206024,-1.3285003900528,"(12.35127, 1.199959, -1.3285)",EyeArea,15.343165397644,0.1,12.4012203216553,1.20473229885101,-1.36282587051392,0.00073747700243,90.083440095379,0.0000012201708
1294,left road,1294,-0.10500000417233,0.0,7.29999971389771,-0.05000000074506,0.0,0.34999999403954,-0.10500000417233,0.0,7.29999971389771,12.4012203216553,1.20473229885101,-1.36282587051392,12.3512706756592,1.19992053508759,-1.32822668552399,"(12.35127, 1.199921, -1.328227)",EyeArea,15.2611093521118,0.1,12.4012203216553,1.20473229885101,-1.36282587051392,0.00073747700243,90.083440095379,0.0000012201708
1295,left road,1295,-0.00499999895692,0.0,7.29999971389771,0.05000000074506,0.0,0.34999999403954,-0.00499999895692,0.0,7.29999971389771,12.4012203216553,1.20473229885101,-1.36282587051392,12.3512716293335,1.19988191127777,-1.3279482126236,"(12.35127, 1.199882, -1.327948)",EyeArea,15.1792707443237,0.1,12.4012203216553,1.20473229885101,-1.36282587051392,0.00073747700243,90.083440095379,0.0000012201708
1296,left road,1296,0.09500000625849,0.0,7.29999971389771,0.15000000596046,0.0,0.34999999403954,0.09500000625849,0.0,7.29999971389771,12.4012203216553,1.20473229885101,-1.36282587051392,12.3512716293335,1.19984245300293,-1.32766497135162,"(12.35127, 1.199842, -1.327665)",EyeArea,15.0976486206055,0.1,12.4012203216553,1.20473229885101,-1.36282587051392,0.00073747700243,90.083440095379,0.0000012201708
1297,left road,1297,0.19499999284744,0.0,7.29999971389771,0.25,0.0,0.34999999403954,0.19499999284744,0.0,7.29999971389771,12.4012203216553,1.20473229885101,-1.36282587051392,12.3512725830078,1.19980239868164,-1.32737696170807,"(12.35127, 1.199802, -1.327377)",EyeArea,15.0162496566772,0.1,12.4012203216553,1.20473229885101,-1.36282587051392,0.00073747700243,90.083440095379,0.0000012201708
1298,left road,1298,0.29499998688698,0.0,7.29999971389771,0.34999999403954,0.0,0.34999999403954,0.29499998688698,0.0,7.29999971389771,12.4012203216553,1.20473229885101,-1.36282587051392,12.3512725830078,1.1997617483139,-1.32708513736725,"(12.35127, 1.199762, -1.327085)",EyeArea,14.9350757598877,0.1,12.4012203216553,1.20473229885101,-1.36282587051392,0.00073747700243,90.083440095379,0.0000012201708
1299,left road,1299,0.39499998092651,0.0,7.29999971389771,0.44999998807907,0.0,0.34999999403954,0.39499998092651,0.0,7.29999971389771,12.4012203216553,1.20473229885101,-1.36282587051392,12.3512735366821,1.19972038269043,-1.32678759098053,"(12.35127, 1.19972, -1.326788)",EyeArea,14.8541326522827,0.1,12.4012203216553,1.20473229885101,-1.36282587051392,0.00073747700243,90.083440095379,0.0000012201708
1300,left road,1300,0.49500000476837,0.0,7.29999971389771,0.55000001192093,0.0,0.34999999403954,0.49500000476837,0.0,7.29999971389771,12.4012203216553,1.20473229885101,-1.36282587051392,12.3512735366821,1.19967830181122,-1.32648527622223,"(12.35127, 1.199678, -1.326485)",EyeArea,14.7734231948853,0.1,12.4012203216553,1.20473229885101,-1.36282587051392,0.00073747700243,90.083440095379,0.0000012201708
1301,left road,1301,0.59499996900558,0.0,7.29999971389771,0.64999997615814,0.0,0.34999999403954,0.59499996900558,0.0,7.29999971389771,12.4012203216553,1.20473229885101,-1.36282587051392,12.3512735366821,1.19963562488556,-1.32617819309235,"(12.35127, 1.199636, -1.326178)",EyeArea,14.6929492950439,0.1,12.4012203216553,1.20473229885101,-1.36282587051392,0.00073747700243,90.083440095379,0.0000012201708
1302,left road,1302,0.69499999284744,0.0,7.29999971389771,0.75,0.0,0.34999999403954,0.69499999284744,0.0,7.29999971389771,12.4012203216553,1.20473229885101,-1.36282587051392,12.3512744903564,1.19959211349487,-1.32586443424225,"(12.35127, 1.199592, -1.325864)",EyeArea,14.612717628479,0.1,12.4012203216553,1.20473229885101,-1.36282587051392,0.00073747700243,90.083440095379,0.0000012201708
1303,left road,1303,0.7950000166893,0.0,7.29999971389771,0.85000002384186,0.0,0.34999999403954,0.7950000166893,0.0,7.29999971389771,12.4012203216553,1.20473229885101,-1.36282587051392,12.3512744903564,1.19954788684845,-1.32554686069489,"(12.35127, 1.199548, -1.325547)",EyeArea,14.5327320098877,0.1,12.4012203216553,1.20473229885101,-1.36282587051392,0.00073747700243,90.083440095379,0.0000012201708
1304,left road,1304,0.89499998092651,0.0,7.29999971389771,0.94999998807907,0.0,0.34999999403954,0.89499998092651,0.0,7.29999971389771,12.4012203216553,1.20473229885101,-1.36282587051392,12.3512754440308,1.199502825737,-1.32522261142731,"(12.35128, 1.199503, -1.325223)",EyeArea,14.4529943466187,0.1,12.4012203216553,1.20473229885101,-1.36282587051392,0.00073747700243,90.083440095379,0.0000012201708
1305,left road,1305,0.99499994516373,0.0,7.29999971389771,1.04999995231628,0.0,0.34999999403954,0.99499994516373,0.0,7.29999971389771,12.4012203216553,1.20473229885101,-1.36282587051392,12.3512754440308,1.19945704936981,-1.32489359378815,"(12.35128, 1.199457, -1.324894)",EyeArea,14.3735103607178,0.1,12.4012203216553,1.20473229885101,-1.36282587051392,0.00073747700243,90.083440095379,0.0000012201708
1306,left road,1306,1.09500002861023,0.0,7.29999971389771,1.14999997615814,0.0,0.34999999403954,1.09500002861023,0.0,7.29999971389771,12.4012203216553,1.20473229885101,-1.36282587051392,12.3512763977051,1.1994104385376,-1.32455885410309,"(12.35128, 1.19941, -1.324559)",EyeArea,14.2942838668823,0.1,12.4012203216553,1.20473229885101,-1.36282587051392,0.00073747700243,90.083440095379,0.0000012201708
1307,left road,1307,1.19500005245209,0.0,7.29999971389771,1.25,0.0,0.34999999403954,1.19500005245209,0.0,7.29999971389771,12.4012203216553,1.20473229885101,-1.36282587051392,12.3512763977051,1.19936299324036,-1.32421743869781,"(12.35128, 1.199363, -1.324217)",EyeArea,14.2153196334839,0.1,12.4012203216553,1.20473229885101,-1.36282587051392,0.00073747700243,90.083440095379,0.0000012201708
1308,left road,1308,1.29500007629395,0.0,7.29999971389771,1.35000002384186,0.0,0.34999999403954,1.29500007629395,0.0,7.29999971389771,12.4012203216553,1.20473229885101,-1.36282587051392,12.3512773513794,1.19931471347809,-1.32387030124664,"(12.35128, 1.199315, -1.32387)",EyeArea,14.1366214752197,0.1,12.4012203216553,1.20473229885101,-1.36282587051392,0.00073747700243,90.083440095379,0.0000012201708
1309,left road,1309,1.3950001001358,0.0,7.29999971389771,1.45000004768372,0.0,0.34999999403954,1.3950001001358,0.0,7.29999971389771,12.4012203216553,1.20473229885101,-1.36282587051392,12.3512773513794,1.19926559925079,-1.32351744174957,"(12.35128, 1.199266, -1.323517)",EyeArea,14.0581941604614,0.1,12.4012203216553,1.20473229885101,-1.36282587051392,0.00073747700243,90.083440095379,0.0000012201708
1310,left road,1310,1.49500000476837,0.0,7.29999971389771,1.54999995231628,0.0,0.34999999403954,1.49500000476837,0.0,7.29999971389771,12.4012203216553,1.20473229885101,-1.36282587051392,12.3512783050537,1.19921553134918,-1.32315695285797,"(12.35128, 1.199216, -1.323157)",EyeArea,13.9800415039063,0.1,12.4012203216553,1.20473229885101,-1.36282587051392,0.00073747700243,90.083440095379,0.0000012201708
1311,left road,1311,1.59500002861023,0.0,7.29999971389771,1.64999997615814,0.0,0.34999999403954,1.59500002861023,0.0,7.29999971389771,12.4012203216553,1.20473229885101,-1.36282587051392,12.351279258728,1.19916450977325,-1.32278978824615,"(12.35128, 1.199165, -1.32279)",EyeArea,13.9021701812744,0.1,12.4012203216553,1.20473229885101,-1.36282587051392,0.00073747700243,90.083440095379,0.0000012201708
1312,left road,1312,1.69500005245209,0.0,7.29999971389771,1.75,0.0,0.34999999403954,1.69500005245209,0.0,7.29999971389771,12.4012203216553,1.20473229885101,-1.36282587051392,12.351279258728,1.19911253452301,-1.32241690158844,"(12.35128, 1.199113, -1.322417)",EyeArea,13.8245820999146,0.1,12.4012203216553,1.20473229885101,-1.36282587051392,0.00073747700243,90.083440095379,0.0000012201708
1313,left road,1313,1.79500007629395,0.0,7.29999971389771,1.85000002384186,0.0,0.34999999403954,1.79500007629395,0.0,7.29999971389771,12.4012203216553,1.20473229885101,-1.36282587051392,12.3512802124023,1.19905960559845,-1.32203638553619,"(12.35128, 1.19906, -1.322036)",EyeArea,13.7472839355469,0.1,12.4012203216553,1.20473229885101,-1.36282587051392,0.00073747700243,90.083440095379,0.0000012201708
1314,left road,1314,1.8950001001358,0.0,7.29999971389771,1.95000004768372,0.0,0.34999999403954,1.8950001001358,0.0,7.29999971389771,12.4012203216553,1.20473229885101,-1.36282587051392,12.3512802124023,1.19900572299957,-1.32164824008942,"(12.35128, 1.199006, -1.321648)",EyeArea,13.6702814102173,0.1,12.4012203216553,1.20473229885101,-1.36282587051392,0.00073747700243,90.083440095379,0.0000012201708
1315,left road,1315,1.99500000476837,0.0,7.29999971389771,2.04999995231628,0.0,0.34999999403954,1.99500000476837,0.0,7.29999971389771,12.4012203216553,1.20473229885101,-1.36282587051392,12.3512811660767,1.19895076751709,-1.32125341892242,"(12.35128, 1.198951, -1.321253)",EyeArea,13.5935773849487,0.1,12.4012203216553,1.20473229885101,-1.36282587051392,0.00073747700243,90.083440095379,0.0000012201708
1316,left road,1316,2.09500002861023,0.0,7.29999971389771,2.15000009536743,0.0,0.34999999403954,2.09500002861023,0.0,7.29999971389771,12.4012203216553,1.20473229885101,-1.36282587051392,12.351282119751,1.198894739151,-1.32085013389587,"(12.35128, 1.198895, -1.32085)",EyeArea,13.5171775817871,0.1,12.4012203216553,1.20473229885101,-1.36282587051392,0.00073747700243,90.083440095379,0.0000012201708
1317,left road,1317,2.1949999332428,0.0,7.29999971389771,2.25,0.0,0.34999999403954,2.1949999332428,0.0,7.29999971389771,12.4012203216553,1.20473229885101,-1.36282587051392,12.351282119751,1.19883763790131,-1.32044005393982,"(12.35128, 1.198838, -1.32044)",EyeArea,13.4410886764526,0.1,12.4012203216553,1.20473229885101,-1.36282587051392,0.00073747700243,90.083440095379,0.0000012201708
1318,left road,1318,2.29499983787537,0.0,7.29999971389771,2.34999990463257,0.0,0.34999999403954,2.29499983787537,0.0,7.29999971389771,12.4012203216553,1.20473229885101,-1.36282587051392,12.3512830734253,1.19877934455872,-1.3200204372406,"(12.35128, 1.198779, -1.32002)",EyeArea,13.3653144836426,0.1,12.4012203216553,1.20473229885101,-1.36282587051392,0.00073747700243,90.083440095379,0.0000012201708
1319,left road,1319,2.39499998092651,0.0,7.29999971389771,2.45000004768372,0.0,0.34999999403954,2.39499998092651,0.0,7.29999971389771,12.4012203216553,1.20473229885101,-1.36282587051392,12.3512830734253,1.19871997833252,-1.31959319114685,"(12.35128, 1.19872, -1.319593)",EyeArea,13.2898597717285,0.1,12.4012203216553,1.20473229885101,-1.36282587051392,0.00073747700243,90.083440095379,0.0000012201708
1320,left road,1320,2.49499988555908,0.0,7.29999971389771,2.54999995231628,0.0,0.34999999403954,2.49499988555908,0.0,7.29999971389771,12.4012203216553,1.20473229885101,-1.36282587051392,12.3512840270996,1.19865930080414,-1.31915736198425,"(12.35128, 1.198659, -1.319157)",EyeArea,13.2147312164307,0.1,12.4012203216553,1.20473229885101,-1.36282587051392,0.00073747700243,90.083440095379,0.0000012201708
1321,left road,1321,2.59500002861023,0.0,7.29999971389771,2.65000009536743,0.0,0.34999999403954,2.59500002861023,0.0,7.29999971389771,12.4012203216553,1.20473229885101,-1.36282587051392,11.8504219055176,1.1370644569397,-0.87624990940094,"(11.85042, 1.137064, -0.87625)",truck body CS,13.1399345397949,0.1,12.4012203216553,1.20473229885101,-1.36282587051392,0.00073747700243,90.083440095379,0.0000012201708
1322,left road,1322,2.6949999332428,0.0,7.29999971389771,2.75,0.0,0.34999999403954,2.6949999332428,0.0,7.29999971389771,12.4012203216553,1.20473229885101,-1.36282587051392,11.849063873291,1.13619875907898,-0.87002390623093,"(11.84906, 1.136199, -0.870024)",truck body CS,13.0654745101929,0.1,12.4012203216553,1.20473229885101,-1.36282587051392,0.00073747700243,90.083440095379,0.0000012201708
1323,left road,1323,2.79499983787537,0.0,7.29999971389771,2.84999990463257,0.0,0.34999999403954,2.79499983787537,0.0,7.29999971389771,12.4012203216553,1.20473229885101,-1.36282587051392,11.8477592468262,1.13532161712646,-0.86371749639511,"(11.84776, 1.135322, -0.863717)",truck body CS,12.991358757019,0.1,12.4012203216553,1.20473229885101,-1.36282587051392,0.00073747700243,90.083440095379,0.0000012201708
1324,left road,1324,2.89499998092651,0.0,7.29999971389771,2.95000004768372,0.0,0.34999999403954,2.89499998092651,0.0,7.29999971389771,12.4012203216553,1.20473229885101,-1.36282587051392,11.8478574752808,1.13460397720337,-0.85855740308762,"(11.84786, 1.134604, -0.858557)",truck body CS,12.9175901412964,0.1,12.4012203216553,1.20473229885101,-1.36282587051392,0.00073747700243,90.083440095379,0.0000012201708
1325,left road,1325,2.99499988555908,0.0,7.29999971389771,3.04999995231628,0.0,0.34999999403954,2.99499988555908,0.0,7.29999971389771,12.4012203216553,1.20473229885101,-1.36282587051392,11.847954750061,1.13387084007263,-0.85328447818756,"(11.84795, 1.133871, -0.853284)",truck body CS,12.8441772460938,0.1,12.4012203216553,1.20473229885101,-1.36282587051392,0.00073747700243,90.083440095379,0.0000012201708
1326,left road,1326,3.09500002861023,0.0,7.29999971389771,3.15000009536743,0.0,0.34999999403954,3.09500002861023,0.0,7.29999971389771,12.4012203216553,1.20473229885101,-1.36282587051392,11.8480529785156,1.13312220573425,-0.84790229797363,"(11.84805, 1.133122, -0.847902)",truck body CS,12.771125793457,0.1,12.4012203216553,1.20473229885101,-1.36282587051392,0.00073747700243,90.083440095379,0.0000012201708
1327,left road,1327,3.1949999332428,0.0,7.29999971389771,3.25,0.0,0.34999999403954,3.1949999332428,0.0,7.29999971389771,12.4012203216553,1.20473229885101,-1.36282587051392,11.8481569290161,1.13235795497894,-0.84240597486496,"(11.84816, 1.132358, -0.842406)",truck body CS,12.6984415054321,0.1,12.4012203216553,1.20473229885101,-1.36282587051392,0.00073747700243,90.083440095379,0.0000012201708
1328,left road,1328,3.29499983787537,0.0,7.29999971389771,3.34999990463257,0.0,0.34999999403954,3.29499983787537,0.0,7.29999971389771,12.4012203216553,1.20473229885101,-1.36282587051392,11.8482599258423,1.13157677650452,-0.83678936958313,"(11.84826, 1.131577, -0.836789)",truck body CS,12.6261310577393,0.1,12.4012203216553,1.20473229885101,-1.36282587051392,0.00073747700243,90.083440095379,0.0000012201708
1329,left road,1329,3.39499998092651,0.0,7.29999971389771,3.45000004768372,0.0,0.34999999403954,3.39499998092651,0.0,7.29999971389771,12.4012203216553,1.20473229885101,-1.36282587051392,11.8483657836914,1.13077867031097,-0.83105081319809,"(11.84837, 1.130779, -0.831051)",truck body CS,12.55419921875,0.1,12.4012203216553,1.20473229885101,-1.36282587051392,0.00073747700243,90.083440095379,0.0000012201708
1330,left road,1330,-3.50500011444092,0.0,7.39999961853027,-3.45000004768372,0.0,0.44999998807907,-3.50500011444092,0.0,7.39999961853027,12.4012203216553,1.20473229885101,-1.36282587051392,11.7791633605957,1.15761780738831,-1.02013039588928,"(11.77916, 1.157618, -1.02013)",truck body CS,18.200174331665,0.1,12.4012203216553,1.20473229885101,-1.36282587051392,0.00073747700243,90.083440095379,0.0000012201708
1331,left road,1331,-3.40499997138977,0.0,7.39999961853027,-3.34999990463257,0.0,0.44999998807907,-3.40499997138977,0.0,7.39999961853027,12.4012203216553,1.20473229885101,-1.36282587051392,11.7812662124634,1.15748012065887,-1.01912832260132,"(11.78127, 1.15748, -1.019128)",truck body CS,18.1128425598145,0.1,12.4012203216553,1.20473229885101,-1.36282587051392,0.00073747700243,90.083440095379,0.0000012201708
1332,left road,1332,-3.3050000667572,0.0,7.39999961853027,-3.25,0.0,0.44999998807907,-3.3050000667572,0.0,7.39999961853027,12.4012203216553,1.20473229885101,-1.36282587051392,11.7833843231201,1.15734159946442,-1.01812136173248,"(11.78338, 1.157342, -1.018121)",truck body CS,18.0256443023682,0.1,12.4012203216553,1.20473229885101,-1.36282587051392,0.00073747700243,90.083440095379,0.0000012201708
1333,left road,1333,-3.20500016212463,0.0,7.39999961853027,-3.15000009536743,0.0,0.44999998807907,-3.20500016212463,0.0,7.39999961853027,12.4012203216553,1.20473229885101,-1.36282587051392,11.7855100631714,1.15720200538635,-1.0171058177948,"(11.78551, 1.157202, -1.017106)",truck body CS,17.9385795593262,0.1,12.4012203216553,1.20473229885101,-1.36282587051392,0.00073747700243,90.083440095379,0.0000012201708
1334,left road,1334,-3.10500001907349,0.0,7.39999961853027,-3.04999995231628,0.0,0.44999998807907,-3.10500001907349,0.0,7.39999961853027,12.4012203216553,1.20473229885101,-1.36282587051392,11.7887153625488,1.15714454650879,-1.01668810844421,"(11.78872, 1.157145, -1.016688)",truck body CS,17.8516483306885,0.1,12.4012203216553,1.20473229885101,-1.36282587051392,0.00073747700243,90.083440095379,0.0000012201708
1335,left road,1335,-3.00500011444092,0.0,7.39999961853027,-2.95000004768372,0.0,0.44999998807907,-3.00500011444092,0.0,7.39999961853027,12.4012203216553,1.20473229885101,-1.36282587051392,11.7919435501099,1.15708816051483,-1.01627779006958,"(11.79194, 1.157088, -1.016278)",truck body CS,17.764856338501,0.1,12.4012203216553,1.20473229885101,-1.36282587051392,0.00073747700243,90.083440095379,0.0000012201708
1336,left road,1336,-2.90499997138977,0.0,7.39999961853027,-2.84999990463257,0.0,0.44999998807907,-2.90499997138977,0.0,7.39999961853027,12.4012203216553,1.20473229885101,-1.36282587051392,11.7951955795288,1.15703296661377,-1.01587545871735,"(11.7952, 1.157033, -1.015875)",truck body CS,17.6782035827637,0.1,12.4012203216553,1.20473229885101,-1.36282587051392,0.00073747700243,90.083440095379,0.0000012201708
1337,left road,1337,-2.8050000667572,0.0,7.39999961853027,-2.75,0.0,0.44999998807907,-2.8050000667572,0.0,7.39999961853027,12.4012203216553,1.20473229885101,-1.36282587051392,11.7988042831421,1.15700507164001,-1.01567316055298,"(11.7988, 1.157005, -1.015673)",truck body CS,17.5916919708252,0.1,12.4012203216553,1.20473229885101,-1.36282587051392,0.00073747700243,90.083440095379,0.0000012201708
1338,left road,1338,-2.70500016212463,0.0,7.39999961853027,-2.65000009536743,0.0,0.44999998807907,-2.70500016212463,0.0,7.39999961853027,12.4012203216553,1.20473229885101,-1.36282587051392,11.8024473190308,1.15697956085205,-1.0154881477356,"(11.80245, 1.15698, -1.015488)",truck body CS,17.5053234100342,0.1,12.4012203216553,1.20473229885101,-1.36282587051392,0.00073747700243,90.083440095379,0.0000012201708
1339,left road,1339,-2.60500001907349,0.0,7.39999961853027,-2.54999995231628,0.0,0.44999998807907,-2.60500001907349,0.0,7.39999961853027,12.4012203216553,1.20473229885101,-1.36282587051392,11.806097984314,1.15695452690125,-1.015305519104,"(11.8061, 1.156955, -1.015306)",truck body CS,17.4191017150879,0.1,12.4012203216553,1.20473229885101,-1.36282587051392,0.00073747700243,90.083440095379,0.0000012201708
1340,left road,1340,-2.50500011444092,0.0,7.39999961853027,-2.45000004768372,0.0,0.44999998807907,-2.50500011444092,0.0,7.39999961853027,12.4012203216553,1.20473229885101,-1.36282587051392,11.8097515106201,1.15692925453186,-1.01512217521667,"(11.80975, 1.156929, -1.015122)",truck body CS,17.333028793335,0.1,12.4012203216553,1.20473229885101,-1.36282587051392,0.00073747700243,90.083440095379,0.0000012201708
1341,left road,1341,-2.40499997138977,0.0,7.39999961853027,-2.34999990463257,0.0,0.44999998807907,-2.40499997138977,0.0,7.39999961853027,12.4012203216553,1.20473229885101,-1.36282587051392,11.8134050369263,1.1569037437439,-1.01493644714355,"(11.81341, 1.156904, -1.014936)",truck body CS,17.2471046447754,0.1,12.4012203216553,1.20473229885101,-1.36282587051392,0.00073747700243,90.083440095379,0.0000012201708
1342,left road,1342,-2.3050000667572,0.0,7.39999961853027,-2.25,0.0,0.44999998807907,-2.3050000667572,0.0,7.39999961853027,12.4012203216553,1.20473229885101,-1.36282587051392,11.8170690536499,1.15687870979309,-1.0147533416748,"(11.81707, 1.156879, -1.014753)",truck body CS,17.1613349914551,0.1,12.4012203216553,1.20473229885101,-1.36282587051392,0.00073747700243,90.083440095379,0.0000012201708
1343,left road,1343,-2.20500016212463,0.0,7.39999961853027,-2.15000009536743,0.0,0.44999998807907,-2.20500016212463,0.0,7.39999961853027,12.4012203216553,1.20473229885101,-1.36282587051392,11.8208208084106,1.1568603515625,-1.01462137699127,"(11.82082, 1.15686, -1.014621)",truck body CS,17.0757179260254,0.1,12.4012203216553,1.20473229885101,-1.36282587051392,0.00073747700243,90.083440095379,0.0000012201708
1344,left road,1344,-2.10500001907349,0.0,7.39999961853027,-2.04999995231628,0.0,0.44999998807907,-2.10500001907349,0.0,7.39999961853027,12.4012203216553,1.20473229885101,-1.36282587051392,11.8253173828125,1.1569037437439,-1.01493668556213,"(11.82532, 1.156904, -1.014937)",truck body CS,16.9902591705322,0.1,12.4012203216553,1.20473229885101,-1.36282587051392,0.00073747700243,90.083440095379,0.0000012201708
1345,left road,1345,-2.00500011444092,0.0,7.39999961853027,-1.95000004768372,0.0,0.44999998807907,-2.00500011444092,0.0,7.39999961853027,12.4012203216553,1.20473229885101,-1.36282587051392,11.8263025283813,1.15665423870087,-1.01312124729156,"(11.8263, 1.156654, -1.013121)",truck body CS,16.9049606323242,0.1,12.4012203216553,1.20473229885101,-1.36282587051392,0.00073747700243,90.083440095379,0.0000012201708
1346,left road,1346,-1.90499997138977,0.0,7.39999961853027,-1.85000002384186,0.0,0.44999998807907,-1.90499997138977,0.0,7.39999961853027,12.4012203216553,1.20473229885101,-1.36282587051392,11.8278131484985,1.15644550323486,-1.01160311698914,"(11.82781, 1.156446, -1.011603)",truck body CS,16.8198223114014,0.1,12.4012203216553,1.20473229885101,-1.36282587051392,0.00073747700243,90.083440095379,0.0000012201708
1347,left road,1347,-1.80499994754791,0.0,7.39999961853027,-1.75,0.0,0.44999998807907,-1.80499994754791,0.0,7.39999961853027,12.4012203216553,1.20473229885101,-1.36282587051392,11.8304138183594,1.15632605552673,-1.0107342004776,"(11.83041, 1.156326, -1.010734)",truck body CS,16.7348499298096,0.1,12.4012203216553,1.20473229885101,-1.36282587051392,0.00073747700243,90.083440095379,0.0000012201708
1348,left road,1348,-1.70499992370605,0.0,7.39999961853027,-1.64999997615814,0.0,0.44999998807907,-1.70499992370605,0.0,7.39999961853027,12.4012203216553,1.20473229885101,-1.36282587051392,11.8347826004028,1.15635597705841,-1.01095235347748,"(11.83478, 1.156356, -1.010952)",truck body CS,16.6500434875488,0.1,12.4012203216553,1.20473229885101,-1.36282587051392,0.00073747700243,90.083440095379,0.0000012201708
1349,left road,1349,-1.6049998998642,0.0,7.39999961853027,-1.54999995231628,0.0,0.44999998807907,-1.6049998998642,0.0,7.39999961853027,12.4012203216553,1.20473229885101,-1.36282587051392,11.8391132354736,1.15638315677643,-1.01114964485168,"(11.83911, 1.156383, -1.01115)",truck body CS,16.5654067993164,0.1,12.4012203216553,1.20473229885101,-1.36282587051392,0.00073747700243,90.083440095379,0.0000012201708
1350,left road,1350,-1.50499999523163,0.0,7.39999961853027,-1.45000004768372,0.0,0.44999998807907,-1.50499999523163,0.0,7.39999961853027,12.4012203216553,1.20473229885101,-1.36282587051392,11.8434209823608,1.1564085483551,-1.01133477687836,"(11.84342, 1.156409, -1.011335)",truck body CS,16.4809417724609,0.1,12.4012203216553,1.20473229885101,-1.36282587051392,0.00073747700243,90.083440095379,0.0000012201708
1351,left road,1351,-1.40499997138977,0.0,7.39999961853027,-1.35000002384186,0.0,0.44999998807907,-1.40499997138977,0.0,7.39999961853027,12.4012203216553,1.20473229885101,-1.36282587051392,11.8477687835693,1.15643799304962,-1.01154863834381,"(11.84777, 1.156438, -1.011549)",truck body CS,16.3966522216797,0.1,12.4012203216553,1.20473229885101,-1.36282587051392,0.00073747700243,90.083440095379,0.0000012201708
1352,left road,1352,-1.30499994754791,0.0,7.39999961853027,-1.25,0.0,0.44999998807907,-1.30499994754791,0.0,7.39999961853027,12.4012203216553,1.20473229885101,-1.36282587051392,11.8737058639526,1.15836548805237,-1.02556800842285,"(11.87371, 1.158365, -1.025568)",truck body CS,16.3125400543213,0.1,12.4012203216553,1.20473229885101,-1.36282587051392,0.00073747700243,90.083440095379,0.0000012201708
1353,left road,1353,-1.20499992370605,0.0,7.39999961853027,-1.14999997615814,0.0,0.44999998807907,-1.20499992370605,0.0,7.39999961853027,12.4012203216553,1.20473229885101,-1.36282587051392,11.8773231506348,1.15834486484528,-1.02541828155518,"(11.87732, 1.158345, -1.025418)",truck body CS,16.2286071777344,0.1,12.4012203216553,1.20473229885101,-1.36282587051392,0.00073747700243,90.083440095379,0.0000012201708
1354,left road,1354,-1.1049998998642,0.0,7.39999961853027,-1.04999995231628,0.0,0.44999998807907,-1.1049998998642,0.0,7.39999961853027,12.4012203216553,1.20473229885101,-1.36282587051392,11.8809518814087,1.1583251953125,-1.02527523040771,"(11.88095, 1.158325, -1.025275)",truck body CS,16.1448593139648,0.1,12.4012203216553,1.20473229885101,-1.36282587051392,0.00073747700243,90.083440095379,0.0000012201708
1355,left road,1355,-1.00499999523163,0.0,7.39999961853027,-0.94999998807907,0.0,0.44999998807907,-1.00499999523163,0.0,7.39999961853027,12.4012203216553,1.20473229885101,-1.36282587051392,11.8845348358154,1.15830087661743,-1.02509927749634,"(11.88453, 1.158301, -1.025099)",truck body CS,16.0612964630127,0.1,12.4012203216553,1.20473229885101,-1.36282587051392,0.00073747700243,90.083440095379,0.0000012201708
1356,left road,1356,-0.90500003099442,0.0,7.39999961853027,-0.85000002384186,0.0,0.44999998807907,-0.90500003099442,0.0,7.39999961853027,12.4012203216553,1.20473229885101,-1.36282587051392,11.8881988525391,1.15828371047974,-1.02497398853302,"(11.8882, 1.158284, -1.024974)",truck body CS,15.9779214859009,0.1,12.4012203216553,1.20473229885101,-1.36282587051392,0.00073747700243,90.083440095379,0.0000012201708
1357,left road,1357,-0.80500000715256,0.0,7.39999961853027,-0.75,0.0,0.44999998807907,-0.80500000715256,0.0,7.39999961853027,12.4012203216553,1.20473229885101,-1.36282587051392,11.8924655914307,1.15832138061523,-1.02524757385254,"(11.89247, 1.158321, -1.025248)",truck body CS,15.8947401046753,0.1,12.4012203216553,1.20473229885101,-1.36282587051392,0.00073747700243,90.083440095379,0.0000012201708
1358,left road,1358,-0.7049999833107,0.0,7.39999961853027,-0.64999997615814,0.0,0.44999998807907,-0.7049999833107,0.0,7.39999961853027,12.4012203216553,1.20473229885101,-1.36282587051392,12.3512687683105,1.20014071464539,-1.32942736148834,"(12.35127, 1.200141, -1.329427)",EyeArea,15.8117523193359,0.1,12.4012203216553,1.20473229885101,-1.36282587051392,0.00073747700243,90.083440095379,0.0000012201708
1359,left road,1359,-0.60500001907349,0.0,7.39999961853027,-0.55000001192093,0.0,0.44999998807907,-0.60500001907349,0.0,7.39999961853027,12.4012203216553,1.20473229885101,-1.36282587051392,12.3512697219849,1.20010542869568,-1.32917177677155,"(12.35127, 1.200105, -1.329172)",EyeArea,15.7289619445801,0.1,12.4012203216553,1.20473229885101,-1.36282587051392,0.00073747700243,90.083440095379,0.0000012201708
1360,left road,1360,-0.50499999523163,0.0,7.39999961853027,-0.44999998807907,0.0,0.44999998807907,-0.50499999523163,0.0,7.39999961853027,12.4012203216553,1.20473229885101,-1.36282587051392,12.3512697219849,1.20006966590881,-1.32891047000885,"(12.35127, 1.20007, -1.32891)",EyeArea,15.6463737487793,0.1,12.4012203216553,1.20473229885101,-1.36282587051392,0.00073747700243,90.083440095379,0.0000012201708
1361,left road,1361,-0.40500000119209,0.0,7.39999961853027,-0.34999999403954,0.0,0.44999998807907,-0.40500000119209,0.0,7.39999961853027,12.4012203216553,1.20473229885101,-1.36282587051392,12.3512706756592,1.20003318786621,-1.32864630222321,"(12.35127, 1.200033, -1.328646)",EyeArea,15.5639896392822,0.1,12.4012203216553,1.20473229885101,-1.36282587051392,0.00073747700243,90.083440095379,0.0000012201708
1362,left road,1362,-0.30500000715256,0.0,7.39999961853027,-0.25,0.0,0.44999998807907,-0.30500000715256,0.0,7.39999961853027,12.4012203216553,1.20473229885101,-1.36282587051392,12.3512706756592,1.19999635219574,-1.3283783197403,"(12.35127, 1.199996, -1.328378)",EyeArea,15.4818124771118,0.1,12.4012203216553,1.20473229885101,-1.36282587051392,0.00073747700243,90.083440095379,0.0000012201708
1363,left road,1363,-0.20500001311302,0.0,7.39999961853027,-0.15000000596046,0.0,0.44999998807907,-0.20500001311302,0.0,7.39999961853027,12.4012203216553,1.20473229885101,-1.36282587051392,12.3512706756592,1.19995880126953,-1.32810461521149,"(12.35127, 1.199959, -1.328105)",EyeArea,15.3998460769653,0.1,12.4012203216553,1.20473229885101,-1.36282587051392,0.00073747700243,90.083440095379,0.0000012201708
1364,left road,1364,-0.10500000417233,0.0,7.39999961853027,-0.05000000074506,0.0,0.44999998807907,-0.10500000417233,0.0,7.39999961853027,12.4012203216553,1.20473229885101,-1.36282587051392,12.3512716293335,1.19992065429688,-1.32782709598541,"(12.35127, 1.199921, -1.327827)",EyeArea,15.31809425354,0.1,12.4012203216553,1.20473229885101,-1.36282587051392,0.00073747700243,90.083440095379,0.0000012201708
1365,left road,1365,-0.00499999895692,0.0,7.39999961853027,0.05000000074506,0.0,0.44999998807907,-0.00499999895692,0.0,7.39999961853027,12.4012203216553,1.20473229885101,-1.36282587051392,12.3512716293335,1.19988191127777,-1.32754671573639,"(12.35127, 1.199882, -1.327547)",EyeArea,15.2365617752075,0.1,12.4012203216553,1.20473229885101,-1.36282587051392,0.00073747700243,90.083440095379,0.0000012201708
1366,left road,1366,0.09500000625849,0.0,7.39999961853027,0.15000000596046,0.0,0.44999998807907,0.09500000625849,0.0,7.39999961853027,12.4012203216553,1.20473229885101,-1.36282587051392,12.3512725830078,1.19984245300293,-1.32725870609283,"(12.35127, 1.199842, -1.327259)",EyeArea,15.1552486419678,0.1,12.4012203216553,1.20473229885101,-1.36282587051392,0.00073747700243,90.083440095379,0.0000012201708
1367,left road,1367,0.19499999284744,0.0,7.39999961853027,0.25,0.0,0.44999998807907,0.19499999284744,0.0,7.39999961853027,12.4012203216553,1.20473229885101,-1.36282587051392,12.3512725830078,1.19980251789093,-1.32696878910065,"(12.35127, 1.199803, -1.326969)",EyeArea,15.0741605758667,0.1,12.4012203216553,1.20473229885101,-1.36282587051392,0.00073747700243,90.083440095379,0.0000012201708
1368,left road,1368,0.29499998688698,0.0,7.39999961853027,0.34999999403954,0.0,0.44999998807907,0.29499998688698,0.0,7.39999961853027,12.4012203216553,1.20473229885101,-1.36282587051392,12.3512735366821,1.19976186752319,-1.32667315006256,"(12.35127, 1.199762, -1.326673)",EyeArea,14.9932994842529,0.1,12.4012203216553,1.20473229885101,-1.36282587051392,0.00073747700243,90.083440095379,0.0000012201708
1369,left road,1369,0.39499998092651,0.0,7.39999961853027,0.44999998807907,0.0,0.44999998807907,0.39499998092651,0.0,7.39999961853027,12.4012203216553,1.20473229885101,-1.36282587051392,12.3512735366821,1.19972050189972,-1.32637083530426,"(12.35127, 1.199721, -1.326371)",EyeArea,14.912672996521,0.1,12.4012203216553,1.20473229885101,-1.36282587051392,0.00073747700243,90.083440095379,0.0000012201708
1370,left road,1370,0.49500000476837,0.0,7.39999961853027,0.55000001192093,0.0,0.44999998807907,0.49500000476837,0.0,7.39999961853027,12.4012203216553,1.20473229885101,-1.36282587051392,12.3512744903564,1.19967842102051,-1.32606565952301,"(12.35127, 1.199678, -1.326066)",EyeArea,14.8322820663452,0.1,12.4012203216553,1.20473229885101,-1.36282587051392,0.00073747700243,90.083440095379,0.0000012201708
1371,left road,1371,0.59499996900558,0.0,7.39999961853027,0.64999997615814,0.0,0.44999998807907,0.59499996900558,0.0,7.39999961853027,12.4012203216553,1.20473229885101,-1.36282587051392,12.3512744903564,1.19963574409485,-1.32575571537018,"(12.35127, 1.199636, -1.325756)",EyeArea,14.7521286010742,0.1,12.4012203216553,1.20473229885101,-1.36282587051392,0.00073747700243,90.083440095379,0.0000012201708
1372,left road,1372,0.69499999284744,0.0,7.39999961853027,0.75,0.0,0.44999998807907,0.69499999284744,0.0,7.39999961853027,12.4012203216553,1.20473229885101,-1.36282587051392,12.3512754440308,1.19959223270416,-1.32543814182281,"(12.35128, 1.199592, -1.325438)",EyeArea,14.6722211837769,0.1,12.4012203216553,1.20473229885101,-1.36282587051392,0.00073747700243,90.083440095379,0.0000012201708
1373,left road,1373,0.7950000166893,0.0,7.39999961853027,0.85000002384186,0.0,0.44999998807907,0.7950000166893,0.0,7.39999961853027,12.4012203216553,1.20473229885101,-1.36282587051392,12.3512754440308,1.19954800605774,-1.32511675357819,"(12.35128, 1.199548, -1.325117)",EyeArea,14.5925607681274,0.1,12.4012203216553,1.20473229885101,-1.36282587051392,0.00073747700243,90.083440095379,0.0000012201708
1374,left road,1374,0.89499998092651,0.0,7.39999961853027,0.94999998807907,0.0,0.44999998807907,0.89499998092651,0.0,7.39999961853027,12.4012203216553,1.20473229885101,-1.36282587051392,12.3512763977051,1.19950294494629,-1.32478964328766,"(12.35128, 1.199503, -1.32479)",EyeArea,14.5131521224976,0.1,12.4012203216553,1.20473229885101,-1.36282587051392,0.00073747700243,90.083440095379,0.0000012201708
1375,left road,1375,0.99499994516373,0.0,7.39999961853027,1.04999995231628,0.0,0.44999998807907,0.99499994516373,0.0,7.39999961853027,12.4012203216553,1.20473229885101,-1.36282587051392,12.3512763977051,1.1994571685791,-1.3244549036026,"(12.35128, 1.199457, -1.324455)",EyeArea,14.4340000152588,0.1,12.4012203216553,1.20473229885101,-1.36282587051392,0.00073747700243,90.083440095379,0.0000012201708
1376,left road,1376,1.09500002861023,0.0,7.39999961853027,1.14999997615814,0.0,0.44999998807907,1.09500002861023,0.0,7.39999961853027,12.4012203216553,1.20473229885101,-1.36282587051392,12.3512773513794,1.19941055774689,-1.32411730289459,"(12.35128, 1.199411, -1.324117)",EyeArea,14.3551063537598,0.1,12.4012203216553,1.20473229885101,-1.36282587051392,0.00073747700243,90.083440095379,0.0000012201708
1377,left road,1377,1.19500005245209,0.0,7.39999961853027,1.25,0.0,0.44999998807907,1.19500005245209,0.0,7.39999961853027,12.4012203216553,1.20473229885101,-1.36282587051392,12.3512773513794,1.19936311244965,-1.32377207279205,"(12.35128, 1.199363, -1.323772)",EyeArea,14.2764797210693,0.1,12.4012203216553,1.20473229885101,-1.36282587051392,0.00073747700243,90.083440095379,0.0000012201708
1378,left road,1378,1.29500007629395,0.0,7.39999961853027,1.35000002384186,0.0,0.44999998807907,1.29500007629395,0.0,7.39999961853027,12.4012203216553,1.20473229885101,-1.36282587051392,12.3512783050537,1.19931483268738,-1.3234201669693,"(12.35128, 1.199315, -1.32342)",EyeArea,14.1981201171875,0.1,12.4012203216553,1.20473229885101,-1.36282587051392,0.00073747700243,90.083440095379,0.0000012201708
1379,left road,1379,1.3950001001358,0.0,7.39999961853027,1.45000004768372,0.0,0.44999998807907,1.3950001001358,0.0,7.39999961853027,12.4012203216553,1.20473229885101,-1.36282587051392,12.3512783050537,1.19926571846008,-1.32306349277496,"(12.35128, 1.199266, -1.323063)",EyeArea,14.1200342178345,0.1,12.4012203216553,1.20473229885101,-1.36282587051392,0.00073747700243,90.083440095379,0.0000012201708
1380,left road,1380,1.49500000476837,0.0,7.39999961853027,1.54999995231628,0.0,0.44999998807907,1.49500000476837,0.0,7.39999961853027,12.4012203216553,1.20473229885101,-1.36282587051392,12.351279258728,1.19921553134918,-1.32269823551178,"(12.35128, 1.199216, -1.322698)",EyeArea,14.0422258377075,0.1,12.4012203216553,1.20473229885101,-1.36282587051392,0.00073747700243,90.083440095379,0.0000012201708
1381,left road,1381,1.59500002861023,0.0,7.39999961853027,1.64999997615814,0.0,0.44999998807907,1.59500002861023,0.0,7.39999961853027,12.4012203216553,1.20473229885101,-1.36282587051392,12.351279258728,1.19916462898254,-1.3223272562027,"(12.35128, 1.199165, -1.322327)",EyeArea,13.9647006988525,0.1,12.4012203216553,1.20473229885101,-1.36282587051392,0.00073747700243,90.083440095379,0.0000012201708
1382,left road,1382,1.69500005245209,0.0,7.39999961853027,1.75,0.0,0.44999998807907,1.69500005245209,0.0,7.39999961853027,12.4012203216553,1.20473229885101,-1.36282587051392,12.3512802124023,1.1991126537323,-1.32195055484772,"(12.35128, 1.199113, -1.321951)",EyeArea,13.8874635696411,0.1,12.4012203216553,1.20473229885101,-1.36282587051392,0.00073747700243,90.083440095379,0.0000012201708
1383,left road,1383,1.79500007629395,0.0,7.39999961853027,1.85000002384186,0.0,0.44999998807907,1.79500007629395,0.0,7.39999961853027,12.4012203216553,1.20473229885101,-1.36282587051392,12.3512802124023,1.19905972480774,-1.32156527042389,"(12.35128, 1.19906, -1.321565)",EyeArea,13.8105173110962,0.1,12.4012203216553,1.20473229885101,-1.36282587051392,0.00073747700243,90.083440095379,0.0000012201708
1384,left road,1384,1.8950001001358,0.0,7.39999961853027,1.95000004768372,0.0,0.44999998807907,1.8950001001358,0.0,7.39999961853027,12.4012203216553,1.20473229885101,-1.36282587051392,12.3512811660767,1.19900584220886,-1.32117342948914,"(12.35128, 1.199006, -1.321173)",EyeArea,13.733868598938,0.1,12.4012203216553,1.20473229885101,-1.36282587051392,0.00073747700243,90.083440095379,0.0000012201708
1385,left road,1385,1.99500000476837,0.0,7.39999961853027,2.04999995231628,0.0,0.44999998807907,1.99500000476837,0.0,7.39999961853027,12.4012203216553,1.20473229885101,-1.36282587051392,12.351282119751,1.19895088672638,-1.32077383995056,"(12.35128, 1.198951, -1.320774)",EyeArea,13.6575212478638,0.1,12.4012203216553,1.20473229885101,-1.36282587051392,0.00073747700243,90.083440095379,0.0000012201708
1386,left road,1386,2.09500002861023,0.0,7.39999961853027,2.15000009536743,0.0,0.44999998807907,2.09500002861023,0.0,7.39999961853027,12.4012203216553,1.20473229885101,-1.36282587051392,12.351282119751,1.198894739151,-1.32036566734314,"(12.35128, 1.198895, -1.320366)",EyeArea,13.5814819335938,0.1,12.4012203216553,1.20473229885101,-1.36282587051392,0.00073747700243,90.083440095379,0.0000012201708
1387,left road,1387,2.1949999332428,0.0,7.39999961853027,2.25,0.0,0.44999998807907,2.1949999332428,0.0,7.39999961853027,12.4012203216553,1.20473229885101,-1.36282587051392,12.3512830734253,1.1988377571106,-1.3199508190155,"(12.35128, 1.198838, -1.319951)",EyeArea,13.5057554244995,0.1,12.4012203216553,1.20473229885101,-1.36282587051392,0.00073747700243,90.083440095379,0.0000012201708
1388,left road,1388,2.29499983787537,0.0,7.39999961853027,2.34999990463257,0.0,0.44999998807907,2.29499983787537,0.0,7.39999961853027,12.4012203216553,1.20473229885101,-1.36282587051392,12.3512840270996,1.19877946376801,-1.31952738761902,"(12.35128, 1.198779, -1.319527)",EyeArea,13.4303455352783,0.1,12.4012203216553,1.20473229885101,-1.36282587051392,0.00073747700243,90.083440095379,0.0000012201708
1389,left road,1389,2.39499998092651,0.0,7.39999961853027,2.45000004768372,0.0,0.44999998807907,2.39499998092651,0.0,7.39999961853027,12.4012203216553,1.20473229885101,-1.36282587051392,12.3512840270996,1.19871997833252,-1.31909346580505,"(12.35128, 1.19872, -1.319093)",EyeArea,13.3552579879761,0.1,12.4012203216553,1.20473229885101,-1.36282587051392,0.00073747700243,90.083440095379,0.0000012201708
1390,left road,1390,2.49499988555908,0.0,7.39999961853027,2.54999995231628,0.0,0.44999998807907,2.49499988555908,0.0,7.39999961853027,12.4012203216553,1.20473229885101,-1.36282587051392,11.8526525497437,1.13801884651184,-0.87757384777069,"(11.85265, 1.138019, -0.877574)",truck body CS,13.280499458313,0.1,12.4012203216553,1.20473229885101,-1.36282587051392,0.00073747700243,90.083440095379,0.0000012201708
1391,left road,1391,2.59500002861023,0.0,7.39999961853027,2.65000009536743,0.0,0.44999998807907,2.59500002861023,0.0,7.39999961853027,12.4012203216553,1.20473229885101,-1.36282587051392,11.8513498306274,1.1371785402298,-0.87146145105362,"(11.85135, 1.137179, -0.871461)",truck body CS,13.2060747146606,0.1,12.4012203216553,1.20473229885101,-1.36282587051392,0.00073747700243,90.083440095379,0.0000012201708
1392,left road,1392,2.6949999332428,0.0,7.39999961853027,2.75,0.0,0.44999998807907,2.6949999332428,0.0,7.39999961853027,12.4012203216553,1.20473229885101,-1.36282587051392,11.850001335144,1.13631510734558,-0.86518186330795,"(11.85, 1.136315, -0.865182)",truck body CS,13.1319913864136,0.1,12.4012203216553,1.20473229885101,-1.36282587051392,0.00073747700243,90.083440095379,0.0000012201708
1393,left road,1393,2.79499983787537,0.0,7.39999961853027,2.84999990463257,0.0,0.44999998807907,2.79499983787537,0.0,7.39999961853027,12.4012203216553,1.20473229885101,-1.36282587051392,11.8496561050415,1.13555955886841,-0.85968607664108,"(11.84966, 1.13556, -0.859686)",truck body CS,13.0582523345947,0.1,12.4012203216553,1.20473229885101,-1.36282587051392,0.00073747700243,90.083440095379,0.0000012201708
1394,left road,1394,2.89499998092651,0.0,7.39999961853027,2.95000004768372,0.0,0.44999998807907,2.89499998092651,0.0,7.39999961853027,12.4012203216553,1.20473229885101,-1.36282587051392,11.8497724533081,1.13484668731689,-0.85450041294098,"(11.84977, 1.134847, -0.8545)",truck body CS,12.9848642349243,0.1,12.4012203216553,1.20473229885101,-1.36282587051392,0.00073747700243,90.083440095379,0.0000012201708
1395,left road,1395,2.99499988555908,0.0,7.39999961853027,3.04999995231628,0.0,0.44999998807907,2.99499988555908,0.0,7.39999961853027,12.4012203216553,1.20473229885101,-1.36282587051392,11.8498878479004,1.13411855697632,-0.84920370578766,"(11.84989, 1.134119, -0.849204)",truck body CS,12.9118337631226,0.1,12.4012203216553,1.20473229885101,-1.36282587051392,0.00073747700243,90.083440095379,0.0000012201708
1396,left road,1396,3.09500002861023,0.0,7.39999961853027,3.15000009536743,0.0,0.44999998807907,3.09500002861023,0.0,7.39999961853027,12.4012203216553,1.20473229885101,-1.36282587051392,11.8500080108643,1.13337516784668,-0.84379708766937,"(11.85001, 1.133375, -0.843797)",truck body CS,12.8391666412354,0.1,12.4012203216553,1.20473229885101,-1.36282587051392,0.00073747700243,90.083440095379,0.0000012201708
1397,left road,1397,3.1949999332428,0.0,7.39999961853027,3.25,0.0,0.44999998807907,3.1949999332428,0.0,7.39999961853027,12.4012203216553,1.20473229885101,-1.36282587051392,11.8501310348511,1.1326162815094,-0.83827698230743,"(11.85013, 1.132616, -0.838277)",truck body CS,12.7668704986572,0.1,12.4012203216553,1.20473229885101,-1.36282587051392,0.00073747700243,90.083440095379,0.0000012201708
1398,left road,1398,3.29499983787537,0.0,7.39999961853027,3.34999990463257,0.0,0.44999998807907,3.29499983787537,0.0,7.39999961853027,12.4012203216553,1.20473229885101,-1.36282587051392,11.8502559661865,1.13184082508087,-0.83263665437698,"(11.85026, 1.131841, -0.832637)",truck body CS,12.6949491500854,0.1,12.4012203216553,1.20473229885101,-1.36282587051392,0.00073747700243,90.083440095379,0.0000012201708
1399,left road,1399,3.39499998092651,0.0,7.39999961853027,3.45000004768372,0.0,0.44999998807907,3.39499998092651,0.0,7.39999961853027,12.4012203216553,1.20473229885101,-1.36282587051392,11.8503828048706,1.13104844093323,-0.82687371969223,"(11.85038, 1.131048, -0.826874)",truck body CS,12.6234102249146,0.1,12.4012203216553,1.20473229885101,-1.36282587051392,0.00073747700243,90.083440095379,0.0000012201708
1400,left road,1400,-3.50500011444092,0.0,7.5,-3.45000004768372,0.0,0.55000001192093,-3.50500011444092,0.0,7.5,12.4012203216553,1.20473229885101,-1.36282587051392,11.7835121154785,1.15794718265533,-1.01864266395569,"(11.78351, 1.157947, -1.018643)",truck body CS,18.2485313415527,0.1,12.4012203216553,1.20473229885101,-1.36282587051392,0.00073747700243,90.083440095379,0.0000012201708
1401,left road,1401,-3.40499997138977,0.0,7.5,-3.34999990463257,0.0,0.55000001192093,-3.40499997138977,0.0,7.5,12.4012203216553,1.20473229885101,-1.36282587051392,11.7856140136719,1.15781140327454,-1.01764369010925,"(11.78561, 1.157811, -1.017644)",truck body CS,18.1614322662354,0.1,12.4012203216553,1.20473229885101,-1.36282587051392,0.00073747700243,90.083440095379,0.0000012201708
1402,left road,1402,-3.3050000667572,0.0,7.5,-3.25,0.0,0.55000001192093,-3.3050000667572,0.0,7.5,12.4012203216553,1.20473229885101,-1.36282587051392,11.7884292602539,1.1577285528183,-1.01703429222107,"(11.78843, 1.157729, -1.017034)",truck body CS,18.0744686126709,0.1,12.4012203216553,1.20473229885101,-1.36282587051392,0.00073747700243,90.083440095379,0.0000012201708
1403,left road,1403,-3.20500016212463,0.0,7.5,-3.15000009536743,0.0,0.55000001192093,-3.20500016212463,0.0,7.5,12.4012203216553,1.20473229885101,-1.36282587051392,11.791618347168,1.15767359733582,-1.01663017272949,"(11.79162, 1.157674, -1.01663)",truck body CS,17.9876403808594,0.1,12.4012203216553,1.20473229885101,-1.36282587051392,0.00073747700243,90.083440095379,0.0000012201708
1404,left road,1404,-3.10500001907349,0.0,7.5,-3.04999995231628,0.0,0.55000001192093,-3.10500001907349,0.0,7.5,12.4012203216553,1.20473229885101,-1.36282587051392,11.7948198318481,1.15761888027191,-1.01622700691223,"(11.79482, 1.157619, -1.016227)",truck body CS,17.9009475708008,0.1,12.4012203216553,1.20473229885101,-1.36282587051392,0.00073747700243,90.083440095379,0.0000012201708
1405,left road,1405,-3.00500011444092,0.0,7.5,-2.95000004768372,0.0,0.55000001192093,-3.00500011444092,0.0,7.5,12.4012203216553,1.20473229885101,-1.36282587051392,11.7982702255249,1.15758299827576,-1.01596236228943,"(11.79827, 1.157583, -1.015962)",truck body CS,17.814395904541,0.1,12.4012203216553,1.20473229885101,-1.36282587051392,0.00073747700243,90.083440095379,0.0000012201708
1406,left road,1406,-2.90499997138977,0.0,7.5,-2.84999990463257,0.0,0.55000001192093,-2.90499997138977,0.0,7.5,12.4012203216553,1.20473229885101,-1.36282587051392,11.801869392395,1.15755808353424,-1.01577961444855,"(11.80187, 1.157558, -1.01578)",truck body CS,17.7279853820801,0.1,12.4012203216553,1.20473229885101,-1.36282587051392,0.00073747700243,90.083440095379,0.0000012201708
1407,left road,1407,-2.8050000667572,0.0,7.5,-2.75,0.0,0.55000001192093,-2.8050000667572,0.0,7.5,12.4012203216553,1.20473229885101,-1.36282587051392,11.8054761886597,1.15753364562988,-1.01559996604919,"(11.80548, 1.157534, -1.0156)",truck body CS,17.6417179107666,0.1,12.4012203216553,1.20473229885101,-1.36282587051392,0.00073747700243,90.083440095379,0.0000012201708
1408,left road,1408,-2.70500016212463,0.0,7.5,-2.65000009536743,0.0,0.55000001192093,-2.70500016212463,0.0,7.5,12.4012203216553,1.20473229885101,-1.36282587051392,11.80908203125,1.15750885009766,-1.01541721820831,"(11.80908, 1.157509, -1.015417)",truck body CS,17.5555953979492,0.1,12.4012203216553,1.20473229885101,-1.36282587051392,0.00073747700243,90.083440095379,0.0000012201708
1409,left road,1409,-2.60500001907349,0.0,7.5,-2.54999995231628,0.0,0.55000001192093,-2.60500001907349,0.0,7.5,12.4012203216553,1.20473229885101,-1.36282587051392,11.8126935958862,1.15748405456543,-1.01523518562317,"(11.81269, 1.157484, -1.015235)",truck body CS,17.4696216583252,0.1,12.4012203216553,1.20473229885101,-1.36282587051392,0.00073747700243,90.083440095379,0.0000012201708
1410,left road,1410,-2.50500011444092,0.0,7.5,-2.45000004768372,0.0,0.55000001192093,-2.50500011444092,0.0,7.5,12.4012203216553,1.20473229885101,-1.36282587051392,11.816309928894,1.15745937824249,-1.01505362987518,"(11.81631, 1.157459, -1.015054)",truck body CS,17.3837985992432,0.1,12.4012203216553,1.20473229885101,-1.36282587051392,0.00073747700243,90.083440095379,0.0000012201708
1411,left road,1411,-2.40499997138977,0.0,7.5,-2.34999990463257,0.0,0.55000001192093,-2.40499997138977,0.0,7.5,12.4012203216553,1.20473229885101,-1.36282587051392,11.8200006484985,1.15744030475616,-1.01491379737854,"(11.82, 1.15744, -1.014914)",truck body CS,17.2981281280518,0.1,12.4012203216553,1.20473229885101,-1.36282587051392,0.00073747700243,90.083440095379,0.0000012201708
1412,left road,1412,-2.3050000667572,0.0,7.5,-2.25,0.0,0.55000001192093,-2.3050000667572,0.0,7.5,12.4012203216553,1.20473229885101,-1.36282587051392,11.8236989974976,1.15742182731628,-1.01477694511414,"(11.8237, 1.157422, -1.014777)",truck body CS,17.2126121520996,0.1,12.4012203216553,1.20473229885101,-1.36282587051392,0.00073747700243,90.083440095379,0.0000012201708
1413,left road,1413,-2.20500016212463,0.0,7.5,-2.15000009536743,0.0,0.55000001192093,-2.20500016212463,0.0,7.5,12.4012203216553,1.20473229885101,-1.36282587051392,11.8266582489014,1.15734195709229,-1.0141898393631,"(11.82666, 1.157342, -1.01419)",truck body CS,17.1272506713867,0.1,12.4012203216553,1.20473229885101,-1.36282587051392,0.00073747700243,90.083440095379,0.0000012201708
1414,left road,1414,-2.10500001907349,0.0,7.5,-2.04999995231628,0.0,0.55000001192093,-2.10500001907349,0.0,7.5,12.4012203216553,1.20473229885101,-1.36282587051392,11.8273696899414,1.15707421302795,-1.01222085952759,"(11.82737, 1.157074, -1.012221)",truck body CS,17.0420513153076,0.1,12.4012203216553,1.20473229885101,-1.36282587051392,0.00073747700243,90.083440095379,0.0000012201708
1415,left road,1415,-2.00500011444092,0.0,7.5,-1.95000004768372,0.0,0.55000001192093,-2.00500011444092,0.0,7.5,12.4012203216553,1.20473229885101,-1.36282587051392,11.8299913406372,1.15696263313293,-1.01139998435974,"(11.82999, 1.156963, -1.0114)",truck body CS,16.9570121765137,0.1,12.4012203216553,1.20473229885101,-1.36282587051392,0.00073747700243,90.083440095379,0.0000012201708
1416,left road,1416,-1.90499997138977,0.0,7.5,-1.85000002384186,0.0,0.55000001192093,-1.90499997138977,0.0,7.5,12.4012203216553,1.20473229885101,-1.36282587051392,11.833441734314,1.15691924095154,-1.0110809803009,"(11.83344, 1.156919, -1.011081)",truck body CS,16.8721370697021,0.1,12.4012203216553,1.20473229885101,-1.36282587051392,0.00073747700243,90.083440095379,0.0000012201708
1417,left road,1417,-1.80499994754791,0.0,7.5,-1.75,0.0,0.55000001192093,-1.80499994754791,0.0,7.5,12.4012203216553,1.20473229885101,-1.36282587051392,11.8377141952515,1.15694522857666,-1.01127099990845,"(11.83771, 1.156945, -1.011271)",truck body CS,16.7874298095703,0.1,12.4012203216553,1.20473229885101,-1.36282587051392,0.00073747700243,90.083440095379,0.0000012201708
1418,left road,1418,-1.70499992370605,0.0,7.5,-1.64999997615814,0.0,0.55000001192093,-1.70499992370605,0.0,7.5,12.4012203216553,1.20473229885101,-1.36282587051392,11.8420085906982,1.15697300434113,-1.01147675514221,"(11.84201, 1.156973, -1.011477)",truck body CS,16.7028884887695,0.1,12.4012203216553,1.20473229885101,-1.36282587051392,0.00073747700243,90.083440095379,0.0000012201708
1419,left road,1419,-1.6049998998642,0.0,7.5,-1.54999995231628,0.0,0.55000001192093,-1.6049998998642,0.0,7.5,12.4012203216553,1.20473229885101,-1.36282587051392,11.8462810516357,1.1569995880127,-1.01167225837708,"(11.84628, 1.157, -1.011672)",truck body CS,16.6185207366943,0.1,12.4012203216553,1.20473229885101,-1.36282587051392,0.00073747700243,90.083440095379,0.0000012201708
1420,left road,1420,-1.50499999523163,0.0,7.5,-1.45000004768372,0.0,0.55000001192093,-1.50499999523163,0.0,7.5,12.4012203216553,1.20473229885101,-1.36282587051392,11.8513813018799,1.15709829330444,-1.01239728927612,"(11.85138, 1.157098, -1.012397)",truck body CS,16.5343284606934,0.1,12.4012203216553,1.20473229885101,-1.36282587051392,0.00073747700243,90.083440095379,0.0000012201708
1421,left road,1421,-1.40499997138977,0.0,7.5,-1.35000002384186,0.0,0.55000001192093,-1.40499997138977,0.0,7.5,12.4012203216553,1.20473229885101,-1.36282587051392,11.8761329650879,1.15891313552856,-1.02574861049652,"(11.87613, 1.158913, -1.025749)",truck body CS,16.4503116607666,0.1,12.4012203216553,1.20473229885101,-1.36282587051392,0.00073747700243,90.083440095379,0.0000012201708
1422,left road,1422,-1.30499994754791,0.0,7.5,-1.25,0.0,0.55000001192093,-1.30499994754791,0.0,7.5,12.4012203216553,1.20473229885101,-1.36282587051392,11.8797159194946,1.15889358520508,-1.02560544013977,"(11.87972, 1.158894, -1.025605)",truck body CS,16.36647605896,0.1,12.4012203216553,1.20473229885101,-1.36282587051392,0.00073747700243,90.083440095379,0.0000012201708
1423,left road,1423,-1.20499992370605,0.0,7.5,-1.14999997615814,0.0,0.55000001192093,-1.20499992370605,0.0,7.5,12.4012203216553,1.20473229885101,-1.36282587051392,11.8832941055298,1.15887355804443,-1.02545750141144,"(11.88329, 1.158874, -1.025458)",truck body CS,16.2828216552734,0.1,12.4012203216553,1.20473229885101,-1.36282587051392,0.00073747700243,90.083440095379,0.0000012201708
1424,left road,1424,-1.1049998998642,0.0,7.5,-1.04999995231628,0.0,0.55000001192093,-1.1049998998642,0.0,7.5,12.4012203216553,1.20473229885101,-1.36282587051392,11.886794090271,1.15884613990784,-1.02525639533997,"(11.88679, 1.158846, -1.025256)",truck body CS,16.1993522644043,0.1,12.4012203216553,1.20473229885101,-1.36282587051392,0.00073747700243,90.083440095379,0.0000012201708
1425,left road,1425,-1.00499999523163,0.0,7.5,-0.94999998807907,0.0,0.55000001192093,-1.00499999523163,0.0,7.5,12.4012203216553,1.20473229885101,-1.36282587051392,11.8906850814819,1.15885365009308,-1.02531147003174,"(11.89069, 1.158854, -1.025311)",truck body CS,16.1160736083984,0.1,12.4012203216553,1.20473229885101,-1.36282587051392,0.00073747700243,90.083440095379,0.0000012201708
1426,left road,1426,-0.90500003099442,0.0,7.5,-0.85000002384186,0.0,0.55000001192093,-0.90500003099442,0.0,7.5,12.4012203216553,1.20473229885101,-1.36282587051392,11.8949127197266,1.15889167785645,-1.02559041976929,"(11.89491, 1.158892, -1.02559)",truck body CS,16.0329837799072,0.1,12.4012203216553,1.20473229885101,-1.36282587051392,0.00073747700243,90.083440095379,0.0000012201708
1427,left road,1427,-0.80500000715256,0.0,7.5,-0.75,0.0,0.55000001192093,-0.80500000715256,0.0,7.5,12.4012203216553,1.20473229885101,-1.36282587051392,12.3512697219849,1.20017552375793,-1.32930243015289,"(12.35127, 1.200176, -1.329302)",EyeArea,15.9500885009766,0.1,12.4012203216553,1.20473229885101,-1.36282587051392,0.00073747700243,90.083440095379,0.0000012201708
1428,left road,1428,-0.7049999833107,0.0,7.5,-0.64999997615814,0.0,0.55000001192093,-0.7049999833107,0.0,7.5,12.4012203216553,1.20473229885101,-1.36282587051392,12.3512697219849,1.20014083385468,-1.32904779911041,"(12.35127, 1.200141, -1.329048)",EyeArea,15.8673906326294,0.1,12.4012203216553,1.20473229885101,-1.36282587051392,0.00073747700243,90.083440095379,0.0000012201708
1429,left road,1429,-0.60500001907349,0.0,7.5,-0.55000001192093,0.0,0.55000001192093,-0.60500001907349,0.0,7.5,12.4012203216553,1.20473229885101,-1.36282587051392,12.3512697219849,1.20010542869568,-1.32878744602203,"(12.35127, 1.200105, -1.328787)",EyeArea,15.7848920822144,0.1,12.4012203216553,1.20473229885101,-1.36282587051392,0.00073747700243,90.083440095379,0.0000012201708
1430,left road,1430,-0.50499999523163,0.0,7.5,-0.44999998807907,0.0,0.55000001192093,-0.50499999523163,0.0,7.5,12.4012203216553,1.20473229885101,-1.36282587051392,12.3512706756592,1.20006966590881,-1.32852518558502,"(12.35127, 1.20007, -1.328525)",EyeArea,15.7025985717773,0.1,12.4012203216553,1.20473229885101,-1.36282587051392,0.00073747700243,90.083440095379,0.0000012201708
1431,left road,1431,-0.40500000119209,0.0,7.5,-0.34999999403954,0.0,0.55000001192093,-0.40500000119209,0.0,7.5,12.4012203216553,1.20473229885101,-1.36282587051392,12.3512706756592,1.2000333070755,-1.32825720310211,"(12.35127, 1.200033, -1.328257)",EyeArea,15.6205101013184,0.1,12.4012203216553,1.20473229885101,-1.36282587051392,0.00073747700243,90.083440095379,0.0000012201708
1432,left road,1432,-0.30500000715256,0.0,7.5,-0.25,0.0,0.55000001192093,-0.30500000715256,0.0,7.5,12.4012203216553,1.20473229885101,-1.36282587051392,12.3512716293335,1.19999635219574,-1.32798445224762,"(12.35127, 1.199996, -1.327984)",EyeArea,15.5386323928833,0.1,12.4012203216553,1.20473229885101,-1.36282587051392,0.00073747700243,90.083440095379,0.0000012201708
1433,left road,1433,-0.20500001311302,0.0,7.5,-0.15000000596046,0.0,0.55000001192093,-0.20500001311302,0.0,7.5,12.4012203216553,1.20473229885101,-1.36282587051392,12.3512716293335,1.19995880126953,-1.32770979404449,"(12.35127, 1.199959, -1.32771)",EyeArea,15.4569673538208,0.1,12.4012203216553,1.20473229885101,-1.36282587051392,0.00073747700243,90.083440095379,0.0000012201708
1434,left road,1434,-0.10500000417233,0.0,7.5,-0.05000000074506,0.0,0.55000001192093,-0.10500000417233,0.0,7.5,12.4012203216553,1.20473229885101,-1.36282587051392,12.3512725830078,1.19992065429688,-1.32742846012115,"(12.35127, 1.199921, -1.327428)",EyeArea,15.3755187988281,0.1,12.4012203216553,1.20473229885101,-1.36282587051392,0.00073747700243,90.083440095379,0.0000012201708
1435,left road,1435,-0.00499999895692,0.0,7.5,0.05000000074506,0.0,0.55000001192093,-0.00499999895692,0.0,7.5,12.4012203216553,1.20473229885101,-1.36282587051392,12.3512725830078,1.19988191127777,-1.32714235782623,"(12.35127, 1.199882, -1.327142)",EyeArea,15.2942924499512,0.1,12.4012203216553,1.20473229885101,-1.36282587051392,0.00073747700243,90.083440095379,0.0000012201708
1436,left road,1436,0.09500000625849,0.0,7.5,0.15000000596046,0.0,0.55000001192093,0.09500000625849,0.0,7.5,12.4012203216553,1.20473229885101,-1.36282587051392,12.3512725830078,1.19984257221222,-1.32685434818268,"(12.35127, 1.199843, -1.326854)",EyeArea,15.2132873535156,0.1,12.4012203216553,1.20473229885101,-1.36282587051392,0.00073747700243,90.083440095379,0.0000012201708
1437,left road,1437,0.19499999284744,0.0,7.5,0.25,0.0,0.55000001192093,0.19499999284744,0.0,7.5,12.4012203216553,1.20473229885101,-1.36282587051392,12.3512735366821,1.19980263710022,-1.32655870914459,"(12.35127, 1.199803, -1.326559)",EyeArea,15.132511138916,0.1,12.4012203216553,1.20473229885101,-1.36282587051392,0.00073747700243,90.083440095379,0.0000012201708
1438,left road,1438,0.29499998688698,0.0,7.5,0.34999999403954,0.0,0.55000001192093,0.29499998688698,0.0,7.5,12.4012203216553,1.20473229885101,-1.36282587051392,12.3512735366821,1.19976186752319,-1.32625925540924,"(12.35127, 1.199762, -1.326259)",EyeArea,15.0519638061523,0.1,12.4012203216553,1.20473229885101,-1.36282587051392,0.00073747700243,90.083440095379,0.0000012201708
1439,left road,1439,0.39499998092651,0.0,7.5,0.44999998807907,0.0,0.55000001192093,0.39499998092651,0.0,7.5,12.4012203216553,1.20473229885101,-1.36282587051392,12.3512744903564,1.19972062110901,-1.32595694065094,"(12.35127, 1.199721, -1.325957)",EyeArea,14.9716529846191,0.1,12.4012203216553,1.20473229885101,-1.36282587051392,0.00073747700243,90.083440095379,0.0000012201708
1440,left road,1440,0.49500000476837,0.0,7.5,0.55000001192093,0.0,0.55000001192093,0.49500000476837,0.0,7.5,12.4012203216553,1.20473229885101,-1.36282587051392,12.3512744903564,1.1996785402298,-1.32564604282379,"(12.35127, 1.199679, -1.325646)",EyeArea,14.8915796279907,0.1,12.4012203216553,1.20473229885101,-1.36282587051392,0.00073747700243,90.083440095379,0.0000012201708
1441,left road,1441,0.59499996900558,0.0,7.5,0.64999997615814,0.0,0.55000001192093,0.59499996900558,0.0,7.5,12.4012203216553,1.20473229885101,-1.36282587051392,12.3512754440308,1.19963574409485,-1.32533133029938,"(12.35128, 1.199636, -1.325331)",EyeArea,14.8117475509644,0.1,12.4012203216553,1.20473229885101,-1.36282587051392,0.00073747700243,90.083440095379,0.0000012201708
1442,left road,1442,0.69499999284744,0.0,7.5,0.75,0.0,0.55000001192093,0.69499999284744,0.0,7.5,12.4012203216553,1.20473229885101,-1.36282587051392,12.3512754440308,1.19959223270416,-1.3250128030777,"(12.35128, 1.199592, -1.325013)",EyeArea,14.7321634292603,0.1,12.4012203216553,1.20473229885101,-1.36282587051392,0.00073747700243,90.083440095379,0.0000012201708
1443,left road,1443,0.7950000166893,0.0,7.5,0.85000002384186,0.0,0.55000001192093,0.7950000166893,0.0,7.5,12.4012203216553,1.20473229885101,-1.36282587051392,12.3512763977051,1.19954800605774,-1.32468664646149,"(12.35128, 1.199548, -1.324687)",EyeArea,14.6528291702271,0.1,12.4012203216553,1.20473229885101,-1.36282587051392,0.00073747700243,90.083440095379,0.0000012201708
1444,left road,1444,0.89499998092651,0.0,7.5,0.94999998807907,0.0,0.55000001192093,0.89499998092651,0.0,7.5,12.4012203216553,1.20473229885101,-1.36282587051392,12.3512763977051,1.19950294494629,-1.32435476779938,"(12.35128, 1.199503, -1.324355)",EyeArea,14.5737495422363,0.1,12.4012203216553,1.20473229885101,-1.36282587051392,0.00073747700243,90.083440095379,0.0000012201708
1445,left road,1445,0.99499994516373,0.0,7.5,1.04999995231628,0.0,0.55000001192093,0.99499994516373,0.0,7.5,12.4012203216553,1.20473229885101,-1.36282587051392,12.3512773513794,1.1994571685791,-1.32401907444,"(12.35128, 1.199457, -1.324019)",EyeArea,14.4949283599854,0.1,12.4012203216553,1.20473229885101,-1.36282587051392,0.00073747700243,90.083440095379,0.0000012201708
1446,left road,1446,1.09500002861023,0.0,7.5,1.14999997615814,0.0,0.55000001192093,1.09500002861023,0.0,7.5,12.4012203216553,1.20473229885101,-1.36282587051392,12.3512773513794,1.19941055774689,-1.32367479801178,"(12.35128, 1.199411, -1.323675)",EyeArea,14.4163675308228,0.1,12.4012203216553,1.20473229885101,-1.36282587051392,0.00073747700243,90.083440095379,0.0000012201708
1447,left road,1447,1.19500005245209,0.0,7.5,1.25,0.0,0.55000001192093,1.19500005245209,0.0,7.5,12.4012203216553,1.20473229885101,-1.36282587051392,12.3512783050537,1.19936323165894,-1.32332766056061,"(12.35128, 1.199363, -1.323328)",EyeArea,14.3380765914917,0.1,12.4012203216553,1.20473229885101,-1.36282587051392,0.00073747700243,90.083440095379,0.0000012201708
1448,left road,1448,1.29500007629395,0.0,7.5,1.35000002384186,0.0,0.55000001192093,1.29500007629395,0.0,7.5,12.4012203216553,1.20473229885101,-1.36282587051392,12.3512783050537,1.19931483268738,-1.32297194004059,"(12.35128, 1.199315, -1.322972)",EyeArea,14.2600555419922,0.1,12.4012203216553,1.20473229885101,-1.36282587051392,0.00073747700243,90.083440095379,0.0000012201708
1449,left road,1449,1.3950001001358,0.0,7.5,1.45000004768372,0.0,0.55000001192093,1.3950001001358,0.0,7.5,12.4012203216553,1.20473229885101,-1.36282587051392,12.351279258728,1.19926571846008,-1.32260954380035,"(12.35128, 1.199266, -1.32261)",EyeArea,14.1823110580444,0.1,12.4012203216553,1.20473229885101,-1.36282587051392,0.00073747700243,90.083440095379,0.0000012201708
1450,left road,1450,1.49500000476837,0.0,7.5,1.54999995231628,0.0,0.55000001192093,1.49500000476837,0.0,7.5,12.4012203216553,1.20473229885101,-1.36282587051392,12.351279258728,1.19921565055847,-1.32224142551422,"(12.35128, 1.199216, -1.322241)",EyeArea,14.1048460006714,0.1,12.4012203216553,1.20473229885101,-1.36282587051392,0.00073747700243,90.083440095379,0.0000012201708
1451,left road,1451,1.59500002861023,0.0,7.5,1.64999997615814,0.0,0.55000001192093,1.59500002861023,0.0,7.5,12.4012203216553,1.20473229885101,-1.36282587051392,12.3512802124023,1.19916462898254,-1.32186663150787,"(12.35128, 1.199165, -1.321867)",EyeArea,14.0276670455933,0.1,12.4012203216553,1.20473229885101,-1.36282587051392,0.00073747700243,90.083440095379,0.0000012201708
1452,left road,1452,1.69500005245209,0.0,7.5,1.75,0.0,0.55000001192093,1.69500005245209,0.0,7.5,12.4012203216553,1.20473229885101,-1.36282587051392,12.3512811660767,1.19911277294159,-1.32148420810699,"(12.35128, 1.199113, -1.321484)",EyeArea,13.9507780075073,0.1,12.4012203216553,1.20473229885101,-1.36282587051392,0.00073747700243,90.083440095379,0.0000012201708
1453,left road,1453,1.79500007629395,0.0,7.5,1.85000002384186,0.0,0.55000001192093,1.79500007629395,0.0,7.5,12.4012203216553,1.20473229885101,-1.36282587051392,12.3512811660767,1.19905984401703,-1.32109522819519,"(12.35128, 1.19906, -1.321095)",EyeArea,13.8741827011108,0.1,12.4012203216553,1.20473229885101,-1.36282587051392,0.00073747700243,90.083440095379,0.0000012201708
1454,left road,1454,1.8950001001358,0.0,7.5,1.95000004768372,0.0,0.55000001192093,1.8950001001358,0.0,7.5,12.4012203216553,1.20473229885101,-1.36282587051392,12.351282119751,1.19900584220886,-1.32069754600525,"(12.35128, 1.199006, -1.320698)",EyeArea,13.797887802124,0.1,12.4012203216553,1.20473229885101,-1.36282587051392,0.00073747700243,90.083440095379,0.0000012201708
1455,left road,1455,1.99500000476837,0.0,7.5,2.04999995231628,0.0,0.55000001192093,1.99500000476837,0.0,7.5,12.4012203216553,1.20473229885101,-1.36282587051392,12.351282119751,1.19895100593567,-1.32029414176941,"(12.35128, 1.198951, -1.320294)",EyeArea,13.7218971252441,0.1,12.4012203216553,1.20473229885101,-1.36282587051392,0.00073747700243,90.083440095379,0.0000012201708
1456,left road,1456,2.09500002861023,0.0,7.5,2.15000009536743,0.0,0.55000001192093,2.09500002861023,0.0,7.5,12.4012203216553,1.20473229885101,-1.36282587051392,12.3512830734253,1.19889497756958,-1.31988310813904,"(12.35128, 1.198895, -1.319883)",EyeArea,13.6462163925171,0.1,12.4012203216553,1.20473229885101,-1.36282587051392,0.00073747700243,90.083440095379,0.0000012201708
1457,left road,1457,2.1949999332428,0.0,7.5,2.25,0.0,0.55000001192093,2.1949999332428,0.0,7.5,12.4012203216553,1.20473229885101,-1.36282587051392,12.3512840270996,1.1988377571106,-1.31946158409119,"(12.35128, 1.198838, -1.319462)",EyeArea,13.5708513259888,0.1,12.4012203216553,1.20473229885101,-1.36282587051392,0.00073747700243,90.083440095379,0.0000012201708
1458,left road,1458,2.29499983787537,0.0,7.5,2.34999990463257,0.0,0.55000001192093,2.29499983787537,0.0,7.5,12.4012203216553,1.20473229885101,-1.36282587051392,12.3512840270996,1.19877958297729,-1.3190324306488,"(12.35128, 1.19878, -1.319032)",EyeArea,13.4958047866821,0.1,12.4012203216553,1.20473229885101,-1.36282587051392,0.00073747700243,90.083440095379,0.0000012201708
1459,left road,1459,2.39499998092651,0.0,7.5,2.45000004768372,0.0,0.55000001192093,2.39499998092651,0.0,7.5,12.4012203216553,1.20473229885101,-1.36282587051392,11.8548221588135,1.1389467716217,-0.87886291742325,"(11.85482, 1.138947, -0.878863)",truck body CS,13.4210834503174,0.1,12.4012203216553,1.20473229885101,-1.36282587051392,0.00073747700243,90.083440095379,0.0000012201708
1460,left road,1460,2.49499988555908,0.0,7.5,2.54999995231628,0.0,0.55000001192093,2.49499988555908,0.0,7.5,12.4012203216553,1.20473229885101,-1.36282587051392,11.8535575866699,1.13812899589539,-0.87284582853317,"(11.85356, 1.138129, -0.872846)",truck body CS,13.3466939926147,0.1,12.4012203216553,1.20473229885101,-1.36282587051392,0.00073747700243,90.083440095379,0.0000012201708
1461,left road,1461,2.59500002861023,0.0,7.5,2.65000009536743,0.0,0.55000001192093,2.59500002861023,0.0,7.5,12.4012203216553,1.20473229885101,-1.36282587051392,11.8522577285767,1.13729000091553,-0.86667430400848,"(11.85226, 1.13729, -0.866674)",truck body CS,13.2726411819458,0.1,12.4012203216553,1.20473229885101,-1.36282587051392,0.00073747700243,90.083440095379,0.0000012201708
1462,left road,1462,2.6949999332428,0.0,7.5,2.75,0.0,0.55000001192093,2.6949999332428,0.0,7.5,12.4012203216553,1.20473229885101,-1.36282587051392,11.8514070510864,1.13648951053619,-0.86078536510468,"(11.85141, 1.13649, -0.860785)",truck body CS,13.1989307403564,0.1,12.4012203216553,1.20473229885101,-1.36282587051392,0.00073747700243,90.083440095379,0.0000012201708
1463,left road,1463,2.79499983787537,0.0,7.5,2.84999990463257,0.0,0.55000001192093,2.79499983787537,0.0,7.5,12.4012203216553,1.20473229885101,-1.36282587051392,11.8515405654907,1.13579595088959,-0.85568332672119,"(11.85154, 1.135796, -0.855683)",truck body CS,13.1255674362183,0.1,12.4012203216553,1.20473229885101,-1.36282587051392,0.00073747700243,90.083440095379,0.0000012201708
1464,left road,1464,2.89499998092651,0.0,7.5,2.95000004768372,0.0,0.55000001192093,2.89499998092651,0.0,7.5,12.4012203216553,1.20473229885101,-1.36282587051392,11.851674079895,1.13508760929108,-0.85047209262848,"(11.85167, 1.135088, -0.850472)",truck body CS,13.0525579452515,0.1,12.4012203216553,1.20473229885101,-1.36282587051392,0.00073747700243,90.083440095379,0.0000012201708
1465,left road,1465,2.99499988555908,0.0,7.5,3.04999995231628,0.0,0.55000001192093,2.99499988555908,0.0,7.5,12.4012203216553,1.20473229885101,-1.36282587051392,11.8518075942993,1.13436436653137,-0.84515154361725,"(11.85181, 1.134364, -0.845152)",truck body CS,12.9799089431763,0.1,12.4012203216553,1.20473229885101,-1.36282587051392,0.00073747700243,90.083440095379,0.0000012201708
1466,left road,1466,3.09500002861023,0.0,7.5,3.15000009536743,0.0,0.55000001192093,3.09500002861023,0.0,7.5,12.4012203216553,1.20473229885101,-1.36282587051392,11.8519468307495,1.13362622261047,-0.83972185850143,"(11.85195, 1.133626, -0.839722)",truck body CS,12.9076251983643,0.1,12.4012203216553,1.20473229885101,-1.36282587051392,0.00073747700243,90.083440095379,0.0000012201708
1467,left road,1467,3.1949999332428,0.0,7.5,3.25,0.0,0.55000001192093,3.1949999332428,0.0,7.5,12.4012203216553,1.20473229885101,-1.36282587051392,11.8520927429199,1.13287305831909,-0.83418041467667,"(11.85209, 1.132873, -0.83418)",truck body CS,12.83571434021,0.1,12.4012203216553,1.20473229885101,-1.36282587051392,0.00073747700243,90.083440095379,0.0000012201708
1468,left road,1468,3.29499983787537,0.0,7.5,3.34999990463257,0.0,0.55000001192093,3.29499983787537,0.0,7.5,12.4012203216553,1.20473229885101,-1.36282587051392,11.852237701416,1.13210296630859,-0.82851505279541,"(11.85224, 1.132103, -0.828515)",truck body CS,12.7641801834106,0.1,12.4012203216553,1.20473229885101,-1.36282587051392,0.00073747700243,90.083440095379,0.0000012201708
1469,left road,1469,3.39499998092651,0.0,7.5,3.45000004768372,0.0,0.55000001192093,3.39499998092651,0.0,7.5,12.4012203216553,1.20473229885101,-1.36282587051392,11.8523855209351,1.13131642341614,-0.82272833585739,"(11.85239, 1.131316, -0.822728)",truck body CS,12.6930313110352,0.1,12.4012203216553,1.20473229885101,-1.36282587051392,0.00073747700243,90.083440095379,0.0000012201708
1470,left road,1470,-3.50500011444092,0.0,7.59999990463257,-3.45000004768372,0.0,0.64999997615814,-3.50500011444092,0.0,7.59999990463257,12.4012203216553,1.20473229885101,-1.36282587051392,11.7881393432617,1.1582977771759,-1.01736783981323,"(11.78814, 1.158298, -1.017368)",truck body CS,18.2973079681396,0.1,12.4012203216553,1.20473229885101,-1.36282587051392,0.00073747700243,90.083440095379,0.0000012201708
1471,left road,1471,-3.40499997138977,0.0,7.59999990463257,-3.34999990463257,0.0,0.64999997615814,-3.40499997138977,0.0,7.59999990463257,12.4012203216553,1.20473229885101,-1.36282587051392,11.7913026809692,1.15824496746063,-1.01697516441345,"(11.7913, 1.158245, -1.016975)",truck body CS,18.2104434967041,0.1,12.4012203216553,1.20473229885101,-1.36282587051392,0.00073747700243,90.083440095379,0.0000012201708
1472,left road,1472,-3.3050000667572,0.0,7.59999990463257,-3.25,0.0,0.64999997615814,-3.3050000667572,0.0,7.59999990463257,12.4012203216553,1.20473229885101,-1.36282587051392,11.7944622039795,1.15819144248962,-1.01657629013062,"(11.79446, 1.158191, -1.016576)",truck body CS,18.1237144470215,0.1,12.4012203216553,1.20473229885101,-1.36282587051392,0.00073747700243,90.083440095379,0.0000012201708
1473,left road,1473,-3.20500016212463,0.0,7.59999990463257,-3.15000009536743,0.0,0.64999997615814,-3.20500016212463,0.0,7.59999990463257,12.4012203216553,1.20473229885101,-1.36282587051392,11.7977447509766,1.15814661979675,-1.01624298095703,"(11.79774, 1.158147, -1.016243)",truck body CS,18.0371208190918,0.1,12.4012203216553,1.20473229885101,-1.36282587051392,0.00073747700243,90.083440095379,0.0000012201708
1474,left road,1474,-3.10500001907349,0.0,7.59999990463257,-3.04999995231628,0.0,0.64999997615814,-3.10500001907349,0.0,7.59999990463257,12.4012203216553,1.20473229885101,-1.36282587051392,11.8013048171997,1.15812265872955,-1.01606500148773,"(11.8013, 1.158123, -1.016065)",truck body CS,17.9506683349609,0.1,12.4012203216553,1.20473229885101,-1.36282587051392,0.00073747700243,90.083440095379,0.0000012201708
1475,left road,1475,-3.00500011444092,0.0,7.59999990463257,-2.95000004768372,0.0,0.64999997615814,-3.00500011444092,0.0,7.59999990463257,12.4012203216553,1.20473229885101,-1.36282587051392,11.8048648834229,1.15809857845306,-1.01588523387909,"(11.80486, 1.158099, -1.015885)",truck body CS,17.8643569946289,0.1,12.4012203216553,1.20473229885101,-1.36282587051392,0.00073747700243,90.083440095379,0.0000012201708
1476,left road,1476,-2.90499997138977,0.0,7.59999990463257,-2.84999990463257,0.0,0.64999997615814,-2.90499997138977,0.0,7.59999990463257,12.4012203216553,1.20473229885101,-1.36282587051392,11.8084316253662,1.15807461738586,-1.01570749282837,"(11.80843, 1.158075, -1.015707)",truck body CS,17.7781887054443,0.1,12.4012203216553,1.20473229885101,-1.36282587051392,0.00073747700243,90.083440095379,0.0000012201708
1477,left road,1477,-2.8050000667572,0.0,7.59999990463257,-2.75,0.0,0.64999997615814,-2.8050000667572,0.0,7.59999990463257,12.4012203216553,1.20473229885101,-1.36282587051392,11.8119993209839,1.15805041790009,-1.01552772521973,"(11.812, 1.15805, -1.015528)",truck body CS,17.6921672821045,0.1,12.4012203216553,1.20473229885101,-1.36282587051392,0.00073747700243,90.083440095379,0.0000012201708
1478,left road,1478,-2.70500016212463,0.0,7.59999990463257,-2.65000009536743,0.0,0.64999997615814,-2.70500016212463,0.0,7.59999990463257,12.4012203216553,1.20473229885101,-1.36282587051392,11.8155698776245,1.15802621841431,-1.01534724235535,"(11.81557, 1.158026, -1.015347)",truck body CS,17.6062908172607,0.1,12.4012203216553,1.20473229885101,-1.36282587051392,0.00073747700243,90.083440095379,0.0000012201708
1479,left road,1479,-2.60500001907349,0.0,7.59999990463257,-2.54999995231628,0.0,0.64999997615814,-2.60500001907349,0.0,7.59999990463257,12.4012203216553,1.20473229885101,-1.36282587051392,11.8191442489624,1.15800189971924,-1.01516699790955,"(11.81914, 1.158002, -1.015167)",truck body CS,17.5205669403076,0.1,12.4012203216553,1.20473229885101,-1.36282587051392,0.00073747700243,90.083440095379,0.0000012201708
1480,left road,1480,-2.50500011444092,0.0,7.59999990463257,-2.45000004768372,0.0,0.64999997615814,-2.50500011444092,0.0,7.59999990463257,12.4012203216553,1.20473229885101,-1.36282587051392,11.8228454589844,1.15798759460449,-1.01506018638611,"(11.82285, 1.157988, -1.01506)",truck body CS,17.4349937438965,0.1,12.4012203216553,1.20473229885101,-1.36282587051392,0.00073747700243,90.083440095379,0.0000012201708
1481,left road,1481,-2.40499997138977,0.0,7.59999990463257,-2.34999990463257,0.0,0.64999997615814,-2.40499997138977,0.0,7.59999990463257,12.4012203216553,1.20473229885101,-1.36282587051392,11.8269920349121,1.1580091714859,-1.01522052288055,"(11.82699, 1.158009, -1.015221)",truck body CS,17.3495750427246,0.1,12.4012203216553,1.20473229885101,-1.36282587051392,0.00073747700243,90.083440095379,0.0000012201708
1482,left road,1482,-2.3050000667572,0.0,7.59999990463257,-2.25,0.0,0.64999997615814,-2.3050000667572,0.0,7.59999990463257,12.4012203216553,1.20473229885101,-1.36282587051392,11.8281707763672,1.15778803825378,-1.01357555389404,"(11.82817, 1.157788, -1.013576)",truck body CS,17.2643146514893,0.1,12.4012203216553,1.20473229885101,-1.36282587051392,0.00073747700243,90.083440095379,0.0000012201708
1483,left road,1483,-2.20500016212463,0.0,7.59999990463257,-2.15000009536743,0.0,0.64999997615814,-2.20500016212463,0.0,7.59999990463257,12.4012203216553,1.20473229885101,-1.36282587051392,11.829535484314,1.15757918357849,-1.01202189922333,"(11.82954, 1.157579, -1.012022)",truck body CS,17.1792106628418,0.1,12.4012203216553,1.20473229885101,-1.36282587051392,0.00073747700243,90.083440095379,0.0000012201708
1484,left road,1484,-2.10500001907349,0.0,7.59999990463257,-2.04999995231628,0.0,0.64999997615814,-2.10500001907349,0.0,7.59999990463257,12.4012203216553,1.20473229885101,-1.36282587051392,11.8321056365967,1.15746760368347,-1.01119136810303,"(11.83211, 1.157468, -1.011191)",truck body CS,17.0942687988281,0.1,12.4012203216553,1.20473229885101,-1.36282587051392,0.00073747700243,90.083440095379,0.0000012201708
1485,left road,1485,-2.00500011444092,0.0,7.59999990463257,-1.95000004768372,0.0,0.64999997615814,-2.00500011444092,0.0,7.59999990463257,12.4012203216553,1.20473229885101,-1.36282587051392,11.8363580703735,1.15749526023865,-1.0113959312439,"(11.83636, 1.157495, -1.011396)",truck body CS,17.0094909667969,0.1,12.4012203216553,1.20473229885101,-1.36282587051392,0.00073747700243,90.083440095379,0.0000012201708
1486,left road,1486,-1.90499997138977,0.0,7.59999990463257,-1.85000002384186,0.0,0.64999997615814,-1.90499997138977,0.0,7.59999990463257,12.4012203216553,1.20473229885101,-1.36282587051392,11.840576171875,1.15752029418945,-1.01158332824707,"(11.84058, 1.15752, -1.011583)",truck body CS,16.9248809814453,0.1,12.4012203216553,1.20473229885101,-1.36282587051392,0.00073747700243,90.083440095379,0.0000012201708
1487,left road,1487,-1.80499994754791,0.0,7.59999990463257,-1.75,0.0,0.64999997615814,-1.80499994754791,0.0,7.59999990463257,12.4012203216553,1.20473229885101,-1.36282587051392,11.8448266983032,1.15754842758179,-1.01179146766663,"(11.84483, 1.157548, -1.011791)",truck body CS,16.8404369354248,0.1,12.4012203216553,1.20473229885101,-1.36282587051392,0.00073747700243,90.083440095379,0.0000012201708
1488,left road,1488,-1.70499992370605,0.0,7.59999990463257,-1.64999997615814,0.0,0.64999997615814,-1.70499992370605,0.0,7.59999990463257,12.4012203216553,1.20473229885101,-1.36282587051392,11.8490447998047,1.15757405757904,-1.01198315620422,"(11.84904, 1.157574, -1.011983)",truck body CS,16.7561645507813,0.1,12.4012203216553,1.20473229885101,-1.36282587051392,0.00073747700243,90.083440095379,0.0000012201708
1489,left road,1489,-1.6049998998642,0.0,7.59999990463257,-1.54999995231628,0.0,0.64999997615814,-1.6049998998642,0.0,7.59999990463257,12.4012203216553,1.20473229885101,-1.36282587051392,11.8749723434448,1.15946745872498,-1.02606976032257,"(11.87497, 1.159467, -1.02607)",truck body CS,16.6720676422119,0.1,12.4012203216553,1.20473229885101,-1.36282587051392,0.00073747700243,90.083440095379,0.0000012201708
1490,left road,1490,-1.50499999523163,0.0,7.59999990463257,-1.45000004768372,0.0,0.64999997615814,-1.50499999523163,0.0,7.59999990463257,12.4012203216553,1.20473229885101,-1.36282587051392,11.8784990310669,1.15944743156433,-1.0259211063385,"(11.8785, 1.159447, -1.025921)",truck body CS,16.5881462097168,0.1,12.4012203216553,1.20473229885101,-1.36282587051392,0.00073747700243,90.083440095379,0.0000012201708
1491,left road,1491,-1.40499997138977,0.0,7.59999990463257,-1.35000002384186,0.0,0.64999997615814,-1.40499997138977,0.0,7.59999990463257,12.4012203216553,1.20473229885101,-1.36282587051392,11.8820419311523,1.15942871570587,-1.02578103542328,"(11.88204, 1.159429, -1.025781)",truck body CS,16.5044040679932,0.1,12.4012203216553,1.20473229885101,-1.36282587051392,0.00073747700243,90.083440095379,0.0000012201708
1492,left road,1492,-1.30499994754791,0.0,7.59999990463257,-1.25,0.0,0.64999997615814,-1.30499994754791,0.0,7.59999990463257,12.4012203216553,1.20473229885101,-1.36282587051392,11.8855543136597,1.15940690040588,-1.0256187915802,"(11.88555, 1.159407, -1.025619)",truck body CS,16.4208431243896,0.1,12.4012203216553,1.20473229885101,-1.36282587051392,0.00073747700243,90.083440095379,0.0000012201708
1493,left road,1493,-1.20499992370605,0.0,7.59999990463257,-1.14999997615814,0.0,0.64999997615814,-1.20499992370605,0.0,7.59999990463257,12.4012203216553,1.20473229885101,-1.36282587051392,11.8890018463135,1.15937900543213,-1.02541089057922,"(11.889, 1.159379, -1.025411)",truck body CS,16.3374671936035,0.1,12.4012203216553,1.20473229885101,-1.36282587051392,0.00073747700243,90.083440095379,0.0000012201708
1494,left road,1494,-1.1049998998642,0.0,7.59999990463257,-1.04999995231628,0.0,0.64999997615814,-1.1049998998642,0.0,7.59999990463257,12.4012203216553,1.20473229885101,-1.36282587051392,11.8931255340576,1.15941107273102,-1.02565002441406,"(11.89313, 1.159411, -1.02565)",truck body CS,16.254280090332,0.1,12.4012203216553,1.20473229885101,-1.36282587051392,0.00073747700243,90.083440095379,0.0000012201708
1495,left road,1495,-1.00499999523163,0.0,7.59999990463257,-0.94999998807907,0.0,0.64999997615814,-1.00499999523163,0.0,7.59999990463257,12.4012203216553,1.20473229885101,-1.36282587051392,12.3512687683105,1.20024347305298,-1.32943117618561,"(12.35127, 1.200243, -1.329431)",EyeArea,16.1712818145752,0.1,12.4012203216553,1.20473229885101,-1.36282587051392,0.00073747700243,90.083440095379,0.0000012201708
1496,left road,1496,-0.90500003099442,0.0,7.59999990463257,-0.85000002384186,0.0,0.64999997615814,-0.90500003099442,0.0,7.59999990463257,12.4012203216553,1.20473229885101,-1.36282587051392,12.3512697219849,1.20020973682404,-1.32917940616608,"(12.35127, 1.20021, -1.329179)",EyeArea,16.0884780883789,0.1,12.4012203216553,1.20473229885101,-1.36282587051392,0.00073747700243,90.083440095379,0.0000012201708
1497,left road,1497,-0.80500000715256,0.0,7.59999990463257,-0.75,0.0,0.64999997615814,-0.80500000715256,0.0,7.59999990463257,12.4012203216553,1.20473229885101,-1.36282587051392,12.3512697219849,1.20017552375793,-1.32892572879791,"(12.35127, 1.200176, -1.328926)",EyeArea,16.0058708190918,0.1,12.4012203216553,1.20473229885101,-1.36282587051392,0.00073747700243,90.083440095379,0.0000012201708
1498,left road,1498,-0.7049999833107,0.0,7.59999990463257,-0.64999997615814,0.0,0.64999997615814,-0.7049999833107,0.0,7.59999990463257,12.4012203216553,1.20473229885101,-1.36282587051392,12.3512706756592,1.20014083385468,-1.32866728305817,"(12.35127, 1.200141, -1.328667)",EyeArea,15.9234619140625,0.1,12.4012203216553,1.20473229885101,-1.36282587051392,0.00073747700243,90.083440095379,0.0000012201708
1499,left road,1499,-0.60500001907349,0.0,7.59999990463257,-0.55000001192093,0.0,0.64999997615814,-0.60500001907349,0.0,7.59999990463257,12.4012203216553,1.20473229885101,-1.36282587051392,12.3512706756592,1.20010554790497,-1.32840502262115,"(12.35127, 1.200106, -1.328405)",EyeArea,15.8412561416626,0.1,12.4012203216553,1.20473229885101,-1.36282587051392,0.00073747700243,90.083440095379,0.0000012201708
1500,left road,1500,-0.50499999523163,0.0,7.59999990463257,-0.44999998807907,0.0,0.64999997615814,-0.50499999523163,0.0,7.59999990463257,12.4012203216553,1.20473229885101,-1.36282587051392,12.3512706756592,1.20006966590881,-1.32813799381256,"(12.35127, 1.20007, -1.328138)",EyeArea,15.759256362915,0.1,12.4012203216553,1.20473229885101,-1.36282587051392,0.00073747700243,90.083440095379,0.0000012201708
1501,left road,1501,-0.40500000119209,0.0,7.59999990463257,-0.34999999403954,0.0,0.64999997615814,-0.40500000119209,0.0,7.59999990463257,12.4012203216553,1.20473229885101,-1.36282587051392,12.3512716293335,1.20003342628479,-1.32786810398102,"(12.35127, 1.200033, -1.327868)",EyeArea,15.6774644851685,0.1,12.4012203216553,1.20473229885101,-1.36282587051392,0.00073747700243,90.083440095379,0.0000012201708
1502,left road,1502,-0.30500000715256,0.0,7.59999990463257,-0.25,0.0,0.64999997615814,-0.30500000715256,0.0,7.59999990463257,12.4012203216553,1.20473229885101,-1.36282587051392,12.3512716293335,1.19999635219574,-1.32759249210358,"(12.35127, 1.199996, -1.327592)",EyeArea,15.5958862304688,0.1,12.4012203216553,1.20473229885101,-1.36282587051392,0.00073747700243,90.083440095379,0.0000012201708
1503,left road,1503,-0.20500001311302,0.0,7.59999990463257,-0.15000000596046,0.0,0.64999997615814,-0.20500001311302,0.0,7.59999990463257,12.4012203216553,1.20473229885101,-1.36282587051392,12.3512725830078,1.19995892047882,-1.32731401920319,"(12.35127, 1.199959, -1.327314)",EyeArea,15.5145225524902,0.1,12.4012203216553,1.20473229885101,-1.36282587051392,0.00073747700243,90.083440095379,0.0000012201708
1504,left road,1504,-0.10500000417233,0.0,7.59999990463257,-0.05000000074506,0.0,0.64999997615814,-0.10500000417233,0.0,7.59999990463257,12.4012203216553,1.20473229885101,-1.36282587051392,12.3512725830078,1.19992077350616,-1.3270298242569,"(12.35127, 1.199921, -1.32703)",EyeArea,15.4333782196045,0.1,12.4012203216553,1.20473229885101,-1.36282587051392,0.00073747700243,90.083440095379,0.0000012201708
1505,left road,1505,-0.00499999895692,0.0,7.59999990463257,0.05000000074506,0.0,0.64999997615814,-0.00499999895692,0.0,7.59999990463257,12.4012203216553,1.20473229885101,-1.36282587051392,12.3512735366821,1.19988203048706,-1.32674181461334,"(12.35127, 1.199882, -1.326742)",EyeArea,15.3524570465088,0.1,12.4012203216553,1.20473229885101,-1.36282587051392,0.00073747700243,90.083440095379,0.0000012201708
1506,left road,1506,0.09500000625849,0.0,7.59999990463257,0.15000000596046,0.0,0.64999997615814,0.09500000625849,0.0,7.59999990463257,12.4012203216553,1.20473229885101,-1.36282587051392,12.3512735366821,1.19984269142151,-1.32644903659821,"(12.35127, 1.199843, -1.326449)",EyeArea,15.2717609405518,0.1,12.4012203216553,1.20473229885101,-1.36282587051392,0.00073747700243,90.083440095379,0.0000012201708
1507,left road,1507,0.19499999284744,0.0,7.59999990463257,0.25,0.0,0.64999997615814,0.19499999284744,0.0,7.59999990463257,12.4012203216553,1.20473229885101,-1.36282587051392,12.3512735366821,1.19980263710022,-1.32615149021149,"(12.35127, 1.199803, -1.326151)",EyeArea,15.1912956237793,0.1,12.4012203216553,1.20473229885101,-1.36282587051392,0.00073747700243,90.083440095379,0.0000012201708
1508,left road,1508,0.29499998688698,0.0,7.59999990463257,0.34999999403954,0.0,0.64999997615814,0.29499998688698,0.0,7.59999990463257,12.4012203216553,1.20473229885101,-1.36282587051392,12.3512744903564,1.19976198673248,-1.32584822177887,"(12.35127, 1.199762, -1.325848)",EyeArea,15.1110620498657,0.1,12.4012203216553,1.20473229885101,-1.36282587051392,0.00073747700243,90.083440095379,0.0000012201708
1509,left road,1509,0.39499998092651,0.0,7.59999990463257,0.44999998807907,0.0,0.64999997615814,0.39499998092651,0.0,7.59999990463257,12.4012203216553,1.20473229885101,-1.36282587051392,12.3512744903564,1.19972062110901,-1.32554018497467,"(12.35127, 1.199721, -1.32554)",EyeArea,15.0310659408569,0.1,12.4012203216553,1.20473229885101,-1.36282587051392,0.00073747700243,90.083440095379,0.0000012201708
1510,left road,1510,0.49500000476837,0.0,7.59999990463257,0.55000001192093,0.0,0.64999997615814,0.49500000476837,0.0,7.59999990463257,12.4012203216553,1.20473229885101,-1.36282587051392,12.3512754440308,1.1996785402298,-1.32522833347321,"(12.35128, 1.199679, -1.325228)",EyeArea,14.9513111114502,0.1,12.4012203216553,1.20473229885101,-1.36282587051392,0.00073747700243,90.083440095379,0.0000012201708
1511,left road,1511,0.59499996900558,0.0,7.59999990463257,0.64999997615814,0.0,0.64999997615814,0.59499996900558,0.0,7.59999990463257,12.4012203216553,1.20473229885101,-1.36282587051392,12.3512754440308,1.19963574409485,-1.32490980625153,"(12.35128, 1.199636, -1.32491)",EyeArea,14.8718004226685,0.1,12.4012203216553,1.20473229885101,-1.36282587051392,0.00073747700243,90.083440095379,0.0000012201708
1512,left road,1512,0.69499999284744,0.0,7.59999990463257,0.75,0.0,0.64999997615814,0.69499999284744,0.0,7.59999990463257,12.4012203216553,1.20473229885101,-1.36282587051392,12.3512763977051,1.19959235191345,-1.32458651065826,"(12.35128, 1.199592, -1.324587)",EyeArea,14.7925395965576,0.1,12.4012203216553,1.20473229885101,-1.36282587051392,0.00073747700243,90.083440095379,0.0000012201708
1513,left road,1513,0.7950000166893,0.0,7.59999990463257,0.85000002384186,0.0,0.64999997615814,0.7950000166893,0.0,7.59999990463257,12.4012203216553,1.20473229885101,-1.36282587051392,12.3512763977051,1.19954812526703,-1.3242574930191,"(12.35128, 1.199548, -1.324257)",EyeArea,14.7135305404663,0.1,12.4012203216553,1.20473229885101,-1.36282587051392,0.00073747700243,90.083440095379,0.0000012201708
1514,left road,1514,0.89499998092651,0.0,7.59999990463257,0.94999998807907,0.0,0.64999997615814,0.89499998092651,0.0,7.59999990463257,12.4012203216553,1.20473229885101,-1.36282587051392,12.3512773513794,1.19950306415558,-1.32392275333405,"(12.35128, 1.199503, -1.323923)",EyeArea,14.6347780227661,0.1,12.4012203216553,1.20473229885101,-1.36282587051392,0.00073747700243,90.083440095379,0.0000012201708
1515,left road,1515,0.99499994516373,0.0,7.59999990463257,1.04999995231628,0.0,0.64999997615814,0.99499994516373,0.0,7.59999990463257,12.4012203216553,1.20473229885101,-1.36282587051392,12.3512773513794,1.19945728778839,-1.32358133792877,"(12.35128, 1.199457, -1.323581)",EyeArea,14.5562868118286,0.1,12.4012203216553,1.20473229885101,-1.36282587051392,0.00073747700243,90.083440095379,0.0000012201708
1516,left road,1516,1.09500002861023,0.0,7.59999990463257,1.14999997615814,0.0,0.64999997615814,1.09500002861023,0.0,7.59999990463257,12.4012203216553,1.20473229885101,-1.36282587051392,12.3512783050537,1.19941067695618,-1.32323515415192,"(12.35128, 1.199411, -1.323235)",EyeArea,14.4780607223511,0.1,12.4012203216553,1.20473229885101,-1.36282587051392,0.00073747700243,90.083440095379,0.0000012201708
1517,left road,1517,1.19500005245209,0.0,7.59999990463257,1.25,0.0,0.64999997615814,1.19500005245209,0.0,7.59999990463257,12.4012203216553,1.20473229885101,-1.36282587051392,12.3512783050537,1.19936323165894,-1.32288229465485,"(12.35128, 1.199363, -1.322882)",EyeArea,14.4001045227051,0.1,12.4012203216553,1.20473229885101,-1.36282587051392,0.00073747700243,90.083440095379,0.0000012201708
1518,left road,1518,1.29500007629395,0.0,7.59999990463257,1.35000002384186,0.0,0.64999997615814,1.29500007629395,0.0,7.59999990463257,12.4012203216553,1.20473229885101,-1.36282587051392,12.351279258728,1.19931495189667,-1.32252275943756,"(12.35128, 1.199315, -1.322523)",EyeArea,14.3224210739136,0.1,12.4012203216553,1.20473229885101,-1.36282587051392,0.00073747700243,90.083440095379,0.0000012201708
1519,left road,1519,1.3950001001358,0.0,7.59999990463257,1.45000004768372,0.0,0.64999997615814,1.3950001001358,0.0,7.59999990463257,12.4012203216553,1.20473229885101,-1.36282587051392,12.3512802124023,1.19926583766937,-1.32215750217438,"(12.35128, 1.199266, -1.322158)",EyeArea,14.2450170516968,0.1,12.4012203216553,1.20473229885101,-1.36282587051392,0.00073747700243,90.083440095379,0.0000012201708
1520,left road,1520,1.49500000476837,0.0,7.59999990463257,1.54999995231628,0.0,0.64999997615814,1.49500000476837,0.0,7.59999990463257,12.4012203216553,1.20473229885101,-1.36282587051392,12.3512802124023,1.19921576976776,-1.32178461551666,"(12.35128, 1.199216, -1.321785)",EyeArea,14.1678953170776,0.1,12.4012203216553,1.20473229885101,-1.36282587051392,0.00073747700243,90.083440095379,0.0000012201708
1521,left road,1521,1.59500002861023,0.0,7.59999990463257,1.64999997615814,0.0,0.64999997615814,1.59500002861023,0.0,7.59999990463257,12.4012203216553,1.20473229885101,-1.36282587051392,12.3512811660767,1.19916474819183,-1.32140505313873,"(12.35128, 1.199165, -1.321405)",EyeArea,14.0910615921021,0.1,12.4012203216553,1.20473229885101,-1.36282587051392,0.00073747700243,90.083440095379,0.0000012201708
1522,left road,1522,1.69500005245209,0.0,7.59999990463257,1.75,0.0,0.64999997615814,1.69500005245209,0.0,7.59999990463257,12.4012203216553,1.20473229885101,-1.36282587051392,12.3512811660767,1.19911277294159,-1.32101893424988,"(12.35128, 1.199113, -1.321019)",EyeArea,14.0145206451416,0.1,12.4012203216553,1.20473229885101,-1.36282587051392,0.00073747700243,90.083440095379,0.0000012201708
1523,left road,1523,1.79500007629395,0.0,7.59999990463257,1.85000002384186,0.0,0.64999997615814,1.79500007629395,0.0,7.59999990463257,12.4012203216553,1.20473229885101,-1.36282587051392,12.351282119751,1.19905984401703,-1.3206250667572,"(12.35128, 1.19906, -1.320625)",EyeArea,13.9382753372192,0.1,12.4012203216553,1.20473229885101,-1.36282587051392,0.00073747700243,90.083440095379,0.0000012201708
1524,left road,1524,1.8950001001358,0.0,7.59999990463257,1.95000004768372,0.0,0.64999997615814,1.8950001001358,0.0,7.59999990463257,12.4012203216553,1.20473229885101,-1.36282587051392,12.3512830734253,1.19900596141815,-1.32022452354431,"(12.35128, 1.199006, -1.320225)",EyeArea,13.8623332977295,0.1,12.4012203216553,1.20473229885101,-1.36282587051392,0.00073747700243,90.083440095379,0.0000012201708
1525,left road,1525,1.99500000476837,0.0,7.59999990463257,2.04999995231628,0.0,0.64999997615814,1.99500000476837,0.0,7.59999990463257,12.4012203216553,1.20473229885101,-1.36282587051392,12.3512830734253,1.19895100593567,-1.31981539726257,"(12.35128, 1.198951, -1.319815)",EyeArea,13.7866983413696,0.1,12.4012203216553,1.20473229885101,-1.36282587051392,0.00073747700243,90.083440095379,0.0000012201708
1526,left road,1526,2.09500002861023,0.0,7.59999990463257,2.15000009536743,0.0,0.64999997615814,2.09500002861023,0.0,7.59999990463257,12.4012203216553,1.20473229885101,-1.36282587051392,12.3512840270996,1.19889497756958,-1.3193986415863,"(12.35128, 1.198895, -1.319399)",EyeArea,13.7113752365112,0.1,12.4012203216553,1.20473229885101,-1.36282587051392,0.00073747700243,90.083440095379,0.0000012201708
1527,left road,1527,2.1949999332428,0.0,7.59999990463257,2.25,0.0,0.64999997615814,2.1949999332428,0.0,7.59999990463257,12.4012203216553,1.20473229885101,-1.36282587051392,12.3512840270996,1.19883787631989,-1.31897330284119,"(12.35128, 1.198838, -1.318973)",EyeArea,13.6363687515259,0.1,12.4012203216553,1.20473229885101,-1.36282587051392,0.00073747700243,90.083440095379,0.0000012201708
1528,left road,1528,2.29499983787537,0.0,7.59999990463257,2.34999990463257,0.0,0.64999997615814,2.29499983787537,0.0,7.59999990463257,12.4012203216553,1.20473229885101,-1.36282587051392,11.8569288253784,1.13984894752502,-0.88011348247528,"(11.85693, 1.139849, -0.880113)",truck body CS,13.5616855621338,0.1,12.4012203216553,1.20473229885101,-1.36282587051392,0.00073747700243,90.083440095379,0.0000012201708
1529,left road,1529,2.39499998092651,0.0,7.59999990463257,2.45000004768372,0.0,0.64999997615814,2.39499998092651,0.0,7.59999990463257,12.4012203216553,1.20473229885101,-1.36282587051392,11.855712890625,1.1390540599823,-0.8742002248764,"(11.85571, 1.139054, -0.8742)",truck body CS,13.4873294830322,0.1,12.4012203216553,1.20473229885101,-1.36282587051392,0.00073747700243,90.083440095379,0.0000012201708
1530,left road,1530,2.49499988555908,0.0,7.59999990463257,2.54999995231628,0.0,0.64999997615814,2.49499988555908,0.0,7.59999990463257,12.4012203216553,1.20473229885101,-1.36282587051392,11.8544616699219,1.13823890686035,-0.86813616752625,"(11.85446, 1.138239, -0.868136)",truck body CS,13.4133081436157,0.1,12.4012203216553,1.20473229885101,-1.36282587051392,0.00073747700243,90.083440095379,0.0000012201708
1531,left road,1531,2.59500002861023,0.0,7.59999990463257,2.65000009536743,0.0,0.64999997615814,2.59500002861023,0.0,7.59999990463257,12.4012203216553,1.20473229885101,-1.36282587051392,11.8531770706177,1.13740301132202,-0.86191761493683,"(11.85318, 1.137403, -0.861918)",truck body CS,13.3396244049072,0.1,12.4012203216553,1.20473229885101,-1.36282587051392,0.00073747700243,90.083440095379,0.0000012201708
1532,left road,1532,2.6949999332428,0.0,7.59999990463257,2.75,0.0,0.64999997615814,2.6949999332428,0.0,7.59999990463257,12.4012203216553,1.20473229885101,-1.36282587051392,11.8532600402832,1.13671958446503,-0.8568320274353,"(11.85326, 1.13672, -0.856832)",truck body CS,13.2662858963013,0.1,12.4012203216553,1.20473229885101,-1.36282587051392,0.00073747700243,90.083440095379,0.0000012201708
1533,left road,1533,2.79499983787537,0.0,7.59999990463257,2.84999990463257,0.0,0.64999997615814,2.79499983787537,0.0,7.59999990463257,12.4012203216553,1.20473229885101,-1.36282587051392,11.8534097671509,1.13603043556213,-0.85170561075211,"(11.85341, 1.13603, -0.851706)",truck body CS,13.1932964324951,0.1,12.4012203216553,1.20473229885101,-1.36282587051392,0.00073747700243,90.083440095379,0.0000012201708
1534,left road,1534,2.89499998092651,0.0,7.59999990463257,2.95000004768372,0.0,0.64999997615814,2.89499998092651,0.0,7.59999990463257,12.4012203216553,1.20473229885101,-1.36282587051392,11.8535623550415,1.13532686233521,-0.84647238254547,"(11.85356, 1.135327, -0.846472)",truck body CS,13.1206645965576,0.1,12.4012203216553,1.20473229885101,-1.36282587051392,0.00073747700243,90.083440095379,0.0000012201708
1535,left road,1535,2.99499988555908,0.0,7.59999990463257,3.04999995231628,0.0,0.64999997615814,2.99499988555908,0.0,7.59999990463257,12.4012203216553,1.20473229885101,-1.36282587051392,11.8537158966064,1.13460886478424,-0.84112936258316,"(11.85372, 1.134609, -0.841129)",truck body CS,13.0483951568604,0.1,12.4012203216553,1.20473229885101,-1.36282587051392,0.00073747700243,90.083440095379,0.0000012201708
1536,left road,1536,3.09500002861023,0.0,7.59999990463257,3.15000009536743,0.0,0.64999997615814,3.09500002861023,0.0,7.59999990463257,12.4012203216553,1.20473229885101,-1.36282587051392,11.8538751602173,1.13387584686279,-0.83567708730698,"(11.85388, 1.133876, -0.835677)",truck body CS,12.9764919281006,0.1,12.4012203216553,1.20473229885101,-1.36282587051392,0.00073747700243,90.083440095379,0.0000012201708
1537,left road,1537,3.1949999332428,0.0,7.59999990463257,3.25,0.0,0.64999997615814,3.1949999332428,0.0,7.59999990463257,12.4012203216553,1.20473229885101,-1.36282587051392,11.8540372848511,1.13312745094299,-0.83010876178741,"(11.85404, 1.133127, -0.830109)",truck body CS,12.9049644470215,0.1,12.4012203216553,1.20473229885101,-1.36282587051392,0.00073747700243,90.083440095379,0.0000012201708
1538,left road,1538,3.29499983787537,0.0,7.59999990463257,3.34999990463257,0.0,0.64999997615814,3.29499983787537,0.0,7.59999990463257,12.4012203216553,1.20473229885101,-1.36282587051392,11.8542032241821,1.13236308097839,-0.82442152500153,"(11.8542, 1.132363, -0.824422)",truck body CS,12.8338174819946,0.1,12.4012203216553,1.20473229885101,-1.36282587051392,0.00073747700243,90.083440095379,0.0000012201708
1539,left road,1539,3.39499998092651,0.0,7.59999990463257,3.45000004768372,0.0,0.64999997615814,3.39499998092651,0.0,7.59999990463257,12.4012203216553,1.20473229885101,-1.36282587051392,11.8543758392334,1.13158273696899,-0.81861585378647,"(11.85438, 1.131583, -0.818616)",truck body CS,12.7630567550659,0.1,12.4012203216553,1.20473229885101,-1.36282587051392,0.00073747700243,90.083440095379,0.0000012201708
1540,left road,1540,-3.50500011444092,0.0,7.69999980926514,-3.45000004768372,0.0,0.75,-3.50500011444092,0.0,7.69999980926514,12.4012203216553,1.20473229885101,-1.36282587051392,11.7941064834595,1.15874969959259,-1.01691269874573,"(11.79411, 1.15875, -1.016913)",truck body CS,18.3465003967285,0.1,12.4012203216553,1.20473229885101,-1.36282587051392,0.00073747700243,90.083440095379,0.0000012201708
1541,left road,1541,-3.40499997138977,0.0,7.69999980926514,-3.34999990463257,0.0,0.75,-3.40499997138977,0.0,7.69999980926514,12.4012203216553,1.20473229885101,-1.36282587051392,11.7972373962402,1.15869736671448,-1.01651930809021,"(11.79724, 1.158697, -1.016519)",truck body CS,18.2598686218262,0.1,12.4012203216553,1.20473229885101,-1.36282587051392,0.00073747700243,90.083440095379,0.0000012201708
1542,left road,1542,-3.3050000667572,0.0,7.69999980926514,-3.25,0.0,0.75,-3.3050000667572,0.0,7.69999980926514,12.4012203216553,1.20473229885101,-1.36282587051392,11.8007526397705,1.15867376327515,-1.01634311676025,"(11.80075, 1.158674, -1.016343)",truck body CS,18.173376083374,0.1,12.4012203216553,1.20473229885101,-1.36282587051392,0.00073747700243,90.083440095379,0.0000012201708
1543,left road,1543,-3.20500016212463,0.0,7.69999980926514,-3.15000009536743,0.0,0.75,-3.20500016212463,0.0,7.69999980926514,12.4012203216553,1.20473229885101,-1.36282587051392,11.804271697998,1.15865051746368,-1.01616644859314,"(11.80427, 1.158651, -1.016166)",truck body CS,18.0870208740234,0.1,12.4012203216553,1.20473229885101,-1.36282587051392,0.00073747700243,90.083440095379,0.0000012201708
1544,left road,1544,-3.10500001907349,0.0,7.69999980926514,-3.04999995231628,0.0,0.75,-3.10500001907349,0.0,7.69999980926514,12.4012203216553,1.20473229885101,-1.36282587051392,11.8077945709229,1.15862691402435,-1.01599025726318,"(11.80779, 1.158627, -1.01599)",truck body CS,18.0008068084717,0.1,12.4012203216553,1.20473229885101,-1.36282587051392,0.00073747700243,90.083440095379,0.0000012201708
1545,left road,1545,-3.00500011444092,0.0,7.69999980926514,-2.95000004768372,0.0,0.75,-3.00500011444092,0.0,7.69999980926514,12.4012203216553,1.20473229885101,-1.36282587051392,11.8113212585449,1.1586035490036,-1.01581358909607,"(11.81132, 1.158604, -1.015814)",truck body CS,17.914737701416,0.1,12.4012203216553,1.20473229885101,-1.36282587051392,0.00073747700243,90.083440095379,0.0000012201708
1546,left road,1546,-2.90499997138977,0.0,7.69999980926514,-2.84999990463257,0.0,0.75,-2.90499997138977,0.0,7.69999980926514,12.4012203216553,1.20473229885101,-1.36282587051392,11.8148498535156,1.15857970714569,-1.01563501358032,"(11.81485, 1.15858, -1.015635)",truck body CS,17.8288135528564,0.1,12.4012203216553,1.20473229885101,-1.36282587051392,0.00073747700243,90.083440095379,0.0000012201708
1547,left road,1547,-2.8050000667572,0.0,7.69999980926514,-2.75,0.0,0.75,-2.8050000667572,0.0,7.69999980926514,12.4012203216553,1.20473229885101,-1.36282587051392,11.8183832168579,1.15855622291565,-1.01545822620392,"(11.81838, 1.158556, -1.015458)",truck body CS,17.7430362701416,0.1,12.4012203216553,1.20473229885101,-1.36282587051392,0.00073747700243,90.083440095379,0.0000012201708
1548,left road,1548,-2.70500016212463,0.0,7.69999980926514,-2.65000009536743,0.0,0.75,-2.70500016212463,0.0,7.69999980926514,12.4012203216553,1.20473229885101,-1.36282587051392,11.8220386505127,1.15854203701019,-1.01535129547119,"(11.82204, 1.158542, -1.015351)",truck body CS,17.6574096679688,0.1,12.4012203216553,1.20473229885101,-1.36282587051392,0.00073747700243,90.083440095379,0.0000012201708
1549,left road,1549,-2.60500001907349,0.0,7.69999980926514,-2.54999995231628,0.0,0.75,-2.60500001907349,0.0,7.69999980926514,12.4012203216553,1.20473229885101,-1.36282587051392,11.8255767822266,1.15851831436157,-1.01517271995544,"(11.82558, 1.158518, -1.015173)",truck body CS,17.5719337463379,0.1,12.4012203216553,1.20473229885101,-1.36282587051392,0.00073747700243,90.083440095379,0.0000012201708
1550,left road,1550,-2.50500011444092,0.0,7.69999980926514,-2.45000004768372,0.0,0.75,-2.50500011444092,0.0,7.69999980926514,12.4012203216553,1.20473229885101,-1.36282587051392,11.8282279968262,1.15842247009277,-1.01445209980011,"(11.82823, 1.158422, -1.014452)",truck body CS,17.4866123199463,0.1,12.4012203216553,1.20473229885101,-1.36282587051392,0.00073747700243,90.083440095379,0.0000012201708
1551,left road,1551,-2.40499997138977,0.0,7.69999980926514,-2.34999990463257,0.0,0.75,-2.40499997138977,0.0,7.69999980926514,12.4012203216553,1.20473229885101,-1.36282587051392,11.8290548324585,1.1581768989563,-1.0126051902771,"(11.82905, 1.158177, -1.012605)",truck body CS,17.4014472961426,0.1,12.4012203216553,1.20473229885101,-1.36282587051392,0.00073747700243,90.083440095379,0.0000012201708
1552,left road,1552,-2.3050000667572,0.0,7.69999980926514,-2.25,0.0,0.75,-2.3050000667572,0.0,7.69999980926514,12.4012203216553,1.20473229885101,-1.36282587051392,11.8315687179565,1.15806651115417,-1.0117734670639,"(11.83157, 1.158067, -1.011773)",truck body CS,17.3164405822754,0.1,12.4012203216553,1.20473229885101,-1.36282587051392,0.00073747700243,90.083440095379,0.0000012201708
1553,left road,1553,-2.20500016212463,0.0,7.69999980926514,-2.15000009536743,0.0,0.75,-2.20500016212463,0.0,7.69999980926514,12.4012203216553,1.20473229885101,-1.36282587051392,11.8350496292114,1.15803408622742,-1.01152944564819,"(11.83505, 1.158034, -1.011529)",truck body CS,17.231595993042,0.1,12.4012203216553,1.20473229885101,-1.36282587051392,0.00073747700243,90.083440095379,0.0000012201708
1554,left road,1554,-2.10500001907349,0.0,7.69999980926514,-2.04999995231628,0.0,0.75,-2.10500001907349,0.0,7.69999980926514,12.4012203216553,1.20473229885101,-1.36282587051392,11.8392210006714,1.15805852413177,-1.01171374320984,"(11.83922, 1.158059, -1.011714)",truck body CS,17.1469135284424,0.1,12.4012203216553,1.20473229885101,-1.36282587051392,0.00073747700243,90.083440095379,0.0000012201708
1555,left road,1555,-2.00500011444092,0.0,7.69999980926514,-1.95000004768372,0.0,0.75,-2.00500011444092,0.0,7.69999980926514,12.4012203216553,1.20473229885101,-1.36282587051392,11.8433885574341,1.15808296203613,-1.01189804077148,"(11.84339, 1.158083, -1.011898)",truck body CS,17.0623970031738,0.1,12.4012203216553,1.20473229885101,-1.36282587051392,0.00073747700243,90.083440095379,0.0000012201708
1556,left road,1556,-1.90499997138977,0.0,7.69999980926514,-1.85000002384186,0.0,0.75,-1.90499997138977,0.0,7.69999980926514,12.4012203216553,1.20473229885101,-1.36282587051392,11.8475675582886,1.15810894966125,-1.01209330558777,"(11.84757, 1.158109, -1.012093)",truck body CS,16.978048324585,0.1,12.4012203216553,1.20473229885101,-1.36282587051392,0.00073747700243,90.083440095379,0.0000012201708
1557,left road,1557,-1.80499994754791,0.0,7.69999980926514,-1.75,0.0,0.75,-1.80499994754791,0.0,7.69999980926514,12.4012203216553,1.20473229885101,-1.36282587051392,11.8521757125854,1.15817165374756,-1.01256442070007,"(11.85218, 1.158172, -1.012564)",truck body CS,16.8938732147217,0.1,12.4012203216553,1.20473229885101,-1.36282587051392,0.00073747700243,90.083440095379,0.0000012201708
1558,left road,1558,-1.70499992370605,0.0,7.69999980926514,-1.64999997615814,0.0,0.75,-1.70499992370605,0.0,7.69999980926514,12.4012203216553,1.20473229885101,-1.36282587051392,11.8773241043091,1.15998911857605,-1.02623796463013,"(11.87732, 1.159989, -1.026238)",truck body CS,16.8098678588867,0.1,12.4012203216553,1.20473229885101,-1.36282587051392,0.00073747700243,90.083440095379,0.0000012201708
1559,left road,1559,-1.6049998998642,0.0,7.69999980926514,-1.54999995231628,0.0,0.75,-1.6049998998642,0.0,7.69999980926514,12.4012203216553,1.20473229885101,-1.36282587051392,11.8808269500732,1.15997111797333,-1.02610146999359,"(11.88083, 1.159971, -1.026101)",truck body CS,16.7260398864746,0.1,12.4012203216553,1.20473229885101,-1.36282587051392,0.00073747700243,90.083440095379,0.0000012201708
1560,left road,1560,-1.50499999523163,0.0,7.69999980926514,-1.45000004768372,0.0,0.75,-1.50499999523163,0.0,7.69999980926514,12.4012203216553,1.20473229885101,-1.36282587051392,11.8843212127686,1.15995180606842,-1.02595710754395,"(11.88432, 1.159952, -1.025957)",truck body CS,16.642391204834,0.1,12.4012203216553,1.20473229885101,-1.36282587051392,0.00073747700243,90.083440095379,0.0000012201708
1561,left road,1561,-1.40499997138977,0.0,7.69999980926514,-1.35000002384186,0.0,0.75,-1.40499997138977,0.0,7.69999980926514,12.4012203216553,1.20473229885101,-1.36282587051392,11.8877468109131,1.15992641448975,-1.02576553821564,"(11.88775, 1.159926, -1.025766)",truck body CS,16.5589218139648,0.1,12.4012203216553,1.20473229885101,-1.36282587051392,0.00073747700243,90.083440095379,0.0000012201708
1562,left road,1562,-1.30499994754791,0.0,7.69999980926514,-1.25,0.0,0.75,-1.30499994754791,0.0,7.69999980926514,12.4012203216553,1.20473229885101,-1.36282587051392,11.8913774490356,1.15991878509521,-1.02570736408234,"(11.89138, 1.159919, -1.025707)",truck body CS,16.4756393432617,0.1,12.4012203216553,1.20473229885101,-1.36282587051392,0.00073747700243,90.083440095379,0.0000012201708
1563,left road,1563,-1.20499992370605,0.0,7.69999980926514,-1.14999997615814,0.0,0.75,-1.20499992370605,0.0,7.69999980926514,12.4012203216553,1.20473229885101,-1.36282587051392,11.8955068588257,1.15995502471924,-1.02597999572754,"(11.89551, 1.159955, -1.02598)",truck body CS,16.392541885376,0.1,12.4012203216553,1.20473229885101,-1.36282587051392,0.00073747700243,90.083440095379,0.0000012201708
1564,left road,1564,-1.1049998998642,0.0,7.69999980926514,-1.04999995231628,0.0,0.75,-1.1049998998642,0.0,7.69999980926514,12.4012203216553,1.20473229885101,-1.36282587051392,12.3512697219849,1.20027673244476,-1.32930910587311,"(12.35127, 1.200277, -1.329309)",EyeArea,16.3096351623535,0.1,12.4012203216553,1.20473229885101,-1.36282587051392,0.00073747700243,90.083440095379,0.0000012201708
1565,left road,1565,-1.00499999523163,0.0,7.69999980926514,-0.94999998807907,0.0,0.75,-1.00499999523163,0.0,7.69999980926514,12.4012203216553,1.20473229885101,-1.36282587051392,12.3512697219849,1.20024347305298,-1.32905828952789,"(12.35127, 1.200243, -1.329058)",EyeArea,16.226921081543,0.1,12.4012203216553,1.20473229885101,-1.36282587051392,0.00073747700243,90.083440095379,0.0000012201708
1566,left road,1566,-0.90500003099442,0.0,7.69999980926514,-0.85000002384186,0.0,0.75,-0.90500003099442,0.0,7.69999980926514,12.4012203216553,1.20473229885101,-1.36282587051392,12.3512697219849,1.20020985603333,-1.32880461215973,"(12.35127, 1.20021, -1.328805)",EyeArea,16.144401550293,0.1,12.4012203216553,1.20473229885101,-1.36282587051392,0.00073747700243,90.083440095379,0.0000012201708
1567,left road,1567,-0.80500000715256,0.0,7.69999980926514,-0.75,0.0,0.75,-0.80500000715256,0.0,7.69999980926514,12.4012203216553,1.20473229885101,-1.36282587051392,12.3512706756592,1.20017564296722,-1.32854902744293,"(12.35127, 1.200176, -1.328549)",EyeArea,16.0620822906494,0.1,12.4012203216553,1.20473229885101,-1.36282587051392,0.00073747700243,90.083440095379,0.0000012201708
1568,left road,1568,-0.7049999833107,0.0,7.69999980926514,-0.64999997615814,0.0,0.75,-0.7049999833107,0.0,7.69999980926514,12.4012203216553,1.20473229885101,-1.36282587051392,12.3512706756592,1.20014083385468,-1.32828676700592,"(12.35127, 1.200141, -1.328287)",EyeArea,15.9799633026123,0.1,12.4012203216553,1.20473229885101,-1.36282587051392,0.00073747700243,90.083440095379,0.0000012201708
1569,left road,1569,-0.60500001907349,0.0,7.69999980926514,-0.55000001192093,0.0,0.75,-0.60500001907349,0.0,7.69999980926514,12.4012203216553,1.20473229885101,-1.36282587051392,12.3512716293335,1.20010566711426,-1.32802069187164,"(12.35127, 1.200106, -1.328021)",EyeArea,15.8980484008789,0.1,12.4012203216553,1.20473229885101,-1.36282587051392,0.00073747700243,90.083440095379,0.0000012201708
1570,left road,1570,-0.50499999523163,0.0,7.69999980926514,-0.44999998807907,0.0,0.75,-0.50499999523163,0.0,7.69999980926514,12.4012203216553,1.20473229885101,-1.36282587051392,12.3512716293335,1.2000697851181,-1.32775270938873,"(12.35127, 1.20007, -1.327753)",EyeArea,15.8163442611694,0.1,12.4012203216553,1.20473229885101,-1.36282587051392,0.00073747700243,90.083440095379,0.0000012201708
1571,left road,1571,-0.40500000119209,0.0,7.69999980926514,-0.34999999403954,0.0,0.75,-0.40500000119209,0.0,7.69999980926514,12.4012203216553,1.20473229885101,-1.36282587051392,12.3512716293335,1.20003342628479,-1.32747805118561,"(12.35127, 1.200033, -1.327478)",EyeArea,15.7348489761353,0.1,12.4012203216553,1.20473229885101,-1.36282587051392,0.00073747700243,90.083440095379,0.0000012201708
1572,left road,1572,-0.30500000715256,0.0,7.69999980926514,-0.25,0.0,0.75,-0.30500000715256,0.0,7.69999980926514,12.4012203216553,1.20473229885101,-1.36282587051392,12.3512725830078,1.19999647140503,-1.32719957828522,"(12.35127, 1.199996, -1.3272)",EyeArea,15.6535692214966,0.1,12.4012203216553,1.20473229885101,-1.36282587051392,0.00073747700243,90.083440095379,0.0000012201708
1573,left road,1573,-0.20500001311302,0.0,7.69999980926514,-0.15000000596046,0.0,0.75,-0.20500001311302,0.0,7.69999980926514,12.4012203216553,1.20473229885101,-1.36282587051392,12.3512725830078,1.19995903968811,-1.32691919803619,"(12.35127, 1.199959, -1.326919)",EyeArea,15.5725078582764,0.1,12.4012203216553,1.20473229885101,-1.36282587051392,0.00073747700243,90.083440095379,0.0000012201708
1574,left road,1574,-0.10500000417233,0.0,7.69999980926514,-0.05000000074506,0.0,0.75,-0.10500000417233,0.0,7.69999980926514,12.4012203216553,1.20473229885101,-1.36282587051392,12.3512735366821,1.19992089271545,-1.32663118839264,"(12.35127, 1.199921, -1.326631)",EyeArea,15.4916667938232,0.1,12.4012203216553,1.20473229885101,-1.36282587051392,0.00073747700243,90.083440095379,0.0000012201708
1575,left road,1575,-0.00499999895692,0.0,7.69999980926514,0.05000000074506,0.0,0.75,-0.00499999895692,0.0,7.69999980926514,12.4012203216553,1.20473229885101,-1.36282587051392,12.3512735366821,1.19988203048706,-1.32634031772614,"(12.35127, 1.199882, -1.32634)",EyeArea,15.4110517501831,0.1,12.4012203216553,1.20473229885101,-1.36282587051392,0.00073747700243,90.083440095379,0.0000012201708
1576,left road,1576,0.09500000625849,0.0,7.69999980926514,0.15000000596046,0.0,0.75,0.09500000625849,0.0,7.69999980926514,12.4012203216553,1.20473229885101,-1.36282587051392,12.3512744903564,1.19984269142151,-1.32604467868805,"(12.35127, 1.199843, -1.326045)",EyeArea,15.3306646347046,0.1,12.4012203216553,1.20473229885101,-1.36282587051392,0.00073747700243,90.083440095379,0.0000012201708
1577,left road,1577,0.19499999284744,0.0,7.69999980926514,0.25,0.0,0.75,0.19499999284744,0.0,7.69999980926514,12.4012203216553,1.20473229885101,-1.36282587051392,12.3512744903564,1.19980275630951,-1.32574236392975,"(12.35127, 1.199803, -1.325742)",EyeArea,15.250509262085,0.1,12.4012203216553,1.20473229885101,-1.36282587051392,0.00073747700243,90.083440095379,0.0000012201708
1578,left road,1578,0.29499998688698,0.0,7.69999980926514,0.34999999403954,0.0,0.75,0.29499998688698,0.0,7.69999980926514,12.4012203216553,1.20473229885101,-1.36282587051392,12.3512754440308,1.19976198673248,-1.3254371881485,"(12.35128, 1.199762, -1.325437)",EyeArea,15.1705884933472,0.1,12.4012203216553,1.20473229885101,-1.36282587051392,0.00073747700243,90.083440095379,0.0000012201708
1579,left road,1579,0.39499998092651,0.0,7.69999980926514,0.44999998807907,0.0,0.75,0.39499998092651,0.0,7.69999980926514,12.4012203216553,1.20473229885101,-1.36282587051392,12.3512754440308,1.19972062110901,-1.32512629032135,"(12.35128, 1.199721, -1.325126)",EyeArea,15.0909090042114,0.1,12.4012203216553,1.20473229885101,-1.36282587051392,0.00073747700243,90.083440095379,0.0000012201708
1580,left road,1580,0.49500000476837,0.0,7.69999980926514,0.55000001192093,0.0,0.75,0.49500000476837,0.0,7.69999980926514,12.4012203216553,1.20473229885101,-1.36282587051392,12.3512763977051,1.19967865943909,-1.32480871677399,"(12.35128, 1.199679, -1.324809)",EyeArea,15.0114727020264,0.1,12.4012203216553,1.20473229885101,-1.36282587051392,0.00073747700243,90.083440095379,0.0000012201708
1581,left road,1581,0.59499996900558,0.0,7.69999980926514,0.64999997615814,0.0,0.75,0.59499996900558,0.0,7.69999980926514,12.4012203216553,1.20473229885101,-1.36282587051392,12.3512763977051,1.19963586330414,-1.32448828220367,"(12.35128, 1.199636, -1.324488)",EyeArea,14.9322814941406,0.1,12.4012203216553,1.20473229885101,-1.36282587051392,0.00073747700243,90.083440095379,0.0000012201708
1582,left road,1582,0.69499999284744,0.0,7.69999980926514,0.75,0.0,0.75,0.69499999284744,0.0,7.69999980926514,12.4012203216553,1.20473229885101,-1.36282587051392,12.3512773513794,1.19959235191345,-1.32416021823883,"(12.35128, 1.199592, -1.32416)",EyeArea,14.8533430099487,0.1,12.4012203216553,1.20473229885101,-1.36282587051392,0.00073747700243,90.083440095379,0.0000012201708
1583,left road,1583,0.7950000166893,0.0,7.69999980926514,0.85000002384186,0.0,0.75,0.7950000166893,0.0,7.69999980926514,12.4012203216553,1.20473229885101,-1.36282587051392,12.3512773513794,1.19954812526703,-1.3238273859024,"(12.35128, 1.199548, -1.323827)",EyeArea,14.7746591567993,0.1,12.4012203216553,1.20473229885101,-1.36282587051392,0.00073747700243,90.083440095379,0.0000012201708
1584,left road,1584,0.89499998092651,0.0,7.69999980926514,0.94999998807907,0.0,0.75,0.89499998092651,0.0,7.69999980926514,12.4012203216553,1.20473229885101,-1.36282587051392,12.3512783050537,1.19950318336487,-1.3234897851944,"(12.35128, 1.199503, -1.32349)",EyeArea,14.696234703064,0.1,12.4012203216553,1.20473229885101,-1.36282587051392,0.00073747700243,90.083440095379,0.0000012201708
1585,left road,1585,0.99499994516373,0.0,7.69999980926514,1.04999995231628,0.0,0.75,0.99499994516373,0.0,7.69999980926514,12.4012203216553,1.20473229885101,-1.36282587051392,12.3512783050537,1.19945728778839,-1.32314455509186,"(12.35128, 1.199457, -1.323145)",EyeArea,14.6180734634399,0.1,12.4012203216553,1.20473229885101,-1.36282587051392,0.00073747700243,90.083440095379,0.0000012201708
1586,left road,1586,1.09500002861023,0.0,7.69999980926514,1.14999997615814,0.0,0.75,1.09500002861023,0.0,7.69999980926514,12.4012203216553,1.20473229885101,-1.36282587051392,12.351279258728,1.19941067695618,-1.32279360294342,"(12.35128, 1.199411, -1.322794)",EyeArea,14.5401792526245,0.1,12.4012203216553,1.20473229885101,-1.36282587051392,0.00073747700243,90.083440095379,0.0000012201708
1587,left road,1587,1.19500005245209,0.0,7.69999980926514,1.25,0.0,0.75,1.19500005245209,0.0,7.69999980926514,12.4012203216553,1.20473229885101,-1.36282587051392,12.351279258728,1.19936335086823,-1.3224378824234,"(12.35128, 1.199363, -1.322438)",EyeArea,14.4625577926636,0.1,12.4012203216553,1.20473229885101,-1.36282587051392,0.00073747700243,90.083440095379,0.0000012201708
1588,left road,1588,1.29500007629395,0.0,7.69999980926514,1.35000002384186,0.0,0.75,1.29500007629395,0.0,7.69999980926514,12.4012203216553,1.20473229885101,-1.36282587051392,12.3512802124023,1.19931507110596,-1.32207357883453,"(12.35128, 1.199315, -1.322074)",EyeArea,14.3852119445801,0.1,12.4012203216553,1.20473229885101,-1.36282587051392,0.00073747700243,90.083440095379,0.0000012201708
1589,left road,1589,1.3950001001358,0.0,7.69999980926514,1.45000004768372,0.0,0.75,1.3950001001358,0.0,7.69999980926514,12.4012203216553,1.20473229885101,-1.36282587051392,12.3512802124023,1.19926583766937,-1.3217054605484,"(12.35128, 1.199266, -1.321705)",EyeArea,14.3081474304199,0.1,12.4012203216553,1.20473229885101,-1.36282587051392,0.00073747700243,90.083440095379,0.0000012201708
1590,left road,1590,1.49500000476837,0.0,7.69999980926514,1.54999995231628,0.0,0.75,1.49500000476837,0.0,7.69999980926514,12.4012203216553,1.20473229885101,-1.36282587051392,12.3512811660767,1.19921588897705,-1.32132875919342,"(12.35128, 1.199216, -1.321329)",EyeArea,14.2313680648804,0.1,12.4012203216553,1.20473229885101,-1.36282587051392,0.00073747700243,90.083440095379,0.0000012201708
1591,left road,1591,1.59500002861023,0.0,7.69999980926514,1.64999997615814,0.0,0.75,1.59500002861023,0.0,7.69999980926514,12.4012203216553,1.20473229885101,-1.36282587051392,12.3512811660767,1.19916474819183,-1.32094359397888,"(12.35128, 1.199165, -1.320944)",EyeArea,14.154878616333,0.1,12.4012203216553,1.20473229885101,-1.36282587051392,0.00073747700243,90.083440095379,0.0000012201708
1592,left road,1592,1.69500005245209,0.0,7.69999980926514,1.75,0.0,0.75,1.69500005245209,0.0,7.69999980926514,12.4012203216553,1.20473229885101,-1.36282587051392,12.351282119751,1.19911289215088,-1.32055449485779,"(12.35128, 1.199113, -1.320554)",EyeArea,14.0786838531494,0.1,12.4012203216553,1.20473229885101,-1.36282587051392,0.00073747700243,90.083440095379,0.0000012201708
1593,left road,1593,1.79500007629395,0.0,7.69999980926514,1.85000002384186,0.0,0.75,1.79500007629395,0.0,7.69999980926514,12.4012203216553,1.20473229885101,-1.36282587051392,12.3512830734253,1.19905996322632,-1.32015585899353,"(12.35128, 1.19906, -1.320156)",EyeArea,14.0027885437012,0.1,12.4012203216553,1.20473229885101,-1.36282587051392,0.00073747700243,90.083440095379,0.0000012201708
1594,left road,1594,1.8950001001358,0.0,7.69999980926514,1.95000004768372,0.0,0.75,1.8950001001358,0.0,7.69999980926514,12.4012203216553,1.20473229885101,-1.36282587051392,12.3512830734253,1.19900608062744,-1.31974959373474,"(12.35128, 1.199006, -1.31975)",EyeArea,13.9271984100342,0.1,12.4012203216553,1.20473229885101,-1.36282587051392,0.00073747700243,90.083440095379,0.0000012201708
1595,left road,1595,1.99500000476837,0.0,7.69999980926514,2.04999995231628,0.0,0.75,1.99500000476837,0.0,7.69999980926514,12.4012203216553,1.20473229885101,-1.36282587051392,12.3512840270996,1.19895112514496,-1.31933665275574,"(12.35128, 1.198951, -1.319337)",EyeArea,13.8519172668457,0.1,12.4012203216553,1.20473229885101,-1.36282587051392,0.00073747700243,90.083440095379,0.0000012201708
1596,left road,1596,2.09500002861023,0.0,7.69999980926514,2.15000009536743,0.0,0.75,2.09500002861023,0.0,7.69999980926514,12.4012203216553,1.20473229885101,-1.36282587051392,12.3512849807739,1.19889509677887,-1.3189160823822,"(12.35128, 1.198895, -1.318916)",EyeArea,13.7769508361816,0.1,12.4012203216553,1.20473229885101,-1.36282587051392,0.00073747700243,90.083440095379,0.0000012201708
1597,left road,1597,2.1949999332428,0.0,7.69999980926514,2.25,0.0,0.75,2.1949999332428,0.0,7.69999980926514,12.4012203216553,1.20473229885101,-1.36282587051392,11.858980178833,1.1407265663147,-0.881332218647,"(11.85898, 1.140727, -0.881332)",truck body CS,13.7023038864136,0.1,12.4012203216553,1.20473229885101,-1.36282587051392,0.00073747700243,90.083440095379,0.0000012201708
1598,left road,1598,2.29499983787537,0.0,7.69999980926514,2.34999990463257,0.0,0.75,2.29499983787537,0.0,7.69999980926514,12.4012203216553,1.20473229885101,-1.36282587051392,11.8578004837036,1.13995289802551,-0.8755105137825,"(11.8578, 1.139953, -0.875511)",truck body CS,13.6279821395874,0.1,12.4012203216553,1.20473229885101,-1.36282587051392,0.00073747700243,90.083440095379,0.0000012201708
1599,left road,1599,2.39499998092651,0.0,7.69999980926514,2.45000004768372,0.0,0.75,2.39499998092651,0.0,7.69999980926514,12.4012203216553,1.20473229885101,-1.36282587051392,11.856593132019,1.13915991783142,-0.86954599618912,"(11.85659, 1.13916, -0.869546)",truck body CS,13.5539894104004,0.1,12.4012203216553,1.20473229885101,-1.36282587051392,0.00073747700243,90.083440095379,0.0000012201708
1600,left road,1600,2.49499988555908,0.0,7.69999980926514,2.54999995231628,0.0,0.75,2.49499988555908,0.0,7.69999980926514,12.4012203216553,1.20473229885101,-1.36282587051392,11.8553590774536,1.13834810256958,-0.8634380698204,"(11.85536, 1.138348, -0.863438)",truck body CS,13.4803333282471,0.1,12.4012203216553,1.20473229885101,-1.36282587051392,0.00073747700243,90.083440095379,0.0000012201708
1601,left road,1601,2.59500002861023,0.0,7.69999980926514,2.65000009536743,0.0,0.75,2.59500002861023,0.0,7.69999980926514,12.4012203216553,1.20473229885101,-1.36282587051392,11.8549337387085,1.13761878013611,-0.85795134305954,"(11.85493, 1.137619, -0.857951)",truck body CS,13.407018661499,0.1,12.4012203216553,1.20473229885101,-1.36282587051392,0.00073747700243,90.083440095379,0.0000012201708
1602,left road,1602,2.6949999332428,0.0,7.69999980926514,2.75,0.0,0.75,2.6949999332428,0.0,7.69999980926514,12.4012203216553,1.20473229885101,-1.36282587051392,11.8550977706909,1.13694763183594,-0.85290366411209,"(11.8551, 1.136948, -0.852904)",truck body CS,13.3340501785278,0.1,12.4012203216553,1.20473229885101,-1.36282587051392,0.00073747700243,90.083440095379,0.0000012201708
1603,left road,1603,2.79499983787537,0.0,7.69999980926514,2.84999990463257,0.0,0.75,2.79499983787537,0.0,7.69999980926514,12.4012203216553,1.20473229885101,-1.36282587051392,11.8552656173706,1.13626313209534,-0.84775412082672,"(11.85527, 1.136263, -0.847754)",truck body CS,13.261435508728,0.1,12.4012203216553,1.20473229885101,-1.36282587051392,0.00073747700243,90.083440095379,0.0000012201708
1604,left road,1604,2.89499998092651,0.0,7.69999980926514,2.95000004768372,0.0,0.75,2.89499998092651,0.0,7.69999980926514,12.4012203216553,1.20473229885101,-1.36282587051392,11.8554372787476,1.13556456565857,-0.84249836206436,"(11.85544, 1.135565, -0.842498)",truck body CS,13.1891775131226,0.1,12.4012203216553,1.20473229885101,-1.36282587051392,0.00073747700243,90.083440095379,0.0000012201708
1605,left road,1605,2.99499988555908,0.0,7.69999980926514,3.04999995231628,0.0,0.75,2.99499988555908,0.0,7.69999980926514,12.4012203216553,1.20473229885101,-1.36282587051392,11.8556108474731,1.13485145568848,-0.83713454008102,"(11.85561, 1.134851, -0.837135)",truck body CS,13.1172847747803,0.1,12.4012203216553,1.20473229885101,-1.36282587051392,0.00073747700243,90.083440095379,0.0000012201708
1606,left road,1606,3.09500002861023,0.0,7.69999980926514,3.15000009536743,0.0,0.75,3.09500002861023,0.0,7.69999980926514,12.4012203216553,1.20473229885101,-1.36282587051392,11.8557872772217,1.1341233253479,-0.83165788650513,"(11.85579, 1.134123, -0.831658)",truck body CS,13.0457630157471,0.1,12.4012203216553,1.20473229885101,-1.36282587051392,0.00073747700243,90.083440095379,0.0000012201708
1607,left road,1607,3.1949999332428,0.0,7.69999980926514,3.25,0.0,0.75,3.1949999332428,0.0,7.69999980926514,12.4012203216553,1.20473229885101,-1.36282587051392,11.8559732437134,1.133380651474,-0.82607007026672,"(11.85597, 1.133381, -0.82607)",truck body CS,12.9746170043945,0.1,12.4012203216553,1.20473229885101,-1.36282587051392,0.00073747700243,90.083440095379,0.0000012201708
1608,left road,1608,3.29499983787537,0.0,7.69999980926514,3.34999990463257,0.0,0.75,3.29499983787537,0.0,7.69999980926514,12.4012203216553,1.20473229885101,-1.36282587051392,11.8561582565308,1.13262164592743,-0.82036030292511,"(11.85616, 1.132622, -0.82036)",truck body CS,12.9038534164429,0.1,12.4012203216553,1.20473229885101,-1.36282587051392,0.00073747700243,90.083440095379,0.0000012201708
1609,left road,1609,3.39499998092651,0.0,7.69999980926514,3.45000004768372,0.0,0.75,3.39499998092651,0.0,7.69999980926514,12.4012203216553,1.20473229885101,-1.36282587051392,11.8569612503052,1.13192844390869,-0.81514573097229,"(11.85696, 1.131928, -0.815146)",truck body CS,12.8334798812866,0.1,12.4012203216553,1.20473229885101,-1.36282587051392,0.00073747700243,90.083440095379,0.0000012201708
1610,left road,1610,-3.50500011444092,0.0,7.79999971389771,-3.45000004768372,0.0,0.85000002384186,-3.50500011444092,0.0,7.79999971389771,12.4012203216553,1.20473229885101,-1.36282587051392,11.800217628479,1.15921258926392,-1.01661586761475,"(11.80022, 1.159213, -1.016616)",truck body CS,18.3961029052734,0.1,12.4012203216553,1.20473229885101,-1.36282587051392,0.00073747700243,90.083440095379,0.0000012201708
1611,left road,1611,-3.40499997138977,0.0,7.79999971389771,-3.34999990463257,0.0,0.85000002384186,-3.40499997138977,0.0,7.79999971389771,12.4012203216553,1.20473229885101,-1.36282587051392,11.8036918640137,1.15918934345245,-1.01644015312195,"(11.80369, 1.159189, -1.01644)",truck body CS,18.3097076416016,0.1,12.4012203216553,1.20473229885101,-1.36282587051392,0.00073747700243,90.083440095379,0.0000012201708
1612,left road,1612,-3.3050000667572,0.0,7.79999971389771,-3.25,0.0,0.85000002384186,-3.3050000667572,0.0,7.79999971389771,12.4012203216553,1.20473229885101,-1.36282587051392,11.8071708679199,1.15916609764099,-1.01626396179199,"(11.80717, 1.159166, -1.016264)",truck body CS,18.2234497070313,0.1,12.4012203216553,1.20473229885101,-1.36282587051392,0.00073747700243,90.083440095379,0.0000012201708
1613,left road,1613,-3.20500016212463,0.0,7.79999971389771,-3.15000009536743,0.0,0.85000002384186,-3.20500016212463,0.0,7.79999971389771,12.4012203216553,1.20473229885101,-1.36282587051392,11.8106594085693,1.15914344787598,-1.01609086990356,"(11.81066, 1.159143, -1.016091)",truck body CS,18.1373329162598,0.1,12.4012203216553,1.20473229885101,-1.36282587051392,0.00073747700243,90.083440095379,0.0000012201708
1614,left road,1614,-3.10500001907349,0.0,7.79999971389771,-3.04999995231628,0.0,0.85000002384186,-3.10500001907349,0.0,7.79999971389771,12.4012203216553,1.20473229885101,-1.36282587051392,11.8141460418701,1.1591203212738,-1.0159158706665,"(11.81415, 1.15912, -1.015916)",truck body CS,18.0513610839844,0.1,12.4012203216553,1.20473229885101,-1.36282587051392,0.00073747700243,90.083440095379,0.0000012201708
1615,left road,1615,-3.00500011444092,0.0,7.79999971389771,-2.95000004768372,0.0,0.85000002384186,-3.00500011444092,0.0,7.79999971389771,12.4012203216553,1.20473229885101,-1.36282587051392,11.8176345825195,1.15909719467163,-1.0157390832901,"(11.81763, 1.159097, -1.015739)",truck body CS,17.9655323028564,0.1,12.4012203216553,1.20473229885101,-1.36282587051392,0.00073747700243,90.083440095379,0.0000012201708
1616,left road,1616,-2.90499997138977,0.0,7.79999971389771,-2.84999990463257,0.0,0.85000002384186,-2.90499997138977,0.0,7.79999971389771,12.4012203216553,1.20473229885101,-1.36282587051392,11.8211603164673,1.15907645225525,-1.01558136940002,"(11.82116, 1.159076, -1.015581)",truck body CS,17.8798522949219,0.1,12.4012203216553,1.20473229885101,-1.36282587051392,0.00073747700243,90.083440095379,0.0000012201708
1617,left road,1617,-2.8050000667572,0.0,7.79999971389771,-2.75,0.0,0.85000002384186,-2.8050000667572,0.0,7.79999971389771,12.4012203216553,1.20473229885101,-1.36282587051392,11.8247232437134,1.15905857086182,-1.01544487476349,"(11.82472, 1.159059, -1.015445)",truck body CS,17.7943229675293,0.1,12.4012203216553,1.20473229885101,-1.36282587051392,0.00073747700243,90.083440095379,0.0000012201708
1618,left road,1618,-2.70500016212463,0.0,7.79999971389771,-2.65000009536743,0.0,0.85000002384186,-2.70500016212463,0.0,7.79999971389771,12.4012203216553,1.20473229885101,-1.36282587051392,11.8285522460938,1.15906155109406,-1.01546812057495,"(11.82855, 1.159062, -1.015468)",truck body CS,17.7089424133301,0.1,12.4012203216553,1.20473229885101,-1.36282587051392,0.00073747700243,90.083440095379,0.0000012201708
1619,left road,1619,-2.60500001907349,0.0,7.79999971389771,-2.54999995231628,0.0,0.85000002384186,-2.60500001907349,0.0,7.79999971389771,12.4012203216553,1.20473229885101,-1.36282587051392,11.8296852111816,1.15884816646576,-1.01384449005127,"(11.82969, 1.158848, -1.013844)",truck body CS,17.6237163543701,0.1,12.4012203216553,1.20473229885101,-1.36282587051392,0.00073747700243,90.083440095379,0.0000012201708
1620,left road,1620,-2.50500011444092,0.0,7.79999971389771,-2.45000004768372,0.0,0.85000002384186,-2.50500011444092,0.0,7.79999971389771,12.4012203216553,1.20473229885101,-1.36282587051392,11.8311033248901,1.1586549282074,-1.01237511634827,"(11.8311, 1.158655, -1.012375)",truck body CS,17.538646697998,0.1,12.4012203216553,1.20473229885101,-1.36282587051392,0.00073747700243,90.083440095379,0.0000012201708
1621,left road,1621,-2.40499997138977,0.0,7.79999971389771,-2.34999990463257,0.0,0.85000002384186,-2.40499997138977,0.0,7.79999971389771,12.4012203216553,1.20473229885101,-1.36282587051392,11.8337173461914,1.15855646133423,-1.01162695884705,"(11.83372, 1.158556, -1.011627)",truck body CS,17.4537353515625,0.1,12.4012203216553,1.20473229885101,-1.36282587051392,0.00073747700243,90.083440095379,0.0000012201708
1622,left road,1622,-2.3050000667572,0.0,7.79999971389771,-2.25,0.0,0.85000002384186,-2.3050000667572,0.0,7.79999971389771,12.4012203216553,1.20473229885101,-1.36282587051392,11.8378772735596,1.15858328342438,-1.01183032989502,"(11.83788, 1.158583, -1.01183)",truck body CS,17.3689861297607,0.1,12.4012203216553,1.20473229885101,-1.36282587051392,0.00073747700243,90.083440095379,0.0000012201708
1623,left road,1623,-2.20500016212463,0.0,7.79999971389771,-2.15000009536743,0.0,0.85000002384186,-2.20500016212463,0.0,7.79999971389771,12.4012203216553,1.20473229885101,-1.36282587051392,11.8420162200928,1.15860867500305,-1.01202297210693,"(11.84202, 1.158609, -1.012023)",truck body CS,17.2843990325928,0.1,12.4012203216553,1.20473229885101,-1.36282587051392,0.00073747700243,90.083440095379,0.0000012201708
1624,left road,1624,-2.10500001907349,0.0,7.79999971389771,-2.04999995231628,0.0,0.85000002384186,-2.10500001907349,0.0,7.79999971389771,12.4012203216553,1.20473229885101,-1.36282587051392,11.8461332321167,1.15863251686096,-1.01220607757568,"(11.84613, 1.158633, -1.012206)",truck body CS,17.1999759674072,0.1,12.4012203216553,1.20473229885101,-1.36282587051392,0.00073747700243,90.083440095379,0.0000012201708
1625,left road,1625,-2.00500011444092,0.0,7.79999971389771,-1.95000004768372,0.0,0.85000002384186,-2.00500011444092,0.0,7.79999971389771,12.4012203216553,1.20473229885101,-1.36282587051392,11.8502540588379,1.15865731239319,-1.01239323616028,"(11.85025, 1.158657, -1.012393)",truck body CS,17.11572265625,0.1,12.4012203216553,1.20473229885101,-1.36282587051392,0.00073747700243,90.083440095379,0.0000012201708
1626,left road,1626,-1.90499997138977,0.0,7.79999971389771,-1.85000002384186,0.0,0.85000002384186,-1.90499997138977,0.0,7.79999971389771,12.4012203216553,1.20473229885101,-1.36282587051392,11.8761825561523,1.16051852703094,-1.02654933929443,"(11.87618, 1.160519, -1.026549)",truck body CS,17.0316371917725,0.1,12.4012203216553,1.20473229885101,-1.36282587051392,0.00073747700243,90.083440095379,0.0000012201708
1627,left road,1627,-1.80499994754791,0.0,7.79999971389771,-1.75,0.0,0.85000002384186,-1.80499994754791,0.0,7.79999971389771,12.4012203216553,1.20473229885101,-1.36282587051392,11.8796272277832,1.16049957275391,-1.0264048576355,"(11.87963, 1.1605, -1.026405)",truck body CS,16.9477272033691,0.1,12.4012203216553,1.20473229885101,-1.36282587051392,0.00073747700243,90.083440095379,0.0000012201708
1628,left road,1628,-1.70499992370605,0.0,7.79999971389771,-1.64999997615814,0.0,0.85000002384186,-1.70499992370605,0.0,7.79999971389771,12.4012203216553,1.20473229885101,-1.36282587051392,11.8830804824829,1.16048085689545,-1.02626276016235,"(11.88308, 1.160481, -1.026263)",truck body CS,16.8639907836914,0.1,12.4012203216553,1.20473229885101,-1.36282587051392,0.00073747700243,90.083440095379,0.0000012201708
1629,left road,1629,-1.6049998998642,0.0,7.79999971389771,-1.54999995231628,0.0,0.85000002384186,-1.6049998998642,0.0,7.79999971389771,12.4012203216553,1.20473229885101,-1.36282587051392,11.8865232467651,1.16046106815338,-1.0261116027832,"(11.88652, 1.160461, -1.026112)",truck body CS,16.7804336547852,0.1,12.4012203216553,1.20473229885101,-1.36282587051392,0.00073747700243,90.083440095379,0.0000012201708
1630,left road,1630,-1.50499999523163,0.0,7.79999971389771,-1.45000004768372,0.0,0.85000002384186,-1.50499999523163,0.0,7.79999971389771,12.4012203216553,1.20473229885101,-1.36282587051392,11.8898916244507,1.16043448448181,-1.0259108543396,"(11.88989, 1.160434, -1.025911)",truck body CS,16.697057723999,0.1,12.4012203216553,1.20473229885101,-1.36282587051392,0.00073747700243,90.083440095379,0.0000012201708
1631,left road,1631,-1.40499997138977,0.0,7.79999971389771,-1.35000002384186,0.0,0.85000002384186,-1.40499997138977,0.0,7.79999971389771,12.4012203216553,1.20473229885101,-1.36282587051392,11.8937530517578,1.16045045852661,-1.02603244781494,"(11.89375, 1.16045, -1.026032)",truck body CS,16.6138648986816,0.1,12.4012203216553,1.20473229885101,-1.36282587051392,0.00073747700243,90.083440095379,0.0000012201708
1632,left road,1632,-1.30499994754791,0.0,7.79999971389771,-1.25,0.0,0.85000002384186,-1.30499994754791,0.0,7.79999971389771,12.4012203216553,1.20473229885101,-1.36282587051392,11.8978328704834,1.1604859828949,-1.02630198001862,"(11.89783, 1.160486, -1.026302)",truck body CS,16.5308570861816,0.1,12.4012203216553,1.20473229885101,-1.36282587051392,0.00073747700243,90.083440095379,0.0000012201708
1633,left road,1633,-1.20499992370605,0.0,7.79999971389771,-1.14999997615814,0.0,0.85000002384186,-1.20499992370605,0.0,7.79999971389771,12.4012203216553,1.20473229885101,-1.36282587051392,12.3512697219849,1.20030951499939,-1.32918798923492,"(12.35127, 1.20031, -1.329188)",EyeArea,16.4480400085449,0.1,12.4012203216553,1.20473229885101,-1.36282587051392,0.00073747700243,90.083440095379,0.0000012201708
1634,left road,1634,-1.1049998998642,0.0,7.79999971389771,-1.04999995231628,0.0,0.85000002384186,-1.1049998998642,0.0,7.79999971389771,12.4012203216553,1.20473229885101,-1.36282587051392,12.3512697219849,1.20027673244476,-1.32893812656403,"(12.35127, 1.200277, -1.328938)",EyeArea,16.3654117584229,0.1,12.4012203216553,1.20473229885101,-1.36282587051392,0.00073747700243,90.083440095379,0.0000012201708
1635,left road,1635,-1.00499999523163,0.0,7.79999971389771,-0.94999998807907,0.0,0.85000002384186,-1.00499999523163,0.0,7.79999971389771,12.4012203216553,1.20473229885101,-1.36282587051392,12.3512706756592,1.20024359226227,-1.32868635654449,"(12.35127, 1.200244, -1.328686)",EyeArea,16.2829818725586,0.1,12.4012203216553,1.20473229885101,-1.36282587051392,0.00073747700243,90.083440095379,0.0000012201708
1636,left road,1636,-0.90500003099442,0.0,7.79999971389771,-0.85000002384186,0.0,0.85000002384186,-0.90500003099442,0.0,7.79999971389771,12.4012203216553,1.20473229885101,-1.36282587051392,12.3512706756592,1.20020985603333,-1.32842981815338,"(12.35127, 1.20021, -1.32843)",EyeArea,16.2007484436035,0.1,12.4012203216553,1.20473229885101,-1.36282587051392,0.00073747700243,90.083440095379,0.0000012201708
1637,left road,1637,-0.80500000715256,0.0,7.79999971389771,-0.75,0.0,0.85000002384186,-0.80500000715256,0.0,7.79999971389771,12.4012203216553,1.20473229885101,-1.36282587051392,12.3512706756592,1.20017564296722,-1.328169465065,"(12.35127, 1.200176, -1.328169)",EyeArea,16.1187171936035,0.1,12.4012203216553,1.20473229885101,-1.36282587051392,0.00073747700243,90.083440095379,0.0000012201708
1638,left road,1638,-0.7049999833107,0.0,7.79999971389771,-0.64999997615814,0.0,0.85000002384186,-0.7049999833107,0.0,7.79999971389771,12.4012203216553,1.20473229885101,-1.36282587051392,12.3512716293335,1.20014095306396,-1.32790625095367,"(12.35127, 1.200141, -1.327906)",EyeArea,16.0368881225586,0.1,12.4012203216553,1.20473229885101,-1.36282587051392,0.00073747700243,90.083440095379,0.0000012201708
1639,left road,1639,-0.60500001907349,0.0,7.79999971389771,-0.55000001192093,0.0,0.85000002384186,-0.60500001907349,0.0,7.79999971389771,12.4012203216553,1.20473229885101,-1.36282587051392,12.3512716293335,1.20010566711426,-1.32763731479645,"(12.35127, 1.200106, -1.327637)",EyeArea,15.9552659988403,0.1,12.4012203216553,1.20473229885101,-1.36282587051392,0.00073747700243,90.083440095379,0.0000012201708
1640,left road,1640,-0.50499999523163,0.0,7.79999971389771,-0.44999998807907,0.0,0.85000002384186,-0.50499999523163,0.0,7.79999971389771,12.4012203216553,1.20473229885101,-1.36282587051392,12.3512725830078,1.20006990432739,-1.32736551761627,"(12.35127, 1.20007, -1.327366)",EyeArea,15.8738555908203,0.1,12.4012203216553,1.20473229885101,-1.36282587051392,0.00073747700243,90.083440095379,0.0000012201708
1641,left road,1641,-0.40500000119209,0.0,7.79999971389771,-0.34999999403954,0.0,0.85000002384186,-0.40500000119209,0.0,7.79999971389771,12.4012203216553,1.20473229885101,-1.36282587051392,12.3512725830078,1.20003342628479,-1.3270879983902,"(12.35127, 1.200033, -1.327088)",EyeArea,15.7926568984985,0.1,12.4012203216553,1.20473229885101,-1.36282587051392,0.00073747700243,90.083440095379,0.0000012201708
1642,left road,1642,-0.30500000715256,0.0,7.79999971389771,-0.25,0.0,0.85000002384186,-0.30500000715256,0.0,7.79999971389771,12.4012203216553,1.20473229885101,-1.36282587051392,12.3512725830078,1.19999659061432,-1.32680761814117,"(12.35127, 1.199997, -1.326808)",EyeArea,15.7116775512695,0.1,12.4012203216553,1.20473229885101,-1.36282587051392,0.00073747700243,90.083440095379,0.0000012201708
1643,left road,1643,-0.20500001311302,0.0,7.79999971389771,-0.15000000596046,0.0,0.85000002384186,-0.20500001311302,0.0,7.79999971389771,12.4012203216553,1.20473229885101,-1.36282587051392,12.3512735366821,1.19995903968811,-1.32652151584625,"(12.35127, 1.199959, -1.326522)",EyeArea,15.630916595459,0.1,12.4012203216553,1.20473229885101,-1.36282587051392,0.00073747700243,90.083440095379,0.0000012201708
1644,left road,1644,-0.10500000417233,0.0,7.79999971389771,-0.05000000074506,0.0,0.85000002384186,-0.10500000417233,0.0,7.79999971389771,12.4012203216553,1.20473229885101,-1.36282587051392,12.3512735366821,1.19992089271545,-1.32623159885406,"(12.35127, 1.199921, -1.326232)",EyeArea,15.5503797531128,0.1,12.4012203216553,1.20473229885101,-1.36282587051392,0.00073747700243,90.083440095379,0.0000012201708
1645,left road,1645,-0.00499999895692,0.0,7.79999971389771,0.05000000074506,0.0,0.85000002384186,-0.00499999895692,0.0,7.79999971389771,12.4012203216553,1.20473229885101,-1.36282587051392,12.3512744903564,1.19988214969635,-1.32593786716461,"(12.35127, 1.199882, -1.325938)",EyeArea,15.4700698852539,0.1,12.4012203216553,1.20473229885101,-1.36282587051392,0.00073747700243,90.083440095379,0.0000012201708
1646,left road,1646,0.09500000625849,0.0,7.79999971389771,0.15000000596046,0.0,0.85000002384186,0.09500000625849,0.0,7.79999971389771,12.4012203216553,1.20473229885101,-1.36282587051392,12.3512744903564,1.1998428106308,-1.32563841342926,"(12.35127, 1.199843, -1.325638)",EyeArea,15.3899908065796,0.1,12.4012203216553,1.20473229885101,-1.36282587051392,0.00073747700243,90.083440095379,0.0000012201708
1647,left road,1647,0.19499999284744,0.0,7.79999971389771,0.25,0.0,0.85000002384186,0.19499999284744,0.0,7.79999971389771,12.4012203216553,1.20473229885101,-1.36282587051392,12.3512754440308,1.19980275630951,-1.32533323764801,"(12.35128, 1.199803, -1.325333)",EyeArea,15.3101463317871,0.1,12.4012203216553,1.20473229885101,-1.36282587051392,0.00073747700243,90.083440095379,0.0000012201708
1648,left road,1648,0.29499998688698,0.0,7.79999971389771,0.34999999403954,0.0,0.85000002384186,0.29499998688698,0.0,7.79999971389771,12.4012203216553,1.20473229885101,-1.36282587051392,12.3512754440308,1.19976210594177,-1.32502424716949,"(12.35128, 1.199762, -1.325024)",EyeArea,15.2305393218994,0.1,12.4012203216553,1.20473229885101,-1.36282587051392,0.00073747700243,90.083440095379,0.0000012201708
1649,left road,1649,0.39499998092651,0.0,7.79999971389771,0.44999998807907,0.0,0.85000002384186,0.39499998092651,0.0,7.79999971389771,12.4012203216553,1.20473229885101,-1.36282587051392,12.3512763977051,1.1997207403183,-1.32470953464508,"(12.35128, 1.199721, -1.32471)",EyeArea,15.1511735916138,0.1,12.4012203216553,1.20473229885101,-1.36282587051392,0.00073747700243,90.083440095379,0.0000012201708
1650,left road,1650,0.49500000476837,0.0,7.79999971389771,0.55000001192093,0.0,0.85000002384186,0.49500000476837,0.0,7.79999971389771,12.4012203216553,1.20473229885101,-1.36282587051392,12.3512763977051,1.19967865943909,-1.32439005374908,"(12.35128, 1.199679, -1.32439)",EyeArea,15.0720548629761,0.1,12.4012203216553,1.20473229885101,-1.36282587051392,0.00073747700243,90.083440095379,0.0000012201708
1651,left road,1651,0.59499996900558,0.0,7.79999971389771,0.64999997615814,0.0,0.85000002384186,0.59499996900558,0.0,7.79999971389771,12.4012203216553,1.20473229885101,-1.36282587051392,12.3512773513794,1.19963586330414,-1.32406485080719,"(12.35128, 1.199636, -1.324065)",EyeArea,14.993185043335,0.1,12.4012203216553,1.20473229885101,-1.36282587051392,0.00073747700243,90.083440095379,0.0000012201708
1652,left road,1652,0.69499999284744,0.0,7.79999971389771,0.75,0.0,0.85000002384186,0.69499999284744,0.0,7.79999971389771,12.4012203216553,1.20473229885101,-1.36282587051392,12.3512773513794,1.19959247112274,-1.3237339258194,"(12.35128, 1.199592, -1.323734)",EyeArea,14.914568901062,0.1,12.4012203216553,1.20473229885101,-1.36282587051392,0.00073747700243,90.083440095379,0.0000012201708
1653,left road,1653,0.7950000166893,0.0,7.79999971389771,0.85000002384186,0.0,0.85000002384186,0.7950000166893,0.0,7.79999971389771,12.4012203216553,1.20473229885101,-1.36282587051392,12.3512783050537,1.19954824447632,-1.32339823246002,"(12.35128, 1.199548, -1.323398)",EyeArea,14.8362092971802,0.1,12.4012203216553,1.20473229885101,-1.36282587051392,0.00073747700243,90.083440095379,0.0000012201708
1654,left road,1654,0.89499998092651,0.0,7.79999971389771,0.94999998807907,0.0,0.85000002384186,0.89499998092651,0.0,7.79999971389771,12.4012203216553,1.20473229885101,-1.36282587051392,12.3512783050537,1.19950318336487,-1.32305586338043,"(12.35128, 1.199503, -1.323056)",EyeArea,14.758111000061,0.1,12.4012203216553,1.20473229885101,-1.36282587051392,0.00073747700243,90.083440095379,0.0000012201708
1655,left road,1655,0.99499994516373,0.0,7.79999971389771,1.04999995231628,0.0,0.85000002384186,0.99499994516373,0.0,7.79999971389771,12.4012203216553,1.20473229885101,-1.36282587051392,12.351279258728,1.19945740699768,-1.32270681858063,"(12.35128, 1.199457, -1.322707)",EyeArea,14.6802797317505,0.1,12.4012203216553,1.20473229885101,-1.36282587051392,0.00073747700243,90.083440095379,0.0000012201708
1656,left road,1656,1.09500002861023,0.0,7.79999971389771,1.14999997615814,0.0,0.85000002384186,1.09500002861023,0.0,7.79999971389771,12.4012203216553,1.20473229885101,-1.36282587051392,12.351279258728,1.19941079616547,-1.32235205173492,"(12.35128, 1.199411, -1.322352)",EyeArea,14.6027183532715,0.1,12.4012203216553,1.20473229885101,-1.36282587051392,0.00073747700243,90.083440095379,0.0000012201708
1657,left road,1657,1.19500005245209,0.0,7.79999971389771,1.25,0.0,0.85000002384186,1.19500005245209,0.0,7.79999971389771,12.4012203216553,1.20473229885101,-1.36282587051392,12.3512802124023,1.19936335086823,-1.32199251651764,"(12.35128, 1.199363, -1.321993)",EyeArea,14.5254306793213,0.1,12.4012203216553,1.20473229885101,-1.36282587051392,0.00073747700243,90.083440095379,0.0000012201708
1658,left road,1658,1.29500007629395,0.0,7.79999971389771,1.35000002384186,0.0,0.85000002384186,1.29500007629395,0.0,7.79999971389771,12.4012203216553,1.20473229885101,-1.36282587051392,12.3512802124023,1.19931507110596,-1.32162439823151,"(12.35128, 1.199315, -1.321624)",EyeArea,14.4484214782715,0.1,12.4012203216553,1.20473229885101,-1.36282587051392,0.00073747700243,90.083440095379,0.0000012201708
1659,left road,1659,1.3950001001358,0.0,7.79999971389771,1.45000004768372,0.0,0.85000002384186,1.3950001001358,0.0,7.79999971389771,12.4012203216553,1.20473229885101,-1.36282587051392,12.3512811660767,1.19926595687866,-1.32125055789948,"(12.35128, 1.199266, -1.321251)",EyeArea,14.3716955184937,0.1,12.4012203216553,1.20473229885101,-1.36282587051392,0.00073747700243,90.083440095379,0.0000012201708
1660,left road,1660,1.49500000476837,0.0,7.79999971389771,1.54999995231628,0.0,0.85000002384186,1.49500000476837,0.0,7.79999971389771,12.4012203216553,1.20473229885101,-1.36282587051392,12.351282119751,1.19921588897705,-1.32087016105652,"(12.35128, 1.199216, -1.32087)",EyeArea,14.2952575683594,0.1,12.4012203216553,1.20473229885101,-1.36282587051392,0.00073747700243,90.083440095379,0.0000012201708
1661,left road,1661,1.59500002861023,0.0,7.79999971389771,1.64999997615814,0.0,0.85000002384186,1.59500002861023,0.0,7.79999971389771,12.4012203216553,1.20473229885101,-1.36282587051392,12.351282119751,1.19916498661041,-1.32048296928406,"(12.35128, 1.199165, -1.320483)",EyeArea,14.2191114425659,0.1,12.4012203216553,1.20473229885101,-1.36282587051392,0.00073747700243,90.083440095379,0.0000012201708
1662,left road,1662,1.69500005245209,0.0,7.79999971389771,1.75,0.0,0.85000002384186,1.69500005245209,0.0,7.79999971389771,12.4012203216553,1.20473229885101,-1.36282587051392,12.3512830734253,1.19911289215088,-1.32008719444275,"(12.35128, 1.199113, -1.320087)",EyeArea,14.1432638168335,0.1,12.4012203216553,1.20473229885101,-1.36282587051392,0.00073747700243,90.083440095379,0.0000012201708
1663,left road,1663,1.79500007629395,0.0,7.79999971389771,1.85000002384186,0.0,0.85000002384186,1.79500007629395,0.0,7.79999971389771,12.4012203216553,1.20473229885101,-1.36282587051392,12.3512830734253,1.19906008243561,-1.31968474388123,"(12.35128, 1.19906, -1.319685)",EyeArea,14.0677175521851,0.1,12.4012203216553,1.20473229885101,-1.36282587051392,0.00073747700243,90.083440095379,0.0000012201708
1664,left road,1664,1.8950001001358,0.0,7.79999971389771,1.95000004768372,0.0,0.85000002384186,1.8950001001358,0.0,7.79999971389771,12.4012203216553,1.20473229885101,-1.36282587051392,12.3512840270996,1.19900608062744,-1.31927466392517,"(12.35128, 1.199006, -1.319275)",EyeArea,13.9924764633179,0.1,12.4012203216553,1.20473229885101,-1.36282587051392,0.00073747700243,90.083440095379,0.0000012201708
1665,left road,1665,1.99500000476837,0.0,7.79999971389771,2.04999995231628,0.0,0.85000002384186,1.99500000476837,0.0,7.79999971389771,12.4012203216553,1.20473229885101,-1.36282587051392,12.3512849807739,1.19895112514496,-1.31885695457459,"(12.35128, 1.198951, -1.318857)",EyeArea,13.9175491333008,0.1,12.4012203216553,1.20473229885101,-1.36282587051392,0.00073747700243,90.083440095379,0.0000012201708
1666,left road,1666,2.09500002861023,0.0,7.79999971389771,2.15000009536743,0.0,0.85000002384186,2.09500002861023,0.0,7.79999971389771,12.4012203216553,1.20473229885101,-1.36282587051392,12.3512849807739,1.19889509677887,-1.31843066215515,"(12.35128, 1.198895, -1.318431)",EyeArea,13.8429374694824,0.1,12.4012203216553,1.20473229885101,-1.36282587051392,0.00073747700243,90.083440095379,0.0000012201708
1667,left road,1667,2.1949999332428,0.0,7.79999971389771,2.25,0.0,0.85000002384186,2.1949999332428,0.0,7.79999971389771,12.4012203216553,1.20473229885101,-1.36282587051392,11.8598403930664,1.14082813262939,-0.87679028511047,"(11.85984, 1.140828, -0.87679)",truck body CS,13.768648147583,0.1,12.4012203216553,1.20473229885101,-1.36282587051392,0.00073747700243,90.083440095379,0.0000012201708
1668,left road,1668,2.29499983787537,0.0,7.79999971389771,2.34999990463257,0.0,0.85000002384186,2.29499983787537,0.0,7.79999971389771,12.4012203216553,1.20473229885101,-1.36282587051392,11.8586750030518,1.14005708694458,-0.87092530727386,"(11.85868, 1.140057, -0.870925)",truck body CS,13.6946859359741,0.1,12.4012203216553,1.20473229885101,-1.36282587051392,0.00073747700243,90.083440095379,0.0000012201708
1669,left road,1669,2.39499998092651,0.0,7.79999971389771,2.45000004768372,0.0,0.85000002384186,2.39499998092651,0.0,7.79999971389771,12.4012203216553,1.20473229885101,-1.36282587051392,11.8574819564819,1.13926696777344,-0.86491692066193,"(11.85748, 1.139267, -0.864917)",truck body CS,13.6210565567017,0.1,12.4012203216553,1.20473229885101,-1.36282587051392,0.00073747700243,90.083440095379,0.0000012201708
1670,left road,1670,2.49499988555908,0.0,7.79999971389771,2.54999995231628,0.0,0.85000002384186,2.49499988555908,0.0,7.79999971389771,12.4012203216553,1.20473229885101,-1.36282587051392,11.8565645217896,1.13849449157715,-0.8590412735939,"(11.85656, 1.138494, -0.859041)",truck body CS,13.5477657318115,0.1,12.4012203216553,1.20473229885101,-1.36282587051392,0.00073747700243,90.083440095379,0.0000012201708
1671,left road,1671,2.59500002861023,0.0,7.79999971389771,2.65000009536743,0.0,0.85000002384186,2.59500002861023,0.0,7.79999971389771,12.4012203216553,1.20473229885101,-1.36282587051392,11.856743812561,1.13784122467041,-0.8540723323822,"(11.85674, 1.137841, -0.854072)",truck body CS,13.474817276001,0.1,12.4012203216553,1.20473229885101,-1.36282587051392,0.00073747700243,90.083440095379,0.0000012201708
1672,left road,1672,2.6949999332428,0.0,7.79999971389771,2.75,0.0,0.85000002384186,2.6949999332428,0.0,7.79999971389771,12.4012203216553,1.20473229885101,-1.36282587051392,11.8569231033325,1.13717436790466,-0.84900093078613,"(11.85692, 1.137174, -0.849001)",truck body CS,13.4022188186646,0.1,12.4012203216553,1.20473229885101,-1.36282587051392,0.00073747700243,90.083440095379,0.0000012201708
1673,left road,1673,2.79499983787537,0.0,7.79999971389771,2.84999990463257,0.0,0.85000002384186,2.79499983787537,0.0,7.79999971389771,12.4012203216553,1.20473229885101,-1.36282587051392,11.8571109771729,1.13649451732636,-0.84382945299149,"(11.85711, 1.136495, -0.843829)",truck body CS,13.3299741744995,0.1,12.4012203216553,1.20473229885101,-1.36282587051392,0.00073747700243,90.083440095379,0.0000012201708
1674,left road,1674,2.89499998092651,0.0,7.79999971389771,2.95000004768372,0.0,0.85000002384186,2.89499998092651,0.0,7.79999971389771,12.4012203216553,1.20473229885101,-1.36282587051392,11.8572998046875,1.13580060005188,-0.83855229616165,"(11.8573, 1.135801, -0.838552)",truck body CS,13.2580909729004,0.1,12.4012203216553,1.20473229885101,-1.36282587051392,0.00073747700243,90.083440095379,0.0000012201708
1675,left road,1675,2.99499988555908,0.0,7.79999971389771,3.04999995231628,0.0,0.85000002384186,2.99499988555908,0.0,7.79999971389771,12.4012203216553,1.20473229885101,-1.36282587051392,11.8574924468994,1.13509249687195,-0.83316719532013,"(11.85749, 1.135092, -0.833167)",truck body CS,13.1865739822388,0.1,12.4012203216553,1.20473229885101,-1.36282587051392,0.00073747700243,90.083440095379,0.0000012201708
1676,left road,1676,3.09500002861023,0.0,7.79999971389771,3.15000009536743,0.0,0.85000002384186,3.09500002861023,0.0,7.79999971389771,12.4012203216553,1.20473229885101,-1.36282587051392,11.8576889038086,1.13436961174011,-0.82766795158386,"(11.85769, 1.13437, -0.827668)",truck body CS,13.1154289245605,0.1,12.4012203216553,1.20473229885101,-1.36282587051392,0.00073747700243,90.083440095379,0.0000012201708
1677,left road,1677,3.1949999332428,0.0,7.79999971389771,3.25,0.0,0.85000002384186,3.1949999332428,0.0,7.79999971389771,12.4012203216553,1.20473229885101,-1.36282587051392,11.8578929901123,1.13363194465637,-0.82205826044083,"(11.85789, 1.133632, -0.822058)",truck body CS,13.0446634292603,0.1,12.4012203216553,1.20473229885101,-1.36282587051392,0.00073747700243,90.083440095379,0.0000012201708
1678,left road,1678,3.29499983787537,0.0,7.79999971389771,3.34999990463257,0.0,0.85000002384186,3.29499983787537,0.0,7.79999971389771,12.4012203216553,1.20473229885101,-1.36282587051392,11.8587093353271,1.13295912742615,-0.81694197654724,"(11.85871, 1.132959, -0.816942)",truck body CS,12.9742822647095,0.1,12.4012203216553,1.20473229885101,-1.36282587051392,0.00073747700243,90.083440095379,0.0000012201708
1679,left road,1679,3.39499998092651,0.0,7.79999971389771,3.45000004768372,0.0,0.85000002384186,3.39499998092651,0.0,7.79999971389771,12.4012203216553,1.20473229885101,-1.36282587051392,11.8606758117676,1.13242530822754,-0.81288141012192,"(11.86068, 1.132425, -0.812881)",truck body CS,12.9042921066284,0.1,12.4012203216553,1.20473229885101,-1.36282587051392,0.00073747700243,90.083440095379,0.0000012201708
1680,left road,1680,-3.50500011444092,0.0,7.89999961853027,-3.45000004768372,0.0,0.94999998807907,-3.50500011444092,0.0,7.89999961853027,12.4012203216553,1.20473229885101,-1.36282587051392,11.8065671920776,1.15969347953796,-1.01653468608856,"(11.80657, 1.159693, -1.016535)",truck body CS,18.4461154937744,0.1,12.4012203216553,1.20473229885101,-1.36282587051392,0.00073747700243,90.083440095379,0.0000012201708
1681,left road,1681,-3.40499997138977,0.0,7.89999961853027,-3.34999990463257,0.0,0.94999998807907,-3.40499997138977,0.0,7.89999961853027,12.4012203216553,1.20473229885101,-1.36282587051392,11.8100109100342,1.15967082977295,-1.01636219024658,"(11.81001, 1.159671, -1.016362)",truck body CS,18.3599529266357,0.1,12.4012203216553,1.20473229885101,-1.36282587051392,0.00073747700243,90.083440095379,0.0000012201708
1682,left road,1682,-3.3050000667572,0.0,7.89999961853027,-3.25,0.0,0.94999998807907,-3.3050000667572,0.0,7.89999961853027,12.4012203216553,1.20473229885101,-1.36282587051392,11.8134574890137,1.15964841842651,-1.01618885993958,"(11.81346, 1.159648, -1.016189)",truck body CS,18.2739334106445,0.1,12.4012203216553,1.20473229885101,-1.36282587051392,0.00073747700243,90.083440095379,0.0000012201708
1683,left road,1683,-3.20500016212463,0.0,7.89999961853027,-3.15000009536743,0.0,0.94999998807907,-3.20500016212463,0.0,7.89999961853027,12.4012203216553,1.20473229885101,-1.36282587051392,11.8169078826904,1.15962600708008,-1.01601576805115,"(11.81691, 1.159626, -1.016016)",truck body CS,18.1880569458008,0.1,12.4012203216553,1.20473229885101,-1.36282587051392,0.00073747700243,90.083440095379,0.0000012201708
1684,left road,1684,-3.10500001907349,0.0,7.89999961853027,-3.04999995231628,0.0,0.94999998807907,-3.10500001907349,0.0,7.89999961853027,12.4012203216553,1.20473229885101,-1.36282587051392,11.8203630447388,1.15960335731506,-1.01584315299988,"(11.82036, 1.159603, -1.015843)",truck body CS,18.1023254394531,0.1,12.4012203216553,1.20473229885101,-1.36282587051392,0.00073747700243,90.083440095379,0.0000012201708
1685,left road,1685,-3.00500011444092,0.0,7.89999961853027,-2.95000004768372,0.0,0.94999998807907,-3.00500011444092,0.0,7.89999961853027,12.4012203216553,1.20473229885101,-1.36282587051392,11.8239126205444,1.159588098526,-1.01572513580322,"(11.82391, 1.159588, -1.015725)",truck body CS,18.0167407989502,0.1,12.4012203216553,1.20473229885101,-1.36282587051392,0.00073747700243,90.083440095379,0.0000012201708
1686,left road,1686,-2.90499997138977,0.0,7.89999961853027,-2.84999990463257,0.0,0.94999998807907,-2.90499997138977,0.0,7.89999961853027,12.4012203216553,1.20473229885101,-1.36282587051392,11.8273754119873,1.15956568717957,-1.01555299758911,"(11.82738, 1.159566, -1.015553)",truck body CS,17.9313049316406,0.1,12.4012203216553,1.20473229885101,-1.36282587051392,0.00073747700243,90.083440095379,0.0000012201708
1687,left road,1687,-2.8050000667572,0.0,7.89999961853027,-2.75,0.0,0.94999998807907,-2.8050000667572,0.0,7.89999961853027,12.4012203216553,1.20473229885101,-1.36282587051392,11.8297891616821,1.15945982933044,-1.01473879814148,"(11.82979, 1.15946, -1.014739)",truck body CS,17.8460216522217,0.1,12.4012203216553,1.20473229885101,-1.36282587051392,0.00073747700243,90.083440095379,0.0000012201708
1688,left road,1688,-2.70500016212463,0.0,7.89999961853027,-2.65000009536743,0.0,0.94999998807907,-2.70500016212463,0.0,7.89999961853027,12.4012203216553,1.20473229885101,-1.36282587051392,11.8306589126587,1.15922963619232,-1.01296901702881,"(11.83066, 1.15923, -1.012969)",truck body CS,17.7608909606934,0.1,12.4012203216553,1.20473229885101,-1.36282587051392,0.00073747700243,90.083440095379,0.0000012201708
1689,left road,1689,-2.60500001907349,0.0,7.89999961853027,-2.54999995231628,0.0,0.94999998807907,-2.60500001907349,0.0,7.89999961853027,12.4012203216553,1.20473229885101,-1.36282587051392,11.8331508636475,1.15912628173828,-1.01217484474182,"(11.83315, 1.159126, -1.012175)",truck body CS,17.6759128570557,0.1,12.4012203216553,1.20473229885101,-1.36282587051392,0.00073747700243,90.083440095379,0.0000012201708
1690,left road,1690,-2.50500011444092,0.0,7.89999961853027,-2.45000004768372,0.0,0.94999998807907,-2.50500011444092,0.0,7.89999961853027,12.4012203216553,1.20473229885101,-1.36282587051392,11.836555480957,1.15909552574158,-1.01193821430206,"(11.83656, 1.159096, -1.011938)",truck body CS,17.5910968780518,0.1,12.4012203216553,1.20473229885101,-1.36282587051392,0.00073747700243,90.083440095379,0.0000012201708
1691,left road,1691,-2.40499997138977,0.0,7.89999961853027,-2.34999990463257,0.0,0.94999998807907,-2.40499997138977,0.0,7.89999961853027,12.4012203216553,1.20473229885101,-1.36282587051392,11.8406314849854,1.15911900997162,-1.01211857795715,"(11.84063, 1.159119, -1.012119)",truck body CS,17.506441116333,0.1,12.4012203216553,1.20473229885101,-1.36282587051392,0.00073747700243,90.083440095379,0.0000012201708
1692,left road,1692,-2.3050000667572,0.0,7.89999961853027,-2.25,0.0,0.94999998807907,-2.3050000667572,0.0,7.89999961853027,12.4012203216553,1.20473229885101,-1.36282587051392,11.844747543335,1.15914607048035,-1.01232600212097,"(11.84475, 1.159146, -1.012326)",truck body CS,17.421947479248,0.1,12.4012203216553,1.20473229885101,-1.36282587051392,0.00073747700243,90.083440095379,0.0000012201708
1693,left road,1693,-2.20500016212463,0.0,7.89999961853027,-2.15000009536743,0.0,0.94999998807907,-2.20500016212463,0.0,7.89999961853027,12.4012203216553,1.20473229885101,-1.36282587051392,11.8488054275513,1.15916872024536,-1.01250040531158,"(11.84881, 1.159169, -1.0125)",truck body CS,17.3376178741455,0.1,12.4012203216553,1.20473229885101,-1.36282587051392,0.00073747700243,90.083440095379,0.0000012201708
1694,left road,1694,-2.10500001907349,0.0,7.89999961853027,-2.04999995231628,0.0,0.94999998807907,-2.10500001907349,0.0,7.89999961853027,12.4012203216553,1.20473229885101,-1.36282587051392,11.8529376983643,1.15919768810272,-1.01272308826447,"(11.85294, 1.159198, -1.012723)",truck body CS,17.2534561157227,0.1,12.4012203216553,1.20473229885101,-1.36282587051392,0.00073747700243,90.083440095379,0.0000012201708
1695,left road,1695,-2.00500011444092,0.0,7.89999961853027,-1.95000004768372,0.0,0.94999998807907,-2.00500011444092,0.0,7.89999961853027,12.4012203216553,1.20473229885101,-1.36282587051392,11.8784704208374,1.16101682186127,-1.02671015262604,"(11.87847, 1.161017, -1.02671)",truck body CS,17.1694641113281,0.1,12.4012203216553,1.20473229885101,-1.36282587051392,0.00073747700243,90.083440095379,0.0000012201708
1696,left road,1696,-1.90499997138977,0.0,7.89999961853027,-1.85000002384186,0.0,0.94999998807907,-1.90499997138977,0.0,7.89999961853027,12.4012203216553,1.20473229885101,-1.36282587051392,11.8818883895874,1.16099905967712,-1.02657413482666,"(11.88189, 1.160999, -1.026574)",truck body CS,17.0856437683105,0.1,12.4012203216553,1.20473229885101,-1.36282587051392,0.00073747700243,90.083440095379,0.0000012201708
1697,left road,1697,-1.80499994754791,0.0,7.89999961853027,-1.75,0.0,0.94999998807907,-1.80499994754791,0.0,7.89999961853027,12.4012203216553,1.20473229885101,-1.36282587051392,11.8853006362915,1.16098070144653,-1.02643203735352,"(11.8853, 1.160981, -1.026432)",truck body CS,17.0020008087158,0.1,12.4012203216553,1.20473229885101,-1.36282587051392,0.00073747700243,90.083440095379,0.0000012201708
1698,left road,1698,-1.70499992370605,0.0,7.89999961853027,-1.64999997615814,0.0,0.94999998807907,-1.70499992370605,0.0,7.89999961853027,12.4012203216553,1.20473229885101,-1.36282587051392,11.8886566162109,1.1609570980072,-1.0262508392334,"(11.88866, 1.160957, -1.026251)",truck body CS,16.9185333251953,0.1,12.4012203216553,1.20473229885101,-1.36282587051392,0.00073747700243,90.083440095379,0.0000012201708
1699,left road,1699,-1.6049998998642,0.0,7.89999961853027,-1.54999995231628,0.0,0.94999998807907,-1.6049998998642,0.0,7.89999961853027,12.4012203216553,1.20473229885101,-1.36282587051392,11.8920764923096,1.16093873977661,-1.0261093378067,"(11.89208, 1.160939, -1.026109)",truck body CS,16.8352451324463,0.1,12.4012203216553,1.20473229885101,-1.36282587051392,0.00073747700243,90.083440095379,0.0000012201708
1700,left road,1700,-1.50499999523163,0.0,7.89999961853027,-1.45000004768372,0.0,0.94999998807907,-1.50499999523163,0.0,7.89999961853027,12.4012203216553,1.20473229885101,-1.36282587051392,11.8960723876953,1.16096997261047,-1.0263500213623,"(11.89607, 1.16097, -1.02635)",truck body CS,16.7521419525146,0.1,12.4012203216553,1.20473229885101,-1.36282587051392,0.00073747700243,90.083440095379,0.0000012201708
1701,left road,1701,-1.40499997138977,0.0,7.89999961853027,-1.35000002384186,0.0,0.94999998807907,-1.40499997138977,0.0,7.89999961853027,12.4012203216553,1.20473229885101,-1.36282587051392,12.3512697219849,1.20037353038788,-1.32931292057037,"(12.35127, 1.200374, -1.329313)",EyeArea,16.6692237854004,0.1,12.4012203216553,1.20473229885101,-1.36282587051392,0.00073747700243,90.083440095379,0.0000012201708
1702,left road,1702,-1.30499994754791,0.0,7.89999961853027,-1.25,0.0,0.94999998807907,-1.30499994754791,0.0,7.89999961853027,12.4012203216553,1.20473229885101,-1.36282587051392,12.3512697219849,1.20034182071686,-1.32906877994537,"(12.35127, 1.200342, -1.329069)",EyeArea,16.5864944458008,0.1,12.4012203216553,1.20473229885101,-1.36282587051392,0.00073747700243,90.083440095379,0.0000012201708
1703,left road,1703,-1.20499992370605,0.0,7.89999961853027,-1.14999997615814,0.0,0.94999998807907,-1.20499992370605,0.0,7.89999961853027,12.4012203216553,1.20473229885101,-1.36282587051392,12.3512697219849,1.20030951499939,-1.32881987094879,"(12.35127, 1.20031, -1.32882)",EyeArea,16.5039558410645,0.1,12.4012203216553,1.20473229885101,-1.36282587051392,0.00073747700243,90.083440095379,0.0000012201708
1704,left road,1704,-1.1049998998642,0.0,7.89999961853027,-1.04999995231628,0.0,0.94999998807907,-1.1049998998642,0.0,7.89999961853027,12.4012203216553,1.20473229885101,-1.36282587051392,12.3512706756592,1.20027685165405,-1.32856905460358,"(12.35127, 1.200277, -1.328569)",EyeArea,16.42160987854,0.1,12.4012203216553,1.20473229885101,-1.36282587051392,0.00073747700243,90.083440095379,0.0000012201708
1705,left road,1705,-1.00499999523163,0.0,7.89999961853027,-0.94999998807907,0.0,0.94999998807907,-1.00499999523163,0.0,7.89999961853027,12.4012203216553,1.20473229885101,-1.36282587051392,12.3512706756592,1.20024359226227,-1.32831346988678,"(12.35127, 1.200244, -1.328313)",EyeArea,16.3394622802734,0.1,12.4012203216553,1.20473229885101,-1.36282587051392,0.00073747700243,90.083440095379,0.0000012201708
1706,left road,1706,-0.90500003099442,0.0,7.89999961853027,-0.85000002384186,0.0,0.94999998807907,-0.90500003099442,0.0,7.89999961853027,12.4012203216553,1.20473229885101,-1.36282587051392,12.3512716293335,1.20020985603333,-1.32805407047272,"(12.35127, 1.20021, -1.328054)",EyeArea,16.2575168609619,0.1,12.4012203216553,1.20473229885101,-1.36282587051392,0.00073747700243,90.083440095379,0.0000012201708
1707,left road,1707,-0.80500000715256,0.0,7.89999961853027,-0.75,0.0,0.94999998807907,-0.80500000715256,0.0,7.89999961853027,12.4012203216553,1.20473229885101,-1.36282587051392,12.3512716293335,1.20017564296722,-1.32779181003571,"(12.35127, 1.200176, -1.327792)",EyeArea,16.1757717132568,0.1,12.4012203216553,1.20473229885101,-1.36282587051392,0.00073747700243,90.083440095379,0.0000012201708
1708,left road,1708,-0.7049999833107,0.0,7.89999961853027,-0.64999997615814,0.0,0.94999998807907,-0.7049999833107,0.0,7.89999961853027,12.4012203216553,1.20473229885101,-1.36282587051392,12.3512716293335,1.20014095306396,-1.3275238275528,"(12.35127, 1.200141, -1.327524)",EyeArea,16.0942325592041,0.1,12.4012203216553,1.20473229885101,-1.36282587051392,0.00073747700243,90.083440095379,0.0000012201708
1709,left road,1709,-0.60500001907349,0.0,7.89999961853027,-0.55000001192093,0.0,0.94999998807907,-0.60500001907349,0.0,7.89999961853027,12.4012203216553,1.20473229885101,-1.36282587051392,12.3512725830078,1.20010566711426,-1.32725298404694,"(12.35127, 1.200106, -1.327253)",EyeArea,16.012903213501,0.1,12.4012203216553,1.20473229885101,-1.36282587051392,0.00073747700243,90.083440095379,0.0000012201708
1710,left road,1710,-0.50499999523163,0.0,7.89999961853027,-0.44999998807907,0.0,0.94999998807907,-0.50499999523163,0.0,7.89999961853027,12.4012203216553,1.20473229885101,-1.36282587051392,12.3512725830078,1.20006990432739,-1.32697832584381,"(12.35127, 1.20007, -1.326978)",EyeArea,15.9317874908447,0.1,12.4012203216553,1.20473229885101,-1.36282587051392,0.00073747700243,90.083440095379,0.0000012201708
1711,left road,1711,-0.40500000119209,0.0,7.89999961853027,-0.34999999403954,0.0,0.94999998807907,-0.40500000119209,0.0,7.89999961853027,12.4012203216553,1.20473229885101,-1.36282587051392,12.3512735366821,1.20003354549408,-1.32669794559479,"(12.35127, 1.200034, -1.326698)",EyeArea,15.8508853912354,0.1,12.4012203216553,1.20473229885101,-1.36282587051392,0.00073747700243,90.083440095379,0.0000012201708
1712,left road,1712,-0.30500000715256,0.0,7.89999961853027,-0.25,0.0,0.94999998807907,-0.30500000715256,0.0,7.89999961853027,12.4012203216553,1.20473229885101,-1.36282587051392,12.3512735366821,1.19999659061432,-1.3264137506485,"(12.35127, 1.199997, -1.326414)",EyeArea,15.7702045440674,0.1,12.4012203216553,1.20473229885101,-1.36282587051392,0.00073747700243,90.083440095379,0.0000012201708
1713,left road,1713,-0.20500001311302,0.0,7.89999961853027,-0.15000000596046,0.0,0.94999998807907,-0.20500001311302,0.0,7.89999961853027,12.4012203216553,1.20473229885101,-1.36282587051392,12.3512744903564,1.19995903968811,-1.32612574100494,"(12.35127, 1.199959, -1.326126)",EyeArea,15.6897449493408,0.1,12.4012203216553,1.20473229885101,-1.36282587051392,0.00073747700243,90.083440095379,0.0000012201708
1714,left road,1714,-0.10500000417233,0.0,7.89999961853027,-0.05000000074506,0.0,0.94999998807907,-0.10500000417233,0.0,7.89999961853027,12.4012203216553,1.20473229885101,-1.36282587051392,12.3512744903564,1.19992089271545,-1.32583200931549,"(12.35127, 1.199921, -1.325832)",EyeArea,15.6095113754272,0.1,12.4012203216553,1.20473229885101,-1.36282587051392,0.00073747700243,90.083440095379,0.0000012201708
1715,left road,1715,-0.00499999895692,0.0,7.89999961853027,0.05000000074506,0.0,0.94999998807907,-0.00499999895692,0.0,7.89999961853027,12.4012203216553,1.20473229885101,-1.36282587051392,12.3512744903564,1.19988226890564,-1.32553541660309,"(12.35127, 1.199882, -1.325535)",EyeArea,15.5295076370239,0.1,12.4012203216553,1.20473229885101,-1.36282587051392,0.00073747700243,90.083440095379,0.0000012201708
1716,left road,1716,0.09500000625849,0.0,7.89999961853027,0.15000000596046,0.0,0.94999998807907,0.09500000625849,0.0,7.89999961853027,12.4012203216553,1.20473229885101,-1.36282587051392,12.3512754440308,1.1998428106308,-1.32523214817047,"(12.35128, 1.199843, -1.325232)",EyeArea,15.4497365951538,0.1,12.4012203216553,1.20473229885101,-1.36282587051392,0.00073747700243,90.083440095379,0.0000012201708
1717,left road,1717,0.19499999284744,0.0,7.89999961853027,0.25,0.0,0.94999998807907,0.19499999284744,0.0,7.89999961853027,12.4012203216553,1.20473229885101,-1.36282587051392,12.3512754440308,1.19980275630951,-1.32492411136627,"(12.35128, 1.199803, -1.324924)",EyeArea,15.3702030181885,0.1,12.4012203216553,1.20473229885101,-1.36282587051392,0.00073747700243,90.083440095379,0.0000012201708
1718,left road,1718,0.29499998688698,0.0,7.89999961853027,0.34999999403954,0.0,0.94999998807907,0.29499998688698,0.0,7.89999961853027,12.4012203216553,1.20473229885101,-1.36282587051392,12.3512763977051,1.19976210594177,-1.32461225986481,"(12.35128, 1.199762, -1.324612)",EyeArea,15.2909078598022,0.1,12.4012203216553,1.20473229885101,-1.36282587051392,0.00073747700243,90.083440095379,0.0000012201708
1719,left road,1719,0.39499998092651,0.0,7.89999961853027,0.44999998807907,0.0,0.94999998807907,0.39499998092651,0.0,7.89999961853027,12.4012203216553,1.20473229885101,-1.36282587051392,12.3512763977051,1.1997207403183,-1.32429468631744,"(12.35128, 1.199721, -1.324295)",EyeArea,15.2118587493896,0.1,12.4012203216553,1.20473229885101,-1.36282587051392,0.00073747700243,90.083440095379,0.0000012201708
1720,left road,1720,0.49500000476837,0.0,7.89999961853027,0.55000001192093,0.0,0.94999998807907,0.49500000476837,0.0,7.89999961853027,12.4012203216553,1.20473229885101,-1.36282587051392,12.3512773513794,1.19967865943909,-1.32396948337555,"(12.35128, 1.199679, -1.323969)",EyeArea,15.133056640625,0.1,12.4012203216553,1.20473229885101,-1.36282587051392,0.00073747700243,90.083440095379,0.0000012201708
1721,left road,1721,0.59499996900558,0.0,7.89999961853027,0.64999997615814,0.0,0.94999998807907,0.59499996900558,0.0,7.89999961853027,12.4012203216553,1.20473229885101,-1.36282587051392,12.3512773513794,1.19963598251343,-1.32364237308502,"(12.35128, 1.199636, -1.323642)",EyeArea,15.0545053482056,0.1,12.4012203216553,1.20473229885101,-1.36282587051392,0.00073747700243,90.083440095379,0.0000012201708
1722,left road,1722,0.69499999284744,0.0,7.89999961853027,0.75,0.0,0.94999998807907,0.69499999284744,0.0,7.89999961853027,12.4012203216553,1.20473229885101,-1.36282587051392,12.3512783050537,1.19959247112274,-1.32330667972565,"(12.35128, 1.199592, -1.323307)",EyeArea,14.9762115478516,0.1,12.4012203216553,1.20473229885101,-1.36282587051392,0.00073747700243,90.083440095379,0.0000012201708
1723,left road,1723,0.7950000166893,0.0,7.89999961853027,0.85000002384186,0.0,0.94999998807907,0.7950000166893,0.0,7.89999961853027,12.4012203216553,1.20473229885101,-1.36282587051392,12.3512783050537,1.19954824447632,-1.32296621799469,"(12.35128, 1.199548, -1.322966)",EyeArea,14.8981761932373,0.1,12.4012203216553,1.20473229885101,-1.36282587051392,0.00073747700243,90.083440095379,0.0000012201708
1724,left road,1724,0.89499998092651,0.0,7.89999961853027,0.94999998807907,0.0,0.94999998807907,0.89499998092651,0.0,7.89999961853027,12.4012203216553,1.20473229885101,-1.36282587051392,12.351279258728,1.19950330257416,-1.32262194156647,"(12.35128, 1.199503, -1.322622)",EyeArea,14.8204050064087,0.1,12.4012203216553,1.20473229885101,-1.36282587051392,0.00073747700243,90.083440095379,0.0000012201708
1725,left road,1725,0.99499994516373,0.0,7.89999961853027,1.04999995231628,0.0,0.94999998807907,0.99499994516373,0.0,7.89999961853027,12.4012203216553,1.20473229885101,-1.36282587051392,12.351279258728,1.19945752620697,-1.3222690820694,"(12.35128, 1.199458, -1.322269)",EyeArea,14.7429027557373,0.1,12.4012203216553,1.20473229885101,-1.36282587051392,0.00073747700243,90.083440095379,0.0000012201708
1726,left road,1726,1.09500002861023,0.0,7.89999961853027,1.14999997615814,0.0,0.94999998807907,1.09500002861023,0.0,7.89999961853027,12.4012203216553,1.20473229885101,-1.36282587051392,12.3512802124023,1.19941091537476,-1.32191050052643,"(12.35128, 1.199411, -1.321911)",EyeArea,14.6656713485718,0.1,12.4012203216553,1.20473229885101,-1.36282587051392,0.00073747700243,90.083440095379,0.0000012201708
1727,left road,1727,1.19500005245209,0.0,7.89999961853027,1.25,0.0,0.94999998807907,1.19500005245209,0.0,7.89999961853027,12.4012203216553,1.20473229885101,-1.36282587051392,12.3512802124023,1.19936347007751,-1.32154715061188,"(12.35128, 1.199363, -1.321547)",EyeArea,14.5887174606323,0.1,12.4012203216553,1.20473229885101,-1.36282587051392,0.00073747700243,90.083440095379,0.0000012201708
1728,left road,1728,1.29500007629395,0.0,7.89999961853027,1.35000002384186,0.0,0.94999998807907,1.29500007629395,0.0,7.89999961853027,12.4012203216553,1.20473229885101,-1.36282587051392,12.3512811660767,1.19931519031525,-1.32117438316345,"(12.35128, 1.199315, -1.321174)",EyeArea,14.5120439529419,0.1,12.4012203216553,1.20473229885101,-1.36282587051392,0.00073747700243,90.083440095379,0.0000012201708
1729,left road,1729,1.3950001001358,0.0,7.89999961853027,1.45000004768372,0.0,0.94999998807907,1.3950001001358,0.0,7.89999961853027,12.4012203216553,1.20473229885101,-1.36282587051392,12.351282119751,1.19926607608795,-1.32079768180847,"(12.35128, 1.199266, -1.320798)",EyeArea,14.4356565475464,0.1,12.4012203216553,1.20473229885101,-1.36282587051392,0.00073747700243,90.083440095379,0.0000012201708
1730,left road,1730,1.49500000476837,0.0,7.89999961853027,1.54999995231628,0.0,0.94999998807907,1.49500000476837,0.0,7.89999961853027,12.4012203216553,1.20473229885101,-1.36282587051392,12.351282119751,1.19921600818634,-1.32041335105896,"(12.35128, 1.199216, -1.320413)",EyeArea,14.3595590591431,0.1,12.4012203216553,1.20473229885101,-1.36282587051392,0.00073747700243,90.083440095379,0.0000012201708
1731,left road,1731,1.59500002861023,0.0,7.89999961853027,1.64999997615814,0.0,0.94999998807907,1.59500002861023,0.0,7.89999961853027,12.4012203216553,1.20473229885101,-1.36282587051392,12.3512830734253,1.19916498661041,-1.3200204372406,"(12.35128, 1.199165, -1.32002)",EyeArea,14.2837562561035,0.1,12.4012203216553,1.20473229885101,-1.36282587051392,0.00073747700243,90.083440095379,0.0000012201708
1732,left road,1732,1.69500005245209,0.0,7.89999961853027,1.75,0.0,0.94999998807907,1.69500005245209,0.0,7.89999961853027,12.4012203216553,1.20473229885101,-1.36282587051392,12.3512830734253,1.19911301136017,-1.31962084770203,"(12.35128, 1.199113, -1.319621)",EyeArea,14.2082538604736,0.1,12.4012203216553,1.20473229885101,-1.36282587051392,0.00073747700243,90.083440095379,0.0000012201708
1733,left road,1733,1.79500007629395,0.0,7.89999961853027,1.85000002384186,0.0,0.94999998807907,1.79500007629395,0.0,7.89999961853027,12.4012203216553,1.20473229885101,-1.36282587051392,12.3512840270996,1.19906008243561,-1.31921458244324,"(12.35128, 1.19906, -1.319215)",EyeArea,14.1330537796021,0.1,12.4012203216553,1.20473229885101,-1.36282587051392,0.00073747700243,90.083440095379,0.0000012201708
1734,left road,1734,1.8950001001358,0.0,7.89999961853027,1.95000004768372,0.0,0.94999998807907,1.8950001001358,0.0,7.89999961853027,12.4012203216553,1.20473229885101,-1.36282587051392,12.3512849807739,1.19900619983673,-1.3187997341156,"(12.35128, 1.199006, -1.3188)",EyeArea,14.0581636428833,0.1,12.4012203216553,1.20473229885101,-1.36282587051392,0.00073747700243,90.083440095379,0.0000012201708
1735,left road,1735,1.99500000476837,0.0,7.89999961853027,2.04999995231628,0.0,0.94999998807907,1.99500000476837,0.0,7.89999961853027,12.4012203216553,1.20473229885101,-1.36282587051392,12.3512849807739,1.19895124435425,-1.31837725639343,"(12.35128, 1.198951, -1.318377)",EyeArea,13.9835872650146,0.1,12.4012203216553,1.20473229885101,-1.36282587051392,0.00073747700243,90.083440095379,0.0000012201708
1736,left road,1736,2.09500002861023,0.0,7.89999961853027,2.15000009536743,0.0,0.94999998807907,2.09500002861023,0.0,7.89999961853027,12.4012203216553,1.20473229885101,-1.36282587051392,11.8618249893188,1.14168035984039,-0.87803757190704,"(11.86182, 1.14168, -0.878038)",truck body CS,13.909330368042,0.1,12.4012203216553,1.20473229885101,-1.36282587051392,0.00073747700243,90.083440095379,0.0000012201708
1737,left road,1737,2.1949999332428,0.0,7.89999961853027,2.25,0.0,0.94999998807907,2.1949999332428,0.0,7.89999961853027,12.4012203216553,1.20473229885101,-1.36282587051392,11.8606958389282,1.14092922210693,-0.87226235866547,"(11.8607, 1.140929, -0.872262)",truck body CS,13.8353986740112,0.1,12.4012203216553,1.20473229885101,-1.36282587051392,0.00073747700243,90.083440095379,0.0000012201708
1738,left road,1738,2.29499983787537,0.0,7.89999961853027,2.34999990463257,0.0,0.94999998807907,2.29499983787537,0.0,7.89999961853027,12.4012203216553,1.20473229885101,-1.36282587051392,11.859546661377,1.14016091823578,-0.86635529994965,"(11.85955, 1.140161, -0.866355)",truck body CS,13.7617950439453,0.1,12.4012203216553,1.20473229885101,-1.36282587051392,0.00073747700243,90.083440095379,0.0000012201708
1739,left road,1739,2.39499998092651,0.0,7.89999961853027,2.45000004768372,0.0,0.94999998807907,2.39499998092651,0.0,7.89999961853027,12.4012203216553,1.20473229885101,-1.36282587051392,11.8583574295044,1.1393723487854,-0.86029320955276,"(11.85836, 1.139372, -0.860293)",truck body CS,13.6885251998901,0.1,12.4012203216553,1.20473229885101,-1.36282587051392,0.00073747700243,90.083440095379,0.0000012201708
1740,left road,1740,2.49499988555908,0.0,7.89999961853027,2.54999995231628,0.0,0.94999998807907,2.49499988555908,0.0,7.89999961853027,12.4012203216553,1.20473229885101,-1.36282587051392,11.858344078064,1.13871109485626,-0.85520803928375,"(11.85834, 1.138711, -0.855208)",truck body CS,13.6155977249146,0.1,12.4012203216553,1.20473229885101,-1.36282587051392,0.00073747700243,90.083440095379,0.0000012201708
1741,left road,1741,2.59500002861023,0.0,7.89999961853027,2.65000009536743,0.0,0.94999998807907,2.59500002861023,0.0,7.89999961853027,12.4012203216553,1.20473229885101,-1.36282587051392,11.8585414886475,1.13806200027466,-0.85021781921387,"(11.85854, 1.138062, -0.850218)",truck body CS,13.5430145263672,0.1,12.4012203216553,1.20473229885101,-1.36282587051392,0.00073747700243,90.083440095379,0.0000012201708
1742,left road,1742,2.6949999332428,0.0,7.89999961853027,2.75,0.0,0.94999998807907,2.6949999332428,0.0,7.89999961853027,12.4012203216553,1.20473229885101,-1.36282587051392,11.8587408065796,1.13739991188049,-0.84512627124786,"(11.85874, 1.1374, -0.845126)",truck body CS,13.4707841873169,0.1,12.4012203216553,1.20473229885101,-1.36282587051392,0.00073747700243,90.083440095379,0.0000012201708
1743,left road,1743,2.79499983787537,0.0,7.89999961853027,2.84999990463257,0.0,0.94999998807907,2.79499983787537,0.0,7.89999961853027,12.4012203216553,1.20473229885101,-1.36282587051392,11.8589429855347,1.13672423362732,-0.83993220329285,"(11.85894, 1.136724, -0.839932)",truck body CS,13.3989086151123,0.1,12.4012203216553,1.20473229885101,-1.36282587051392,0.00073747700243,90.083440095379,0.0000012201708
1744,left road,1744,2.89499998092651,0.0,7.89999961853027,2.95000004768372,0.0,0.94999998807907,2.89499998092651,0.0,7.89999961853027,12.4012203216553,1.20473229885101,-1.36282587051392,11.8591499328613,1.13603508472443,-0.83463376760483,"(11.85915, 1.136035, -0.834634)",truck body CS,13.3273973464966,0.1,12.4012203216553,1.20473229885101,-1.36282587051392,0.00073747700243,90.083440095379,0.0000012201708
1745,left road,1745,2.99499988555908,0.0,7.89999961853027,3.04999995231628,0.0,0.94999998807907,2.99499988555908,0.0,7.89999961853027,12.4012203216553,1.20473229885101,-1.36282587051392,11.8593606948853,1.13533186912537,-0.82922607660294,"(11.85936, 1.135332, -0.829226)",truck body CS,13.256254196167,0.1,12.4012203216553,1.20473229885101,-1.36282587051392,0.00073747700243,90.083440095379,0.0000012201708
1746,left road,1746,3.09500002861023,0.0,7.89999961853027,3.15000009536743,0.0,0.94999998807907,3.09500002861023,0.0,7.89999961853027,12.4012203216553,1.20473229885101,-1.36282587051392,11.8595762252808,1.13461399078369,-0.82370668649673,"(11.85958, 1.134614, -0.823707)",truck body CS,13.1854858398438,0.1,12.4012203216553,1.20473229885101,-1.36282587051392,0.00073747700243,90.083440095379,0.0000012201708
1747,left road,1747,3.1949999332428,0.0,7.89999961853027,3.25,0.0,0.94999998807907,3.1949999332428,0.0,7.89999961853027,12.4012203216553,1.20473229885101,-1.36282587051392,11.8604116439819,1.13396167755127,-0.81869059801102,"(11.86041, 1.133962, -0.818691)",truck body CS,13.1150979995728,0.1,12.4012203216553,1.20473229885101,-1.36282587051392,0.00073747700243,90.083440095379,0.0000012201708
1748,left road,1748,3.29499983787537,0.0,7.89999961853027,3.34999990463257,0.0,0.94999998807907,3.29499983787537,0.0,7.89999961853027,12.4012203216553,1.20473229885101,-1.36282587051392,11.862361907959,1.13344252109528,-0.81470012664795,"(11.86236, 1.133443, -0.8147)",truck body CS,13.0450973510742,0.1,12.4012203216553,1.20473229885101,-1.36282587051392,0.00073747700243,90.083440095379,0.0000012201708
1749,left road,1749,3.39499998092651,0.0,7.89999961853027,3.45000004768372,0.0,0.94999998807907,3.39499998092651,0.0,7.89999961853027,12.4012203216553,1.20473229885101,-1.36282587051392,11.8643426895142,1.13291585445404,-0.81064993143082,"(11.86434, 1.132916, -0.81065)",truck body CS,12.9754886627197,0.1,12.4012203216553,1.20473229885101,-1.36282587051392,0.00073747700243,90.083440095379,0.0000012201708
1750,left road,1750,-3.50500011444092,0.0,8.0,-3.45000004768372,0.0,1.04999995231628,-3.50500011444092,0.0,8.0,12.4012203216553,1.20473229885101,-1.36282587051392,11.8127841949463,1.1601642370224,-1.01645588874817,"(11.81278, 1.160164, -1.016456)",truck body CS,18.4965324401855,0.1,12.4012203216553,1.20473229885101,-1.36282587051392,0.00073747700243,90.083440095379,0.0000012201708
1751,left road,1751,-3.40499997138977,0.0,8.0,-3.34999990463257,0.0,1.04999995231628,-3.40499997138977,0.0,8.0,12.4012203216553,1.20473229885101,-1.36282587051392,11.8161964416504,1.16014242172241,-1.01628565788269,"(11.8162, 1.160142, -1.016286)",truck body CS,18.410608291626,0.1,12.4012203216553,1.20473229885101,-1.36282587051392,0.00073747700243,90.083440095379,0.0000012201708
1752,left road,1752,-3.3050000667572,0.0,8.0,-3.25,0.0,1.04999995231628,-3.3050000667572,0.0,8.0,12.4012203216553,1.20473229885101,-1.36282587051392,11.8196096420288,1.16012024879456,-1.01611423492432,"(11.81961, 1.16012, -1.016114)",truck body CS,18.3248252868652,0.1,12.4012203216553,1.20473229885101,-1.36282587051392,0.00073747700243,90.083440095379,0.0000012201708
1753,left road,1753,-3.20500016212463,0.0,8.0,-3.15000009536743,0.0,1.04999995231628,-3.20500016212463,0.0,8.0,12.4012203216553,1.20473229885101,-1.36282587051392,11.8230676651001,1.16010141372681,-1.01596665382385,"(11.82307, 1.160101, -1.015967)",truck body CS,18.2391891479492,0.1,12.4012203216553,1.20473229885101,-1.36282587051392,0.00073747700243,90.083440095379,0.0000012201708
1754,left road,1754,-3.10500001907349,0.0,8.0,-3.04999995231628,0.0,1.04999995231628,-3.10500001907349,0.0,8.0,12.4012203216553,1.20473229885101,-1.36282587051392,11.8265514373779,1.16008424758911,-1.01583385467529,"(11.82655, 1.160084, -1.015834)",truck body CS,18.1536979675293,0.1,12.4012203216553,1.20473229885101,-1.36282587051392,0.00073747700243,90.083440095379,0.0000012201708
1755,left road,1755,-3.00500011444092,0.0,8.0,-2.95000004768372,0.0,1.04999995231628,-3.00500011444092,0.0,8.0,12.4012203216553,1.20473229885101,-1.36282587051392,11.8300657272339,1.16006922721863,-1.01571691036224,"(11.83007, 1.160069, -1.015717)",truck body CS,18.0683574676514,0.1,12.4012203216553,1.20473229885101,-1.36282587051392,0.00073747700243,90.083440095379,0.0000012201708
1756,left road,1756,-2.90499997138977,0.0,8.0,-2.84999990463257,0.0,1.04999995231628,-2.90499997138977,0.0,8.0,12.4012203216553,1.20473229885101,-1.36282587051392,11.8311080932617,1.15985941886902,-1.01408708095551,"(11.83111, 1.159859, -1.014087)",truck body CS,17.9831657409668,0.1,12.4012203216553,1.20473229885101,-1.36282587051392,0.00073747700243,90.083440095379,0.0000012201708
1757,left road,1757,-2.8050000667572,0.0,8.0,-2.75,0.0,1.04999995231628,-2.8050000667572,0.0,8.0,12.4012203216553,1.20473229885101,-1.36282587051392,11.8326244354248,1.15968441963196,-1.01272702217102,"(11.83262, 1.159684, -1.012727)",truck body CS,17.8981285095215,0.1,12.4012203216553,1.20473229885101,-1.36282587051392,0.00073747700243,90.083440095379,0.0000012201708
1758,left road,1758,-2.70500016212463,0.0,8.0,-2.65000009536743,0.0,1.04999995231628,-2.70500016212463,0.0,8.0,12.4012203216553,1.20473229885101,-1.36282587051392,11.8352613449097,1.15959656238556,-1.01204371452332,"(11.83526, 1.159597, -1.012044)",truck body CS,17.8132476806641,0.1,12.4012203216553,1.20473229885101,-1.36282587051392,0.00073747700243,90.083440095379,0.0000012201708
1759,left road,1759,-2.60500001907349,0.0,8.0,-2.54999995231628,0.0,1.04999995231628,-2.60500001907349,0.0,8.0,12.4012203216553,1.20473229885101,-1.36282587051392,11.8393211364746,1.15962171554565,-1.01223874092102,"(11.83932, 1.159622, -1.012239)",truck body CS,17.7285232543945,0.1,12.4012203216553,1.20473229885101,-1.36282587051392,0.00073747700243,90.083440095379,0.0000012201708
1760,left road,1760,-2.50500011444092,0.0,8.0,-2.45000004768372,0.0,1.04999995231628,-2.50500011444092,0.0,8.0,12.4012203216553,1.20473229885101,-1.36282587051392,11.8433570861816,1.15964531898499,-1.01242232322693,"(11.84336, 1.159645, -1.012422)",truck body CS,17.6439590454102,0.1,12.4012203216553,1.20473229885101,-1.36282587051392,0.00073747700243,90.083440095379,0.0000012201708
1761,left road,1761,-2.40499997138977,0.0,8.0,-2.34999990463257,0.0,1.04999995231628,-2.40499997138977,0.0,8.0,12.4012203216553,1.20473229885101,-1.36282587051392,11.8473987579346,1.15966963768005,-1.01261186599731,"(11.8474, 1.15967, -1.012612)",truck body CS,17.5595569610596,0.1,12.4012203216553,1.20473229885101,-1.36282587051392,0.00073747700243,90.083440095379,0.0000012201708
1762,left road,1762,-2.3050000667572,0.0,8.0,-2.25,0.0,1.04999995231628,-2.3050000667572,0.0,8.0,12.4012203216553,1.20473229885101,-1.36282587051392,11.8514261245728,1.15969324111938,-1.01279413700104,"(11.85143, 1.159693, -1.012794)",truck body CS,17.47532081604,0.1,12.4012203216553,1.20473229885101,-1.36282587051392,0.00073747700243,90.083440095379,0.0000012201708
1763,left road,1763,-2.20500016212463,0.0,8.0,-2.15000009536743,0.0,1.04999995231628,-2.20500016212463,0.0,8.0,12.4012203216553,1.20473229885101,-1.36282587051392,11.857403755188,1.15987777709961,-1.0142297744751,"(11.8574, 1.159878, -1.01423)",truck body CS,17.3912506103516,0.1,12.4012203216553,1.20473229885101,-1.36282587051392,0.00073747700243,90.083440095379,0.0000012201708
1764,left road,1764,-2.10500001907349,0.0,8.0,-2.04999995231628,0.0,1.04999995231628,-2.10500001907349,0.0,8.0,12.4012203216553,1.20473229885101,-1.36282587051392,11.8807163238525,1.1615047454834,-1.02687335014343,"(11.88072, 1.161505, -1.026873)",truck body CS,17.3073482513428,0.1,12.4012203216553,1.20473229885101,-1.36282587051392,0.00073747700243,90.083440095379,0.0000012201708
1765,left road,1765,-2.00500011444092,0.0,8.0,-1.95000004768372,0.0,1.04999995231628,-2.00500011444092,0.0,8.0,12.4012203216553,1.20473229885101,-1.36282587051392,11.8840827941895,1.16148614883423,-1.0267299413681,"(11.88408, 1.161486, -1.02673)",truck body CS,17.2236194610596,0.1,12.4012203216553,1.20473229885101,-1.36282587051392,0.00073747700243,90.083440095379,0.0000012201708
1766,left road,1766,-1.90499997138977,0.0,8.0,-1.85000002384186,0.0,1.04999995231628,-1.90499997138977,0.0,8.0,12.4012203216553,1.20473229885101,-1.36282587051392,11.8874502182007,1.16146743297577,-1.02658343315125,"(11.88745, 1.161467, -1.026583)",truck body CS,17.140064239502,0.1,12.4012203216553,1.20473229885101,-1.36282587051392,0.00073747700243,90.083440095379,0.0000012201708
1767,left road,1767,-1.80499994754791,0.0,8.0,-1.75,0.0,1.04999995231628,-1.80499994754791,0.0,8.0,12.4012203216553,1.20473229885101,-1.36282587051392,11.8907432556152,1.16144227981567,-1.02638745307922,"(11.89074, 1.161442, -1.026387)",truck body CS,17.0566883087158,0.1,12.4012203216553,1.20473229885101,-1.36282587051392,0.00073747700243,90.083440095379,0.0000012201708
1768,left road,1768,-1.70499992370605,0.0,8.0,-1.64999997615814,0.0,1.04999995231628,-1.70499992370605,0.0,8.0,12.4012203216553,1.20473229885101,-1.36282587051392,11.8943576812744,1.16144394874573,-1.02640068531036,"(11.89436, 1.161444, -1.026401)",truck body CS,16.9734897613525,0.1,12.4012203216553,1.20473229885101,-1.36282587051392,0.00073747700243,90.083440095379,0.0000012201708
1769,left road,1769,-1.6049998998642,0.0,8.0,-1.54999995231628,0.0,1.04999995231628,-1.6049998998642,0.0,8.0,12.4012203216553,1.20473229885101,-1.36282587051392,11.8983402252197,1.16147744655609,-1.02666163444519,"(11.89834, 1.161477, -1.026662)",truck body CS,16.8904724121094,0.1,12.4012203216553,1.20473229885101,-1.36282587051392,0.00073747700243,90.083440095379,0.0000012201708
1770,left road,1770,-1.50499999523163,0.0,8.0,-1.45000004768372,0.0,1.04999995231628,-1.50499999523163,0.0,8.0,12.4012203216553,1.20473229885101,-1.36282587051392,12.3512697219849,1.20040488243103,-1.32919466495514,"(12.35127, 1.200405, -1.329195)",EyeArea,16.8076419830322,0.1,12.4012203216553,1.20473229885101,-1.36282587051392,0.00073747700243,90.083440095379,0.0000012201708
1771,left road,1771,-1.40499997138977,0.0,8.0,-1.35000002384186,0.0,1.04999995231628,-1.40499997138977,0.0,8.0,12.4012203216553,1.20473229885101,-1.36282587051392,12.3512697219849,1.20037364959717,-1.32895052433014,"(12.35127, 1.200374, -1.328951)",EyeArea,16.7249984741211,0.1,12.4012203216553,1.20473229885101,-1.36282587051392,0.00073747700243,90.083440095379,0.0000012201708
1772,left road,1772,-1.30499994754791,0.0,8.0,-1.25,0.0,1.04999995231628,-1.30499994754791,0.0,8.0,12.4012203216553,1.20473229885101,-1.36282587051392,12.3512706756592,1.20034182071686,-1.32870352268219,"(12.35127, 1.200342, -1.328704)",EyeArea,16.6425476074219,0.1,12.4012203216553,1.20473229885101,-1.36282587051392,0.00073747700243,90.083440095379,0.0000012201708
1773,left road,1773,-1.20499992370605,0.0,8.0,-1.14999997615814,0.0,1.04999995231628,-1.20499992370605,0.0,8.0,12.4012203216553,1.20473229885101,-1.36282587051392,12.3512706756592,1.20030951499939,-1.32845366001129,"(12.35127, 1.20031, -1.328454)",EyeArea,16.5602874755859,0.1,12.4012203216553,1.20473229885101,-1.36282587051392,0.00073747700243,90.083440095379,0.0000012201708
1774,left road,1774,-1.1049998998642,0.0,8.0,-1.04999995231628,0.0,1.04999995231628,-1.1049998998642,0.0,8.0,12.4012203216553,1.20473229885101,-1.36282587051392,12.3512706756592,1.20027685165405,-1.32819902896881,"(12.35127, 1.200277, -1.328199)",EyeArea,16.4782238006592,0.1,12.4012203216553,1.20473229885101,-1.36282587051392,0.00073747700243,90.083440095379,0.0000012201708
1775,left road,1775,-1.00499999523163,0.0,8.0,-0.94999998807907,0.0,1.04999995231628,-1.00499999523163,0.0,8.0,12.4012203216553,1.20473229885101,-1.36282587051392,12.3512716293335,1.20024359226227,-1.32794153690338,"(12.35127, 1.200244, -1.327942)",EyeArea,16.3963603973389,0.1,12.4012203216553,1.20473229885101,-1.36282587051392,0.00073747700243,90.083440095379,0.0000012201708
1776,left road,1776,-0.90500003099442,0.0,8.0,-0.85000002384186,0.0,1.04999995231628,-0.90500003099442,0.0,8.0,12.4012203216553,1.20473229885101,-1.36282587051392,12.3512716293335,1.20020997524261,-1.32768023014069,"(12.35127, 1.20021, -1.32768)",EyeArea,16.314697265625,0.1,12.4012203216553,1.20473229885101,-1.36282587051392,0.00073747700243,90.083440095379,0.0000012201708
1777,left road,1777,-0.80500000715256,0.0,8.0,-0.75,0.0,1.04999995231628,-0.80500000715256,0.0,8.0,12.4012203216553,1.20473229885101,-1.36282587051392,12.3512725830078,1.20017576217651,-1.32741320133209,"(12.35127, 1.200176, -1.327413)",EyeArea,16.2332420349121,0.1,12.4012203216553,1.20473229885101,-1.36282587051392,0.00073747700243,90.083440095379,0.0000012201708
1778,left road,1778,-0.7049999833107,0.0,8.0,-0.64999997615814,0.0,1.04999995231628,-0.7049999833107,0.0,8.0,12.4012203216553,1.20473229885101,-1.36282587051392,12.3512725830078,1.20014107227325,-1.32714426517487,"(12.35127, 1.200141, -1.327144)",EyeArea,16.1519927978516,0.1,12.4012203216553,1.20473229885101,-1.36282587051392,0.00073747700243,90.083440095379,0.0000012201708
1779,left road,1779,-0.60500001907349,0.0,8.0,-0.55000001192093,0.0,1.04999995231628,-0.60500001907349,0.0,8.0,12.4012203216553,1.20473229885101,-1.36282587051392,12.3512725830078,1.20010578632355,-1.32687056064606,"(12.35127, 1.200106, -1.326871)",EyeArea,16.0709571838379,0.1,12.4012203216553,1.20473229885101,-1.36282587051392,0.00073747700243,90.083440095379,0.0000012201708
1780,left road,1780,-0.50499999523163,0.0,8.0,-0.44999998807907,0.0,1.04999995231628,-0.50499999523163,0.0,8.0,12.4012203216553,1.20473229885101,-1.36282587051392,12.3512735366821,1.20006990432739,-1.32659113407135,"(12.35127, 1.20007, -1.326591)",EyeArea,15.9901351928711,0.1,12.4012203216553,1.20473229885101,-1.36282587051392,0.00073747700243,90.083440095379,0.0000012201708
1781,left road,1781,-0.40500000119209,0.0,8.0,-0.34999999403954,0.0,1.04999995231628,-0.40500000119209,0.0,8.0,12.4012203216553,1.20473229885101,-1.36282587051392,12.3512735366821,1.20003354549408,-1.32630884647369,"(12.35127, 1.200034, -1.326309)",EyeArea,15.9095306396484,0.1,12.4012203216553,1.20473229885101,-1.36282587051392,0.00073747700243,90.083440095379,0.0000012201708
1782,left road,1782,-0.30500000715256,0.0,8.0,-0.25,0.0,1.04999995231628,-0.30500000715256,0.0,8.0,12.4012203216553,1.20473229885101,-1.36282587051392,12.3512744903564,1.19999659061432,-1.32602179050446,"(12.35127, 1.199997, -1.326022)",EyeArea,15.8291473388672,0.1,12.4012203216553,1.20473229885101,-1.36282587051392,0.00073747700243,90.083440095379,0.0000012201708
1783,left road,1783,-0.20500001311302,0.0,8.0,-0.15000000596046,0.0,1.04999995231628,-0.20500001311302,0.0,8.0,12.4012203216553,1.20473229885101,-1.36282587051392,12.3512744903564,1.1999591588974,-1.32572996616364,"(12.35127, 1.199959, -1.32573)",EyeArea,15.7489891052246,0.1,12.4012203216553,1.20473229885101,-1.36282587051392,0.00073747700243,90.083440095379,0.0000012201708
1784,left road,1784,-0.10500000417233,0.0,8.0,-0.05000000074506,0.0,1.04999995231628,-0.10500000417233,0.0,8.0,12.4012203216553,1.20473229885101,-1.36282587051392,12.3512754440308,1.19992101192474,-1.32543432712555,"(12.35128, 1.199921, -1.325434)",EyeArea,15.6690587997437,0.1,12.4012203216553,1.20473229885101,-1.36282587051392,0.00073747700243,90.083440095379,0.0000012201708
1785,left road,1785,-0.00499999895692,0.0,8.0,0.05000000074506,0.0,1.04999995231628,-0.00499999895692,0.0,8.0,12.4012203216553,1.20473229885101,-1.36282587051392,12.3512754440308,1.19988226890564,-1.32513296604156,"(12.35128, 1.199882, -1.325133)",EyeArea,15.5893621444702,0.1,12.4012203216553,1.20473229885101,-1.36282587051392,0.00073747700243,90.083440095379,0.0000012201708
1786,left road,1786,0.09500000625849,0.0,8.0,0.15000000596046,0.0,1.04999995231628,0.09500000625849,0.0,8.0,12.4012203216553,1.20473229885101,-1.36282587051392,12.3512763977051,1.1998428106308,-1.32482588291168,"(12.35128, 1.199843, -1.324826)",EyeArea,15.50989818573,0.1,12.4012203216553,1.20473229885101,-1.36282587051392,0.00073747700243,90.083440095379,0.0000012201708
1787,left road,1787,0.19499999284744,0.0,8.0,0.25,0.0,1.04999995231628,0.19499999284744,0.0,8.0,12.4012203216553,1.20473229885101,-1.36282587051392,12.3512763977051,1.1998028755188,-1.32451593875885,"(12.35128, 1.199803, -1.324516)",EyeArea,15.4306745529175,0.1,12.4012203216553,1.20473229885101,-1.36282587051392,0.00073747700243,90.083440095379,0.0000012201708
1788,left road,1788,0.29499998688698,0.0,8.0,0.34999999403954,0.0,1.04999995231628,0.29499998688698,0.0,8.0,12.4012203216553,1.20473229885101,-1.36282587051392,12.3512763977051,1.19976222515106,-1.32420027256012,"(12.35128, 1.199762, -1.3242)",EyeArea,15.3516912460327,0.1,12.4012203216553,1.20473229885101,-1.36282587051392,0.00073747700243,90.083440095379,0.0000012201708
1789,left road,1789,0.39499998092651,0.0,8.0,0.44999998807907,0.0,1.04999995231628,0.39499998092651,0.0,8.0,12.4012203216553,1.20473229885101,-1.36282587051392,12.3512773513794,1.19972085952759,-1.32387793064117,"(12.35128, 1.199721, -1.323878)",EyeArea,15.2729568481445,0.1,12.4012203216553,1.20473229885101,-1.36282587051392,0.00073747700243,90.083440095379,0.0000012201708
1790,left road,1790,0.49500000476837,0.0,8.0,0.55000001192093,0.0,1.04999995231628,0.49500000476837,0.0,8.0,12.4012203216553,1.20473229885101,-1.36282587051392,12.3512773513794,1.19967877864838,-1.32355177402496,"(12.35128, 1.199679, -1.323552)",EyeArea,15.1944723129272,0.1,12.4012203216553,1.20473229885101,-1.36282587051392,0.00073747700243,90.083440095379,0.0000012201708
1791,left road,1791,0.59499996900558,0.0,8.0,0.64999997615814,0.0,1.04999995231628,0.59499996900558,0.0,8.0,12.4012203216553,1.20473229885101,-1.36282587051392,12.3512783050537,1.19963610172272,-1.32321894168854,"(12.35128, 1.199636, -1.323219)",EyeArea,15.1162395477295,0.1,12.4012203216553,1.20473229885101,-1.36282587051392,0.00073747700243,90.083440095379,0.0000012201708
1792,left road,1792,0.69499999284744,0.0,8.0,0.75,0.0,1.04999995231628,0.69499999284744,0.0,8.0,12.4012203216553,1.20473229885101,-1.36282587051392,12.3512783050537,1.19959259033203,-1.32288038730621,"(12.35128, 1.199593, -1.32288)",EyeArea,15.0382671356201,0.1,12.4012203216553,1.20473229885101,-1.36282587051392,0.00073747700243,90.083440095379,0.0000012201708
1793,left road,1793,0.7950000166893,0.0,8.0,0.85000002384186,0.0,1.04999995231628,0.7950000166893,0.0,8.0,12.4012203216553,1.20473229885101,-1.36282587051392,12.351279258728,1.19954836368561,-1.32253801822662,"(12.35128, 1.199548, -1.322538)",EyeArea,14.9605560302734,0.1,12.4012203216553,1.20473229885101,-1.36282587051392,0.00073747700243,90.083440095379,0.0000012201708
1794,left road,1794,0.89499998092651,0.0,8.0,0.94999998807907,0.0,1.04999995231628,0.89499998092651,0.0,8.0,12.4012203216553,1.20473229885101,-1.36282587051392,12.3512802124023,1.19950342178345,-1.32218706607819,"(12.35128, 1.199503, -1.322187)",EyeArea,14.883111000061,0.1,12.4012203216553,1.20473229885101,-1.36282587051392,0.00073747700243,90.083440095379,0.0000012201708
1795,left road,1795,0.99499994516373,0.0,8.0,1.04999995231628,0.0,1.04999995231628,0.99499994516373,0.0,8.0,12.4012203216553,1.20473229885101,-1.36282587051392,12.3512802124023,1.19945752620697,-1.32183134555817,"(12.35128, 1.199458, -1.321831)",EyeArea,14.8059368133545,0.1,12.4012203216553,1.20473229885101,-1.36282587051392,0.00073747700243,90.083440095379,0.0000012201708
1796,left road,1796,1.09500002861023,0.0,8.0,1.14999997615814,0.0,1.04999995231628,1.09500002861023,0.0,8.0,12.4012203216553,1.20473229885101,-1.36282587051392,12.3512811660767,1.19941091537476,-1.32146990299225,"(12.35128, 1.199411, -1.32147)",EyeArea,14.7290353775024,0.1,12.4012203216553,1.20473229885101,-1.36282587051392,0.00073747700243,90.083440095379,0.0000012201708
1797,left road,1797,1.19500005245209,0.0,8.0,1.25,0.0,1.04999995231628,1.19500005245209,0.0,8.0,12.4012203216553,1.20473229885101,-1.36282587051392,12.3512811660767,1.1993635892868,-1.32110095024109,"(12.35128, 1.199364, -1.321101)",EyeArea,14.6524152755737,0.1,12.4012203216553,1.20473229885101,-1.36282587051392,0.00073747700243,90.083440095379,0.0000012201708
1798,left road,1798,1.29500007629395,0.0,8.0,1.35000002384186,0.0,1.04999995231628,1.29500007629395,0.0,8.0,12.4012203216553,1.20473229885101,-1.36282587051392,12.351282119751,1.19931519031525,-1.32072615623474,"(12.35128, 1.199315, -1.320726)",EyeArea,14.5760765075684,0.1,12.4012203216553,1.20473229885101,-1.36282587051392,0.00073747700243,90.083440095379,0.0000012201708
1799,left road,1799,1.3950001001358,0.0,8.0,1.45000004768372,0.0,1.04999995231628,1.3950001001358,0.0,8.0,12.4012203216553,1.20473229885101,-1.36282587051392,12.351282119751,1.19926607608795,-1.32034468650818,"(12.35128, 1.199266, -1.320345)",EyeArea,14.5000267028809,0.1,12.4012203216553,1.20473229885101,-1.36282587051392,0.00073747700243,90.083440095379,0.0000012201708
1800,left road,1800,1.49500000476837,0.0,8.0,1.54999995231628,0.0,1.04999995231628,1.49500000476837,0.0,8.0,12.4012203216553,1.20473229885101,-1.36282587051392,12.3512830734253,1.19921600818634,-1.31995463371277,"(12.35128, 1.199216, -1.319955)",EyeArea,14.4242677688599,0.1,12.4012203216553,1.20473229885101,-1.36282587051392,0.00073747700243,90.083440095379,0.0000012201708
1801,left road,1801,1.59500002861023,0.0,8.0,1.64999997615814,0.0,1.04999995231628,1.59500002861023,0.0,8.0,12.4012203216553,1.20473229885101,-1.36282587051392,12.3512840270996,1.1991651058197,-1.31955981254578,"(12.35128, 1.199165, -1.31956)",EyeArea,14.3488073348999,0.1,12.4012203216553,1.20473229885101,-1.36282587051392,0.00073747700243,90.083440095379,0.0000012201708
1802,left road,1802,1.69500005245209,0.0,8.0,1.75,0.0,1.04999995231628,1.69500005245209,0.0,8.0,12.4012203216553,1.20473229885101,-1.36282587051392,12.3512840270996,1.19911313056946,-1.31915545463562,"(12.35128, 1.199113, -1.319155)",EyeArea,14.2736482620239,0.1,12.4012203216553,1.20473229885101,-1.36282587051392,0.00073747700243,90.083440095379,0.0000012201708
1803,left road,1803,1.79500007629395,0.0,8.0,1.85000002384186,0.0,1.04999995231628,1.79500007629395,0.0,8.0,12.4012203216553,1.20473229885101,-1.36282587051392,12.3512849807739,1.1990602016449,-1.31874346733093,"(12.35128, 1.19906, -1.318743)",EyeArea,14.1987943649292,0.1,12.4012203216553,1.20473229885101,-1.36282587051392,0.00073747700243,90.083440095379,0.0000012201708
1804,left road,1804,1.8950001001358,0.0,8.0,1.95000004768372,0.0,1.04999995231628,1.8950001001358,0.0,8.0,12.4012203216553,1.20473229885101,-1.36282587051392,12.3512849807739,1.19900631904602,-1.31832575798035,"(12.35128, 1.199006, -1.318326)",EyeArea,14.1242532730103,0.1,12.4012203216553,1.20473229885101,-1.36282587051392,0.00073747700243,90.083440095379,0.0000012201708
1805,left road,1805,1.99500000476837,0.0,8.0,2.04999995231628,0.0,1.04999995231628,1.99500000476837,0.0,8.0,12.4012203216553,1.20473229885101,-1.36282587051392,11.8637504577637,1.14250922203064,-0.87924575805664,"(11.86375, 1.142509, -0.879246)",truck body CS,14.05002784729,0.1,12.4012203216553,1.20473229885101,-1.36282587051392,0.00073747700243,90.083440095379,0.0000012201708
1806,left road,1806,2.09500002861023,0.0,8.0,2.15000009536743,0.0,1.04999995231628,2.09500002861023,0.0,8.0,12.4012203216553,1.20473229885101,-1.36282587051392,11.8626642227173,1.14177846908569,-0.87356644868851,"(11.86266, 1.141778, -0.873566)",truck body CS,13.9761238098145,0.1,12.4012203216553,1.20473229885101,-1.36282587051392,0.00073747700243,90.083440095379,0.0000012201708
1807,left road,1807,2.1949999332428,0.0,8.0,2.25,0.0,1.04999995231628,2.1949999332428,0.0,8.0,12.4012203216553,1.20473229885101,-1.36282587051392,11.8615446090698,1.14102935791016,-0.86774545907974,"(11.86154, 1.141029, -0.867745)",truck body CS,13.9025468826294,0.1,12.4012203216553,1.20473229885101,-1.36282587051392,0.00073747700243,90.083440095379,0.0000012201708
1808,left road,1808,2.29499983787537,0.0,8.0,2.34999990463257,0.0,1.04999995231628,2.29499983787537,0.0,8.0,12.4012203216553,1.20473229885101,-1.36282587051392,11.8604068756104,1.14026355743408,-0.86179327964783,"(11.86041, 1.140264, -0.861793)",truck body CS,13.8293008804321,0.1,12.4012203216553,1.20473229885101,-1.36282587051392,0.00073747700243,90.083440095379,0.0000012201708
1809,left road,1809,2.39499998092651,0.0,8.0,2.45000004768372,0.0,1.04999995231628,2.39499998092651,0.0,8.0,12.4012203216553,1.20473229885101,-1.36282587051392,11.8599090576172,1.13955926895142,-0.85631930828094,"(11.85991, 1.139559, -0.856319)",truck body CS,13.7563915252686,0.1,12.4012203216553,1.20473229885101,-1.36282587051392,0.00073747700243,90.083440095379,0.0000012201708
1810,left road,1810,2.49499988555908,0.0,8.0,2.54999995231628,0.0,1.04999995231628,2.49499988555908,0.0,8.0,12.4012203216553,1.20473229885101,-1.36282587051392,11.8601140975952,1.1389262676239,-0.8514004945755,"(11.86011, 1.138926, -0.8514)",truck body CS,13.6838254928589,0.1,12.4012203216553,1.20473229885101,-1.36282587051392,0.00073747700243,90.083440095379,0.0000012201708
1811,left road,1811,2.59500002861023,0.0,8.0,2.65000009536743,0.0,1.04999995231628,2.59500002861023,0.0,8.0,12.4012203216553,1.20473229885101,-1.36282587051392,11.8603258132935,1.13828110694885,-0.84638643264771,"(11.86033, 1.138281, -0.846386)",truck body CS,13.6116056442261,0.1,12.4012203216553,1.20473229885101,-1.36282587051392,0.00073747700243,90.083440095379,0.0000012201708
1812,left road,1812,2.6949999332428,0.0,8.0,2.75,0.0,1.04999995231628,2.6949999332428,0.0,8.0,12.4012203216553,1.20473229885101,-1.36282587051392,11.8605432510376,1.13762354850769,-0.8412766456604,"(11.86054, 1.137624, -0.841277)",truck body CS,13.539740562439,0.1,12.4012203216553,1.20473229885101,-1.36282587051392,0.00073747700243,90.083440095379,0.0000012201708
1813,left road,1813,2.79499983787537,0.0,8.0,2.84999990463257,0.0,1.04999995231628,2.79499983787537,0.0,8.0,12.4012203216553,1.20473229885101,-1.36282587051392,11.8607635498047,1.1369526386261,-0.836061835289,"(11.86076, 1.136953, -0.836062)",truck body CS,13.4682340621948,0.1,12.4012203216553,1.20473229885101,-1.36282587051392,0.00073747700243,90.083440095379,0.0000012201708
1814,left road,1814,2.89499998092651,0.0,8.0,2.95000004768372,0.0,1.04999995231628,2.89499998092651,0.0,8.0,12.4012203216553,1.20473229885101,-1.36282587051392,11.860987663269,1.13626790046692,-0.83074140548706,"(11.86099, 1.136268, -0.830741)",truck body CS,13.3970928192139,0.1,12.4012203216553,1.20473229885101,-1.36282587051392,0.00073747700243,90.083440095379,0.0000012201708
1815,left road,1815,2.99499988555908,0.0,8.0,3.04999995231628,0.0,1.04999995231628,2.99499988555908,0.0,8.0,12.4012203216553,1.20473229885101,-1.36282587051392,11.8612155914307,1.13556933403015,-0.82531183958054,"(11.86122, 1.135569, -0.825312)",truck body CS,13.3263216018677,0.1,12.4012203216553,1.20473229885101,-1.36282587051392,0.00073747700243,90.083440095379,0.0000012201708
1816,left road,1816,3.09500002861023,0.0,8.0,3.15000009536743,0.0,1.04999995231628,3.09500002861023,0.0,8.0,12.4012203216553,1.20473229885101,-1.36282587051392,11.8620643615723,1.13493609428406,-0.82038962841034,"(11.86206, 1.134936, -0.82039)",truck body CS,13.2559270858765,0.1,12.4012203216553,1.20473229885101,-1.36282587051392,0.00073747700243,90.083440095379,0.0000012201708
1817,left road,1817,3.1949999332428,0.0,8.0,3.25,0.0,1.04999995231628,3.1949999332428,0.0,8.0,12.4012203216553,1.20473229885101,-1.36282587051392,11.8640012741089,1.1344313621521,-0.81646633148193,"(11.864, 1.134431, -0.816466)",truck body CS,13.1859159469604,0.1,12.4012203216553,1.20473229885101,-1.36282587051392,0.00073747700243,90.083440095379,0.0000012201708
1818,left road,1818,3.29499983787537,0.0,8.0,3.34999990463257,0.0,1.04999995231628,3.29499983787537,0.0,8.0,12.4012203216553,1.20473229885101,-1.36282587051392,11.8659648895264,1.13391900062561,-0.81248569488525,"(11.86596, 1.133919, -0.812486)",truck body CS,13.1162919998169,0.1,12.4012203216553,1.20473229885101,-1.36282587051392,0.00073747700243,90.083440095379,0.0000012201708
1819,left road,1819,3.39499998092651,0.0,8.0,3.45000004768372,0.0,1.04999995231628,3.39499998092651,0.0,8.0,12.4012203216553,1.20473229885101,-1.36282587051392,11.8679580688477,1.13339948654175,-0.8084477186203,"(11.86796, 1.133399, -0.808448)",truck body CS,13.0470638275146,0.1,12.4012203216553,1.20473229885101,-1.36282587051392,0.00073747700243,90.083440095379,0.0000012201708
1820,left road,1820,-3.50500011444092,0.0,8.09999942779541,-3.45000004768372,0.0,1.14999997615814,-3.50500011444092,0.0,8.09999942779541,12.4012203216553,1.20473229885101,-1.36282587051392,11.8188724517822,1.16062545776367,-1.01637935638428,"(11.81887, 1.160625, -1.016379)",truck body CS,18.5473537445068,0.1,12.4012203216553,1.20473229885101,-1.36282587051392,0.00073747700243,90.083440095379,0.0000012201708
1821,left road,1821,-3.40499997138977,0.0,8.09999942779541,-3.34999990463257,0.0,1.14999997615814,-3.40499997138977,0.0,8.09999942779541,12.4012203216553,1.20473229885101,-1.36282587051392,11.8222408294678,1.16060304641724,-1.01620352268219,"(11.82224, 1.160603, -1.016204)",truck body CS,18.4616641998291,0.1,12.4012203216553,1.20473229885101,-1.36282587051392,0.00073747700243,90.083440095379,0.0000012201708
1822,left road,1822,-3.3050000667572,0.0,8.09999942779541,-3.25,0.0,1.14999997615814,-3.3050000667572,0.0,8.09999942779541,12.4012203216553,1.20473229885101,-1.36282587051392,11.825737953186,1.16059041023254,-1.01610362529755,"(11.82574, 1.16059, -1.016104)",truck body CS,18.3761215209961,0.1,12.4012203216553,1.20473229885101,-1.36282587051392,0.00073747700243,90.083440095379,0.0000012201708
1823,left road,1823,-3.20500016212463,0.0,8.09999942779541,-3.15000009536743,0.0,1.14999997615814,-3.20500016212463,0.0,8.09999942779541,12.4012203216553,1.20473229885101,-1.36282587051392,11.8290901184082,1.16056632995605,-1.01591503620148,"(11.82909, 1.160566, -1.015915)",truck body CS,18.2907238006592,0.1,12.4012203216553,1.20473229885101,-1.36282587051392,0.00073747700243,90.083440095379,0.0000012201708
1824,left road,1824,-3.10500001907349,0.0,8.09999942779541,-3.04999995231628,0.0,1.14999997615814,-3.10500001907349,0.0,8.09999942779541,12.4012203216553,1.20473229885101,-1.36282587051392,11.8312149047852,1.16044652462006,-1.01497459411621,"(11.83121, 1.160447, -1.014975)",truck body CS,18.2054748535156,0.1,12.4012203216553,1.20473229885101,-1.36282587051392,0.00073747700243,90.083440095379,0.0000012201708
1825,left road,1825,-3.00500011444092,0.0,8.09999942779541,-2.95000004768372,0.0,1.14999997615814,-3.00500011444092,0.0,8.09999942779541,12.4012203216553,1.20473229885101,-1.36282587051392,11.8322582244873,1.160240650177,-1.01335692405701,"(11.83226, 1.160241, -1.013357)",truck body CS,18.1203784942627,0.1,12.4012203216553,1.20473229885101,-1.36282587051392,0.00073747700243,90.083440095379,0.0000012201708
1826,left road,1826,-2.90499997138977,0.0,8.09999942779541,-2.84999990463257,0.0,1.14999997615814,-2.90499997138977,0.0,8.09999942779541,12.4012203216553,1.20473229885101,-1.36282587051392,11.8346843719482,1.16014087200165,-1.0125732421875,"(11.83468, 1.160141, -1.012573)",truck body CS,18.0354328155518,0.1,12.4012203216553,1.20473229885101,-1.36282587051392,0.00073747700243,90.083440095379,0.0000012201708
1827,left road,1827,-2.8050000667572,0.0,8.09999942779541,-2.75,0.0,1.14999997615814,-2.8050000667572,0.0,8.09999942779541,12.4012203216553,1.20473229885101,-1.36282587051392,11.838020324707,1.16011202335358,-1.01234674453735,"(11.83802, 1.160112, -1.012347)",truck body CS,17.9506435394287,0.1,12.4012203216553,1.20473229885101,-1.36282587051392,0.00073747700243,90.083440095379,0.0000012201708
1828,left road,1828,-2.70500016212463,0.0,8.09999942779541,-2.65000009536743,0.0,1.14999997615814,-2.70500016212463,0.0,8.09999942779541,12.4012203216553,1.20473229885101,-1.36282587051392,11.8420057296753,1.16013443470001,-1.01252293586731,"(11.84201, 1.160134, -1.012523)",truck body CS,17.8660106658936,0.1,12.4012203216553,1.20473229885101,-1.36282587051392,0.00073747700243,90.083440095379,0.0000012201708
1829,left road,1829,-2.60500001907349,0.0,8.09999942779541,-2.54999995231628,0.0,1.14999997615814,-2.60500001907349,0.0,8.09999942779541,12.4012203216553,1.20473229885101,-1.36282587051392,11.8459959030151,1.16015756130219,-1.01270437240601,"(11.846, 1.160158, -1.012704)",truck body CS,17.7815380096436,0.1,12.4012203216553,1.20473229885101,-1.36282587051392,0.00073747700243,90.083440095379,0.0000012201708
1830,left road,1830,-2.50500011444092,0.0,8.09999942779541,-2.45000004768372,0.0,1.14999997615814,-2.50500011444092,0.0,8.09999942779541,12.4012203216553,1.20473229885101,-1.36282587051392,11.8499794006348,1.16018056869507,-1.01288485527039,"(11.84998, 1.160181, -1.012885)",truck body CS,17.6972274780273,0.1,12.4012203216553,1.20473229885101,-1.36282587051392,0.00073747700243,90.083440095379,0.0000012201708
1831,left road,1831,-2.40499997138977,0.0,8.09999942779541,-2.34999990463257,0.0,1.14999997615814,-2.40499997138977,0.0,8.09999942779541,12.4012203216553,1.20473229885101,-1.36282587051392,11.8539733886719,1.16020441055298,-1.01307308673859,"(11.85397, 1.160204, -1.013073)",truck body CS,17.6130809783936,0.1,12.4012203216553,1.20473229885101,-1.36282587051392,0.00073747700243,90.083440095379,0.0000012201708
1832,left road,1832,-2.3050000667572,0.0,8.09999942779541,-2.25,0.0,1.14999997615814,-2.3050000667572,0.0,8.09999942779541,12.4012203216553,1.20473229885101,-1.36282587051392,11.8795480728149,1.16199684143066,-1.02715122699738,"(11.87955, 1.161997, -1.027151)",truck body CS,17.5291004180908,0.1,12.4012203216553,1.20473229885101,-1.36282587051392,0.00073747700243,90.083440095379,0.0000012201708
1833,left road,1833,-2.20500016212463,0.0,8.09999942779541,-2.15000009536743,0.0,1.14999997615814,-2.20500016212463,0.0,8.09999942779541,12.4012203216553,1.20473229885101,-1.36282587051392,11.8828916549683,1.16198003292084,-1.02701926231384,"(11.88289, 1.16198, -1.027019)",truck body CS,17.4452896118164,0.1,12.4012203216553,1.20473229885101,-1.36282587051392,0.00073747700243,90.083440095379,0.0000012201708
1834,left road,1834,-2.10500001907349,0.0,8.09999942779541,-2.04999995231628,0.0,1.14999997615814,-2.10500001907349,0.0,8.09999942779541,12.4012203216553,1.20473229885101,-1.36282587051392,11.8862380981445,1.16196322441101,-1.02688813209534,"(11.88624, 1.161963, -1.026888)",truck body CS,17.3616504669189,0.1,12.4012203216553,1.20473229885101,-1.36282587051392,0.00073747700243,90.083440095379,0.0000012201708
1835,left road,1835,-2.00500011444092,0.0,8.09999942779541,-1.95000004768372,0.0,1.14999997615814,-2.00500011444092,0.0,8.09999942779541,12.4012203216553,1.20473229885101,-1.36282587051392,11.8895235061646,1.16194105148315,-1.02671337127686,"(11.88952, 1.161941, -1.026713)",truck body CS,17.2781848907471,0.1,12.4012203216553,1.20473229885101,-1.36282587051392,0.00073747700243,90.083440095379,0.0000012201708
1836,left road,1836,-1.90499997138977,0.0,8.09999942779541,-1.85000002384186,0.0,1.14999997615814,-1.90499997138977,0.0,8.09999942779541,12.4012203216553,1.20473229885101,-1.36282587051392,11.892783164978,1.16191649436951,-1.02652049064636,"(11.89278, 1.161916, -1.02652)",truck body CS,17.1948947906494,0.1,12.4012203216553,1.20473229885101,-1.36282587051392,0.00073747700243,90.083440095379,0.0000012201708
1837,left road,1837,-1.80499994754791,0.0,8.09999942779541,-1.75,0.0,1.14999997615814,-1.80499994754791,0.0,8.09999942779541,12.4012203216553,1.20473229885101,-1.36282587051392,11.8966150283813,1.16194021701813,-1.02670609951019,"(11.89662, 1.16194, -1.026706)",truck body CS,17.1117839813232,0.1,12.4012203216553,1.20473229885101,-1.36282587051392,0.00073747700243,90.083440095379,0.0000012201708
1838,left road,1838,-1.70499992370605,0.0,8.09999942779541,-1.64999997615814,0.0,1.14999997615814,-1.70499992370605,0.0,8.09999942779541,12.4012203216553,1.20473229885101,-1.36282587051392,11.9005527496338,1.16197299957275,-1.02696442604065,"(11.90055, 1.161973, -1.026964)",truck body CS,17.0288543701172,0.1,12.4012203216553,1.20473229885101,-1.36282587051392,0.00073747700243,90.083440095379,0.0000012201708
1839,left road,1839,-1.6049998998642,0.0,8.09999942779541,-1.54999995231628,0.0,1.14999997615814,-1.6049998998642,0.0,8.09999942779541,12.4012203216553,1.20473229885101,-1.36282587051392,12.3512697219849,1.20043575763702,-1.32907927036285,"(12.35127, 1.200436, -1.329079)",EyeArea,16.9461097717285,0.1,12.4012203216553,1.20473229885101,-1.36282587051392,0.00073747700243,90.083440095379,0.0000012201708
1840,left road,1840,-1.50499999523163,0.0,8.09999942779541,-1.45000004768372,0.0,1.14999997615814,-1.50499999523163,0.0,8.09999942779541,12.4012203216553,1.20473229885101,-1.36282587051392,12.3512697219849,1.20040488243103,-1.32883608341217,"(12.35127, 1.200405, -1.328836)",EyeArea,16.8635540008545,0.1,12.4012203216553,1.20473229885101,-1.36282587051392,0.00073747700243,90.083440095379,0.0000012201708
1841,left road,1841,-1.40499997138977,0.0,8.09999942779541,-1.35000002384186,0.0,1.14999997615814,-1.40499997138977,0.0,8.09999942779541,12.4012203216553,1.20473229885101,-1.36282587051392,12.3512706756592,1.20037364959717,-1.32859003543854,"(12.35127, 1.200374, -1.32859)",EyeArea,16.7811851501465,0.1,12.4012203216553,1.20473229885101,-1.36282587051392,0.00073747700243,90.083440095379,0.0000012201708
1842,left road,1842,-1.30499994754791,0.0,8.09999942779541,-1.25,0.0,1.14999997615814,-1.30499994754791,0.0,8.09999942779541,12.4012203216553,1.20473229885101,-1.36282587051392,12.3512706756592,1.20034182071686,-1.32834112644196,"(12.35127, 1.200342, -1.328341)",EyeArea,16.699010848999,0.1,12.4012203216553,1.20473229885101,-1.36282587051392,0.00073747700243,90.083440095379,0.0000012201708
1843,left road,1843,-1.20499992370605,0.0,8.09999942779541,-1.14999997615814,0.0,1.14999997615814,-1.20499992370605,0.0,8.09999942779541,12.4012203216553,1.20473229885101,-1.36282587051392,12.3512716293335,1.20030963420868,-1.32808744907379,"(12.35127, 1.20031, -1.328087)",EyeArea,16.6170291900635,0.1,12.4012203216553,1.20473229885101,-1.36282587051392,0.00073747700243,90.083440095379,0.0000012201708
1844,left road,1844,-1.1049998998642,0.0,8.09999942779541,-1.04999995231628,0.0,1.14999997615814,-1.1049998998642,0.0,8.09999942779541,12.4012203216553,1.20473229885101,-1.36282587051392,12.3512716293335,1.20027685165405,-1.32783091068268,"(12.35127, 1.200277, -1.327831)",EyeArea,16.5352478027344,0.1,12.4012203216553,1.20473229885101,-1.36282587051392,0.00073747700243,90.083440095379,0.0000012201708
1845,left road,1845,-1.00499999523163,0.0,8.09999942779541,-0.94999998807907,0.0,1.14999997615814,-1.00499999523163,0.0,8.09999942779541,12.4012203216553,1.20473229885101,-1.36282587051392,12.3512716293335,1.20024371147156,-1.3275705575943,"(12.35127, 1.200244, -1.327571)",EyeArea,16.4536685943604,0.1,12.4012203216553,1.20473229885101,-1.36282587051392,0.00073747700243,90.083440095379,0.0000012201708
1846,left road,1846,-0.90500003099442,0.0,8.09999942779541,-0.85000002384186,0.0,1.14999997615814,-0.90500003099442,0.0,8.09999942779541,12.4012203216553,1.20473229885101,-1.36282587051392,12.3512725830078,1.20020997524261,-1.32730543613434,"(12.35127, 1.20021, -1.327305)",EyeArea,16.3722915649414,0.1,12.4012203216553,1.20473229885101,-1.36282587051392,0.00073747700243,90.083440095379,0.0000012201708
1847,left road,1847,-0.80500000715256,0.0,8.09999942779541,-0.75,0.0,1.14999997615814,-0.80500000715256,0.0,8.09999942779541,12.4012203216553,1.20473229885101,-1.36282587051392,12.3512725830078,1.20017576217651,-1.32703745365143,"(12.35127, 1.200176, -1.327037)",EyeArea,16.2911243438721,0.1,12.4012203216553,1.20473229885101,-1.36282587051392,0.00073747700243,90.083440095379,0.0000012201708
1848,left road,1848,-0.7049999833107,0.0,8.09999942779541,-0.64999997615814,0.0,1.14999997615814,-0.7049999833107,0.0,8.09999942779541,12.4012203216553,1.20473229885101,-1.36282587051392,12.3512735366821,1.20014107227325,-1.32676470279694,"(12.35127, 1.200141, -1.326765)",EyeArea,16.2101650238037,0.1,12.4012203216553,1.20473229885101,-1.36282587051392,0.00073747700243,90.083440095379,0.0000012201708
1849,left road,1849,-0.60500001907349,0.0,8.09999942779541,-0.55000001192093,0.0,1.14999997615814,-0.60500001907349,0.0,8.09999942779541,12.4012203216553,1.20473229885101,-1.36282587051392,12.3512735366821,1.20010578632355,-1.32648622989655,"(12.35127, 1.200106, -1.326486)",EyeArea,16.1294212341309,0.1,12.4012203216553,1.20473229885101,-1.36282587051392,0.00073747700243,90.083440095379,0.0000012201708
1850,left road,1850,-0.50499999523163,0.0,8.09999942779541,-0.44999998807907,0.0,1.14999997615814,-0.50499999523163,0.0,8.09999942779541,12.4012203216553,1.20473229885101,-1.36282587051392,12.3512735366821,1.20007002353668,-1.32620584964752,"(12.35127, 1.20007, -1.326206)",EyeArea,16.0488929748535,0.1,12.4012203216553,1.20473229885101,-1.36282587051392,0.00073747700243,90.083440095379,0.0000012201708
1851,left road,1851,-0.40500000119209,0.0,8.09999942779541,-0.34999999403954,0.0,1.14999997615814,-0.40500000119209,0.0,8.09999942779541,12.4012203216553,1.20473229885101,-1.36282587051392,12.3512744903564,1.20003366470337,-1.3259197473526,"(12.35127, 1.200034, -1.32592)",EyeArea,15.9685859680176,0.1,12.4012203216553,1.20473229885101,-1.36282587051392,0.00073747700243,90.083440095379,0.0000012201708
1852,left road,1852,-0.30500000715256,0.0,8.09999942779541,-0.25,0.0,1.14999997615814,-0.30500000715256,0.0,8.09999942779541,12.4012203216553,1.20473229885101,-1.36282587051392,12.3512744903564,1.19999670982361,-1.3256288766861,"(12.35127, 1.199997, -1.325629)",EyeArea,15.8885021209717,0.1,12.4012203216553,1.20473229885101,-1.36282587051392,0.00073747700243,90.083440095379,0.0000012201708
1853,left road,1853,-0.20500001311302,0.0,8.09999942779541,-0.15000000596046,0.0,1.14999997615814,-0.20500001311302,0.0,8.09999942779541,12.4012203216553,1.20473229885101,-1.36282587051392,12.3512754440308,1.1999591588974,-1.32533609867096,"(12.35128, 1.199959, -1.325336)",EyeArea,15.8086452484131,0.1,12.4012203216553,1.20473229885101,-1.36282587051392,0.00073747700243,90.083440095379,0.0000012201708
1854,left road,1854,-0.10500000417233,0.0,8.09999942779541,-0.05000000074506,0.0,1.14999997615814,-0.10500000417233,0.0,8.09999942779541,12.4012203216553,1.20473229885101,-1.36282587051392,12.3512754440308,1.19992101192474,-1.32503569126129,"(12.35128, 1.199921, -1.325036)",EyeArea,15.7290172576904,0.1,12.4012203216553,1.20473229885101,-1.36282587051392,0.00073747700243,90.083440095379,0.0000012201708
1855,left road,1855,-0.00499999895692,0.0,8.09999942779541,0.05000000074506,0.0,1.14999997615814,-0.00499999895692,0.0,8.09999942779541,12.4012203216553,1.20473229885101,-1.36282587051392,12.3512763977051,1.19988226890564,-1.32473051548004,"(12.35128, 1.199882, -1.324731)",EyeArea,15.6496248245239,0.1,12.4012203216553,1.20473229885101,-1.36282587051392,0.00073747700243,90.083440095379,0.0000012201708
1856,left road,1856,0.09500000625849,0.0,8.09999942779541,0.15000000596046,0.0,1.14999997615814,0.09500000625849,0.0,8.09999942779541,12.4012203216553,1.20473229885101,-1.36282587051392,12.3512763977051,1.19984292984009,-1.32442247867584,"(12.35128, 1.199843, -1.324422)",EyeArea,15.5704689025879,0.1,12.4012203216553,1.20473229885101,-1.36282587051392,0.00073747700243,90.083440095379,0.0000012201708
1857,left road,1857,0.19499999284744,0.0,8.09999942779541,0.25,0.0,1.14999997615814,0.19499999284744,0.0,8.09999942779541,12.4012203216553,1.20473229885101,-1.36282587051392,12.3512773513794,1.19980299472809,-1.32410776615143,"(12.35128, 1.199803, -1.324108)",EyeArea,15.4915552139282,0.1,12.4012203216553,1.20473229885101,-1.36282587051392,0.00073747700243,90.083440095379,0.0000012201708
1858,left road,1858,0.29499998688698,0.0,8.09999942779541,0.34999999403954,0.0,1.14999997615814,0.29499998688698,0.0,8.09999942779541,12.4012203216553,1.20473229885101,-1.36282587051392,12.3512773513794,1.19976222515106,-1.32378733158112,"(12.35128, 1.199762, -1.323787)",EyeArea,15.4128847122192,0.1,12.4012203216553,1.20473229885101,-1.36282587051392,0.00073747700243,90.083440095379,0.0000012201708
1859,left road,1859,0.39499998092651,0.0,8.09999942779541,0.44999998807907,0.0,1.14999997615814,0.39499998092651,0.0,8.09999942779541,12.4012203216553,1.20473229885101,-1.36282587051392,12.3512783050537,1.19972097873688,-1.32346403598785,"(12.35128, 1.199721, -1.323464)",EyeArea,15.3344640731812,0.1,12.4012203216553,1.20473229885101,-1.36282587051392,0.00073747700243,90.083440095379,0.0000012201708
1860,left road,1860,0.49500000476837,0.0,8.09999942779541,0.55000001192093,0.0,1.14999997615814,0.49500000476837,0.0,8.09999942779541,12.4012203216553,1.20473229885101,-1.36282587051392,12.3512783050537,1.19967889785767,-1.32313311100006,"(12.35128, 1.199679, -1.323133)",EyeArea,15.2562952041626,0.1,12.4012203216553,1.20473229885101,-1.36282587051392,0.00073747700243,90.083440095379,0.0000012201708
1861,left road,1861,0.59499996900558,0.0,8.09999942779541,0.64999997615814,0.0,1.14999997615814,0.59499996900558,0.0,8.09999942779541,12.4012203216553,1.20473229885101,-1.36282587051392,12.351279258728,1.19963610172272,-1.322798371315,"(12.35128, 1.199636, -1.322798)",EyeArea,15.1783819198608,0.1,12.4012203216553,1.20473229885101,-1.36282587051392,0.00073747700243,90.083440095379,0.0000012201708
1862,left road,1862,0.69499999284744,0.0,8.09999942779541,0.75,0.0,1.14999997615814,0.69499999284744,0.0,8.09999942779541,12.4012203216553,1.20473229885101,-1.36282587051392,12.351279258728,1.19959259033203,-1.32245600223541,"(12.35128, 1.199593, -1.322456)",EyeArea,15.1007299423218,0.1,12.4012203216553,1.20473229885101,-1.36282587051392,0.00073747700243,90.083440095379,0.0000012201708
1863,left road,1863,0.7950000166893,0.0,8.09999942779541,0.85000002384186,0.0,1.14999997615814,0.7950000166893,0.0,8.09999942779541,12.4012203216553,1.20473229885101,-1.36282587051392,12.3512802124023,1.19954836368561,-1.32210791110992,"(12.35128, 1.199548, -1.322108)",EyeArea,15.0233421325684,0.1,12.4012203216553,1.20473229885101,-1.36282587051392,0.00073747700243,90.083440095379,0.0000012201708
1864,left road,1864,0.89499998092651,0.0,8.09999942779541,0.94999998807907,0.0,1.14999997615814,0.89499998092651,0.0,8.09999942779541,12.4012203216553,1.20473229885101,-1.36282587051392,12.3512802124023,1.19950342178345,-1.32175600528717,"(12.35128, 1.199503, -1.321756)",EyeArea,14.9462223052979,0.1,12.4012203216553,1.20473229885101,-1.36282587051392,0.00073747700243,90.083440095379,0.0000012201708
1865,left road,1865,0.99499994516373,0.0,8.09999942779541,1.04999995231628,0.0,1.14999997615814,0.99499994516373,0.0,8.09999942779541,12.4012203216553,1.20473229885101,-1.36282587051392,12.3512811660767,1.19945764541626,-1.32139647006989,"(12.35128, 1.199458, -1.321396)",EyeArea,14.8693752288818,0.1,12.4012203216553,1.20473229885101,-1.36282587051392,0.00073747700243,90.083440095379,0.0000012201708
1866,left road,1866,1.09500002861023,0.0,8.09999942779541,1.14999997615814,0.0,1.14999997615814,1.09500002861023,0.0,8.09999942779541,12.4012203216553,1.20473229885101,-1.36282587051392,12.3512811660767,1.19941103458405,-1.32102942466736,"(12.35128, 1.199411, -1.321029)",EyeArea,14.7928047180176,0.1,12.4012203216553,1.20473229885101,-1.36282587051392,0.00073747700243,90.083440095379,0.0000012201708
1867,left road,1867,1.19500005245209,0.0,8.09999942779541,1.25,0.0,1.14999997615814,1.19500005245209,0.0,8.09999942779541,12.4012203216553,1.20473229885101,-1.36282587051392,12.351282119751,1.1993635892868,-1.32065749168396,"(12.35128, 1.199364, -1.320657)",EyeArea,14.7165155410767,0.1,12.4012203216553,1.20473229885101,-1.36282587051392,0.00073747700243,90.083440095379,0.0000012201708
1868,left road,1868,1.29500007629395,0.0,8.09999942779541,1.35000002384186,0.0,1.14999997615814,1.29500007629395,0.0,8.09999942779541,12.4012203216553,1.20473229885101,-1.36282587051392,12.351282119751,1.19931530952454,-1.32027697563171,"(12.35128, 1.199315, -1.320277)",EyeArea,14.6405115127563,0.1,12.4012203216553,1.20473229885101,-1.36282587051392,0.00073747700243,90.083440095379,0.0000012201708
1869,left road,1869,1.3950001001358,0.0,8.09999942779541,1.45000004768372,0.0,1.14999997615814,1.3950001001358,0.0,8.09999942779541,12.4012203216553,1.20473229885101,-1.36282587051392,12.3512830734253,1.19926619529724,-1.31989169120789,"(12.35128, 1.199266, -1.319892)",EyeArea,14.5647974014282,0.1,12.4012203216553,1.20473229885101,-1.36282587051392,0.00073747700243,90.083440095379,0.0000012201708
1870,left road,1870,1.49500000476837,0.0,8.09999942779541,1.54999995231628,0.0,1.14999997615814,1.49500000476837,0.0,8.09999942779541,12.4012203216553,1.20473229885101,-1.36282587051392,12.3512840270996,1.19921612739563,-1.31949973106384,"(12.35128, 1.199216, -1.3195)",EyeArea,14.4893789291382,0.1,12.4012203216553,1.20473229885101,-1.36282587051392,0.00073747700243,90.083440095379,0.0000012201708
1871,left road,1871,1.59500002861023,0.0,8.09999942779541,1.64999997615814,0.0,1.14999997615814,1.59500002861023,0.0,8.09999942779541,12.4012203216553,1.20473229885101,-1.36282587051392,12.3512840270996,1.1991651058197,-1.31909823417664,"(12.35128, 1.199165, -1.319098)",EyeArea,14.4142580032349,0.1,12.4012203216553,1.20473229885101,-1.36282587051392,0.00073747700243,90.083440095379,0.0000012201708
1872,left road,1872,1.69500005245209,0.0,8.09999942779541,1.75,0.0,1.14999997615814,1.69500005245209,0.0,8.09999942779541,12.4012203216553,1.20473229885101,-1.36282587051392,12.3512849807739,1.19911313056946,-1.3186891078949,"(12.35128, 1.199113, -1.318689)",EyeArea,14.3394422531128,0.1,12.4012203216553,1.20473229885101,-1.36282587051392,0.00073747700243,90.083440095379,0.0000012201708
1873,left road,1873,1.79500007629395,0.0,8.09999942779541,1.85000002384186,0.0,1.14999997615814,1.79500007629395,0.0,8.09999942779541,12.4012203216553,1.20473229885101,-1.36282587051392,12.3512849807739,1.19906032085419,-1.31827521324158,"(12.35128, 1.19906, -1.318275)",EyeArea,14.2649345397949,0.1,12.4012203216553,1.20473229885101,-1.36282587051392,0.00073747700243,90.083440095379,0.0000012201708
1874,left road,1874,1.8950001001358,0.0,8.09999942779541,1.95000004768372,0.0,1.14999997615814,1.8950001001358,0.0,8.09999942779541,12.4012203216553,1.20473229885101,-1.36282587051392,11.867431640625,1.14352345466614,-0.88204818964005,"(11.86743, 1.143523, -0.882048)",truck body CS,14.1907405853271,0.1,12.4012203216553,1.20473229885101,-1.36282587051392,0.00073747700243,90.083440095379,0.0000012201708
1875,left road,1875,1.99500000476837,0.0,8.09999942779541,2.04999995231628,0.0,1.14999997615814,1.99500000476837,0.0,8.09999942779541,12.4012203216553,1.20473229885101,-1.36282587051392,11.8645782470703,1.14260482788086,-0.87483316659927,"(11.86458, 1.142605, -0.874833)",truck body CS,14.1168651580811,0.1,12.4012203216553,1.20473229885101,-1.36282587051392,0.00073747700243,90.083440095379,0.0000012201708
1876,left road,1876,2.09500002861023,0.0,8.09999942779541,2.15000009536743,0.0,1.14999997615814,2.09500002861023,0.0,8.09999942779541,12.4012203216553,1.20473229885101,-1.36282587051392,11.8635034561157,1.14187657833099,-0.86911177635193,"(11.8635, 1.141877, -0.869112)",truck body CS,14.0433130264282,0.1,12.4012203216553,1.20473229885101,-1.36282587051392,0.00073747700243,90.083440095379,0.0000012201708
1877,left road,1877,2.1949999332428,0.0,8.09999942779541,2.25,0.0,1.14999997615814,2.1949999332428,0.0,8.09999942779541,12.4012203216553,1.20473229885101,-1.36282587051392,11.862401008606,1.1411304473877,-0.86325180530548,"(11.8624, 1.14113, -0.863252)",truck body CS,13.9700889587402,0.1,12.4012203216553,1.20473229885101,-1.36282587051392,0.00073747700243,90.083440095379,0.0000012201708
1878,left road,1878,2.29499983787537,0.0,8.09999942779541,2.34999990463257,0.0,1.14999997615814,2.29499983787537,0.0,8.09999942779541,12.4012203216553,1.20473229885101,-1.36282587051392,11.8614292144775,1.140385389328,-0.85739928483963,"(11.86143, 1.140385, -0.857399)",truck body CS,13.897198677063,0.1,12.4012203216553,1.20473229885101,-1.36282587051392,0.00073747700243,90.083440095379,0.0000012201708
1879,left road,1879,2.39499998092651,0.0,8.09999942779541,2.45000004768372,0.0,1.14999997615814,2.39499998092651,0.0,8.09999942779541,12.4012203216553,1.20473229885101,-1.36282587051392,11.8616485595703,1.13976860046387,-0.8525555729866,"(11.86165, 1.139769, -0.852556)",truck body CS,13.8246479034424,0.1,12.4012203216553,1.20473229885101,-1.36282587051392,0.00073747700243,90.083440095379,0.0000012201708
1880,left road,1880,2.49499988555908,0.0,8.09999942779541,2.54999995231628,0.0,1.14999997615814,2.49499988555908,0.0,8.09999942779541,12.4012203216553,1.20473229885101,-1.36282587051392,11.8618726730347,1.13914012908936,-0.84761846065521,"(11.86187, 1.13914, -0.847618)",truck body CS,13.75244140625,0.1,12.4012203216553,1.20473229885101,-1.36282587051392,0.00073747700243,90.083440095379,0.0000012201708
1881,left road,1881,2.59500002861023,0.0,8.09999942779541,2.65000009536743,0.0,1.14999997615814,2.59500002861023,0.0,8.09999942779541,12.4012203216553,1.20473229885101,-1.36282587051392,11.8620986938477,1.13849902153015,-0.84258311986923,"(11.8621, 1.138499, -0.842583)",truck body CS,13.6805849075317,0.1,12.4012203216553,1.20473229885101,-1.36282587051392,0.00073747700243,90.083440095379,0.0000012201708
1882,left road,1882,2.6949999332428,0.0,8.09999942779541,2.75,0.0,1.14999997615814,2.6949999332428,0.0,8.09999942779541,12.4012203216553,1.20473229885101,-1.36282587051392,11.8623342514038,1.13784575462341,-0.8374525308609,"(11.86233, 1.137846, -0.837453)",truck body CS,13.6090841293335,0.1,12.4012203216553,1.20473229885101,-1.36282587051392,0.00073747700243,90.083440095379,0.0000012201708
1883,left road,1883,2.79499983787537,0.0,8.09999942779541,2.84999990463257,0.0,1.14999997615814,2.79499983787537,0.0,8.09999942779541,12.4012203216553,1.20473229885101,-1.36282587051392,11.86256980896,1.13717913627625,-0.83221578598022,"(11.86257, 1.137179, -0.832216)",truck body CS,13.5379428863525,0.1,12.4012203216553,1.20473229885101,-1.36282587051392,0.00073747700243,90.083440095379,0.0000012201708
1884,left road,1884,2.89499998092651,0.0,8.09999942779541,2.95000004768372,0.0,1.14999997615814,2.89499998092651,0.0,8.09999942779541,12.4012203216553,1.20473229885101,-1.36282587051392,11.8628149032593,1.13649952411652,-0.82687717676163,"(11.86281, 1.1365, -0.826877)",truck body CS,13.4671697616577,0.1,12.4012203216553,1.20473229885101,-1.36282587051392,0.00073747700243,90.083440095379,0.0000012201708
1885,left road,1885,2.99499988555908,0.0,8.09999942779541,3.04999995231628,0.0,1.14999997615814,2.99499988555908,0.0,8.09999942779541,12.4012203216553,1.20473229885101,-1.36282587051392,11.863673210144,1.13588428497314,-0.82204347848892,"(11.86367, 1.135884, -0.822043)",truck body CS,13.3967695236206,0.1,12.4012203216553,1.20473229885101,-1.36282587051392,0.00073747700243,90.083440095379,0.0000012201708
1886,left road,1886,3.09500002861023,0.0,8.09999942779541,3.15000009536743,0.0,1.14999997615814,3.09500002861023,0.0,8.09999942779541,12.4012203216553,1.20473229885101,-1.36282587051392,11.8655948638916,1.13539290428162,-0.81818544864655,"(11.86559, 1.135393, -0.818185)",truck body CS,13.3267469406128,0.1,12.4012203216553,1.20473229885101,-1.36282587051392,0.00073747700243,90.083440095379,0.0000012201708
1887,left road,1887,3.1949999332428,0.0,8.09999942779541,3.25,0.0,1.14999997615814,3.1949999332428,0.0,8.09999942779541,12.4012203216553,1.20473229885101,-1.36282587051392,11.8675422668457,1.13489484786987,-0.81427252292633,"(11.86754, 1.134895, -0.814273)",truck body CS,13.2571096420288,0.1,12.4012203216553,1.20473229885101,-1.36282587051392,0.00073747700243,90.083440095379,0.0000012201708
1888,left road,1888,3.29499983787537,0.0,8.09999942779541,3.34999990463257,0.0,1.14999997615814,3.29499983787537,0.0,8.09999942779541,12.4012203216553,1.20473229885101,-1.36282587051392,11.8695201873779,1.13438940048218,-0.81030291318893,"(11.86952, 1.134389, -0.810303)",truck body CS,13.1878623962402,0.1,12.4012203216553,1.20473229885101,-1.36282587051392,0.00073747700243,90.083440095379,0.0000012201708
1889,left road,1889,3.39499998092651,0.0,8.09999942779541,3.45000004768372,0.0,1.14999997615814,3.39499998092651,0.0,8.09999942779541,12.4012203216553,1.20473229885101,-1.36282587051392,11.871524810791,1.13387656211853,-0.80627530813217,"(11.87152, 1.133877, -0.806275)",truck body CS,13.119010925293,0.1,12.4012203216553,1.20473229885101,-1.36282587051392,0.00073747700243,90.083440095379,0.0000012201708
1890,left road,1890,-3.50500011444092,0.0,8.19999980926514,-3.45000004768372,0.0,1.25,-3.50500011444092,0.0,8.19999980926514,12.4012203216553,1.20473229885101,-1.36282587051392,11.8249616622925,1.16108655929565,-1.01637840270996,"(11.82496, 1.161087, -1.016378)",truck body CS,18.5985717773438,0.1,12.4012203216553,1.20473229885101,-1.36282587051392,0.00073747700243,90.083440095379,0.0000012201708
1891,left road,1891,-3.40499997138977,0.0,8.19999980926514,-3.34999990463257,0.0,1.25,-3.40499997138977,0.0,8.19999980926514,12.4012203216553,1.20473229885101,-1.36282587051392,11.8282985687256,1.16106474399567,-1.0162056684494,"(11.8283, 1.161065, -1.016206)",truck body CS,18.5131206512451,0.1,12.4012203216553,1.20473229885101,-1.36282587051392,0.00073747700243,90.083440095379,0.0000012201708
1892,left road,1892,-3.3050000667572,0.0,8.19999980926514,-3.25,0.0,1.25,-3.3050000667572,0.0,8.19999980926514,12.4012203216553,1.20473229885101,-1.36282587051392,11.8314933776855,1.16103172302246,-1.01594424247742,"(11.83149, 1.161032, -1.015944)",truck body CS,18.4278163909912,0.1,12.4012203216553,1.20473229885101,-1.36282587051392,0.00073747700243,90.083440095379,0.0000012201708
1893,left road,1893,-3.20500016212463,0.0,8.19999980926514,-3.15000009536743,0.0,1.25,-3.20500016212463,0.0,8.19999980926514,12.4012203216553,1.20473229885101,-1.36282587051392,11.8323249816895,1.16081595420837,-1.01423048973084,"(11.83232, 1.160816, -1.01423)",truck body CS,18.342658996582,0.1,12.4012203216553,1.20473229885101,-1.36282587051392,0.00073747700243,90.083440095379,0.0000012201708
1894,left road,1894,-3.10500001907349,0.0,8.19999980926514,-3.04999995231628,0.0,1.25,-3.10500001907349,0.0,8.19999980926514,12.4012203216553,1.20473229885101,-1.36282587051392,11.834174156189,1.16067636013031,-1.01312303543091,"(11.83417, 1.160676, -1.013123)",truck body CS,18.2576522827148,0.1,12.4012203216553,1.20473229885101,-1.36282587051392,0.00073747700243,90.083440095379,0.0000012201708
1895,left road,1895,-3.00500011444092,0.0,8.19999980926514,-2.95000004768372,0.0,1.25,-3.00500011444092,0.0,8.19999980926514,12.4012203216553,1.20473229885101,-1.36282587051392,11.8367328643799,1.16059064865112,-1.01244139671326,"(11.83673, 1.160591, -1.012441)",truck body CS,18.1728000640869,0.1,12.4012203216553,1.20473229885101,-1.36282587051392,0.00073747700243,90.083440095379,0.0000012201708
1896,left road,1896,-2.90499997138977,0.0,8.19999980926514,-2.84999990463257,0.0,1.25,-2.90499997138977,0.0,8.19999980926514,12.4012203216553,1.20473229885101,-1.36282587051392,11.840690612793,1.1606137752533,-1.01262533664703,"(11.84069, 1.160614, -1.012625)",truck body CS,18.0881004333496,0.1,12.4012203216553,1.20473229885101,-1.36282587051392,0.00073747700243,90.083440095379,0.0000012201708
1897,left road,1897,-2.8050000667572,0.0,8.19999980926514,-2.75,0.0,1.25,-2.8050000667572,0.0,8.19999980926514,12.4012203216553,1.20473229885101,-1.36282587051392,11.8446483612061,1.16063714027405,-1.01281046867371,"(11.84465, 1.160637, -1.01281)",truck body CS,18.0035591125488,0.1,12.4012203216553,1.20473229885101,-1.36282587051392,0.00073747700243,90.083440095379,0.0000012201708
1898,left road,1898,-2.70500016212463,0.0,8.19999980926514,-2.65000009536743,0.0,1.25,-2.70500016212463,0.0,8.19999980926514,12.4012203216553,1.20473229885101,-1.36282587051392,11.8486003875732,1.16066026687622,-1.01299571990967,"(11.8486, 1.16066, -1.012996)",truck body CS,17.9191780090332,0.1,12.4012203216553,1.20473229885101,-1.36282587051392,0.00073747700243,90.083440095379,0.0000012201708
1899,left road,1899,-2.60500001907349,0.0,8.19999980926514,-2.54999995231628,0.0,1.25,-2.60500001907349,0.0,8.19999980926514,12.4012203216553,1.20473229885101,-1.36282587051392,11.8525123596191,1.16068077087402,-1.01315701007843,"(11.85251, 1.160681, -1.013157)",truck body CS,17.8349571228027,0.1,12.4012203216553,1.20473229885101,-1.36282587051392,0.00073747700243,90.083440095379,0.0000012201708
1900,left road,1900,-2.50500011444092,0.0,8.19999980926514,-2.45000004768372,0.0,1.25,-2.50500011444092,0.0,8.19999980926514,12.4012203216553,1.20473229885101,-1.36282587051392,11.8579320907593,1.16082334518433,-1.01428842544556,"(11.85793, 1.160823, -1.014288)",truck body CS,17.7508983612061,0.1,12.4012203216553,1.20473229885101,-1.36282587051392,0.00073747700243,90.083440095379,0.0000012201708
1901,left road,1901,-2.40499997138977,0.0,8.19999980926514,-2.34999990463257,0.0,1.25,-2.40499997138977,0.0,8.19999980926514,12.4012203216553,1.20473229885101,-1.36282587051392,11.881724357605,1.16246259212494,-1.02730083465576,"(11.88172, 1.162463, -1.027301)",truck body CS,17.6670074462891,0.1,12.4012203216553,1.20473229885101,-1.36282587051392,0.00073747700243,90.083440095379,0.0000012201708
1902,left road,1902,-2.3050000667572,0.0,8.19999980926514,-2.25,0.0,1.25,-2.3050000667572,0.0,8.19999980926514,12.4012203216553,1.20473229885101,-1.36282587051392,11.88503074646,1.16244602203369,-1.02717018127441,"(11.88503, 1.162446, -1.02717)",truck body CS,17.5832862854004,0.1,12.4012203216553,1.20473229885101,-1.36282587051392,0.00073747700243,90.083440095379,0.0000012201708
1903,left road,1903,-2.20500016212463,0.0,8.19999980926514,-2.15000009536743,0.0,1.25,-2.20500016212463,0.0,8.19999980926514,12.4012203216553,1.20473229885101,-1.36282587051392,11.8883361816406,1.16242909431458,-1.0270357131958,"(11.88834, 1.162429, -1.027036)",truck body CS,17.49973487854,0.1,12.4012203216553,1.20473229885101,-1.36282587051392,0.00073747700243,90.083440095379,0.0000012201708
1904,left road,1904,-2.10500001907349,0.0,8.19999980926514,-2.04999995231628,0.0,1.25,-2.10500001907349,0.0,8.19999980926514,12.4012203216553,1.20473229885101,-1.36282587051392,11.8915548324585,1.1624048948288,-1.02684283256531,"(11.89155, 1.162405, -1.026843)",truck body CS,17.4163570404053,0.1,12.4012203216553,1.20473229885101,-1.36282587051392,0.00073747700243,90.083440095379,0.0000012201708
1905,left road,1905,-2.00500011444092,0.0,8.19999980926514,-1.95000004768372,0.0,1.25,-2.00500011444092,0.0,8.19999980926514,12.4012203216553,1.20473229885101,-1.36282587051392,11.8949661254883,1.16239631175995,-1.02677512168884,"(11.89497, 1.162396, -1.026775)",truck body CS,17.3331546783447,0.1,12.4012203216553,1.20473229885101,-1.36282587051392,0.00073747700243,90.083440095379,0.0000012201708
1906,left road,1906,-1.90499997138977,0.0,8.19999980926514,-1.85000002384186,0.0,1.25,-1.90499997138977,0.0,8.19999980926514,12.4012203216553,1.20473229885101,-1.36282587051392,11.8988265991211,1.16242551803589,-1.02700662612915,"(11.89883, 1.162426, -1.027007)",truck body CS,17.250129699707,0.1,12.4012203216553,1.20473229885101,-1.36282587051392,0.00073747700243,90.083440095379,0.0000012201708
1907,left road,1907,-1.80499994754791,0.0,8.19999980926514,-1.75,0.0,1.25,-1.80499994754791,0.0,8.19999980926514,12.4012203216553,1.20473229885101,-1.36282587051392,12.3512697219849,1.20049619674683,-1.32920229434967,"(12.35127, 1.200496, -1.329202)",EyeArea,17.1672878265381,0.1,12.4012203216553,1.20473229885101,-1.36282587051392,0.00073747700243,90.083440095379,0.0000012201708
1908,left road,1908,-1.70499992370605,0.0,8.19999980926514,-1.64999997615814,0.0,1.25,-1.70499992370605,0.0,8.19999980926514,12.4012203216553,1.20473229885101,-1.36282587051392,12.3512697219849,1.20046627521515,-1.32896482944489,"(12.35127, 1.200466, -1.328965)",EyeArea,17.0846271514893,0.1,12.4012203216553,1.20473229885101,-1.36282587051392,0.00073747700243,90.083440095379,0.0000012201708
1909,left road,1909,-1.6049998998642,0.0,8.19999980926514,-1.54999995231628,0.0,1.25,-1.6049998998642,0.0,8.19999980926514,12.4012203216553,1.20473229885101,-1.36282587051392,12.3512706756592,1.20043587684631,-1.32872259616852,"(12.35127, 1.200436, -1.328723)",EyeArea,17.0021533966064,0.1,12.4012203216553,1.20473229885101,-1.36282587051392,0.00073747700243,90.083440095379,0.0000012201708
1910,left road,1910,-1.50499999523163,0.0,8.19999980926514,-1.45000004768372,0.0,1.25,-1.50499999523163,0.0,8.19999980926514,12.4012203216553,1.20473229885101,-1.36282587051392,12.3512706756592,1.20040500164032,-1.32847845554352,"(12.35127, 1.200405, -1.328478)",EyeArea,16.9198703765869,0.1,12.4012203216553,1.20473229885101,-1.36282587051392,0.00073747700243,90.083440095379,0.0000012201708
1911,left road,1911,-1.40499997138977,0.0,8.19999980926514,-1.35000002384186,0.0,1.25,-1.40499997138977,0.0,8.19999980926514,12.4012203216553,1.20473229885101,-1.36282587051392,12.3512706756592,1.20037364959717,-1.32822954654694,"(12.35127, 1.200374, -1.32823)",EyeArea,16.8377780914307,0.1,12.4012203216553,1.20473229885101,-1.36282587051392,0.00073747700243,90.083440095379,0.0000012201708
1912,left road,1912,-1.30499994754791,0.0,8.19999980926514,-1.25,0.0,1.25,-1.30499994754791,0.0,8.19999980926514,12.4012203216553,1.20473229885101,-1.36282587051392,12.3512716293335,1.20034193992615,-1.32797682285309,"(12.35127, 1.200342, -1.327977)",EyeArea,16.755880355835,0.1,12.4012203216553,1.20473229885101,-1.36282587051392,0.00073747700243,90.083440095379,0.0000012201708
1913,left road,1913,-1.20499992370605,0.0,8.19999980926514,-1.14999997615814,0.0,1.25,-1.20499992370605,0.0,8.19999980926514,12.4012203216553,1.20473229885101,-1.36282587051392,12.3512716293335,1.20030963420868,-1.32772219181061,"(12.35127, 1.20031, -1.327722)",EyeArea,16.6741790771484,0.1,12.4012203216553,1.20473229885101,-1.36282587051392,0.00073747700243,90.083440095379,0.0000012201708
1914,left road,1914,-1.1049998998642,0.0,8.19999980926514,-1.04999995231628,0.0,1.25,-1.1049998998642,0.0,8.19999980926514,12.4012203216553,1.20473229885101,-1.36282587051392,12.3512716293335,1.20027697086334,-1.32746088504791,"(12.35127, 1.200277, -1.327461)",EyeArea,16.592679977417,0.1,12.4012203216553,1.20473229885101,-1.36282587051392,0.00073747700243,90.083440095379,0.0000012201708
1915,left road,1915,-1.00499999523163,0.0,8.19999980926514,-0.94999998807907,0.0,1.25,-1.00499999523163,0.0,8.19999980926514,12.4012203216553,1.20473229885101,-1.36282587051392,12.3512725830078,1.20024383068085,-1.32719767093658,"(12.35127, 1.200244, -1.327198)",EyeArea,16.5113830566406,0.1,12.4012203216553,1.20473229885101,-1.36282587051392,0.00073747700243,90.083440095379,0.0000012201708
1916,left road,1916,-0.90500003099442,0.0,8.19999980926514,-0.85000002384186,0.0,1.25,-0.90500003099442,0.0,8.19999980926514,12.4012203216553,1.20473229885101,-1.36282587051392,12.3512725830078,1.20020997524261,-1.32693064212799,"(12.35127, 1.20021, -1.326931)",EyeArea,16.4302921295166,0.1,12.4012203216553,1.20473229885101,-1.36282587051392,0.00073747700243,90.083440095379,0.0000012201708
1917,left road,1917,-0.80500000715256,0.0,8.19999980926514,-0.75,0.0,1.25,-0.80500000715256,0.0,8.19999980926514,12.4012203216553,1.20473229885101,-1.36282587051392,12.3512735366821,1.2001758813858,-1.32665884494781,"(12.35127, 1.200176, -1.326659)",EyeArea,16.3494129180908,0.1,12.4012203216553,1.20473229885101,-1.36282587051392,0.00073747700243,90.083440095379,0.0000012201708
1918,left road,1918,-0.7049999833107,0.0,8.19999980926514,-0.64999997615814,0.0,1.25,-0.7049999833107,0.0,8.19999980926514,12.4012203216553,1.20473229885101,-1.36282587051392,12.3512735366821,1.20014107227325,-1.32638227939606,"(12.35127, 1.200141, -1.326382)",EyeArea,16.2687454223633,0.1,12.4012203216553,1.20473229885101,-1.36282587051392,0.00073747700243,90.083440095379,0.0000012201708
1919,left road,1919,-0.60500001907349,0.0,8.19999980926514,-0.55000001192093,0.0,1.25,-0.60500001907349,0.0,8.19999980926514,12.4012203216553,1.20473229885101,-1.36282587051392,12.3512744903564,1.20010578632355,-1.32610380649567,"(12.35127, 1.200106, -1.326104)",EyeArea,16.1882915496826,0.1,12.4012203216553,1.20473229885101,-1.36282587051392,0.00073747700243,90.083440095379,0.0000012201708
1920,left road,1920,-0.50499999523163,0.0,8.19999980926514,-0.44999998807907,0.0,1.25,-0.50499999523163,0.0,8.19999980926514,12.4012203216553,1.20473229885101,-1.36282587051392,12.3512744903564,1.20007002353668,-1.32581865787506,"(12.35127, 1.20007, -1.325819)",EyeArea,16.1080589294434,0.1,12.4012203216553,1.20473229885101,-1.36282587051392,0.00073747700243,90.083440095379,0.0000012201708
1921,left road,1921,-0.40500000119209,0.0,8.19999980926514,-0.34999999403954,0.0,1.25,-0.40500000119209,0.0,8.19999980926514,12.4012203216553,1.20473229885101,-1.36282587051392,12.3512744903564,1.20003366470337,-1.32553064823151,"(12.35127, 1.200034, -1.325531)",EyeArea,16.0280475616455,0.1,12.4012203216553,1.20473229885101,-1.36282587051392,0.00073747700243,90.083440095379,0.0000012201708
1922,left road,1922,-0.30500000715256,0.0,8.19999980926514,-0.25,0.0,1.25,-0.30500000715256,0.0,8.19999980926514,12.4012203216553,1.20473229885101,-1.36282587051392,12.3512754440308,1.19999670982361,-1.32523787021637,"(12.35128, 1.199997, -1.325238)",EyeArea,15.9482622146606,0.1,12.4012203216553,1.20473229885101,-1.36282587051392,0.00073747700243,90.083440095379,0.0000012201708
1923,left road,1923,-0.20500001311302,0.0,8.19999980926514,-0.15000000596046,0.0,1.25,-0.20500001311302,0.0,8.19999980926514,12.4012203216553,1.20473229885101,-1.36282587051392,12.3512754440308,1.1999591588974,-1.32493841648102,"(12.35128, 1.199959, -1.324938)",EyeArea,15.8687057495117,0.1,12.4012203216553,1.20473229885101,-1.36282587051392,0.00073747700243,90.083440095379,0.0000012201708
1924,left road,1924,-0.10500000417233,0.0,8.19999980926514,-0.05000000074506,0.0,1.25,-0.10500000417233,0.0,8.19999980926514,12.4012203216553,1.20473229885101,-1.36282587051392,12.3512763977051,1.19992101192474,-1.32463705539703,"(12.35128, 1.199921, -1.324637)",EyeArea,15.7893810272217,0.1,12.4012203216553,1.20473229885101,-1.36282587051392,0.00073747700243,90.083440095379,0.0000012201708
1925,left road,1925,-0.00499999895692,0.0,8.19999980926514,0.05000000074506,0.0,1.25,-0.00499999895692,0.0,8.19999980926514,12.4012203216553,1.20473229885101,-1.36282587051392,12.3512763977051,1.19988238811493,-1.32432997226715,"(12.35128, 1.199882, -1.32433)",EyeArea,15.7102937698364,0.1,12.4012203216553,1.20473229885101,-1.36282587051392,0.00073747700243,90.083440095379,0.0000012201708
1926,left road,1926,0.09500000625849,0.0,8.19999980926514,0.15000000596046,0.0,1.25,0.09500000625849,0.0,8.19999980926514,12.4012203216553,1.20473229885101,-1.36282587051392,12.3512773513794,1.19984304904938,-1.32401621341705,"(12.35128, 1.199843, -1.324016)",EyeArea,15.6314458847046,0.1,12.4012203216553,1.20473229885101,-1.36282587051392,0.00073747700243,90.083440095379,0.0000012201708
1927,left road,1927,0.19499999284744,0.0,8.19999980926514,0.25,0.0,1.25,0.19499999284744,0.0,8.19999980926514,12.4012203216553,1.20473229885101,-1.36282587051392,12.3512773513794,1.19980299472809,-1.32369959354401,"(12.35128, 1.199803, -1.3237)",EyeArea,15.5528402328491,0.1,12.4012203216553,1.20473229885101,-1.36282587051392,0.00073747700243,90.083440095379,0.0000012201708
1928,left road,1928,0.29499998688698,0.0,8.19999980926514,0.34999999403954,0.0,1.25,0.29499998688698,0.0,8.19999980926514,12.4012203216553,1.20473229885101,-1.36282587051392,12.3512783050537,1.19976234436035,-1.32337629795074,"(12.35128, 1.199762, -1.323376)",EyeArea,15.4744815826416,0.1,12.4012203216553,1.20473229885101,-1.36282587051392,0.00073747700243,90.083440095379,0.0000012201708
1929,left road,1929,0.39499998092651,0.0,8.19999980926514,0.44999998807907,0.0,1.25,0.39499998092651,0.0,8.19999980926514,12.4012203216553,1.20473229885101,-1.36282587051392,12.3512783050537,1.19972097873688,-1.32304728031158,"(12.35128, 1.199721, -1.323047)",EyeArea,15.3963747024536,0.1,12.4012203216553,1.20473229885101,-1.36282587051392,0.00073747700243,90.083440095379,0.0000012201708
1930,left road,1930,0.49500000476837,0.0,8.19999980926514,0.55000001192093,0.0,1.25,0.49500000476837,0.0,8.19999980926514,12.4012203216553,1.20473229885101,-1.36282587051392,12.351279258728,1.19967889785767,-1.32271540164948,"(12.35128, 1.199679, -1.322715)",EyeArea,15.3185224533081,0.1,12.4012203216553,1.20473229885101,-1.36282587051392,0.00073747700243,90.083440095379,0.0000012201708
1931,left road,1931,0.59499996900558,0.0,8.19999980926514,0.64999997615814,0.0,1.25,0.59499996900558,0.0,8.19999980926514,12.4012203216553,1.20473229885101,-1.36282587051392,12.351279258728,1.19963622093201,-1.32237493991852,"(12.35128, 1.199636, -1.322375)",EyeArea,15.2409267425537,0.1,12.4012203216553,1.20473229885101,-1.36282587051392,0.00073747700243,90.083440095379,0.0000012201708
1932,left road,1932,0.69499999284744,0.0,8.19999980926514,0.75,0.0,1.25,0.69499999284744,0.0,8.19999980926514,12.4012203216553,1.20473229885101,-1.36282587051392,12.3512802124023,1.19959270954132,-1.32202970981598,"(12.35128, 1.199593, -1.32203)",EyeArea,15.163595199585,0.1,12.4012203216553,1.20473229885101,-1.36282587051392,0.00073747700243,90.083440095379,0.0000012201708
1933,left road,1933,0.7950000166893,0.0,8.19999980926514,0.85000002384186,0.0,1.25,0.7950000166893,0.0,8.19999980926514,12.4012203216553,1.20473229885101,-1.36282587051392,12.3512802124023,1.1995484828949,-1.32167971134186,"(12.35128, 1.199548, -1.32168)",EyeArea,15.0865297317505,0.1,12.4012203216553,1.20473229885101,-1.36282587051392,0.00073747700243,90.083440095379,0.0000012201708
1934,left road,1934,0.89499998092651,0.0,8.19999980926514,0.94999998807907,0.0,1.25,0.89499998092651,0.0,8.19999980926514,12.4012203216553,1.20473229885101,-1.36282587051392,12.3512811660767,1.19950354099274,-1.32132112979889,"(12.35128, 1.199504, -1.321321)",EyeArea,15.0097341537476,0.1,12.4012203216553,1.20473229885101,-1.36282587051392,0.00073747700243,90.083440095379,0.0000012201708
1935,left road,1935,0.99499994516373,0.0,8.19999980926514,1.04999995231628,0.0,1.25,0.99499994516373,0.0,8.19999980926514,12.4012203216553,1.20473229885101,-1.36282587051392,12.3512811660767,1.19945764541626,-1.32095789909363,"(12.35128, 1.199458, -1.320958)",EyeArea,14.9332151412964,0.1,12.4012203216553,1.20473229885101,-1.36282587051392,0.00073747700243,90.083440095379,0.0000012201708
1936,left road,1936,1.09500002861023,0.0,8.19999980926514,1.14999997615814,0.0,1.25,1.09500002861023,0.0,8.19999980926514,12.4012203216553,1.20473229885101,-1.36282587051392,12.351282119751,1.19941103458405,-1.32058882713318,"(12.35128, 1.199411, -1.320589)",EyeArea,14.856972694397,0.1,12.4012203216553,1.20473229885101,-1.36282587051392,0.00073747700243,90.083440095379,0.0000012201708
1937,left road,1937,1.19500005245209,0.0,8.19999980926514,1.25,0.0,1.25,1.19500005245209,0.0,8.19999980926514,12.4012203216553,1.20473229885101,-1.36282587051392,12.3512830734253,1.19936370849609,-1.3202121257782,"(12.35128, 1.199364, -1.320212)",EyeArea,14.7810153961182,0.1,12.4012203216553,1.20473229885101,-1.36282587051392,0.00073747700243,90.083440095379,0.0000012201708
1938,left road,1938,1.29500007629395,0.0,8.19999980926514,1.35000002384186,0.0,1.25,1.29500007629395,0.0,8.19999980926514,12.4012203216553,1.20473229885101,-1.36282587051392,12.3512830734253,1.19931542873383,-1.319828748703,"(12.35128, 1.199315, -1.319829)",EyeArea,14.7053442001343,0.1,12.4012203216553,1.20473229885101,-1.36282587051392,0.00073747700243,90.083440095379,0.0000012201708
1939,left road,1939,1.3950001001358,0.0,8.19999980926514,1.45000004768372,0.0,1.25,1.3950001001358,0.0,8.19999980926514,12.4012203216553,1.20473229885101,-1.36282587051392,12.3512840270996,1.19926619529724,-1.31943964958191,"(12.35128, 1.199266, -1.31944)",EyeArea,14.6299657821655,0.1,12.4012203216553,1.20473229885101,-1.36282587051392,0.00073747700243,90.083440095379,0.0000012201708
1940,left road,1940,1.49500000476837,0.0,8.19999980926514,1.54999995231628,0.0,1.25,1.49500000476837,0.0,8.19999980926514,12.4012203216553,1.20473229885101,-1.36282587051392,12.3512840270996,1.19921624660492,-1.31904101371765,"(12.35128, 1.199216, -1.319041)",EyeArea,14.5548849105835,0.1,12.4012203216553,1.20473229885101,-1.36282587051392,0.00073747700243,90.083440095379,0.0000012201708
1941,left road,1941,1.59500002861023,0.0,8.19999980926514,1.64999997615814,0.0,1.25,1.59500002861023,0.0,8.19999980926514,12.4012203216553,1.20473229885101,-1.36282587051392,12.3512849807739,1.19916522502899,-1.31863760948181,"(12.35128, 1.199165, -1.318638)",EyeArea,14.4801044464111,0.1,12.4012203216553,1.20473229885101,-1.36282587051392,0.00073747700243,90.083440095379,0.0000012201708
1942,left road,1942,1.69500005245209,0.0,8.19999980926514,1.75,0.0,1.25,1.69500005245209,0.0,8.19999980926514,12.4012203216553,1.20473229885101,-1.36282587051392,12.3512859344482,1.19911324977875,-1.31822562217712,"(12.35129, 1.199113, -1.318226)",EyeArea,14.4056301116943,0.1,12.4012203216553,1.20473229885101,-1.36282587051392,0.00073747700243,90.083440095379,0.0000012201708
1943,left road,1943,1.79500007629395,0.0,8.19999980926514,1.85000002384186,0.0,1.25,1.79500007629395,0.0,8.19999980926514,12.4012203216553,1.20473229885101,-1.36282587051392,12.3512859344482,1.19906044006348,-1.31780409812927,"(12.35129, 1.19906, -1.317804)",EyeArea,14.3314666748047,0.1,12.4012203216553,1.20473229885101,-1.36282587051392,0.00073747700243,90.083440095379,0.0000012201708
1944,left road,1944,1.8950001001358,0.0,8.19999980926514,1.95000004768372,0.0,1.25,1.8950001001358,0.0,8.19999980926514,12.4012203216553,1.20473229885101,-1.36282587051392,11.8664464950562,1.14341044425964,-0.87607115507126,"(11.86645, 1.14341, -0.876071)",truck body CS,14.2576179504395,0.1,12.4012203216553,1.20473229885101,-1.36282587051392,0.00073747700243,90.083440095379,0.0000012201708
1945,left road,1945,1.99500000476837,0.0,8.19999980926514,2.04999995231628,0.0,1.25,1.99500000476837,0.0,8.19999980926514,12.4012203216553,1.20473229885101,-1.36282587051392,11.865406036377,1.14270067214966,-0.87043714523315,"(11.86541, 1.142701, -0.870437)",truck body CS,14.1840915679932,0.1,12.4012203216553,1.20473229885101,-1.36282587051392,0.00073747700243,90.083440095379,0.0000012201708
1946,left road,1946,2.09500002861023,0.0,8.19999980926514,2.15000009536743,0.0,1.25,2.09500002861023,0.0,8.19999980926514,12.4012203216553,1.20473229885101,-1.36282587051392,11.8643398284912,1.14197421073914,-0.86466991901398,"(11.86434, 1.141974, -0.86467)",truck body CS,14.1108894348145,0.1,12.4012203216553,1.20473229885101,-1.36282587051392,0.00073747700243,90.083440095379,0.0000012201708
1947,left road,1947,2.1949999332428,0.0,8.19999980926514,2.25,0.0,1.25,2.1949999332428,0.0,8.19999980926514,12.4012203216553,1.20473229885101,-1.36282587051392,11.8632478713989,1.14123034477234,-0.85876595973969,"(11.86325, 1.14123, -0.858766)",truck body CS,14.0380182266235,0.1,12.4012203216553,1.20473229885101,-1.36282587051392,0.00073747700243,90.083440095379,0.0000012201708
1948,left road,1948,2.29499983787537,0.0,8.19999980926514,2.34999990463257,0.0,1.25,2.29499983787537,0.0,8.19999980926514,12.4012203216553,1.20473229885101,-1.36282587051392,11.8631420135498,1.14058947563171,-0.85367828607559,"(11.86314, 1.140589, -0.853678)",truck body CS,13.965482711792,0.1,12.4012203216553,1.20473229885101,-1.36282587051392,0.00073747700243,90.083440095379,0.0000012201708
1949,left road,1949,2.39499998092651,0.0,8.19999980926514,2.45000004768372,0.0,1.25,2.39499998092651,0.0,8.19999980926514,12.4012203216553,1.20473229885101,-1.36282587051392,11.8633766174316,1.13997673988342,-0.84881502389908,"(11.86338, 1.139977, -0.848815)",truck body CS,13.8932886123657,0.1,12.4012203216553,1.20473229885101,-1.36282587051392,0.00073747700243,90.083440095379,0.0000012201708
1950,left road,1950,2.49499988555908,0.0,8.19999980926514,2.54999995231628,0.0,1.25,2.49499988555908,0.0,8.19999980926514,12.4012203216553,1.20473229885101,-1.36282587051392,11.863618850708,1.13935256004334,-0.84385907649994,"(11.86362, 1.139353, -0.843859)",truck body CS,13.8214406967163,0.1,12.4012203216553,1.20473229885101,-1.36282587051392,0.00073747700243,90.083440095379,0.0000012201708
1951,left road,1951,2.59500002861023,0.0,8.19999980926514,2.65000009536743,0.0,1.25,2.59500002861023,0.0,8.19999980926514,12.4012203216553,1.20473229885101,-1.36282587051392,11.863862991333,1.13871574401855,-0.83880543708801,"(11.86386, 1.138716, -0.838805)",truck body CS,13.7499446868896,0.1,12.4012203216553,1.20473229885101,-1.36282587051392,0.00073747700243,90.083440095379,0.0000012201708
1952,left road,1952,2.6949999332428,0.0,8.19999980926514,2.75,0.0,1.25,2.6949999332428,0.0,8.19999980926514,12.4012203216553,1.20473229885101,-1.36282587051392,11.8641109466553,1.13806653022766,-0.83365106582642,"(11.86411, 1.138067, -0.833651)",truck body CS,13.6788063049316,0.1,12.4012203216553,1.20473229885101,-1.36282587051392,0.00073747700243,90.083440095379,0.0000012201708
1953,left road,1953,2.79499983787537,0.0,8.19999980926514,2.84999990463257,0.0,1.25,2.79499983787537,0.0,8.19999980926514,12.4012203216553,1.20473229885101,-1.36282587051392,11.8643655776978,1.1374044418335,-0.82839608192444,"(11.86437, 1.137404, -0.828396)",truck body CS,13.6080303192139,0.1,12.4012203216553,1.20473229885101,-1.36282587051392,0.00073747700243,90.083440095379,0.0000012201708
1954,left road,1954,2.89499998092651,0.0,8.19999980926514,2.95000004768372,0.0,1.25,2.89499998092651,0.0,8.19999980926514,12.4012203216553,1.20473229885101,-1.36282587051392,11.8652381896973,1.13680672645569,-0.82365214824677,"(11.86524, 1.136807, -0.823652)",truck body CS,13.5376234054565,0.1,12.4012203216553,1.20473229885101,-1.36282587051392,0.00073747700243,90.083440095379,0.0000012201708
1955,left road,1955,2.99499988555908,0.0,8.19999980926514,3.04999995231628,0.0,1.25,2.99499988555908,0.0,8.19999980926514,12.4012203216553,1.20473229885101,-1.36282587051392,11.8671455383301,1.13632881641388,-0.81985813379288,"(11.86715, 1.136329, -0.819858)",truck body CS,13.4675912857056,0.1,12.4012203216553,1.20473229885101,-1.36282587051392,0.00073747700243,90.083440095379,0.0000012201708
1956,left road,1956,3.09500002861023,0.0,8.19999980926514,3.15000009536743,0.0,1.25,3.09500002861023,0.0,8.19999980926514,12.4012203216553,1.20473229885101,-1.36282587051392,11.8690767288208,1.13584387302399,-0.8160092830658,"(11.86908, 1.135844, -0.816009)",truck body CS,13.3979387283325,0.1,12.4012203216553,1.20473229885101,-1.36282587051392,0.00073747700243,90.083440095379,0.0000012201708
1957,left road,1957,3.1949999332428,0.0,8.19999980926514,3.25,0.0,1.25,3.1949999332428,0.0,8.19999980926514,12.4012203216553,1.20473229885101,-1.36282587051392,11.8710384368896,1.13535237312317,-0.81210672855377,"(11.87104, 1.135352, -0.812107)",truck body CS,13.3286733627319,0.1,12.4012203216553,1.20473229885101,-1.36282587051392,0.00073747700243,90.083440095379,0.0000012201708
1958,left road,1958,3.29499983787537,0.0,8.19999980926514,3.34999990463257,0.0,1.25,3.29499983787537,0.0,8.19999980926514,12.4012203216553,1.20473229885101,-1.36282587051392,11.8730268478394,1.13485336303711,-0.80814683437347,"(11.87303, 1.134853, -0.808147)",truck body CS,13.2597990036011,0.1,12.4012203216553,1.20473229885101,-1.36282587051392,0.00073747700243,90.083440095379,0.0000012201708
1959,left road,1959,3.39499998092651,0.0,8.19999980926514,3.45000004768372,0.0,1.25,3.39499998092651,0.0,8.19999980926514,12.4012203216553,1.20473229885101,-1.36282587051392,11.8750438690186,1.13434743881226,-0.80413031578064,"(11.87504, 1.134347, -0.80413)",truck body CS,13.1913232803345,0.1,12.4012203216553,1.20473229885101,-1.36282587051392,0.00073747700243,90.083440095379,0.0000012201708
1960,left road,1960,-3.50500011444092,0.0,8.30000019073486,-3.45000004768372,0.0,1.35000002384186,-3.50500011444092,0.0,8.30000019073486,12.4012203216553,1.20473229885101,-1.36282587051392,11.8317403793335,1.16159999370575,-1.01687347888947,"(11.83174, 1.1616, -1.016873)",truck body CS,18.6501865386963,0.1,12.4012203216553,1.20473229885101,-1.36282587051392,0.00073747700243,90.083440095379,0.0000012201708
1961,left road,1961,-3.40499997138977,0.0,8.30000019073486,-3.34999990463257,0.0,1.35000002384186,-3.40499997138977,0.0,8.30000019073486,12.4012203216553,1.20473229885101,-1.36282587051392,11.8326044082642,1.1613929271698,-1.01521277427673,"(11.8326, 1.161393, -1.015213)",truck body CS,18.5649719238281,0.1,12.4012203216553,1.20473229885101,-1.36282587051392,0.00073747700243,90.083440095379,0.0000012201708
1962,left road,1962,-3.3050000667572,0.0,8.30000019073486,-3.25,0.0,1.35000002384186,-3.3050000667572,0.0,8.30000019073486,12.4012203216553,1.20473229885101,-1.36282587051392,11.8337020874023,1.1612012386322,-1.01367592811584,"(11.8337, 1.161201, -1.013676)",truck body CS,18.4799060821533,0.1,12.4012203216553,1.20473229885101,-1.36282587051392,0.00073747700243,90.083440095379,0.0000012201708
1963,left road,1963,-3.20500016212463,0.0,8.30000019073486,-3.15000009536743,0.0,1.35000002384186,-3.20500016212463,0.0,8.30000019073486,12.4012203216553,1.20473229885101,-1.36282587051392,11.8360300064087,1.1611020565033,-1.01287972927094,"(11.83603, 1.161102, -1.01288)",truck body CS,18.3949909210205,0.1,12.4012203216553,1.20473229885101,-1.36282587051392,0.00073747700243,90.083440095379,0.0000012201708
1964,left road,1964,-3.10500001907349,0.0,8.30000019073486,-3.04999995231628,0.0,1.35000002384186,-3.10500001907349,0.0,8.30000019073486,12.4012203216553,1.20473229885101,-1.36282587051392,11.8393964767456,1.16108226776123,-1.01272106170654,"(11.8394, 1.161082, -1.012721)",truck body CS,18.3102283477783,0.1,12.4012203216553,1.20473229885101,-1.36282587051392,0.00073747700243,90.083440095379,0.0000012201708
1965,left road,1965,-3.00500011444092,0.0,8.30000019073486,-2.95000004768372,0.0,1.35000002384186,-3.00500011444092,0.0,8.30000019073486,12.4012203216553,1.20473229885101,-1.36282587051392,11.8433198928833,1.16110563278198,-1.0129086971283,"(11.84332, 1.161106, -1.012909)",truck body CS,18.2256202697754,0.1,12.4012203216553,1.20473229885101,-1.36282587051392,0.00073747700243,90.083440095379,0.0000012201708
1966,left road,1966,-2.90499997138977,0.0,8.30000019073486,-2.84999990463257,0.0,1.35000002384186,-2.90499997138977,0.0,8.30000019073486,12.4012203216553,1.20473229885101,-1.36282587051392,11.8472318649292,1.16112840175629,-1.01309192180634,"(11.84723, 1.161128, -1.013092)",truck body CS,18.1411666870117,0.1,12.4012203216553,1.20473229885101,-1.36282587051392,0.00073747700243,90.083440095379,0.0000012201708
1967,left road,1967,-2.8050000667572,0.0,8.30000019073486,-2.75,0.0,1.35000002384186,-2.8050000667572,0.0,8.30000019073486,12.4012203216553,1.20473229885101,-1.36282587051392,11.8511190414429,1.16114974021912,-1.01326298713684,"(11.85112, 1.16115, -1.013263)",truck body CS,18.0568752288818,0.1,12.4012203216553,1.20473229885101,-1.36282587051392,0.00073747700243,90.083440095379,0.0000012201708
1968,left road,1968,-2.70500016212463,0.0,8.30000019073486,-2.65000009536743,0.0,1.35000002384186,-2.70500016212463,0.0,8.30000019073486,12.4012203216553,1.20473229885101,-1.36282587051392,11.855037689209,1.16117382049561,-1.01345539093018,"(11.85504, 1.161174, -1.013455)",truck body CS,17.9727439880371,0.1,12.4012203216553,1.20473229885101,-1.36282587051392,0.00073747700243,90.083440095379,0.0000012201708
1969,left road,1969,-2.60500001907349,0.0,8.30000019073486,-2.54999995231628,0.0,1.35000002384186,-2.60500001907349,0.0,8.30000019073486,12.4012203216553,1.20473229885101,-1.36282587051392,11.8805980682373,1.16293549537659,-1.02758598327637,"(11.8806, 1.162935, -1.027586)",truck body CS,17.8887748718262,0.1,12.4012203216553,1.20473229885101,-1.36282587051392,0.00073747700243,90.083440095379,0.0000012201708
1970,left road,1970,-2.50500011444092,0.0,8.30000019073486,-2.45000004768372,0.0,1.35000002384186,-2.50500011444092,0.0,8.30000019073486,12.4012203216553,1.20473229885101,-1.36282587051392,11.8838548660278,1.16291832923889,-1.02744793891907,"(11.88385, 1.162918, -1.027448)",truck body CS,17.8049716949463,0.1,12.4012203216553,1.20473229885101,-1.36282587051392,0.00073747700243,90.083440095379,0.0000012201708
1971,left road,1971,-2.40499997138977,0.0,8.30000019073486,-2.34999990463257,0.0,1.35000002384186,-2.40499997138977,0.0,8.30000019073486,12.4012203216553,1.20473229885101,-1.36282587051392,11.8871297836304,1.16290247440338,-1.02732086181641,"(11.88713, 1.162902, -1.027321)",truck body CS,17.7213363647461,0.1,12.4012203216553,1.20473229885101,-1.36282587051392,0.00073747700243,90.083440095379,0.0000012201708
1972,left road,1972,-2.3050000667572,0.0,8.30000019073486,-2.25,0.0,1.35000002384186,-2.3050000667572,0.0,8.30000019073486,12.4012203216553,1.20473229885101,-1.36282587051392,11.8903551101685,1.16288232803345,-1.02715837955475,"(11.89036, 1.162882, -1.027158)",truck body CS,17.6378707885742,0.1,12.4012203216553,1.20473229885101,-1.36282587051392,0.00073747700243,90.083440095379,0.0000012201708
1973,left road,1973,-2.20500016212463,0.0,8.30000019073486,-2.15000009536743,0.0,1.35000002384186,-2.20500016212463,0.0,8.30000019073486,12.4012203216553,1.20473229885101,-1.36282587051392,11.8935422897339,1.16285860538483,-1.02696895599365,"(11.89354, 1.162859, -1.026969)",truck body CS,17.5545787811279,0.1,12.4012203216553,1.20473229885101,-1.36282587051392,0.00073747700243,90.083440095379,0.0000012201708
1974,left road,1974,-2.10500001907349,0.0,8.30000019073486,-2.04999995231628,0.0,1.35000002384186,-2.10500001907349,0.0,8.30000019073486,12.4012203216553,1.20473229885101,-1.36282587051392,11.8971338272095,1.16286814212799,-1.02704548835754,"(11.89713, 1.162868, -1.027045)",truck body CS,17.4714622497559,0.1,12.4012203216553,1.20473229885101,-1.36282587051392,0.00073747700243,90.083440095379,0.0000012201708
1975,left road,1975,-2.00500011444092,0.0,8.30000019073486,-1.95000004768372,0.0,1.35000002384186,-2.00500011444092,0.0,8.30000019073486,12.4012203216553,1.20473229885101,-1.36282587051392,11.9009866714478,1.16289985179901,-1.02729964256287,"(11.90099, 1.1629, -1.0273)",truck body CS,17.3885250091553,0.1,12.4012203216553,1.20473229885101,-1.36282587051392,0.00073747700243,90.083440095379,0.0000012201708
1976,left road,1976,-1.90499997138977,0.0,8.30000019073486,-1.85000002384186,0.0,1.35000002384186,-1.90499997138977,0.0,8.30000019073486,12.4012203216553,1.20473229885101,-1.36282587051392,12.3512697219849,1.20052587985992,-1.32908880710602,"(12.35127, 1.200526, -1.329089)",EyeArea,17.3057651519775,0.1,12.4012203216553,1.20473229885101,-1.36282587051392,0.00073747700243,90.083440095379,0.0000012201708
1977,left road,1977,-1.80499994754791,0.0,8.30000019073486,-1.75,0.0,1.35000002384186,-1.80499994754791,0.0,8.30000019073486,12.4012203216553,1.20473229885101,-1.36282587051392,12.3512697219849,1.20049631595612,-1.32885038852692,"(12.35127, 1.200496, -1.32885)",EyeArea,17.2231903076172,0.1,12.4012203216553,1.20473229885101,-1.36282587051392,0.00073747700243,90.083440095379,0.0000012201708
1978,left road,1978,-1.70499992370605,0.0,8.30000019073486,-1.64999997615814,0.0,1.35000002384186,-1.70499992370605,0.0,8.30000019073486,12.4012203216553,1.20473229885101,-1.36282587051392,12.3512706756592,1.20046627521515,-1.32861006259918,"(12.35127, 1.200466, -1.32861)",EyeArea,17.1408004760742,0.1,12.4012203216553,1.20473229885101,-1.36282587051392,0.00073747700243,90.083440095379,0.0000012201708
1979,left road,1979,-1.6049998998642,0.0,8.30000019073486,-1.54999995231628,0.0,1.35000002384186,-1.6049998998642,0.0,8.30000019073486,12.4012203216553,1.20473229885101,-1.36282587051392,12.3512706756592,1.20043587684631,-1.3283668756485,"(12.35127, 1.200436, -1.328367)",EyeArea,17.0585994720459,0.1,12.4012203216553,1.20473229885101,-1.36282587051392,0.00073747700243,90.083440095379,0.0000012201708
1980,left road,1980,-1.50499999523163,0.0,8.30000019073486,-1.45000004768372,0.0,1.35000002384186,-1.50499999523163,0.0,8.30000019073486,12.4012203216553,1.20473229885101,-1.36282587051392,12.3512706756592,1.20040500164032,-1.32811892032623,"(12.35127, 1.200405, -1.328119)",EyeArea,16.9765892028809,0.1,12.4012203216553,1.20473229885101,-1.36282587051392,0.00073747700243,90.083440095379,0.0000012201708
1981,left road,1981,-1.40499997138977,0.0,8.30000019073486,-1.35000002384186,0.0,1.35000002384186,-1.40499997138977,0.0,8.30000019073486,12.4012203216553,1.20473229885101,-1.36282587051392,12.3512716293335,1.20037376880646,-1.3278671503067,"(12.35127, 1.200374, -1.327867)",EyeArea,16.8947715759277,0.1,12.4012203216553,1.20473229885101,-1.36282587051392,0.00073747700243,90.083440095379,0.0000012201708
1982,left road,1982,-1.30499994754791,0.0,8.30000019073486,-1.25,0.0,1.35000002384186,-1.30499994754791,0.0,8.30000019073486,12.4012203216553,1.20473229885101,-1.36282587051392,12.3512716293335,1.20034193992615,-1.32761347293854,"(12.35127, 1.200342, -1.327613)",EyeArea,16.8131523132324,0.1,12.4012203216553,1.20473229885101,-1.36282587051392,0.00073747700243,90.083440095379,0.0000012201708
1983,left road,1983,-1.20499992370605,0.0,8.30000019073486,-1.14999997615814,0.0,1.35000002384186,-1.20499992370605,0.0,8.30000019073486,12.4012203216553,1.20473229885101,-1.36282587051392,12.3512725830078,1.20030963420868,-1.32735407352448,"(12.35127, 1.20031, -1.327354)",EyeArea,16.7317314147949,0.1,12.4012203216553,1.20473229885101,-1.36282587051392,0.00073747700243,90.083440095379,0.0000012201708
1984,left road,1984,-1.1049998998642,0.0,8.30000019073486,-1.04999995231628,0.0,1.35000002384186,-1.1049998998642,0.0,8.30000019073486,12.4012203216553,1.20473229885101,-1.36282587051392,12.3512725830078,1.20027697086334,-1.32709276676178,"(12.35127, 1.200277, -1.327093)",EyeArea,16.6505126953125,0.1,12.4012203216553,1.20473229885101,-1.36282587051392,0.00073747700243,90.083440095379,0.0000012201708
1985,left road,1985,-1.00499999523163,0.0,8.30000019073486,-0.94999998807907,0.0,1.35000002384186,-1.00499999523163,0.0,8.30000019073486,12.4012203216553,1.20473229885101,-1.36282587051392,12.3512725830078,1.20024383068085,-1.32682573795319,"(12.35127, 1.200244, -1.326826)",EyeArea,16.5694999694824,0.1,12.4012203216553,1.20473229885101,-1.36282587051392,0.00073747700243,90.083440095379,0.0000012201708
1986,left road,1986,-0.90500003099442,0.0,8.30000019073486,-0.85000002384186,0.0,1.35000002384186,-0.90500003099442,0.0,8.30000019073486,12.4012203216553,1.20473229885101,-1.36282587051392,12.3512735366821,1.2002100944519,-1.32655489444733,"(12.35127, 1.20021, -1.326555)",EyeArea,16.488697052002,0.1,12.4012203216553,1.20473229885101,-1.36282587051392,0.00073747700243,90.083440095379,0.0000012201708
1987,left road,1987,-0.80500000715256,0.0,8.30000019073486,-0.75,0.0,1.35000002384186,-0.80500000715256,0.0,8.30000019073486,12.4012203216553,1.20473229885101,-1.36282587051392,12.3512735366821,1.2001758813858,-1.32628214359283,"(12.35127, 1.200176, -1.326282)",EyeArea,16.4081039428711,0.1,12.4012203216553,1.20473229885101,-1.36282587051392,0.00073747700243,90.083440095379,0.0000012201708
1988,left road,1988,-0.7049999833107,0.0,8.30000019073486,-0.64999997615814,0.0,1.35000002384186,-0.7049999833107,0.0,8.30000019073486,12.4012203216553,1.20473229885101,-1.36282587051392,12.3512744903564,1.20014119148254,-1.32600271701813,"(12.35127, 1.200141, -1.326003)",EyeArea,16.3277244567871,0.1,12.4012203216553,1.20473229885101,-1.36282587051392,0.00073747700243,90.083440095379,0.0000012201708
1989,left road,1989,-0.60500001907349,0.0,8.30000019073486,-0.55000001192093,0.0,1.35000002384186,-0.60500001907349,0.0,8.30000019073486,12.4012203216553,1.20473229885101,-1.36282587051392,12.3512744903564,1.20010590553284,-1.32571947574615,"(12.35127, 1.200106, -1.325719)",EyeArea,16.2475643157959,0.1,12.4012203216553,1.20473229885101,-1.36282587051392,0.00073747700243,90.083440095379,0.0000012201708
1990,left road,1990,-0.50499999523163,0.0,8.30000019073486,-0.44999998807907,0.0,1.35000002384186,-0.50499999523163,0.0,8.30000019073486,12.4012203216553,1.20473229885101,-1.36282587051392,12.3512754440308,1.20007002353668,-1.32543241977692,"(12.35128, 1.20007, -1.325432)",EyeArea,16.1676254272461,0.1,12.4012203216553,1.20473229885101,-1.36282587051392,0.00073747700243,90.083440095379,0.0000012201708
1991,left road,1991,-0.40500000119209,0.0,8.30000019073486,-0.34999999403954,0.0,1.35000002384186,-0.40500000119209,0.0,8.30000019073486,12.4012203216553,1.20473229885101,-1.36282587051392,12.3512754440308,1.20003378391266,-1.3251405954361,"(12.35128, 1.200034, -1.325141)",EyeArea,16.0879096984863,0.1,12.4012203216553,1.20473229885101,-1.36282587051392,0.00073747700243,90.083440095379,0.0000012201708
1992,left road,1992,-0.30500000715256,0.0,8.30000019073486,-0.25,0.0,1.35000002384186,-0.30500000715256,0.0,8.30000019073486,12.4012203216553,1.20473229885101,-1.36282587051392,12.3512754440308,1.1999968290329,-1.32484400272369,"(12.35128, 1.199997, -1.324844)",EyeArea,16.0084247589111,0.1,12.4012203216553,1.20473229885101,-1.36282587051392,0.00073747700243,90.083440095379,0.0000012201708
1993,left road,1993,-0.20500001311302,0.0,8.30000019073486,-0.15000000596046,0.0,1.35000002384186,-0.20500001311302,0.0,8.30000019073486,12.4012203216553,1.20473229885101,-1.36282587051392,12.3512763977051,1.19995927810669,-1.32454359531403,"(12.35128, 1.199959, -1.324544)",EyeArea,15.9291687011719,0.1,12.4012203216553,1.20473229885101,-1.36282587051392,0.00073747700243,90.083440095379,0.0000012201708
1994,left road,1994,-0.10500000417233,0.0,8.30000019073486,-0.05000000074506,0.0,1.35000002384186,-0.10500000417233,0.0,8.30000019073486,12.4012203216553,1.20473229885101,-1.36282587051392,12.3512763977051,1.19992113113403,-1.32423746585846,"(12.35128, 1.199921, -1.324237)",EyeArea,15.8501462936401,0.1,12.4012203216553,1.20473229885101,-1.36282587051392,0.00073747700243,90.083440095379,0.0000012201708
1995,left road,1995,-0.00499999895692,0.0,8.30000019073486,0.05000000074506,0.0,1.35000002384186,-0.00499999895692,0.0,8.30000019073486,12.4012203216553,1.20473229885101,-1.36282587051392,12.3512773513794,1.19988238811493,-1.32392656803131,"(12.35128, 1.199882, -1.323927)",EyeArea,15.7713632583618,0.1,12.4012203216553,1.20473229885101,-1.36282587051392,0.00073747700243,90.083440095379,0.0000012201708
1996,left road,1996,0.09500000625849,0.0,8.30000019073486,0.15000000596046,0.0,1.35000002384186,0.09500000625849,0.0,8.30000019073486,12.4012203216553,1.20473229885101,-1.36282587051392,12.3512773513794,1.19984304904938,-1.3236118555069,"(12.35128, 1.199843, -1.323612)",EyeArea,15.6928215026855,0.1,12.4012203216553,1.20473229885101,-1.36282587051392,0.00073747700243,90.083440095379,0.0000012201708
1997,left road,1997,0.19499999284744,0.0,8.30000019073486,0.25,0.0,1.35000002384186,0.19499999284744,0.0,8.30000019073486,12.4012203216553,1.20473229885101,-1.36282587051392,12.3512783050537,1.19980299472809,-1.32328951358795,"(12.35128, 1.199803, -1.32329)",EyeArea,15.6145257949829,0.1,12.4012203216553,1.20473229885101,-1.36282587051392,0.00073747700243,90.083440095379,0.0000012201708
1998,left road,1998,0.29499998688698,0.0,8.30000019073486,0.34999999403954,0.0,1.35000002384186,0.29499998688698,0.0,8.30000019073486,12.4012203216553,1.20473229885101,-1.36282587051392,12.3512783050537,1.19976234436035,-1.32296335697174,"(12.35128, 1.199762, -1.322963)",EyeArea,15.5364789962769,0.1,12.4012203216553,1.20473229885101,-1.36282587051392,0.00073747700243,90.083440095379,0.0000012201708
1999,left road,1999,0.39499998092651,0.0,8.30000019073486,0.44999998807907,0.0,1.35000002384186,0.39499998092651,0.0,8.30000019073486,12.4012203216553,1.20473229885101,-1.36282587051392,12.351279258728,1.19972097873688,-1.32263338565826,"(12.35128, 1.199721, -1.322633)",EyeArea,15.4586839675903,0.1,12.4012203216553,1.20473229885101,-1.36282587051392,0.00073747700243,90.083440095379,0.0000012201708
2000,left road,2000,0.49500000476837,0.0,8.30000019073486,0.55000001192093,0.0,1.35000002384186,0.49500000476837,0.0,8.30000019073486,12.4012203216553,1.20473229885101,-1.36282587051392,12.351279258728,1.19967901706696,-1.32229483127594,"(12.35128, 1.199679, -1.322295)",EyeArea,15.3811473846436,0.1,12.4012203216553,1.20473229885101,-1.36282587051392,0.00073747700243,90.083440095379,0.0000012201708
2001,left road,2001,0.59499996900558,0.0,8.30000019073486,0.64999997615814,0.0,1.35000002384186,0.59499996900558,0.0,8.30000019073486,12.4012203216553,1.20473229885101,-1.36282587051392,12.3512802124023,1.19963622093201,-1.32195341587067,"(12.35128, 1.199636, -1.321953)",EyeArea,15.3038702011108,0.1,12.4012203216553,1.20473229885101,-1.36282587051392,0.00073747700243,90.083440095379,0.0000012201708
2002,left road,2002,0.69499999284744,0.0,8.30000019073486,0.75,0.0,1.35000002384186,0.69499999284744,0.0,8.30000019073486,12.4012203216553,1.20473229885101,-1.36282587051392,12.3512802124023,1.19959270954132,-1.32160437107086,"(12.35128, 1.199593, -1.321604)",EyeArea,15.2268581390381,0.1,12.4012203216553,1.20473229885101,-1.36282587051392,0.00073747700243,90.083440095379,0.0000012201708
2003,left road,2003,0.7950000166893,0.0,8.30000019073486,0.85000002384186,0.0,1.35000002384186,0.7950000166893,0.0,8.30000019073486,12.4012203216553,1.20473229885101,-1.36282587051392,12.3512811660767,1.1995484828949,-1.32124865055084,"(12.35128, 1.199548, -1.321249)",EyeArea,15.1501131057739,0.1,12.4012203216553,1.20473229885101,-1.36282587051392,0.00073747700243,90.083440095379,0.0000012201708
2004,left road,2004,0.89499998092651,0.0,8.30000019073486,0.94999998807907,0.0,1.35000002384186,0.89499998092651,0.0,8.30000019073486,12.4012203216553,1.20473229885101,-1.36282587051392,12.351282119751,1.19950354099274,-1.32088828086853,"(12.35128, 1.199504, -1.320888)",EyeArea,15.0736427307129,0.1,12.4012203216553,1.20473229885101,-1.36282587051392,0.00073747700243,90.083440095379,0.0000012201708
2005,left road,2005,0.99499994516373,0.0,8.30000019073486,1.04999995231628,0.0,1.35000002384186,0.99499994516373,0.0,8.30000019073486,12.4012203216553,1.20473229885101,-1.36282587051392,12.351282119751,1.19945776462555,-1.32052206993103,"(12.35128, 1.199458, -1.320522)",EyeArea,14.9974489212036,0.1,12.4012203216553,1.20473229885101,-1.36282587051392,0.00073747700243,90.083440095379,0.0000012201708
2006,left road,2006,1.09500002861023,0.0,8.30000019073486,1.14999997615814,0.0,1.35000002384186,1.09500002861023,0.0,8.30000019073486,12.4012203216553,1.20473229885101,-1.36282587051392,12.3512830734253,1.19941115379334,-1.32014727592468,"(12.35128, 1.199411, -1.320147)",EyeArea,14.9215354919434,0.1,12.4012203216553,1.20473229885101,-1.36282587051392,0.00073747700243,90.083440095379,0.0000012201708
2007,left road,2007,1.19500005245209,0.0,8.30000019073486,1.25,0.0,1.35000002384186,1.19500005245209,0.0,8.30000019073486,12.4012203216553,1.20473229885101,-1.36282587051392,12.3512830734253,1.19936382770538,-1.31976771354675,"(12.35128, 1.199364, -1.319768)",EyeArea,14.8459072113037,0.1,12.4012203216553,1.20473229885101,-1.36282587051392,0.00073747700243,90.083440095379,0.0000012201708
2008,left road,2008,1.29500007629395,0.0,8.30000019073486,1.35000002384186,0.0,1.35000002384186,1.29500007629395,0.0,8.30000019073486,12.4012203216553,1.20473229885101,-1.36282587051392,12.3512840270996,1.19931542873383,-1.31937956809998,"(12.35128, 1.199315, -1.31938)",EyeArea,14.7705698013306,0.1,12.4012203216553,1.20473229885101,-1.36282587051392,0.00073747700243,90.083440095379,0.0000012201708
2009,left road,2009,1.3950001001358,0.0,8.30000019073486,1.45000004768372,0.0,1.35000002384186,1.3950001001358,0.0,8.30000019073486,12.4012203216553,1.20473229885101,-1.36282587051392,12.3512840270996,1.19926631450653,-1.3189857006073,"(12.35128, 1.199266, -1.318986)",EyeArea,14.6955251693726,0.1,12.4012203216553,1.20473229885101,-1.36282587051392,0.00073747700243,90.083440095379,0.0000012201708
2010,left road,2010,1.49500000476837,0.0,8.30000019073486,1.54999995231628,0.0,1.35000002384186,1.49500000476837,0.0,8.30000019073486,12.4012203216553,1.20473229885101,-1.36282587051392,12.3512849807739,1.19921624660492,-1.31858515739441,"(12.35128, 1.199216, -1.318585)",EyeArea,14.6207809448242,0.1,12.4012203216553,1.20473229885101,-1.36282587051392,0.00073747700243,90.083440095379,0.0000012201708
2011,left road,2011,1.59500002861023,0.0,8.30000019073486,1.64999997615814,0.0,1.35000002384186,1.59500002861023,0.0,8.30000019073486,12.4012203216553,1.20473229885101,-1.36282587051392,12.3512859344482,1.19916534423828,-1.31817507743835,"(12.35129, 1.199165, -1.318175)",EyeArea,14.5463390350342,0.1,12.4012203216553,1.20473229885101,-1.36282587051392,0.00073747700243,90.083440095379,0.0000012201708
2012,left road,2012,1.69500005245209,0.0,8.30000019073486,1.75,0.0,1.35000002384186,1.69500005245209,0.0,8.30000019073486,12.4012203216553,1.20473229885101,-1.36282587051392,12.3512859344482,1.19911336898804,-1.31775832176209,"(12.35129, 1.199113, -1.317758)",EyeArea,14.4722061157227,0.1,12.4012203216553,1.20473229885101,-1.36282587051392,0.00073747700243,90.083440095379,0.0000012201708
2013,left road,2013,1.79500007629395,0.0,8.30000019073486,1.85000002384186,0.0,1.35000002384186,1.79500007629395,0.0,8.30000019073486,12.4012203216553,1.20473229885101,-1.36282587051392,11.8706722259521,1.14446866512299,-0.87946820259094,"(11.87067, 1.144469, -0.879468)",truck body CS,14.3983860015869,0.1,12.4012203216553,1.20473229885101,-1.36282587051392,0.00073747700243,90.083440095379,0.0000012201708
2014,left road,2014,1.8950001001358,0.0,8.30000019073486,1.95000004768372,0.0,1.35000002384186,1.8950001001358,0.0,8.30000019073486,12.4012203216553,1.20473229885101,-1.36282587051392,11.8672590255737,1.14350366592407,-0.87172818183899,"(11.86726, 1.143504, -0.871728)",truck body CS,14.3248815536499,0.1,12.4012203216553,1.20473229885101,-1.36282587051392,0.00073747700243,90.083440095379,0.0000012201708
2015,left road,2015,1.99500000476837,0.0,8.30000019073486,2.04999995231628,0.0,1.35000002384186,1.99500000476837,0.0,8.30000019073486,12.4012203216553,1.20473229885101,-1.36282587051392,11.8662233352661,1.14279544353485,-0.86604708433151,"(11.86622, 1.142795, -0.866047)",truck body CS,14.2517023086548,0.1,12.4012203216553,1.20473229885101,-1.36282587051392,0.00073747700243,90.083440095379,0.0000012201708
2016,left road,2016,2.09500002861023,0.0,8.30000019073486,2.15000009536743,0.0,1.35000002384186,2.09500002861023,0.0,8.30000019073486,12.4012203216553,1.20473229885101,-1.36282587051392,11.8651714324951,1.14207148551941,-0.8602414727211,"(11.86517, 1.142071, -0.860241)",truck body CS,14.1788492202759,0.1,12.4012203216553,1.20473229885101,-1.36282587051392,0.00073747700243,90.083440095379,0.0000012201708
2017,left road,2017,2.1949999332428,0.0,8.30000019073486,2.25,0.0,1.35000002384186,2.1949999332428,0.0,8.30000019073486,12.4012203216553,1.20473229885101,-1.36282587051392,11.8646020889282,1.14139032363892,-0.85477709770203,"(11.8646, 1.14139, -0.854777)",truck body CS,14.1063289642334,0.1,12.4012203216553,1.20473229885101,-1.36282587051392,0.00073747700243,90.083440095379,0.0000012201708
2018,left road,2018,2.29499983787537,0.0,8.30000019073486,2.34999990463257,0.0,1.35000002384186,2.29499983787537,0.0,8.30000019073486,12.4012203216553,1.20473229885101,-1.36282587051392,11.8648471832275,1.14079284667969,-0.84998470544815,"(11.86485, 1.140793, -0.849985)",truck body CS,14.0341463088989,0.1,12.4012203216553,1.20473229885101,-1.36282587051392,0.00073747700243,90.083440095379,0.0000012201708
2019,left road,2019,2.39499998092651,0.0,8.30000019073486,2.45000004768372,0.0,1.35000002384186,2.39499998092651,0.0,8.30000019073486,12.4012203216553,1.20473229885101,-1.36282587051392,11.8650960922241,1.14018368721008,-0.84510010480881,"(11.8651, 1.140184, -0.8451)",truck body CS,13.9623079299927,0.1,12.4012203216553,1.20473229885101,-1.36282587051392,0.00073747700243,90.083440095379,0.0000012201708
2020,left road,2020,2.49499988555908,0.0,8.30000019073486,2.54999995231628,0.0,1.35000002384186,2.49499988555908,0.0,8.30000019073486,12.4012203216553,1.20473229885101,-1.36282587051392,11.8653526306152,1.13956332206726,-0.84012401103973,"(11.86535, 1.139563, -0.840124)",truck body CS,13.8908176422119,0.1,12.4012203216553,1.20473229885101,-1.36282587051392,0.00073747700243,90.083440095379,0.0000012201708
2021,left road,2021,2.59500002861023,0.0,8.30000019073486,2.65000009536743,0.0,1.35000002384186,2.59500002861023,0.0,8.30000019073486,12.4012203216553,1.20473229885101,-1.36282587051392,11.8656129837036,1.1389307975769,-0.83505022525787,"(11.86561, 1.138931, -0.83505)",truck body CS,13.8196802139282,0.1,12.4012203216553,1.20473229885101,-1.36282587051392,0.00073747700243,90.083440095379,0.0000012201708
2022,left road,2022,2.6949999332428,0.0,8.30000019073486,2.75,0.0,1.35000002384186,2.6949999332428,0.0,8.30000019073486,12.4012203216553,1.20473229885101,-1.36282587051392,11.8658790588379,1.13828575611115,-0.82987701892853,"(11.86588, 1.138286, -0.829877)",truck body CS,13.7489023208618,0.1,12.4012203216553,1.20473229885101,-1.36282587051392,0.00073747700243,90.083440095379,0.0000012201708
2023,left road,2023,2.79499983787537,0.0,8.30000019073486,2.84999990463257,0.0,1.35000002384186,2.79499983787537,0.0,8.30000019073486,12.4012203216553,1.20473229885101,-1.36282587051392,11.8667640686035,1.13770508766174,-0.825219810009,"(11.86676, 1.137705, -0.82522)",truck body CS,13.6784887313843,0.1,12.4012203216553,1.20473229885101,-1.36282587051392,0.00073747700243,90.083440095379,0.0000012201708
2024,left road,2024,2.89499998092651,0.0,8.30000019073486,2.95000004768372,0.0,1.35000002384186,2.89499998092651,0.0,8.30000019073486,12.4012203216553,1.20473229885101,-1.36282587051392,11.8686552047729,1.13723969459534,-0.82148683071136,"(11.86866, 1.13724, -0.821487)",truck body CS,13.6084470748901,0.1,12.4012203216553,1.20473229885101,-1.36282587051392,0.00073747700243,90.083440095379,0.0000012201708
2025,left road,2025,2.99499988555908,0.0,8.30000019073486,3.04999995231628,0.0,1.35000002384186,2.99499988555908,0.0,8.30000019073486,12.4012203216553,1.20473229885101,-1.36282587051392,11.8705730438232,1.13676786422729,-0.81770199537277,"(11.87057, 1.136768, -0.817702)",truck body CS,13.5387811660767,0.1,12.4012203216553,1.20473229885101,-1.36282587051392,0.00073747700243,90.083440095379,0.0000012201708
2026,left road,2026,3.09500002861023,0.0,8.30000019073486,3.15000009536743,0.0,1.35000002384186,3.09500002861023,0.0,8.30000019073486,12.4012203216553,1.20473229885101,-1.36282587051392,11.8725175857544,1.13628923892975,-0.81386291980743,"(11.87252, 1.136289, -0.813863)",truck body CS,13.4694957733154,0.1,12.4012203216553,1.20473229885101,-1.36282587051392,0.00073747700243,90.083440095379,0.0000012201708
2027,left road,2027,3.1949999332428,0.0,8.30000019073486,3.25,0.0,1.35000002384186,3.1949999332428,0.0,8.30000019073486,12.4012203216553,1.20473229885101,-1.36282587051392,11.8744897842407,1.13580393791199,-0.80997079610825,"(11.87449, 1.135804, -0.809971)",truck body CS,13.4006004333496,0.1,12.4012203216553,1.20473229885101,-1.36282587051392,0.00073747700243,90.083440095379,0.0000012201708
2028,left road,2028,3.29499983787537,0.0,8.30000019073486,3.34999990463257,0.0,1.35000002384186,3.29499983787537,0.0,8.30000019073486,12.4012203216553,1.20473229885101,-1.36282587051392,11.8764896392822,1.13531160354614,-0.80602133274078,"(11.87649, 1.135312, -0.806021)",truck body CS,13.3320980072021,0.1,12.4012203216553,1.20473229885101,-1.36282587051392,0.00073747700243,90.083440095379,0.0000012201708
2029,left road,2029,3.39499998092651,0.0,8.30000019073486,3.45000004768372,0.0,1.35000002384186,3.39499998092651,0.0,8.30000019073486,12.4012203216553,1.20473229885101,-1.36282587051392,11.8785190582275,1.13481223583221,-0.80201631784439,"(11.87852, 1.134812, -0.802016)",truck body CS,13.2639961242676,0.1,12.4012203216553,1.20473229885101,-1.36282587051392,0.00073747700243,90.083440095379,0.0000012201708
2030,left road,2030,-3.50500011444092,0.0,8.39999961853027,-3.45000004768372,0.0,1.45000004768372,-3.50500011444092,0.0,8.39999961853027,12.4012203216553,1.20473229885101,-1.36282587051392,11.8337354660034,1.16175103187561,-1.01451754570007,"(11.83374, 1.161751, -1.014518)",truck body CS,18.7021923065186,0.1,12.4012203216553,1.20473229885101,-1.36282587051392,0.00073747700243,90.083440095379,0.0000012201708
2031,left road,2031,-3.40499997138977,0.0,8.39999961853027,-3.34999990463257,0.0,1.45000004768372,-3.40499997138977,0.0,8.39999961853027,12.4012203216553,1.20473229885101,-1.36282587051392,11.8355388641357,1.161616563797,-1.013427734375,"(11.83554, 1.161617, -1.013428)",truck body CS,18.6172161102295,0.1,12.4012203216553,1.20473229885101,-1.36282587051392,0.00073747700243,90.083440095379,0.0000012201708
2032,left road,2032,-3.3050000667572,0.0,8.39999961853027,-3.25,0.0,1.45000004768372,-3.3050000667572,0.0,8.39999961853027,12.4012203216553,1.20473229885101,-1.36282587051392,11.8381443023682,1.16154193878174,-1.01282238960266,"(11.83814, 1.161542, -1.012822)",truck body CS,18.5323905944824,0.1,12.4012203216553,1.20473229885101,-1.36282587051392,0.00073747700243,90.083440095379,0.0000012201708
2033,left road,2033,-3.20500016212463,0.0,8.39999961853027,-3.15000009536743,0.0,1.45000004768372,-3.20500016212463,0.0,8.39999961853027,12.4012203216553,1.20473229885101,-1.36282587051392,11.8420295715332,1.16156506538391,-1.01301050186157,"(11.84203, 1.161565, -1.013011)",truck body CS,18.4477157592773,0.1,12.4012203216553,1.20473229885101,-1.36282587051392,0.00073747700243,90.083440095379,0.0000012201708
2034,left road,2034,-3.10500001907349,0.0,8.39999961853027,-3.04999995231628,0.0,1.45000004768372,-3.10500001907349,0.0,8.39999961853027,12.4012203216553,1.20473229885101,-1.36282587051392,11.845890045166,1.16158664226532,-1.01318526268005,"(11.84589, 1.161587, -1.013185)",truck body CS,18.3631973266602,0.1,12.4012203216553,1.20473229885101,-1.36282587051392,0.00073747700243,90.083440095379,0.0000012201708
2035,left road,2035,-3.00500011444092,0.0,8.39999961853027,-2.95000004768372,0.0,1.45000004768372,-3.00500011444092,0.0,8.39999961853027,12.4012203216553,1.20473229885101,-1.36282587051392,11.8497295379639,1.16160702705383,-1.01334881782532,"(11.84973, 1.161607, -1.013349)",truck body CS,18.2788333892822,0.1,12.4012203216553,1.20473229885101,-1.36282587051392,0.00073747700243,90.083440095379,0.0000012201708
2036,left road,2036,-2.90499997138977,0.0,8.39999961853027,-2.84999990463257,0.0,1.45000004768372,-2.90499997138977,0.0,8.39999961853027,12.4012203216553,1.20473229885101,-1.36282587051392,11.8536033630371,1.16163015365601,-1.01353645324707,"(11.8536, 1.16163, -1.013536)",truck body CS,18.1946277618408,0.1,12.4012203216553,1.20473229885101,-1.36282587051392,0.00073747700243,90.083440095379,0.0000012201708
2037,left road,2037,-2.8050000667572,0.0,8.39999961853027,-2.75,0.0,1.45000004768372,-2.8050000667572,0.0,8.39999961853027,12.4012203216553,1.20473229885101,-1.36282587051392,11.8585014343262,1.16173458099365,-1.01438391208649,"(11.8585, 1.161735, -1.014384)",truck body CS,18.1105842590332,0.1,12.4012203216553,1.20473229885101,-1.36282587051392,0.00073747700243,90.083440095379,0.0000012201708
2038,left road,2038,-2.70500016212463,0.0,8.39999961853027,-2.65000009536743,0.0,1.45000004768372,-2.70500016212463,0.0,8.39999961853027,12.4012203216553,1.20473229885101,-1.36282587051392,11.8827247619629,1.16338181495667,-1.02773189544678,"(11.88272, 1.163382, -1.027732)",truck body CS,18.0267028808594,0.1,12.4012203216553,1.20473229885101,-1.36282587051392,0.00073747700243,90.083440095379,0.0000012201708
2039,left road,2039,-2.60500001907349,0.0,8.39999961853027,-2.54999995231628,0.0,1.45000004768372,-2.60500001907349,0.0,8.39999961853027,12.4012203216553,1.20473229885101,-1.36282587051392,11.8859462738037,1.16336488723755,-1.02759504318237,"(11.88595, 1.163365, -1.027595)",truck body CS,17.9429874420166,0.1,12.4012203216553,1.20473229885101,-1.36282587051392,0.00073747700243,90.083440095379,0.0000012201708
2040,left road,2040,-2.50500011444092,0.0,8.39999961853027,-2.45000004768372,0.0,1.45000004768372,-2.50500011444092,0.0,8.39999961853027,12.4012203216553,1.20473229885101,-1.36282587051392,11.8891839981079,1.16334915161133,-1.02746677398682,"(11.88918, 1.163349, -1.027467)",truck body CS,17.8594379425049,0.1,12.4012203216553,1.20473229885101,-1.36282587051392,0.00073747700243,90.083440095379,0.0000012201708
2041,left road,2041,-2.40499997138977,0.0,8.39999961853027,-2.34999990463257,0.0,1.45000004768372,-2.40499997138977,0.0,8.39999961853027,12.4012203216553,1.20473229885101,-1.36282587051392,11.8923330307007,1.16332578659058,-1.02727782726288,"(11.89233, 1.163326, -1.027278)",truck body CS,17.7760601043701,0.1,12.4012203216553,1.20473229885101,-1.36282587051392,0.00073747700243,90.083440095379,0.0000012201708
2042,left road,2042,-2.3050000667572,0.0,8.39999961853027,-2.25,0.0,1.45000004768372,-2.3050000667572,0.0,8.39999961853027,12.4012203216553,1.20473229885101,-1.36282587051392,11.8954830169678,1.16330230236053,-1.02708768844604,"(11.89548, 1.163302, -1.027088)",truck body CS,17.6928539276123,0.1,12.4012203216553,1.20473229885101,-1.36282587051392,0.00073747700243,90.083440095379,0.0000012201708
2043,left road,2043,-2.20500016212463,0.0,8.39999961853027,-2.15000009536743,0.0,1.45000004768372,-2.20500016212463,0.0,8.39999961853027,12.4012203216553,1.20473229885101,-1.36282587051392,11.8992919921875,1.16333270072937,-1.02733564376831,"(11.89929, 1.163333, -1.027336)",truck body CS,17.6098213195801,0.1,12.4012203216553,1.20473229885101,-1.36282587051392,0.00073747700243,90.083440095379,0.0000012201708
2044,left road,2044,-2.10500001907349,0.0,8.39999961853027,-2.04999995231628,0.0,1.45000004768372,-2.10500001907349,0.0,8.39999961853027,12.4012203216553,1.20473229885101,-1.36282587051392,11.9030990600586,1.16336369514465,-1.02758526802063,"(11.9031, 1.163364, -1.027585)",truck body CS,17.5269660949707,0.1,12.4012203216553,1.20473229885101,-1.36282587051392,0.00073747700243,90.083440095379,0.0000012201708
2045,left road,2045,-2.00500011444092,0.0,8.39999961853027,-1.95000004768372,0.0,1.45000004768372,-2.00500011444092,0.0,8.39999961853027,12.4012203216553,1.20473229885101,-1.36282587051392,12.3512697219849,1.20055508613586,-1.32897531986237,"(12.35127, 1.200555, -1.328975)",EyeArea,17.4442920684814,0.1,12.4012203216553,1.20473229885101,-1.36282587051392,0.00073747700243,90.083440095379,0.0000012201708
2046,left road,2046,-1.90499997138977,0.0,8.39999961853027,-1.85000002384186,0.0,1.45000004768372,-1.90499997138977,0.0,8.39999961853027,12.4012203216553,1.20473229885101,-1.36282587051392,12.3512706756592,1.20052587985992,-1.32873785495758,"(12.35127, 1.200526, -1.328738)",EyeArea,17.3617992401123,0.1,12.4012203216553,1.20473229885101,-1.36282587051392,0.00073747700243,90.083440095379,0.0000012201708
2047,left road,2047,-1.80499994754791,0.0,8.39999961853027,-1.75,0.0,1.45000004768372,-1.80499994754791,0.0,8.39999961853027,12.4012203216553,1.20473229885101,-1.36282587051392,12.3512706756592,1.20049643516541,-1.32849943637848,"(12.35127, 1.200496, -1.328499)",EyeArea,17.2794914245605,0.1,12.4012203216553,1.20473229885101,-1.36282587051392,0.00073747700243,90.083440095379,0.0000012201708
2048,left road,2048,-1.70499992370605,0.0,8.39999961853027,-1.64999997615814,0.0,1.45000004768372,-1.70499992370605,0.0,8.39999961853027,12.4012203216553,1.20473229885101,-1.36282587051392,12.3512706756592,1.20046639442444,-1.3282562494278,"(12.35127, 1.200466, -1.328256)",EyeArea,17.1973705291748,0.1,12.4012203216553,1.20473229885101,-1.36282587051392,0.00073747700243,90.083440095379,0.0000012201708
2049,left road,2049,-1.6049998998642,0.0,8.39999961853027,-1.54999995231628,0.0,1.45000004768372,-1.6049998998642,0.0,8.39999961853027,12.4012203216553,1.20473229885101,-1.36282587051392,12.3512716293335,1.20043587684631,-1.32800829410553,"(12.35127, 1.200436, -1.328008)",EyeArea,17.1154403686523,0.1,12.4012203216553,1.20473229885101,-1.36282587051392,0.00073747700243,90.083440095379,0.0000012201708
2050,left road,2050,-1.50499999523163,0.0,8.39999961853027,-1.45000004768372,0.0,1.45000004768372,-1.50499999523163,0.0,8.39999961853027,12.4012203216553,1.20473229885101,-1.36282587051392,12.3512716293335,1.20040500164032,-1.32775938510895,"(12.35127, 1.200405, -1.327759)",EyeArea,17.0337047576904,0.1,12.4012203216553,1.20473229885101,-1.36282587051392,0.00073747700243,90.083440095379,0.0000012201708
2051,left road,2051,-1.40499997138977,0.0,8.39999961853027,-1.35000002384186,0.0,1.45000004768372,-1.40499997138977,0.0,8.39999961853027,12.4012203216553,1.20473229885101,-1.36282587051392,12.3512716293335,1.20037376880646,-1.32750570774078,"(12.35127, 1.200374, -1.327506)",EyeArea,16.9521636962891,0.1,12.4012203216553,1.20473229885101,-1.36282587051392,0.00073747700243,90.083440095379,0.0000012201708
2052,left road,2052,-1.30499994754791,0.0,8.39999961853027,-1.25,0.0,1.45000004768372,-1.30499994754791,0.0,8.39999961853027,12.4012203216553,1.20473229885101,-1.36282587051392,12.3512725830078,1.20034205913544,-1.32724726200104,"(12.35127, 1.200342, -1.327247)",EyeArea,16.8708229064941,0.1,12.4012203216553,1.20473229885101,-1.36282587051392,0.00073747700243,90.083440095379,0.0000012201708
2053,left road,2053,-1.20499992370605,0.0,8.39999961853027,-1.14999997615814,0.0,1.45000004768372,-1.20499992370605,0.0,8.39999961853027,12.4012203216553,1.20473229885101,-1.36282587051392,12.3512725830078,1.20030975341797,-1.32698690891266,"(12.35127, 1.20031, -1.326987)",EyeArea,16.789680480957,0.1,12.4012203216553,1.20473229885101,-1.36282587051392,0.00073747700243,90.083440095379,0.0000012201708
2054,left road,2054,-1.1049998998642,0.0,8.39999961853027,-1.04999995231628,0.0,1.45000004768372,-1.1049998998642,0.0,8.39999961853027,12.4012203216553,1.20473229885101,-1.36282587051392,12.3512735366821,1.20027697086334,-1.32672083377838,"(12.35127, 1.200277, -1.326721)",EyeArea,16.7087440490723,0.1,12.4012203216553,1.20473229885101,-1.36282587051392,0.00073747700243,90.083440095379,0.0000012201708
2055,left road,2055,-1.00499999523163,0.0,8.39999961853027,-0.94999998807907,0.0,1.45000004768372,-1.00499999523163,0.0,8.39999961853027,12.4012203216553,1.20473229885101,-1.36282587051392,12.3512735366821,1.20024383068085,-1.32645189762115,"(12.35127, 1.200244, -1.326452)",EyeArea,16.6280155181885,0.1,12.4012203216553,1.20473229885101,-1.36282587051392,0.00073747700243,90.083440095379,0.0000012201708
2056,left road,2056,-0.90500003099442,0.0,8.39999961853027,-0.85000002384186,0.0,1.45000004768372,-0.90500003099442,0.0,8.39999961853027,12.4012203216553,1.20473229885101,-1.36282587051392,12.3512735366821,1.20021021366119,-1.32618010044098,"(12.35127, 1.20021, -1.32618)",EyeArea,16.5474967956543,0.1,12.4012203216553,1.20473229885101,-1.36282587051392,0.00073747700243,90.083440095379,0.0000012201708
2057,left road,2057,-0.80500000715256,0.0,8.39999961853027,-0.75,0.0,1.45000004768372,-0.80500000715256,0.0,8.39999961853027,12.4012203216553,1.20473229885101,-1.36282587051392,12.3512744903564,1.20017600059509,-1.3259025812149,"(12.35127, 1.200176, -1.325903)",EyeArea,16.467191696167,0.1,12.4012203216553,1.20473229885101,-1.36282587051392,0.00073747700243,90.083440095379,0.0000012201708
2058,left road,2058,-0.7049999833107,0.0,8.39999961853027,-0.64999997615814,0.0,1.45000004768372,-0.7049999833107,0.0,8.39999961853027,12.4012203216553,1.20473229885101,-1.36282587051392,12.3512744903564,1.20014119148254,-1.32562029361725,"(12.35127, 1.200141, -1.32562)",EyeArea,16.3871021270752,0.1,12.4012203216553,1.20473229885101,-1.36282587051392,0.00073747700243,90.083440095379,0.0000012201708
2059,left road,2059,-0.60500001907349,0.0,8.39999961853027,-0.55000001192093,0.0,1.45000004768372,-0.60500001907349,0.0,8.39999961853027,12.4012203216553,1.20473229885101,-1.36282587051392,12.3512754440308,1.20010602474213,-1.32533609867096,"(12.35128, 1.200106, -1.325336)",EyeArea,16.3072338104248,0.1,12.4012203216553,1.20473229885101,-1.36282587051392,0.00073747700243,90.083440095379,0.0000012201708
2060,left road,2060,-0.50499999523163,0.0,8.39999961853027,-0.44999998807907,0.0,1.45000004768372,-0.50499999523163,0.0,8.39999961853027,12.4012203216553,1.20473229885101,-1.36282587051392,12.3512754440308,1.20007014274597,-1.32504427433014,"(12.35128, 1.20007, -1.325044)",EyeArea,16.2275886535645,0.1,12.4012203216553,1.20473229885101,-1.36282587051392,0.00073747700243,90.083440095379,0.0000012201708
2061,left road,2061,-0.40500000119209,0.0,8.39999961853027,-0.34999999403954,0.0,1.45000004768372,-0.40500000119209,0.0,8.39999961853027,12.4012203216553,1.20473229885101,-1.36282587051392,12.3512763977051,1.20003378391266,-1.32475054264069,"(12.35128, 1.200034, -1.324751)",EyeArea,16.1481704711914,0.1,12.4012203216553,1.20473229885101,-1.36282587051392,0.00073747700243,90.083440095379,0.0000012201708
2062,left road,2062,-0.30500000715256,0.0,8.39999961853027,-0.25,0.0,1.45000004768372,-0.30500000715256,0.0,8.39999961853027,12.4012203216553,1.20473229885101,-1.36282587051392,12.3512763977051,1.1999968290329,-1.32445108890533,"(12.35128, 1.199997, -1.324451)",EyeArea,16.0689830780029,0.1,12.4012203216553,1.20473229885101,-1.36282587051392,0.00073747700243,90.083440095379,0.0000012201708
2063,left road,2063,-0.20500001311302,0.0,8.39999961853027,-0.15000000596046,0.0,1.45000004768372,-0.20500001311302,0.0,8.39999961853027,12.4012203216553,1.20473229885101,-1.36282587051392,12.3512773513794,1.19995939731598,-1.3241468667984,"(12.35128, 1.199959, -1.324147)",EyeArea,15.990026473999,0.1,12.4012203216553,1.20473229885101,-1.36282587051392,0.00073747700243,90.083440095379,0.0000012201708
2064,left road,2064,-0.10500000417233,0.0,8.39999961853027,-0.05000000074506,0.0,1.45000004768372,-0.10500000417233,0.0,8.39999961853027,12.4012203216553,1.20473229885101,-1.36282587051392,12.3512773513794,1.19992125034332,-1.3238388299942,"(12.35128, 1.199921, -1.323839)",EyeArea,15.9113063812256,0.1,12.4012203216553,1.20473229885101,-1.36282587051392,0.00073747700243,90.083440095379,0.0000012201708
2065,left road,2065,-0.00499999895692,0.0,8.39999961853027,0.05000000074506,0.0,1.45000004768372,-0.00499999895692,0.0,8.39999961853027,12.4012203216553,1.20473229885101,-1.36282587051392,12.3512773513794,1.19988250732422,-1.3235250711441,"(12.35128, 1.199883, -1.323525)",EyeArea,15.8328275680542,0.1,12.4012203216553,1.20473229885101,-1.36282587051392,0.00073747700243,90.083440095379,0.0000012201708
2066,left road,2066,0.09500000625849,0.0,8.39999961853027,0.15000000596046,0.0,1.45000004768372,0.09500000625849,0.0,8.39999961853027,12.4012203216553,1.20473229885101,-1.36282587051392,12.3512783050537,1.19984304904938,-1.32320463657379,"(12.35128, 1.199843, -1.323205)",EyeArea,15.7545928955078,0.1,12.4012203216553,1.20473229885101,-1.36282587051392,0.00073747700243,90.083440095379,0.0000012201708
2067,left road,2067,0.19499999284744,0.0,8.39999961853027,0.25,0.0,1.45000004768372,0.19499999284744,0.0,8.39999961853027,12.4012203216553,1.20473229885101,-1.36282587051392,12.3512783050537,1.19980311393738,-1.32288134098053,"(12.35128, 1.199803, -1.322881)",EyeArea,15.6766052246094,0.1,12.4012203216553,1.20473229885101,-1.36282587051392,0.00073747700243,90.083440095379,0.0000012201708
2068,left road,2068,0.29499998688698,0.0,8.39999961853027,0.34999999403954,0.0,1.45000004768372,0.29499998688698,0.0,8.39999961853027,12.4012203216553,1.20473229885101,-1.36282587051392,12.351279258728,1.19976246356964,-1.32255232334137,"(12.35128, 1.199762, -1.322552)",EyeArea,15.5988683700562,0.1,12.4012203216553,1.20473229885101,-1.36282587051392,0.00073747700243,90.083440095379,0.0000012201708
2069,left road,2069,0.39499998092651,0.0,8.39999961853027,0.44999998807907,0.0,1.45000004768372,0.39499998092651,0.0,8.39999961853027,12.4012203216553,1.20473229885101,-1.36282587051392,12.351279258728,1.19972109794617,-1.32221567630768,"(12.35128, 1.199721, -1.322216)",EyeArea,15.5213871002197,0.1,12.4012203216553,1.20473229885101,-1.36282587051392,0.00073747700243,90.083440095379,0.0000012201708
2070,left road,2070,0.49500000476837,0.0,8.39999961853027,0.55000001192093,0.0,1.45000004768372,0.49500000476837,0.0,8.39999961853027,12.4012203216553,1.20473229885101,-1.36282587051392,12.3512802124023,1.19967913627625,-1.32187616825104,"(12.35128, 1.199679, -1.321876)",EyeArea,15.444164276123,0.1,12.4012203216553,1.20473229885101,-1.36282587051392,0.00073747700243,90.083440095379,0.0000012201708
2071,left road,2071,0.59499996900558,0.0,8.39999961853027,0.64999997615814,0.0,1.45000004768372,0.59499996900558,0.0,8.39999961853027,12.4012203216553,1.20473229885101,-1.36282587051392,12.3512811660767,1.19963622093201,-1.32152807712555,"(12.35128, 1.199636, -1.321528)",EyeArea,15.3672046661377,0.1,12.4012203216553,1.20473229885101,-1.36282587051392,0.00073747700243,90.083440095379,0.0000012201708
2072,left road,2072,0.69499999284744,0.0,8.39999961853027,0.75,0.0,1.45000004768372,0.69499999284744,0.0,8.39999961853027,12.4012203216553,1.20473229885101,-1.36282587051392,12.3512811660767,1.19959282875061,-1.32117629051209,"(12.35128, 1.199593, -1.321176)",EyeArea,15.2905111312866,0.1,12.4012203216553,1.20473229885101,-1.36282587051392,0.00073747700243,90.083440095379,0.0000012201708
2073,left road,2073,0.7950000166893,0.0,8.39999961853027,0.85000002384186,0.0,1.45000004768372,0.7950000166893,0.0,8.39999961853027,12.4012203216553,1.20473229885101,-1.36282587051392,12.351282119751,1.19954860210419,-1.32081866264343,"(12.35128, 1.199549, -1.320819)",EyeArea,15.2140884399414,0.1,12.4012203216553,1.20473229885101,-1.36282587051392,0.00073747700243,90.083440095379,0.0000012201708
2074,left road,2074,0.89499998092651,0.0,8.39999961853027,0.94999998807907,0.0,1.45000004768372,0.89499998092651,0.0,8.39999961853027,12.4012203216553,1.20473229885101,-1.36282587051392,12.351282119751,1.19950354099274,-1.32045340538025,"(12.35128, 1.199504, -1.320453)",EyeArea,15.1379404067993,0.1,12.4012203216553,1.20473229885101,-1.36282587051392,0.00073747700243,90.083440095379,0.0000012201708
2075,left road,2075,0.99499994516373,0.0,8.39999961853027,1.04999995231628,0.0,1.45000004768372,0.99499994516373,0.0,8.39999961853027,12.4012203216553,1.20473229885101,-1.36282587051392,12.3512830734253,1.19945788383484,-1.32008242607117,"(12.35128, 1.199458, -1.320082)",EyeArea,15.0620718002319,0.1,12.4012203216553,1.20473229885101,-1.36282587051392,0.00073747700243,90.083440095379,0.0000012201708
2076,left road,2076,1.09500002861023,0.0,8.39999961853027,1.14999997615814,0.0,1.45000004768372,1.09500002861023,0.0,8.39999961853027,12.4012203216553,1.20473229885101,-1.36282587051392,12.3512830734253,1.19941127300262,-1.31970572471619,"(12.35128, 1.199411, -1.319706)",EyeArea,14.9864854812622,0.1,12.4012203216553,1.20473229885101,-1.36282587051392,0.00073747700243,90.083440095379,0.0000012201708
2077,left road,2077,1.19500005245209,0.0,8.39999961853027,1.25,0.0,1.45000004768372,1.19500005245209,0.0,8.39999961853027,12.4012203216553,1.20473229885101,-1.36282587051392,12.3512840270996,1.19936382770538,-1.31932044029236,"(12.35128, 1.199364, -1.31932)",EyeArea,14.911187171936,0.1,12.4012203216553,1.20473229885101,-1.36282587051392,0.00073747700243,90.083440095379,0.0000012201708
2078,left road,2078,1.29500007629395,0.0,8.39999961853027,1.35000002384186,0.0,1.45000004768372,1.29500007629395,0.0,8.39999961853027,12.4012203216553,1.20473229885101,-1.36282587051392,12.3512840270996,1.19931554794312,-1.31893038749695,"(12.35128, 1.199316, -1.31893)",EyeArea,14.8361806869507,0.1,12.4012203216553,1.20473229885101,-1.36282587051392,0.00073747700243,90.083440095379,0.0000012201708
2079,left road,2079,1.3950001001358,0.0,8.39999961853027,1.45000004768372,0.0,1.45000004768372,1.3950001001358,0.0,8.39999961853027,12.4012203216553,1.20473229885101,-1.36282587051392,12.3512849807739,1.19926643371582,-1.31853175163269,"(12.35128, 1.199266, -1.318532)",EyeArea,14.7614698410034,0.1,12.4012203216553,1.20473229885101,-1.36282587051392,0.00073747700243,90.083440095379,0.0000012201708
2080,left road,2080,1.49500000476837,0.0,8.39999961853027,1.54999995231628,0.0,1.45000004768372,1.49500000476837,0.0,8.39999961853027,12.4012203216553,1.20473229885101,-1.36282587051392,12.3512859344482,1.19921636581421,-1.3181254863739,"(12.35129, 1.199216, -1.318125)",EyeArea,14.6870613098145,0.1,12.4012203216553,1.20473229885101,-1.36282587051392,0.00073747700243,90.083440095379,0.0000012201708
2081,left road,2081,1.59500002861023,0.0,8.39999961853027,1.64999997615814,0.0,1.45000004768372,1.59500002861023,0.0,8.39999961853027,12.4012203216553,1.20473229885101,-1.36282587051392,12.3512859344482,1.19916534423828,-1.31771349906921,"(12.35129, 1.199165, -1.317713)",EyeArea,14.6129570007324,0.1,12.4012203216553,1.20473229885101,-1.36282587051392,0.00073747700243,90.083440095379,0.0000012201708
2082,left road,2082,1.69500005245209,0.0,8.39999961853027,1.75,0.0,1.45000004768372,1.69500005245209,0.0,8.39999961853027,12.4012203216553,1.20473229885101,-1.36282587051392,12.3512868881226,1.19911348819733,-1.31729292869568,"(12.35129, 1.199113, -1.317293)",EyeArea,14.5391645431519,0.1,12.4012203216553,1.20473229885101,-1.36282587051392,0.00073747700243,90.083440095379,0.0000012201708
2083,left road,2083,1.79500007629395,0.0,8.39999961853027,1.85000002384186,0.0,1.45000004768372,1.79500007629395,0.0,8.39999961853027,12.4012203216553,1.20473229885101,-1.36282587051392,11.8692388534546,1.14430582523346,-0.87314575910568,"(11.86924, 1.144306, -0.873146)",truck body CS,14.4656848907471,0.1,12.4012203216553,1.20473229885101,-1.36282587051392,0.00073747700243,90.083440095379,0.0000012201708
2084,left road,2084,1.8950001001358,0.0,8.39999961853027,1.95000004768372,0.0,1.45000004768372,1.8950001001358,0.0,8.39999961853027,12.4012203216553,1.20473229885101,-1.36282587051392,11.8680658340454,1.14359617233276,-0.86739486455917,"(11.86807, 1.143596, -0.867395)",truck body CS,14.3925247192383,0.1,12.4012203216553,1.20473229885101,-1.36282587051392,0.00073747700243,90.083440095379,0.0000012201708
2085,left road,2085,1.99500000476837,0.0,8.39999961853027,2.04999995231628,0.0,1.45000004768372,1.99500000476837,0.0,8.39999961853027,12.4012203216553,1.20473229885101,-1.36282587051392,11.8670434951782,1.14289033412933,-0.86167478561401,"(11.86704, 1.14289, -0.861675)",truck body CS,14.31969165802,0.1,12.4012203216553,1.20473229885101,-1.36282587051392,0.00073747700243,90.083440095379,0.0000012201708
2086,left road,2086,2.09500002861023,0.0,8.39999961853027,2.15000009536743,0.0,1.45000004768372,2.09500002861023,0.0,8.39999961853027,12.4012203216553,1.20473229885101,-1.36282587051392,11.866021156311,1.14217090606689,-0.85584419965744,"(11.86602, 1.142171, -0.855844)",truck body CS,14.2471857070923,0.1,12.4012203216553,1.20473229885101,-1.36282587051392,0.00073747700243,90.083440095379,0.0000012201708
2087,left road,2087,2.1949999332428,0.0,8.39999961853027,2.25,0.0,1.45000004768372,2.1949999332428,0.0,8.39999961853027,12.4012203216553,1.20473229885101,-1.36282587051392,11.8662767410278,1.14158797264099,-0.85112136602402,"(11.86628, 1.141588, -0.851121)",truck body CS,14.1750154495239,0.1,12.4012203216553,1.20473229885101,-1.36282587051392,0.00073747700243,90.083440095379,0.0000012201708
2088,left road,2088,2.29499983787537,0.0,8.39999961853027,2.34999990463257,0.0,1.45000004768372,2.29499983787537,0.0,8.39999961853027,12.4012203216553,1.20473229885101,-1.36282587051392,11.8665399551392,1.14099454879761,-0.84631186723709,"(11.86654, 1.140995, -0.846312)",truck body CS,14.1031847000122,0.1,12.4012203216553,1.20473229885101,-1.36282587051392,0.00073747700243,90.083440095379,0.0000012201708
2089,left road,2089,2.39499998092651,0.0,8.39999961853027,2.45000004768372,0.0,1.45000004768372,2.39499998092651,0.0,8.39999961853027,12.4012203216553,1.20473229885101,-1.36282587051392,11.8668060302734,1.14038956165314,-0.84140962362289,"(11.86681, 1.14039, -0.84141)",truck body CS,14.0316982269287,0.1,12.4012203216553,1.20473229885101,-1.36282587051392,0.00073747700243,90.083440095379,0.0000012201708
2090,left road,2090,2.49499988555908,0.0,8.39999961853027,2.54999995231628,0.0,1.45000004768372,2.49499988555908,0.0,8.39999961853027,12.4012203216553,1.20473229885101,-1.36282587051392,11.8670749664307,1.13977289199829,-0.83641213178635,"(11.86707, 1.139773, -0.836412)",truck body CS,13.960563659668,0.1,12.4012203216553,1.20473229885101,-1.36282587051392,0.00073747700243,90.083440095379,0.0000012201708
2091,left road,2091,2.59500002861023,0.0,8.39999961853027,2.65000009536743,0.0,1.45000004768372,2.59500002861023,0.0,8.39999961853027,12.4012203216553,1.20473229885101,-1.36282587051392,11.8673534393311,1.13914453983307,-0.83132010698318,"(11.86735, 1.139145, -0.83132)",truck body CS,13.8897838592529,0.1,12.4012203216553,1.20473229885101,-1.36282587051392,0.00073747700243,90.083440095379,0.0000012201708
2092,left road,2092,2.6949999332428,0.0,8.39999961853027,2.75,0.0,1.45000004768372,2.6949999332428,0.0,8.39999961853027,12.4012203216553,1.20473229885101,-1.36282587051392,11.8682498931885,1.13858020305634,-0.82674646377563,"(11.86825, 1.13858, -0.826746)",truck body CS,13.8193655014038,0.1,12.4012203216553,1.20473229885101,-1.36282587051392,0.00073747700243,90.083440095379,0.0000012201708
2093,left road,2093,2.79499983787537,0.0,8.39999961853027,2.84999990463257,0.0,1.45000004768372,2.79499983787537,0.0,8.39999961853027,12.4012203216553,1.20473229885101,-1.36282587051392,11.8701248168945,1.13812661170959,-0.82307088375092,"(11.87012, 1.138127, -0.823071)",truck body CS,13.7493124008179,0.1,12.4012203216553,1.20473229885101,-1.36282587051392,0.00073747700243,90.083440095379,0.0000012201708
2094,left road,2094,2.89499998092651,0.0,8.39999961853027,2.95000004768372,0.0,1.45000004768372,2.89499998092651,0.0,8.39999961853027,12.4012203216553,1.20473229885101,-1.36282587051392,11.8720264434814,1.13766694068909,-0.81934648752213,"(11.87203, 1.137667, -0.819346)",truck body CS,13.679633140564,0.1,12.4012203216553,1.20473229885101,-1.36282587051392,0.00073747700243,90.083440095379,0.0000012201708
2095,left road,2095,2.99499988555908,0.0,8.39999961853027,3.04999995231628,0.0,1.45000004768372,2.99499988555908,0.0,8.39999961853027,12.4012203216553,1.20473229885101,-1.36282587051392,11.8739566802979,1.1372013092041,-0.81557202339172,"(11.87396, 1.137201, -0.815572)",truck body CS,13.6103315353394,0.1,12.4012203216553,1.20473229885101,-1.36282587051392,0.00073747700243,90.083440095379,0.0000012201708
2096,left road,2096,3.09500002861023,0.0,8.39999961853027,3.15000009536743,0.0,1.45000004768372,3.09500002861023,0.0,8.39999961853027,12.4012203216553,1.20473229885101,-1.36282587051392,11.8759117126465,1.13672852516174,-0.81174212694168,"(11.87591, 1.136729, -0.811742)",truck body CS,13.5414123535156,0.1,12.4012203216553,1.20473229885101,-1.36282587051392,0.00073747700243,90.083440095379,0.0000012201708
2097,left road,2097,3.1949999332428,0.0,8.39999961853027,3.25,0.0,1.45000004768372,3.1949999332428,0.0,8.39999961853027,12.4012203216553,1.20473229885101,-1.36282587051392,11.8778953552246,1.13624954223633,-0.80785918235779,"(11.8779, 1.13625, -0.807859)",truck body CS,13.4728851318359,0.1,12.4012203216553,1.20473229885101,-1.36282587051392,0.00073747700243,90.083440095379,0.0000012201708
2098,left road,2098,3.29499983787537,0.0,8.39999961853027,3.34999990463257,0.0,1.45000004768372,3.29499983787537,0.0,8.39999961853027,12.4012203216553,1.20473229885101,-1.36282587051392,11.8799066543579,1.13576352596283,-0.80392128229141,"(11.87991, 1.135764, -0.803921)",truck body CS,13.4047517776489,0.1,12.4012203216553,1.20473229885101,-1.36282587051392,0.00073747700243,90.083440095379,0.0000012201708
2099,left road,2099,3.39499998092651,0.0,8.39999961853027,3.45000004768372,0.0,1.45000004768372,3.39499998092651,0.0,8.39999961853027,12.4012203216553,1.20473229885101,-1.36282587051392,11.8819484710693,1.13527083396912,-0.79992854595184,"(11.88195, 1.135271, -0.799929)",truck body CS,13.3370208740234,0.1,12.4012203216553,1.20473229885101,-1.36282587051392,0.00073747700243,90.083440095379,0.0000012201708
