ray_id,ray_name,voxel_id,voxel_center_global_x,voxel_center_global_y,voxel_center_global_z,voxel_center_local_x,voxel_center_local_y,voxel_center_local_z,ray_origin_point,ray_origin_point,ray_origin_point,ray_target_position,ray_target_position,ray_target_position,x_collision_point,y_collision_point,z_collision_point,collision_point_global,collider_name,ray_length,voxwl_size,eye_global_position_x,eye_global_position_y,eye_global_position_z,eye_global_rotation_deg_x,eye_global_rotation_deg_y,eye_global_rotation_deg_z
0,left road,0,-3.50500011444092,0.0,5.5,-3.45000004768372,0.0,-1.45000004768372,-3.50500011444092,0.0,5.5,6.15136003494263,1.20477890968323,-1.33936309814453,6.10159397125244,1.19856977462769,-1.30411469936371,"(6.101594, 1.19857, -1.304115)",EyeArea,11.8942708969116,0.1,6.15136003494263,1.20477890968323,-1.33936309814453,0.00003628125675,90.3817622677577,0.00000323313938
1,left road,1,-3.40499997138977,0.0,5.5,-3.34999990463257,0.0,-1.45000004768372,-3.40499997138977,0.0,5.5,6.15136003494263,1.20477890968323,-1.33936309814453,6.10159683227539,1.19850504398346,-1.30374705791473,"(6.101597, 1.198505, -1.303747)",EyeArea,11.8132295608521,0.1,6.15136003494263,1.20477890968323,-1.33936309814453,0.00003628125675,90.3817622677577,0.00000323313938
2,left road,2,-3.3050000667572,0.0,5.5,-3.25,0.0,-1.45000004768372,-3.3050000667572,0.0,5.5,6.15136003494263,1.20477890968323,-1.33936309814453,6.10159921646118,1.19843912124634,-1.3033732175827,"(6.101599, 1.198439, -1.303373)",EyeArea,11.7324819564819,0.1,6.15136003494263,1.20477890968323,-1.33936309814453,0.00003628125675,90.3817622677577,0.00000323313938
3,left road,3,-3.20500016212463,0.0,5.5,-3.15000009536743,0.0,-1.45000004768372,-3.20500016212463,0.0,5.5,6.15136003494263,1.20477890968323,-1.33936309814453,6.10160160064697,1.19837176799774,-1.30299091339111,"(6.101602, 1.198372, -1.302991)",EyeArea,11.6520328521729,0.1,6.15136003494263,1.20477890968323,-1.33936309814453,0.00003628125675,90.3817622677577,0.00000323313938
4,left road,4,-3.10500001907349,0.0,5.5,-3.04999995231628,0.0,-1.45000004768372,-3.10500001907349,0.0,5.5,6.15136003494263,1.20477890968323,-1.33936309814453,6.10160446166992,1.19830274581909,-1.30259943008423,"(6.101604, 1.198303, -1.302599)",EyeArea,11.5718870162964,0.1,6.15136003494263,1.20477890968323,-1.33936309814453,0.00003628125675,90.3817622677577,0.00000323313938
5,left road,5,-3.00500011444092,0.0,5.5,-2.95000004768372,0.0,-1.45000004768372,-3.00500011444092,0.0,5.5,6.15136003494263,1.20477890968323,-1.33936309814453,6.10160684585571,1.19823241233826,-1.3021993637085,"(6.101607, 1.198232, -1.302199)",EyeArea,11.49205493927,0.1,6.15136003494263,1.20477890968323,-1.33936309814453,0.00003628125675,90.3817622677577,0.00000323313938
6,left road,6,-2.90499997138977,0.0,5.5,-2.84999990463257,0.0,-1.45000004768372,-2.90499997138977,0.0,5.5,6.15136003494263,1.20477890968323,-1.33936309814453,6.10160970687866,1.19816052913666,-1.30179166793823,"(6.10161, 1.198161, -1.301792)",EyeArea,11.4125385284424,0.1,6.15136003494263,1.20477890968323,-1.33936309814453,0.00003628125675,90.3817622677577,0.00000323313938
7,left road,7,-2.8050000667572,0.0,5.5,-2.75,0.0,-1.45000004768372,-2.8050000667572,0.0,5.5,6.15136003494263,1.20477890968323,-1.33936309814453,6.10161256790161,1.198086977005,-1.3013744354248,"(6.101613, 1.198087, -1.301374)",EyeArea,11.3333473205566,0.1,6.15136003494263,1.20477890968323,-1.33936309814453,0.00003628125675,90.3817622677577,0.00000323313938
8,left road,8,-2.70500016212463,0.0,5.5,-2.65000009536743,0.0,-1.45000004768372,-2.70500016212463,0.0,5.5,6.15136003494263,1.20477890968323,-1.33936309814453,6.10161542892456,1.19801187515259,-1.30094766616821,"(6.101615, 1.198012, -1.300948)",EyeArea,11.254487991333,0.1,6.15136003494263,1.20477890968323,-1.33936309814453,0.00003628125675,90.3817622677577,0.00000323313938
9,left road,9,-2.60500001907349,0.0,5.5,-2.54999995231628,0.0,-1.45000004768372,-2.60500001907349,0.0,5.5,6.15136003494263,1.20477890968323,-1.33936309814453,6.10161828994751,1.19793486595154,-1.3005108833313,"(6.101618, 1.197935, -1.300511)",EyeArea,11.1759662628174,0.1,6.15136003494263,1.20477890968323,-1.33936309814453,0.00003628125675,90.3817622677577,0.00000323313938
10,left road,10,-2.50500011444092,0.0,5.5,-2.45000004768372,0.0,-1.45000004768372,-2.50500011444092,0.0,5.5,6.15136003494263,1.20477890968323,-1.33936309814453,6.10162115097046,1.19785630702972,-1.30006456375122,"(6.101621, 1.197856, -1.300065)",EyeArea,11.0977907180786,0.1,6.15136003494263,1.20477890968323,-1.33936309814453,0.00003628125675,90.3817622677577,0.00000323313938
11,left road,11,-2.40499997138977,0.0,5.5,-2.34999990463257,0.0,-1.45000004768372,-2.40499997138977,0.0,5.5,6.15136003494263,1.20477890968323,-1.33936309814453,6.10162401199341,1.19777584075928,-1.29960775375366,"(6.101624, 1.197776, -1.299608)",EyeArea,11.0199670791626,0.1,6.15136003494263,1.20477890968323,-1.33936309814453,0.00003628125675,90.3817622677577,0.00000323313938
12,left road,12,-2.3050000667572,0.0,5.5,-2.25,0.0,-1.45000004768372,-2.3050000667572,0.0,5.5,6.15136003494263,1.20477890968323,-1.33936309814453,6.10162734985352,1.1976934671402,-1.29914009571075,"(6.101627, 1.197693, -1.29914)",EyeArea,10.9425048828125,0.1,6.15136003494263,1.20477890968323,-1.33936309814453,0.00003628125675,90.3817622677577,0.00000323313938
13,left road,13,-2.20500016212463,0.0,5.5,-2.15000009536743,0.0,-1.45000004768372,-2.20500016212463,0.0,5.5,6.15136003494263,1.20477890968323,-1.33936309814453,6.10163068771362,1.19760894775391,-1.2986603975296,"(6.101631, 1.197609, -1.29866)",EyeArea,10.8654098510742,0.1,6.15136003494263,1.20477890968323,-1.33936309814453,0.00003628125675,90.3817622677577,0.00000323313938
14,left road,14,-2.10500001907349,0.0,5.5,-2.04999995231628,0.0,-1.45000004768372,-2.10500001907349,0.0,5.5,6.15136003494263,1.20477890968323,-1.33936309814453,5.56323528289795,1.11895906925201,-0.85217553377151,"(5.563235, 1.118959, -0.852176)",truck body CS,10.7886915206909,0.1,6.15136003494263,1.20477890968323,-1.33936309814453,0.00003628125675,90.3817622677577,0.00000323313938
15,left road,15,-2.00500011444092,0.0,5.5,-1.95000004768372,0.0,-1.45000004768372,-2.00500011444092,0.0,5.5,6.15136003494263,1.20477890968323,-1.33936309814453,5.5646653175354,1.11811804771423,-0.84740072488785,"(5.564665, 1.118118, -0.847401)",truck body CS,10.7123575210571,0.1,6.15136003494263,1.20477890968323,-1.33936309814453,0.00003628125675,90.3817622677577,0.00000323313938
16,left road,16,-1.90499997138977,0.0,5.5,-1.85000002384186,0.0,-1.45000004768372,-1.90499997138977,0.0,5.5,6.15136003494263,1.20477890968323,-1.33936309814453,5.56612539291382,1.11726069450378,-0.84253460168839,"(5.566125, 1.117261, -0.842535)",truck body CS,10.6364145278931,0.1,6.15136003494263,1.20477890968323,-1.33936309814453,0.00003628125675,90.3817622677577,0.00000323313938
17,left road,17,-1.80499994754791,0.0,5.5,-1.75,0.0,-1.45000004768372,-1.80499994754791,0.0,5.5,6.15136003494263,1.20477890968323,-1.33936309814453,5.56761264801025,1.11638593673706,-0.83756905794144,"(5.567613, 1.116386, -0.837569)",truck body CS,10.5608730316162,0.1,6.15136003494263,1.20477890968323,-1.33936309814453,0.00003628125675,90.3817622677577,0.00000323313938
18,left road,18,-1.70499992370605,0.0,5.5,-1.64999997615814,0.0,-1.45000004768372,-1.70499992370605,0.0,5.5,6.15136003494263,1.20477890968323,-1.33936309814453,5.56913089752197,1.11549353599548,-0.83250313997269,"(5.569131, 1.115494, -0.832503)",truck body CS,10.4857416152954,0.1,6.15136003494263,1.20477890968323,-1.33936309814453,0.00003628125675,90.3817622677577,0.00000323313938
19,left road,19,-1.6049998998642,0.0,5.5,-1.54999995231628,0.0,-1.45000004768372,-1.6049998998642,0.0,5.5,6.15136003494263,1.20477890968323,-1.33936309814453,5.57068014144897,1.11458325386047,-0.82733428478241,"(5.57068, 1.114583, -0.827334)",truck body CS,10.4110279083252,0.1,6.15136003494263,1.20477890968323,-1.33936309814453,0.00003628125675,90.3817622677577,0.00000323313938
20,left road,20,-1.50499999523163,0.0,5.5,-1.45000004768372,0.0,-1.45000004768372,-1.50499999523163,0.0,5.5,6.15136003494263,1.20477890968323,-1.33936309814453,5.5722599029541,1.11365365982056,-0.82205814123154,"(5.57226, 1.113654, -0.822058)",truck body CS,10.3367414474487,0.1,6.15136003494263,1.20477890968323,-1.33936309814453,0.00003628125675,90.3817622677577,0.00000323313938
21,left road,21,-1.40499997138977,0.0,5.5,-1.35000002384186,0.0,-1.45000004768372,-1.40499997138977,0.0,5.5,6.15136003494263,1.20477890968323,-1.33936309814453,5.57387351989746,1.11270499229431,-0.81667178869247,"(5.573874, 1.112705, -0.816672)",truck body CS,10.2628927230835,0.1,6.15136003494263,1.20477890968323,-1.33936309814453,0.00003628125675,90.3817622677577,0.00000323313938
22,left road,22,-1.30499994754791,0.0,5.5,-1.25,0.0,-1.45000004768372,-1.30499994754791,0.0,5.5,6.15136003494263,1.20477890968323,-1.33936309814453,5.57552337646484,1.11173677444458,-0.81117582321167,"(5.575523, 1.111737, -0.811176)",truck body CS,10.1894884109497,0.1,6.15136003494263,1.20477890968323,-1.33936309814453,0.00003628125675,90.3817622677577,0.00000323313938
23,left road,23,-1.20499992370605,0.0,5.5,-1.14999997615814,0.0,-1.45000004768372,-1.20499992370605,0.0,5.5,6.15136003494263,1.20477890968323,-1.33936309814453,5.57720470428467,1.11074733734131,-0.80555981397629,"(5.577205, 1.110747, -0.80556)",truck body CS,10.1165409088135,0.1,6.15136003494263,1.20477890968323,-1.33936309814453,0.00003628125675,90.3817622677577,0.00000323313938
24,left road,24,-1.1049998998642,0.0,5.5,-1.04999995231628,0.0,-1.45000004768372,-1.1049998998642,0.0,5.5,6.15136003494263,1.20477890968323,-1.33936309814453,5.57893419265747,1.10973858833313,-0.79983305931091,"(5.578934, 1.109739, -0.799833)",truck body CS,10.044059753418,0.1,6.15136003494263,1.20477890968323,-1.33936309814453,0.00003628125675,90.3817622677577,0.00000323313938
25,left road,25,-1.00499999523163,0.0,5.5,-0.94999998807907,0.0,-1.45000004768372,-1.00499999523163,0.0,5.5,6.15136003494263,1.20477890968323,-1.33936309814453,5.58070230484009,1.10870838165283,-0.79398387670517,"(5.580702, 1.108708, -0.793984)",truck body CS,9.97205448150635,0.1,6.15136003494263,1.20477890968323,-1.33936309814453,0.00003628125675,90.3817622677577,0.00000323313938
26,left road,26,-0.90500003099442,0.0,5.5,-0.85000002384186,0.0,-1.45000004768372,-0.90500003099442,0.0,5.5,6.15136003494263,1.20477890968323,-1.33936309814453,5.58250856399536,1.10765504837036,-0.78800559043884,"(5.582509, 1.107655, -0.788006)",truck body CS,9.90053558349609,0.1,6.15136003494263,1.20477890968323,-1.33936309814453,0.00003628125675,90.3817622677577,0.00000323313938
27,left road,27,-0.80500000715256,0.0,5.5,-0.75,0.0,-1.45000004768372,-0.80500000715256,0.0,5.5,6.15136003494263,1.20477890968323,-1.33936309814453,5.5843563079834,1.10657906532288,-0.7818957567215,"(5.584356, 1.106579, -0.781896)",truck body CS,9.82951259613037,0.1,6.15136003494263,1.20477890968323,-1.33936309814453,0.00003628125675,90.3817622677577,0.00000323313938
28,left road,28,-0.7049999833107,0.0,5.5,-0.64999997615814,0.0,-1.45000004768372,-0.7049999833107,0.0,5.5,6.15136003494263,1.20477890968323,-1.33936309814453,5.58624458312988,1.10547852516174,-0.77564883232117,"(5.586245, 1.105479, -0.775649)",truck body CS,9.75899887084961,0.1,6.15136003494263,1.20477890968323,-1.33936309814453,0.00003628125675,90.3817622677577,0.00000323313938
29,left road,29,-0.60500001907349,0.0,5.5,-0.55000001192093,0.0,-1.45000004768372,-0.60500001907349,0.0,5.5,6.15136003494263,1.20477890968323,-1.33936309814453,5.58841228485107,1.10439538955688,-0.76949959993362,"(5.588412, 1.104395, -0.7695)",truck body CS,9.68900299072266,0.1,6.15136003494263,1.20477890968323,-1.33936309814453,0.00003628125675,90.3817622677577,0.00000323313938
30,left road,30,-0.50499999523163,0.0,5.5,-0.44999998807907,0.0,-1.45000004768372,-0.50499999523163,0.0,5.5,6.15136003494263,1.20477890968323,-1.33936309814453,5.59216976165771,1.10356736183167,-0.76479882001877,"(5.59217, 1.103567, -0.764799)",truck body CS,9.61953735351563,0.1,6.15136003494263,1.20477890968323,-1.33936309814453,0.00003628125675,90.3817622677577,0.00000323313938
31,left road,31,-0.40500000119209,0.0,5.5,-0.34999999403954,0.0,-1.45000004768372,-0.40500000119209,0.0,5.5,6.15136003494263,1.20477890968323,-1.33936309814453,5.59598970413208,1.10272562503815,-0.76002109050751,"(5.59599, 1.102726, -0.760021)",truck body CS,9.55061435699463,0.1,6.15136003494263,1.20477890968323,-1.33936309814453,0.00003628125675,90.3817622677577,0.00000323313938
32,left road,32,-0.30500000715256,0.0,5.5,-0.25,0.0,-1.45000004768372,-0.30500000715256,0.0,5.5,6.15136003494263,1.20477890968323,-1.33936309814453,5.5999870300293,1.10189092159271,-0.75528287887573,"(5.599987, 1.101891, -0.755283)",truck body CS,9.48224449157715,0.1,6.15136003494263,1.20477890968323,-1.33936309814453,0.00003628125675,90.3817622677577,0.00000323313938
33,left road,33,-0.20500001311302,0.0,5.5,-0.15000000596046,0.0,-1.45000004768372,-0.20500001311302,0.0,5.5,6.15136003494263,1.20477890968323,-1.33936309814453,5.60434675216675,1.10109853744507,-0.75078451633453,"(5.604347, 1.101099, -0.750785)",truck body CS,9.4144401550293,0.1,6.15136003494263,1.20477890968323,-1.33936309814453,0.00003628125675,90.3817622677577,0.00000323313938
34,left road,34,-0.10500000417233,0.0,5.5,-0.05000000074506,0.0,-1.45000004768372,-0.10500000417233,0.0,5.5,6.15136003494263,1.20477890968323,-1.33936309814453,5.60877513885498,1.10029411315918,-0.74621832370758,"(5.608775, 1.100294, -0.746218)",truck body CS,9.3472146987915,0.1,6.15136003494263,1.20477890968323,-1.33936309814453,0.00003628125675,90.3817622677577,0.00000323313938
35,left road,35,-0.00499999895692,0.0,5.5,0.05000000074506,0.0,-1.45000004768372,-0.00499999895692,0.0,5.5,6.15136003494263,1.20477890968323,-1.33936309814453,5.61326503753662,1.09947562217712,-0.74157130718231,"(5.613265, 1.099476, -0.741571)",truck body CS,9.28057956695557,0.1,6.15136003494263,1.20477890968323,-1.33936309814453,0.00003628125675,90.3817622677577,0.00000323313938
36,left road,36,0.09500000625849,0.0,5.5,0.15000000596046,0.0,-1.45000004768372,0.09500000625849,0.0,5.5,6.15136003494263,1.20477890968323,-1.33936309814453,5.61781930923462,1.09864282608032,-0.73684293031693,"(5.617819, 1.098643, -0.736843)",truck body CS,9.2145471572876,0.1,6.15136003494263,1.20477890968323,-1.33936309814453,0.00003628125675,90.3817622677577,0.00000323313938
37,left road,37,0.19499999284744,0.0,5.5,0.25,0.0,-1.45000004768372,0.19499999284744,0.0,5.5,6.15136003494263,1.20477890968323,-1.33936309814453,5.62244749069214,1.09779703617096,-0.73204177618027,"(5.622447, 1.097797, -0.732042)",truck body CS,9.14913177490234,0.1,6.15136003494263,1.20477890968323,-1.33936309814453,0.00003628125675,90.3817622677577,0.00000323313938
38,left road,38,0.29499998688698,0.0,5.5,0.34999999403954,0.0,-1.45000004768372,0.29499998688698,0.0,5.5,6.15136003494263,1.20477890968323,-1.33936309814453,5.62714910507202,1.0969375371933,-0.72716242074966,"(5.627149, 1.096938, -0.727162)",truck body CS,9.0843448638916,0.1,6.15136003494263,1.20477890968323,-1.33936309814453,0.00003628125675,90.3817622677577,0.00000323313938
39,left road,39,0.39499998092651,0.0,5.5,0.44999998807907,0.0,-1.45000004768372,0.39499998092651,0.0,5.5,6.15136003494263,1.20477890968323,-1.33936309814453,5.63192796707153,1.09606420993805,-0.72220551967621,"(5.631928, 1.096064, -0.722206)",truck body CS,9.02020263671875,0.1,6.15136003494263,1.20477890968323,-1.33936309814453,0.00003628125675,90.3817622677577,0.00000323313938
40,left road,40,0.49500000476837,0.0,5.5,0.55000001192093,0.0,-1.45000004768372,0.49500000476837,0.0,5.5,6.15136003494263,1.20477890968323,-1.33936309814453,5.63678359985352,1.09517669677734,-0.71716606616974,"(5.636784, 1.095177, -0.717166)",truck body CS,8.9567174911499,0.1,6.15136003494263,1.20477890968323,-1.33936309814453,0.00003628125675,90.3817622677577,0.00000323313938
41,left road,41,0.59499996900558,0.0,5.5,0.64999997615814,0.0,-1.45000004768372,0.59499996900558,0.0,5.5,6.15136003494263,1.20477890968323,-1.33936309814453,5.64178943634033,1.09428954124451,-0.71213006973267,"(5.641789, 1.09429, -0.71213)",truck body CS,8.8939037322998,0.1,6.15136003494263,1.20477890968323,-1.33936309814453,0.00003628125675,90.3817622677577,0.00000323313938
42,left road,42,0.69499999284744,0.0,5.5,0.75,0.0,-1.45000004768372,0.69499999284744,0.0,5.5,6.15136003494263,1.20477890968323,-1.33936309814453,5.64693355560303,1.09340023994446,-0.70708215236664,"(5.646934, 1.0934, -0.707082)",truck body CS,8.83177471160889,0.1,6.15136003494263,1.20477890968323,-1.33936309814453,0.00003628125675,90.3817622677577,0.00000323313938
43,left road,43,0.7950000166893,0.0,5.5,0.85000002384186,0.0,-1.45000004768372,0.7950000166893,0.0,5.5,6.15136003494263,1.20477890968323,-1.33936309814453,5.65228652954102,1.09252500534058,-0.70211255550385,"(5.652287, 1.092525, -0.702113)",truck body CS,8.77034568786621,0.1,6.15136003494263,1.20477890968323,-1.33936309814453,0.00003628125675,90.3817622677577,0.00000323313938
44,left road,44,0.89499998092651,0.0,5.5,0.94999998807907,0.0,-1.45000004768372,0.89499998092651,0.0,5.5,6.15136003494263,1.20477890968323,-1.33936309814453,5.65807628631592,1.09171628952026,-0.69752240180969,"(5.658076, 1.091716, -0.697522)",truck body CS,8.70963287353516,0.1,6.15136003494263,1.20477890968323,-1.33936309814453,0.00003628125675,90.3817622677577,0.00000323313938
45,left road,45,0.99499994516373,0.0,5.5,1.04999995231628,0.0,-1.45000004768372,0.99499994516373,0.0,5.5,6.15136003494263,1.20477890968323,-1.33936309814453,5.66395044326782,1.09089612960815,-0.69286644458771,"(5.66395, 1.090896, -0.692866)",truck body CS,8.64964866638184,0.1,6.15136003494263,1.20477890968323,-1.33936309814453,0.00003628125675,90.3817622677577,0.00000323313938
46,left road,46,1.09500002861023,0.0,5.5,1.14999997615814,0.0,-1.45000004768372,1.09500002861023,0.0,5.5,6.15136003494263,1.20477890968323,-1.33936309814453,5.6710786819458,1.09034204483032,-0.6897212266922,"(5.671079, 1.090342, -0.689721)",truck body CS,8.59041118621826,0.1,6.15136003494263,1.20477890968323,-1.33936309814453,0.00003628125675,90.3817622677577,0.00000323313938
47,left road,47,1.19500005245209,0.0,5.5,1.25,0.0,-1.45000004768372,1.19500005245209,0.0,5.5,6.15136003494263,1.20477890968323,-1.33936309814453,5.68214225769043,1.09072279930115,-0.69188284873962,"(5.682142, 1.090723, -0.691883)",truck body CS,8.53193283081055,0.1,6.15136003494263,1.20477890968323,-1.33936309814453,0.00003628125675,90.3817622677577,0.00000323313938
48,left road,48,1.29500007629395,0.0,5.5,1.35000002384186,0.0,-1.45000004768372,1.29500007629395,0.0,5.5,6.15136003494263,1.20477890968323,-1.33936309814453,5.69313526153564,1.09110140800476,-0.69403183460236,"(5.693135, 1.091101, -0.694032)",truck body CS,8.4742317199707,0.1,6.15136003494263,1.20477890968323,-1.33936309814453,0.00003628125675,90.3817622677577,0.00000323313938
49,left road,49,1.3950001001358,0.0,5.5,1.45000004768372,0.0,-1.45000004768372,1.3950001001358,0.0,5.5,6.15136003494263,1.20477890968323,-1.33936309814453,5.70373296737671,1.09139561653137,-0.6957026720047,"(5.703733, 1.091396, -0.695703)",truck body CS,8.41732406616211,0.1,6.15136003494263,1.20477890968323,-1.33936309814453,0.00003628125675,90.3817622677577,0.00000323313938
50,left road,50,1.49500000476837,0.0,5.5,1.54999995231628,0.0,-1.45000004768372,1.49500000476837,0.0,5.5,6.15136003494263,1.20477890968323,-1.33936309814453,5.71426486968994,1.09168577194214,-0.69734942913055,"(5.714265, 1.091686, -0.697349)",truck body CS,8.36122417449951,0.1,6.15136003494263,1.20477890968323,-1.33936309814453,0.00003628125675,90.3817622677577,0.00000323313938
51,left road,51,1.59500002861023,0.0,5.5,1.64999997615814,0.0,-1.45000004768372,1.59500002861023,0.0,5.5,6.15136003494263,1.20477890968323,-1.33936309814453,5.72990083694458,1.09333801269531,-0.70672810077667,"(5.729901, 1.093338, -0.706728)",truck body CS,8.30594921112061,0.1,6.15136003494263,1.20477890968323,-1.33936309814453,0.00003628125675,90.3817622677577,0.00000323313938
52,left road,52,1.69500005245209,0.0,5.5,1.75,0.0,-1.45000004768372,1.69500005245209,0.0,5.5,6.15136003494263,1.20477890968323,-1.33936309814453,6.11863899230957,1.19593274593353,-1.28914439678192,"(6.118639, 1.195933, -1.289144)",EyeArea,8.25151634216309,0.1,6.15136003494263,1.20477890968323,-1.33936309814453,0.00003628125675,90.3817622677577,0.00000323313938
53,left road,53,1.79500007629395,0.0,5.5,1.85000002384186,0.0,-1.45000004768372,1.79500007629395,0.0,5.5,6.15136003494263,1.20477890968323,-1.33936309814453,6.11937618255615,1.19593358039856,-1.28914928436279,"(6.119376, 1.195934, -1.289149)",EyeArea,8.19794178009033,0.1,6.15136003494263,1.20477890968323,-1.33936309814453,0.00003628125675,90.3817622677577,0.00000323313938
54,left road,54,1.8950001001358,0.0,5.5,1.95000004768372,0.0,-1.45000004768372,1.8950001001358,0.0,5.5,6.15136003494263,1.20477890968323,-1.33936309814453,6.12011337280273,1.19593441486359,-1.28915417194366,"(6.120113, 1.195934, -1.289154)",EyeArea,8.14524269104004,0.1,6.15136003494263,1.20477890968323,-1.33936309814453,0.00003628125675,90.3817622677577,0.00000323313938
55,left road,55,1.99500000476837,0.0,5.5,2.04999995231628,0.0,-1.45000004768372,1.99500000476837,0.0,5.5,6.15136003494263,1.20477890968323,-1.33936309814453,6.12085056304932,1.19593524932861,-1.28915905952454,"(6.120851, 1.195935, -1.289159)",EyeArea,8.0934362411499,0.1,6.15136003494263,1.20477890968323,-1.33936309814453,0.00003628125675,90.3817622677577,0.00000323313938
56,left road,56,2.09500002861023,0.0,5.5,2.15000009536743,0.0,-1.45000004768372,2.09500002861023,0.0,5.5,6.15136003494263,1.20477890968323,-1.33936309814453,6.12158823013306,1.19593620300293,-1.28916394710541,"(6.121588, 1.195936, -1.289164)",EyeArea,8.0425386428833,0.1,6.15136003494263,1.20477890968323,-1.33936309814453,0.00003628125675,90.3817622677577,0.00000323313938
57,left road,57,2.1949999332428,0.0,5.5,2.25,0.0,-1.45000004768372,2.1949999332428,0.0,5.5,6.15136003494263,1.20477890968323,-1.33936309814453,6.12232446670532,1.19593703746796,-1.28916895389557,"(6.122324, 1.195937, -1.289169)",EyeArea,7.99256944656372,0.1,6.15136003494263,1.20477890968323,-1.33936309814453,0.00003628125675,90.3817622677577,0.00000323313938
58,left road,58,2.29499983787537,0.0,5.5,2.34999990463257,0.0,-1.45000004768372,2.29499983787537,0.0,5.5,6.15136003494263,1.20477890968323,-1.33936309814453,6.12306118011475,1.19593787193298,-1.28917384147644,"(6.123061, 1.195938, -1.289174)",EyeArea,7.94354391098022,0.1,6.15136003494263,1.20477890968323,-1.33936309814453,0.00003628125675,90.3817622677577,0.00000323313938
59,left road,59,2.39499998092651,0.0,5.5,2.45000004768372,0.0,-1.45000004768372,2.39499998092651,0.0,5.5,6.15136003494263,1.20477890968323,-1.33936309814453,6.12379741668701,1.19593870639801,-1.28917872905731,"(6.123797, 1.195939, -1.289179)",EyeArea,7.89548110961914,0.1,6.15136003494263,1.20477890968323,-1.33936309814453,0.00003628125675,90.3817622677577,0.00000323313938
60,left road,60,2.49499988555908,0.0,5.5,2.54999995231628,0.0,-1.45000004768372,2.49499988555908,0.0,5.5,6.15136003494263,1.20477890968323,-1.33936309814453,6.12453413009644,1.19593966007233,-1.28918361663818,"(6.124534, 1.19594, -1.289184)",EyeArea,7.84839773178101,0.1,6.15136003494263,1.20477890968323,-1.33936309814453,0.00003628125675,90.3817622677577,0.00000323313938
61,left road,61,2.59500002861023,0.0,5.5,2.65000009536743,0.0,-1.45000004768372,2.59500002861023,0.0,5.5,6.15136003494263,1.20477890968323,-1.33936309814453,6.1252703666687,1.19594049453735,-1.28918850421906,"(6.12527, 1.19594, -1.289189)",EyeArea,7.80231237411499,0.1,6.15136003494263,1.20477890968323,-1.33936309814453,0.00003628125675,90.3817622677577,0.00000323313938
62,left road,62,2.6949999332428,0.0,5.5,2.75,0.0,-1.45000004768372,2.6949999332428,0.0,5.5,6.15136003494263,1.20477890968323,-1.33936309814453,6.12600612640381,1.19594132900238,-1.28919339179993,"(6.126006, 1.195941, -1.289193)",EyeArea,7.75724220275879,0.1,6.15136003494263,1.20477890968323,-1.33936309814453,0.00003628125675,90.3817622677577,0.00000323313938
63,left road,63,2.79499983787537,0.0,5.5,2.84999990463257,0.0,-1.45000004768372,2.79499983787537,0.0,5.5,6.15136003494263,1.20477890968323,-1.33936309814453,6.12674188613892,1.19594216346741,-1.28919839859009,"(6.126742, 1.195942, -1.289198)",EyeArea,7.71320486068726,0.1,6.15136003494263,1.20477890968323,-1.33936309814453,0.00003628125675,90.3817622677577,0.00000323313938
64,left road,64,2.89499998092651,0.0,5.5,2.95000004768372,0.0,-1.45000004768372,2.89499998092651,0.0,5.5,6.15136003494263,1.20477890968323,-1.33936309814453,6.12747764587402,1.19594299793243,-1.28920328617096,"(6.127478, 1.195943, -1.289203)",EyeArea,7.67021894454956,0.1,6.15136003494263,1.20477890968323,-1.33936309814453,0.00003628125675,90.3817622677577,0.00000323313938
65,left road,65,2.99499988555908,0.0,5.5,3.04999995231628,0.0,-1.45000004768372,2.99499988555908,0.0,5.5,6.15136003494263,1.20477890968323,-1.33936309814453,6.12821340560913,1.19594395160675,-1.28920817375183,"(6.128213, 1.195944, -1.289208)",EyeArea,7.6283016204834,0.1,6.15136003494263,1.20477890968323,-1.33936309814453,0.00003628125675,90.3817622677577,0.00000323313938
66,left road,66,3.09500002861023,0.0,5.5,3.15000009536743,0.0,-1.45000004768372,3.09500002861023,0.0,5.5,6.15136003494263,1.20477890968323,-1.33936309814453,6.12894916534424,1.19594478607178,-1.2892130613327,"(6.128949, 1.195945, -1.289213)",EyeArea,7.58747100830078,0.1,6.15136003494263,1.20477890968323,-1.33936309814453,0.00003628125675,90.3817622677577,0.00000323313938
67,left road,67,3.1949999332428,0.0,5.5,3.25,0.0,-1.45000004768372,3.1949999332428,0.0,5.5,6.15136003494263,1.20477890968323,-1.33936309814453,6.12968444824219,1.1959456205368,-1.28921794891357,"(6.129684, 1.195946, -1.289218)",EyeArea,7.5477442741394,0.1,6.15136003494263,1.20477890968323,-1.33936309814453,0.00003628125675,90.3817622677577,0.00000323313938
68,left road,68,3.29499983787537,0.0,5.5,3.34999990463257,0.0,-1.45000004768372,3.29499983787537,0.0,5.5,6.15136003494263,1.20477890968323,-1.33936309814453,6.13041973114014,1.19594645500183,-1.28922283649445,"(6.13042, 1.195946, -1.289223)",EyeArea,7.50913906097412,0.1,6.15136003494263,1.20477890968323,-1.33936309814453,0.00003628125675,90.3817622677577,0.00000323313938
69,left road,69,3.39499998092651,0.0,5.5,3.45000004768372,0.0,-1.45000004768372,3.39499998092651,0.0,5.5,6.15136003494263,1.20477890968323,-1.33936309814453,6.13115501403809,1.19594740867615,-1.28922772407532,"(6.131155, 1.195947, -1.289228)",EyeArea,7.47167301177979,0.1,6.15136003494263,1.20477890968323,-1.33936309814453,0.00003628125675,90.3817622677577,0.00000323313938
70,left road,70,-3.50500011444092,0.0,5.59999990463257,-3.45000004768372,0.0,-1.35000002384186,-3.50500011444092,0.0,5.59999990463257,6.15136003494263,1.20477890968323,-1.33936309814453,6.10159778594971,1.19857025146484,-1.30360209941864,"(6.101598, 1.19857, -1.303602)",EyeArea,11.952052116394,0.1,6.15136003494263,1.20477890968323,-1.33936309814453,0.00003628125675,90.3817622677577,0.00000323313938
71,left road,71,-3.40499997138977,0.0,5.59999990463257,-3.34999990463257,0.0,-1.35000002384186,-3.40499997138977,0.0,5.59999990463257,6.15136003494263,1.20477890968323,-1.33936309814453,6.1016001701355,1.19850540161133,-1.30322885513306,"(6.1016, 1.198505, -1.303229)",EyeArea,11.8714056015015,0.1,6.15136003494263,1.20477890968323,-1.33936309814453,0.00003628125675,90.3817622677577,0.00000323313938
72,left road,72,-3.3050000667572,0.0,5.59999990463257,-3.25,0.0,-1.35000002384186,-3.3050000667572,0.0,5.59999990463257,6.15136003494263,1.20477890968323,-1.33936309814453,6.10160255432129,1.19843971729279,-1.30285024642944,"(6.101603, 1.19844, -1.30285)",EyeArea,11.7910556793213,0.1,6.15136003494263,1.20477890968323,-1.33936309814453,0.00003628125675,90.3817622677577,0.00000323313938
73,left road,73,-3.20500016212463,0.0,5.59999990463257,-3.15000009536743,0.0,-1.35000002384186,-3.20500016212463,0.0,5.59999990463257,6.15136003494263,1.20477890968323,-1.33936309814453,6.10160541534424,1.19837212562561,-1.30246114730835,"(6.101605, 1.198372, -1.302461)",EyeArea,11.7110090255737,0.1,6.15136003494263,1.20477890968323,-1.33936309814453,0.00003628125675,90.3817622677577,0.00000323313938
74,left road,74,-3.10500001907349,0.0,5.59999990463257,-3.04999995231628,0.0,-1.35000002384186,-3.10500001907349,0.0,5.59999990463257,6.15136003494263,1.20477890968323,-1.33936309814453,6.10160779953003,1.19830334186554,-1.30206489562988,"(6.101608, 1.198303, -1.302065)",EyeArea,11.6312704086304,0.1,6.15136003494263,1.20477890968323,-1.33936309814453,0.00003628125675,90.3817622677577,0.00000323313938
75,left road,75,-3.00500011444092,0.0,5.59999990463257,-2.95000004768372,0.0,-1.35000002384186,-3.00500011444092,0.0,5.59999990463257,6.15136003494263,1.20477890968323,-1.33936309814453,6.10161066055298,1.19823288917542,-1.30165910720825,"(6.101611, 1.198233, -1.301659)",EyeArea,11.5518474578857,0.1,6.15136003494263,1.20477890968323,-1.33936309814453,0.00003628125675,90.3817622677577,0.00000323313938
76,left road,76,-2.90499997138977,0.0,5.59999990463257,-2.84999990463257,0.0,-1.35000002384186,-2.90499997138977,0.0,5.59999990463257,6.15136003494263,1.20477890968323,-1.33936309814453,6.10161352157593,1.19816088676453,-1.30124425888062,"(6.101614, 1.198161, -1.301244)",EyeArea,11.4727468490601,0.1,6.15136003494263,1.20477890968323,-1.33936309814453,0.00003628125675,90.3817622677577,0.00000323313938
77,left road,77,-2.8050000667572,0.0,5.59999990463257,-2.75,0.0,-1.35000002384186,-2.8050000667572,0.0,5.59999990463257,6.15136003494263,1.20477890968323,-1.33936309814453,6.10161590576172,1.19808757305145,-1.30082178115845,"(6.101616, 1.198088, -1.300822)",EyeArea,11.3939733505249,0.1,6.15136003494263,1.20477890968323,-1.33936309814453,0.00003628125675,90.3817622677577,0.00000323313938
78,left road,78,-2.70500016212463,0.0,5.59999990463257,-2.65000009536743,0.0,-1.35000002384186,-2.70500016212463,0.0,5.59999990463257,6.15136003494263,1.20477890968323,-1.33936309814453,6.10161876678467,1.19801235198975,-1.3003888130188,"(6.101619, 1.198012, -1.300389)",EyeArea,11.3155364990234,0.1,6.15136003494263,1.20477890968323,-1.33936309814453,0.00003628125675,90.3817622677577,0.00000323313938
79,left road,79,-2.60500001907349,0.0,5.59999990463257,-2.54999995231628,0.0,-1.35000002384186,-2.60500001907349,0.0,5.59999990463257,6.15136003494263,1.20477890968323,-1.33936309814453,6.10162210464478,1.19793546199799,-1.29994583129883,"(6.101622, 1.197935, -1.299946)",EyeArea,11.2374410629272,0.1,6.15136003494263,1.20477890968323,-1.33936309814453,0.00003628125675,90.3817622677577,0.00000323313938
80,left road,80,-2.50500011444092,0.0,5.59999990463257,-2.45000004768372,0.0,-1.35000002384186,-2.50500011444092,0.0,5.59999990463257,6.15136003494263,1.20477890968323,-1.33936309814453,6.10162496566772,1.19785666465759,-1.29949247837067,"(6.101625, 1.197857, -1.299492)",EyeArea,11.1596965789795,0.1,6.15136003494263,1.20477890968323,-1.33936309814453,0.00003628125675,90.3817622677577,0.00000323313938
81,left road,81,-2.40499997138977,0.0,5.59999990463257,-2.34999990463257,0.0,-1.35000002384186,-2.40499997138977,0.0,5.59999990463257,6.15136003494263,1.20477890968323,-1.33936309814453,6.10162782669067,1.19777631759644,-1.29902946949005,"(6.101628, 1.197776, -1.299029)",EyeArea,11.0823078155518,0.1,6.15136003494263,1.20477890968323,-1.33936309814453,0.00003628125675,90.3817622677577,0.00000323313938
82,left road,82,-2.3050000667572,0.0,5.59999990463257,-2.25,0.0,-1.35000002384186,-2.3050000667572,0.0,5.59999990463257,6.15136003494263,1.20477890968323,-1.33936309814453,6.10163116455078,1.19769394397736,-1.29855501651764,"(6.101631, 1.197694, -1.298555)",EyeArea,11.0052833557129,0.1,6.15136003494263,1.20477890968323,-1.33936309814453,0.00003628125675,90.3817622677577,0.00000323313938
83,left road,83,-2.20500016212463,0.0,5.59999990463257,-2.15000009536743,0.0,-1.35000002384186,-2.20500016212463,0.0,5.59999990463257,6.15136003494263,1.20477890968323,-1.33936309814453,5.56445026397705,1.12016105651855,-0.85197675228119,"(5.56445, 1.120161, -0.851977)",truck body CS,10.9286327362061,0.1,6.15136003494263,1.20477890968323,-1.33936309814453,0.00003628125675,90.3817622677577,0.00000323313938
84,left road,84,-2.10500001907349,0.0,5.59999990463257,-2.04999995231628,0.0,-1.35000002384186,-2.10500001907349,0.0,5.59999990463257,6.15136003494263,1.20477890968323,-1.33936309814453,5.56587266921997,1.11934399604797,-0.84726959466934,"(5.565873, 1.119344, -0.84727)",truck body CS,10.8523607254028,0.1,6.15136003494263,1.20477890968323,-1.33936309814453,0.00003628125675,90.3817622677577,0.00000323313938
85,left road,85,-2.00500011444092,0.0,5.59999990463257,-1.95000004768372,0.0,-1.35000002384186,-2.00500011444092,0.0,5.59999990463257,6.15136003494263,1.20477890968323,-1.33936309814453,5.56732273101807,1.11851048469543,-0.84246933460236,"(5.567323, 1.11851, -0.842469)",truck body CS,10.7764778137207,0.1,6.15136003494263,1.20477890968323,-1.33936309814453,0.00003628125675,90.3817622677577,0.00000323313938
86,left road,86,-1.90499997138977,0.0,5.59999990463257,-1.85000002384186,0.0,-1.35000002384186,-1.90499997138977,0.0,5.59999990463257,6.15136003494263,1.20477890968323,-1.33936309814453,5.56880187988281,1.11766076087952,-0.8375746011734,"(5.568802, 1.117661, -0.837575)",truck body CS,10.7009897232056,0.1,6.15136003494263,1.20477890968323,-1.33936309814453,0.00003628125675,90.3817622677577,0.00000323313938
87,left road,87,-1.80499994754791,0.0,5.59999990463257,-1.75,0.0,-1.35000002384186,-1.80499994754791,0.0,5.59999990463257,6.15136003494263,1.20477890968323,-1.33936309814453,5.57030868530273,1.11679422855377,-0.83258301019669,"(5.570309, 1.116794, -0.832583)",truck body CS,10.6259078979492,0.1,6.15136003494263,1.20477890968323,-1.33936309814453,0.00003628125675,90.3817622677577,0.00000323313938
88,left road,88,-1.70499992370605,0.0,5.59999990463257,-1.64999997615814,0.0,-1.35000002384186,-1.70499992370605,0.0,5.59999990463257,6.15136003494263,1.20477890968323,-1.33936309814453,5.57184600830078,1.11591005325317,-0.82749032974243,"(5.571846, 1.11591, -0.82749)",truck body CS,10.5512390136719,0.1,6.15136003494263,1.20477890968323,-1.33936309814453,0.00003628125675,90.3817622677577,0.00000323313938
89,left road,89,-1.6049998998642,0.0,5.59999990463257,-1.54999995231628,0.0,-1.35000002384186,-1.6049998998642,0.0,5.59999990463257,6.15136003494263,1.20477890968323,-1.33936309814453,5.57341480255127,1.11500799655914,-0.82229536771774,"(5.573415, 1.115008, -0.822295)",truck body CS,10.4769926071167,0.1,6.15136003494263,1.20477890968323,-1.33936309814453,0.00003628125675,90.3817622677577,0.00000323313938
90,left road,90,-1.50499999523163,0.0,5.59999990463257,-1.45000004768372,0.0,-1.35000002384186,-1.50499999523163,0.0,5.59999990463257,6.15136003494263,1.20477890968323,-1.33936309814453,5.575026512146,1.114089012146,-0.8170023560524,"(5.575027, 1.114089, -0.817002)",truck body CS,10.4031772613525,0.1,6.15136003494263,1.20477890968323,-1.33936309814453,0.00003628125675,90.3817622677577,0.00000323313938
91,left road,91,-1.40499997138977,0.0,5.59999990463257,-1.35000002384186,0.0,-1.35000002384186,-1.40499997138977,0.0,5.59999990463257,6.15136003494263,1.20477890968323,-1.33936309814453,5.57667255401611,1.11315131187439,-0.81160032749176,"(5.576673, 1.113151, -0.8116)",truck body CS,10.3298034667969,0.1,6.15136003494263,1.20477890968323,-1.33936309814453,0.00003628125675,90.3817622677577,0.00000323313938
92,left road,92,-1.30499994754791,0.0,5.59999990463257,-1.25,0.0,-1.35000002384186,-1.30499994754791,0.0,5.59999990463257,6.15136003494263,1.20477890968323,-1.33936309814453,5.57835388183594,1.1121940612793,-0.80608808994293,"(5.578354, 1.112194, -0.806088)",truck body CS,10.2568778991699,0.1,6.15136003494263,1.20477890968323,-1.33936309814453,0.00003628125675,90.3817622677577,0.00000323313938
93,left road,93,-1.20499992370605,0.0,5.59999990463257,-1.14999997615814,0.0,-1.35000002384186,-1.20499992370605,0.0,5.59999990463257,6.15136003494263,1.20477890968323,-1.33936309814453,5.58006906509399,1.11121642589569,-0.80045580863953,"(5.580069, 1.111216, -0.800456)",truck body CS,10.1844139099121,0.1,6.15136003494263,1.20477890968323,-1.33936309814453,0.00003628125675,90.3817622677577,0.00000323313938
94,left road,94,-1.1049998998642,0.0,5.59999990463257,-1.04999995231628,0.0,-1.35000002384186,-1.1049998998642,0.0,5.59999990463257,6.15136003494263,1.20477890968323,-1.33936309814453,5.58182096481323,1.1102180480957,-0.79470485448837,"(5.581821, 1.110218, -0.794705)",truck body CS,10.112419128418,0.1,6.15136003494263,1.20477890968323,-1.33936309814453,0.00003628125675,90.3817622677577,0.00000323313938
95,left road,95,-1.00499999523163,0.0,5.59999990463257,-0.94999998807907,0.0,-1.35000002384186,-1.00499999523163,0.0,5.59999990463257,6.15136003494263,1.20477890968323,-1.33936309814453,5.58361148834229,1.10919797420502,-0.78883010149002,"(5.583611, 1.109198, -0.78883)",truck body CS,10.0409030914307,0.1,6.15136003494263,1.20477890968323,-1.33936309814453,0.00003628125675,90.3817622677577,0.00000323313938
96,left road,96,-0.90500003099442,0.0,5.59999990463257,-0.85000002384186,0.0,-1.35000002384186,-0.90500003099442,0.0,5.59999990463257,6.15136003494263,1.20477890968323,-1.33936309814453,5.58544158935547,1.10815596580505,-0.78282761573792,"(5.585442, 1.108156, -0.782828)",truck body CS,9.96987819671631,0.1,6.15136003494263,1.20477890968323,-1.33936309814453,0.00003628125675,90.3817622677577,0.00000323313938
97,left road,97,-0.80500000715256,0.0,5.59999990463257,-0.75,0.0,-1.35000002384186,-0.80500000715256,0.0,5.59999990463257,6.15136003494263,1.20477890968323,-1.33936309814453,5.58731031417847,1.10709059238434,-0.7766922712326,"(5.58731, 1.107091, -0.776692)",truck body CS,9.89935302734375,0.1,6.15136003494263,1.20477890968323,-1.33936309814453,0.00003628125675,90.3817622677577,0.00000323313938
98,left road,98,-0.7049999833107,0.0,5.59999990463257,-0.64999997615814,0.0,-1.35000002384186,-0.7049999833107,0.0,5.59999990463257,6.15136003494263,1.20477890968323,-1.33936309814453,5.58941555023193,1.1060357093811,-0.77061647176743,"(5.589416, 1.106036, -0.770616)",truck body CS,9.8293399810791,0.1,6.15136003494263,1.20477890968323,-1.33936309814453,0.00003628125675,90.3817622677577,0.00000323313938
99,left road,99,-0.60500001907349,0.0,5.59999990463257,-0.55000001192093,0.0,-1.35000002384186,-0.60500001907349,0.0,5.59999990463257,6.15136003494263,1.20477890968323,-1.33936309814453,5.59311866760254,1.10523450374603,-0.76600140333176,"(5.593119, 1.105235, -0.766001)",truck body CS,9.75984954833984,0.1,6.15136003494263,1.20477890968323,-1.33936309814453,0.00003628125675,90.3817622677577,0.00000323313938
100,left road,100,-0.50499999523163,0.0,5.59999990463257,-0.44999998807907,0.0,-1.35000002384186,-0.50499999523163,0.0,5.59999990463257,6.15136003494263,1.20477890968323,-1.33936309814453,5.59688186645508,1.1044203042984,-0.76131170988083,"(5.596882, 1.10442, -0.761312)",truck body CS,9.69089126586914,0.1,6.15136003494263,1.20477890968323,-1.33936309814453,0.00003628125675,90.3817622677577,0.00000323313938
101,left road,101,-0.40500000119209,0.0,5.59999990463257,-0.34999999403954,0.0,-1.35000002384186,-0.40500000119209,0.0,5.59999990463257,6.15136003494263,1.20477890968323,-1.33936309814453,5.6007080078125,1.10359275341034,-0.75654435157776,"(5.600708, 1.103593, -0.756544)",truck body CS,9.62247943878174,0.1,6.15136003494263,1.20477890968323,-1.33936309814453,0.00003628125675,90.3817622677577,0.00000323313938
102,left road,102,-0.30500000715256,0.0,5.59999990463257,-0.25,0.0,-1.35000002384186,-0.30500000715256,0.0,5.59999990463257,6.15136003494263,1.20477890968323,-1.33936309814453,5.6045970916748,1.10275101661682,-0.75169622898102,"(5.604597, 1.102751, -0.751696)",truck body CS,9.5546236038208,0.1,6.15136003494263,1.20477890968323,-1.33936309814453,0.00003628125675,90.3817622677577,0.00000323313938
103,left road,103,-0.20500001311302,0.0,5.59999990463257,-0.15000000596046,0.0,-1.35000002384186,-0.20500001311302,0.0,5.59999990463257,6.15136003494263,1.20477890968323,-1.33936309814453,5.60887432098389,1.10195660591125,-0.74712038040161,"(5.608874, 1.101957, -0.74712)",truck body CS,9.48733711242676,0.1,6.15136003494263,1.20477890968323,-1.33936309814453,0.00003628125675,90.3817622677577,0.00000323313938
104,left road,104,-0.10500000417233,0.0,5.59999990463257,-0.05000000074506,0.0,-1.35000002384186,-0.10500000417233,0.0,5.59999990463257,6.15136003494263,1.20477890968323,-1.33936309814453,5.61329984664917,1.1011655330658,-0.74256330728531,"(5.6133, 1.101166, -0.742563)",truck body CS,9.42063140869141,0.1,6.15136003494263,1.20477890968323,-1.33936309814453,0.00003628125675,90.3817622677577,0.00000323313938
105,left road,105,-0.00499999895692,0.0,5.59999990463257,0.05000000074506,0.0,-1.35000002384186,-0.00499999895692,0.0,5.59999990463257,6.15136003494263,1.20477890968323,-1.33936309814453,5.61779499053955,1.10036206245422,-0.73793649673462,"(5.617795, 1.100362, -0.737936)",truck body CS,9.35451889038086,0.1,6.15136003494263,1.20477890968323,-1.33936309814453,0.00003628125675,90.3817622677577,0.00000323313938
106,left road,106,0.09500000625849,0.0,5.59999990463257,0.15000000596046,0.0,-1.35000002384186,0.09500000625849,0.0,5.59999990463257,6.15136003494263,1.20477890968323,-1.33936309814453,5.62235975265503,1.09954607486725,-0.73323625326157,"(5.62236, 1.099546, -0.733236)",truck body CS,9.28901195526123,0.1,6.15136003494263,1.20477890968323,-1.33936309814453,0.00003628125675,90.3817622677577,0.00000323313938
107,left road,107,0.19499999284744,0.0,5.59999990463257,0.25,0.0,-1.35000002384186,0.19499999284744,0.0,5.59999990463257,6.15136003494263,1.20477890968323,-1.33936309814453,5.62698554992676,1.0987149477005,-0.72844976186752,"(5.626986, 1.098715, -0.72845)",truck body CS,9.22412490844727,0.1,6.15136003494263,1.20477890968323,-1.33936309814453,0.00003628125675,90.3817622677577,0.00000323313938
108,left road,108,0.29499998688698,0.0,5.59999990463257,0.34999999403954,0.0,-1.35000002384186,0.29499998688698,0.0,5.59999990463257,6.15136003494263,1.20477890968323,-1.33936309814453,5.63168430328369,1.09787058830261,-0.72358560562134,"(5.631684, 1.097871, -0.723586)",truck body CS,9.15986919403076,0.1,6.15136003494263,1.20477890968323,-1.33936309814453,0.00003628125675,90.3817622677577,0.00000323313938
109,left road,109,0.39499998092651,0.0,5.59999990463257,0.44999998807907,0.0,-1.35000002384186,0.39499998092651,0.0,5.59999990463257,6.15136003494263,1.20477890968323,-1.33936309814453,5.63645648956299,1.09701216220856,-0.71864092350006,"(5.636456, 1.097012, -0.718641)",truck body CS,9.09625911712646,0.1,6.15136003494263,1.20477890968323,-1.33936309814453,0.00003628125675,90.3817622677577,0.00000323313938
110,left road,110,0.49500000476837,0.0,5.59999990463257,0.55000001192093,0.0,-1.35000002384186,0.49500000476837,0.0,5.59999990463257,6.15136003494263,1.20477890968323,-1.33936309814453,5.64130735397339,1.09614014625549,-0.71361792087555,"(5.641307, 1.09614, -0.713618)",truck body CS,9.0333080291748,0.1,6.15136003494263,1.20477890968323,-1.33936309814453,0.00003628125675,90.3817622677577,0.00000323313938
111,left road,111,0.59499996900558,0.0,5.59999990463257,0.64999997615814,0.0,-1.35000002384186,0.59499996900558,0.0,5.59999990463257,6.15136003494263,1.20477890968323,-1.33936309814453,5.64625072479248,1.09525668621063,-0.70853018760681,"(5.646251, 1.095257, -0.70853)",truck body CS,8.97103023529053,0.1,6.15136003494263,1.20477890968323,-1.33936309814453,0.00003628125675,90.3817622677577,0.00000323313938
112,left road,112,0.69499999284744,0.0,5.59999990463257,0.75,0.0,-1.35000002384186,0.69499999284744,0.0,5.59999990463257,6.15136003494263,1.20477890968323,-1.33936309814453,5.6513843536377,1.09438300132751,-0.70349740982056,"(5.651384, 1.094383, -0.703497)",truck body CS,8.90943908691406,0.1,6.15136003494263,1.20477890968323,-1.33936309814453,0.00003628125675,90.3817622677577,0.00000323313938
113,left road,113,0.7950000166893,0.0,5.59999990463257,0.85000002384186,0.0,-1.35000002384186,0.7950000166893,0.0,5.59999990463257,6.15136003494263,1.20477890968323,-1.33936309814453,5.65676546096802,1.09353232383728,-0.69859826564789,"(5.656765, 1.093532, -0.698598)",truck body CS,8.84855079650879,0.1,6.15136003494263,1.20477890968323,-1.33936309814453,0.00003628125675,90.3817622677577,0.00000323313938
114,left road,114,0.89499998092651,0.0,5.59999990463257,0.94999998807907,0.0,-1.35000002384186,0.89499998092651,0.0,5.59999990463257,6.15136003494263,1.20477890968323,-1.33936309814453,5.66253423690796,1.09273815155029,-0.69402384757996,"(5.662534, 1.092738, -0.694024)",truck body CS,8.7883768081665,0.1,6.15136003494263,1.20477890968323,-1.33936309814453,0.00003628125675,90.3817622677577,0.00000323313938
115,left road,115,0.99499994516373,0.0,5.59999990463257,1.04999995231628,0.0,-1.35000002384186,0.99499994516373,0.0,5.59999990463257,6.15136003494263,1.20477890968323,-1.33936309814453,5.66845464706421,1.09194850921631,-0.68947613239288,"(5.668455, 1.091949, -0.689476)",truck body CS,8.72893524169922,0.1,6.15136003494263,1.20477890968323,-1.33936309814453,0.00003628125675,90.3817622677577,0.00000323313938
116,left road,116,1.09500002861023,0.0,5.59999990463257,1.14999997615814,0.0,-1.35000002384186,1.09500002861023,0.0,5.59999990463257,6.15136003494263,1.20477890968323,-1.33936309814453,5.67937421798706,1.09231877326965,-0.69160866737366,"(5.679374, 1.092319, -0.691609)",truck body CS,8.67023754119873,0.1,6.15136003494263,1.20477890968323,-1.33936309814453,0.00003628125675,90.3817622677577,0.00000323313938
117,left road,117,1.19500005245209,0.0,5.59999990463257,1.25,0.0,-1.35000002384186,1.19500005245209,0.0,5.59999990463257,6.15136003494263,1.20477890968323,-1.33936309814453,5.69012928009033,1.09266424179077,-0.69359743595123,"(5.690129, 1.092664, -0.693597)",truck body CS,8.61230278015137,0.1,6.15136003494263,1.20477890968323,-1.33936309814453,0.00003628125675,90.3817622677577,0.00000323313938
118,left road,118,1.29500007629395,0.0,5.59999990463257,1.35000002384186,0.0,-1.35000002384186,1.29500007629395,0.0,5.59999990463257,6.15136003494263,1.20477890968323,-1.33936309814453,5.70057916641235,1.09294807910919,-0.69523251056671,"(5.700579, 1.092948, -0.695233)",truck body CS,8.55514335632324,0.1,6.15136003494263,1.20477890968323,-1.33936309814453,0.00003628125675,90.3817622677577,0.00000323313938
119,left road,119,1.3950001001358,0.0,5.59999990463257,1.45000004768372,0.0,-1.35000002384186,1.3950001001358,0.0,5.59999990463257,6.15136003494263,1.20477890968323,-1.33936309814453,5.71097564697266,1.09323024749756,-0.69685757160187,"(5.710976, 1.09323, -0.696858)",truck body CS,8.49877738952637,0.1,6.15136003494263,1.20477890968323,-1.33936309814453,0.00003628125675,90.3817622677577,0.00000323313938
120,left road,120,1.49500000476837,0.0,5.59999990463257,1.54999995231628,0.0,-1.35000002384186,1.49500000476837,0.0,5.59999990463257,6.15136003494263,1.20477890968323,-1.33936309814453,5.72434759140015,1.09429442882538,-0.70298755168915,"(5.724348, 1.094294, -0.702988)",truck body CS,8.44321823120117,0.1,6.15136003494263,1.20477890968323,-1.33936309814453,0.00003628125675,90.3817622677577,0.00000323313938
121,left road,121,1.59500002861023,0.0,5.59999990463257,1.64999997615814,0.0,-1.35000002384186,1.59500002861023,0.0,5.59999990463257,6.15136003494263,1.20477890968323,-1.33936309814453,6.11838626861572,1.19605994224548,-1.28914260864258,"(6.118386, 1.19606, -1.289143)",EyeArea,8.38848400115967,0.1,6.15136003494263,1.20477890968323,-1.33936309814453,0.00003628125675,90.3817622677577,0.00000323313938
122,left road,122,1.69500005245209,0.0,5.59999990463257,1.75,0.0,-1.35000002384186,1.69500005245209,0.0,5.59999990463257,6.15136003494263,1.20477890968323,-1.33936309814453,6.11911201477051,1.19606065750122,-1.28914749622345,"(6.119112, 1.196061, -1.289147)",EyeArea,8.33458995819092,0.1,6.15136003494263,1.20477890968323,-1.33936309814453,0.00003628125675,90.3817622677577,0.00000323313938
123,left road,123,1.79500007629395,0.0,5.59999990463257,1.85000002384186,0.0,-1.35000002384186,1.79500007629395,0.0,5.59999990463257,6.15136003494263,1.20477890968323,-1.33936309814453,6.11983919143677,1.19606149196625,-1.28915238380432,"(6.119839, 1.196061, -1.289152)",EyeArea,8.28155326843262,0.1,6.15136003494263,1.20477890968323,-1.33936309814453,0.00003628125675,90.3817622677577,0.00000323313938
124,left road,124,1.8950001001358,0.0,5.59999990463257,1.95000004768372,0.0,-1.35000002384186,1.8950001001358,0.0,5.59999990463257,6.15136003494263,1.20477890968323,-1.33936309814453,6.12056541442871,1.19606244564056,-1.2891571521759,"(6.120565, 1.196062, -1.289157)",EyeArea,8.22939014434814,0.1,6.15136003494263,1.20477890968323,-1.33936309814453,0.00003628125675,90.3817622677577,0.00000323313938
125,left road,125,1.99500000476837,0.0,5.59999990463257,2.04999995231628,0.0,-1.35000002384186,1.99500000476837,0.0,5.59999990463257,6.15136003494263,1.20477890968323,-1.33936309814453,6.12129211425781,1.1960631608963,-1.28916203975677,"(6.121292, 1.196063, -1.289162)",EyeArea,8.17811584472656,0.1,6.15136003494263,1.20477890968323,-1.33936309814453,0.00003628125675,90.3817622677577,0.00000323313938
126,left road,126,2.09500002861023,0.0,5.59999990463257,2.15000009536743,0.0,-1.35000002384186,2.09500002861023,0.0,5.59999990463257,6.15136003494263,1.20477890968323,-1.33936309814453,6.12201881408691,1.19606399536133,-1.28916692733765,"(6.122019, 1.196064, -1.289167)",EyeArea,8.1277494430542,0.1,6.15136003494263,1.20477890968323,-1.33936309814453,0.00003628125675,90.3817622677577,0.00000323313938
127,left road,127,2.1949999332428,0.0,5.59999990463257,2.25,0.0,-1.35000002384186,2.1949999332428,0.0,5.59999990463257,6.15136003494263,1.20477890968323,-1.33936309814453,6.1227445602417,1.19606494903564,-1.28917169570923,"(6.122745, 1.196065, -1.289172)",EyeArea,8.07830619812012,0.1,6.15136003494263,1.20477890968323,-1.33936309814453,0.00003628125675,90.3817622677577,0.00000323313938
128,left road,128,2.29499983787537,0.0,5.59999990463257,2.34999990463257,0.0,-1.35000002384186,2.29499983787537,0.0,5.59999990463257,6.15136003494263,1.20477890968323,-1.33936309814453,6.12347030639648,1.19606578350067,-1.2891765832901,"(6.12347, 1.196066, -1.289177)",EyeArea,8.02980518341064,0.1,6.15136003494263,1.20477890968323,-1.33936309814453,0.00003628125675,90.3817622677577,0.00000323313938
129,left road,129,2.39499998092651,0.0,5.59999990463257,2.45000004768372,0.0,-1.35000002384186,2.39499998092651,0.0,5.59999990463257,6.15136003494263,1.20477890968323,-1.33936309814453,6.12419605255127,1.1960666179657,-1.28918135166168,"(6.124196, 1.196067, -1.289181)",EyeArea,7.98226118087769,0.1,6.15136003494263,1.20477890968323,-1.33936309814453,0.00003628125675,90.3817622677577,0.00000323313938
130,left road,130,2.49499988555908,0.0,5.59999990463257,2.54999995231628,0.0,-1.35000002384186,2.49499988555908,0.0,5.59999990463257,6.15136003494263,1.20477890968323,-1.33936309814453,6.12492179870605,1.19606745243073,-1.28918623924255,"(6.124922, 1.196067, -1.289186)",EyeArea,7.93569278717041,0.1,6.15136003494263,1.20477890968323,-1.33936309814453,0.00003628125675,90.3817622677577,0.00000323313938
131,left road,131,2.59500002861023,0.0,5.59999990463257,2.65000009536743,0.0,-1.35000002384186,2.59500002861023,0.0,5.59999990463257,6.15136003494263,1.20477890968323,-1.33936309814453,6.12564706802368,1.19606828689575,-1.28919100761414,"(6.125647, 1.196068, -1.289191)",EyeArea,7.89011716842651,0.1,6.15136003494263,1.20477890968323,-1.33936309814453,0.00003628125675,90.3817622677577,0.00000323313938
132,left road,132,2.6949999332428,0.0,5.59999990463257,2.75,0.0,-1.35000002384186,2.6949999332428,0.0,5.59999990463257,6.15136003494263,1.20477890968323,-1.33936309814453,6.12637281417847,1.19606912136078,-1.28919589519501,"(6.126373, 1.196069, -1.289196)",EyeArea,7.84555149078369,0.1,6.15136003494263,1.20477890968323,-1.33936309814453,0.00003628125675,90.3817622677577,0.00000323313938
133,left road,133,2.79499983787537,0.0,5.59999990463257,2.84999990463257,0.0,-1.35000002384186,2.79499983787537,0.0,5.59999990463257,6.15136003494263,1.20477890968323,-1.33936309814453,6.12709808349609,1.19606995582581,-1.28920066356659,"(6.127098, 1.19607, -1.289201)",EyeArea,7.80201292037964,0.1,6.15136003494263,1.20477890968323,-1.33936309814453,0.00003628125675,90.3817622677577,0.00000323313938
134,left road,134,2.89499998092651,0.0,5.59999990463257,2.95000004768372,0.0,-1.35000002384186,2.89499998092651,0.0,5.59999990463257,6.15136003494263,1.20477890968323,-1.33936309814453,6.12782335281372,1.19607079029083,-1.28920555114746,"(6.127823, 1.196071, -1.289206)",EyeArea,7.75951862335205,0.1,6.15136003494263,1.20477890968323,-1.33936309814453,0.00003628125675,90.3817622677577,0.00000323313938
135,left road,135,2.99499988555908,0.0,5.59999990463257,3.04999995231628,0.0,-1.35000002384186,2.99499988555908,0.0,5.59999990463257,6.15136003494263,1.20477890968323,-1.33936309814453,6.12854814529419,1.19607162475586,-1.28921031951904,"(6.128548, 1.196072, -1.28921)",EyeArea,7.71808671951294,0.1,6.15136003494263,1.20477890968323,-1.33936309814453,0.00003628125675,90.3817622677577,0.00000323313938
136,left road,136,3.09500002861023,0.0,5.59999990463257,3.15000009536743,0.0,-1.35000002384186,3.09500002861023,0.0,5.59999990463257,6.15136003494263,1.20477890968323,-1.33936309814453,6.12927293777466,1.19607245922089,-1.28921520709991,"(6.129273, 1.196072, -1.289215)",EyeArea,7.67773294448853,0.1,6.15136003494263,1.20477890968323,-1.33936309814453,0.00003628125675,90.3817622677577,0.00000323313938
137,left road,137,3.1949999332428,0.0,5.59999990463257,3.25,0.0,-1.35000002384186,3.1949999332428,0.0,5.59999990463257,6.15136003494263,1.20477890968323,-1.33936309814453,6.12999773025513,1.19607329368591,-1.2892199754715,"(6.129998, 1.196073, -1.28922)",EyeArea,7.63847589492798,0.1,6.15136003494263,1.20477890968323,-1.33936309814453,0.00003628125675,90.3817622677577,0.00000323313938
138,left road,138,3.29499983787537,0.0,5.59999990463257,3.34999990463257,0.0,-1.35000002384186,3.29499983787537,0.0,5.59999990463257,6.15136003494263,1.20477890968323,-1.33936309814453,6.13072204589844,1.19607412815094,-1.28922486305237,"(6.130722, 1.196074, -1.289225)",EyeArea,7.60033178329468,0.1,6.15136003494263,1.20477890968323,-1.33936309814453,0.00003628125675,90.3817622677577,0.00000323313938
139,left road,139,3.39499998092651,0.0,5.59999990463257,3.45000004768372,0.0,-1.35000002384186,3.39499998092651,0.0,5.59999990463257,6.15136003494263,1.20477890968323,-1.33936309814453,6.13144683837891,1.19607496261597,-1.28922963142395,"(6.131447, 1.196075, -1.28923)",EyeArea,7.56331777572632,0.1,6.15136003494263,1.20477890968323,-1.33936309814453,0.00003628125675,90.3817622677577,0.00000323313938
140,left road,140,-3.50500011444092,0.0,5.69999980926514,-3.45000004768372,0.0,-1.25,-3.50500011444092,0.0,5.69999980926514,6.15136003494263,1.20477890968323,-1.33936309814453,6.10160112380981,1.19857060909271,-1.3030891418457,"(6.101601, 1.198571, -1.303089)",EyeArea,12.0103883743286,0.1,6.15136003494263,1.20477890968323,-1.33936309814453,0.00003628125675,90.3817622677577,0.00000323313938
141,left road,141,-3.40499997138977,0.0,5.69999980926514,-3.34999990463257,0.0,-1.25,-3.40499997138977,0.0,5.69999980926514,6.15136003494263,1.20477890968323,-1.33936309814453,6.10160350799561,1.19850599765778,-1.30271148681641,"(6.101604, 1.198506, -1.302711)",EyeArea,11.9301357269287,0.1,6.15136003494263,1.20477890968323,-1.33936309814453,0.00003628125675,90.3817622677577,0.00000323313938
142,left road,142,-3.3050000667572,0.0,5.69999980926514,-3.25,0.0,-1.25,-3.3050000667572,0.0,5.69999980926514,6.15136003494263,1.20477890968323,-1.33936309814453,6.1016058921814,1.19844007492065,-1.30232620239258,"(6.101606, 1.19844, -1.302326)",EyeArea,11.8501844406128,0.1,6.15136003494263,1.20477890968323,-1.33936309814453,0.00003628125675,90.3817622677577,0.00000323313938
143,left road,143,-3.20500016212463,0.0,5.69999980926514,-3.15000009536743,0.0,-1.25,-3.20500016212463,0.0,5.69999980926514,6.15136003494263,1.20477890968323,-1.33936309814453,6.10160875320435,1.19837248325348,-1.30193138122559,"(6.101609, 1.198372, -1.301931)",EyeArea,11.7705402374268,0.1,6.15136003494263,1.20477890968323,-1.33936309814453,0.00003628125675,90.3817622677577,0.00000323313938
144,left road,144,-3.10500001907349,0.0,5.69999980926514,-3.04999995231628,0.0,-1.25,-3.10500001907349,0.0,5.69999980926514,6.15136003494263,1.20477890968323,-1.33936309814453,6.10161161422729,1.19830369949341,-1.30152988433838,"(6.101612, 1.198304, -1.30153)",EyeArea,11.6912069320679,0.1,6.15136003494263,1.20477890968323,-1.33936309814453,0.00003628125675,90.3817622677577,0.00000323313938
145,left road,145,-3.00500011444092,0.0,5.69999980926514,-2.95000004768372,0.0,-1.25,-3.00500011444092,0.0,5.69999980926514,6.15136003494263,1.20477890968323,-1.33936309814453,6.10161399841309,1.19823336601257,-1.30111837387085,"(6.101614, 1.198233, -1.301118)",EyeArea,11.6121950149536,0.1,6.15136003494263,1.20477890968323,-1.33936309814453,0.00003628125675,90.3817622677577,0.00000323313938
146,left road,146,-2.90499997138977,0.0,5.69999980926514,-2.84999990463257,0.0,-1.25,-2.90499997138977,0.0,5.69999980926514,6.15136003494263,1.20477890968323,-1.33936309814453,6.10161685943604,1.19816148281097,-1.30069828033447,"(6.101617, 1.198161, -1.300698)",EyeArea,11.5335073471069,0.1,6.15136003494263,1.20477890968323,-1.33936309814453,0.00003628125675,90.3817622677577,0.00000323313938
147,left road,147,-2.8050000667572,0.0,5.69999980926514,-2.75,0.0,-1.25,-2.8050000667572,0.0,5.69999980926514,6.15136003494263,1.20477890968323,-1.33936309814453,6.10161972045898,1.19808804988861,-1.30026960372925,"(6.10162, 1.198088, -1.30027)",EyeArea,11.4551515579224,0.1,6.15136003494263,1.20477890968323,-1.33936309814453,0.00003628125675,90.3817622677577,0.00000323313938
148,left road,148,-2.70500016212463,0.0,5.69999980926514,-2.65000009536743,0.0,-1.25,-2.70500016212463,0.0,5.69999980926514,6.15136003494263,1.20477890968323,-1.33936309814453,6.10162258148193,1.19801270961761,-1.29982900619507,"(6.101623, 1.198013, -1.299829)",EyeArea,11.3771362304688,0.1,6.15136003494263,1.20477890968323,-1.33936309814453,0.00003628125675,90.3817622677577,0.00000323313938
149,left road,149,-2.60500001907349,0.0,5.69999980926514,-2.54999995231628,0.0,-1.25,-2.60500001907349,0.0,5.69999980926514,6.15136003494263,1.20477890968323,-1.33936309814453,6.10162591934204,1.19793593883514,-1.29938089847565,"(6.101626, 1.197936, -1.299381)",EyeArea,11.299467086792,0.1,6.15136003494263,1.20477890968323,-1.33936309814453,0.00003628125675,90.3817622677577,0.00000323313938
150,left road,150,-2.50500011444092,0.0,5.69999980926514,-2.45000004768372,0.0,-1.25,-2.50500011444092,0.0,5.69999980926514,6.15136003494263,1.20477890968323,-1.33936309814453,6.10162878036499,1.19785737991333,-1.2989217042923,"(6.101629, 1.197857, -1.298922)",EyeArea,11.2221527099609,0.1,6.15136003494263,1.20477890968323,-1.33936309814453,0.00003628125675,90.3817622677577,0.00000323313938
151,left road,151,-2.40499997138977,0.0,5.69999980926514,-2.34999990463257,0.0,-1.25,-2.40499997138977,0.0,5.69999980926514,6.15136003494263,1.20477890968323,-1.33936309814453,6.1016321182251,1.19777679443359,-1.29845106601715,"(6.101632, 1.197777, -1.298451)",EyeArea,11.1451969146729,0.1,6.15136003494263,1.20477890968323,-1.33936309814453,0.00003628125675,90.3817622677577,0.00000323313938
152,left road,152,-2.3050000667572,0.0,5.69999980926514,-2.25,0.0,-1.25,-2.3050000667572,0.0,5.69999980926514,6.15136003494263,1.20477890968323,-1.33936309814453,5.56563329696655,1.12133026123047,-0.85178446769714,"(5.565633, 1.12133, -0.851784)",truck body CS,11.0686111450195,0.1,6.15136003494263,1.20477890968323,-1.33936309814453,0.00003628125675,90.3817622677577,0.00000323313938
153,left road,153,-2.20500016212463,0.0,5.69999980926514,-2.15000009536743,0.0,-1.25,-2.20500016212463,0.0,5.69999980926514,6.15136003494263,1.20477890968323,-1.33936309814453,5.56704711914063,1.12053549289703,-0.84714013338089,"(5.567047, 1.120535, -0.84714)",truck body CS,10.9924011230469,0.1,6.15136003494263,1.20477890968323,-1.33936309814453,0.00003628125675,90.3817622677577,0.00000323313938
154,left road,154,-2.10500001907349,0.0,5.69999980926514,-2.04999995231628,0.0,-1.25,-2.10500001907349,0.0,5.69999980926514,6.15136003494263,1.20477890968323,-1.33936309814453,5.56848764419556,1.11972546577454,-0.84240686893463,"(5.568488, 1.119725, -0.842407)",truck body CS,10.9165744781494,0.1,6.15136003494263,1.20477890968323,-1.33936309814453,0.00003628125675,90.3817622677577,0.00000323313938
155,left road,155,-2.00500011444092,0.0,5.69999980926514,-1.95000004768372,0.0,-1.25,-2.00500011444092,0.0,5.69999980926514,6.15136003494263,1.20477890968323,-1.33936309814453,5.56995677947998,1.11889958381653,-0.83758163452148,"(5.569957, 1.1189, -0.837582)",truck body CS,10.8411417007446,0.1,6.15136003494263,1.20477890968323,-1.33936309814453,0.00003628125675,90.3817622677577,0.00000323313938
156,left road,156,-1.90499997138977,0.0,5.69999980926514,-1.85000002384186,0.0,-1.25,-1.90499997138977,0.0,5.69999980926514,6.15136003494263,1.20477890968323,-1.33936309814453,5.57146072387695,1.11805844306946,-0.83266758918762,"(5.571461, 1.118058, -0.832668)",truck body CS,10.7661066055298,0.1,6.15136003494263,1.20477890968323,-1.33936309814453,0.00003628125675,90.3817622677577,0.00000323313938
157,left road,157,-1.80499994754791,0.0,5.69999980926514,-1.75,0.0,-1.25,-1.80499994754791,0.0,5.69999980926514,6.15136003494263,1.20477890968323,-1.33936309814453,5.57299852371216,1.11720144748688,-0.82766038179398,"(5.572999, 1.117201, -0.82766)",truck body CS,10.691481590271,0.1,6.15136003494263,1.20477890968323,-1.33936309814453,0.00003628125675,90.3817622677577,0.00000323313938
158,left road,158,-1.70499992370605,0.0,5.69999980926514,-1.64999997615814,0.0,-1.25,-1.70499992370605,0.0,5.69999980926514,6.15136003494263,1.20477890968323,-1.33936309814453,5.57456731796265,1.1163272857666,-0.82255262136459,"(5.574567, 1.116327, -0.822553)",truck body CS,10.6172742843628,0.1,6.15136003494263,1.20477890968323,-1.33936309814453,0.00003628125675,90.3817622677577,0.00000323313938
159,left road,159,-1.6049998998642,0.0,5.69999980926514,-1.54999995231628,0.0,-1.25,-1.6049998998642,0.0,5.69999980926514,6.15136003494263,1.20477890968323,-1.33936309814453,5.57616806030273,1.11543560028076,-0.81734198331833,"(5.576168, 1.115436, -0.817342)",truck body CS,10.543493270874,0.1,6.15136003494263,1.20477890968323,-1.33936309814453,0.00003628125675,90.3817622677577,0.00000323313938
160,left road,160,-1.50499999523163,0.0,5.69999980926514,-1.45000004768372,0.0,-1.25,-1.50499999523163,0.0,5.69999980926514,6.15136003494263,1.20477890968323,-1.33936309814453,5.57780170440674,1.11452555656433,-0.81202530860901,"(5.577802, 1.114526, -0.812025)",truck body CS,10.4701471328735,0.1,6.15136003494263,1.20477890968323,-1.33936309814453,0.00003628125675,90.3817622677577,0.00000323313938
161,left road,161,-1.40499997138977,0.0,5.69999980926514,-1.35000002384186,0.0,-1.25,-1.40499997138977,0.0,5.69999980926514,6.15136003494263,1.20477890968323,-1.33936309814453,5.57946825027466,1.11359691619873,-0.80659902095795,"(5.579468, 1.113597, -0.806599)",truck body CS,10.3972454071045,0.1,6.15136003494263,1.20477890968323,-1.33936309814453,0.00003628125675,90.3817622677577,0.00000323313938
162,left road,162,-1.30499994754791,0.0,5.69999980926514,-1.25,0.0,-1.25,-1.30499994754791,0.0,5.69999980926514,6.15136003494263,1.20477890968323,-1.33936309814453,5.58116912841797,1.11264896392822,-0.80106008052826,"(5.581169, 1.112649, -0.80106)",truck body CS,10.3247966766357,0.1,6.15136003494263,1.20477890968323,-1.33936309814453,0.00003628125675,90.3817622677577,0.00000323313938
163,left road,163,-1.20499992370605,0.0,5.69999980926514,-1.14999997615814,0.0,-1.25,-1.20499992370605,0.0,5.69999980926514,6.15136003494263,1.20477890968323,-1.33936309814453,5.58290529251099,1.11168098449707,-0.79540473222733,"(5.582905, 1.111681, -0.795405)",truck body CS,10.2528123855591,0.1,6.15136003494263,1.20477890968323,-1.33936309814453,0.00003628125675,90.3817622677577,0.00000323313938
164,left road,164,-1.1049998998642,0.0,5.69999980926514,-1.04999995231628,0.0,-1.25,-1.1049998998642,0.0,5.69999980926514,6.15136003494263,1.20477890968323,-1.33936309814453,5.58467960357666,1.11069250106812,-0.7896294593811,"(5.58468, 1.110693, -0.789629)",truck body CS,10.1813011169434,0.1,6.15136003494263,1.20477890968323,-1.33936309814453,0.00003628125675,90.3817622677577,0.00000323313938
165,left road,165,-1.00499999523163,0.0,5.69999980926514,-0.94999998807907,0.0,-1.25,-1.00499999523163,0.0,5.69999980926514,6.15136003494263,1.20477890968323,-1.33936309814453,5.58648920059204,1.10968255996704,-0.78372806310654,"(5.586489, 1.109683, -0.783728)",truck body CS,10.1102724075317,0.1,6.15136003494263,1.20477890968323,-1.33936309814453,0.00003628125675,90.3817622677577,0.00000323313938
166,left road,166,-0.90500003099442,0.0,5.69999980926514,-0.85000002384186,0.0,-1.25,-0.90500003099442,0.0,5.69999980926514,6.15136003494263,1.20477890968323,-1.33936309814453,5.58834218978882,1.10865116119385,-0.7777025103569,"(5.588342, 1.108651, -0.777703)",truck body CS,10.039737701416,0.1,6.15136003494263,1.20477890968323,-1.33936309814453,0.00003628125675,90.3817622677577,0.00000323313938
167,left road,167,-0.80500000715256,0.0,5.69999980926514,-0.75,0.0,-1.25,-0.80500000715256,0.0,5.69999980926514,6.15136003494263,1.20477890968323,-1.33936309814453,5.59038591384888,1.10762333869934,-0.77169585227966,"(5.590386, 1.107623, -0.771696)",truck body CS,9.96970748901367,0.1,6.15136003494263,1.20477890968323,-1.33936309814453,0.00003628125675,90.3817622677577,0.00000323313938
168,left road,168,-0.7049999833107,0.0,5.69999980926514,-0.64999997615814,0.0,-1.25,-0.7049999833107,0.0,5.69999980926514,6.15136003494263,1.20477890968323,-1.33936309814453,5.59403657913208,1.10684776306152,-0.76716470718384,"(5.594037, 1.106848, -0.767165)",truck body CS,9.90019130706787,0.1,6.15136003494263,1.20477890968323,-1.33936309814453,0.00003628125675,90.3817622677577,0.00000323313938
169,left road,169,-0.60500001907349,0.0,5.69999980926514,-0.55000001192093,0.0,-1.25,-0.60500001907349,0.0,5.69999980926514,6.15136003494263,1.20477890968323,-1.33936309814453,5.5977463722229,1.10605978965759,-0.76256012916565,"(5.597746, 1.10606, -0.76256)",truck body CS,9.83120155334473,0.1,6.15136003494263,1.20477890968323,-1.33936309814453,0.00003628125675,90.3817622677577,0.00000323313938
170,left road,170,-0.50499999523163,0.0,5.69999980926514,-0.44999998807907,0.0,-1.25,-0.50499999523163,0.0,5.69999980926514,6.15136003494263,1.20477890968323,-1.33936309814453,5.60151529312134,1.10525894165039,-0.75788086652756,"(5.601515, 1.105259, -0.757881)",truck body CS,9.7627477645874,0.1,6.15136003494263,1.20477890968323,-1.33936309814453,0.00003628125675,90.3817622677577,0.00000323313938
171,left road,171,-0.40500000119209,0.0,5.69999980926514,-0.34999999403954,0.0,-1.25,-0.40500000119209,0.0,5.69999980926514,6.15136003494263,1.20477890968323,-1.33936309814453,5.6053466796875,1.10444521903992,-0.75312632322311,"(5.605347, 1.104445, -0.753126)",truck body CS,9.69484329223633,0.1,6.15136003494263,1.20477890968323,-1.33936309814453,0.00003628125675,90.3817622677577,0.00000323313938
172,left road,172,-0.30500000715256,0.0,5.69999980926514,-0.25,0.0,-1.25,-0.30500000715256,0.0,5.69999980926514,6.15136003494263,1.20477890968323,-1.33936309814453,5.60924053192139,1.10361754894257,-0.748291015625,"(5.609241, 1.103618, -0.748291)",truck body CS,9.62749767303467,0.1,6.15136003494263,1.20477890968323,-1.33936309814453,0.00003628125675,90.3817622677577,0.00000323313938
173,left road,173,-0.20500001311302,0.0,5.69999980926514,-0.15000000596046,0.0,-1.25,-0.20500001311302,0.0,5.69999980926514,6.15136003494263,1.20477890968323,-1.33936309814453,5.6133246421814,1.1028003692627,-0.74351555109024,"(5.613325, 1.1028, -0.743516)",truck body CS,9.56072425842285,0.1,6.15136003494263,1.20477890968323,-1.33936309814453,0.00003628125675,90.3817622677577,0.00000323313938
174,left road,174,-0.10500000417233,0.0,5.69999980926514,-0.05000000074506,0.0,-1.25,-0.10500000417233,0.0,5.69999980926514,6.15136003494263,1.20477890968323,-1.33936309814453,5.61774873733521,1.10202217102051,-0.73896944522858,"(5.617749, 1.102022, -0.738969)",truck body CS,9.49453353881836,0.1,6.15136003494263,1.20477890968323,-1.33936309814453,0.00003628125675,90.3817622677577,0.00000323313938
175,left road,175,-0.00499999895692,0.0,5.69999980926514,0.05000000074506,0.0,-1.25,-0.00499999895692,0.0,5.69999980926514,6.15136003494263,1.20477890968323,-1.33936309814453,5.62224102020264,1.10123217105865,-0.73435294628143,"(5.622241, 1.101232, -0.734353)",truck body CS,9.42893886566162,0.1,6.15136003494263,1.20477890968323,-1.33936309814453,0.00003628125675,90.3817622677577,0.00000323313938
176,left road,176,0.09500000625849,0.0,5.69999980926514,0.15000000596046,0.0,-1.25,0.09500000625849,0.0,5.69999980926514,6.15136003494263,1.20477890968323,-1.33936309814453,5.62680149078369,1.10042977333069,-0.72966426610947,"(5.626801, 1.10043, -0.729664)",truck body CS,9.36395359039307,0.1,6.15136003494263,1.20477890968323,-1.33936309814453,0.00003628125675,90.3817622677577,0.00000323313938
177,left road,177,0.19499999284744,0.0,5.69999980926514,0.25,0.0,-1.25,0.19499999284744,0.0,5.69999980926514,6.15136003494263,1.20477890968323,-1.33936309814453,5.63143444061279,1.09961485862732,-0.72490286827087,"(5.631434, 1.099615, -0.724903)",truck body CS,9.29958820343018,0.1,6.15136003494263,1.20477890968323,-1.33936309814453,0.00003628125675,90.3817622677577,0.00000323313938
178,left road,178,0.29499998688698,0.0,5.69999980926514,0.34999999403954,0.0,-1.25,0.29499998688698,0.0,5.69999980926514,6.15136003494263,1.20477890968323,-1.33936309814453,5.63613939285278,1.09878706932068,-0.72006702423096,"(5.636139, 1.098787, -0.720067)",truck body CS,9.23585796356201,0.1,6.15136003494263,1.20477890968323,-1.33936309814453,0.00003628125675,90.3817622677577,0.00000323313938
179,left road,179,0.39499998092651,0.0,5.69999980926514,0.44999998807907,0.0,-1.25,0.39499998092651,0.0,5.69999980926514,6.15136003494263,1.20477890968323,-1.33936309814453,5.64090633392334,1.09794354438782,-0.71513795852661,"(5.640906, 1.097944, -0.715138)",truck body CS,9.17277526855469,0.1,6.15136003494263,1.20477890968323,-1.33936309814453,0.00003628125675,90.3817622677577,0.00000323313938
180,left road,180,0.49500000476837,0.0,5.69999980926514,0.55000001192093,0.0,-1.25,0.49500000476837,0.0,5.69999980926514,6.15136003494263,1.20477890968323,-1.33936309814453,5.64575052261353,1.09708642959595,-0.71013081073761,"(5.645751, 1.097086, -0.710131)",truck body CS,9.11035346984863,0.1,6.15136003494263,1.20477890968323,-1.33936309814453,0.00003628125675,90.3817622677577,0.00000323313938
181,left road,181,0.59499996900558,0.0,5.69999980926514,0.64999997615814,0.0,-1.25,0.59499996900558,0.0,5.69999980926514,6.15136003494263,1.20477890968323,-1.33936309814453,5.65067291259766,1.09621560573578,-0.70504236221313,"(5.650673, 1.096216, -0.705042)",truck body CS,9.04860496520996,0.1,6.15136003494263,1.20477890968323,-1.33936309814453,0.00003628125675,90.3817622677577,0.00000323313938
182,left road,182,0.69499999284744,0.0,5.69999980926514,0.75,0.0,-1.25,0.69499999284744,0.0,5.69999980926514,6.15136003494263,1.20477890968323,-1.33936309814453,5.65575647354126,1.09534823894501,-0.69997525215149,"(5.655756, 1.095348, -0.699975)",truck body CS,8.98754596710205,0.1,6.15136003494263,1.20477890968323,-1.33936309814453,0.00003628125675,90.3817622677577,0.00000323313938
183,left road,183,0.7950000166893,0.0,5.69999980926514,0.85000002384186,0.0,-1.25,0.7950000166893,0.0,5.69999980926514,6.15136003494263,1.20477890968323,-1.33936309814453,5.6611647605896,1.09452199935913,-0.69514572620392,"(5.661165, 1.094522, -0.695146)",truck body CS,8.92718982696533,0.1,6.15136003494263,1.20477890968323,-1.33936309814453,0.00003628125675,90.3817622677577,0.00000323313938
184,left road,184,0.89499998092651,0.0,5.69999980926514,0.94999998807907,0.0,-1.25,0.89499998092651,0.0,5.69999980926514,6.15136003494263,1.20477890968323,-1.33936309814453,5.66691303253174,1.09374165534973,-0.69058763980865,"(5.666913, 1.093742, -0.690588)",truck body CS,8.86754989624023,0.1,6.15136003494263,1.20477890968323,-1.33936309814453,0.00003628125675,90.3817622677577,0.00000323313938
185,left road,185,0.99499994516373,0.0,5.69999980926514,1.04999995231628,0.0,-1.25,0.99499994516373,0.0,5.69999980926514,6.15136003494263,1.20477890968323,-1.33936309814453,5.67668199539185,1.0938708782196,-0.69134175777435,"(5.676682, 1.093871, -0.691342)",truck body CS,8.80864238739014,0.1,6.15136003494263,1.20477890968323,-1.33936309814453,0.00003628125675,90.3817622677577,0.00000323313938
186,left road,186,1.09500002861023,0.0,5.69999980926514,1.14999997615814,0.0,-1.25,1.09500002861023,0.0,5.69999980926514,6.15136003494263,1.20477890968323,-1.33936309814453,5.68719577789307,1.09418249130249,-0.69316279888153,"(5.687196, 1.094182, -0.693163)",truck body CS,8.75047969818115,0.1,6.15136003494263,1.20477890968323,-1.33936309814453,0.00003628125675,90.3817622677577,0.00000323313938
187,left road,187,1.19500005245209,0.0,5.69999980926514,1.25,0.0,-1.25,1.19500005245209,0.0,5.69999980926514,6.15136003494263,1.20477890968323,-1.33936309814453,5.697509765625,1.09445834159851,-0.69477450847626,"(5.69751, 1.094458, -0.694775)",truck body CS,8.69307899475098,0.1,6.15136003494263,1.20477890968323,-1.33936309814453,0.00003628125675,90.3817622677577,0.00000323313938
188,left road,188,1.29500007629395,0.0,5.69999980926514,1.35000002384186,0.0,-1.25,1.29500007629395,0.0,5.69999980926514,6.15136003494263,1.20477890968323,-1.33936309814453,5.70777416229248,1.09473299980164,-0.69637978076935,"(5.707774, 1.094733, -0.69638)",truck body CS,8.63645553588867,0.1,6.15136003494263,1.20477890968323,-1.33936309814453,0.00003628125675,90.3817622677577,0.00000323313938
189,left road,189,1.3950001001358,0.0,5.69999980926514,1.45000004768372,0.0,-1.25,1.3950001001358,0.0,5.69999980926514,6.15136003494263,1.20477890968323,-1.33936309814453,5.71902942657471,1.09527027606964,-0.69951915740967,"(5.719029, 1.09527, -0.699519)",truck body CS,8.58062267303467,0.1,6.15136003494263,1.20477890968323,-1.33936309814453,0.00003628125675,90.3817622677577,0.00000323313938
190,left road,190,1.49500000476837,0.0,5.69999980926514,1.54999995231628,0.0,-1.25,1.49500000476837,0.0,5.69999980926514,6.15136003494263,1.20477890968323,-1.33936309814453,5.73546361923218,1.09717071056366,-0.71062231063843,"(5.735464, 1.097171, -0.710622)",truck body CS,8.52559757232666,0.1,6.15136003494263,1.20477890968323,-1.33936309814453,0.00003628125675,90.3817622677577,0.00000323313938
191,left road,191,1.59500002861023,0.0,5.69999980926514,1.64999997615814,0.0,-1.25,1.59500002861023,0.0,5.69999980926514,6.15136003494263,1.20477890968323,-1.33936309814453,6.11885643005371,1.19618427753448,-1.2891458272934,"(6.118856, 1.196184, -1.289146)",EyeArea,8.47139549255371,0.1,6.15136003494263,1.20477890968323,-1.33936309814453,0.00003628125675,90.3817622677577,0.00000323313938
192,left road,192,1.69500005245209,0.0,5.69999980926514,1.75,0.0,-1.25,1.69500005245209,0.0,5.69999980926514,6.15136003494263,1.20477890968323,-1.33936309814453,6.11957216262817,1.19618511199951,-1.28915059566498,"(6.119572, 1.196185, -1.289151)",EyeArea,8.4180326461792,0.1,6.15136003494263,1.20477890968323,-1.33936309814453,0.00003628125675,90.3817622677577,0.00000323313938
193,left road,193,1.79500007629395,0.0,5.69999980926514,1.85000002384186,0.0,-1.25,1.79500007629395,0.0,5.69999980926514,6.15136003494263,1.20477890968323,-1.33936309814453,6.12028884887695,1.19618594646454,-1.28915536403656,"(6.120289, 1.196186, -1.289155)",EyeArea,8.36552429199219,0.1,6.15136003494263,1.20477890968323,-1.33936309814453,0.00003628125675,90.3817622677577,0.00000323313938
194,left road,194,1.8950001001358,0.0,5.69999980926514,1.95000004768372,0.0,-1.25,1.8950001001358,0.0,5.69999980926514,6.15136003494263,1.20477890968323,-1.33936309814453,6.12100458145142,1.19618666172028,-1.28916013240814,"(6.121005, 1.196187, -1.28916)",EyeArea,8.31388759613037,0.1,6.15136003494263,1.20477890968323,-1.33936309814453,0.00003628125675,90.3817622677577,0.00000323313938
195,left road,195,1.99500000476837,0.0,5.69999980926514,2.04999995231628,0.0,-1.25,1.99500000476837,0.0,5.69999980926514,6.15136003494263,1.20477890968323,-1.33936309814453,6.12172079086304,1.1961874961853,-1.28916490077972,"(6.121721, 1.196187, -1.289165)",EyeArea,8.26313781738281,0.1,6.15136003494263,1.20477890968323,-1.33936309814453,0.00003628125675,90.3817622677577,0.00000323313938
196,left road,196,2.09500002861023,0.0,5.69999980926514,2.15000009536743,0.0,-1.25,2.09500002861023,0.0,5.69999980926514,6.15136003494263,1.20477890968323,-1.33936309814453,6.12243700027466,1.19618833065033,-1.28916966915131,"(6.122437, 1.196188, -1.28917)",EyeArea,8.21329307556152,0.1,6.15136003494263,1.20477890968323,-1.33936309814453,0.00003628125675,90.3817622677577,0.00000323313938
197,left road,197,2.1949999332428,0.0,5.69999980926514,2.25,0.0,-1.25,2.1949999332428,0.0,5.69999980926514,6.15136003494263,1.20477890968323,-1.33936309814453,6.12315225601196,1.19618916511536,-1.28917443752289,"(6.123152, 1.196189, -1.289174)",EyeArea,8.16436767578125,0.1,6.15136003494263,1.20477890968323,-1.33936309814453,0.00003628125675,90.3817622677577,0.00000323313938
198,left road,198,2.29499983787537,0.0,5.69999980926514,2.34999990463257,0.0,-1.25,2.29499983787537,0.0,5.69999980926514,6.15136003494263,1.20477890968323,-1.33936309814453,6.12386798858643,1.19618999958038,-1.28917920589447,"(6.123868, 1.19619, -1.289179)",EyeArea,8.11638069152832,0.1,6.15136003494263,1.20477890968323,-1.33936309814453,0.00003628125675,90.3817622677577,0.00000323313938
199,left road,199,2.39499998092651,0.0,5.69999980926514,2.45000004768372,0.0,-1.25,2.39499998092651,0.0,5.69999980926514,6.15136003494263,1.20477890968323,-1.33936309814453,6.12458324432373,1.19619083404541,-1.28918397426605,"(6.124583, 1.196191, -1.289184)",EyeArea,8.0693473815918,0.1,6.15136003494263,1.20477890968323,-1.33936309814453,0.00003628125675,90.3817622677577,0.00000323313938
200,left road,200,2.49499988555908,0.0,5.69999980926514,2.54999995231628,0.0,-1.25,2.49499988555908,0.0,5.69999980926514,6.15136003494263,1.20477890968323,-1.33936309814453,6.12529850006104,1.19619154930115,-1.28918874263763,"(6.125299, 1.196192, -1.289189)",EyeArea,8.02328395843506,0.1,6.15136003494263,1.20477890968323,-1.33936309814453,0.00003628125675,90.3817622677577,0.00000323313938
201,left road,201,2.59500002861023,0.0,5.69999980926514,2.65000009536743,0.0,-1.25,2.59500002861023,0.0,5.69999980926514,6.15136003494263,1.20477890968323,-1.33936309814453,6.12601375579834,1.19619250297546,-1.28919351100922,"(6.126014, 1.196193, -1.289194)",EyeArea,7.97820901870728,0.1,6.15136003494263,1.20477890968323,-1.33936309814453,0.00003628125675,90.3817622677577,0.00000323313938
202,left road,202,2.6949999332428,0.0,5.69999980926514,2.75,0.0,-1.25,2.6949999332428,0.0,5.69999980926514,6.15136003494263,1.20477890968323,-1.33936309814453,6.12672901153564,1.1961932182312,-1.2891982793808,"(6.126729, 1.196193, -1.289198)",EyeArea,7.93413829803467,0.1,6.15136003494263,1.20477890968323,-1.33936309814453,0.00003628125675,90.3817622677577,0.00000323313938
203,left road,203,2.79499983787537,0.0,5.69999980926514,2.84999990463257,0.0,-1.25,2.79499983787537,0.0,5.69999980926514,6.15136003494263,1.20477890968323,-1.33936309814453,6.12744379043579,1.19619405269623,-1.28920304775238,"(6.127444, 1.196194, -1.289203)",EyeArea,7.89108848571777,0.1,6.15136003494263,1.20477890968323,-1.33936309814453,0.00003628125675,90.3817622677577,0.00000323313938
204,left road,204,2.89499998092651,0.0,5.69999980926514,2.95000004768372,0.0,-1.25,2.89499998092651,0.0,5.69999980926514,6.15136003494263,1.20477890968323,-1.33936309814453,6.12815856933594,1.19619488716125,-1.28920781612396,"(6.128159, 1.196195, -1.289208)",EyeArea,7.84907674789429,0.1,6.15136003494263,1.20477890968323,-1.33936309814453,0.00003628125675,90.3817622677577,0.00000323313938
205,left road,205,2.99499988555908,0.0,5.69999980926514,3.04999995231628,0.0,-1.25,2.99499988555908,0.0,5.69999980926514,6.15136003494263,1.20477890968323,-1.33936309814453,6.12887334823608,1.19619572162628,-1.28921258449554,"(6.128873, 1.196196, -1.289213)",EyeArea,7.80811977386475,0.1,6.15136003494263,1.20477890968323,-1.33936309814453,0.00003628125675,90.3817622677577,0.00000323313938
206,left road,206,3.09500002861023,0.0,5.69999980926514,3.15000009536743,0.0,-1.25,3.09500002861023,0.0,5.69999980926514,6.15136003494263,1.20477890968323,-1.33936309814453,6.12958765029907,1.19619643688202,-1.28921735286713,"(6.129588, 1.196196, -1.289217)",EyeArea,7.76823377609253,0.1,6.15136003494263,1.20477890968323,-1.33936309814453,0.00003628125675,90.3817622677577,0.00000323313938
207,left road,207,3.1949999332428,0.0,5.69999980926514,3.25,0.0,-1.25,3.1949999332428,0.0,5.69999980926514,6.15136003494263,1.20477890968323,-1.33936309814453,6.13030195236206,1.19619739055634,-1.28922200202942,"(6.130302, 1.196197, -1.289222)",EyeArea,7.72943639755249,0.1,6.15136003494263,1.20477890968323,-1.33936309814453,0.00003628125675,90.3817622677577,0.00000323313938
208,left road,208,3.29499983787537,0.0,5.69999980926514,3.34999990463257,0.0,-1.25,3.29499983787537,0.0,5.69999980926514,6.15136003494263,1.20477890968323,-1.33936309814453,6.13101625442505,1.19619810581207,-1.289226770401,"(6.131016, 1.196198, -1.289227)",EyeArea,7.69174337387085,0.1,6.15136003494263,1.20477890968323,-1.33936309814453,0.00003628125675,90.3817622677577,0.00000323313938
209,left road,209,3.39499998092651,0.0,5.69999980926514,3.45000004768372,0.0,-1.25,3.39499998092651,0.0,5.69999980926514,6.15136003494263,1.20477890968323,-1.33936309814453,6.13173055648804,1.1961989402771,-1.28923153877258,"(6.131731, 1.196199, -1.289232)",EyeArea,7.65517139434814,0.1,6.15136003494263,1.20477890968323,-1.33936309814453,0.00003628125675,90.3817622677577,0.00000323313938
210,left road,210,-3.50500011444092,0.0,5.79999971389771,-3.45000004768372,0.0,-1.14999997615814,-3.50500011444092,0.0,5.79999971389771,6.15136003494263,1.20477890968323,-1.33936309814453,6.10160446166992,1.19857096672058,-1.30257606506348,"(6.101604, 1.198571, -1.302576)",EyeArea,12.0692710876465,0.1,6.15136003494263,1.20477890968323,-1.33936309814453,0.00003628125675,90.3817622677577,0.00000323313938
211,left road,211,-3.40499997138977,0.0,5.79999971389771,-3.34999990463257,0.0,-1.14999997615814,-3.40499997138977,0.0,5.79999971389771,6.15136003494263,1.20477890968323,-1.33936309814453,6.10160684585571,1.19850635528564,-1.30219316482544,"(6.101607, 1.198506, -1.302193)",EyeArea,11.9894123077393,0.1,6.15136003494263,1.20477890968323,-1.33936309814453,0.00003628125675,90.3817622677577,0.00000323313938
212,left road,212,-3.3050000667572,0.0,5.79999971389771,-3.25,0.0,-1.14999997615814,-3.3050000667572,0.0,5.79999971389771,6.15136003494263,1.20477890968323,-1.33936309814453,6.10160970687866,1.19844043254852,-1.30180263519287,"(6.10161, 1.19844, -1.301803)",EyeArea,11.9098587036133,0.1,6.15136003494263,1.20477890968323,-1.33936309814453,0.00003628125675,90.3817622677577,0.00000323313938
213,left road,213,-3.20500016212463,0.0,5.79999971389771,-3.15000009536743,0.0,-1.14999997615814,-3.20500016212463,0.0,5.79999971389771,6.15136003494263,1.20477890968323,-1.33936309814453,6.10161209106445,1.19837307929993,-1.3014030456543,"(6.101612, 1.198373, -1.301403)",EyeArea,11.8306159973145,0.1,6.15136003494263,1.20477890968323,-1.33936309814453,0.00003628125675,90.3817622677577,0.00000323313938
214,left road,214,-3.10500001907349,0.0,5.79999971389771,-3.04999995231628,0.0,-1.14999997615814,-3.10500001907349,0.0,5.79999971389771,6.15136003494263,1.20477890968323,-1.33936309814453,6.1016149520874,1.19830429553986,-1.30099534988403,"(6.101615, 1.198304, -1.300995)",EyeArea,11.7516889572144,0.1,6.15136003494263,1.20477890968323,-1.33936309814453,0.00003628125675,90.3817622677577,0.00000323313938
215,left road,215,-3.00500011444092,0.0,5.79999971389771,-2.95000004768372,0.0,-1.14999997615814,-3.00500011444092,0.0,5.79999971389771,6.15136003494263,1.20477890968323,-1.33936309814453,6.10161781311035,1.19823372364044,-1.30057716369629,"(6.101618, 1.198234, -1.300577)",EyeArea,11.6730861663818,0.1,6.15136003494263,1.20477890968323,-1.33936309814453,0.00003628125675,90.3817622677577,0.00000323313938
216,left road,216,-2.90499997138977,0.0,5.79999971389771,-2.84999990463257,0.0,-1.14999997615814,-2.90499997138977,0.0,5.79999971389771,6.15136003494263,1.20477890968323,-1.33936309814453,6.1016206741333,1.19816195964813,-1.30015230178833,"(6.101621, 1.198162, -1.300152)",EyeArea,11.5948114395142,0.1,6.15136003494263,1.20477890968323,-1.33936309814453,0.00003628125675,90.3817622677577,0.00000323313938
217,left road,217,-2.8050000667572,0.0,5.79999971389771,-2.75,0.0,-1.14999997615814,-2.8050000667572,0.0,5.79999971389771,6.15136003494263,1.20477890968323,-1.33936309814453,6.10162353515625,1.19808852672577,-1.29971694946289,"(6.101624, 1.198089, -1.299717)",EyeArea,11.5168733596802,0.1,6.15136003494263,1.20477890968323,-1.33936309814453,0.00003628125675,90.3817622677577,0.00000323313938
218,left road,218,-2.70500016212463,0.0,5.79999971389771,-2.65000009536743,0.0,-1.14999997615814,-2.70500016212463,0.0,5.79999971389771,6.15136003494263,1.20477890968323,-1.33936309814453,6.1016263961792,1.19801330566406,-1.29927122592926,"(6.101626, 1.198013, -1.299271)",EyeArea,11.4392795562744,0.1,6.15136003494263,1.20477890968323,-1.33936309814453,0.00003628125675,90.3817622677577,0.00000323313938
219,left road,219,-2.60500001907349,0.0,5.79999971389771,-2.54999995231628,0.0,-1.14999997615814,-2.60500001907349,0.0,5.79999971389771,6.15136003494263,1.20477890968323,-1.33936309814453,6.10162925720215,1.19793653488159,-1.29881584644318,"(6.101629, 1.197937, -1.298816)",EyeArea,11.3620347976685,0.1,6.15136003494263,1.20477890968323,-1.33936309814453,0.00003628125675,90.3817622677577,0.00000323313938
220,left road,220,-2.50500011444092,0.0,5.79999971389771,-2.45000004768372,0.0,-1.14999997615814,-2.50500011444092,0.0,5.79999971389771,6.15136003494263,1.20477890968323,-1.33936309814453,6.10163259506226,1.19785785675049,-1.29834997653961,"(6.101633, 1.197858, -1.29835)",EyeArea,11.2851476669312,0.1,6.15136003494263,1.20477890968323,-1.33936309814453,0.00003628125675,90.3817622677577,0.00000323313938
221,left road,221,-2.40499997138977,0.0,5.79999971389771,-2.34999990463257,0.0,-1.14999997615814,-2.40499997138977,0.0,5.79999971389771,6.15136003494263,1.20477890968323,-1.33936309814453,5.56678342819214,1.12246751785278,-0.8515961766243,"(5.566783, 1.122468, -0.851596)",truck body CS,11.208625793457,0.1,6.15136003494263,1.20477890968323,-1.33936309814453,0.00003628125675,90.3817622677577,0.00000323313938
222,left road,222,-2.3050000667572,0.0,5.79999971389771,-2.25,0.0,-1.14999997615814,-2.3050000667572,0.0,5.79999971389771,6.15136003494263,1.20477890968323,-1.33936309814453,5.56819438934326,1.12169528007507,-0.8470202088356,"(5.568194, 1.121695, -0.84702)",truck body CS,11.1324758529663,0.1,6.15136003494263,1.20477890968323,-1.33936309814453,0.00003628125675,90.3817622677577,0.00000323313938
223,left road,223,-2.20500016212463,0.0,5.79999971389771,-2.15000009536743,0.0,-1.14999997615814,-2.20500016212463,0.0,5.79999971389771,6.15136003494263,1.20477890968323,-1.33936309814453,5.56963586807251,1.12090873718262,-0.84236019849777,"(5.569636, 1.120909, -0.84236)",truck body CS,11.0567064285278,0.1,6.15136003494263,1.20477890968323,-1.33936309814453,0.00003628125675,90.3817622677577,0.00000323313938
224,left road,224,-2.10500001907349,0.0,5.79999971389771,-2.04999995231628,0.0,-1.14999997615814,-2.10500001907349,0.0,5.79999971389771,6.15136003494263,1.20477890968323,-1.33936309814453,5.57110595703125,1.12010753154755,-0.83761191368103,"(5.571106, 1.120108, -0.837612)",truck body CS,10.9813241958618,0.1,6.15136003494263,1.20477890968323,-1.33936309814453,0.00003628125675,90.3817622677577,0.00000323313938
225,left road,225,-2.00500011444092,0.0,5.79999971389771,-1.95000004768372,0.0,-1.14999997615814,-2.00500011444092,0.0,5.79999971389771,6.15136003494263,1.20477890968323,-1.33936309814453,5.57260370254517,1.11929059028625,-0.83277040719986,"(5.572604, 1.119291, -0.83277)",truck body CS,10.9063377380371,0.1,6.15136003494263,1.20477890968323,-1.33936309814453,0.00003628125675,90.3817622677577,0.00000323313938
226,left road,226,-1.90499997138977,0.0,5.79999971389771,-1.85000002384186,0.0,-1.14999997615814,-1.90499997138977,0.0,5.79999971389771,6.15136003494263,1.20477890968323,-1.33936309814453,5.57413053512573,1.11845779418945,-0.82783514261246,"(5.574131, 1.118458, -0.827835)",truck body CS,10.8317556381226,0.1,6.15136003494263,1.20477890968323,-1.33936309814453,0.00003628125675,90.3817622677577,0.00000323313938
227,left road,227,-1.80499994754791,0.0,5.79999971389771,-1.75,0.0,-1.14999997615814,-1.80499994754791,0.0,5.79999971389771,6.15136003494263,1.20477890968323,-1.33936309814453,5.57568645477295,1.11760854721069,-0.8228023648262,"(5.575686, 1.117609, -0.822802)",truck body CS,10.7575855255127,0.1,6.15136003494263,1.20477890968323,-1.33936309814453,0.00003628125675,90.3817622677577,0.00000323313938
228,left road,228,-1.70499992370605,0.0,5.79999971389771,-1.64999997615814,0.0,-1.14999997615814,-1.70499992370605,0.0,5.79999971389771,6.15136003494263,1.20477890968323,-1.33936309814453,5.5772762298584,1.11674284934998,-0.81767219305038,"(5.577276, 1.116743, -0.817672)",truck body CS,10.683837890625,0.1,6.15136003494263,1.20477890968323,-1.33936309814453,0.00003628125675,90.3817622677577,0.00000323313938
229,left road,229,-1.6049998998642,0.0,5.79999971389771,-1.54999995231628,0.0,-1.14999997615814,-1.6049998998642,0.0,5.79999971389771,6.15136003494263,1.20477890968323,-1.33936309814453,5.57889556884766,1.11585927009583,-0.81243723630905,"(5.578896, 1.115859, -0.812437)",truck body CS,10.6105194091797,0.1,6.15136003494263,1.20477890968323,-1.33936309814453,0.00003628125675,90.3817622677577,0.00000323313938
230,left road,230,-1.50499999523163,0.0,5.79999971389771,-1.45000004768372,0.0,-1.14999997615814,-1.50499999523163,0.0,5.79999971389771,6.15136003494263,1.20477890968323,-1.33936309814453,5.58054828643799,1.11495792865753,-0.80709630250931,"(5.580548, 1.114958, -0.807096)",truck body CS,10.5376396179199,0.1,6.15136003494263,1.20477890968323,-1.33936309814453,0.00003628125675,90.3817622677577,0.00000323313938
231,left road,231,-1.40499997138977,0.0,5.79999971389771,-1.35000002384186,0.0,-1.14999997615814,-1.40499997138977,0.0,5.79999971389771,6.15136003494263,1.20477890968323,-1.33936309814453,5.58223628997803,1.11403834819794,-0.80164635181427,"(5.582236, 1.114038, -0.801646)",truck body CS,10.4652070999146,0.1,6.15136003494263,1.20477890968323,-1.33936309814453,0.00003628125675,90.3817622677577,0.00000323313938
232,left road,232,-1.30499994754791,0.0,5.79999971389771,-1.25,0.0,-1.14999997615814,-1.30499994754791,0.0,5.79999971389771,6.15136003494263,1.20477890968323,-1.33936309814453,5.58395671844482,1.11309945583344,-0.79608309268951,"(5.583957, 1.113099, -0.796083)",truck body CS,10.3932332992554,0.1,6.15136003494263,1.20477890968323,-1.33936309814453,0.00003628125675,90.3817622677577,0.00000323313938
233,left road,233,-1.20499992370605,0.0,5.79999971389771,-1.14999997615814,0.0,-1.14999997615814,-1.20499992370605,0.0,5.79999971389771,6.15136003494263,1.20477890968323,-1.33936309814453,5.58571338653564,1.11214089393616,-0.79040175676346,"(5.585713, 1.112141, -0.790402)",truck body CS,10.3217258453369,0.1,6.15136003494263,1.20477890968323,-1.33936309814453,0.00003628125675,90.3817622677577,0.00000323313938
234,left road,234,-1.1049998998642,0.0,5.79999971389771,-1.04999995231628,0.0,-1.14999997615814,-1.1049998998642,0.0,5.79999971389771,6.15136003494263,1.20477890968323,-1.33936309814453,5.58750820159912,1.11116218566895,-0.78460276126862,"(5.587508, 1.111162, -0.784603)",truck body CS,10.2506952285767,0.1,6.15136003494263,1.20477890968323,-1.33936309814453,0.00003628125675,90.3817622677577,0.00000323313938
235,left road,235,-1.00499999523163,0.0,5.79999971389771,-0.94999998807907,0.0,-1.14999997615814,-1.00499999523163,0.0,5.79999971389771,6.15136003494263,1.20477890968323,-1.33936309814453,5.58934211730957,1.11016273498535,-0.77868020534515,"(5.589342, 1.110163, -0.77868)",truck body CS,10.1801509857178,0.1,6.15136003494263,1.20477890968323,-1.33936309814453,0.00003628125675,90.3817622677577,0.00000323313938
236,left road,236,-0.90500003099442,0.0,5.79999971389771,-0.85000002384186,0.0,-1.14999997615814,-0.90500003099442,0.0,5.79999971389771,6.15136003494263,1.20477890968323,-1.33936309814453,5.59132480621338,1.10916042327881,-0.77274030447006,"(5.591325, 1.10916, -0.77274)",truck body CS,10.1101045608521,0.1,6.15136003494263,1.20477890968323,-1.33936309814453,0.00003628125675,90.3817622677577,0.00000323313938
237,left road,237,-0.80500000715256,0.0,5.79999971389771,-0.75,0.0,-1.14999997615814,-0.80500000715256,0.0,5.79999971389771,6.15136003494263,1.20477890968323,-1.33936309814453,5.59492588043213,1.10840940475464,-0.76829117536545,"(5.594926, 1.108409, -0.768291)",truck body CS,10.0405645370483,0.1,6.15136003494263,1.20477890968323,-1.33936309814453,0.00003628125675,90.3817622677577,0.00000323313938
238,left road,238,-0.7049999833107,0.0,5.79999971389771,-0.64999997615814,0.0,-1.14999997615814,-0.7049999833107,0.0,5.79999971389771,6.15136003494263,1.20477890968323,-1.33936309814453,5.59858179092407,1.10764646530151,-0.76376920938492,"(5.598582, 1.107646, -0.763769)",truck body CS,9.97154235839844,0.1,6.15136003494263,1.20477890968323,-1.33936309814453,0.00003628125675,90.3817622677577,0.00000323313938
239,left road,239,-0.60500001907349,0.0,5.79999971389771,-0.55000001192093,0.0,-1.14999997615814,-0.60500001907349,0.0,5.79999971389771,6.15136003494263,1.20477890968323,-1.33936309814453,5.60229682922363,1.10687124729156,-0.75917565822601,"(5.602297, 1.106871, -0.759176)",truck body CS,9.90304946899414,0.1,6.15136003494263,1.20477890968323,-1.33936309814453,0.00003628125675,90.3817622677577,0.00000323313938
240,left road,240,-0.50499999523163,0.0,5.79999971389771,-0.44999998807907,0.0,-1.14999997615814,-0.50499999523163,0.0,5.79999971389771,6.15136003494263,1.20477890968323,-1.33936309814453,5.60607099533081,1.10608351230621,-0.7545074224472,"(5.606071, 1.106084, -0.754507)",truck body CS,9.83509635925293,0.1,6.15136003494263,1.20477890968323,-1.33936309814453,0.00003628125675,90.3817622677577,0.00000323313938
241,left road,241,-0.40500000119209,0.0,5.79999971389771,-0.34999999403954,0.0,-1.14999997615814,-0.40500000119209,0.0,5.79999971389771,6.15136003494263,1.20477890968323,-1.33936309814453,5.60990810394287,1.10528326034546,-0.74976450204849,"(5.609908, 1.105283, -0.749765)",truck body CS,9.7676944732666,0.1,6.15136003494263,1.20477890968323,-1.33936309814453,0.00003628125675,90.3817622677577,0.00000323313938
242,left road,242,-0.30500000715256,0.0,5.79999971389771,-0.25,0.0,-1.14999997615814,-0.30500000715256,0.0,5.79999971389771,6.15136003494263,1.20477890968323,-1.33936309814453,5.61380767822266,1.10446989536285,-0.74494510889053,"(5.613808, 1.10447, -0.744945)",truck body CS,9.70085430145264,0.1,6.15136003494263,1.20477890968323,-1.33936309814453,0.00003628125675,90.3817622677577,0.00000323313938
243,left road,243,-0.20500001311302,0.0,5.79999971389771,-0.15000000596046,0.0,-1.14999997615814,-0.20500001311302,0.0,5.79999971389771,6.15136003494263,1.20477890968323,-1.33936309814453,5.6177716255188,1.10364305973053,-0.74004501104355,"(5.617772, 1.103643, -0.740045)",truck body CS,9.63458919525146,0.1,6.15136003494263,1.20477890968323,-1.33936309814453,0.00003628125675,90.3817622677577,0.00000323313938
244,left road,244,-0.10500000417233,0.0,5.79999971389771,-0.05000000074506,0.0,-1.14999997615814,-0.10500000417233,0.0,5.79999971389771,6.15136003494263,1.20477890968323,-1.33936309814453,5.62212514877319,1.10286498069763,-0.73543429374695,"(5.622125, 1.102865, -0.735434)",truck body CS,9.56890964508057,0.1,6.15136003494263,1.20477890968323,-1.33936309814453,0.00003628125675,90.3817622677577,0.00000323313938
245,left road,245,-0.00499999895692,0.0,5.79999971389771,0.05000000074506,0.0,-1.14999997615814,-0.00499999895692,0.0,5.79999971389771,6.15136003494263,1.20477890968323,-1.33936309814453,5.6266131401062,1.10208773612976,-0.73082935810089,"(5.626613, 1.102088, -0.730829)",truck body CS,9.50382900238037,0.1,6.15136003494263,1.20477890968323,-1.33936309814453,0.00003628125675,90.3817622677577,0.00000323313938
246,left road,246,0.09500000625849,0.0,5.79999971389771,0.15000000596046,0.0,-1.14999997615814,0.09500000625849,0.0,5.79999971389771,6.15136003494263,1.20477890968323,-1.33936309814453,5.63116979598999,1.10129868984222,-0.7261528968811,"(5.63117, 1.101299, -0.726153)",truck body CS,9.43935871124268,0.1,6.15136003494263,1.20477890968323,-1.33936309814453,0.00003628125675,90.3817622677577,0.00000323313938
247,left road,247,0.19499999284744,0.0,5.79999971389771,0.25,0.0,-1.14999997615814,0.19499999284744,0.0,5.79999971389771,6.15136003494263,1.20477890968323,-1.33936309814453,5.63579654693604,1.10049724578857,-0.72140371799469,"(5.635797, 1.100497, -0.721404)",truck body CS,9.37551116943359,0.1,6.15136003494263,1.20477890968323,-1.33936309814453,0.00003628125675,90.3817622677577,0.00000323313938
248,left road,248,0.29499998688698,0.0,5.79999971389771,0.34999999403954,0.0,-1.14999997615814,0.29499998688698,0.0,5.79999971389771,6.15136003494263,1.20477890968323,-1.33936309814453,5.6404972076416,1.09968364238739,-0.7165824174881,"(5.640497, 1.099684, -0.716582)",truck body CS,9.31230068206787,0.1,6.15136003494263,1.20477890968323,-1.33936309814453,0.00003628125675,90.3817622677577,0.00000323313938
249,left road,249,0.39499998092651,0.0,5.79999971389771,0.44999998807907,0.0,-1.14999997615814,0.39499998092651,0.0,5.79999971389771,6.15136003494263,1.20477890968323,-1.33936309814453,5.6452693939209,1.09885668754578,-0.71168160438538,"(5.645269, 1.098857, -0.711682)",truck body CS,9.24973964691162,0.1,6.15136003494263,1.20477890968323,-1.33936309814453,0.00003628125675,90.3817622677577,0.00000323313938
250,left road,250,0.49500000476837,0.0,5.79999971389771,0.55000001192093,0.0,-1.14999997615814,0.49500000476837,0.0,5.79999971389771,6.15136003494263,1.20477890968323,-1.33936309814453,5.65011835098267,1.0980167388916,-0.70670425891876,"(5.650118, 1.098017, -0.706704)",truck body CS,9.18783950805664,0.1,6.15136003494263,1.20477890968323,-1.33936309814453,0.00003628125675,90.3817622677577,0.00000323313938
251,left road,251,0.59499996900558,0.0,5.79999971389771,0.64999997615814,0.0,-1.14999997615814,0.59499996900558,0.0,5.79999971389771,6.15136003494263,1.20477890968323,-1.33936309814453,5.65503263473511,1.09716081619263,-0.70163226127625,"(5.655033, 1.097161, -0.701632)",truck body CS,9.12661647796631,0.1,6.15136003494263,1.20477890968323,-1.33936309814453,0.00003628125675,90.3817622677577,0.00000323313938
252,left road,252,0.69499999284744,0.0,5.79999971389771,0.75,0.0,-1.14999997615814,0.69499999284744,0.0,5.79999971389771,6.15136003494263,1.20477890968323,-1.33936309814453,5.66005325317383,1.09629702568054,-0.69651389122009,"(5.660053, 1.096297, -0.696514)",truck body CS,9.06608295440674,0.1,6.15136003494263,1.20477890968323,-1.33936309814453,0.00003628125675,90.3817622677577,0.00000323313938
253,left road,253,0.7950000166893,0.0,5.79999971389771,0.85000002384186,0.0,-1.14999997615814,0.7950000166893,0.0,5.79999971389771,6.15136003494263,1.20477890968323,-1.33936309814453,5.66548585891724,1.09549379348755,-0.6917542219162,"(5.665486, 1.095494, -0.691754)",truck body CS,9.00625228881836,0.1,6.15136003494263,1.20477890968323,-1.33936309814453,0.00003628125675,90.3817622677577,0.00000323313938
254,left road,254,0.89499998092651,0.0,5.79999971389771,0.94999998807907,0.0,-1.14999997615814,0.89499998092651,0.0,5.79999971389771,6.15136003494263,1.20477890968323,-1.33936309814453,5.67406177520752,1.0953803062439,-0.69108140468597,"(5.674062, 1.09538, -0.691081)",truck body CS,8.94713973999023,0.1,6.15136003494263,1.20477890968323,-1.33936309814453,0.00003628125675,90.3817622677577,0.00000323313938
255,left road,255,0.99499994516373,0.0,5.79999971389771,1.04999995231628,0.0,-1.14999997615814,0.99499994516373,0.0,5.79999971389771,6.15136003494263,1.20477890968323,-1.33936309814453,5.6843376159668,1.0956597328186,-0.69273734092712,"(5.684338, 1.09566, -0.692737)",truck body CS,8.88875961303711,0.1,6.15136003494263,1.20477890968323,-1.33936309814453,0.00003628125675,90.3817622677577,0.00000323313938
256,left road,256,1.09500002861023,0.0,5.79999971389771,1.14999997615814,0.0,-1.14999997615814,1.09500002861023,0.0,5.79999971389771,6.15136003494263,1.20477890968323,-1.33936309814453,5.69452285766602,1.09592819213867,-0.69432854652405,"(5.694523, 1.095928, -0.694329)",truck body CS,8.83112525939941,0.1,6.15136003494263,1.20477890968323,-1.33936309814453,0.00003628125675,90.3817622677577,0.00000323313938
257,left road,257,1.19500005245209,0.0,5.79999971389771,1.25,0.0,-1.14999997615814,1.19500005245209,0.0,5.79999971389771,6.15136003494263,1.20477890968323,-1.33936309814453,5.70465850830078,1.096195936203,-0.69591462612152,"(5.704659, 1.096196, -0.695915)",truck body CS,8.77425193786621,0.1,6.15136003494263,1.20477890968323,-1.33936309814453,0.00003628125675,90.3817622677577,0.00000323313938
258,left road,258,1.29500007629395,0.0,5.79999971389771,1.35000002384186,0.0,-1.14999997615814,1.29500007629395,0.0,5.79999971389771,6.15136003494263,1.20477890968323,-1.33936309814453,5.71474361419678,1.09646201133728,-0.69749116897583,"(5.714744, 1.096462, -0.697491)",truck body CS,8.71815490722656,0.1,6.15136003494263,1.20477890968323,-1.33936309814453,0.00003628125675,90.3817622677577,0.00000323313938
259,left road,259,1.3950001001358,0.0,5.79999971389771,1.45000004768372,0.0,-1.14999997615814,1.3950001001358,0.0,5.79999971389771,6.15136003494263,1.20477890968323,-1.33936309814453,5.7303409576416,1.09813547134399,-0.70740854740143,"(5.730341, 1.098135, -0.707409)",truck body CS,8.66284942626953,0.1,6.15136003494263,1.20477890968323,-1.33936309814453,0.00003628125675,90.3817622677577,0.00000323313938
260,left road,260,1.49500000476837,0.0,5.79999971389771,1.54999995231628,0.0,-1.14999997615814,1.49500000476837,0.0,5.79999971389771,6.15136003494263,1.20477890968323,-1.33936309814453,6.11860656738281,1.19630432128906,-1.28914415836334,"(6.118607, 1.196304, -1.289144)",EyeArea,8.60834980010986,0.1,6.15136003494263,1.20477890968323,-1.33936309814453,0.00003628125675,90.3817622677577,0.00000323313938
261,left road,261,1.59500002861023,0.0,5.79999971389771,1.64999997615814,0.0,-1.14999997615814,1.59500002861023,0.0,5.79999971389771,6.15136003494263,1.20477890968323,-1.33936309814453,6.11931371688843,1.19630515575409,-1.28914880752563,"(6.119314, 1.196305, -1.289149)",EyeArea,8.55467224121094,0.1,6.15136003494263,1.20477890968323,-1.33936309814453,0.00003628125675,90.3817622677577,0.00000323313938
262,left road,262,1.69500005245209,0.0,5.79999971389771,1.75,0.0,-1.14999997615814,1.69500005245209,0.0,5.79999971389771,6.15136003494263,1.20477890968323,-1.33936309814453,6.12001943588257,1.19630599021912,-1.28915357589722,"(6.120019, 1.196306, -1.289154)",EyeArea,8.5018310546875,0.1,6.15136003494263,1.20477890968323,-1.33936309814453,0.00003628125675,90.3817622677577,0.00000323313938
263,left road,263,1.79500007629395,0.0,5.79999971389771,1.85000002384186,0.0,-1.14999997615814,1.79500007629395,0.0,5.79999971389771,6.15136003494263,1.20477890968323,-1.33936309814453,6.12072563171387,1.19630682468414,-1.28915822505951,"(6.120726, 1.196307, -1.289158)",EyeArea,8.44984436035156,0.1,6.15136003494263,1.20477890968323,-1.33936309814453,0.00003628125675,90.3817622677577,0.00000323313938
264,left road,264,1.8950001001358,0.0,5.79999971389771,1.95000004768372,0.0,-1.14999997615814,1.8950001001358,0.0,5.79999971389771,6.15136003494263,1.20477890968323,-1.33936309814453,6.12143182754517,1.19630753993988,-1.28916299343109,"(6.121432, 1.196308, -1.289163)",EyeArea,8.39872550964355,0.1,6.15136003494263,1.20477890968323,-1.33936309814453,0.00003628125675,90.3817622677577,0.00000323313938
265,left road,265,1.99500000476837,0.0,5.79999971389771,2.04999995231628,0.0,-1.14999997615814,1.99500000476837,0.0,5.79999971389771,6.15136003494263,1.20477890968323,-1.33936309814453,6.12213754653931,1.19630837440491,-1.28916764259338,"(6.122138, 1.196308, -1.289168)",EyeArea,8.34849262237549,0.1,6.15136003494263,1.20477890968323,-1.33936309814453,0.00003628125675,90.3817622677577,0.00000323313938
266,left road,266,2.09500002861023,0.0,5.79999971389771,2.15000009536743,0.0,-1.14999997615814,2.09500002861023,0.0,5.79999971389771,6.15136003494263,1.20477890968323,-1.33936309814453,6.12284374237061,1.19630908966064,-1.28917241096497,"(6.122844, 1.196309, -1.289172)",EyeArea,8.29916000366211,0.1,6.15136003494263,1.20477890968323,-1.33936309814453,0.00003628125675,90.3817622677577,0.00000323313938
267,left road,267,2.1949999332428,0.0,5.79999971389771,2.25,0.0,-1.14999997615814,2.1949999332428,0.0,5.79999971389771,6.15136003494263,1.20477890968323,-1.33936309814453,6.12354898452759,1.19630992412567,-1.28917706012726,"(6.123549, 1.19631, -1.289177)",EyeArea,8.2507438659668,0.1,6.15136003494263,1.20477890968323,-1.33936309814453,0.00003628125675,90.3817622677577,0.00000323313938
268,left road,268,2.29499983787537,0.0,5.79999971389771,2.34999990463257,0.0,-1.14999997615814,2.29499983787537,0.0,5.79999971389771,6.15136003494263,1.20477890968323,-1.33936309814453,6.12425422668457,1.1963107585907,-1.28918170928955,"(6.124254, 1.196311, -1.289182)",EyeArea,8.20326137542725,0.1,6.15136003494263,1.20477890968323,-1.33936309814453,0.00003628125675,90.3817622677577,0.00000323313938
269,left road,269,2.39499998092651,0.0,5.79999971389771,2.45000004768372,0.0,-1.14999997615814,2.39499998092651,0.0,5.79999971389771,6.15136003494263,1.20477890968323,-1.33936309814453,6.12495994567871,1.19631147384644,-1.28918647766113,"(6.12496, 1.196311, -1.289186)",EyeArea,8.15672969818115,0.1,6.15136003494263,1.20477890968323,-1.33936309814453,0.00003628125675,90.3817622677577,0.00000323313938
270,left road,270,2.49499988555908,0.0,5.79999971389771,2.54999995231628,0.0,-1.14999997615814,2.49499988555908,0.0,5.79999971389771,6.15136003494263,1.20477890968323,-1.33936309814453,6.12566471099854,1.19631230831146,-1.28919112682343,"(6.125665, 1.196312, -1.289191)",EyeArea,8.11116313934326,0.1,6.15136003494263,1.20477890968323,-1.33936309814453,0.00003628125675,90.3817622677577,0.00000323313938
271,left road,271,2.59500002861023,0.0,5.79999971389771,2.65000009536743,0.0,-1.14999997615814,2.59500002861023,0.0,5.79999971389771,6.15136003494263,1.20477890968323,-1.33936309814453,6.12636995315552,1.19631314277649,-1.28919589519501,"(6.12637, 1.196313, -1.289196)",EyeArea,8.06657791137695,0.1,6.15136003494263,1.20477890968323,-1.33936309814453,0.00003628125675,90.3817622677577,0.00000323313938
272,left road,272,2.6949999332428,0.0,5.79999971389771,2.75,0.0,-1.14999997615814,2.6949999332428,0.0,5.79999971389771,6.15136003494263,1.20477890968323,-1.33936309814453,6.12707471847534,1.19631385803223,-1.2892005443573,"(6.127075, 1.196314, -1.289201)",EyeArea,8.02299308776855,0.1,6.15136003494263,1.20477890968323,-1.33936309814453,0.00003628125675,90.3817622677577,0.00000323313938
273,left road,273,2.79499983787537,0.0,5.79999971389771,2.84999990463257,0.0,-1.14999997615814,2.79499983787537,0.0,5.79999971389771,6.15136003494263,1.20477890968323,-1.33936309814453,6.12777996063232,1.19631469249725,-1.28920531272888,"(6.12778, 1.196315, -1.289205)",EyeArea,7.98042297363281,0.1,6.15136003494263,1.20477890968323,-1.33936309814453,0.00003628125675,90.3817622677577,0.00000323313938
274,left road,274,2.89499998092651,0.0,5.79999971389771,2.95000004768372,0.0,-1.14999997615814,2.89499998092651,0.0,5.79999971389771,6.15136003494263,1.20477890968323,-1.33936309814453,6.12848424911499,1.19631540775299,-1.28920996189117,"(6.128484, 1.196315, -1.28921)",EyeArea,7.93888378143311,0.1,6.15136003494263,1.20477890968323,-1.33936309814453,0.00003628125675,90.3817622677577,0.00000323313938
275,left road,275,2.99499988555908,0.0,5.79999971389771,3.04999995231628,0.0,-1.14999997615814,2.99499988555908,0.0,5.79999971389771,6.15136003494263,1.20477890968323,-1.33936309814453,6.12918901443481,1.19631624221802,-1.28921461105347,"(6.129189, 1.196316, -1.289215)",EyeArea,7.89839220046997,0.1,6.15136003494263,1.20477890968323,-1.33936309814453,0.00003628125675,90.3817622677577,0.00000323313938
276,left road,276,3.09500002861023,0.0,5.79999971389771,3.15000009536743,0.0,-1.14999997615814,3.09500002861023,0.0,5.79999971389771,6.15136003494263,1.20477890968323,-1.33936309814453,6.12989330291748,1.19631707668304,-1.28921937942505,"(6.129893, 1.196317, -1.289219)",EyeArea,7.85896492004395,0.1,6.15136003494263,1.20477890968323,-1.33936309814453,0.00003628125675,90.3817622677577,0.00000323313938
277,left road,277,3.1949999332428,0.0,5.79999971389771,3.25,0.0,-1.14999997615814,3.1949999332428,0.0,5.79999971389771,6.15136003494263,1.20477890968323,-1.33936309814453,6.13059759140015,1.19631779193878,-1.28922402858734,"(6.130598, 1.196318, -1.289224)",EyeArea,7.82061719894409,0.1,6.15136003494263,1.20477890968323,-1.33936309814453,0.00003628125675,90.3817622677577,0.00000323313938
278,left road,278,3.29499983787537,0.0,5.79999971389771,3.34999990463257,0.0,-1.14999997615814,3.29499983787537,0.0,5.79999971389771,6.15136003494263,1.20477890968323,-1.33936309814453,6.13130187988281,1.19631862640381,-1.28922867774963,"(6.131302, 1.196319, -1.289229)",EyeArea,7.78336620330811,0.1,6.15136003494263,1.20477890968323,-1.33936309814453,0.00003628125675,90.3817622677577,0.00000323313938
279,left road,279,3.39499998092651,0.0,5.79999971389771,3.45000004768372,0.0,-1.14999997615814,3.39499998092651,0.0,5.79999971389771,6.15136003494263,1.20477890968323,-1.33936309814453,6.13200616836548,1.19631946086884,-1.28923344612122,"(6.132006, 1.196319, -1.289233)",EyeArea,7.74722623825073,0.1,6.15136003494263,1.20477890968323,-1.33936309814453,0.00003628125675,90.3817622677577,0.00000323313938
280,left road,280,-3.50500011444092,0.0,5.89999961853027,-3.45000004768372,0.0,-1.04999995231628,-3.50500011444092,0.0,5.89999961853027,6.15136003494263,1.20477890968323,-1.33936309814453,6.10160779953003,1.19857156276703,-1.30206394195557,"(6.101608, 1.198572, -1.302064)",EyeArea,12.1286916732788,0.1,6.15136003494263,1.20477890968323,-1.33936309814453,0.00003628125675,90.3817622677577,0.00000323313938
281,left road,281,-3.40499997138977,0.0,5.89999961853027,-3.34999990463257,0.0,-1.04999995231628,-3.40499997138977,0.0,5.89999961853027,6.15136003494263,1.20477890968323,-1.33936309814453,6.10161018371582,1.1985068321228,-1.30167531967163,"(6.10161, 1.198507, -1.301675)",EyeArea,12.0492277145386,0.1,6.15136003494263,1.20477890968323,-1.33936309814453,0.00003628125675,90.3817622677577,0.00000323313938
282,left road,282,-3.3050000667572,0.0,5.89999961853027,-3.25,0.0,-1.04999995231628,-3.3050000667572,0.0,5.89999961853027,6.15136003494263,1.20477890968323,-1.33936309814453,6.10161304473877,1.19844102859497,-1.30128002166748,"(6.101613, 1.198441, -1.30128)",EyeArea,11.9700717926025,0.1,6.15136003494263,1.20477890968323,-1.33936309814453,0.00003628125675,90.3817622677577,0.00000323313938
283,left road,283,-3.20500016212463,0.0,5.89999961853027,-3.15000009536743,0.0,-1.04999995231628,-3.20500016212463,0.0,5.89999961853027,6.15136003494263,1.20477890968323,-1.33936309814453,6.10161590576172,1.19837355613709,-1.30087423324585,"(6.101616, 1.198374, -1.300874)",EyeArea,11.8912296295166,0.1,6.15136003494263,1.20477890968323,-1.33936309814453,0.00003628125675,90.3817622677577,0.00000323313938
284,left road,284,-3.10500001907349,0.0,5.89999961853027,-3.04999995231628,0.0,-1.04999995231628,-3.10500001907349,0.0,5.89999961853027,6.15136003494263,1.20477890968323,-1.33936309814453,6.10161828994751,1.19830465316772,-1.30046033859253,"(6.101618, 1.198305, -1.30046)",EyeArea,11.812707901001,0.1,6.15136003494263,1.20477890968323,-1.33936309814453,0.00003628125675,90.3817622677577,0.00000323313938
285,left road,285,-3.00500011444092,0.0,5.89999961853027,-2.95000004768372,0.0,-1.04999995231628,-3.00500011444092,0.0,5.89999961853027,6.15136003494263,1.20477890968323,-1.33936309814453,6.10162115097046,1.19823431968689,-1.30003786087036,"(6.101621, 1.198234, -1.300038)",EyeArea,11.7345132827759,0.1,6.15136003494263,1.20477890968323,-1.33936309814453,0.00003628125675,90.3817622677577,0.00000323313938
286,left road,286,-2.90499997138977,0.0,5.89999961853027,-2.84999990463257,0.0,-1.04999995231628,-2.90499997138977,0.0,5.89999961853027,6.15136003494263,1.20477890968323,-1.33936309814453,6.10162401199341,1.198162317276,-1.29960489273071,"(6.101624, 1.198162, -1.299605)",EyeArea,11.6566514968872,0.1,6.15136003494263,1.20477890968323,-1.33936309814453,0.00003628125675,90.3817622677577,0.00000323313938
287,left road,287,-2.8050000667572,0.0,5.89999961853027,-2.75,0.0,-1.04999995231628,-2.8050000667572,0.0,5.89999961853027,6.15136003494263,1.20477890968323,-1.33936309814453,6.10162734985352,1.19808900356293,-1.29916441440582,"(6.101627, 1.198089, -1.299164)",EyeArea,11.5791301727295,0.1,6.15136003494263,1.20477890968323,-1.33936309814453,0.00003628125675,90.3817622677577,0.00000323313938
288,left road,288,-2.70500016212463,0.0,5.89999961853027,-2.65000009536743,0.0,-1.04999995231628,-2.70500016212463,0.0,5.89999961853027,6.15136003494263,1.20477890968323,-1.33936309814453,6.10163021087646,1.19801378250122,-1.298712849617,"(6.10163, 1.198014, -1.298713)",EyeArea,11.5019559860229,0.1,6.15136003494263,1.20477890968323,-1.33936309814453,0.00003628125675,90.3817622677577,0.00000323313938
289,left road,289,-2.60500001907349,0.0,5.89999961853027,-2.54999995231628,0.0,-1.04999995231628,-2.60500001907349,0.0,5.89999961853027,6.15136003494263,1.20477890968323,-1.33936309814453,6.10163307189941,1.19793701171875,-1.29825127124786,"(6.101633, 1.197937, -1.298251)",EyeArea,11.4251346588135,0.1,6.15136003494263,1.20477890968323,-1.33936309814453,0.00003628125675,90.3817622677577,0.00000323313938
290,left road,290,-2.50500011444092,0.0,5.89999961853027,-2.45000004768372,0.0,-1.04999995231628,-2.50500011444092,0.0,5.89999961853027,6.15136003494263,1.20477890968323,-1.33936309814453,5.5690221786499,1.12372994422913,-0.8523508310318,"(5.569022, 1.12373, -0.852351)",truck body CS,11.3486757278442,0.1,6.15136003494263,1.20477890968323,-1.33936309814453,0.00003628125675,90.3817622677577,0.00000323313938
291,left road,291,-2.40499997138977,0.0,5.89999961853027,-2.34999990463257,0.0,-1.04999995231628,-2.40499997138977,0.0,5.89999961853027,6.15136003494263,1.20477890968323,-1.33936309814453,5.56933498382568,1.12282681465149,-0.84692347049713,"(5.569335, 1.122827, -0.846923)",truck body CS,11.2725849151611,0.1,6.15136003494263,1.20477890968323,-1.33936309814453,0.00003628125675,90.3817622677577,0.00000323313938
292,left road,292,-2.3050000667572,0.0,5.89999961853027,-2.25,0.0,-1.04999995231628,-2.3050000667572,0.0,5.89999961853027,6.15136003494263,1.20477890968323,-1.33936309814453,5.57076644897461,1.12206172943115,-0.8423256278038,"(5.570766, 1.122062, -0.842326)",truck body CS,11.1968698501587,0.1,6.15136003494263,1.20477890968323,-1.33936309814453,0.00003628125675,90.3817622677577,0.00000323313938
293,left road,293,-2.20500016212463,0.0,5.89999961853027,-2.15000009536743,0.0,-1.04999995231628,-2.20500016212463,0.0,5.89999961853027,6.15136003494263,1.20477890968323,-1.33936309814453,5.57222700119019,1.12128221988678,-0.83764255046844,"(5.572227, 1.121282, -0.837643)",truck body CS,11.1215381622314,0.1,6.15136003494263,1.20477890968323,-1.33936309814453,0.00003628125675,90.3817622677577,0.00000323313938
294,left road,294,-2.10500001907349,0.0,5.89999961853027,-2.04999995231628,0.0,-1.04999995231628,-2.10500001907349,0.0,5.89999961853027,6.15136003494263,1.20477890968323,-1.33936309814453,5.57371425628662,1.12048816680908,-0.83287060260773,"(5.573714, 1.120488, -0.832871)",truck body CS,11.0465984344482,0.1,6.15136003494263,1.20477890968323,-1.33936309814453,0.00003628125675,90.3817622677577,0.00000323313938
295,left road,295,-2.00500011444092,0.0,5.89999961853027,-1.95000004768372,0.0,-1.04999995231628,-2.00500011444092,0.0,5.89999961853027,6.15136003494263,1.20477890968323,-1.33936309814453,5.57523059844971,1.11967849731445,-0.82800602912903,"(5.575231, 1.119678, -0.828006)",truck body CS,10.9720592498779,0.1,6.15136003494263,1.20477890968323,-1.33936309814453,0.00003628125675,90.3817622677577,0.00000323313938
296,left road,296,-1.90499997138977,0.0,5.89999961853027,-1.85000002384186,0.0,-1.04999995231628,-1.90499997138977,0.0,5.89999961853027,6.15136003494263,1.20477890968323,-1.33936309814453,5.57677555084229,1.11885321140289,-0.82304704189301,"(5.576776, 1.118853, -0.823047)",truck body CS,10.8979263305664,0.1,6.15136003494263,1.20477890968323,-1.33936309814453,0.00003628125675,90.3817622677577,0.00000323313938
297,left road,297,-1.80499994754791,0.0,5.89999961853027,-1.75,0.0,-1.04999995231628,-1.80499994754791,0.0,5.89999961853027,6.15136003494263,1.20477890968323,-1.33936309814453,5.5783519744873,1.11801218986511,-0.81799304485321,"(5.578352, 1.118012, -0.817993)",truck body CS,10.8242101669312,0.1,6.15136003494263,1.20477890968323,-1.33936309814453,0.00003628125675,90.3817622677577,0.00000323313938
298,left road,298,-1.70499992370605,0.0,5.89999961853027,-1.64999997615814,0.0,-1.04999995231628,-1.70499992370605,0.0,5.89999961853027,6.15136003494263,1.20477890968323,-1.33936309814453,5.57995891571045,1.11715412139893,-0.81283736228943,"(5.579959, 1.117154, -0.812837)",truck body CS,10.750919342041,0.1,6.15136003494263,1.20477890968323,-1.33936309814453,0.00003628125675,90.3817622677577,0.00000323313938
299,left road,299,-1.6049998998642,0.0,5.89999961853027,-1.54999995231628,0.0,-1.04999995231628,-1.6049998998642,0.0,5.89999961853027,6.15136003494263,1.20477890968323,-1.33936309814453,5.58159923553467,1.11627924442291,-0.80757939815521,"(5.581599, 1.116279, -0.807579)",truck body CS,10.6780605316162,0.1,6.15136003494263,1.20477890968323,-1.33936309814453,0.00003628125675,90.3817622677577,0.00000323313938
300,left road,300,-1.50499999523163,0.0,5.89999961853027,-1.45000004768372,0.0,-1.04999995231628,-1.50499999523163,0.0,5.89999961853027,6.15136003494263,1.20477890968323,-1.33936309814453,5.58327150344849,1.11538636684418,-0.80221474170685,"(5.583272, 1.115386, -0.802215)",truck body CS,10.6056451797485,0.1,6.15136003494263,1.20477890968323,-1.33936309814453,0.00003628125675,90.3817622677577,0.00000323313938
301,left road,301,-1.40499997138977,0.0,5.89999961853027,-1.35000002384186,0.0,-1.04999995231628,-1.40499997138977,0.0,5.89999961853027,6.15136003494263,1.20477890968323,-1.33936309814453,5.58497762680054,1.11447536945343,-0.79674053192139,"(5.584978, 1.114475, -0.796741)",truck body CS,10.5336809158325,0.1,6.15136003494263,1.20477890968323,-1.33936309814453,0.00003628125675,90.3817622677577,0.00000323313938
302,left road,302,-1.30499994754791,0.0,5.89999961853027,-1.25,0.0,-1.04999995231628,-1.30499994754791,0.0,5.89999961853027,6.15136003494263,1.20477890968323,-1.33936309814453,5.58671855926514,1.11354565620422,-0.79115426540375,"(5.586719, 1.113546, -0.791154)",truck body CS,10.4621782302856,0.1,6.15136003494263,1.20477890968323,-1.33936309814453,0.00003628125675,90.3817622677577,0.00000323313938
303,left road,303,-1.20499992370605,0.0,5.89999961853027,-1.14999997615814,0.0,-1.04999995231628,-1.20499992370605,0.0,5.89999961853027,6.15136003494263,1.20477890968323,-1.33936309814453,5.58849573135376,1.11259651184082,-0.78545159101486,"(5.588496, 1.112597, -0.785452)",truck body CS,10.3911447525024,0.1,6.15136003494263,1.20477890968323,-1.33936309814453,0.00003628125675,90.3817622677577,0.00000323313938
304,left road,304,-1.1049998998642,0.0,5.89999961853027,-1.04999995231628,0.0,-1.04999995231628,-1.1049998998642,0.0,5.89999961853027,6.15136003494263,1.20477890968323,-1.33936309814453,5.59031057357788,1.11162757873535,-0.7796283364296,"(5.590311, 1.111628, -0.779628)",truck body CS,10.3205919265747,0.1,6.15136003494263,1.20477890968323,-1.33936309814453,0.00003628125675,90.3817622677577,0.00000323313938
305,left road,305,-1.00499999523163,0.0,5.89999961853027,-0.94999998807907,0.0,-1.04999995231628,-1.00499999523163,0.0,5.89999961853027,6.15136003494263,1.20477890968323,-1.33936309814453,5.59223604202271,1.11065006256104,-0.77375519275665,"(5.592236, 1.11065, -0.773755)",truck body CS,10.2505292892456,0.1,6.15136003494263,1.20477890968323,-1.33936309814453,0.00003628125675,90.3817622677577,0.00000323313938
306,left road,306,-0.90500003099442,0.0,5.89999961853027,-0.85000002384186,0.0,-1.04999995231628,-0.90500003099442,0.0,5.89999961853027,6.15136003494263,1.20477890968323,-1.33936309814453,5.59578704833984,1.10992228984833,-0.76938211917877,"(5.595787, 1.109922, -0.769382)",truck body CS,10.1809663772583,0.1,6.15136003494263,1.20477890968323,-1.33936309814453,0.00003628125675,90.3817622677577,0.00000323313938
307,left road,307,-0.80500000715256,0.0,5.89999961853027,-0.75,0.0,-1.04999995231628,-0.80500000715256,0.0,5.89999961853027,6.15136003494263,1.20477890968323,-1.33936309814453,5.59939241409302,1.10918307304382,-0.76494038105011,"(5.599392, 1.109183, -0.76494)",truck body CS,10.1119146347046,0.1,6.15136003494263,1.20477890968323,-1.33936309814453,0.00003628125675,90.3817622677577,0.00000323313938
308,left road,308,-0.7049999833107,0.0,5.89999961853027,-0.64999997615814,0.0,-1.04999995231628,-0.7049999833107,0.0,5.89999961853027,6.15136003494263,1.20477890968323,-1.33936309814453,5.60305404663086,1.10843229293823,-0.76042824983597,"(5.603054, 1.108432, -0.760428)",truck body CS,10.0433826446533,0.1,6.15136003494263,1.20477890968323,-1.33936309814453,0.00003628125675,90.3817622677577,0.00000323313938
309,left road,309,-0.60500001907349,0.0,5.89999961853027,-0.55000001192093,0.0,-1.04999995231628,-0.60500001907349,0.0,5.89999961853027,6.15136003494263,1.20477890968323,-1.33936309814453,5.606773853302,1.10766959190369,-0.7558456659317,"(5.606774, 1.10767, -0.755846)",truck body CS,9.97538280487061,0.1,6.15136003494263,1.20477890968323,-1.33936309814453,0.00003628125675,90.3817622677577,0.00000323313938
310,left road,310,-0.50499999523163,0.0,5.89999961853027,-0.44999998807907,0.0,-1.04999995231628,-0.50499999523163,0.0,5.89999961853027,6.15136003494263,1.20477890968323,-1.33936309814453,5.61055469512939,1.10689508914948,-0.75119143724442,"(5.610555, 1.106895, -0.751191)",truck body CS,9.90792560577393,0.1,6.15136003494263,1.20477890968323,-1.33936309814453,0.00003628125675,90.3817622677577,0.00000323313938
311,left road,311,-0.40500000119209,0.0,5.89999961853027,-0.34999999403954,0.0,-1.04999995231628,-0.40500000119209,0.0,5.89999961853027,6.15136003494263,1.20477890968323,-1.33936309814453,5.6143946647644,1.10610771179199,-0.74646019935608,"(5.614395, 1.106108, -0.74646)",truck body CS,9.84102249145508,0.1,6.15136003494263,1.20477890968323,-1.33936309814453,0.00003628125675,90.3817622677577,0.00000323313938
312,left road,312,-0.30500000715256,0.0,5.89999961853027,-0.25,0.0,-1.04999995231628,-0.30500000715256,0.0,5.89999961853027,6.15136003494263,1.20477890968323,-1.33936309814453,5.6182975769043,1.10530757904053,-0.7416530251503,"(5.618298, 1.105308, -0.741653)",truck body CS,9.77468395233154,0.1,6.15136003494263,1.20477890968323,-1.33936309814453,0.00003628125675,90.3817622677577,0.00000323313938
313,left road,313,-0.20500001311302,0.0,5.89999961853027,-0.15000000596046,0.0,-1.04999995231628,-0.20500001311302,0.0,5.89999961853027,6.15136003494263,1.20477890968323,-1.33936309814453,5.62226343154907,1.1044944524765,-0.73676693439484,"(5.622263, 1.104494, -0.736767)",truck body CS,9.70892238616943,0.1,6.15136003494263,1.20477890968323,-1.33936309814453,0.00003628125675,90.3817622677577,0.00000323313938
314,left road,314,-0.10500000417233,0.0,5.89999961853027,-0.05000000074506,0.0,-1.04999995231628,-0.10500000417233,0.0,5.89999961853027,6.15136003494263,1.20477890968323,-1.33936309814453,5.62643051147461,1.10369396209717,-0.73195731639862,"(5.626431, 1.103694, -0.731957)",truck body CS,9.64374923706055,0.1,6.15136003494263,1.20477890968323,-1.33936309814453,0.00003628125675,90.3817622677577,0.00000323313938
315,left road,315,-0.00499999895692,0.0,5.89999961853027,0.05000000074506,0.0,-1.04999995231628,-0.00499999895692,0.0,5.89999961853027,6.15136003494263,1.20477890968323,-1.33936309814453,5.63091373443604,1.10292935371399,-0.72736209630966,"(5.630914, 1.102929, -0.727362)",truck body CS,9.579176902771,0.1,6.15136003494263,1.20477890968323,-1.33936309814453,0.00003628125675,90.3817622677577,0.00000323313938
316,left road,316,0.09500000625849,0.0,5.89999961853027,0.15000000596046,0.0,-1.04999995231628,0.09500000625849,0.0,5.89999961853027,6.15136003494263,1.20477890968323,-1.33936309814453,5.63546562194824,1.10215330123901,-0.72269785404205,"(5.635466, 1.102153, -0.722698)",truck body CS,9.51521778106689,0.1,6.15136003494263,1.20477890968323,-1.33936309814453,0.00003628125675,90.3817622677577,0.00000323313938
317,left road,317,0.19499999284744,0.0,5.89999961853027,0.25,0.0,-1.04999995231628,0.19499999284744,0.0,5.89999961853027,6.15136003494263,1.20477890968323,-1.33936309814453,5.64008760452271,1.1013650894165,-0.71796262264252,"(5.640088, 1.101365, -0.717963)",truck body CS,9.45188236236572,0.1,6.15136003494263,1.20477890968323,-1.33936309814453,0.00003628125675,90.3817622677577,0.00000323313938
318,left road,318,0.29499998688698,0.0,5.89999961853027,0.34999999403954,0.0,-1.04999995231628,0.29499998688698,0.0,5.89999961853027,6.15136003494263,1.20477890968323,-1.33936309814453,5.64478206634521,1.10056495666504,-0.71315467357635,"(5.644782, 1.100565, -0.713155)",truck body CS,9.38918590545654,0.1,6.15136003494263,1.20477890968323,-1.33936309814453,0.00003628125675,90.3817622677577,0.00000323313938
319,left road,319,0.39499998092651,0.0,5.89999961853027,0.44999998807907,0.0,-1.04999995231628,0.39499998092651,0.0,5.89999961853027,6.15136003494263,1.20477890968323,-1.33936309814453,5.6495475769043,1.0997519493103,-0.70827031135559,"(5.649548, 1.099752, -0.70827)",truck body CS,9.32713985443115,0.1,6.15136003494263,1.20477890968323,-1.33936309814453,0.00003628125675,90.3817622677577,0.00000323313938
320,left road,320,0.49500000476837,0.0,5.89999961853027,0.55000001192093,0.0,-1.04999995231628,0.49500000476837,0.0,5.89999961853027,6.15136003494263,1.20477890968323,-1.33936309814453,5.65438938140869,1.09892654418945,-0.70331001281738,"(5.654389, 1.098927, -0.70331)",truck body CS,9.26575756072998,0.1,6.15136003494263,1.20477890968323,-1.33936309814453,0.00003628125675,90.3817622677577,0.00000323313938
321,left road,321,0.59499996900558,0.0,5.89999961853027,0.64999997615814,0.0,-1.04999995231628,0.59499996900558,0.0,5.89999961853027,6.15136003494263,1.20477890968323,-1.33936309814453,5.65930795669556,1.09808802604675,-0.69827091693878,"(5.659308, 1.098088, -0.698271)",truck body CS,9.20505332946777,0.1,6.15136003494263,1.20477890968323,-1.33936309814453,0.00003628125675,90.3817622677577,0.00000323313938
322,left road,322,0.69499999284744,0.0,5.89999961853027,0.75,0.0,-1.04999995231628,0.69499999284744,0.0,5.89999961853027,6.15136003494263,1.20477890968323,-1.33936309814453,5.66429996490479,1.09723472595215,-0.69314455986023,"(5.6643, 1.097235, -0.693145)",truck body CS,9.14503860473633,0.1,6.15136003494263,1.20477890968323,-1.33936309814453,0.00003628125675,90.3817622677577,0.00000323313938
323,left road,323,0.7950000166893,0.0,5.89999961853027,0.85000002384186,0.0,-1.04999995231628,0.7950000166893,0.0,5.89999961853027,6.15136003494263,1.20477890968323,-1.33936309814453,5.6714506149292,1.09683537483215,-0.69074416160583,"(5.671451, 1.096835, -0.690744)",truck body CS,9.08572769165039,0.1,6.15136003494263,1.20477890968323,-1.33936309814453,0.00003628125675,90.3817622677577,0.00000323313938
324,left road,324,0.89499998092651,0.0,5.89999961853027,0.94999998807907,0.0,-1.04999995231628,0.89499998092651,0.0,5.89999961853027,6.15136003494263,1.20477890968323,-1.33936309814453,5.681556224823,1.09709811210632,-0.69232273101807,"(5.681556, 1.097098, -0.692323)",truck body CS,9.02713584899902,0.1,6.15136003494263,1.20477890968323,-1.33936309814453,0.00003628125675,90.3817622677577,0.00000323313938
325,left road,325,0.99499994516373,0.0,5.89999961853027,1.04999995231628,0.0,-1.04999995231628,0.99499994516373,0.0,5.89999961853027,6.15136003494263,1.20477890968323,-1.33936309814453,5.69161415100098,1.09735989570618,-0.69389474391937,"(5.691614, 1.09736, -0.693895)",truck body CS,8.96927642822266,0.1,6.15136003494263,1.20477890968323,-1.33936309814453,0.00003628125675,90.3817622677577,0.00000323313938
326,left road,326,1.09500002861023,0.0,5.89999961853027,1.14999997615814,0.0,-1.04999995231628,1.09500002861023,0.0,5.89999961853027,6.15136003494263,1.20477890968323,-1.33936309814453,5.70163536071777,1.09762287139893,-0.69547641277313,"(5.701635, 1.097623, -0.695476)",truck body CS,8.91216278076172,0.1,6.15136003494263,1.20477890968323,-1.33936309814453,0.00003628125675,90.3817622677577,0.00000323313938
327,left road,327,1.19500005245209,0.0,5.89999961853027,1.25,0.0,-1.04999995231628,1.19500005245209,0.0,5.89999961853027,6.15136003494263,1.20477890968323,-1.33936309814453,5.71163463592529,1.09789180755615,-0.69709205627441,"(5.711635, 1.097892, -0.697092)",truck body CS,8.85581016540527,0.1,6.15136003494263,1.20477890968323,-1.33936309814453,0.00003628125675,90.3817622677577,0.00000323313938
328,left road,328,1.29500007629395,0.0,5.89999961853027,1.35000002384186,0.0,-1.04999995231628,1.29500007629395,0.0,5.89999961853027,6.15136003494263,1.20477890968323,-1.33936309814453,5.72567415237427,1.09917366504669,-0.70479512214661,"(5.725674, 1.099174, -0.704795)",truck body CS,8.80023288726807,0.1,6.15136003494263,1.20477890968323,-1.33936309814453,0.00003628125675,90.3817622677577,0.00000323313938
329,left road,329,1.3950001001358,0.0,5.89999961853027,1.45000004768372,0.0,-1.04999995231628,1.3950001001358,0.0,5.89999961853027,6.15136003494263,1.20477890968323,-1.33936309814453,6.11836433410645,1.19642114639282,-1.28914248943329,"(6.118364, 1.196421, -1.289142)",EyeArea,8.74544620513916,0.1,6.15136003494263,1.20477890968323,-1.33936309814453,0.00003628125675,90.3817622677577,0.00000323313938
330,left road,330,1.49500000476837,0.0,5.89999961853027,1.54999995231628,0.0,-1.04999995231628,1.49500000476837,0.0,5.89999961853027,6.15136003494263,1.20477890968323,-1.33936309814453,6.11906147003174,1.19642198085785,-1.28914713859558,"(6.119061, 1.196422, -1.289147)",EyeArea,8.6914644241333,0.1,6.15136003494263,1.20477890968323,-1.33936309814453,0.00003628125675,90.3817622677577,0.00000323313938
331,left road,331,1.59500002861023,0.0,5.89999961853027,1.64999997615814,0.0,-1.04999995231628,1.59500002861023,0.0,5.89999961853027,6.15136003494263,1.20477890968323,-1.33936309814453,6.11975812911987,1.19642269611359,-1.28915178775787,"(6.119758, 1.196423, -1.289152)",EyeArea,8.63830375671387,0.1,6.15136003494263,1.20477890968323,-1.33936309814453,0.00003628125675,90.3817622677577,0.00000323313938
332,left road,332,1.69500005245209,0.0,5.89999961853027,1.75,0.0,-1.04999995231628,1.69500005245209,0.0,5.89999961853027,6.15136003494263,1.20477890968323,-1.33936309814453,6.12045431137085,1.19642341136932,-1.28915643692017,"(6.120454, 1.196423, -1.289156)",EyeArea,8.58597755432129,0.1,6.15136003494263,1.20477890968323,-1.33936309814453,0.00003628125675,90.3817622677577,0.00000323313938
333,left road,333,1.79500007629395,0.0,5.89999961853027,1.85000002384186,0.0,-1.04999995231628,1.79500007629395,0.0,5.89999961853027,6.15136003494263,1.20477890968323,-1.33936309814453,6.12115049362183,1.19642424583435,-1.28916108608246,"(6.12115, 1.196424, -1.289161)",EyeArea,8.53450298309326,0.1,6.15136003494263,1.20477890968323,-1.33936309814453,0.00003628125675,90.3817622677577,0.00000323313938
334,left road,334,1.8950001001358,0.0,5.89999961853027,1.95000004768372,0.0,-1.04999995231628,1.8950001001358,0.0,5.89999961853027,6.15136003494263,1.20477890968323,-1.33936309814453,6.1218466758728,1.19642508029938,-1.28916573524475,"(6.121847, 1.196425, -1.289166)",EyeArea,8.48389434814453,0.1,6.15136003494263,1.20477890968323,-1.33936309814453,0.00003628125675,90.3817622677577,0.00000323313938
335,left road,335,1.99500000476837,0.0,5.89999961853027,2.04999995231628,0.0,-1.04999995231628,1.99500000476837,0.0,5.89999961853027,6.15136003494263,1.20477890968323,-1.33936309814453,6.12254285812378,1.19642579555511,-1.28917038440704,"(6.122543, 1.196426, -1.28917)",EyeArea,8.43416786193848,0.1,6.15136003494263,1.20477890968323,-1.33936309814453,0.00003628125675,90.3817622677577,0.00000323313938
336,left road,336,2.09500002861023,0.0,5.89999961853027,2.15000009536743,0.0,-1.04999995231628,2.09500002861023,0.0,5.89999961853027,6.15136003494263,1.20477890968323,-1.33936309814453,6.12323904037476,1.19642651081085,-1.28917503356934,"(6.123239, 1.196427, -1.289175)",EyeArea,8.38533973693848,0.1,6.15136003494263,1.20477890968323,-1.33936309814453,0.00003628125675,90.3817622677577,0.00000323313938
337,left road,337,2.1949999332428,0.0,5.89999961853027,2.25,0.0,-1.04999995231628,2.1949999332428,0.0,5.89999961853027,6.15136003494263,1.20477890968323,-1.33936309814453,6.12393474578857,1.19642734527588,-1.28917968273163,"(6.123935, 1.196427, -1.28918)",EyeArea,8.33742427825928,0.1,6.15136003494263,1.20477890968323,-1.33936309814453,0.00003628125675,90.3817622677577,0.00000323313938
338,left road,338,2.29499983787537,0.0,5.89999961853027,2.34999990463257,0.0,-1.04999995231628,2.29499983787537,0.0,5.89999961853027,6.15136003494263,1.20477890968323,-1.33936309814453,6.12463045120239,1.19642817974091,-1.28918421268463,"(6.12463, 1.196428, -1.289184)",EyeArea,8.29043865203857,0.1,6.15136003494263,1.20477890968323,-1.33936309814453,0.00003628125675,90.3817622677577,0.00000323313938
339,left road,339,2.39499998092651,0.0,5.89999961853027,2.45000004768372,0.0,-1.04999995231628,2.39499998092651,0.0,5.89999961853027,6.15136003494263,1.20477890968323,-1.33936309814453,6.12532567977905,1.19642889499664,-1.28918886184692,"(6.125326, 1.196429, -1.289189)",EyeArea,8.24439811706543,0.1,6.15136003494263,1.20477890968323,-1.33936309814453,0.00003628125675,90.3817622677577,0.00000323313938
340,left road,340,2.49499988555908,0.0,5.89999961853027,2.54999995231628,0.0,-1.04999995231628,2.49499988555908,0.0,5.89999961853027,6.15136003494263,1.20477890968323,-1.33936309814453,6.12602090835571,1.19642961025238,-1.28919351100922,"(6.126021, 1.19643, -1.289194)",EyeArea,8.19931888580322,0.1,6.15136003494263,1.20477890968323,-1.33936309814453,0.00003628125675,90.3817622677577,0.00000323313938
341,left road,341,2.59500002861023,0.0,5.89999961853027,2.65000009536743,0.0,-1.04999995231628,2.59500002861023,0.0,5.89999961853027,6.15136003494263,1.20477890968323,-1.33936309814453,6.12671613693237,1.19643044471741,-1.28919816017151,"(6.126716, 1.19643, -1.289198)",EyeArea,8.15521717071533,0.1,6.15136003494263,1.20477890968323,-1.33936309814453,0.00003628125675,90.3817622677577,0.00000323313938
342,left road,342,2.6949999332428,0.0,5.89999961853027,2.75,0.0,-1.04999995231628,2.6949999332428,0.0,5.89999961853027,6.15136003494263,1.20477890968323,-1.33936309814453,6.12741136550903,1.19643127918243,-1.2892028093338,"(6.127411, 1.196431, -1.289203)",EyeArea,8.1121072769165,0.1,6.15136003494263,1.20477890968323,-1.33936309814453,0.00003628125675,90.3817622677577,0.00000323313938
343,left road,343,2.79499983787537,0.0,5.89999961853027,2.84999990463257,0.0,-1.04999995231628,2.79499983787537,0.0,5.89999961853027,6.15136003494263,1.20477890968323,-1.33936309814453,6.12810659408569,1.19643199443817,-1.28920745849609,"(6.128107, 1.196432, -1.289207)",EyeArea,8.07000732421875,0.1,6.15136003494263,1.20477890968323,-1.33936309814453,0.00003628125675,90.3817622677577,0.00000323313938
344,left road,344,2.89499998092651,0.0,5.89999961853027,2.95000004768372,0.0,-1.04999995231628,2.89499998092651,0.0,5.89999961853027,6.15136003494263,1.20477890968323,-1.33936309814453,6.1288013458252,1.19643270969391,-1.28921210765839,"(6.128801, 1.196433, -1.289212)",EyeArea,8.02893161773682,0.1,6.15136003494263,1.20477890968323,-1.33936309814453,0.00003628125675,90.3817622677577,0.00000323313938
345,left road,345,2.99499988555908,0.0,5.89999961853027,3.04999995231628,0.0,-1.04999995231628,2.99499988555908,0.0,5.89999961853027,6.15136003494263,1.20477890968323,-1.33936309814453,6.1294960975647,1.19643354415894,-1.28921663761139,"(6.129496, 1.196434, -1.289217)",EyeArea,7.98889684677124,0.1,6.15136003494263,1.20477890968323,-1.33936309814453,0.00003628125675,90.3817622677577,0.00000323313938
346,left road,346,3.09500002861023,0.0,5.89999961853027,3.15000009536743,0.0,-1.04999995231628,3.09500002861023,0.0,5.89999961853027,6.15136003494263,1.20477890968323,-1.33936309814453,6.1301908493042,1.19643425941467,-1.28922128677368,"(6.130191, 1.196434, -1.289221)",EyeArea,7.94991827011108,0.1,6.15136003494263,1.20477890968323,-1.33936309814453,0.00003628125675,90.3817622677577,0.00000323313938
347,left road,347,3.1949999332428,0.0,5.89999961853027,3.25,0.0,-1.04999995231628,3.1949999332428,0.0,5.89999961853027,6.15136003494263,1.20477890968323,-1.33936309814453,6.1308856010437,1.19643497467041,-1.28922593593597,"(6.130886, 1.196435, -1.289226)",EyeArea,7.91201162338257,0.1,6.15136003494263,1.20477890968323,-1.33936309814453,0.00003628125675,90.3817622677577,0.00000323313938
348,left road,348,3.29499983787537,0.0,5.89999961853027,3.34999990463257,0.0,-1.04999995231628,3.29499983787537,0.0,5.89999961853027,6.15136003494263,1.20477890968323,-1.33936309814453,6.13157987594604,1.19643580913544,-1.28923058509827,"(6.13158, 1.196436, -1.289231)",EyeArea,7.87519264221191,0.1,6.15136003494263,1.20477890968323,-1.33936309814453,0.00003628125675,90.3817622677577,0.00000323313938
349,left road,349,3.39499998092651,0.0,5.89999961853027,3.45000004768372,0.0,-1.04999995231628,3.39499998092651,0.0,5.89999961853027,6.15136003494263,1.20477890968323,-1.33936309814453,6.13227415084839,1.19643664360046,-1.28923523426056,"(6.132274, 1.196437, -1.289235)",EyeArea,7.83947610855103,0.1,6.15136003494263,1.20477890968323,-1.33936309814453,0.00003628125675,90.3817622677577,0.00000323313938
350,left road,350,-3.50500011444092,0.0,6.0,-3.45000004768372,0.0,-0.94999998807907,-3.50500011444092,0.0,6.0,6.15136003494263,1.20477890968323,-1.33936309814453,6.10161113739014,1.1985719203949,-1.3015513420105,"(6.101611, 1.198572, -1.301551)",EyeArea,12.1886444091797,0.1,6.15136003494263,1.20477890968323,-1.33936309814453,0.00003628125675,90.3817622677577,0.00000323313938
351,left road,351,-3.40499997138977,0.0,6.0,-3.34999990463257,0.0,-0.94999998807907,-3.40499997138977,0.0,6.0,6.15136003494263,1.20477890968323,-1.33936309814453,6.10161399841309,1.19850730895996,-1.30115747451782,"(6.101614, 1.198507, -1.301157)",EyeArea,12.1095724105835,0.1,6.15136003494263,1.20477890968323,-1.33936309814453,0.00003628125675,90.3817622677577,0.00000323313938
352,left road,352,-3.3050000667572,0.0,6.0,-3.25,0.0,-0.94999998807907,-3.3050000667572,0.0,6.0,6.15136003494263,1.20477890968323,-1.33936309814453,6.10161638259888,1.19844126701355,-1.30075550079346,"(6.101616, 1.198441, -1.300756)",EyeArea,12.0308141708374,0.1,6.15136003494263,1.20477890968323,-1.33936309814453,0.00003628125675,90.3817622677577,0.00000323313938
353,left road,353,-3.20500016212463,0.0,6.0,-3.15000009536743,0.0,-0.94999998807907,-3.20500016212463,0.0,6.0,6.15136003494263,1.20477890968323,-1.33936309814453,6.10161924362183,1.19837379455566,-1.30034446716309,"(6.101619, 1.198374, -1.300344)",EyeArea,11.9523735046387,0.1,6.15136003494263,1.20477890968323,-1.33936309814453,0.00003628125675,90.3817622677577,0.00000323313938
354,left road,354,-3.10500001907349,0.0,6.0,-3.04999995231628,0.0,-0.94999998807907,-3.10500001907349,0.0,6.0,6.15136003494263,1.20477890968323,-1.33936309814453,6.10162210464478,1.19830513000488,-1.29992580413818,"(6.101622, 1.198305, -1.299926)",EyeArea,11.8742551803589,0.1,6.15136003494263,1.20477890968323,-1.33936309814453,0.00003628125675,90.3817622677577,0.00000323313938
355,left road,355,-3.00500011444092,0.0,6.0,-2.95000004768372,0.0,-0.94999998807907,-3.00500011444092,0.0,6.0,6.15136003494263,1.20477890968323,-1.33936309814453,6.10162496566772,1.19823479652405,-1.29949724674225,"(6.101625, 1.198235, -1.299497)",EyeArea,11.7964687347412,0.1,6.15136003494263,1.20477890968323,-1.33936309814453,0.00003628125675,90.3817622677577,0.00000323313938
356,left road,356,-2.90499997138977,0.0,6.0,-2.84999990463257,0.0,-0.94999998807907,-2.90499997138977,0.0,6.0,6.15136003494263,1.20477890968323,-1.33936309814453,6.10162782669067,1.19816291332245,-1.29905951023102,"(6.101628, 1.198163, -1.29906)",EyeArea,11.7190189361572,0.1,6.15136003494263,1.20477890968323,-1.33936309814453,0.00003628125675,90.3817622677577,0.00000323313938
357,left road,357,-2.8050000667572,0.0,6.0,-2.75,0.0,-0.94999998807907,-2.8050000667572,0.0,6.0,6.15136003494263,1.20477890968323,-1.33936309814453,6.10163068771362,1.19808959960938,-1.29861271381378,"(6.101631, 1.19809, -1.298613)",EyeArea,11.6419124603271,0.1,6.15136003494263,1.20477890968323,-1.33936309814453,0.00003628125675,90.3817622677577,0.00000323313938
358,left road,358,-2.70500016212463,0.0,6.0,-2.65000009536743,0.0,-0.94999998807907,-2.70500016212463,0.0,6.0,6.15136003494263,1.20477890968323,-1.33936309814453,6.10163402557373,1.19801425933838,-1.29815399646759,"(6.101634, 1.198014, -1.298154)",EyeArea,11.5651578903198,0.1,6.15136003494263,1.20477890968323,-1.33936309814453,0.00003628125675,90.3817622677577,0.00000323313938
359,left road,359,-2.60500001907349,0.0,6.0,-2.54999995231628,0.0,-0.94999998807907,-2.60500001907349,0.0,6.0,6.15136003494263,1.20477890968323,-1.33936309814453,6.10163688659668,1.19793748855591,-1.29768621921539,"(6.101637, 1.197937, -1.297686)",EyeArea,11.4887590408325,0.1,6.15136003494263,1.20477890968323,-1.33936309814453,0.00003628125675,90.3817622677577,0.00000323313938
360,left road,360,-2.50500011444092,0.0,6.0,-2.45000004768372,0.0,-0.94999998807907,-2.50500011444092,0.0,6.0,6.15136003494263,1.20477890968323,-1.33936309814453,5.57118463516235,1.12403082847595,-0.84745699167252,"(5.571185, 1.124031, -0.847457)",truck body CS,11.4127264022827,0.1,6.15136003494263,1.20477890968323,-1.33936309814453,0.00003628125675,90.3817622677577,0.00000323313938
361,left road,361,-2.40499997138977,0.0,6.0,-2.34999990463257,0.0,-0.94999998807907,-2.40499997138977,0.0,6.0,6.15136003494263,1.20477890968323,-1.33936309814453,5.5718674659729,1.12318336963654,-0.84229332208633,"(5.571867, 1.123183, -0.842293)",truck body CS,11.3370656967163,0.1,6.15136003494263,1.20477890968323,-1.33936309814453,0.00003628125675,90.3817622677577,0.00000323313938
362,left road,362,-2.3050000667572,0.0,6.0,-2.25,0.0,-0.94999998807907,-2.3050000667572,0.0,6.0,6.15136003494263,1.20477890968323,-1.33936309814453,5.57331800460815,1.1224250793457,-0.83767426013947,"(5.573318, 1.122425, -0.837674)",truck body CS,11.2617835998535,0.1,6.15136003494263,1.20477890968323,-1.33936309814453,0.00003628125675,90.3817622677577,0.00000323313938
363,left road,363,-2.20500016212463,0.0,6.0,-2.15000009536743,0.0,-0.94999998807907,-2.20500016212463,0.0,6.0,6.15136003494263,1.20477890968323,-1.33936309814453,5.57479572296143,1.12165260314941,-0.83296811580658,"(5.574796, 1.121653, -0.832968)",truck body CS,11.1868896484375,0.1,6.15136003494263,1.20477890968323,-1.33936309814453,0.00003628125675,90.3817622677577,0.00000323313938
364,left road,364,-2.10500001907349,0.0,6.0,-2.04999995231628,0.0,-0.94999998807907,-2.10500001907349,0.0,6.0,6.15136003494263,1.20477890968323,-1.33936309814453,5.5762996673584,1.12086546421051,-0.82817244529724,"(5.5763, 1.120865, -0.828172)",truck body CS,11.1123905181885,0.1,6.15136003494263,1.20477890968323,-1.33936309814453,0.00003628125675,90.3817622677577,0.00000323313938
365,left road,365,-2.00500011444092,0.0,6.0,-1.95000004768372,0.0,-0.94999998807907,-2.00500011444092,0.0,6.0,6.15136003494263,1.20477890968323,-1.33936309814453,5.57783460617065,1.12006306648254,-0.82328540086746,"(5.577835, 1.120063, -0.823285)",truck body CS,11.0382957458496,0.1,6.15136003494263,1.20477890968323,-1.33936309814453,0.00003628125675,90.3817622677577,0.00000323313938
366,left road,366,-1.90499997138977,0.0,6.0,-1.85000002384186,0.0,-0.94999998807907,-1.90499997138977,0.0,6.0,6.15136003494263,1.20477890968323,-1.33936309814453,5.57939767837524,1.11924540996552,-0.81830394268036,"(5.579398, 1.119245, -0.818304)",truck body CS,10.9646100997925,0.1,6.15136003494263,1.20477890968323,-1.33936309814453,0.00003628125675,90.3817622677577,0.00000323313938
367,left road,367,-1.80499994754791,0.0,6.0,-1.75,0.0,-0.94999998807907,-1.80499994754791,0.0,6.0,6.15136003494263,1.20477890968323,-1.33936309814453,5.58099174499512,1.11841177940369,-0.81322634220123,"(5.580992, 1.118412, -0.813226)",truck body CS,10.8913450241089,0.1,6.15136003494263,1.20477890968323,-1.33936309814453,0.00003628125675,90.3817622677577,0.00000323313938
368,left road,368,-1.70499992370605,0.0,6.0,-1.64999997615814,0.0,-0.94999998807907,-1.70499992370605,0.0,6.0,6.15136003494263,1.20477890968323,-1.33936309814453,5.58261728286743,1.11756181716919,-0.80804818868637,"(5.582617, 1.117562, -0.808048)",truck body CS,10.8185091018677,0.1,6.15136003494263,1.20477890968323,-1.33936309814453,0.00003628125675,90.3817622677577,0.00000323313938
369,left road,369,-1.6049998998642,0.0,6.0,-1.54999995231628,0.0,-0.94999998807907,-1.6049998998642,0.0,6.0,6.15136003494263,1.20477890968323,-1.33936309814453,5.5842752456665,1.11669492721558,-0.80276584625244,"(5.584275, 1.116695, -0.802766)",truck body CS,10.7461090087891,0.1,6.15136003494263,1.20477890968323,-1.33936309814453,0.00003628125675,90.3817622677577,0.00000323313938
370,left road,370,-1.50499999523163,0.0,6.0,-1.45000004768372,0.0,-0.94999998807907,-1.50499999523163,0.0,6.0,6.15136003494263,1.20477890968323,-1.33936309814453,5.58596611022949,1.1158105134964,-0.79737877845764,"(5.585966, 1.115811, -0.797379)",truck body CS,10.6741552352905,0.1,6.15136003494263,1.20477890968323,-1.33936309814453,0.00003628125675,90.3817622677577,0.00000323313938
371,left road,371,-1.40499997138977,0.0,6.0,-1.35000002384186,0.0,-0.94999998807907,-1.40499997138977,0.0,6.0,6.15136003494263,1.20477890968323,-1.33936309814453,5.58769178390503,1.11490821838379,-0.79188150167465,"(5.587692, 1.114908, -0.791882)",truck body CS,10.6026563644409,0.1,6.15136003494263,1.20477890968323,-1.33936309814453,0.00003628125675,90.3817622677577,0.00000323313938
372,left road,372,-1.30499994754791,0.0,6.0,-1.25,0.0,-0.94999998807907,-1.30499994754791,0.0,6.0,6.15136003494263,1.20477890968323,-1.33936309814453,5.58945274353027,1.1139874458313,-0.78627276420593,"(5.589453, 1.113987, -0.786273)",truck body CS,10.5316209793091,0.1,6.15136003494263,1.20477890968323,-1.33936309814453,0.00003628125675,90.3817622677577,0.00000323313938
373,left road,373,-1.20499992370605,0.0,6.0,-1.14999997615814,0.0,-0.94999998807907,-1.20499992370605,0.0,6.0,6.15136003494263,1.20477890968323,-1.33936309814453,5.59124946594238,1.11304748058319,-0.78054702281952,"(5.591249, 1.113047, -0.780547)",truck body CS,10.4610595703125,0.1,6.15136003494263,1.20477890968323,-1.33936309814453,0.00003628125675,90.3817622677577,0.00000323313938
374,left road,374,-1.1049998998642,0.0,6.0,-1.04999995231628,0.0,-0.94999998807907,-1.1049998998642,0.0,6.0,6.15136003494263,1.20477890968323,-1.33936309814453,5.59311819076538,1.1120936870575,-0.77473640441895,"(5.593118, 1.112094, -0.774736)",truck body CS,10.3909816741943,0.1,6.15136003494263,1.20477890968323,-1.33936309814453,0.00003628125675,90.3817622677577,0.00000323313938
375,left road,375,-1.00499999523163,0.0,6.0,-0.94999998807907,0.0,-0.94999998807907,-1.00499999523163,0.0,6.0,6.15136003494263,1.20477890968323,-1.33936309814453,5.59661960601807,1.11138796806335,-0.77043801546097,"(5.59662, 1.111388, -0.770438)",truck body CS,10.3213968276978,0.1,6.15136003494263,1.20477890968323,-1.33936309814453,0.00003628125675,90.3817622677577,0.00000323313938
376,left road,376,-0.90500003099442,0.0,6.0,-0.85000002384186,0.0,-0.94999998807907,-0.90500003099442,0.0,6.0,6.15136003494263,1.20477890968323,-1.33936309814453,5.6001763343811,1.11067175865173,-0.76607465744019,"(5.600176, 1.110672, -0.766075)",truck body CS,10.2523145675659,0.1,6.15136003494263,1.20477890968323,-1.33936309814453,0.00003628125675,90.3817622677577,0.00000323313938
377,left road,377,-0.80500000715256,0.0,6.0,-0.75,0.0,-0.94999998807907,-0.80500000715256,0.0,6.0,6.15136003494263,1.20477890968323,-1.33936309814453,5.60378742218018,1.10994434356689,-0.76164281368256,"(5.603787, 1.109944, -0.761643)",truck body CS,10.1837453842163,0.1,6.15136003494263,1.20477890968323,-1.33936309814453,0.00003628125675,90.3817622677577,0.00000323313938
378,left road,378,-0.7049999833107,0.0,6.0,-0.64999997615814,0.0,-0.94999998807907,-0.7049999833107,0.0,6.0,6.15136003494263,1.20477890968323,-1.33936309814453,5.60745477676392,1.10920560359955,-0.75714164972305,"(5.607455, 1.109206, -0.757142)",truck body CS,10.1157007217407,0.1,6.15136003494263,1.20477890968323,-1.33936309814453,0.00003628125675,90.3817622677577,0.00000323313938
379,left road,379,-0.60500001907349,0.0,6.0,-0.55000001192093,0.0,-0.94999998807907,-0.60500001907349,0.0,6.0,6.15136003494263,1.20477890968323,-1.33936309814453,5.61117887496948,1.10845518112183,-0.75257068872452,"(5.611179, 1.108455, -0.752571)",truck body CS,10.0481910705566,0.1,6.15136003494263,1.20477890968323,-1.33936309814453,0.00003628125675,90.3817622677577,0.00000323313938
380,left road,380,-0.50499999523163,0.0,6.0,-0.44999998807907,0.0,-0.94999998807907,-0.50499999523163,0.0,6.0,6.15136003494263,1.20477890968323,-1.33936309814453,5.61496305465698,1.10769295692444,-0.74792695045471,"(5.614963, 1.107693, -0.747927)",truck body CS,9.98122596740723,0.1,6.15136003494263,1.20477890968323,-1.33936309814453,0.00003628125675,90.3817622677577,0.00000323313938
381,left road,381,-0.40500000119209,0.0,6.0,-0.34999999403954,0.0,-0.94999998807907,-0.40500000119209,0.0,6.0,6.15136003494263,1.20477890968323,-1.33936309814453,5.6188063621521,1.10691845417023,-0.74320912361145,"(5.618806, 1.106918, -0.743209)",truck body CS,9.91481781005859,0.1,6.15136003494263,1.20477890968323,-1.33936309814453,0.00003628125675,90.3817622677577,0.00000323313938
382,left road,382,-0.30500000715256,0.0,6.0,-0.25,0.0,-0.94999998807907,-0.30500000715256,0.0,6.0,6.15136003494263,1.20477890968323,-1.33936309814453,5.62271213531494,1.1061315536499,-0.73841542005539,"(5.622712, 1.106132, -0.738415)",truck body CS,9.84897518157959,0.1,6.15136003494263,1.20477890968323,-1.33936309814453,0.00003628125675,90.3817622677577,0.00000323313938
383,left road,383,-0.20500001311302,0.0,6.0,-0.15000000596046,0.0,-0.94999998807907,-0.20500001311302,0.0,6.0,6.15136003494263,1.20477890968323,-1.33936309814453,5.6266827583313,1.10533213615417,-0.73354578018188,"(5.626683, 1.105332, -0.733546)",truck body CS,9.78371334075928,0.1,6.15136003494263,1.20477890968323,-1.33936309814453,0.00003628125675,90.3817622677577,0.00000323313938
384,left road,384,-0.10500000417233,0.0,6.0,-0.05000000074506,0.0,-0.94999998807907,-0.10500000417233,0.0,6.0,6.15136003494263,1.20477890968323,-1.33936309814453,5.63071584701538,1.10451912879944,-0.72859364748001,"(5.630716, 1.104519, -0.728594)",truck body CS,9.71904182434082,0.1,6.15136003494263,1.20477890968323,-1.33936309814453,0.00003628125675,90.3817622677577,0.00000323313938
385,left road,385,-0.00499999895692,0.0,6.0,0.05000000074506,0.0,-0.94999998807907,-0.00499999895692,0.0,6.0,6.15136003494263,1.20477890968323,-1.33936309814453,5.63514566421509,1.10375761985779,-0.72395288944244,"(5.635146, 1.103758, -0.723953)",truck body CS,9.65497398376465,0.1,6.15136003494263,1.20477890968323,-1.33936309814453,0.00003628125675,90.3817622677577,0.00000323313938
386,left road,386,0.09500000625849,0.0,6.0,0.15000000596046,0.0,-0.94999998807907,0.09500000625849,0.0,6.0,6.15136003494263,1.20477890968323,-1.33936309814453,5.63969278335571,1.10299408435822,-0.71930277347565,"(5.639693, 1.102994, -0.719303)",truck body CS,9.59151935577393,0.1,6.15136003494263,1.20477890968323,-1.33936309814453,0.00003628125675,90.3817622677577,0.00000323313938
387,left road,387,0.19499999284744,0.0,6.0,0.25,0.0,-0.94999998807907,0.19499999284744,0.0,6.0,6.15136003494263,1.20477890968323,-1.33936309814453,5.64430809020996,1.10221874713898,-0.71457898616791,"(5.644308, 1.102219, -0.714579)",truck body CS,9.52869129180908,0.1,6.15136003494263,1.20477890968323,-1.33936309814453,0.00003628125675,90.3817622677577,0.00000323313938
388,left road,388,0.29499998688698,0.0,6.0,0.34999999403954,0.0,-0.94999998807907,0.29499998688698,0.0,6.0,6.15136003494263,1.20477890968323,-1.33936309814453,5.64899349212646,1.10143136978149,-0.70978319644928,"(5.648993, 1.101431, -0.709783)",truck body CS,9.46650409698486,0.1,6.15136003494263,1.20477890968323,-1.33936309814453,0.00003628125675,90.3817622677577,0.00000323313938
389,left road,389,0.39499998092651,0.0,6.0,0.44999998807907,0.0,-0.94999998807907,0.39499998092651,0.0,6.0,6.15136003494263,1.20477890968323,-1.33936309814453,5.65375232696533,1.10063207149506,-0.70491397380829,"(5.653752, 1.100632, -0.704914)",truck body CS,9.40496826171875,0.1,6.15136003494263,1.20477890968323,-1.33936309814453,0.00003628125675,90.3817622677577,0.00000323313938
390,left road,390,0.49500000476837,0.0,6.0,0.55000001192093,0.0,-0.94999998807907,0.49500000476837,0.0,6.0,6.15136003494263,1.20477890968323,-1.33936309814453,5.65858697891235,1.09982061386108,-0.69997024536133,"(5.658587, 1.099821, -0.69997)",truck body CS,9.34409713745117,0.1,6.15136003494263,1.20477890968323,-1.33936309814453,0.00003628125675,90.3817622677577,0.00000323313938
391,left road,391,0.59499996900558,0.0,6.0,0.64999997615814,0.0,-0.94999998807907,0.59499996900558,0.0,6.0,6.15136003494263,1.20477890968323,-1.33936309814453,5.66349601745605,1.09899592399597,-0.69494700431824,"(5.663496, 1.098996, -0.694947)",truck body CS,9.28390407562256,0.1,6.15136003494263,1.20477890968323,-1.33936309814453,0.00003628125675,90.3817622677577,0.00000323313938
392,left road,392,0.69499999284744,0.0,6.0,0.75,0.0,-0.94999998807907,0.69499999284744,0.0,6.0,6.15136003494263,1.20477890968323,-1.33936309814453,5.66935443878174,1.09835076332092,-0.69101703166962,"(5.669354, 1.098351, -0.691017)",truck body CS,9.22440242767334,0.1,6.15136003494263,1.20477890968323,-1.33936309814453,0.00003628125675,90.3817622677577,0.00000323313938
393,left road,393,0.7950000166893,0.0,6.0,0.85000002384186,0.0,-0.94999998807907,0.7950000166893,0.0,6.0,6.15136003494263,1.20477890968323,-1.33936309814453,5.67913913726807,1.09856474399567,-0.69231951236725,"(5.679139, 1.098565, -0.69232)",truck body CS,9.16560554504395,0.1,6.15136003494263,1.20477890968323,-1.33936309814453,0.00003628125675,90.3817622677577,0.00000323313938
394,left road,394,0.89499998092651,0.0,6.0,0.94999998807907,0.0,-0.94999998807907,0.89499998092651,0.0,6.0,6.15136003494263,1.20477890968323,-1.33936309814453,5.6891074180603,1.09882879257202,-0.69392871856689,"(5.689107, 1.098829, -0.693929)",truck body CS,9.10752773284912,0.1,6.15136003494263,1.20477890968323,-1.33936309814453,0.00003628125675,90.3817622677577,0.00000323313938
395,left road,395,0.99499994516373,0.0,6.0,1.04999995231628,0.0,-0.94999998807907,0.99499994516373,0.0,6.0,6.15136003494263,1.20477890968323,-1.33936309814453,5.6990270614624,1.09909176826477,-0.6955304145813,"(5.699027, 1.099092, -0.69553)",truck body CS,9.0501823425293,0.1,6.15136003494263,1.20477890968323,-1.33936309814453,0.00003628125675,90.3817622677577,0.00000323313938
396,left road,396,1.09500002861023,0.0,6.0,1.14999997615814,0.0,-0.94999998807907,1.09500002861023,0.0,6.0,6.15136003494263,1.20477890968323,-1.33936309814453,5.70889711380005,1.09935319423676,-0.69712269306183,"(5.708897, 1.099353, -0.697123)",truck body CS,8.99358177185059,0.1,6.15136003494263,1.20477890968323,-1.33936309814453,0.00003628125675,90.3817622677577,0.00000323313938
397,left road,397,1.19500005245209,0.0,6.0,1.25,0.0,-0.94999998807907,1.19500005245209,0.0,6.0,6.15136003494263,1.20477890968323,-1.33936309814453,5.72021007537842,1.09997630119324,-0.70091843605042,"(5.72021, 1.099976, -0.700918)",truck body CS,8.93774223327637,0.1,6.15136003494263,1.20477890968323,-1.33936309814453,0.00003628125675,90.3817622677577,0.00000323313938
398,left road,398,1.29500007629395,0.0,6.0,1.35000002384186,0.0,-0.94999998807907,1.29500007629395,0.0,6.0,6.15136003494263,1.20477890968323,-1.33936309814453,5.73629379272461,1.10180830955505,-0.71207869052887,"(5.736294, 1.101808, -0.712079)",truck body CS,8.8826789855957,0.1,6.15136003494263,1.20477890968323,-1.33936309814453,0.00003628125675,90.3817622677577,0.00000323313938
399,left road,399,1.3950001001358,0.0,6.0,1.45000004768372,0.0,-0.94999998807907,1.3950001001358,0.0,6.0,6.15136003494263,1.20477890968323,-1.33936309814453,6.11881589889526,1.19653558731079,-1.28914546966553,"(6.118816, 1.196536, -1.289145)",EyeArea,8.82840347290039,0.1,6.15136003494263,1.20477890968323,-1.33936309814453,0.00003628125675,90.3817622677577,0.00000323313938
400,left road,400,1.49500000476837,0.0,6.0,1.54999995231628,0.0,-0.94999998807907,1.49500000476837,0.0,6.0,6.15136003494263,1.20477890968323,-1.33936309814453,6.11950302124023,1.19653630256653,-1.28915011882782,"(6.119503, 1.196536, -1.28915)",EyeArea,8.77493190765381,0.1,6.15136003494263,1.20477890968323,-1.33936309814453,0.00003628125675,90.3817622677577,0.00000323313938
401,left road,401,1.59500002861023,0.0,6.0,1.64999997615814,0.0,-0.94999998807907,1.59500002861023,0.0,6.0,6.15136003494263,1.20477890968323,-1.33936309814453,6.12019062042236,1.19653701782227,-1.28915464878082,"(6.120191, 1.196537, -1.289155)",EyeArea,8.72227954864502,0.1,6.15136003494263,1.20477890968323,-1.33936309814453,0.00003628125675,90.3817622677577,0.00000323313938
402,left road,402,1.69500005245209,0.0,6.0,1.75,0.0,-0.94999998807907,1.69500005245209,0.0,6.0,6.15136003494263,1.20477890968323,-1.33936309814453,6.12087726593018,1.196537733078,-1.28915929794312,"(6.120877, 1.196538, -1.289159)",EyeArea,8.67045974731445,0.1,6.15136003494263,1.20477890968323,-1.33936309814453,0.00003628125675,90.3817622677577,0.00000323313938
403,left road,403,1.79500007629395,0.0,6.0,1.85000002384186,0.0,-0.94999998807907,1.79500007629395,0.0,6.0,6.15136003494263,1.20477890968323,-1.33936309814453,6.12156391143799,1.19653844833374,-1.28916382789612,"(6.121564, 1.196538, -1.289164)",EyeArea,8.61949062347412,0.1,6.15136003494263,1.20477890968323,-1.33936309814453,0.00003628125675,90.3817622677577,0.00000323313938
404,left road,404,1.8950001001358,0.0,6.0,1.95000004768372,0.0,-0.94999998807907,1.8950001001358,0.0,6.0,6.15136003494263,1.20477890968323,-1.33936309814453,6.1222505569458,1.19653928279877,-1.28916835784912,"(6.122251, 1.196539, -1.289168)",EyeArea,8.56938362121582,0.1,6.15136003494263,1.20477890968323,-1.33936309814453,0.00003628125675,90.3817622677577,0.00000323313938
405,left road,405,1.99500000476837,0.0,6.0,2.04999995231628,0.0,-0.94999998807907,1.99500000476837,0.0,6.0,6.15136003494263,1.20477890968323,-1.33936309814453,6.12293672561646,1.1965399980545,-1.28917300701141,"(6.122937, 1.19654, -1.289173)",EyeArea,8.52015686035156,0.1,6.15136003494263,1.20477890968323,-1.33936309814453,0.00003628125675,90.3817622677577,0.00000323313938
406,left road,406,2.09500002861023,0.0,6.0,2.15000009536743,0.0,-0.94999998807907,2.09500002861023,0.0,6.0,6.15136003494263,1.20477890968323,-1.33936309814453,6.12362384796143,1.19654083251953,-1.28917753696442,"(6.123624, 1.196541, -1.289178)",EyeArea,8.47182369232178,0.1,6.15136003494263,1.20477890968323,-1.33936309814453,0.00003628125675,90.3817622677577,0.00000323313938
407,left road,407,2.1949999332428,0.0,6.0,2.25,0.0,-0.94999998807907,2.1949999332428,0.0,6.0,6.15136003494263,1.20477890968323,-1.33936309814453,6.12430953979492,1.19654154777527,-1.28918218612671,"(6.12431, 1.196542, -1.289182)",EyeArea,8.42440032958984,0.1,6.15136003494263,1.20477890968323,-1.33936309814453,0.00003628125675,90.3817622677577,0.00000323313938
408,left road,408,2.29499983787537,0.0,6.0,2.34999990463257,0.0,-0.94999998807907,2.29499983787537,0.0,6.0,6.15136003494263,1.20477890968323,-1.33936309814453,6.12499570846558,1.19654226303101,-1.28918671607971,"(6.124996, 1.196542, -1.289187)",EyeArea,8.37790298461914,0.1,6.15136003494263,1.20477890968323,-1.33936309814453,0.00003628125675,90.3817622677577,0.00000323313938
409,left road,409,2.39499998092651,0.0,6.0,2.45000004768372,0.0,-0.94999998807907,2.39499998092651,0.0,6.0,6.15136003494263,1.20477890968323,-1.33936309814453,6.12568140029907,1.19654297828674,-1.28919124603271,"(6.125681, 1.196543, -1.289191)",EyeArea,8.3323450088501,0.1,6.15136003494263,1.20477890968323,-1.33936309814453,0.00003628125675,90.3817622677577,0.00000323313938
410,left road,410,2.49499988555908,0.0,6.0,2.54999995231628,0.0,-0.94999998807907,2.49499988555908,0.0,6.0,6.15136003494263,1.20477890968323,-1.33936309814453,6.12636756896973,1.19654381275177,-1.28919589519501,"(6.126368, 1.196544, -1.289196)",EyeArea,8.28774452209473,0.1,6.15136003494263,1.20477890968323,-1.33936309814453,0.00003628125675,90.3817622677577,0.00000323313938
411,left road,411,2.59500002861023,0.0,6.0,2.65000009536743,0.0,-0.94999998807907,2.59500002861023,0.0,6.0,6.15136003494263,1.20477890968323,-1.33936309814453,6.12705326080322,1.19654452800751,-1.28920042514801,"(6.127053, 1.196545, -1.2892)",EyeArea,8.24411582946777,0.1,6.15136003494263,1.20477890968323,-1.33936309814453,0.00003628125675,90.3817622677577,0.00000323313938
412,left road,412,2.6949999332428,0.0,6.0,2.75,0.0,-0.94999998807907,2.6949999332428,0.0,6.0,6.15136003494263,1.20477890968323,-1.33936309814453,6.12773847579956,1.19654524326324,-1.28920495510101,"(6.127738, 1.196545, -1.289205)",EyeArea,8.20147323608398,0.1,6.15136003494263,1.20477890968323,-1.33936309814453,0.00003628125675,90.3817622677577,0.00000323313938
413,left road,413,2.79499983787537,0.0,6.0,2.84999990463257,0.0,-0.94999998807907,2.79499983787537,0.0,6.0,6.15136003494263,1.20477890968323,-1.33936309814453,6.12842416763306,1.19654607772827,-1.28920960426331,"(6.128424, 1.196546, -1.28921)",EyeArea,8.15983390808105,0.1,6.15136003494263,1.20477890968323,-1.33936309814453,0.00003628125675,90.3817622677577,0.00000323313938
414,left road,414,2.89499998092651,0.0,6.0,2.95000004768372,0.0,-0.94999998807907,2.89499998092651,0.0,6.0,6.15136003494263,1.20477890968323,-1.33936309814453,6.12910985946655,1.19654679298401,-1.28921413421631,"(6.12911, 1.196547, -1.289214)",EyeArea,8.11921310424805,0.1,6.15136003494263,1.20477890968323,-1.33936309814453,0.00003628125675,90.3817622677577,0.00000323313938
415,left road,415,2.99499988555908,0.0,6.0,3.04999995231628,0.0,-0.94999998807907,2.99499988555908,0.0,6.0,6.15136003494263,1.20477890968323,-1.33936309814453,6.12979507446289,1.19654750823975,-1.28921866416931,"(6.129795, 1.196548, -1.289219)",EyeArea,8.07962512969971,0.1,6.15136003494263,1.20477890968323,-1.33936309814453,0.00003628125675,90.3817622677577,0.00000323313938
416,left road,416,3.09500002861023,0.0,6.0,3.15000009536743,0.0,-0.94999998807907,3.09500002861023,0.0,6.0,6.15136003494263,1.20477890968323,-1.33936309814453,6.13048028945923,1.19654822349548,-1.28922319412231,"(6.13048, 1.196548, -1.289223)",EyeArea,8.04108715057373,0.1,6.15136003494263,1.20477890968323,-1.33936309814453,0.00003628125675,90.3817622677577,0.00000323313938
417,left road,417,3.1949999332428,0.0,6.0,3.25,0.0,-0.94999998807907,3.1949999332428,0.0,6.0,6.15136003494263,1.20477890968323,-1.33936309814453,6.13116502761841,1.19654905796051,-1.28922784328461,"(6.131165, 1.196549, -1.289228)",EyeArea,8.00361251831055,0.1,6.15136003494263,1.20477890968323,-1.33936309814453,0.00003628125675,90.3817622677577,0.00000323313938
418,left road,418,3.29499983787537,0.0,6.0,3.34999990463257,0.0,-0.94999998807907,3.29499983787537,0.0,6.0,6.15136003494263,1.20477890968323,-1.33936309814453,6.13185024261475,1.19654977321625,-1.28923237323761,"(6.13185, 1.19655, -1.289232)",EyeArea,7.96721649169922,0.1,6.15136003494263,1.20477890968323,-1.33936309814453,0.00003628125675,90.3817622677577,0.00000323313938
419,left road,419,3.39499998092651,0.0,6.0,3.45000004768372,0.0,-0.94999998807907,3.39499998092651,0.0,6.0,6.15136003494263,1.20477890968323,-1.33936309814453,6.13253498077393,1.19655048847198,-1.28923690319061,"(6.132535, 1.19655, -1.289237)",EyeArea,7.93191385269165,0.1,6.15136003494263,1.20477890968323,-1.33936309814453,0.00003628125675,90.3817622677577,0.00000323313938
420,left road,420,-3.50500011444092,0.0,6.09999990463257,-3.45000004768372,0.0,-0.85000002384186,-3.50500011444092,0.0,6.09999990463257,6.15136003494263,1.20477890968323,-1.33936309814453,6.10161447525024,1.19857227802277,-1.30103778839111,"(6.101614, 1.198572, -1.301038)",EyeArea,12.2491188049316,0.1,6.15136003494263,1.20477890968323,-1.33936309814453,0.00003628125675,90.3817622677577,0.00000323313938
421,left road,421,-3.40499997138977,0.0,6.09999990463257,-3.34999990463257,0.0,-0.85000002384186,-3.40499997138977,0.0,6.09999990463257,6.15136003494263,1.20477890968323,-1.33936309814453,6.10161733627319,1.19850766658783,-1.30063915252686,"(6.101617, 1.198508, -1.300639)",EyeArea,12.1704406738281,0.1,6.15136003494263,1.20477890968323,-1.33936309814453,0.00003628125675,90.3817622677577,0.00000323313938
422,left road,422,-3.3050000667572,0.0,6.09999990463257,-3.25,0.0,-0.85000002384186,-3.3050000667572,0.0,6.09999990463257,6.15136003494263,1.20477890968323,-1.33936309814453,6.10162019729614,1.19844186306,-1.30023241043091,"(6.10162, 1.198442, -1.300232)",EyeArea,12.0920782089233,0.1,6.15136003494263,1.20477890968323,-1.33936309814453,0.00003628125675,90.3817622677577,0.00000323313938
423,left road,423,-3.20500016212463,0.0,6.09999990463257,-3.15000009536743,0.0,-0.85000002384186,-3.20500016212463,0.0,6.09999990463257,6.15136003494263,1.20477890968323,-1.33936309814453,6.10162258148193,1.19837439060211,-1.2998161315918,"(6.101623, 1.198374, -1.299816)",EyeArea,12.0140371322632,0.1,6.15136003494263,1.20477890968323,-1.33936309814453,0.00003628125675,90.3817622677577,0.00000323313938
424,left road,424,-3.10500001907349,0.0,6.09999990463257,-3.04999995231628,0.0,-0.85000002384186,-3.10500001907349,0.0,6.09999990463257,6.15136003494263,1.20477890968323,-1.33936309814453,6.10162544250488,1.19830560684204,-1.29939138889313,"(6.101625, 1.198306, -1.299391)",EyeArea,11.9363231658936,0.1,6.15136003494263,1.20477890968323,-1.33936309814453,0.00003628125675,90.3817622677577,0.00000323313938
425,left road,425,-3.00500011444092,0.0,6.09999990463257,-2.95000004768372,0.0,-0.85000002384186,-3.00500011444092,0.0,6.09999990463257,6.15136003494263,1.20477890968323,-1.33936309814453,6.10162830352783,1.19823515415192,-1.29895651340485,"(6.101628, 1.198235, -1.298957)",EyeArea,11.858943939209,0.1,6.15136003494263,1.20477890968323,-1.33936309814453,0.00003628125675,90.3817622677577,0.00000323313938
426,left road,426,-2.90499997138977,0.0,6.09999990463257,-2.84999990463257,0.0,-0.85000002384186,-2.90499997138977,0.0,6.09999990463257,6.15136003494263,1.20477890968323,-1.33936309814453,6.10163164138794,1.19816339015961,-1.29851353168488,"(6.101632, 1.198163, -1.298514)",EyeArea,11.7819042205811,0.1,6.15136003494263,1.20477890968323,-1.33936309814453,0.00003628125675,90.3817622677577,0.00000323313938
427,left road,427,-2.8050000667572,0.0,6.09999990463257,-2.75,0.0,-0.85000002384186,-2.8050000667572,0.0,6.09999990463257,6.15136003494263,1.20477890968323,-1.33936309814453,6.10163450241089,1.19808995723724,-1.29805958271027,"(6.101635, 1.19809, -1.29806)",EyeArea,11.7052125930786,0.1,6.15136003494263,1.20477890968323,-1.33936309814453,0.00003628125675,90.3817622677577,0.00000323313938
428,left road,428,-2.70500016212463,0.0,6.09999990463257,-2.65000009536743,0.0,-0.85000002384186,-2.70500016212463,0.0,6.09999990463257,6.15136003494263,1.20477890968323,-1.33936309814453,6.101637840271,1.19801485538483,-1.29759609699249,"(6.101638, 1.198015, -1.297596)",EyeArea,11.6288747787476,0.1,6.15136003494263,1.20477890968323,-1.33936309814453,0.00003628125675,90.3817622677577,0.00000323313938
429,left road,429,-2.60500001907349,0.0,6.09999990463257,-2.54999995231628,0.0,-0.85000002384186,-2.60500001907349,0.0,6.09999990463257,6.15136003494263,1.20477890968323,-1.33936309814453,5.57369709014893,1.12529873847961,-0.84858393669128,"(5.573697, 1.125299, -0.848584)",truck body CS,11.5528984069824,0.1,6.15136003494263,1.20477890968323,-1.33936309814453,0.00003628125675,90.3817622677577,0.00000323313938
430,left road,430,-2.50500011444092,0.0,6.09999990463257,-2.45000004768372,0.0,-0.85000002384186,-2.50500011444092,0.0,6.09999990463257,6.15136003494263,1.20477890968323,-1.33936309814453,5.57352876663208,1.12435710430145,-0.8427694439888,"(5.573529, 1.124357, -0.842769)",truck body CS,11.4772901535034,0.1,6.15136003494263,1.20477890968323,-1.33936309814453,0.00003628125675,90.3817622677577,0.00000323313938
431,left road,431,-2.40499997138977,0.0,6.09999990463257,-2.34999990463257,0.0,-0.85000002384186,-2.40499997138977,0.0,6.09999990463257,6.15136003494263,1.20477890968323,-1.33936309814453,5.574378490448,1.12353682518005,-0.83770453929901,"(5.574378, 1.123537, -0.837705)",truck body CS,11.4020576477051,0.1,6.15136003494263,1.20477890968323,-1.33936309814453,0.00003628125675,90.3817622677577,0.00000323313938
432,left road,432,-2.3050000667572,0.0,6.09999990463257,-2.25,0.0,-0.85000002384186,-2.3050000667572,0.0,6.09999990463257,6.15136003494263,1.20477890968323,-1.33936309814453,5.57584476470947,1.12278532981873,-0.83306235074997,"(5.575845, 1.122785, -0.833062)",truck body CS,11.3272075653076,0.1,6.15136003494263,1.20477890968323,-1.33936309814453,0.00003628125675,90.3817622677577,0.00000323313938
433,left road,433,-2.20500016212463,0.0,6.09999990463257,-2.15000009536743,0.0,-0.85000002384186,-2.20500016212463,0.0,6.09999990463257,6.15136003494263,1.20477890968323,-1.33936309814453,5.57734060287476,1.12201952934265,-0.82833379507065,"(5.577341, 1.12202, -0.828334)",truck body CS,11.2527494430542,0.1,6.15136003494263,1.20477890968323,-1.33936309814453,0.00003628125675,90.3817622677577,0.00000323313938
434,left road,434,-2.10500001907349,0.0,6.09999990463257,-2.04999995231628,0.0,-0.85000002384186,-2.10500001907349,0.0,6.09999990463257,6.15136003494263,1.20477890968323,-1.33936309814453,5.57886219024658,1.12123930454254,-0.82351559400558,"(5.578862, 1.121239, -0.823516)",truck body CS,11.1786890029907,0.1,6.15136003494263,1.20477890968323,-1.33936309814453,0.00003628125675,90.3817622677577,0.00000323313938
435,left road,435,-2.00500011444092,0.0,6.09999990463257,-1.95000004768372,0.0,-0.85000002384186,-2.00500011444092,0.0,6.09999990463257,6.15136003494263,1.20477890968323,-1.33936309814453,5.58041477203369,1.12044429779053,-0.81860733032227,"(5.580415, 1.120444, -0.818607)",truck body CS,11.1050367355347,0.1,6.15136003494263,1.20477890968323,-1.33936309814453,0.00003628125675,90.3817622677577,0.00000323313938
436,left road,436,-1.90499997138977,0.0,6.09999990463257,-1.85000002384186,0.0,-0.85000002384186,-1.90499997138977,0.0,6.09999990463257,6.15136003494263,1.20477890968323,-1.33936309814453,5.58199501037598,1.11963391304016,-0.81360286474228,"(5.581995, 1.119634, -0.813603)",truck body CS,11.0317974090576,0.1,6.15136003494263,1.20477890968323,-1.33936309814453,0.00003628125675,90.3817622677577,0.00000323313938
437,left road,437,-1.80499994754791,0.0,6.09999990463257,-1.75,0.0,-0.85000002384186,-1.80499994754791,0.0,6.09999990463257,6.15136003494263,1.20477890968323,-1.33936309814453,5.58360576629639,1.11880767345428,-0.80850154161453,"(5.583606, 1.118808, -0.808502)",truck body CS,10.9589815139771,0.1,6.15136003494263,1.20477890968323,-1.33936309814453,0.00003628125675,90.3817622677577,0.00000323313938
438,left road,438,-1.70499992370605,0.0,6.09999990463257,-1.64999997615814,0.0,-0.85000002384186,-1.70499992370605,0.0,6.09999990463257,6.15136003494263,1.20477890968323,-1.33936309814453,5.58525085449219,1.11796569824219,-0.80330210924149,"(5.585251, 1.117966, -0.803302)",truck body CS,10.8865976333618,0.1,6.15136003494263,1.20477890968323,-1.33936309814453,0.00003628125675,90.3817622677577,0.00000323313938
439,left road,439,-1.6049998998642,0.0,6.09999990463257,-1.54999995231628,0.0,-0.85000002384186,-1.6049998998642,0.0,6.09999990463257,6.15136003494263,1.20477890968323,-1.33936309814453,5.58692646026611,1.11710667610168,-0.79799795150757,"(5.586926, 1.117107, -0.797998)",truck body CS,10.8146533966064,0.1,6.15136003494263,1.20477890968323,-1.33936309814453,0.00003628125675,90.3817622677577,0.00000323313938
440,left road,440,-1.50499999523163,0.0,6.09999990463257,-1.45000004768372,0.0,-0.85000002384186,-1.50499999523163,0.0,6.09999990463257,6.15136003494263,1.20477890968323,-1.33936309814453,5.58863687515259,1.11623072624207,-0.79258906841278,"(5.588637, 1.116231, -0.792589)",truck body CS,10.7431592941284,0.1,6.15136003494263,1.20477890968323,-1.33936309814453,0.00003628125675,90.3817622677577,0.00000323313938
441,left road,441,-1.40499997138977,0.0,6.09999990463257,-1.35000002384186,0.0,-0.85000002384186,-1.40499997138977,0.0,6.09999990463257,6.15136003494263,1.20477890968323,-1.33936309814453,5.59037923812866,1.11533665657043,-0.78706806898117,"(5.590379, 1.115337, -0.787068)",truck body CS,10.6721220016479,0.1,6.15136003494263,1.20477890968323,-1.33936309814453,0.00003628125675,90.3817622677577,0.00000323313938
442,left road,442,-1.30499994754791,0.0,6.09999990463257,-1.25,0.0,-0.85000002384186,-1.30499994754791,0.0,6.09999990463257,6.15136003494263,1.20477890968323,-1.33936309814453,5.59216117858887,1.11442494392395,-0.78143936395645,"(5.592161, 1.114425, -0.781439)",truck body CS,10.6015520095825,0.1,6.15136003494263,1.20477890968323,-1.33936309814453,0.00003628125675,90.3817622677577,0.00000323313938
443,left road,443,-1.20499992370605,0.0,6.09999990463257,-1.14999997615814,0.0,-0.85000002384186,-1.20499992370605,0.0,6.09999990463257,6.15136003494263,1.20477890968323,-1.33936309814453,5.59397602081299,1.11349403858185,-0.77569055557251,"(5.593976, 1.113494, -0.775691)",truck body CS,10.5314598083496,0.1,6.15136003494263,1.20477890968323,-1.33936309814453,0.00003628125675,90.3817622677577,0.00000323313938
444,left road,444,-1.1049998998642,0.0,6.09999990463257,-1.04999995231628,0.0,-0.85000002384186,-1.1049998998642,0.0,6.09999990463257,6.15136003494263,1.20477890968323,-1.33936309814453,5.5974292755127,1.11280953884125,-0.7714638710022,"(5.597429, 1.11281, -0.771464)",truck body CS,10.4618530273438,0.1,6.15136003494263,1.20477890968323,-1.33936309814453,0.00003628125675,90.3817622677577,0.00000323313938
445,left road,445,-1.00499999523163,0.0,6.09999990463257,-0.94999998807907,0.0,-0.85000002384186,-1.00499999523163,0.0,6.09999990463257,6.15136003494263,1.20477890968323,-1.33936309814453,5.60093688964844,1.11211478710175,-0.76717406511307,"(5.600937, 1.112115, -0.767174)",truck body CS,10.3927431106567,0.1,6.15136003494263,1.20477890968323,-1.33936309814453,0.00003628125675,90.3817622677577,0.00000323313938
446,left road,446,-0.90500003099442,0.0,6.09999990463257,-0.85000002384186,0.0,-0.85000002384186,-0.90500003099442,0.0,6.09999990463257,6.15136003494263,1.20477890968323,-1.33936309814453,5.60449695587158,1.11140942573547,-0.76281869411469,"(5.604497, 1.111409, -0.762819)",truck body CS,10.3241386413574,0.1,6.15136003494263,1.20477890968323,-1.33936309814453,0.00003628125675,90.3817622677577,0.00000323313938
447,left road,447,-0.80500000715256,0.0,6.09999990463257,-0.75,0.0,-0.85000002384186,-0.80500000715256,0.0,6.09999990463257,6.15136003494263,1.20477890968323,-1.33936309814453,5.60811376571655,1.11069357395172,-0.75839781761169,"(5.608114, 1.110694, -0.758398)",truck body CS,10.256049156189,0.1,6.15136003494263,1.20477890968323,-1.33936309814453,0.00003628125675,90.3817622677577,0.00000323313938
448,left road,448,-0.7049999833107,0.0,6.09999990463257,-0.64999997615814,0.0,-0.85000002384186,-0.7049999833107,0.0,6.09999990463257,6.15136003494263,1.20477890968323,-1.33936309814453,5.61178398132324,1.10996627807617,-0.75390648841858,"(5.611784, 1.109966, -0.753906)",truck body CS,10.1884880065918,0.1,6.15136003494263,1.20477890968323,-1.33936309814453,0.00003628125675,90.3817622677577,0.00000323313938
449,left road,449,-0.60500001907349,0.0,6.09999990463257,-0.55000001192093,0.0,-0.85000002384186,-0.60500001907349,0.0,6.09999990463257,6.15136003494263,1.20477890968323,-1.33936309814453,5.61551237106323,1.10922789573669,-0.74934655427933,"(5.615512, 1.109228, -0.749347)",truck body CS,10.1214628219604,0.1,6.15136003494263,1.20477890968323,-1.33936309814453,0.00003628125675,90.3817622677577,0.00000323313938
450,left road,450,-0.50499999523163,0.0,6.09999990463257,-0.44999998807907,0.0,-0.85000002384186,-0.50499999523163,0.0,6.09999990463257,6.15136003494263,1.20477890968323,-1.33936309814453,5.61930084228516,1.10847806930542,-0.74471682310104,"(5.619301, 1.108478, -0.744717)",truck body CS,10.054986000061,0.1,6.15136003494263,1.20477890968323,-1.33936309814453,0.00003628125675,90.3817622677577,0.00000323313938
451,left road,451,-0.40500000119209,0.0,6.09999990463257,-0.34999999403954,0.0,-0.85000002384186,-0.40500000119209,0.0,6.09999990463257,6.15136003494263,1.20477890968323,-1.33936309814453,5.62314748764038,1.10771608352661,-0.7400124669075,"(5.623147, 1.107716, -0.740012)",truck body CS,9.98906803131104,0.1,6.15136003494263,1.20477890968323,-1.33936309814453,0.00003628125675,90.3817622677577,0.00000323313938
452,left road,452,-0.30500000715256,0.0,6.09999990463257,-0.25,0.0,-0.85000002384186,-0.30500000715256,0.0,6.09999990463257,6.15136003494263,1.20477890968323,-1.33936309814453,5.62705564498901,1.10694193840027,-0.73523277044296,"(5.627056, 1.106942, -0.735233)",truck body CS,9.92371845245361,0.1,6.15136003494263,1.20477890968323,-1.33936309814453,0.00003628125675,90.3817622677577,0.00000323313938
453,left road,453,-0.20500001311302,0.0,6.09999990463257,-0.15000000596046,0.0,-0.85000002384186,-0.20500001311302,0.0,6.09999990463257,6.15136003494263,1.20477890968323,-1.33936309814453,5.63102626800537,1.10615539550781,-0.73037540912628,"(5.631026, 1.106155, -0.730375)",truck body CS,9.85895156860352,0.1,6.15136003494263,1.20477890968323,-1.33936309814453,0.00003628125675,90.3817622677577,0.00000323313938
454,left road,454,-0.10500000417233,0.0,6.09999990463257,-0.05000000074506,0.0,-0.85000002384186,-0.10500000417233,0.0,6.09999990463257,6.15136003494263,1.20477890968323,-1.33936309814453,5.6350622177124,1.10535621643066,-0.72544038295746,"(5.635062, 1.105356, -0.72544)",truck body CS,9.79477691650391,0.1,6.15136003494263,1.20477890968323,-1.33936309814453,0.00003628125675,90.3817622677577,0.00000323313938
455,left road,455,-0.00499999895692,0.0,6.09999990463257,0.05000000074506,0.0,-0.85000002384186,-0.00499999895692,0.0,6.09999990463257,6.15136003494263,1.20477890968323,-1.33936309814453,5.6393084526062,1.10457229614258,-0.72059893608093,"(5.639308, 1.104572, -0.720599)",truck body CS,9.7312068939209,0.1,6.15136003494263,1.20477890968323,-1.33936309814453,0.00003628125675,90.3817622677577,0.00000323313938
456,left road,456,0.09500000625849,0.0,6.09999990463257,0.15000000596046,0.0,-0.85000002384186,0.09500000625849,0.0,6.09999990463257,6.15136003494263,1.20477890968323,-1.33936309814453,5.64384889602661,1.10382103919983,-0.7159595489502,"(5.643849, 1.103821, -0.71596)",truck body CS,9.66825294494629,0.1,6.15136003494263,1.20477890968323,-1.33936309814453,0.00003628125675,90.3817622677577,0.00000323313938
457,left road,457,0.19499999284744,0.0,6.09999990463257,0.25,0.0,-0.85000002384186,0.19499999284744,0.0,6.09999990463257,6.15136003494263,1.20477890968323,-1.33936309814453,5.64845752716064,1.1030580997467,-0.71124994754791,"(5.648458, 1.103058, -0.71125)",truck body CS,9.60592746734619,0.1,6.15136003494263,1.20477890968323,-1.33936309814453,0.00003628125675,90.3817622677577,0.00000323313938
458,left road,458,0.29499998688698,0.0,6.09999990463257,0.34999999403954,0.0,-0.85000002384186,0.29499998688698,0.0,6.09999990463257,6.15136003494263,1.20477890968323,-1.33936309814453,5.65313768386841,1.10228395462036,-0.70646929740906,"(5.653138, 1.102284, -0.706469)",truck body CS,9.5442419052124,0.1,6.15136003494263,1.20477890968323,-1.33936309814453,0.00003628125675,90.3817622677577,0.00000323313938
459,left road,459,0.39499998092651,0.0,6.09999990463257,0.44999998807907,0.0,-0.85000002384186,0.39499998092651,0.0,6.09999990463257,6.15136003494263,1.20477890968323,-1.33936309814453,5.65788793563843,1.10149753093719,-0.70161402225494,"(5.657888, 1.101498, -0.701614)",truck body CS,9.48321056365967,0.1,6.15136003494263,1.20477890968323,-1.33936309814453,0.00003628125675,90.3817622677577,0.00000323313938
460,left road,460,0.49500000476837,0.0,6.09999990463257,0.55000001192093,0.0,-0.85000002384186,0.49500000476837,0.0,6.09999990463257,6.15136003494263,1.20477890968323,-1.33936309814453,5.66271352767944,1.10069954395294,-0.6966860294342,"(5.662714, 1.1007, -0.696686)",truck body CS,9.4228458404541,0.1,6.15136003494263,1.20477890968323,-1.33936309814453,0.00003628125675,90.3817622677577,0.00000323313938
461,left road,461,0.59499996900558,0.0,6.09999990463257,0.64999997615814,0.0,-0.85000002384186,0.59499996900558,0.0,6.09999990463257,6.15136003494263,1.20477890968323,-1.33936309814453,5.66778039932251,1.09992492198944,-0.69190323352814,"(5.66778, 1.099925, -0.691903)",truck body CS,9.3631591796875,0.1,6.15136003494263,1.20477890968323,-1.33936309814453,0.00003628125675,90.3817622677577,0.00000323313938
462,left road,462,0.69499999284744,0.0,6.09999990463257,0.75,0.0,-0.85000002384186,0.69499999284744,0.0,6.09999990463257,6.15136003494263,1.20477890968323,-1.33936309814453,5.67716455459595,1.10007524490356,-0.69283175468445,"(5.677165, 1.100075, -0.692832)",truck body CS,9.30416393280029,0.1,6.15136003494263,1.20477890968323,-1.33936309814453,0.00003628125675,90.3817622677577,0.00000323313938
463,left road,463,0.7950000166893,0.0,6.09999990463257,0.85000002384186,0.0,-0.85000002384186,0.7950000166893,0.0,6.09999990463257,6.15136003494263,1.20477890968323,-1.33936309814453,5.68669700622559,1.10026466846466,-0.69400060176849,"(5.686697, 1.100265, -0.694001)",truck body CS,9.24587535858154,0.1,6.15136003494263,1.20477890968323,-1.33936309814453,0.00003628125675,90.3817622677577,0.00000323313938
464,left road,464,0.89499998092651,0.0,6.09999990463257,0.94999998807907,0.0,-0.85000002384186,0.89499998092651,0.0,6.09999990463257,6.15136003494263,1.20477890968323,-1.33936309814453,5.69648885726929,1.10052061080933,-0.69558131694794,"(5.696489, 1.100521, -0.695581)",truck body CS,9.18830394744873,0.1,6.15136003494263,1.20477890968323,-1.33936309814453,0.00003628125675,90.3817622677577,0.00000323313938
465,left road,465,0.99499994516373,0.0,6.09999990463257,1.04999995231628,0.0,-0.85000002384186,0.99499994516373,0.0,6.09999990463257,6.15136003494263,1.20477890968323,-1.33936309814453,5.70623064041138,1.10077488422394,-0.69715070724487,"(5.706231, 1.100775, -0.697151)",truck body CS,9.13146591186523,0.1,6.15136003494263,1.20477890968323,-1.33936309814453,0.00003628125675,90.3817622677577,0.00000323313938
466,left road,466,1.09500002861023,0.0,6.09999990463257,1.14999997615814,0.0,-0.85000002384186,1.09500002861023,0.0,6.09999990463257,6.15136003494263,1.20477890968323,-1.33936309814453,5.7159686088562,1.10103821754456,-0.69877660274506,"(5.715969, 1.101038, -0.698777)",truck body CS,9.07537269592285,0.1,6.15136003494263,1.20477890968323,-1.33936309814453,0.00003628125675,90.3817622677577,0.00000323313938
467,left road,467,1.19500005245209,0.0,6.09999990463257,1.25,0.0,-0.85000002384186,1.19500005245209,0.0,6.09999990463257,6.15136003494263,1.20477890968323,-1.33936309814453,5.73138093948364,1.10269165039063,-0.70898699760437,"(5.731381, 1.102692, -0.708987)",truck body CS,9.02003955841064,0.1,6.15136003494263,1.20477890968323,-1.33936309814453,0.00003628125675,90.3817622677577,0.00000323313938
468,left road,468,1.29500007629395,0.0,6.09999990463257,1.35000002384186,0.0,-0.85000002384186,1.29500007629395,0.0,6.09999990463257,6.15136003494263,1.20477890968323,-1.33936309814453,6.11857748031616,1.1966460943222,-1.28914391994476,"(6.118577, 1.196646, -1.289144)",EyeArea,8.96548080444336,0.1,6.15136003494263,1.20477890968323,-1.33936309814453,0.00003628125675,90.3817622677577,0.00000323313938
469,left road,469,1.3950001001358,0.0,6.09999990463257,1.45000004768372,0.0,-0.85000002384186,1.3950001001358,0.0,6.09999990463257,6.15136003494263,1.20477890968323,-1.33936309814453,6.11925506591797,1.19664680957794,-1.28914844989777,"(6.119255, 1.196647, -1.289148)",EyeArea,8.91170978546143,0.1,6.15136003494263,1.20477890968323,-1.33936309814453,0.00003628125675,90.3817622677577,0.00000323313938
470,left road,470,1.49500000476837,0.0,6.09999990463257,1.54999995231628,0.0,-0.85000002384186,1.49500000476837,0.0,6.09999990463257,6.15136003494263,1.20477890968323,-1.33936309814453,6.11993312835693,1.19664752483368,-1.28915297985077,"(6.119933, 1.196648, -1.289153)",EyeArea,8.85874176025391,0.1,6.15136003494263,1.20477890968323,-1.33936309814453,0.00003628125675,90.3817622677577,0.00000323313938
471,left road,471,1.59500002861023,0.0,6.09999990463257,1.64999997615814,0.0,-0.85000002384186,1.59500002861023,0.0,6.09999990463257,6.15136003494263,1.20477890968323,-1.33936309814453,6.12061166763306,1.19664835929871,-1.28915750980377,"(6.120612, 1.196648, -1.289158)",EyeArea,8.80659008026123,0.1,6.15136003494263,1.20477890968323,-1.33936309814453,0.00003628125675,90.3817622677577,0.00000323313938
472,left road,472,1.69500005245209,0.0,6.09999990463257,1.75,0.0,-0.85000002384186,1.69500005245209,0.0,6.09999990463257,6.15136003494263,1.20477890968323,-1.33936309814453,6.12128829956055,1.19664907455444,-1.28916203975677,"(6.121288, 1.196649, -1.289162)",EyeArea,8.75527000427246,0.1,6.15136003494263,1.20477890968323,-1.33936309814453,0.00003628125675,90.3817622677577,0.00000323313938
473,left road,473,1.79500007629395,0.0,6.09999990463257,1.85000002384186,0.0,-0.85000002384186,1.79500007629395,0.0,6.09999990463257,6.15136003494263,1.20477890968323,-1.33936309814453,6.12196588516235,1.19664978981018,-1.28916656970978,"(6.121966, 1.19665, -1.289167)",EyeArea,8.70479679107666,0.1,6.15136003494263,1.20477890968323,-1.33936309814453,0.00003628125675,90.3817622677577,0.00000323313938
474,left road,474,1.8950001001358,0.0,6.09999990463257,1.95000004768372,0.0,-0.85000002384186,1.8950001001358,0.0,6.09999990463257,6.15136003494263,1.20477890968323,-1.33936309814453,6.12264347076416,1.19665050506592,-1.28917098045349,"(6.122643, 1.196651, -1.289171)",EyeArea,8.65518474578857,0.1,6.15136003494263,1.20477890968323,-1.33936309814453,0.00003628125675,90.3817622677577,0.00000323313938
475,left road,475,1.99500000476837,0.0,6.09999990463257,2.04999995231628,0.0,-0.85000002384186,1.99500000476837,0.0,6.09999990463257,6.15136003494263,1.20477890968323,-1.33936309814453,6.12332057952881,1.19665122032166,-1.28917551040649,"(6.123321, 1.196651, -1.289176)",EyeArea,8.60644721984863,0.1,6.15136003494263,1.20477890968323,-1.33936309814453,0.00003628125675,90.3817622677577,0.00000323313938
476,left road,476,2.09500002861023,0.0,6.09999990463257,2.15000009536743,0.0,-0.85000002384186,2.09500002861023,0.0,6.09999990463257,6.15136003494263,1.20477890968323,-1.33936309814453,6.12399816513062,1.19665193557739,-1.2891800403595,"(6.123998, 1.196652, -1.28918)",EyeArea,8.55860233306885,0.1,6.15136003494263,1.20477890968323,-1.33936309814453,0.00003628125675,90.3817622677577,0.00000323313938
477,left road,477,2.1949999332428,0.0,6.09999990463257,2.25,0.0,-0.85000002384186,2.1949999332428,0.0,6.09999990463257,6.15136003494263,1.20477890968323,-1.33936309814453,6.12467432022095,1.19665265083313,-1.2891845703125,"(6.124674, 1.196653, -1.289185)",EyeArea,8.51166248321533,0.1,6.15136003494263,1.20477890968323,-1.33936309814453,0.00003628125675,90.3817622677577,0.00000323313938
478,left road,478,2.29499983787537,0.0,6.09999990463257,2.34999990463257,0.0,-0.85000002384186,2.29499983787537,0.0,6.09999990463257,6.15136003494263,1.20477890968323,-1.33936309814453,6.1253514289856,1.19665336608887,-1.2891891002655,"(6.125351, 1.196653, -1.289189)",EyeArea,8.46564388275146,0.1,6.15136003494263,1.20477890968323,-1.33936309814453,0.00003628125675,90.3817622677577,0.00000323313938
479,left road,479,2.39499998092651,0.0,6.09999990463257,2.45000004768372,0.0,-0.85000002384186,2.39499998092651,0.0,6.09999990463257,6.15136003494263,1.20477890968323,-1.33936309814453,6.12602806091309,1.1966540813446,-1.28919363021851,"(6.126028, 1.196654, -1.289194)",EyeArea,8.42056179046631,0.1,6.15136003494263,1.20477890968323,-1.33936309814453,0.00003628125675,90.3817622677577,0.00000323313938
480,left road,480,2.49499988555908,0.0,6.09999990463257,2.54999995231628,0.0,-0.85000002384186,2.49499988555908,0.0,6.09999990463257,6.15136003494263,1.20477890968323,-1.33936309814453,6.12670421600342,1.19665479660034,-1.28919804096222,"(6.126704, 1.196655, -1.289198)",EyeArea,8.37643051147461,0.1,6.15136003494263,1.20477890968323,-1.33936309814453,0.00003628125675,90.3817622677577,0.00000323313938
481,left road,481,2.59500002861023,0.0,6.09999990463257,2.65000009536743,0.0,-0.85000002384186,2.59500002861023,0.0,6.09999990463257,6.15136003494263,1.20477890968323,-1.33936309814453,6.12738084793091,1.19665551185608,-1.28920257091522,"(6.127381, 1.196656, -1.289203)",EyeArea,8.33326530456543,0.1,6.15136003494263,1.20477890968323,-1.33936309814453,0.00003628125675,90.3817622677577,0.00000323313938
482,left road,482,2.6949999332428,0.0,6.09999990463257,2.75,0.0,-0.85000002384186,2.6949999332428,0.0,6.09999990463257,6.15136003494263,1.20477890968323,-1.33936309814453,6.12805700302124,1.19665622711182,-1.28920710086823,"(6.128057, 1.196656, -1.289207)",EyeArea,8.29108142852783,0.1,6.15136003494263,1.20477890968323,-1.33936309814453,0.00003628125675,90.3817622677577,0.00000323313938
483,left road,483,2.79499983787537,0.0,6.09999990463257,2.84999990463257,0.0,-0.85000002384186,2.79499983787537,0.0,6.09999990463257,6.15136003494263,1.20477890968323,-1.33936309814453,6.12873363494873,1.19665706157684,-1.28921163082123,"(6.128734, 1.196657, -1.289212)",EyeArea,8.2498950958252,0.1,6.15136003494263,1.20477890968323,-1.33936309814453,0.00003628125675,90.3817622677577,0.00000323313938
484,left road,484,2.89499998092651,0.0,6.09999990463257,2.95000004768372,0.0,-0.85000002384186,2.89499998092651,0.0,6.09999990463257,6.15136003494263,1.20477890968323,-1.33936309814453,6.12940979003906,1.19665777683258,-1.28921616077423,"(6.12941, 1.196658, -1.289216)",EyeArea,8.20971965789795,0.1,6.15136003494263,1.20477890968323,-1.33936309814453,0.00003628125675,90.3817622677577,0.00000323313938
485,left road,485,2.99499988555908,0.0,6.09999990463257,3.04999995231628,0.0,-0.85000002384186,2.99499988555908,0.0,6.09999990463257,6.15136003494263,1.20477890968323,-1.33936309814453,6.13008594512939,1.19665849208832,-1.28922057151794,"(6.130086, 1.196658, -1.289221)",EyeArea,8.17057037353516,0.1,6.15136003494263,1.20477890968323,-1.33936309814453,0.00003628125675,90.3817622677577,0.00000323313938
486,left road,486,3.09500002861023,0.0,6.09999990463257,3.15000009536743,0.0,-0.85000002384186,3.09500002861023,0.0,6.09999990463257,6.15136003494263,1.20477890968323,-1.33936309814453,6.13076162338257,1.19665920734406,-1.28922510147095,"(6.130762, 1.196659, -1.289225)",EyeArea,8.13246250152588,0.1,6.15136003494263,1.20477890968323,-1.33936309814453,0.00003628125675,90.3817622677577,0.00000323313938
487,left road,487,3.1949999332428,0.0,6.09999990463257,3.25,0.0,-0.85000002384186,3.1949999332428,0.0,6.09999990463257,6.15136003494263,1.20477890968323,-1.33936309814453,6.13143730163574,1.19665992259979,-1.28922963142395,"(6.131437, 1.19666, -1.28923)",EyeArea,8.09541034698486,0.1,6.15136003494263,1.20477890968323,-1.33936309814453,0.00003628125675,90.3817622677577,0.00000323313938
488,left road,488,3.29499983787537,0.0,6.09999990463257,3.34999990463257,0.0,-0.85000002384186,3.29499983787537,0.0,6.09999990463257,6.15136003494263,1.20477890968323,-1.33936309814453,6.13211297988892,1.19666063785553,-1.28923416137695,"(6.132113, 1.196661, -1.289234)",EyeArea,8.05943012237549,0.1,6.15136003494263,1.20477890968323,-1.33936309814453,0.00003628125675,90.3817622677577,0.00000323313938
489,left road,489,3.39499998092651,0.0,6.09999990463257,3.45000004768372,0.0,-0.85000002384186,3.39499998092651,0.0,6.09999990463257,6.15136003494263,1.20477890968323,-1.33936309814453,6.13278818130493,1.19666147232056,-1.28923857212067,"(6.132788, 1.196661, -1.289239)",EyeArea,8.02453327178955,0.1,6.15136003494263,1.20477890968323,-1.33936309814453,0.00003628125675,90.3817622677577,0.00000323313938
490,left road,490,-3.50500011444092,0.0,6.19999980926514,-3.45000004768372,0.0,-0.75,-3.50500011444092,0.0,6.19999980926514,6.15136003494263,1.20477890968323,-1.33936309814453,6.10161828994751,1.19857275485992,-1.30052614212036,"(6.101618, 1.198573, -1.300526)",EyeArea,12.3101091384888,0.1,6.15136003494263,1.20477890968323,-1.33936309814453,0.00003628125675,90.3817622677577,0.00000323313938
491,left road,491,-3.40499997138977,0.0,6.19999980926514,-3.34999990463257,0.0,-0.75,-3.40499997138977,0.0,6.19999980926514,6.15136003494263,1.20477890968323,-1.33936309814453,6.1016206741333,1.19850814342499,-1.30012178421021,"(6.101621, 1.198508, -1.300122)",EyeArea,12.2318239212036,0.1,6.15136003494263,1.20477890968323,-1.33936309814453,0.00003628125675,90.3817622677577,0.00000323313938
492,left road,492,-3.3050000667572,0.0,6.19999980926514,-3.25,0.0,-0.75,-3.3050000667572,0.0,6.19999980926514,6.15136003494263,1.20477890968323,-1.33936309814453,6.10162353515625,1.19844245910645,-1.29971027374268,"(6.101624, 1.198442, -1.29971)",EyeArea,12.1538562774658,0.1,6.15136003494263,1.20477890968323,-1.33936309814453,0.00003628125675,90.3817622677577,0.00000323313938
493,left road,493,-3.20500016212463,0.0,6.19999980926514,-3.15000009536743,0.0,-0.75,-3.20500016212463,0.0,6.19999980926514,6.15136003494263,1.20477890968323,-1.33936309814453,6.1016263961792,1.19837474822998,-1.29928696155548,"(6.101626, 1.198375, -1.299287)",EyeArea,12.0762147903442,0.1,6.15136003494263,1.20477890968323,-1.33936309814453,0.00003628125675,90.3817622677577,0.00000323313938
494,left road,494,-3.10500001907349,0.0,6.19999980926514,-3.04999995231628,0.0,-0.75,-3.10500001907349,0.0,6.19999980926514,6.15136003494263,1.20477890968323,-1.33936309814453,6.10162925720215,1.1983060836792,-1.29885733127594,"(6.101629, 1.198306, -1.298857)",EyeArea,11.9989032745361,0.1,6.15136003494263,1.20477890968323,-1.33936309814453,0.00003628125675,90.3817622677577,0.00000323313938
495,left road,495,-3.00500011444092,0.0,6.19999980926514,-2.95000004768372,0.0,-0.75,-3.00500011444092,0.0,6.19999980926514,6.15136003494263,1.20477890968323,-1.33936309814453,6.1016321182251,1.19823575019836,-1.29841673374176,"(6.101632, 1.198236, -1.298417)",EyeArea,11.9219303131104,0.1,6.15136003494263,1.20477890968323,-1.33936309814453,0.00003628125675,90.3817622677577,0.00000323313938
496,left road,496,-2.90499997138977,0.0,6.19999980926514,-2.84999990463257,0.0,-0.75,-2.90499997138977,0.0,6.19999980926514,6.15136003494263,1.20477890968323,-1.33936309814453,6.10163497924805,1.19816374778748,-1.29796659946442,"(6.101635, 1.198164, -1.297967)",EyeArea,11.8453006744385,0.1,6.15136003494263,1.20477890968323,-1.33936309814453,0.00003628125675,90.3817622677577,0.00000323313938
497,left road,497,-2.8050000667572,0.0,6.19999980926514,-2.75,0.0,-0.75,-2.8050000667572,0.0,6.19999980926514,6.15136003494263,1.20477890968323,-1.33936309814453,6.10163831710815,1.1980904340744,-1.29750788211823,"(6.101638, 1.19809, -1.297508)",EyeArea,11.769021987915,0.1,6.15136003494263,1.20477890968323,-1.33936309814453,0.00003628125675,90.3817622677577,0.00000323313938
498,left road,498,-2.70500016212463,0.0,6.19999980926514,-2.65000009536743,0.0,-0.75,-2.70500016212463,0.0,6.19999980926514,6.15136003494263,1.20477890968323,-1.33936309814453,5.57654619216919,1.12658381462097,-0.85002738237381,"(5.576546, 1.126584, -0.850027)",truck body CS,11.6931009292603,0.1,6.15136003494263,1.20477890968323,-1.33936309814453,0.00003628125675,90.3817622677577,0.00000323313938
499,left road,499,-2.60500001907349,0.0,6.19999980926514,-2.54999995231628,0.0,-0.75,-2.60500001907349,0.0,6.19999980926514,6.15136003494263,1.20477890968323,-1.33936309814453,5.57599401473999,1.1256148815155,-0.84396380186081,"(5.575994, 1.125615, -0.843964)",truck body CS,11.6175441741943,0.1,6.15136003494263,1.20477890968323,-1.33936309814453,0.00003628125675,90.3817622677577,0.00000323313938
500,left road,500,-2.50500011444092,0.0,6.19999980926514,-2.45000004768372,0.0,-0.75,-2.50500011444092,0.0,6.19999980926514,6.15136003494263,1.20477890968323,-1.33936309814453,5.57585573196411,1.12468099594116,-0.83812022209167,"(5.575856, 1.124681, -0.83812)",truck body CS,11.5423593521118,0.1,6.15136003494263,1.20477890968323,-1.33936309814453,0.00003628125675,90.3817622677577,0.00000323313938
501,left road,501,-2.40499997138977,0.0,6.19999980926514,-2.34999990463257,0.0,-0.75,-2.40499997138977,0.0,6.19999980926514,6.15136003494263,1.20477890968323,-1.33936309814453,5.57686805725098,1.12388753890991,-0.83315408229828,"(5.576868, 1.123888, -0.833154)",truck body CS,11.4675540924072,0.1,6.15136003494263,1.20477890968323,-1.33936309814453,0.00003628125675,90.3817622677577,0.00000323313938
502,left road,502,-2.3050000667572,0.0,6.19999980926514,-2.25,0.0,-0.75,-2.3050000667572,0.0,6.19999980926514,6.15136003494263,1.20477890968323,-1.33936309814453,5.57835102081299,1.12314224243164,-0.82849127054214,"(5.578351, 1.123142, -0.828491)",truck body CS,11.3931341171265,0.1,6.15136003494263,1.20477890968323,-1.33936309814453,0.00003628125675,90.3817622677577,0.00000323313938
503,left road,503,-2.20500016212463,0.0,6.19999980926514,-2.15000009536743,0.0,-0.75,-2.20500016212463,0.0,6.19999980926514,6.15136003494263,1.20477890968323,-1.33936309814453,5.57986164093018,1.12238311767578,-0.8237401843071,"(5.579862, 1.122383, -0.82374)",truck body CS,11.3191089630127,0.1,6.15136003494263,1.20477890968323,-1.33936309814453,0.00003628125675,90.3817622677577,0.00000323313938
504,left road,504,-2.10500001907349,0.0,6.19999980926514,-2.04999995231628,0.0,-0.75,-2.10500001907349,0.0,6.19999980926514,6.15136003494263,1.20477890968323,-1.33936309814453,5.58140230178833,1.12160992622375,-0.81890267133713,"(5.581402, 1.12161, -0.818903)",truck body CS,11.2454862594604,0.1,6.15136003494263,1.20477890968323,-1.33936309814453,0.00003628125675,90.3817622677577,0.00000323313938
505,left road,505,-2.00500011444092,0.0,6.19999980926514,-1.95000004768372,0.0,-0.75,-2.00500011444092,0.0,6.19999980926514,6.15136003494263,1.20477890968323,-1.33936309814453,5.58297061920166,1.12082171440125,-0.81397068500519,"(5.582971, 1.120822, -0.813971)",truck body CS,11.1722736358643,0.1,6.15136003494263,1.20477890968323,-1.33936309814453,0.00003628125675,90.3817622677577,0.00000323313938
506,left road,506,-1.90499997138977,0.0,6.19999980926514,-1.85000002384186,0.0,-0.75,-1.90499997138977,0.0,6.19999980926514,6.15136003494263,1.20477890968323,-1.33936309814453,5.58456897735596,1.12001872062683,-0.80894434452057,"(5.584569, 1.120019, -0.808944)",truck body CS,11.0994787216187,0.1,6.15136003494263,1.20477890968323,-1.33936309814453,0.00003628125675,90.3817622677577,0.00000323313938
507,left road,507,-1.80499994754791,0.0,6.19999980926514,-1.75,0.0,-0.75,-1.80499994754791,0.0,6.19999980926514,6.15136003494263,1.20477890968323,-1.33936309814453,5.58619928359985,1.11920034885406,-0.80382293462753,"(5.586199, 1.1192, -0.803823)",truck body CS,11.0271091461182,0.1,6.15136003494263,1.20477890968323,-1.33936309814453,0.00003628125675,90.3817622677577,0.00000323313938
508,left road,508,-1.70499992370605,0.0,6.19999980926514,-1.64999997615814,0.0,-0.75,-1.70499992370605,0.0,6.19999980926514,6.15136003494263,1.20477890968323,-1.33936309814453,5.58786010742188,1.11836576461792,-0.79859989881516,"(5.58786, 1.118366, -0.7986)",truck body CS,10.9551753997803,0.1,6.15136003494263,1.20477890968323,-1.33936309814453,0.00003628125675,90.3817622677577,0.00000323313938
509,left road,509,-1.6049998998642,0.0,6.19999980926514,-1.54999995231628,0.0,-0.75,-1.6049998998642,0.0,6.19999980926514,6.15136003494263,1.20477890968323,-1.33936309814453,5.5895528793335,1.11751461029053,-0.79327446222305,"(5.589553, 1.117515, -0.793274)",truck body CS,10.8836851119995,0.1,6.15136003494263,1.20477890968323,-1.33936309814453,0.00003628125675,90.3817622677577,0.00000323313938
510,left road,510,-1.50499999523163,0.0,6.19999980926514,-1.45000004768372,0.0,-0.75,-1.50499999523163,0.0,6.19999980926514,6.15136003494263,1.20477890968323,-1.33936309814453,5.59128189086914,1.11664700508118,-0.78784430027008,"(5.591282, 1.116647, -0.787844)",truck body CS,10.8126468658447,0.1,6.15136003494263,1.20477890968323,-1.33936309814453,0.00003628125675,90.3817622677577,0.00000323313938
511,left road,511,-1.40499997138977,0.0,6.19999980926514,-1.35000002384186,0.0,-0.75,-1.40499997138977,0.0,6.19999980926514,6.15136003494263,1.20477890968323,-1.33936309814453,5.59304618835449,1.11576175689697,-0.78230518102646,"(5.593046, 1.115762, -0.782305)",truck body CS,10.7420692443848,0.1,6.15136003494263,1.20477890968323,-1.33936309814453,0.00003628125675,90.3817622677577,0.00000323313938
512,left road,512,-1.30499994754791,0.0,6.19999980926514,-1.25,0.0,-0.75,-1.30499994754791,0.0,6.19999980926514,6.15136003494263,1.20477890968323,-1.33936309814453,5.59484243392944,1.11485826969147,-0.77665090560913,"(5.594842, 1.114858, -0.776651)",truck body CS,10.6719627380371,0.1,6.15136003494263,1.20477890968323,-1.33936309814453,0.00003628125675,90.3817622677577,0.00000323313938
513,left road,513,-1.20499992370605,0.0,6.19999980926514,-1.14999997615814,0.0,-0.75,-1.20499992370605,0.0,6.19999980926514,6.15136003494263,1.20477890968323,-1.33936309814453,5.5982141494751,1.1141881942749,-0.77245724201202,"(5.598214, 1.114188, -0.772457)",truck body CS,10.6023349761963,0.1,6.15136003494263,1.20477890968323,-1.33936309814453,0.00003628125675,90.3817622677577,0.00000323313938
514,left road,514,-1.1049998998642,0.0,6.19999980926514,-1.04999995231628,0.0,-0.75,-1.1049998998642,0.0,6.19999980926514,6.15136003494263,1.20477890968323,-1.33936309814453,5.60167360305786,1.11351418495178,-0.76823908090591,"(5.601674, 1.113514, -0.768239)",truck body CS,10.5331974029541,0.1,6.15136003494263,1.20477890968323,-1.33936309814453,0.00003628125675,90.3817622677577,0.00000323313938
515,left road,515,-1.00499999523163,0.0,6.19999980926514,-0.94999998807907,0.0,-0.75,-1.00499999523163,0.0,6.19999980926514,6.15136003494263,1.20477890968323,-1.33936309814453,5.60518646240234,1.11283028125763,-0.76395910978317,"(5.605186, 1.11283, -0.763959)",truck body CS,10.4645576477051,0.1,6.15136003494263,1.20477890968323,-1.33936309814453,0.00003628125675,90.3817622677577,0.00000323313938
516,left road,516,-0.90500003099442,0.0,6.19999980926514,-0.85000002384186,0.0,-0.75,-0.90500003099442,0.0,6.19999980926514,6.15136003494263,1.20477890968323,-1.33936309814453,5.60875225067139,1.11213612556458,-0.75961476564407,"(5.608752, 1.112136, -0.759615)",truck body CS,10.3964281082153,0.1,6.15136003494263,1.20477890968323,-1.33936309814453,0.00003628125675,90.3817622677577,0.00000323313938
517,left road,517,-0.80500000715256,0.0,6.19999980926514,-0.75,0.0,-0.75,-0.80500000715256,0.0,6.19999980926514,6.15136003494263,1.20477890968323,-1.33936309814453,5.61237192153931,1.11143100261688,-0.75520366430283,"(5.612372, 1.111431, -0.755204)",truck body CS,10.3288154602051,0.1,6.15136003494263,1.20477890968323,-1.33936309814453,0.00003628125675,90.3817622677577,0.00000323313938
518,left road,518,-0.7049999833107,0.0,6.19999980926514,-0.64999997615814,0.0,-0.75,-0.7049999833107,0.0,6.19999980926514,6.15136003494263,1.20477890968323,-1.33936309814453,5.61604595184326,1.11071527004242,-0.75072395801544,"(5.616046, 1.110715, -0.750724)",truck body CS,10.2617321014404,0.1,6.15136003494263,1.20477890968323,-1.33936309814453,0.00003628125675,90.3817622677577,0.00000323313938
519,left road,519,-0.60500001907349,0.0,6.19999980926514,-0.55000001192093,0.0,-0.75,-0.60500001907349,0.0,6.19999980926514,6.15136003494263,1.20477890968323,-1.33936309814453,5.61977863311768,1.10998845100403,-0.74617630243301,"(5.619779, 1.109988, -0.746176)",truck body CS,10.1951894760132,0.1,6.15136003494263,1.20477890968323,-1.33936309814453,0.00003628125675,90.3817622677577,0.00000323313938
520,left road,520,-0.50499999523163,0.0,6.19999980926514,-0.44999998807907,0.0,-0.75,-0.50499999523163,0.0,6.19999980926514,6.15136003494263,1.20477890968323,-1.33936309814453,5.62356758117676,1.10925030708313,-0.74155694246292,"(5.623568, 1.10925, -0.741557)",truck body CS,10.1291961669922,0.1,6.15136003494263,1.20477890968323,-1.33936309814453,0.00003628125675,90.3817622677577,0.00000323313938
521,left road,521,-0.40500000119209,0.0,6.19999980926514,-0.34999999403954,0.0,-0.75,-0.40500000119209,0.0,6.19999980926514,6.15136003494263,1.20477890968323,-1.33936309814453,5.62741899490356,1.10850095748901,-0.7368665933609,"(5.627419, 1.108501, -0.736867)",truck body CS,10.0637636184692,0.1,6.15136003494263,1.20477890968323,-1.33936309814453,0.00003628125675,90.3817622677577,0.00000323313938
522,left road,522,-0.30500000715256,0.0,6.19999980926514,-0.25,0.0,-0.75,-0.30500000715256,0.0,6.19999980926514,6.15136003494263,1.20477890968323,-1.33936309814453,5.63132810592651,1.10773921012878,-0.73210036754608,"(5.631328, 1.107739, -0.7321)",truck body CS,9.99890327453613,0.1,6.15136003494263,1.20477890968323,-1.33936309814453,0.00003628125675,90.3817622677577,0.00000323313938
523,left road,523,-0.20500001311302,0.0,6.19999980926514,-0.15000000596046,0.0,-0.75,-0.20500001311302,0.0,6.19999980926514,6.15136003494263,1.20477890968323,-1.33936309814453,5.63530111312866,1.1069655418396,-0.72725892066956,"(5.635301, 1.106966, -0.727259)",truck body CS,9.93462562561035,0.1,6.15136003494263,1.20477890968323,-1.33936309814453,0.00003628125675,90.3817622677577,0.00000323313938
524,left road,524,-0.10500000417233,0.0,6.19999980926514,-0.05000000074506,0.0,-0.75,-0.10500000417233,0.0,6.19999980926514,6.15136003494263,1.20477890968323,-1.33936309814453,5.63933706283569,1.1061794757843,-0.72233915328979,"(5.639337, 1.106179, -0.722339)",truck body CS,9.87094306945801,0.1,6.15136003494263,1.20477890968323,-1.33936309814453,0.00003628125675,90.3817622677577,0.00000323313938
525,left road,525,-0.00499999895692,0.0,6.19999980926514,0.05000000074506,0.0,-0.75,-0.00499999895692,0.0,6.19999980926514,6.15136003494263,1.20477890968323,-1.33936309814453,5.64343929290771,1.10538053512573,-0.71734046936035,"(5.643439, 1.105381, -0.71734)",truck body CS,9.8078670501709,0.1,6.15136003494263,1.20477890968323,-1.33936309814453,0.00003628125675,90.3817622677577,0.00000323313938
526,left road,526,0.09500000625849,0.0,6.19999980926514,0.15000000596046,0.0,-0.75,0.09500000625849,0.0,6.19999980926514,6.15136003494263,1.20477890968323,-1.33936309814453,5.6479377746582,1.10463428497314,-0.71267032623291,"(5.647938, 1.104634, -0.71267)",truck body CS,9.7454080581665,0.1,6.15136003494263,1.20477890968323,-1.33936309814453,0.00003628125675,90.3817622677577,0.00000323313938
527,left road,527,0.19499999284744,0.0,6.19999980926514,0.25,0.0,-0.75,0.19499999284744,0.0,6.19999980926514,6.15136003494263,1.20477890968323,-1.33936309814453,5.65254259109497,1.10388422012329,-0.7079770565033,"(5.652543, 1.103884, -0.707977)",truck body CS,9.68357944488525,0.1,6.15136003494263,1.20477890968323,-1.33936309814453,0.00003628125675,90.3817622677577,0.00000323313938
528,left road,528,0.29499998688698,0.0,6.19999980926514,0.34999999403954,0.0,-0.75,0.29499998688698,0.0,6.19999980926514,6.15136003494263,1.20477890968323,-1.33936309814453,5.65721273422241,1.10312247276306,-0.70320856571198,"(5.657213, 1.103122, -0.703209)",truck body CS,9.62239265441895,0.1,6.15136003494263,1.20477890968323,-1.33936309814453,0.00003628125675,90.3817622677577,0.00000323313938
529,left road,529,0.39499998092651,0.0,6.19999980926514,0.44999998807907,0.0,-0.75,0.39499998092651,0.0,6.19999980926514,6.15136003494263,1.20477890968323,-1.33936309814453,5.66195678710938,1.10234904289246,-0.69836974143982,"(5.661957, 1.102349, -0.69837)",truck body CS,9.56186008453369,0.1,6.15136003494263,1.20477890968323,-1.33936309814453,0.00003628125675,90.3817622677577,0.00000323313938
530,left road,530,0.49500000476837,0.0,6.19999980926514,0.55000001192093,0.0,-0.75,0.49500000476837,0.0,6.19999980926514,6.15136003494263,1.20477890968323,-1.33936309814453,5.66677236557007,1.10156416893005,-0.69345653057098,"(5.666772, 1.101564, -0.693457)",truck body CS,9.50199413299561,0.1,6.15136003494263,1.20477890968323,-1.33936309814453,0.00003628125675,90.3817622677577,0.00000323313938
531,left road,531,0.59499996900558,0.0,6.19999980926514,0.64999997615814,0.0,-0.75,0.59499996900558,0.0,6.19999980926514,6.15136003494263,1.20477890968323,-1.33936309814453,5.67550420761108,1.10159969329834,-0.69368004798889,"(5.675504, 1.1016, -0.69368)",truck body CS,9.44280815124512,0.1,6.15136003494263,1.20477890968323,-1.33936309814453,0.00003628125675,90.3817622677577,0.00000323313938
532,left road,532,0.69499999284744,0.0,6.19999980926514,0.75,0.0,-0.75,0.69499999284744,0.0,6.19999980926514,6.15136003494263,1.20477890968323,-1.33936309814453,5.68472814559937,1.10174536705017,-0.69459164142609,"(5.684728, 1.101745, -0.694592)",truck body CS,9.38431358337402,0.1,6.15136003494263,1.20477890968323,-1.33936309814453,0.00003628125675,90.3817622677577,0.00000323313938
533,left road,533,0.7950000166893,0.0,6.19999980926514,0.85000002384186,0.0,-0.75,0.7950000166893,0.0,6.19999980926514,6.15136003494263,1.20477890968323,-1.33936309814453,5.69401693344116,1.10191106796265,-0.69562947750092,"(5.694017, 1.101911, -0.695629)",truck body CS,9.32652568817139,0.1,6.15136003494263,1.20477890968323,-1.33936309814453,0.00003628125675,90.3817622677577,0.00000323313938
534,left road,534,0.89499998092651,0.0,6.19999980926514,0.94999998807907,0.0,-0.75,0.89499998092651,0.0,6.19999980926514,6.15136003494263,1.20477890968323,-1.33936309814453,5.70363616943359,1.10215878486633,-0.69717979431152,"(5.703636, 1.102159, -0.69718)",truck body CS,9.269455909729,0.1,6.15136003494263,1.20477890968323,-1.33936309814453,0.00003628125675,90.3817622677577,0.00000323313938
535,left road,535,0.99499994516373,0.0,6.19999980926514,1.04999995231628,0.0,-0.75,0.99499994516373,0.0,6.19999980926514,6.15136003494263,1.20477890968323,-1.33936309814453,5.71320962905884,1.1024055480957,-0.69872295856476,"(5.71321, 1.102406, -0.698723)",truck body CS,9.2131175994873,0.1,6.15136003494263,1.20477890968323,-1.33936309814453,0.00003628125675,90.3817622677577,0.00000323313938
536,left road,536,1.09500002861023,0.0,6.19999980926514,1.14999997615814,0.0,-0.75,1.09500002861023,0.0,6.19999980926514,6.15136003494263,1.20477890968323,-1.33936309814453,5.72655057907104,1.10355949401855,-0.70594477653503,"(5.726551, 1.103559, -0.705945)",truck body CS,9.15752506256104,0.1,6.15136003494263,1.20477890968323,-1.33936309814453,0.00003628125675,90.3817622677577,0.00000323313938
537,left road,537,1.19500005245209,0.0,6.19999980926514,1.25,0.0,-0.75,1.19500005245209,0.0,6.19999980926514,6.15136003494263,1.20477890968323,-1.33936309814453,6.11834526062012,1.19675374031067,-1.289142370224,"(6.118345, 1.196754, -1.289142)",EyeArea,9.10269069671631,0.1,6.15136003494263,1.20477890968323,-1.33936309814453,0.00003628125675,90.3817622677577,0.00000323313938
538,left road,538,1.29500007629395,0.0,6.19999980926514,1.35000002384186,0.0,-0.75,1.29500007629395,0.0,6.19999980926514,6.15136003494263,1.20477890968323,-1.33936309814453,6.11901426315308,1.19675445556641,-1.289146900177,"(6.119014, 1.196754, -1.289147)",EyeArea,9.0486307144165,0.1,6.15136003494263,1.20477890968323,-1.33936309814453,0.00003628125675,90.3817622677577,0.00000323313938
539,left road,539,1.3950001001358,0.0,6.19999980926514,1.45000004768372,0.0,-0.75,1.3950001001358,0.0,6.19999980926514,6.15136003494263,1.20477890968323,-1.33936309814453,6.11968326568604,1.19675517082214,-1.28915131092072,"(6.119683, 1.196755, -1.289151)",EyeArea,8.99535655975342,0.1,6.15136003494263,1.20477890968323,-1.33936309814453,0.00003628125675,90.3817622677577,0.00000323313938
540,left road,540,1.49500000476837,0.0,6.19999980926514,1.54999995231628,0.0,-0.75,1.49500000476837,0.0,6.19999980926514,6.15136003494263,1.20477890968323,-1.33936309814453,6.12035179138184,1.19675576686859,-1.28915572166443,"(6.120352, 1.196756, -1.289156)",EyeArea,8.94288444519043,0.1,6.15136003494263,1.20477890968323,-1.33936309814453,0.00003628125675,90.3817622677577,0.00000323313938
541,left road,541,1.59500002861023,0.0,6.19999980926514,1.64999997615814,0.0,-0.75,1.59500002861023,0.0,6.19999980926514,6.15136003494263,1.20477890968323,-1.33936309814453,6.12102079391479,1.19675648212433,-1.28916025161743,"(6.121021, 1.196756, -1.28916)",EyeArea,8.89122581481934,0.1,6.15136003494263,1.20477890968323,-1.33936309814453,0.00003628125675,90.3817622677577,0.00000323313938
542,left road,542,1.69500005245209,0.0,6.19999980926514,1.75,0.0,-0.75,1.69500005245209,0.0,6.19999980926514,6.15136003494263,1.20477890968323,-1.33936309814453,6.12168884277344,1.19675719738007,-1.28916466236115,"(6.121689, 1.196757, -1.289165)",EyeArea,8.84039783477783,0.1,6.15136003494263,1.20477890968323,-1.33936309814453,0.00003628125675,90.3817622677577,0.00000323313938
543,left road,543,1.79500007629395,0.0,6.19999980926514,1.85000002384186,0.0,-0.75,1.79500007629395,0.0,6.19999980926514,6.15136003494263,1.20477890968323,-1.33936309814453,6.12235736846924,1.1967579126358,-1.28916907310486,"(6.122357, 1.196758, -1.289169)",EyeArea,8.79041290283203,0.1,6.15136003494263,1.20477890968323,-1.33936309814453,0.00003628125675,90.3817622677577,0.00000323313938
544,left road,544,1.8950001001358,0.0,6.19999980926514,1.95000004768372,0.0,-0.75,1.8950001001358,0.0,6.19999980926514,6.15136003494263,1.20477890968323,-1.33936309814453,6.12302541732788,1.19675862789154,-1.28917360305786,"(6.123025, 1.196759, -1.289174)",EyeArea,8.741286277771,0.1,6.15136003494263,1.20477890968323,-1.33936309814453,0.00003628125675,90.3817622677577,0.00000323313938
545,left road,545,1.99500000476837,0.0,6.19999980926514,2.04999995231628,0.0,-0.75,1.99500000476837,0.0,6.19999980926514,6.15136003494263,1.20477890968323,-1.33936309814453,6.12369394302368,1.19675934314728,-1.28917801380157,"(6.123694, 1.196759, -1.289178)",EyeArea,8.69303226470947,0.1,6.15136003494263,1.20477890968323,-1.33936309814453,0.00003628125675,90.3817622677577,0.00000323313938
546,left road,546,2.09500002861023,0.0,6.19999980926514,2.15000009536743,0.0,-0.75,2.09500002861023,0.0,6.19999980926514,6.15136003494263,1.20477890968323,-1.33936309814453,6.12436246871948,1.19676005840302,-1.28918242454529,"(6.124362, 1.19676, -1.289182)",EyeArea,8.64566612243652,0.1,6.15136003494263,1.20477890968323,-1.33936309814453,0.00003628125675,90.3817622677577,0.00000323313938
547,left road,547,2.1949999332428,0.0,6.19999980926514,2.25,0.0,-0.75,2.1949999332428,0.0,6.19999980926514,6.15136003494263,1.20477890968323,-1.33936309814453,6.12502956390381,1.19676077365875,-1.28918695449829,"(6.12503, 1.196761, -1.289187)",EyeArea,8.59920120239258,0.1,6.15136003494263,1.20477890968323,-1.33936309814453,0.00003628125675,90.3817622677577,0.00000323313938
548,left road,548,2.29499983787537,0.0,6.19999980926514,2.34999990463257,0.0,-0.75,2.29499983787537,0.0,6.19999980926514,6.15136003494263,1.20477890968323,-1.33936309814453,6.12569713592529,1.19676160812378,-1.289191365242,"(6.125697, 1.196762, -1.289191)",EyeArea,8.55365371704102,0.1,6.15136003494263,1.20477890968323,-1.33936309814453,0.00003628125675,90.3817622677577,0.00000323313938
549,left road,549,2.39499998092651,0.0,6.19999980926514,2.45000004768372,0.0,-0.75,2.39499998092651,0.0,6.19999980926514,6.15136003494263,1.20477890968323,-1.33936309814453,6.12636518478394,1.19676232337952,-1.28919577598572,"(6.126365, 1.196762, -1.289196)",EyeArea,8.50903797149658,0.1,6.15136003494263,1.20477890968323,-1.33936309814453,0.00003628125675,90.3817622677577,0.00000323313938
550,left road,550,2.49499988555908,0.0,6.19999980926514,2.54999995231628,0.0,-0.75,2.49499988555908,0.0,6.19999980926514,6.15136003494263,1.20477890968323,-1.33936309814453,6.12703275680542,1.19676303863525,-1.28920030593872,"(6.127033, 1.196763, -1.2892)",EyeArea,8.46536827087402,0.1,6.15136003494263,1.20477890968323,-1.33936309814453,0.00003628125675,90.3817622677577,0.00000323313938
551,left road,551,2.59500002861023,0.0,6.19999980926514,2.65000009536743,0.0,-0.75,2.59500002861023,0.0,6.19999980926514,6.15136003494263,1.20477890968323,-1.33936309814453,6.12769985198975,1.1967636346817,-1.28920471668243,"(6.1277, 1.196764, -1.289205)",EyeArea,8.42265892028809,0.1,6.15136003494263,1.20477890968323,-1.33936309814453,0.00003628125675,90.3817622677577,0.00000323313938
552,left road,552,2.6949999332428,0.0,6.19999980926514,2.75,0.0,-0.75,2.6949999332428,0.0,6.19999980926514,6.15136003494263,1.20477890968323,-1.33936309814453,6.12836742401123,1.19676434993744,-1.28920912742615,"(6.128367, 1.196764, -1.289209)",EyeArea,8.38092517852783,0.1,6.15136003494263,1.20477890968323,-1.33936309814453,0.00003628125675,90.3817622677577,0.00000323313938
553,left road,553,2.79499983787537,0.0,6.19999980926514,2.84999990463257,0.0,-0.75,2.79499983787537,0.0,6.19999980926514,6.15136003494263,1.20477890968323,-1.33936309814453,6.12903451919556,1.19676506519318,-1.28921365737915,"(6.129035, 1.196765, -1.289214)",EyeArea,8.34018230438232,0.1,6.15136003494263,1.20477890968323,-1.33936309814453,0.00003628125675,90.3817622677577,0.00000323313938
554,left road,554,2.89499998092651,0.0,6.19999980926514,2.95000004768372,0.0,-0.75,2.89499998092651,0.0,6.19999980926514,6.15136003494263,1.20477890968323,-1.33936309814453,6.12970161437988,1.19676578044891,-1.28921806812286,"(6.129702, 1.196766, -1.289218)",EyeArea,8.30044364929199,0.1,6.15136003494263,1.20477890968323,-1.33936309814453,0.00003628125675,90.3817622677577,0.00000323313938
555,left road,555,2.99499988555908,0.0,6.19999980926514,3.04999995231628,0.0,-0.75,2.99499988555908,0.0,6.19999980926514,6.15136003494263,1.20477890968323,-1.33936309814453,6.13036870956421,1.19676649570465,-1.28922247886658,"(6.130369, 1.196766, -1.289222)",EyeArea,8.2617244720459,0.1,6.15136003494263,1.20477890968323,-1.33936309814453,0.00003628125675,90.3817622677577,0.00000323313938
556,left road,556,3.09500002861023,0.0,6.19999980926514,3.15000009536743,0.0,-0.75,3.09500002861023,0.0,6.19999980926514,6.15136003494263,1.20477890968323,-1.33936309814453,6.13103580474854,1.19676721096039,-1.28922700881958,"(6.131036, 1.196767, -1.289227)",EyeArea,8.22403907775879,0.1,6.15136003494263,1.20477890968323,-1.33936309814453,0.00003628125675,90.3817622677577,0.00000323313938
557,left road,557,3.1949999332428,0.0,6.19999980926514,3.25,0.0,-0.75,3.1949999332428,0.0,6.19999980926514,6.15136003494263,1.20477890968323,-1.33936309814453,6.1317024230957,1.19676792621613,-1.28923141956329,"(6.131702, 1.196768, -1.289231)",EyeArea,8.18740177154541,0.1,6.15136003494263,1.20477890968323,-1.33936309814453,0.00003628125675,90.3817622677577,0.00000323313938
558,left road,558,3.29499983787537,0.0,6.19999980926514,3.34999990463257,0.0,-0.75,3.29499983787537,0.0,6.19999980926514,6.15136003494263,1.20477890968323,-1.33936309814453,6.13236904144287,1.19676864147186,-1.28923583030701,"(6.132369, 1.196769, -1.289236)",EyeArea,8.15182685852051,0.1,6.15136003494263,1.20477890968323,-1.33936309814453,0.00003628125675,90.3817622677577,0.00000323313938
559,left road,559,3.39499998092651,0.0,6.19999980926514,3.45000004768372,0.0,-0.75,3.39499998092651,0.0,6.19999980926514,6.15136003494263,1.20477890968323,-1.33936309814453,6.13303518295288,1.1967693567276,-1.28924024105072,"(6.133035, 1.196769, -1.28924)",EyeArea,8.11732769012451,0.1,6.15136003494263,1.20477890968323,-1.33936309814453,0.00003628125675,90.3817622677577,0.00000323313938
560,left road,560,-3.50500011444092,0.0,6.29999971389771,-3.45000004768372,0.0,-0.64999997615814,-3.50500011444092,0.0,6.29999971389771,6.15136003494263,1.20477890968323,-1.33936309814453,6.10162162780762,1.19857323169708,-1.30001401901245,"(6.101622, 1.198573, -1.300014)",EyeArea,12.3716068267822,0.1,6.15136003494263,1.20477890968323,-1.33936309814453,0.00003628125675,90.3817622677577,0.00000323313938
561,left road,561,-3.40499997138977,0.0,6.29999971389771,-3.34999990463257,0.0,-0.64999997615814,-3.40499997138977,0.0,6.29999971389771,6.15136003494263,1.20477890968323,-1.33936309814453,6.10162401199341,1.19850862026215,-1.2996039390564,"(6.101624, 1.198509, -1.299604)",EyeArea,12.2937126159668,0.1,6.15136003494263,1.20477890968323,-1.33936309814453,0.00003628125675,90.3817622677577,0.00000323313938
562,left road,562,-3.3050000667572,0.0,6.29999971389771,-3.25,0.0,-0.64999997615814,-3.3050000667572,0.0,6.29999971389771,6.15136003494263,1.20477890968323,-1.33936309814453,6.10162687301636,1.19844269752502,-1.29918587207794,"(6.101627, 1.198443, -1.299186)",EyeArea,12.2161407470703,0.1,6.15136003494263,1.20477890968323,-1.33936309814453,0.00003628125675,90.3817622677577,0.00000323313938
563,left road,563,-3.20500016212463,0.0,6.29999971389771,-3.15000009536743,0.0,-0.64999997615814,-3.20500016212463,0.0,6.29999971389771,6.15136003494263,1.20477890968323,-1.33936309814453,6.10162973403931,1.19837522506714,-1.29875814914703,"(6.10163, 1.198375, -1.298758)",EyeArea,12.138897895813,0.1,6.15136003494263,1.20477890968323,-1.33936309814453,0.00003628125675,90.3817622677577,0.00000323313938
564,left road,564,-3.10500001907349,0.0,6.29999971389771,-3.04999995231628,0.0,-0.64999997615814,-3.10500001907349,0.0,6.29999971389771,6.15136003494263,1.20477890968323,-1.33936309814453,6.10163259506226,1.19830656051636,-1.29832279682159,"(6.101633, 1.198307, -1.298323)",EyeArea,12.0619878768921,0.1,6.15136003494263,1.20477890968323,-1.33936309814453,0.00003628125675,90.3817622677577,0.00000323313938
565,left road,565,-3.00500011444092,0.0,6.29999971389771,-2.95000004768372,0.0,-0.64999997615814,-3.00500011444092,0.0,6.29999971389771,6.15136003494263,1.20477890968323,-1.33936309814453,6.10163593292236,1.19823622703552,-1.29787695407867,"(6.101636, 1.198236, -1.297877)",EyeArea,11.9854202270508,0.1,6.15136003494263,1.20477890968323,-1.33936309814453,0.00003628125675,90.3817622677577,0.00000323313938
566,left road,566,-2.90499997138977,0.0,6.29999971389771,-2.84999990463257,0.0,-0.64999997615814,-2.90499997138977,0.0,6.29999971389771,6.15136003494263,1.20477890968323,-1.33936309814453,6.10163879394531,1.19816446304321,-1.29742157459259,"(6.101639, 1.198164, -1.297422)",EyeArea,11.9091987609863,0.1,6.15136003494263,1.20477890968323,-1.33936309814453,0.00003628125675,90.3817622677577,0.00000323313938
567,left road,567,-2.8050000667572,0.0,6.29999971389771,-2.75,0.0,-0.64999997615814,-2.8050000667572,0.0,6.29999971389771,6.15136003494263,1.20477890968323,-1.33936309814453,5.57954549789429,1.12786042690277,-0.85163182020187,"(5.579545, 1.12786, -0.851632)",truck body CS,11.8333320617676,0.1,6.15136003494263,1.20477890968323,-1.33936309814453,0.00003628125675,90.3817622677577,0.00000323313938
568,left road,568,-2.70500016212463,0.0,6.29999971389771,-2.65000009536743,0.0,-0.64999997615814,-2.70500016212463,0.0,6.29999971389771,6.15136003494263,1.20477890968323,-1.33936309814453,5.57838535308838,1.12683391571045,-0.84512406587601,"(5.578385, 1.126834, -0.845124)",truck body CS,11.7578258514404,0.1,6.15136003494263,1.20477890968323,-1.33936309814453,0.00003628125675,90.3817622677577,0.00000323313938
569,left road,569,-2.60500001907349,0.0,6.29999971389771,-2.54999995231628,0.0,-0.64999997615814,-2.60500001907349,0.0,6.29999971389771,6.15136003494263,1.20477890968323,-1.33936309814453,5.57827663421631,1.12592899799347,-0.83938509225845,"(5.578277, 1.125929, -0.839385)",truck body CS,11.6826877593994,0.1,6.15136003494263,1.20477890968323,-1.33936309814453,0.00003628125675,90.3817622677577,0.00000323313938
570,left road,570,-2.50500011444092,0.0,6.29999971389771,-2.45000004768372,0.0,-0.64999997615814,-2.50500011444092,0.0,6.29999971389771,6.15136003494263,1.20477890968323,-1.33936309814453,5.57816362380981,1.12500214576721,-0.83350872993469,"(5.578164, 1.125002, -0.833509)",truck body CS,11.6079254150391,0.1,6.15136003494263,1.20477890968323,-1.33936309814453,0.00003628125675,90.3817622677577,0.00000323313938
571,left road,571,-2.40499997138977,0.0,6.29999971389771,-2.34999990463257,0.0,-0.64999997615814,-2.40499997138977,0.0,6.29999971389771,6.15136003494263,1.20477890968323,-1.33936309814453,5.57933616638184,1.12423503398895,-0.82864427566528,"(5.579336, 1.124235, -0.828644)",truck body CS,11.5335445404053,0.1,6.15136003494263,1.20477890968323,-1.33936309814453,0.00003628125675,90.3817622677577,0.00000323313938
572,left road,572,-2.3050000667572,0.0,6.29999971389771,-2.25,0.0,-0.64999997615814,-2.3050000667572,0.0,6.29999971389771,6.15136003494263,1.20477890968323,-1.33936309814453,5.58083581924438,1.12349629402161,-0.82395964860916,"(5.580836, 1.123496, -0.82396)",truck body CS,11.4595537185669,0.1,6.15136003494263,1.20477890968323,-1.33936309814453,0.00003628125675,90.3817622677577,0.00000323313938
573,left road,573,-2.20500016212463,0.0,6.29999971389771,-2.15000009536743,0.0,-0.64999997615814,-2.20500016212463,0.0,6.29999971389771,6.15136003494263,1.20477890968323,-1.33936309814453,5.58236217498779,1.12274360656738,-0.81918668746948,"(5.582362, 1.122744, -0.819187)",truck body CS,11.3859605789185,0.1,6.15136003494263,1.20477890968323,-1.33936309814453,0.00003628125675,90.3817622677577,0.00000323313938
574,left road,574,-2.10500001907349,0.0,6.29999971389771,-2.04999995231628,0.0,-0.64999997615814,-2.10500001907349,0.0,6.29999971389771,6.15136003494263,1.20477890968323,-1.33936309814453,5.58392000198364,1.12197732925415,-0.81432795524597,"(5.58392, 1.121977, -0.814328)",truck body CS,11.3127727508545,0.1,6.15136003494263,1.20477890968323,-1.33936309814453,0.00003628125675,90.3817622677577,0.00000323313938
575,left road,575,-2.00500011444092,0.0,6.29999971389771,-1.95000004768372,0.0,-0.64999997615814,-2.00500011444092,0.0,6.29999971389771,6.15136003494263,1.20477890968323,-1.33936309814453,5.58550357818604,1.12119603157043,-0.80937349796295,"(5.585504, 1.121196, -0.809373)",truck body CS,11.2399988174438,0.1,6.15136003494263,1.20477890968323,-1.33936309814453,0.00003628125675,90.3817622677577,0.00000323313938
576,left road,576,-1.90499997138977,0.0,6.29999971389771,-1.85000002384186,0.0,-0.64999997615814,-1.90499997138977,0.0,6.29999971389771,6.15136003494263,1.20477890968323,-1.33936309814453,5.58712005615234,1.12040019035339,-0.80432832241058,"(5.58712, 1.1204, -0.804328)",truck body CS,11.1676445007324,0.1,6.15136003494263,1.20477890968323,-1.33936309814453,0.00003628125675,90.3817622677577,0.00000323313938
577,left road,577,-1.80499994754791,0.0,6.29999971389771,-1.75,0.0,-0.64999997615814,-1.80499994754791,0.0,6.29999971389771,6.15136003494263,1.20477890968323,-1.33936309814453,5.58876609802246,1.119588971138,-0.79918444156647,"(5.588766, 1.119589, -0.799184)",truck body CS,11.0957202911377,0.1,6.15136003494263,1.20477890968323,-1.33936309814453,0.00003628125675,90.3817622677577,0.00000323313938
578,left road,578,-1.70499992370605,0.0,6.29999971389771,-1.64999997615814,0.0,-0.64999997615814,-1.70499992370605,0.0,6.29999971389771,6.15136003494263,1.20477890968323,-1.33936309814453,5.59044551849365,1.11876225471497,-0.79394137859344,"(5.590446, 1.118762, -0.793941)",truck body CS,11.0242347717285,0.1,6.15136003494263,1.20477890968323,-1.33936309814453,0.00003628125675,90.3817622677577,0.00000323313938
579,left road,579,-1.6049998998642,0.0,6.29999971389771,-1.54999995231628,0.0,-0.64999997615814,-1.6049998998642,0.0,6.29999971389771,6.15136003494263,1.20477890968323,-1.33936309814453,5.59215784072876,1.11791932582855,-0.78859663009644,"(5.592158, 1.117919, -0.788597)",truck body CS,10.9531946182251,0.1,6.15136003494263,1.20477890968323,-1.33936309814453,0.00003628125675,90.3817622677577,0.00000323313938
580,left road,580,-1.50499999523163,0.0,6.29999971389771,-1.45000004768372,0.0,-0.64999997615814,-1.50499999523163,0.0,6.29999971389771,6.15136003494263,1.20477890968323,-1.33936309814453,5.59390258789063,1.11705946922302,-0.78314340114594,"(5.593903, 1.117059, -0.783143)",truck body CS,10.8826103210449,0.1,6.15136003494263,1.20477890968323,-1.33936309814453,0.00003628125675,90.3817622677577,0.00000323313938
581,left road,581,-1.40499997138977,0.0,6.29999971389771,-1.35000002384186,0.0,-0.64999997615814,-1.40499997138977,0.0,6.29999971389771,6.15136003494263,1.20477890968323,-1.33936309814453,5.5956826210022,1.11618220806122,-0.77758169174194,"(5.595683, 1.116182, -0.777582)",truck body CS,10.8124895095825,0.1,6.15136003494263,1.20477890968323,-1.33936309814453,0.00003628125675,90.3817622677577,0.00000323313938
582,left road,582,-1.30499994754791,0.0,6.29999971389771,-1.25,0.0,-0.64999997615814,-1.30499994754791,0.0,6.29999971389771,6.15136003494263,1.20477890968323,-1.33936309814453,5.59897518157959,1.11552596092224,-0.77342110872269,"(5.598975, 1.115526, -0.773421)",truck body CS,10.7428426742554,0.1,6.15136003494263,1.20477890968323,-1.33936309814453,0.00003628125675,90.3817622677577,0.00000323313938
583,left road,583,-1.20499992370605,0.0,6.29999971389771,-1.14999997615814,0.0,-0.64999997615814,-1.20499992370605,0.0,6.29999971389771,6.15136003494263,1.20477890968323,-1.33936309814453,5.60238933563232,1.11487197875977,-0.76927411556244,"(5.602389, 1.114872, -0.769274)",truck body CS,10.673677444458,0.1,6.15136003494263,1.20477890968323,-1.33936309814453,0.00003628125675,90.3817622677577,0.00000323313938
584,left road,584,-1.1049998998642,0.0,6.29999971389771,-1.04999995231628,0.0,-0.64999997615814,-1.1049998998642,0.0,6.29999971389771,6.15136003494263,1.20477890968323,-1.33936309814453,5.60585498809814,1.11420845985413,-0.76506644487381,"(5.605855, 1.114208, -0.765066)",truck body CS,10.6050043106079,0.1,6.15136003494263,1.20477890968323,-1.33936309814453,0.00003628125675,90.3817622677577,0.00000323313938
585,left road,585,-1.00499999523163,0.0,6.29999971389771,-0.94999998807907,0.0,-0.64999997615814,-1.00499999523163,0.0,6.29999971389771,6.15136003494263,1.20477890968323,-1.33936309814453,5.60937070846558,1.11353468894959,-0.76079440116882,"(5.609371, 1.113535, -0.760794)",truck body CS,10.5368328094482,0.1,6.15136003494263,1.20477890968323,-1.33936309814453,0.00003628125675,90.3817622677577,0.00000323313938
586,left road,586,-0.90500003099442,0.0,6.29999971389771,-0.85000002384186,0.0,-0.64999997615814,-0.90500003099442,0.0,6.29999971389771,6.15136003494263,1.20477890968323,-1.33936309814453,5.61294031143188,1.11285102367401,-0.75645923614502,"(5.61294, 1.112851, -0.756459)",truck body CS,10.4691724777222,0.1,6.15136003494263,1.20477890968323,-1.33936309814453,0.00003628125675,90.3817622677577,0.00000323313938
587,left road,587,-0.80500000715256,0.0,6.29999971389771,-0.75,0.0,-0.64999997615814,-0.80500000715256,0.0,6.29999971389771,6.15136003494263,1.20477890968323,-1.33936309814453,5.61656379699707,1.11215710639954,-0.75205850601196,"(5.616564, 1.112157, -0.752059)",truck body CS,10.4020338058472,0.1,6.15136003494263,1.20477890968323,-1.33936309814453,0.00003628125675,90.3817622677577,0.00000323313938
588,left road,588,-0.7049999833107,0.0,6.29999971389771,-0.64999997615814,0.0,-0.64999997615814,-0.7049999833107,0.0,6.29999971389771,6.15136003494263,1.20477890968323,-1.33936309814453,5.62024211883545,1.11145257949829,-0.74759101867676,"(5.620242, 1.111453, -0.747591)",truck body CS,10.3354263305664,0.1,6.15136003494263,1.20477890968323,-1.33936309814453,0.00003628125675,90.3817622677577,0.00000323313938
589,left road,589,-0.60500001907349,0.0,6.29999971389771,-0.55000001192093,0.0,-0.64999997615814,-0.60500001907349,0.0,6.29999971389771,6.15136003494263,1.20477890968323,-1.33936309814453,5.62397623062134,1.11073708534241,-0.74305498600006,"(5.623976, 1.110737, -0.743055)",truck body CS,10.269359588623,0.1,6.15136003494263,1.20477890968323,-1.33936309814453,0.00003628125675,90.3817622677577,0.00000323313938
590,left road,590,-0.50499999523163,0.0,6.29999971389771,-0.44999998807907,0.0,-0.64999997615814,-0.50499999523163,0.0,6.29999971389771,6.15136003494263,1.20477890968323,-1.33936309814453,5.62776851654053,1.11001062393188,-0.73844844102859,"(5.627769, 1.110011, -0.738448)",truck body CS,10.2038469314575,0.1,6.15136003494263,1.20477890968323,-1.33936309814453,0.00003628125675,90.3817622677577,0.00000323313938
591,left road,591,-0.40500000119209,0.0,6.29999971389771,-0.34999999403954,0.0,-0.64999997615814,-0.40500000119209,0.0,6.29999971389771,6.15136003494263,1.20477890968323,-1.33936309814453,5.63161993026733,1.10927295684814,-0.73377156257629,"(5.63162, 1.109273, -0.733772)",truck body CS,10.1388959884644,0.1,6.15136003494263,1.20477890968323,-1.33936309814453,0.00003628125675,90.3817622677577,0.00000323313938
592,left road,592,-0.30500000715256,0.0,6.29999971389771,-0.25,0.0,-0.64999997615814,-0.30500000715256,0.0,6.29999971389771,6.15136003494263,1.20477890968323,-1.33936309814453,5.63553047180176,1.10852336883545,-0.72901880741119,"(5.63553, 1.108523, -0.729019)",truck body CS,10.0745191574097,0.1,6.15136003494263,1.20477890968323,-1.33936309814453,0.00003628125675,90.3817622677577,0.00000323313938
593,left road,593,-0.20500001311302,0.0,6.29999971389771,-0.15000000596046,0.0,-0.64999997615814,-0.20500001311302,0.0,6.29999971389771,6.15136003494263,1.20477890968323,-1.33936309814453,5.63950538635254,1.10776257514954,-0.72419321537018,"(5.639505, 1.107763, -0.724193)",truck body CS,10.0107278823853,0.1,6.15136003494263,1.20477890968323,-1.33936309814453,0.00003628125675,90.3817622677577,0.00000323313938
594,left road,594,-0.10500000417233,0.0,6.29999971389771,-0.05000000074506,0.0,-0.64999997615814,-0.10500000417233,0.0,6.29999971389771,6.15136003494263,1.20477890968323,-1.33936309814453,5.64354181289673,1.10698902606964,-0.71928930282593,"(5.643542, 1.106989, -0.719289)",truck body CS,9.94753265380859,0.1,6.15136003494263,1.20477890968323,-1.33936309814453,0.00003628125675,90.3817622677577,0.00000323313938
595,left road,595,-0.00499999895692,0.0,6.29999971389771,0.05000000074506,0.0,-0.64999997615814,-0.00499999895692,0.0,6.29999971389771,6.15136003494263,1.20477890968323,-1.33936309814453,5.64764308929443,1.10620331764221,-0.71430706977844,"(5.647643, 1.106203, -0.714307)",truck body CS,9.88494491577148,0.1,6.15136003494263,1.20477890968323,-1.33936309814453,0.00003628125675,90.3817622677577,0.00000323313938
596,left road,596,0.09500000625849,0.0,6.29999971389771,0.15000000596046,0.0,-0.64999997615814,0.09500000625849,0.0,6.29999971389771,6.15136003494263,1.20477890968323,-1.33936309814453,5.65196466445923,1.10543525218964,-0.70943677425385,"(5.651965, 1.105435, -0.709437)",truck body CS,9.82297611236572,0.1,6.15136003494263,1.20477890968323,-1.33936309814453,0.00003628125675,90.3817622677577,0.00000323313938
597,left road,597,0.19499999284744,0.0,6.29999971389771,0.25,0.0,-0.64999997615814,0.19499999284744,0.0,6.29999971389771,6.15136003494263,1.20477890968323,-1.33936309814453,5.65655851364136,1.10469651222229,-0.70475327968597,"(5.656559, 1.104697, -0.704753)",truck body CS,9.76163864135742,0.1,6.15136003494263,1.20477890968323,-1.33936309814453,0.00003628125675,90.3817622677577,0.00000323313938
598,left road,598,0.29499998688698,0.0,6.29999971389771,0.34999999403954,0.0,-0.64999997615814,0.29499998688698,0.0,6.29999971389771,6.15136003494263,1.20477890968323,-1.33936309814453,5.66122245788574,1.10394716262817,-0.70000123977661,"(5.661222, 1.103947, -0.700001)",truck body CS,9.70094394683838,0.1,6.15136003494263,1.20477890968323,-1.33936309814453,0.00003628125675,90.3817622677577,0.00000323313938
599,left road,599,0.39499998092651,0.0,6.29999971389771,0.44999998807907,0.0,-0.64999997615814,0.39499998092651,0.0,6.29999971389771,6.15136003494263,1.20477890968323,-1.33936309814453,5.6659574508667,1.10318636894226,-0.69517767429352,"(5.665957, 1.103186, -0.695178)",truck body CS,9.64090442657471,0.1,6.15136003494263,1.20477890968323,-1.33936309814453,0.00003628125675,90.3817622677577,0.00000323313938
600,left road,600,0.49500000476837,0.0,6.29999971389771,0.55000001192093,0.0,-0.64999997615814,0.49500000476837,0.0,6.29999971389771,6.15136003494263,1.20477890968323,-1.33936309814453,5.67389011383057,1.10308003425598,-0.69450235366821,"(5.67389, 1.10308, -0.694502)",truck body CS,9.58153247833252,0.1,6.15136003494263,1.20477890968323,-1.33936309814453,0.00003628125675,90.3817622677577,0.00000323313938
601,left road,601,0.59499996900558,0.0,6.29999971389771,0.64999997615814,0.0,-0.64999997615814,0.59499996900558,0.0,6.29999971389771,6.15136003494263,1.20477890968323,-1.33936309814453,5.6829833984375,1.10322141647339,-0.69539976119995,"(5.682983, 1.103221, -0.6954)",truck body CS,9.52284049987793,0.1,6.15136003494263,1.20477890968323,-1.33936309814453,0.00003628125675,90.3817622677577,0.00000323313938
602,left road,602,0.69499999284744,0.0,6.29999971389771,0.75,0.0,-0.64999997615814,0.69499999284744,0.0,6.29999971389771,6.15136003494263,1.20477890968323,-1.33936309814453,5.69205236434937,1.10336267948151,-0.69629514217377,"(5.692052, 1.103363, -0.696295)",truck body CS,9.46484088897705,0.1,6.15136003494263,1.20477890968323,-1.33936309814453,0.00003628125675,90.3817622677577,0.00000323313938
603,left road,603,0.7950000166893,0.0,6.29999971389771,0.85000002384186,0.0,-0.64999997615814,0.7950000166893,0.0,6.29999971389771,6.15136003494263,1.20477890968323,-1.33936309814453,5.70111036300659,1.10350656509399,-0.69720673561096,"(5.70111, 1.103507, -0.697207)",truck body CS,9.40754699707031,0.1,6.15136003494263,1.20477890968323,-1.33936309814453,0.00003628125675,90.3817622677577,0.00000323313938
604,left road,604,0.89499998092651,0.0,6.29999971389771,0.94999998807907,0.0,-0.64999997615814,0.89499998092651,0.0,6.29999971389771,6.15136003494263,1.20477890968323,-1.33936309814453,5.71056461334229,1.10374689102173,-0.69873094558716,"(5.710565, 1.103747, -0.698731)",truck body CS,9.35097217559814,0.1,6.15136003494263,1.20477890968323,-1.33936309814453,0.00003628125675,90.3817622677577,0.00000323313938
605,left road,605,0.99499994516373,0.0,6.29999971389771,1.04999995231628,0.0,-0.64999997615814,0.99499994516373,0.0,6.29999971389771,6.15136003494263,1.20477890968323,-1.33936309814453,5.72199106216431,1.10445737838745,-0.7032356262207,"(5.721991, 1.104457, -0.703236)",truck body CS,9.29512786865234,0.1,6.15136003494263,1.20477890968323,-1.33936309814453,0.00003628125675,90.3817622677577,0.00000323313938
606,left road,606,1.09500002861023,0.0,6.29999971389771,1.14999997615814,0.0,-0.64999997615814,1.09500002861023,0.0,6.29999971389771,6.15136003494263,1.20477890968323,-1.33936309814453,6.11811923980713,1.19685852527618,-1.28914093971252,"(6.118119, 1.196859, -1.289141)",EyeArea,9.24002933502197,0.1,6.15136003494263,1.20477890968323,-1.33936309814453,0.00003628125675,90.3817622677577,0.00000323313938
607,left road,607,1.19500005245209,0.0,6.29999971389771,1.25,0.0,-0.64999997615814,1.19500005245209,0.0,6.29999971389771,6.15136003494263,1.20477890968323,-1.33936309814453,6.11877918243408,1.19685924053192,-1.28914523124695,"(6.118779, 1.196859, -1.289145)",EyeArea,9.18568801879883,0.1,6.15136003494263,1.20477890968323,-1.33936309814453,0.00003628125675,90.3817622677577,0.00000323313938
608,left road,608,1.29500007629395,0.0,6.29999971389771,1.35000002384186,0.0,-0.64999997615814,1.29500007629395,0.0,6.29999971389771,6.15136003494263,1.20477890968323,-1.33936309814453,6.11943960189819,1.19685995578766,-1.28914964199066,"(6.11944, 1.19686, -1.28915)",EyeArea,9.13211822509766,0.1,6.15136003494263,1.20477890968323,-1.33936309814453,0.00003628125675,90.3817622677577,0.00000323313938
609,left road,609,1.3950001001358,0.0,6.29999971389771,1.45000004768372,0.0,-0.64999997615814,1.3950001001358,0.0,6.29999971389771,6.15136003494263,1.20477890968323,-1.33936309814453,6.12009906768799,1.19686055183411,-1.28915405273438,"(6.120099, 1.196861, -1.289154)",EyeArea,9.0793342590332,0.1,6.15136003494263,1.20477890968323,-1.33936309814453,0.00003628125675,90.3817622677577,0.00000323313938
610,left road,610,1.49500000476837,0.0,6.29999971389771,1.54999995231628,0.0,-0.64999997615814,1.49500000476837,0.0,6.29999971389771,6.15136003494263,1.20477890968323,-1.33936309814453,6.1207594871521,1.19686126708984,-1.28915846347809,"(6.120759, 1.196861, -1.289158)",EyeArea,9.0273494720459,0.1,6.15136003494263,1.20477890968323,-1.33936309814453,0.00003628125675,90.3817622677577,0.00000323313938
611,left road,611,1.59500002861023,0.0,6.29999971389771,1.64999997615814,0.0,-0.64999997615814,1.59500002861023,0.0,6.29999971389771,6.15136003494263,1.20477890968323,-1.33936309814453,6.12141990661621,1.19686198234558,-1.2891628742218,"(6.12142, 1.196862, -1.289163)",EyeArea,8.97617816925049,0.1,6.15136003494263,1.20477890968323,-1.33936309814453,0.00003628125675,90.3817622677577,0.00000323313938
612,left road,612,1.69500005245209,0.0,6.29999971389771,1.75,0.0,-0.64999997615814,1.69500005245209,0.0,6.29999971389771,6.15136003494263,1.20477890968323,-1.33936309814453,6.12207889556885,1.19686269760132,-1.28916728496552,"(6.122079, 1.196863, -1.289167)",EyeArea,8.9258337020874,0.1,6.15136003494263,1.20477890968323,-1.33936309814453,0.00003628125675,90.3817622677577,0.00000323313938
613,left road,613,1.79500007629395,0.0,6.29999971389771,1.85000002384186,0.0,-0.64999997615814,1.79500007629395,0.0,6.29999971389771,6.15136003494263,1.20477890968323,-1.33936309814453,6.12273836135864,1.19686341285706,-1.28917169570923,"(6.122738, 1.196863, -1.289172)",EyeArea,8.87632942199707,0.1,6.15136003494263,1.20477890968323,-1.33936309814453,0.00003628125675,90.3817622677577,0.00000323313938
614,left road,614,1.8950001001358,0.0,6.29999971389771,1.95000004768372,0.0,-0.64999997615814,1.8950001001358,0.0,6.29999971389771,6.15136003494263,1.20477890968323,-1.33936309814453,6.12339782714844,1.19686412811279,-1.28917610645294,"(6.123398, 1.196864, -1.289176)",EyeArea,8.82768154144287,0.1,6.15136003494263,1.20477890968323,-1.33936309814453,0.00003628125675,90.3817622677577,0.00000323313938
615,left road,615,1.99500000476837,0.0,6.29999971389771,2.04999995231628,0.0,-0.64999997615814,1.99500000476837,0.0,6.29999971389771,6.15136003494263,1.20477890968323,-1.33936309814453,6.12405729293823,1.19686472415924,-1.28918039798737,"(6.124057, 1.196865, -1.28918)",EyeArea,8.77990245819092,0.1,6.15136003494263,1.20477890968323,-1.33936309814453,0.00003628125675,90.3817622677577,0.00000323313938
616,left road,616,2.09500002861023,0.0,6.29999971389771,2.15000009536743,0.0,-0.64999997615814,2.09500002861023,0.0,6.29999971389771,6.15136003494263,1.20477890968323,-1.33936309814453,6.12471723556519,1.19686543941498,-1.28918480873108,"(6.124717, 1.196865, -1.289185)",EyeArea,8.73300743103027,0.1,6.15136003494263,1.20477890968323,-1.33936309814453,0.00003628125675,90.3817622677577,0.00000323313938
617,left road,617,2.1949999332428,0.0,6.29999971389771,2.25,0.0,-0.64999997615814,2.1949999332428,0.0,6.29999971389771,6.15136003494263,1.20477890968323,-1.33936309814453,6.12537527084351,1.19686615467072,-1.28918921947479,"(6.125375, 1.196866, -1.289189)",EyeArea,8.68700981140137,0.1,6.15136003494263,1.20477890968323,-1.33936309814453,0.00003628125675,90.3817622677577,0.00000323313938
618,left road,618,2.29499983787537,0.0,6.29999971389771,2.34999990463257,0.0,-0.64999997615814,2.29499983787537,0.0,6.29999971389771,6.15136003494263,1.20477890968323,-1.33936309814453,6.12603425979614,1.19686686992645,-1.28919363021851,"(6.126034, 1.196867, -1.289194)",EyeArea,8.64192485809326,0.1,6.15136003494263,1.20477890968323,-1.33936309814453,0.00003628125675,90.3817622677577,0.00000323313938
619,left road,619,2.39499998092651,0.0,6.29999971389771,2.45000004768372,0.0,-0.64999997615814,2.39499998092651,0.0,6.29999971389771,6.15136003494263,1.20477890968323,-1.33936309814453,6.12669324874878,1.19686758518219,-1.28919804096222,"(6.126693, 1.196868, -1.289198)",EyeArea,8.5977668762207,0.1,6.15136003494263,1.20477890968323,-1.33936309814453,0.00003628125675,90.3817622677577,0.00000323313938
620,left road,620,2.49499988555908,0.0,6.29999971389771,2.54999995231628,0.0,-0.64999997615814,2.49499988555908,0.0,6.29999971389771,6.15136003494263,1.20477890968323,-1.33936309814453,6.12735176086426,1.19686818122864,-1.28920245170593,"(6.127352, 1.196868, -1.289202)",EyeArea,8.55455017089844,0.1,6.15136003494263,1.20477890968323,-1.33936309814453,0.00003628125675,90.3817622677577,0.00000323313938
621,left road,621,2.59500002861023,0.0,6.29999971389771,2.65000009536743,0.0,-0.64999997615814,2.59500002861023,0.0,6.29999971389771,6.15136003494263,1.20477890968323,-1.33936309814453,6.12801074981689,1.19686889648438,-1.28920674324036,"(6.128011, 1.196869, -1.289207)",EyeArea,8.51228809356689,0.1,6.15136003494263,1.20477890968323,-1.33936309814453,0.00003628125675,90.3817622677577,0.00000323313938
622,left road,622,2.6949999332428,0.0,6.29999971389771,2.75,0.0,-0.64999997615814,2.6949999332428,0.0,6.29999971389771,6.15136003494263,1.20477890968323,-1.33936309814453,6.12866926193237,1.19686961174011,-1.28921115398407,"(6.128669, 1.19687, -1.289211)",EyeArea,8.47099685668945,0.1,6.15136003494263,1.20477890968323,-1.33936309814453,0.00003628125675,90.3817622677577,0.00000323313938
623,left road,623,2.79499983787537,0.0,6.29999971389771,2.84999990463257,0.0,-0.64999997615814,2.79499983787537,0.0,6.29999971389771,6.15136003494263,1.20477890968323,-1.33936309814453,6.12932777404785,1.19687032699585,-1.28921556472778,"(6.129328, 1.19687, -1.289216)",EyeArea,8.43068885803223,0.1,6.15136003494263,1.20477890968323,-1.33936309814453,0.00003628125675,90.3817622677577,0.00000323313938
624,left road,624,2.89499998092651,0.0,6.29999971389771,2.95000004768372,0.0,-0.64999997615814,2.89499998092651,0.0,6.29999971389771,6.15136003494263,1.20477890968323,-1.33936309814453,6.12998580932617,1.19687104225159,-1.2892199754715,"(6.129986, 1.196871, -1.28922)",EyeArea,8.39137840270996,0.1,6.15136003494263,1.20477890968323,-1.33936309814453,0.00003628125675,90.3817622677577,0.00000323313938
625,left road,625,2.99499988555908,0.0,6.29999971389771,3.04999995231628,0.0,-0.64999997615814,2.99499988555908,0.0,6.29999971389771,6.15136003494263,1.20477890968323,-1.33936309814453,6.13064432144165,1.19687175750732,-1.28922438621521,"(6.130644, 1.196872, -1.289224)",EyeArea,8.35308074951172,0.1,6.15136003494263,1.20477890968323,-1.33936309814453,0.00003628125675,90.3817622677577,0.00000323313938
626,left road,626,3.09500002861023,0.0,6.29999971389771,3.15000009536743,0.0,-0.64999997615814,3.09500002861023,0.0,6.29999971389771,6.15136003494263,1.20477890968323,-1.33936309814453,6.13130235671997,1.19687235355377,-1.28922867774963,"(6.131302, 1.196872, -1.289229)",EyeArea,8.31581020355225,0.1,6.15136003494263,1.20477890968323,-1.33936309814453,0.00003628125675,90.3817622677577,0.00000323313938
627,left road,627,3.1949999332428,0.0,6.29999971389771,3.25,0.0,-0.64999997615814,3.1949999332428,0.0,6.29999971389771,6.15136003494263,1.20477890968323,-1.33936309814453,6.13196039199829,1.19687306880951,-1.28923308849335,"(6.13196, 1.196873, -1.289233)",EyeArea,8.27957820892334,0.1,6.15136003494263,1.20477890968323,-1.33936309814453,0.00003628125675,90.3817622677577,0.00000323313938
628,left road,628,3.29499983787537,0.0,6.29999971389771,3.34999990463257,0.0,-0.64999997615814,3.29499983787537,0.0,6.29999971389771,6.15136003494263,1.20477890968323,-1.33936309814453,6.13261795043945,1.19687366485596,-1.28923749923706,"(6.132618, 1.196874, -1.289237)",EyeArea,8.24440097808838,0.1,6.15136003494263,1.20477890968323,-1.33936309814453,0.00003628125675,90.3817622677577,0.00000323313938
629,left road,629,3.39499998092651,0.0,6.29999971389771,3.45000004768372,0.0,-0.64999997615814,3.39499998092651,0.0,6.29999971389771,6.15136003494263,1.20477890968323,-1.33936309814453,6.13327550888062,1.19687449932098,-1.28924190998077,"(6.133276, 1.196874, -1.289242)",EyeArea,8.21029090881348,0.1,6.15136003494263,1.20477890968323,-1.33936309814453,0.00003628125675,90.3817622677577,0.00000323313938
630,left road,630,-3.50500011444092,0.0,6.39999961853027,-3.45000004768372,0.0,-0.55000001192093,-3.50500011444092,0.0,6.39999961853027,6.15136003494263,1.20477890968323,-1.33936309814453,6.10162496566772,1.19857347011566,-1.29950058460236,"(6.101625, 1.198573, -1.299501)",EyeArea,12.4336051940918,0.1,6.15136003494263,1.20477890968323,-1.33936309814453,0.00003628125675,90.3817622677577,0.00000323313938
631,left road,631,-3.40499997138977,0.0,6.39999961853027,-3.34999990463257,0.0,-0.55000001192093,-3.40499997138977,0.0,6.39999961853027,6.15136003494263,1.20477890968323,-1.33936309814453,6.10162782669067,1.19850897789001,-1.29908573627472,"(6.101628, 1.198509, -1.299086)",EyeArea,12.3561019897461,0.1,6.15136003494263,1.20477890968323,-1.33936309814453,0.00003628125675,90.3817622677577,0.00000323313938
632,left road,632,-3.3050000667572,0.0,6.39999961853027,-3.25,0.0,-0.55000001192093,-3.3050000667572,0.0,6.39999961853027,6.15136003494263,1.20477890968323,-1.33936309814453,6.10163068771362,1.19844317436218,-1.29866278171539,"(6.101631, 1.198443, -1.298663)",EyeArea,12.2789239883423,0.1,6.15136003494263,1.20477890968323,-1.33936309814453,0.00003628125675,90.3817622677577,0.00000323313938
633,left road,633,-3.20500016212463,0.0,6.39999961853027,-3.15000009536743,0.0,-0.55000001192093,-3.20500016212463,0.0,6.39999961853027,6.15136003494263,1.20477890968323,-1.33936309814453,6.10163354873657,1.1983757019043,-1.2982302904129,"(6.101634, 1.198376, -1.29823)",EyeArea,12.2020788192749,0.1,6.15136003494263,1.20477890968323,-1.33936309814453,0.00003628125675,90.3817622677577,0.00000323313938
634,left road,634,-3.10500001907349,0.0,6.39999961853027,-3.04999995231628,0.0,-0.55000001192093,-3.10500001907349,0.0,6.39999961853027,6.15136003494263,1.20477890968323,-1.33936309814453,6.10163640975952,1.19830691814423,-1.29778826236725,"(6.101636, 1.198307, -1.297788)",EyeArea,12.1255683898926,0.1,6.15136003494263,1.20477890968323,-1.33936309814453,0.00003628125675,90.3817622677577,0.00000323313938
635,left road,635,-3.00500011444092,0.0,6.39999961853027,-2.95000004768372,0.0,-0.55000001192093,-3.00500011444092,0.0,6.39999961853027,6.15136003494263,1.20477890968323,-1.33936309814453,6.10163927078247,1.19823658466339,-1.29733622074127,"(6.101639, 1.198237, -1.297336)",EyeArea,12.0494050979614,0.1,6.15136003494263,1.20477890968323,-1.33936309814453,0.00003628125675,90.3817622677577,0.00000323313938
636,left road,636,-2.90499997138977,0.0,6.39999961853027,-2.84999990463257,0.0,-0.55000001192093,-2.90499997138977,0.0,6.39999961853027,6.15136003494263,1.20477890968323,-1.33936309814453,5.58244895935059,1.12909579277039,-0.85318422317505,"(5.582449, 1.129096, -0.853184)",truck body CS,11.9735908508301,0.1,6.15136003494263,1.20477890968323,-1.33936309814453,0.00003628125675,90.3817622677577,0.00000323313938
637,left road,637,-2.8050000667572,0.0,6.39999961853027,-2.75,0.0,-0.55000001192093,-2.8050000667572,0.0,6.39999961853027,6.15136003494263,1.20477890968323,-1.33936309814453,5.58069896697998,1.12801551818848,-0.84624421596527,"(5.580699, 1.128016, -0.846244)",truck body CS,11.8981351852417,0.1,6.15136003494263,1.20477890968323,-1.33936309814453,0.00003628125675,90.3817622677577,0.00000323313938
638,left road,638,-2.70500016212463,0.0,6.39999961853027,-2.65000009536743,0.0,-0.55000001192093,-2.70500016212463,0.0,6.39999961853027,6.15136003494263,1.20477890968323,-1.33936309814453,5.58061933517456,1.1271378993988,-0.84060609340668,"(5.580619, 1.127138, -0.840606)",truck body CS,11.8230428695679,0.1,6.15136003494263,1.20477890968323,-1.33936309814453,0.00003628125675,90.3817622677577,0.00000323313938
639,left road,639,-2.60500001907349,0.0,6.39999961853027,-2.54999995231628,0.0,-0.55000001192093,-2.60500001907349,0.0,6.39999961853027,6.15136003494263,1.20477890968323,-1.33936309814453,5.58053827285767,1.1262401342392,-0.83483856916428,"(5.580538, 1.12624, -0.834839)",truck body CS,11.7483224868774,0.1,6.15136003494263,1.20477890968323,-1.33936309814453,0.00003628125675,90.3817622677577,0.00000323313938
640,left road,640,-2.50500011444092,0.0,6.39999961853027,-2.45000004768372,0.0,-0.55000001192093,-2.50500011444092,0.0,6.39999961853027,6.15136003494263,1.20477890968323,-1.33936309814453,5.58045482635498,1.12532114982605,-0.8289355635643,"(5.580455, 1.125321, -0.828936)",truck body CS,11.6739797592163,0.1,6.15136003494263,1.20477890968323,-1.33936309814453,0.00003628125675,90.3817622677577,0.00000323313938
641,left road,641,-2.40499997138977,0.0,6.39999961853027,-2.34999990463257,0.0,-0.55000001192093,-2.40499997138977,0.0,6.39999961853027,6.15136003494263,1.20477890968323,-1.33936309814453,5.58178281784058,1.12457942962646,-0.82417106628418,"(5.581783, 1.124579, -0.824171)",truck body CS,11.6000232696533,0.1,6.15136003494263,1.20477890968323,-1.33936309814453,0.00003628125675,90.3817622677577,0.00000323313938
642,left road,642,-2.3050000667572,0.0,6.39999961853027,-2.25,0.0,-0.55000001192093,-2.3050000667572,0.0,6.39999961853027,6.15136003494263,1.20477890968323,-1.33936309814453,5.5832986831665,1.12384712696075,-0.81946700811386,"(5.583299, 1.123847, -0.819467)",truck body CS,11.5264587402344,0.1,6.15136003494263,1.20477890968323,-1.33936309814453,0.00003628125675,90.3817622677577,0.00000323313938
643,left road,643,-2.20500016212463,0.0,6.39999961853027,-2.15000009536743,0.0,-0.55000001192093,-2.20500016212463,0.0,6.39999961853027,6.15136003494263,1.20477890968323,-1.33936309814453,5.58484268188477,1.12310123443604,-0.81467521190643,"(5.584843, 1.123101, -0.814675)",truck body CS,11.4532957077026,0.1,6.15136003494263,1.20477890968323,-1.33936309814453,0.00003628125675,90.3817622677577,0.00000323313938
644,left road,644,-2.10500001907349,0.0,6.39999961853027,-2.04999995231628,0.0,-0.55000001192093,-2.10500001907349,0.0,6.39999961853027,6.15136003494263,1.20477890968323,-1.33936309814453,5.58641338348389,1.12234115600586,-0.8097927570343,"(5.586413, 1.122341, -0.809793)",truck body CS,11.3805408477783,0.1,6.15136003494263,1.20477890968323,-1.33936309814453,0.00003628125675,90.3817622677577,0.00000323313938
645,left road,645,-2.00500011444092,0.0,6.39999961853027,-1.95000004768372,0.0,-0.55000001192093,-2.00500011444092,0.0,6.39999961853027,6.15136003494263,1.20477890968323,-1.33936309814453,5.58801651000977,1.12156713008881,-0.80482071638107,"(5.588017, 1.121567, -0.804821)",truck body CS,11.3082027435303,0.1,6.15136003494263,1.20477890968323,-1.33936309814453,0.00003628125675,90.3817622677577,0.00000323313938
646,left road,646,-1.90499997138977,0.0,6.39999961853027,-1.85000002384186,0.0,-0.55000001192093,-1.90499997138977,0.0,6.39999961853027,6.15136003494263,1.20477890968323,-1.33936309814453,5.58964776992798,1.12077832221985,-0.79975247383118,"(5.589648, 1.120778, -0.799752)",truck body CS,11.2362880706787,0.1,6.15136003494263,1.20477890968323,-1.33936309814453,0.00003628125675,90.3817622677577,0.00000323313938
647,left road,647,-1.80499994754791,0.0,6.39999961853027,-1.75,0.0,-0.55000001192093,-1.80499994754791,0.0,6.39999961853027,6.15136003494263,1.20477890968323,-1.33936309814453,5.59131193161011,1.11997449398041,-0.79458928108215,"(5.591312, 1.119974, -0.794589)",truck body CS,11.1648054122925,0.1,6.15136003494263,1.20477890968323,-1.33936309814453,0.00003628125675,90.3817622677577,0.00000323313938
648,left road,648,-1.70499992370605,0.0,6.39999961853027,-1.64999997615814,0.0,-0.55000001192093,-1.70499992370605,0.0,6.39999961853027,6.15136003494263,1.20477890968323,-1.33936309814453,5.59300565719604,1.11915493011475,-0.78932362794876,"(5.593006, 1.119155, -0.789324)",truck body CS,11.0937652587891,0.1,6.15136003494263,1.20477890968323,-1.33936309814453,0.00003628125675,90.3817622677577,0.00000323313938
649,left road,649,-1.6049998998642,0.0,6.39999961853027,-1.54999995231628,0.0,-0.55000001192093,-1.6049998998642,0.0,6.39999961853027,6.15136003494263,1.20477890968323,-1.33936309814453,5.59473514556885,1.11831963062286,-0.78395879268646,"(5.594735, 1.11832, -0.783959)",truck body CS,11.0231733322144,0.1,6.15136003494263,1.20477890968323,-1.33936309814453,0.00003628125675,90.3817622677577,0.00000323313938
650,left road,650,-1.50499999523163,0.0,6.39999961853027,-1.45000004768372,0.0,-0.55000001192093,-1.50499999523163,0.0,6.39999961853027,6.15136003494263,1.20477890968323,-1.33936309814453,5.59649896621704,1.11746788024902,-0.77848738431931,"(5.596499, 1.117468, -0.778487)",truck body CS,10.9530401229858,0.1,6.15136003494263,1.20477890968323,-1.33936309814453,0.00003628125675,90.3817622677577,0.00000323313938
651,left road,651,-1.40499997138977,0.0,6.39999961853027,-1.35000002384186,0.0,-0.55000001192093,-1.40499997138977,0.0,6.39999961853027,6.15136003494263,1.20477890968323,-1.33936309814453,5.59971523284912,1.11682510375977,-0.77435863018036,"(5.599715, 1.116825, -0.774359)",truck body CS,10.883373260498,0.1,6.15136003494263,1.20477890968323,-1.33936309814453,0.00003628125675,90.3817622677577,0.00000323313938
652,left road,652,-1.30499994754791,0.0,6.39999961853027,-1.25,0.0,-0.55000001192093,-1.30499994754791,0.0,6.39999961853027,6.15136003494263,1.20477890968323,-1.33936309814453,5.60308456420898,1.11618995666504,-0.7702784538269,"(5.603085, 1.11619, -0.770278)",truck body CS,10.8141822814941,0.1,6.15136003494263,1.20477890968323,-1.33936309814453,0.00003628125675,90.3817622677577,0.00000323313938
653,left road,653,-1.20499992370605,0.0,6.39999961853027,-1.14999997615814,0.0,-0.55000001192093,-1.20499992370605,0.0,6.39999961853027,6.15136003494263,1.20477890968323,-1.33936309814453,5.60650253295898,1.11554563045502,-0.76613819599152,"(5.606503, 1.115546, -0.766138)",truck body CS,10.745475769043,0.1,6.15136003494263,1.20477890968323,-1.33936309814453,0.00003628125675,90.3817622677577,0.00000323313938
654,left road,654,-1.1049998998642,0.0,6.39999961853027,-1.04999995231628,0.0,-0.55000001192093,-1.1049998998642,0.0,6.39999961853027,6.15136003494263,1.20477890968323,-1.33936309814453,5.60997200012207,1.11489188671112,-0.76193910837173,"(5.609972, 1.114892, -0.761939)",truck body CS,10.6772651672363,0.1,6.15136003494263,1.20477890968323,-1.33936309814453,0.00003628125675,90.3817622677577,0.00000323313938
655,left road,655,-1.00499999523163,0.0,6.39999961853027,-0.94999998807907,0.0,-0.55000001192093,-1.00499999523163,0.0,6.39999961853027,6.15136003494263,1.20477890968323,-1.33936309814453,5.61349296569824,1.11422860622406,-0.75767809152603,"(5.613493, 1.114229, -0.757678)",truck body CS,10.6095581054688,0.1,6.15136003494263,1.20477890968323,-1.33936309814453,0.00003628125675,90.3817622677577,0.00000323313938
656,left road,656,-0.90500003099442,0.0,6.39999961853027,-0.85000002384186,0.0,-0.55000001192093,-0.90500003099442,0.0,6.39999961853027,6.15136003494263,1.20477890968323,-1.33936309814453,5.6170654296875,1.11355519294739,-0.75335270166397,"(5.617065, 1.113555, -0.753353)",truck body CS,10.5423641204834,0.1,6.15136003494263,1.20477890968323,-1.33936309814453,0.00003628125675,90.3817622677577,0.00000323313938
657,left road,657,-0.80500000715256,0.0,6.39999961853027,-0.75,0.0,-0.55000001192093,-0.80500000715256,0.0,6.39999961853027,6.15136003494263,1.20477890968323,-1.33936309814453,5.62069129943848,1.11287188529968,-0.74896359443665,"(5.620691, 1.112872, -0.748964)",truck body CS,10.4756946563721,0.1,6.15136003494263,1.20477890968323,-1.33936309814453,0.00003628125675,90.3817622677577,0.00000323313938
658,left road,658,-0.7049999833107,0.0,6.39999961853027,-0.64999997615814,0.0,-0.55000001192093,-0.7049999833107,0.0,6.39999961853027,6.15136003494263,1.20477890968323,-1.33936309814453,5.62437200546265,1.1121780872345,-0.74450647830963,"(5.624372, 1.112178, -0.744506)",truck body CS,10.4095582962036,0.1,6.15136003494263,1.20477890968323,-1.33936309814453,0.00003628125675,90.3817622677577,0.00000323313938
659,left road,659,-0.60500001907349,0.0,6.39999961853027,-0.55000001192093,0.0,-0.55000001192093,-0.60500001907349,0.0,6.39999961853027,6.15136003494263,1.20477890968323,-1.33936309814453,5.62810802459717,1.11147379875183,-0.73998200893402,"(5.628108, 1.111474, -0.739982)",truck body CS,10.3439655303955,0.1,6.15136003494263,1.20477890968323,-1.33936309814453,0.00003628125675,90.3817622677577,0.00000323313938
660,left road,660,-0.50499999523163,0.0,6.39999961853027,-0.44999998807907,0.0,-0.55000001192093,-0.50499999523163,0.0,6.39999961853027,6.15136003494263,1.20477890968323,-1.33936309814453,5.63190174102783,1.11075878143311,-0.73538839817047,"(5.631902, 1.110759, -0.735388)",truck body CS,10.2789278030396,0.1,6.15136003494263,1.20477890968323,-1.33936309814453,0.00003628125675,90.3817622677577,0.00000323313938
661,left road,661,-0.40500000119209,0.0,6.39999961853027,-0.34999999403954,0.0,-0.55000001192093,-0.40500000119209,0.0,6.39999961853027,6.15136003494263,1.20477890968323,-1.33936309814453,5.63575458526611,1.11003279685974,-0.73072427511215,"(5.635755, 1.110033, -0.730724)",truck body CS,10.2144546508789,0.1,6.15136003494263,1.20477890968323,-1.33936309814453,0.00003628125675,90.3817622677577,0.00000323313938
662,left road,662,-0.30500000715256,0.0,6.39999961853027,-0.25,0.0,-0.55000001192093,-0.30500000715256,0.0,6.39999961853027,6.15136003494263,1.20477890968323,-1.33936309814453,5.63966751098633,1.10929536819458,-0.72598737478256,"(5.639668, 1.109295, -0.725987)",truck body CS,10.1505575180054,0.1,6.15136003494263,1.20477890968323,-1.33936309814453,0.00003628125675,90.3817622677577,0.00000323313938
663,left road,663,-0.20500001311302,0.0,6.39999961853027,-0.15000000596046,0.0,-0.55000001192093,-0.20500001311302,0.0,6.39999961853027,6.15136003494263,1.20477890968323,-1.33936309814453,5.64364147186279,1.10854649543762,-0.72117650508881,"(5.643641, 1.108546, -0.721177)",truck body CS,10.0872468948364,0.1,6.15136003494263,1.20477890968323,-1.33936309814453,0.00003628125675,90.3817622677577,0.00000323313938
664,left road,664,-0.10500000417233,0.0,6.39999961853027,-0.05000000074506,0.0,-0.55000001192093,-0.10500000417233,0.0,6.39999961853027,6.15136003494263,1.20477890968323,-1.33936309814453,5.64767789840698,1.10778546333313,-0.71628844738007,"(5.647678, 1.107785, -0.716288)",truck body CS,10.0245332717896,0.1,6.15136003494263,1.20477890968323,-1.33936309814453,0.00003628125675,90.3817622677577,0.00000323313938
665,left road,665,-0.00499999895692,0.0,6.39999961853027,0.05000000074506,0.0,-0.55000001192093,-0.00499999895692,0.0,6.39999961853027,6.15136003494263,1.20477890968323,-1.33936309814453,5.65177869796753,1.10701262950897,-0.71132385730743,"(5.651779, 1.107013, -0.711324)",truck body CS,9.96242904663086,0.1,6.15136003494263,1.20477890968323,-1.33936309814453,0.00003628125675,90.3817622677577,0.00000323313938
666,left road,666,0.09500000625849,0.0,6.39999961853027,0.15000000596046,0.0,-0.55000001192093,0.09500000625849,0.0,6.39999961853027,6.15136003494263,1.20477890968323,-1.33936309814453,5.65594530105591,1.10622715950012,-0.70627856254578,"(5.655945, 1.106227, -0.706279)",truck body CS,9.90094566345215,0.1,6.15136003494263,1.20477890968323,-1.33936309814453,0.00003628125675,90.3817622677577,0.00000323313938
667,left road,667,0.19499999284744,0.0,6.39999961853027,0.25,0.0,-0.55000001192093,0.19499999284744,0.0,6.39999961853027,6.15136003494263,1.20477890968323,-1.33936309814453,5.66051197052002,1.1054961681366,-0.70158338546753,"(5.660512, 1.105496, -0.701583)",truck body CS,9.84009456634521,0.1,6.15136003494263,1.20477890968323,-1.33936309814453,0.00003628125675,90.3817622677577,0.00000323313938
668,left road,668,0.29499998688698,0.0,6.39999961853027,0.34999999403954,0.0,-0.55000001192093,0.29499998688698,0.0,6.39999961853027,6.15136003494263,1.20477890968323,-1.33936309814453,5.6651668548584,1.10475862026215,-0.69684457778931,"(5.665167, 1.104759, -0.696845)",truck body CS,9.77988624572754,0.1,6.15136003494263,1.20477890968323,-1.33936309814453,0.00003628125675,90.3817622677577,0.00000323313938
669,left road,669,0.39499998092651,0.0,6.39999961853027,0.44999998807907,0.0,-0.55000001192093,0.39499998092651,0.0,6.39999961853027,6.15136003494263,1.20477890968323,-1.33936309814453,5.67232036590576,1.10451817512512,-0.6952999830246,"(5.67232, 1.104518, -0.6953)",truck body CS,9.72033500671387,0.1,6.15136003494263,1.20477890968323,-1.33936309814453,0.00003628125675,90.3817622677577,0.00000323313938
670,left road,670,0.49500000476837,0.0,6.39999961853027,0.55000001192093,0.0,-0.55000001192093,0.49500000476837,0.0,6.39999961853027,6.15136003494263,1.20477890968323,-1.33936309814453,5.6812891960144,1.10465610027313,-0.69618546962738,"(5.681289, 1.104656, -0.696185)",truck body CS,9.66145133972168,0.1,6.15136003494263,1.20477890968323,-1.33936309814453,0.00003628125675,90.3817622677577,0.00000323313938
671,left road,671,0.59499996900558,0.0,6.39999961853027,0.64999997615814,0.0,-0.55000001192093,0.59499996900558,0.0,6.39999961853027,6.15136003494263,1.20477890968323,-1.33936309814453,5.69023275375366,1.10479331016541,-0.69706654548645,"(5.690233, 1.104793, -0.697067)",truck body CS,9.60324764251709,0.1,6.15136003494263,1.20477890968323,-1.33936309814453,0.00003628125675,90.3817622677577,0.00000323313938
672,left road,672,0.69499999284744,0.0,6.39999961853027,0.75,0.0,-0.55000001192093,0.69499999284744,0.0,6.39999961853027,6.15136003494263,1.20477890968323,-1.33936309814453,5.69915103912354,1.10493016242981,-0.69794571399689,"(5.699151, 1.10493, -0.697946)",truck body CS,9.54573726654053,0.1,6.15136003494263,1.20477890968323,-1.33936309814453,0.00003628125675,90.3817622677577,0.00000323313938
673,left road,673,0.7950000166893,0.0,6.39999961853027,0.85000002384186,0.0,-0.55000001192093,0.7950000166893,0.0,6.39999961853027,6.15136003494263,1.20477890968323,-1.33936309814453,5.70804595947266,1.10506653785706,-0.6988228559494,"(5.708046, 1.105067, -0.698823)",truck body CS,9.48893165588379,0.1,6.15136003494263,1.20477890968323,-1.33936309814453,0.00003628125675,90.3817622677577,0.00000323313938
674,left road,674,0.89499998092651,0.0,6.39999961853027,0.94999998807907,0.0,-0.55000001192093,0.89499998092651,0.0,6.39999961853027,6.15136003494263,1.20477890968323,-1.33936309814453,5.7181715965271,1.1054904460907,-0.70154583454132,"(5.718172, 1.10549, -0.701546)",truck body CS,9.4328441619873,0.1,6.15136003494263,1.20477890968323,-1.33936309814453,0.00003628125675,90.3817622677577,0.00000323313938
675,left road,675,0.99499994516373,0.0,6.39999961853027,1.04999995231628,0.0,-0.55000001192093,0.99499994516373,0.0,6.39999961853027,6.15136003494263,1.20477890968323,-1.33936309814453,6.11789846420288,1.19696056842804,-1.28913938999176,"(6.117898, 1.196961, -1.289139)",EyeArea,9.3774881362915,0.1,6.15136003494263,1.20477890968323,-1.33936309814453,0.00003628125675,90.3817622677577,0.00000323313938
676,left road,676,1.09500002861023,0.0,6.39999961853027,1.14999997615814,0.0,-0.55000001192093,1.09500002861023,0.0,6.39999961853027,6.15136003494263,1.20477890968323,-1.33936309814453,6.1185507774353,1.19696128368378,-1.28914380073547,"(6.118551, 1.196961, -1.289144)",EyeArea,9.3228759765625,0.1,6.15136003494263,1.20477890968323,-1.33936309814453,0.00003628125675,90.3817622677577,0.00000323313938
677,left road,677,1.19500005245209,0.0,6.39999961853027,1.25,0.0,-0.55000001192093,1.19500005245209,0.0,6.39999961853027,6.15136003494263,1.20477890968323,-1.33936309814453,6.11920166015625,1.19696199893951,-1.2891480922699,"(6.119202, 1.196962, -1.289148)",EyeArea,9.26902008056641,0.1,6.15136003494263,1.20477890968323,-1.33936309814453,0.00003628125675,90.3817622677577,0.00000323313938
678,left road,678,1.29500007629395,0.0,6.39999961853027,1.35000002384186,0.0,-0.55000001192093,1.29500007629395,0.0,6.39999961853027,6.15136003494263,1.20477890968323,-1.33936309814453,6.11985349655151,1.19696259498596,-1.28915238380432,"(6.119853, 1.196963, -1.289152)",EyeArea,9.21593475341797,0.1,6.15136003494263,1.20477890968323,-1.33936309814453,0.00003628125675,90.3817622677577,0.00000323313938
679,left road,679,1.3950001001358,0.0,6.39999961853027,1.45000004768372,0.0,-0.55000001192093,1.3950001001358,0.0,6.39999961853027,6.15136003494263,1.20477890968323,-1.33936309814453,6.12050485610962,1.1969633102417,-1.28915679454803,"(6.120505, 1.196963, -1.289157)",EyeArea,9.16363430023193,0.1,6.15136003494263,1.20477890968323,-1.33936309814453,0.00003628125675,90.3817622677577,0.00000323313938
680,left road,680,1.49500000476837,0.0,6.39999961853027,1.54999995231628,0.0,-0.55000001192093,1.49500000476837,0.0,6.39999961853027,6.15136003494263,1.20477890968323,-1.33936309814453,6.12115621566772,1.19696402549744,-1.28916108608246,"(6.121156, 1.196964, -1.289161)",EyeArea,9.1121301651001,0.1,6.15136003494263,1.20477890968323,-1.33936309814453,0.00003628125675,90.3817622677577,0.00000323313938
681,left road,681,1.59500002861023,0.0,6.39999961853027,1.64999997615814,0.0,-0.55000001192093,1.59500002861023,0.0,6.39999961853027,6.15136003494263,1.20477890968323,-1.33936309814453,6.12180805206299,1.19696474075317,-1.28916549682617,"(6.121808, 1.196965, -1.289165)",EyeArea,9.06143760681152,0.1,6.15136003494263,1.20477890968323,-1.33936309814453,0.00003628125675,90.3817622677577,0.00000323313938
682,left road,682,1.69500005245209,0.0,6.39999961853027,1.75,0.0,-0.55000001192093,1.69500005245209,0.0,6.39999961853027,6.15136003494263,1.20477890968323,-1.33936309814453,6.12245845794678,1.19696533679962,-1.2891697883606,"(6.122458, 1.196965, -1.28917)",EyeArea,9.01156902313232,0.1,6.15136003494263,1.20477890968323,-1.33936309814453,0.00003628125675,90.3817622677577,0.00000323313938
683,left road,683,1.79500007629395,0.0,6.39999961853027,1.85000002384186,0.0,-0.55000001192093,1.79500007629395,0.0,6.39999961853027,6.15136003494263,1.20477890968323,-1.33936309814453,6.12310981750488,1.19696605205536,-1.28917407989502,"(6.12311, 1.196966, -1.289174)",EyeArea,8.96253871917725,0.1,6.15136003494263,1.20477890968323,-1.33936309814453,0.00003628125675,90.3817622677577,0.00000323313938
684,left road,684,1.8950001001358,0.0,6.39999961853027,1.95000004768372,0.0,-0.55000001192093,1.8950001001358,0.0,6.39999961853027,6.15136003494263,1.20477890968323,-1.33936309814453,6.12376070022583,1.1969667673111,-1.28917849063873,"(6.123761, 1.196967, -1.289178)",EyeArea,8.91436100006104,0.1,6.15136003494263,1.20477890968323,-1.33936309814453,0.00003628125675,90.3817622677577,0.00000323313938
685,left road,685,1.99500000476837,0.0,6.39999961853027,2.04999995231628,0.0,-0.55000001192093,1.99500000476837,0.0,6.39999961853027,6.15136003494263,1.20477890968323,-1.33936309814453,6.12441110610962,1.19696736335754,-1.28918278217316,"(6.124411, 1.196967, -1.289183)",EyeArea,8.86704921722412,0.1,6.15136003494263,1.20477890968323,-1.33936309814453,0.00003628125675,90.3817622677577,0.00000323313938
686,left road,686,2.09500002861023,0.0,6.39999961853027,2.15000009536743,0.0,-0.55000001192093,2.09500002861023,0.0,6.39999961853027,6.15136003494263,1.20477890968323,-1.33936309814453,6.12506246566772,1.19696807861328,-1.28918719291687,"(6.125062, 1.196968, -1.289187)",EyeArea,8.82061672210693,0.1,6.15136003494263,1.20477890968323,-1.33936309814453,0.00003628125675,90.3817622677577,0.00000323313938
687,left road,687,2.1949999332428,0.0,6.39999961853027,2.25,0.0,-0.55000001192093,2.1949999332428,0.0,6.39999961853027,6.15136003494263,1.20477890968323,-1.33936309814453,6.12571239471436,1.19696867465973,-1.28919148445129,"(6.125712, 1.196969, -1.289191)",EyeArea,8.77507877349854,0.1,6.15136003494263,1.20477890968323,-1.33936309814453,0.00003628125675,90.3817622677577,0.00000323313938
688,left road,688,2.29499983787537,0.0,6.39999961853027,2.34999990463257,0.0,-0.55000001192093,2.29499983787537,0.0,6.39999961853027,6.15136003494263,1.20477890968323,-1.33936309814453,6.12636232376099,1.19696938991547,-1.28919577598572,"(6.126362, 1.196969, -1.289196)",EyeArea,8.73044872283936,0.1,6.15136003494263,1.20477890968323,-1.33936309814453,0.00003628125675,90.3817622677577,0.00000323313938
689,left road,689,2.39499998092651,0.0,6.39999961853027,2.45000004768372,0.0,-0.55000001192093,2.39499998092651,0.0,6.39999961853027,6.15136003494263,1.20477890968323,-1.33936309814453,6.12701320648193,1.1969701051712,-1.28920018672943,"(6.127013, 1.19697, -1.2892)",EyeArea,8.68674087524414,0.1,6.15136003494263,1.20477890968323,-1.33936309814453,0.00003628125675,90.3817622677577,0.00000323313938
690,left road,690,2.49499988555908,0.0,6.39999961853027,2.54999995231628,0.0,-0.55000001192093,2.49499988555908,0.0,6.39999961853027,6.15136003494263,1.20477890968323,-1.33936309814453,6.12766313552856,1.19697070121765,-1.28920447826386,"(6.127663, 1.196971, -1.289204)",EyeArea,8.64396858215332,0.1,6.15136003494263,1.20477890968323,-1.33936309814453,0.00003628125675,90.3817622677577,0.00000323313938
691,left road,691,2.59500002861023,0.0,6.39999961853027,2.65000009536743,0.0,-0.55000001192093,2.59500002861023,0.0,6.39999961853027,6.15136003494263,1.20477890968323,-1.33936309814453,6.12831354141235,1.19697141647339,-1.28920876979828,"(6.128314, 1.196971, -1.289209)",EyeArea,8.60214614868164,0.1,6.15136003494263,1.20477890968323,-1.33936309814453,0.00003628125675,90.3817622677577,0.00000323313938
692,left road,692,2.6949999332428,0.0,6.39999961853027,2.75,0.0,-0.55000001192093,2.6949999332428,0.0,6.39999961853027,6.15136003494263,1.20477890968323,-1.33936309814453,6.12896347045898,1.19697213172913,-1.28921318054199,"(6.128963, 1.196972, -1.289213)",EyeArea,8.56128787994385,0.1,6.15136003494263,1.20477890968323,-1.33936309814453,0.00003628125675,90.3817622677577,0.00000323313938
693,left road,693,2.79499983787537,0.0,6.39999961853027,2.84999990463257,0.0,-0.55000001192093,2.79499983787537,0.0,6.39999961853027,6.15136003494263,1.20477890968323,-1.33936309814453,6.12961292266846,1.19697272777557,-1.28921747207642,"(6.129613, 1.196973, -1.289217)",EyeArea,8.52140712738037,0.1,6.15136003494263,1.20477890968323,-1.33936309814453,0.00003628125675,90.3817622677577,0.00000323313938
694,left road,694,2.89499998092651,0.0,6.39999961853027,2.95000004768372,0.0,-0.55000001192093,2.89499998092651,0.0,6.39999961853027,6.15136003494263,1.20477890968323,-1.33936309814453,6.13026285171509,1.19697344303131,-1.28922176361084,"(6.130263, 1.196973, -1.289222)",EyeArea,8.48251819610596,0.1,6.15136003494263,1.20477890968323,-1.33936309814453,0.00003628125675,90.3817622677577,0.00000323313938
695,left road,695,2.99499988555908,0.0,6.39999961853027,3.04999995231628,0.0,-0.55000001192093,2.99499988555908,0.0,6.39999961853027,6.15136003494263,1.20477890968323,-1.33936309814453,6.13091278076172,1.19697415828705,-1.28922617435455,"(6.130913, 1.196974, -1.289226)",EyeArea,8.44463348388672,0.1,6.15136003494263,1.20477890968323,-1.33936309814453,0.00003628125675,90.3817622677577,0.00000323313938
696,left road,696,3.09500002861023,0.0,6.39999961853027,3.15000009536743,0.0,-0.55000001192093,3.09500002861023,0.0,6.39999961853027,6.15136003494263,1.20477890968323,-1.33936309814453,6.13156223297119,1.19697487354279,-1.28923046588898,"(6.131562, 1.196975, -1.28923)",EyeArea,8.40776824951172,0.1,6.15136003494263,1.20477890968323,-1.33936309814453,0.00003628125675,90.3817622677577,0.00000323313938
697,left road,697,3.1949999332428,0.0,6.39999961853027,3.25,0.0,-0.55000001192093,3.1949999332428,0.0,6.39999961853027,6.15136003494263,1.20477890968323,-1.33936309814453,6.13221168518066,1.19697546958923,-1.2892347574234,"(6.132212, 1.196975, -1.289235)",EyeArea,8.37193489074707,0.1,6.15136003494263,1.20477890968323,-1.33936309814453,0.00003628125675,90.3817622677577,0.00000323313938
698,left road,698,3.29499983787537,0.0,6.39999961853027,3.34999990463257,0.0,-0.55000001192093,3.29499983787537,0.0,6.39999961853027,6.15136003494263,1.20477890968323,-1.33936309814453,6.13286066055298,1.19697606563568,-1.28923916816711,"(6.132861, 1.196976, -1.289239)",EyeArea,8.3371467590332,0.1,6.15136003494263,1.20477890968323,-1.33936309814453,0.00003628125675,90.3817622677577,0.00000323313938
699,left road,699,3.39499998092651,0.0,6.39999961853027,3.45000004768372,0.0,-0.55000001192093,3.39499998092651,0.0,6.39999961853027,6.15136003494263,1.20477890968323,-1.33936309814453,6.13351011276245,1.19697690010071,-1.28924345970154,"(6.13351, 1.196977, -1.289243)",EyeArea,8.30341815948486,0.1,6.15136003494263,1.20477890968323,-1.33936309814453,0.00003628125675,90.3817622677577,0.00000323313938
700,left road,700,-3.50500011444092,0.0,6.5,-3.45000004768372,0.0,-0.44999998807907,-3.50500011444092,0.0,6.5,6.15136003494263,1.20477890968323,-1.33936309814453,6.10162830352783,1.19857406616211,-1.29898941516876,"(6.101628, 1.198574, -1.298989)",EyeArea,12.4960956573486,0.1,6.15136003494263,1.20477890968323,-1.33936309814453,0.00003628125675,90.3817622677577,0.00000323313938
701,left road,701,-3.40499997138977,0.0,6.5,-3.34999990463257,0.0,-0.44999998807907,-3.40499997138977,0.0,6.5,6.15136003494263,1.20477890968323,-1.33936309814453,6.10163116455078,1.19850957393646,-1.29856932163239,"(6.101631, 1.19851, -1.298569)",EyeArea,12.4189825057983,0.1,6.15136003494263,1.20477890968323,-1.33936309814453,0.00003628125675,90.3817622677577,0.00000323313938
702,left road,702,-3.3050000667572,0.0,6.5,-3.25,0.0,-0.44999998807907,-3.3050000667572,0.0,6.5,6.15136003494263,1.20477890968323,-1.33936309814453,6.10163402557373,1.19844365119934,-1.29814064502716,"(6.101634, 1.198444, -1.298141)",EyeArea,12.3421983718872,0.1,6.15136003494263,1.20477890968323,-1.33936309814453,0.00003628125675,90.3817622677577,0.00000323313938
703,left road,703,-3.20500016212463,0.0,6.5,-3.15000009536743,0.0,-0.44999998807907,-3.20500016212463,0.0,6.5,6.15136003494263,1.20477890968323,-1.33936309814453,6.10163688659668,1.19837617874146,-1.2977010011673,"(6.101637, 1.198376, -1.297701)",EyeArea,12.2657480239868,0.1,6.15136003494263,1.20477890968323,-1.33936309814453,0.00003628125675,90.3817622677577,0.00000323313938
704,left road,704,-3.10500001907349,0.0,6.5,-3.04999995231628,0.0,-0.44999998807907,-3.10500001907349,0.0,6.5,6.15136003494263,1.20477890968323,-1.33936309814453,6.10163974761963,1.19830751419067,-1.29725420475006,"(6.10164, 1.198308, -1.297254)",EyeArea,12.1896390914917,0.1,6.15136003494263,1.20477890968323,-1.33936309814453,0.00003628125675,90.3817622677577,0.00000323313938
705,left road,705,-3.00500011444092,0.0,6.5,-2.95000004768372,0.0,-0.44999998807907,-3.00500011444092,0.0,6.5,6.15136003494263,1.20477890968323,-1.33936309814453,6.10164308547974,1.19823718070984,-1.29679691791534,"(6.101643, 1.198237, -1.296797)",EyeArea,12.1138782501221,0.1,6.15136003494263,1.20477890968323,-1.33936309814453,0.00003628125675,90.3817622677577,0.00000323313938
706,left road,706,-2.90499997138977,0.0,6.5,-2.84999990463257,0.0,-0.44999998807907,-2.90499997138977,0.0,6.5,6.15136003494263,1.20477890968323,-1.33936309814453,5.5835542678833,1.12924289703369,-0.84785920381546,"(5.583554, 1.129243, -0.847859)",truck body CS,12.0384702682495,0.1,6.15136003494263,1.20477890968323,-1.33936309814453,0.00003628125675,90.3817622677577,0.00000323313938
707,left road,707,-2.8050000667572,0.0,6.5,-2.75,0.0,-0.44999998807907,-2.8050000667572,0.0,6.5,6.15136003494263,1.20477890968323,-1.33936309814453,5.58289337158203,1.12831079959869,-0.84179371595383,"(5.582893, 1.128311, -0.841794)",truck body CS,11.9634227752686,0.1,6.15136003494263,1.20477890968323,-1.33936309814453,0.00003628125675,90.3817622677577,0.00000323313938
708,left road,708,-2.70500016212463,0.0,6.5,-2.65000009536743,0.0,-0.44999998807907,-2.70500016212463,0.0,6.5,6.15136003494263,1.20477890968323,-1.33936309814453,5.58283853530884,1.12743973731995,-0.83612579107285,"(5.582839, 1.12744, -0.836126)",truck body CS,11.8887434005737,0.1,6.15136003494263,1.20477890968323,-1.33936309814453,0.00003628125675,90.3817622677577,0.00000323313938
709,left road,709,-2.60500001907349,0.0,6.5,-2.54999995231628,0.0,-0.44999998807907,-2.60500001907349,0.0,6.5,6.15136003494263,1.20477890968323,-1.33936309814453,5.58278465270996,1.126549243927,-0.83033102750778,"(5.582785, 1.126549, -0.830331)",truck body CS,11.8144378662109,0.1,6.15136003494263,1.20477890968323,-1.33936309814453,0.00003628125675,90.3817622677577,0.00000323313938
710,left road,710,-2.50500011444092,0.0,6.5,-2.45000004768372,0.0,-0.44999998807907,-2.50500011444092,0.0,6.5,6.15136003494263,1.20477890968323,-1.33936309814453,5.58272743225098,1.12563753128052,-0.82439827919006,"(5.582727, 1.125638, -0.824398)",truck body CS,11.740514755249,0.1,6.15136003494263,1.20477890968323,-1.33936309814453,0.00003628125675,90.3817622677577,0.00000323313938
711,left road,711,-2.40499997138977,0.0,6.5,-2.34999990463257,0.0,-0.44999998807907,-2.40499997138977,0.0,6.5,6.15136003494263,1.20477890968323,-1.33936309814453,5.58420944213867,1.12492108345032,-0.81973671913147,"(5.584209, 1.124921, -0.819737)",truck body CS,11.6669797897339,0.1,6.15136003494263,1.20477890968323,-1.33936309814453,0.00003628125675,90.3817622677577,0.00000323313938
712,left road,712,-2.3050000667572,0.0,6.5,-2.25,0.0,-0.44999998807907,-2.3050000667572,0.0,6.5,6.15136003494263,1.20477890968323,-1.33936309814453,5.58574104309082,1.12419509887695,-0.81501388549805,"(5.585741, 1.124195, -0.815014)",truck body CS,11.5938405990601,0.1,6.15136003494263,1.20477890968323,-1.33936309814453,0.00003628125675,90.3817622677577,0.00000323313938
713,left road,713,-2.20500016212463,0.0,6.5,-2.15000009536743,0.0,-0.44999998807907,-2.20500016212463,0.0,6.5,6.15136003494263,1.20477890968323,-1.33936309814453,5.58729934692383,1.123455286026,-0.81020027399063,"(5.587299, 1.123455, -0.8102)",truck body CS,11.5211057662964,0.1,6.15136003494263,1.20477890968323,-1.33936309814453,0.00003628125675,90.3817622677577,0.00000323313938
714,left road,714,-2.10500001907349,0.0,6.5,-2.04999995231628,0.0,-0.44999998807907,-2.10500001907349,0.0,6.5,6.15136003494263,1.20477890968323,-1.33936309814453,5.58888816833496,1.1227023601532,-0.80530017614365,"(5.588888, 1.122702, -0.8053)",truck body CS,11.4487810134888,0.1,6.15136003494263,1.20477890968323,-1.33936309814453,0.00003628125675,90.3817622677577,0.00000323313938
715,left road,715,-2.00500011444092,0.0,6.5,-1.95000004768372,0.0,-0.44999998807907,-2.00500011444092,0.0,6.5,6.15136003494263,1.20477890968323,-1.33936309814453,5.59050607681274,1.12193489074707,-0.80030691623688,"(5.590506, 1.121935, -0.800307)",truck body CS,11.3768768310547,0.1,6.15136003494263,1.20477890968323,-1.33936309814453,0.00003628125675,90.3817622677577,0.00000323313938
716,left road,716,-1.90499997138977,0.0,6.5,-1.85000002384186,0.0,-0.44999998807907,-1.90499997138977,0.0,6.5,6.15136003494263,1.20477890968323,-1.33936309814453,5.59215402603149,1.1211531162262,-0.79521858692169,"(5.592154, 1.121153, -0.795219)",truck body CS,11.30539894104,0.1,6.15136003494263,1.20477890968323,-1.33936309814453,0.00003628125675,90.3817622677577,0.00000323313938
717,left road,717,-1.80499994754791,0.0,6.5,-1.75,0.0,-0.44999998807907,-1.80499994754791,0.0,6.5,6.15136003494263,1.20477890968323,-1.33936309814453,5.59383344650269,1.12035632133484,-0.79003530740738,"(5.593833, 1.120356, -0.790035)",truck body CS,11.2343559265137,0.1,6.15136003494263,1.20477890968323,-1.33936309814453,0.00003628125675,90.3817622677577,0.00000323313938
718,left road,718,-1.70499992370605,0.0,6.5,-1.64999997615814,0.0,-0.44999998807907,-1.70499992370605,0.0,6.5,6.15136003494263,1.20477890968323,-1.33936309814453,5.59554481506348,1.11954426765442,-0.78475028276443,"(5.595545, 1.119544, -0.78475)",truck body CS,11.1637582778931,0.1,6.15136003494263,1.20477890968323,-1.33936309814453,0.00003628125675,90.3817622677577,0.00000323313938
719,left road,719,-1.6049998998642,0.0,6.5,-1.54999995231628,0.0,-0.44999998807907,-1.6049998998642,0.0,6.5,6.15136003494263,1.20477890968323,-1.33936309814453,5.59728956222534,1.11871635913849,-0.7793635725975,"(5.59729, 1.118716, -0.779364)",truck body CS,11.0936117172241,0.1,6.15136003494263,1.20477890968323,-1.33936309814453,0.00003628125675,90.3817622677577,0.00000323313938
720,left road,720,-1.50499999523163,0.0,6.5,-1.45000004768372,0.0,-0.44999998807907,-1.50499999523163,0.0,6.5,6.15136003494263,1.20477890968323,-1.33936309814453,5.60043239593506,1.11808693408966,-0.77526849508286,"(5.600432, 1.118087, -0.775268)",truck body CS,11.0239267349243,0.1,6.15136003494263,1.20477890968323,-1.33936309814453,0.00003628125675,90.3817622677577,0.00000323313938
721,left road,721,-1.40499997138977,0.0,6.5,-1.35000002384186,0.0,-0.44999998807907,-1.40499997138977,0.0,6.5,6.15136003494263,1.20477890968323,-1.33936309814453,5.60375928878784,1.11747002601624,-0.7712534070015,"(5.603759, 1.11747, -0.771253)",truck body CS,10.9547109603882,0.1,6.15136003494263,1.20477890968323,-1.33936309814453,0.00003628125675,90.3817622677577,0.00000323313938
722,left road,722,-1.30499994754791,0.0,6.5,-1.25,0.0,-0.44999998807907,-1.30499994754791,0.0,6.5,6.15136003494263,1.20477890968323,-1.33936309814453,5.60713243484497,1.1168440580368,-0.76718121767044,"(5.607132, 1.116844, -0.767181)",truck body CS,10.8859729766846,0.1,6.15136003494263,1.20477890968323,-1.33936309814453,0.00003628125675,90.3817622677577,0.00000323313938
723,left road,723,-1.20499992370605,0.0,6.5,-1.14999997615814,0.0,-0.44999998807907,-1.20499992370605,0.0,6.5,6.15136003494263,1.20477890968323,-1.33936309814453,5.61055564880371,1.11620938777924,-0.7630507349968,"(5.610556, 1.116209, -0.763051)",truck body CS,10.817723274231,0.1,6.15136003494263,1.20477890968323,-1.33936309814453,0.00003628125675,90.3817622677577,0.00000323313938
724,left road,724,-1.1049998998642,0.0,6.5,-1.04999995231628,0.0,-0.44999998807907,-1.1049998998642,0.0,6.5,6.15136003494263,1.20477890968323,-1.33936309814453,5.61402893066406,1.11556529998779,-0.75886076688766,"(5.614029, 1.115565, -0.758861)",truck body CS,10.7499704360962,0.1,6.15136003494263,1.20477890968323,-1.33936309814453,0.00003628125675,90.3817622677577,0.00000323313938
725,left road,725,-1.00499999523163,0.0,6.5,-0.94999998807907,0.0,-0.44999998807907,-1.00499999523163,0.0,6.5,6.15136003494263,1.20477890968323,-1.33936309814453,5.61755132675171,1.11491179466248,-0.75460773706436,"(5.617551, 1.114912, -0.754608)",truck body CS,10.6827239990234,0.1,6.15136003494263,1.20477890968323,-1.33936309814453,0.00003628125675,90.3817622677577,0.00000323313938
726,left road,726,-0.90500003099442,0.0,6.5,-0.85000002384186,0.0,-0.44999998807907,-0.90500003099442,0.0,6.5,6.15136003494263,1.20477890968323,-1.33936309814453,5.62112617492676,1.1142486333847,-0.75029271841049,"(5.621126, 1.114249, -0.750293)",truck body CS,10.6159934997559,0.1,6.15136003494263,1.20477890968323,-1.33936309814453,0.00003628125675,90.3817622677577,0.00000323313938
727,left road,727,-0.80500000715256,0.0,6.5,-0.75,0.0,-0.44999998807907,-0.80500000715256,0.0,6.5,6.15136003494263,1.20477890968323,-1.33936309814453,5.62475442886353,1.11357569694519,-0.745914041996,"(5.624754, 1.113576, -0.745914)",truck body CS,10.5497894287109,0.1,6.15136003494263,1.20477890968323,-1.33936309814453,0.00003628125675,90.3817622677577,0.00000323313938
728,left road,728,-0.7049999833107,0.0,6.5,-0.64999997615814,0.0,-0.44999998807907,-0.7049999833107,0.0,6.5,6.15136003494263,1.20477890968323,-1.33936309814453,5.62843656539917,1.11289250850677,-0.74146854877472,"(5.628437, 1.112893, -0.741469)",truck body CS,10.4841203689575,0.1,6.15136003494263,1.20477890968323,-1.33936309814453,0.00003628125675,90.3817622677577,0.00000323313938
729,left road,729,-0.60500001907349,0.0,6.5,-0.55000001192093,0.0,-0.44999998807907,-0.60500001907349,0.0,6.5,6.15136003494263,1.20477890968323,-1.33936309814453,5.63217496871948,1.11219906806946,-0.73695689439774,"(5.632175, 1.112199, -0.736957)",truck body CS,10.4189968109131,0.1,6.15136003494263,1.20477890968323,-1.33936309814453,0.00003628125675,90.3817622677577,0.00000323313938
730,left road,730,-0.50499999523163,0.0,6.5,-0.44999998807907,0.0,-0.44999998807907,-0.50499999523163,0.0,6.5,6.15136003494263,1.20477890968323,-1.33936309814453,5.63597106933594,1.11149525642395,-0.73237723112106,"(5.635971, 1.111495, -0.732377)",truck body CS,10.3544301986694,0.1,6.15136003494263,1.20477890968323,-1.33936309814453,0.00003628125675,90.3817622677577,0.00000323313938
731,left road,731,-0.40500000119209,0.0,6.5,-0.34999999403954,0.0,-0.44999998807907,-0.40500000119209,0.0,6.5,6.15136003494263,1.20477890968323,-1.33936309814453,5.63982534408569,1.11078071594238,-0.7277272939682,"(5.639825, 1.110781, -0.727727)",truck body CS,10.2904300689697,0.1,6.15136003494263,1.20477890968323,-1.33936309814453,0.00003628125675,90.3817622677577,0.00000323313938
732,left road,732,-0.30500000715256,0.0,6.5,-0.25,0.0,-0.44999998807907,-0.30500000715256,0.0,6.5,6.15136003494263,1.20477890968323,-1.33936309814453,5.64373683929443,1.11005473136902,-0.72300314903259,"(5.643737, 1.110055, -0.723003)",truck body CS,10.2270078659058,0.1,6.15136003494263,1.20477890968323,-1.33936309814453,0.00003628125675,90.3817622677577,0.00000323313938
733,left road,733,-0.20500001311302,0.0,6.5,-0.15000000596046,0.0,-0.44999998807907,-0.20500001311302,0.0,6.5,6.15136003494263,1.20477890968323,-1.33936309814453,5.64771127700806,1.10931777954102,-0.71820819377899,"(5.647711, 1.109318, -0.718208)",truck body CS,10.1641731262207,0.1,6.15136003494263,1.20477890968323,-1.33936309814453,0.00003628125675,90.3817622677577,0.00000323313938
734,left road,734,-0.10500000417233,0.0,6.5,-0.05000000074506,0.0,-0.44999998807907,-0.10500000417233,0.0,6.5,6.15136003494263,1.20477890968323,-1.33936309814453,5.65174579620361,1.10856890678406,-0.71333527565002,"(5.651746, 1.108569, -0.713335)",truck body CS,10.1019382476807,0.1,6.15136003494263,1.20477890968323,-1.33936309814453,0.00003628125675,90.3817622677577,0.00000323313938
735,left road,735,-0.00499999895692,0.0,6.5,0.05000000074506,0.0,-0.44999998807907,-0.00499999895692,0.0,6.5,6.15136003494263,1.20477890968323,-1.33936309814453,5.65584659576416,1.1078085899353,-0.70838916301727,"(5.655847, 1.107809, -0.708389)",truck body CS,10.0403127670288,0.1,6.15136003494263,1.20477890968323,-1.33936309814453,0.00003628125675,90.3817622677577,0.00000323313938
736,left road,736,0.09500000625849,0.0,6.5,0.15000000596046,0.0,-0.44999998807907,0.09500000625849,0.0,6.5,6.15136003494263,1.20477890968323,-1.33936309814453,5.66001176834106,1.10703611373901,-0.70336222648621,"(5.660012, 1.107036, -0.703362)",truck body CS,9.97930908203125,0.1,6.15136003494263,1.20477890968323,-1.33936309814453,0.00003628125675,90.3817622677577,0.00000323313938
737,left road,737,0.19499999284744,0.0,6.5,0.25,0.0,-0.44999998807907,0.19499999284744,0.0,6.5,6.15136003494263,1.20477890968323,-1.33936309814453,5.66440153121948,1.10628294944763,-0.69846177101135,"(5.664402, 1.106283, -0.698462)",truck body CS,9.91893768310547,0.1,6.15136003494263,1.20477890968323,-1.33936309814453,0.00003628125675,90.3817622677577,0.00000323313938
738,left road,738,0.29499998688698,0.0,6.5,0.34999999403954,0.0,-0.44999998807907,0.29499998688698,0.0,6.5,6.15136003494263,1.20477890968323,-1.33936309814453,5.67079591751099,1.10591661930084,-0.69607782363892,"(5.670796, 1.105917, -0.696078)",truck body CS,9.85921192169189,0.1,6.15136003494263,1.20477890968323,-1.33936309814453,0.00003628125675,90.3817622677577,0.00000323313938
739,left road,739,0.39499998092651,0.0,6.5,0.44999998807907,0.0,-0.44999998807907,0.39499998092651,0.0,6.5,6.15136003494263,1.20477890968323,-1.33936309814453,5.67964172363281,1.10605049133301,-0.69694840908051,"(5.679642, 1.10605, -0.696948)",truck body CS,9.80014228820801,0.1,6.15136003494263,1.20477890968323,-1.33936309814453,0.00003628125675,90.3817622677577,0.00000323313938
740,left road,740,0.49500000476837,0.0,6.5,0.55000001192093,0.0,-0.44999998807907,0.49500000476837,0.0,6.5,6.15136003494263,1.20477890968323,-1.33936309814453,5.68846273422241,1.1061840057373,-0.69781649112701,"(5.688463, 1.106184, -0.697816)",truck body CS,9.74174118041992,0.1,6.15136003494263,1.20477890968323,-1.33936309814453,0.00003628125675,90.3817622677577,0.00000323313938
741,left road,741,0.59499996900558,0.0,6.5,0.64999997615814,0.0,-0.44999998807907,0.59499996900558,0.0,6.5,6.15136003494263,1.20477890968323,-1.33936309814453,5.69725942611694,1.10631680488586,-0.69868135452271,"(5.697259, 1.106317, -0.698681)",truck body CS,9.68402004241943,0.1,6.15136003494263,1.20477890968323,-1.33936309814453,0.00003628125675,90.3817622677577,0.00000323313938
742,left road,742,0.69499999284744,0.0,6.5,0.75,0.0,-0.44999998807907,0.69499999284744,0.0,6.5,6.15136003494263,1.20477890968323,-1.33936309814453,5.70609951019287,1.10646438598633,-0.69964110851288,"(5.7061, 1.106464, -0.699641)",truck body CS,9.62699222564697,0.1,6.15136003494263,1.20477890968323,-1.33936309814453,0.00003628125675,90.3817622677577,0.00000323313938
743,left road,743,0.7950000166893,0.0,6.5,0.85000002384186,0.0,-0.44999998807907,0.7950000166893,0.0,6.5,6.15136003494263,1.20477890968323,-1.33936309814453,5.71493530273438,1.10661625862122,-0.70062947273254,"(5.714935, 1.106616, -0.700629)",truck body CS,9.57066822052002,0.1,6.15136003494263,1.20477890968323,-1.33936309814453,0.00003628125675,90.3817622677577,0.00000323313938
744,left road,744,0.89499998092651,0.0,6.5,0.94999998807907,0.0,-0.44999998807907,0.89499998092651,0.0,6.5,6.15136003494263,1.20477890968323,-1.33936309814453,5.73242616653442,1.10875773429871,-0.71456372737885,"(5.732426, 1.108758, -0.714564)",truck body CS,9.51506328582764,0.1,6.15136003494263,1.20477890968323,-1.33936309814453,0.00003628125675,90.3817622677577,0.00000323313938
745,left road,745,0.99499994516373,0.0,6.5,1.04999995231628,0.0,-0.44999998807907,0.99499994516373,0.0,6.5,6.15136003494263,1.20477890968323,-1.33936309814453,6.11832714080811,1.19706082344055,-1.28914225101471,"(6.118327, 1.197061, -1.289142)",EyeArea,9.4601879119873,0.1,6.15136003494263,1.20477890968323,-1.33936309814453,0.00003628125675,90.3817622677577,0.00000323313938
746,left road,746,1.09500002861023,0.0,6.5,1.14999997615814,0.0,-0.44999998807907,1.09500002861023,0.0,6.5,6.15136003494263,1.20477890968323,-1.33936309814453,6.11897087097168,1.197061419487,-1.28914654254913,"(6.118971, 1.197061, -1.289147)",EyeArea,9.40605545043945,0.1,6.15136003494263,1.20477890968323,-1.33936309814453,0.00003628125675,90.3817622677577,0.00000323313938
747,left road,747,1.19500005245209,0.0,6.5,1.25,0.0,-0.44999998807907,1.19500005245209,0.0,6.5,6.15136003494263,1.20477890968323,-1.33936309814453,6.1196141242981,1.19706213474274,-1.28915083408356,"(6.119614, 1.197062, -1.289151)",EyeArea,9.35267925262451,0.1,6.15136003494263,1.20477890968323,-1.33936309814453,0.00003628125675,90.3817622677577,0.00000323313938
748,left road,748,1.29500007629395,0.0,6.5,1.35000002384186,0.0,-0.44999998807907,1.29500007629395,0.0,6.5,6.15136003494263,1.20477890968323,-1.33936309814453,6.12025737762451,1.19706284999847,-1.28915512561798,"(6.120257, 1.197063, -1.289155)",EyeArea,9.30007171630859,0.1,6.15136003494263,1.20477890968323,-1.33936309814453,0.00003628125675,90.3817622677577,0.00000323313938
749,left road,749,1.3950001001358,0.0,6.5,1.45000004768372,0.0,-0.44999998807907,1.3950001001358,0.0,6.5,6.15136003494263,1.20477890968323,-1.33936309814453,6.12090015411377,1.19706344604492,-1.2891594171524,"(6.1209, 1.197063, -1.289159)",EyeArea,9.24824714660645,0.1,6.15136003494263,1.20477890968323,-1.33936309814453,0.00003628125675,90.3817622677577,0.00000323313938
750,left road,750,1.49500000476837,0.0,6.5,1.54999995231628,0.0,-0.44999998807907,1.49500000476837,0.0,6.5,6.15136003494263,1.20477890968323,-1.33936309814453,6.12154293060303,1.19706404209137,-1.28916370868683,"(6.121543, 1.197064, -1.289164)",EyeArea,9.19721603393555,0.1,6.15136003494263,1.20477890968323,-1.33936309814453,0.00003628125675,90.3817622677577,0.00000323313938
751,left road,751,1.59500002861023,0.0,6.5,1.64999997615814,0.0,-0.44999998807907,1.59500002861023,0.0,6.5,6.15136003494263,1.20477890968323,-1.33936309814453,6.12218618392944,1.19706475734711,-1.28916800022125,"(6.122186, 1.197065, -1.289168)",EyeArea,9.14699554443359,0.1,6.15136003494263,1.20477890968323,-1.33936309814453,0.00003628125675,90.3817622677577,0.00000323313938
752,left road,752,1.69500005245209,0.0,6.5,1.75,0.0,-0.44999998807907,1.69500005245209,0.0,6.5,6.15136003494263,1.20477890968323,-1.33936309814453,6.12282848358154,1.19706535339355,-1.28917229175568,"(6.122828, 1.197065, -1.289172)",EyeArea,9.09759616851807,0.1,6.15136003494263,1.20477890968323,-1.33936309814453,0.00003628125675,90.3817622677577,0.00000323313938
753,left road,753,1.79500007629395,0.0,6.5,1.85000002384186,0.0,-0.44999998807907,1.79500007629395,0.0,6.5,6.15136003494263,1.20477890968323,-1.33936309814453,6.12347173690796,1.19706606864929,-1.2891765832901,"(6.123472, 1.197066, -1.289177)",EyeArea,9.04903221130371,0.1,6.15136003494263,1.20477890968323,-1.33936309814453,0.00003628125675,90.3817622677577,0.00000323313938
754,left road,754,1.8950001001358,0.0,6.5,1.95000004768372,0.0,-0.44999998807907,1.8950001001358,0.0,6.5,6.15136003494263,1.20477890968323,-1.33936309814453,6.12411403656006,1.19706678390503,-1.28918087482452,"(6.124114, 1.197067, -1.289181)",EyeArea,9.00131702423096,0.1,6.15136003494263,1.20477890968323,-1.33936309814453,0.00003628125675,90.3817622677577,0.00000323313938
755,left road,755,1.99500000476837,0.0,6.5,2.04999995231628,0.0,-0.44999998807907,1.99500000476837,0.0,6.5,6.15136003494263,1.20477890968323,-1.33936309814453,6.12475633621216,1.19706737995148,-1.28918504714966,"(6.124756, 1.197067, -1.289185)",EyeArea,8.95446491241455,0.1,6.15136003494263,1.20477890968323,-1.33936309814453,0.00003628125675,90.3817622677577,0.00000323313938
756,left road,756,2.09500002861023,0.0,6.5,2.15000009536743,0.0,-0.44999998807907,2.09500002861023,0.0,6.5,6.15136003494263,1.20477890968323,-1.33936309814453,6.12539911270142,1.19706809520721,-1.28918933868408,"(6.125399, 1.197068, -1.289189)",EyeArea,8.90848827362061,0.1,6.15136003494263,1.20477890968323,-1.33936309814453,0.00003628125675,90.3817622677577,0.00000323313938
757,left road,757,2.1949999332428,0.0,6.5,2.25,0.0,-0.44999998807907,2.1949999332428,0.0,6.5,6.15136003494263,1.20477890968323,-1.33936309814453,6.1260404586792,1.19706869125366,-1.28919363021851,"(6.12604, 1.197069, -1.289194)",EyeArea,8.86340141296387,0.1,6.15136003494263,1.20477890968323,-1.33936309814453,0.00003628125675,90.3817622677577,0.00000323313938
758,left road,758,2.29499983787537,0.0,6.5,2.34999990463257,0.0,-0.44999998807907,2.29499983787537,0.0,6.5,6.15136003494263,1.20477890968323,-1.33936309814453,6.12668228149414,1.19706928730011,-1.28919792175293,"(6.126682, 1.197069, -1.289198)",EyeArea,8.81921863555908,0.1,6.15136003494263,1.20477890968323,-1.33936309814453,0.00003628125675,90.3817622677577,0.00000323313938
759,left road,759,2.39499998092651,0.0,6.5,2.45000004768372,0.0,-0.44999998807907,2.39499998092651,0.0,6.5,6.15136003494263,1.20477890968323,-1.33936309814453,6.12732458114624,1.19707000255585,-1.28920221328735,"(6.127325, 1.19707, -1.289202)",EyeArea,8.77595329284668,0.1,6.15136003494263,1.20477890968323,-1.33936309814453,0.00003628125675,90.3817622677577,0.00000323313938
760,left road,760,2.49499988555908,0.0,6.5,2.54999995231628,0.0,-0.44999998807907,2.49499988555908,0.0,6.5,6.15136003494263,1.20477890968323,-1.33936309814453,6.12796640396118,1.19707071781158,-1.28920650482178,"(6.127966, 1.197071, -1.289207)",EyeArea,8.73361778259277,0.1,6.15136003494263,1.20477890968323,-1.33936309814453,0.00003628125675,90.3817622677577,0.00000323313938
761,left road,761,2.59500002861023,0.0,6.5,2.65000009536743,0.0,-0.44999998807907,2.59500002861023,0.0,6.5,6.15136003494263,1.20477890968323,-1.33936309814453,6.12860822677612,1.19707131385803,-1.2892107963562,"(6.128608, 1.197071, -1.289211)",EyeArea,8.69222640991211,0.1,6.15136003494263,1.20477890968323,-1.33936309814453,0.00003628125675,90.3817622677577,0.00000323313938
762,left road,762,2.6949999332428,0.0,6.5,2.75,0.0,-0.44999998807907,2.6949999332428,0.0,6.5,6.15136003494263,1.20477890968323,-1.33936309814453,6.12925004959106,1.19707202911377,-1.28921508789063,"(6.12925, 1.197072, -1.289215)",EyeArea,8.65179347991943,0.1,6.15136003494263,1.20477890968323,-1.33936309814453,0.00003628125675,90.3817622677577,0.00000323313938
763,left road,763,2.79499983787537,0.0,6.5,2.84999990463257,0.0,-0.44999998807907,2.79499983787537,0.0,6.5,6.15136003494263,1.20477890968323,-1.33936309814453,6.12989139556885,1.19707262516022,-1.28921937942505,"(6.129891, 1.197073, -1.289219)",EyeArea,8.61233139038086,0.1,6.15136003494263,1.20477890968323,-1.33936309814453,0.00003628125675,90.3817622677577,0.00000323313938
764,left road,764,2.89499998092651,0.0,6.5,2.95000004768372,0.0,-0.44999998807907,2.89499998092651,0.0,6.5,6.15136003494263,1.20477890968323,-1.33936309814453,6.13053274154663,1.19707334041595,-1.28922355175018,"(6.130533, 1.197073, -1.289224)",EyeArea,8.57385444641113,0.1,6.15136003494263,1.20477890968323,-1.33936309814453,0.00003628125675,90.3817622677577,0.00000323313938
765,left road,765,2.99499988555908,0.0,6.5,3.04999995231628,0.0,-0.44999998807907,2.99499988555908,0.0,6.5,6.15136003494263,1.20477890968323,-1.33936309814453,6.13117408752441,1.1970739364624,-1.28922784328461,"(6.131174, 1.197074, -1.289228)",EyeArea,8.53637599945068,0.1,6.15136003494263,1.20477890968323,-1.33936309814453,0.00003628125675,90.3817622677577,0.00000323313938
766,left road,766,3.09500002861023,0.0,6.5,3.15000009536743,0.0,-0.44999998807907,3.09500002861023,0.0,6.5,6.15136003494263,1.20477890968323,-1.33936309814453,6.1318154335022,1.19707465171814,-1.28923213481903,"(6.131815, 1.197075, -1.289232)",EyeArea,8.49990844726563,0.1,6.15136003494263,1.20477890968323,-1.33936309814453,0.00003628125675,90.3817622677577,0.00000323313938
767,left road,767,3.1949999332428,0.0,6.5,3.25,0.0,-0.44999998807907,3.1949999332428,0.0,6.5,6.15136003494263,1.20477890968323,-1.33936309814453,6.13245677947998,1.19707524776459,-1.28923642635345,"(6.132457, 1.197075, -1.289236)",EyeArea,8.46446514129639,0.1,6.15136003494263,1.20477890968323,-1.33936309814453,0.00003628125675,90.3817622677577,0.00000323313938
768,left road,768,3.29499983787537,0.0,6.5,3.34999990463257,0.0,-0.44999998807907,3.29499983787537,0.0,6.5,6.15136003494263,1.20477890968323,-1.33936309814453,6.13309717178345,1.19707596302032,-1.28924071788788,"(6.133097, 1.197076, -1.289241)",EyeArea,8.4300594329834,0.1,6.15136003494263,1.20477890968323,-1.33936309814453,0.00003628125675,90.3817622677577,0.00000323313938
769,left road,769,3.39499998092651,0.0,6.5,3.45000004768372,0.0,-0.44999998807907,3.39499998092651,0.0,6.5,6.15136003494263,1.20477890968323,-1.33936309814453,6.13373804092407,1.19707655906677,-1.2892450094223,"(6.133738, 1.197077, -1.289245)",EyeArea,8.39670276641846,0.1,6.15136003494263,1.20477890968323,-1.33936309814453,0.00003628125675,90.3817622677577,0.00000323313938
770,left road,770,-3.50500011444092,0.0,6.59999990463257,-3.45000004768372,0.0,-0.34999999403954,-3.50500011444092,0.0,6.59999990463257,6.15136003494263,1.20477890968323,-1.33936309814453,6.10163164138794,1.19857454299927,-1.29847729206085,"(6.101632, 1.198575, -1.298477)",EyeArea,12.5590715408325,0.1,6.15136003494263,1.20477890968323,-1.33936309814453,0.00003628125675,90.3817622677577,0.00000323313938
771,left road,771,-3.40499997138977,0.0,6.59999990463257,-3.34999990463257,0.0,-0.34999999403954,-3.40499997138977,0.0,6.59999990463257,6.15136003494263,1.20477890968323,-1.33936309814453,6.10163450241089,1.19850993156433,-1.29805147647858,"(6.101635, 1.19851, -1.298051)",EyeArea,12.4823474884033,0.1,6.15136003494263,1.20477890968323,-1.33936309814453,0.00003628125675,90.3817622677577,0.00000323313938
772,left road,772,-3.3050000667572,0.0,6.59999990463257,-3.25,0.0,-0.34999999403954,-3.3050000667572,0.0,6.59999990463257,6.15136003494263,1.20477890968323,-1.33936309814453,6.10163736343384,1.19844400882721,-1.29761707782745,"(6.101637, 1.198444, -1.297617)",EyeArea,12.4059543609619,0.1,6.15136003494263,1.20477890968323,-1.33936309814453,0.00003628125675,90.3817622677577,0.00000323313938
773,left road,773,-3.20500016212463,0.0,6.59999990463257,-3.15000009536743,0.0,-0.34999999403954,-3.20500016212463,0.0,6.59999990463257,6.15136003494263,1.20477890968323,-1.33936309814453,6.10164022445679,1.19837653636932,-1.29717218875885,"(6.10164, 1.198377, -1.297172)",EyeArea,12.3299007415771,0.1,6.15136003494263,1.20477890968323,-1.33936309814453,0.00003628125675,90.3817622677577,0.00000323313938
774,left road,774,-3.10500001907349,0.0,6.59999990463257,-3.04999995231628,0.0,-0.34999999403954,-3.10500001907349,0.0,6.59999990463257,6.15136003494263,1.20477890968323,-1.33936309814453,6.10164356231689,1.19830787181854,-1.29672014713287,"(6.101644, 1.198308, -1.29672)",EyeArea,12.2541904449463,0.1,6.15136003494263,1.20477890968323,-1.33936309814453,0.00003628125675,90.3817622677577,0.00000323313938
775,left road,775,-3.00500011444092,0.0,6.59999990463257,-2.95000004768372,0.0,-0.34999999403954,-3.00500011444092,0.0,6.59999990463257,6.15136003494263,1.20477890968323,-1.33936309814453,5.58633947372437,1.13043439388275,-0.84944146871567,"(5.586339, 1.130434, -0.849441)",truck body CS,12.1788301467896,0.1,6.15136003494263,1.20477890968323,-1.33936309814453,0.00003628125675,90.3817622677577,0.00000323313938
776,left road,776,-2.90499997138977,0.0,6.59999990463257,-2.84999990463257,0.0,-0.34999999403954,-2.90499997138977,0.0,6.59999990463257,6.15136003494263,1.20477890968323,-1.33936309814453,5.58509922027588,1.12944865226746,-0.84294480085373,"(5.585099, 1.129449, -0.842945)",truck body CS,12.1038274765015,0.1,6.15136003494263,1.20477890968323,-1.33936309814453,0.00003628125675,90.3817622677577,0.00000323313938
777,left road,777,-2.8050000667572,0.0,6.59999990463257,-2.75,0.0,-0.34999999403954,-2.8050000667572,0.0,6.59999990463257,6.15136003494263,1.20477890968323,-1.33936309814453,5.58507108688354,1.12860369682312,-0.83737725019455,"(5.585071, 1.128604, -0.837377)",truck body CS,12.0291872024536,0.1,6.15136003494263,1.20477890968323,-1.33936309814453,0.00003628125675,90.3817622677577,0.00000323313938
778,left road,778,-2.70500016212463,0.0,6.59999990463257,-2.65000009536743,0.0,-0.34999999403954,-2.70500016212463,0.0,6.59999990463257,6.15136003494263,1.20477890968323,-1.33936309814453,5.58504247665405,1.12773966789246,-0.83168268203735,"(5.585042, 1.12774, -0.831683)",truck body CS,11.9549198150635,0.1,6.15136003494263,1.20477890968323,-1.33936309814453,0.00003628125675,90.3817622677577,0.00000323313938
779,left road,779,-2.60500001907349,0.0,6.59999990463257,-2.54999995231628,0.0,-0.34999999403954,-2.60500001907349,0.0,6.59999990463257,6.15136003494263,1.20477890968323,-1.33936309814453,5.58501243591309,1.12685585021973,-0.8258575797081,"(5.585012, 1.126856, -0.825858)",truck body CS,11.8810272216797,0.1,6.15136003494263,1.20477890968323,-1.33936309814453,0.00003628125675,90.3817622677577,0.00000323313938
780,left road,780,-2.50500011444092,0.0,6.59999990463257,-2.45000004768372,0.0,-0.34999999403954,-2.50500011444092,0.0,6.59999990463257,6.15136003494263,1.20477890968323,-1.33936309814453,5.58509683609009,1.12596714496613,-0.82000207901001,"(5.585097, 1.125967, -0.820002)",truck body CS,11.807520866394,0.1,6.15136003494263,1.20477890968323,-1.33936309814453,0.00003628125675,90.3817622677577,0.00000323313938
781,left road,781,-2.40499997138977,0.0,6.59999990463257,-2.34999990463257,0.0,-0.34999999403954,-2.40499997138977,0.0,6.59999990463257,6.15136003494263,1.20477890968323,-1.33936309814453,5.58661365509033,1.12525987625122,-0.8153401017189,"(5.586614, 1.12526, -0.81534)",truck body CS,11.7344064712524,0.1,6.15136003494263,1.20477890968323,-1.33936309814453,0.00003628125675,90.3817622677577,0.00000323313938
782,left road,782,-2.3050000667572,0.0,6.59999990463257,-2.25,0.0,-0.34999999403954,-2.3050000667572,0.0,6.59999990463257,6.15136003494263,1.20477890968323,-1.33936309814453,5.5881609916687,1.12453985214233,-0.81059718132019,"(5.588161, 1.12454, -0.810597)",truck body CS,11.6616888046265,0.1,6.15136003494263,1.20477890968323,-1.33936309814453,0.00003628125675,90.3817622677577,0.00000323313938
783,left road,783,-2.20500016212463,0.0,6.59999990463257,-2.15000009536743,0.0,-0.34999999403954,-2.20500016212463,0.0,6.59999990463257,6.15136003494263,1.20477890968323,-1.33936309814453,5.58973503112793,1.12380647659302,-0.80576419830322,"(5.589735, 1.123806, -0.805764)",truck body CS,11.5893802642822,0.1,6.15136003494263,1.20477890968323,-1.33936309814453,0.00003628125675,90.3817622677577,0.00000323313938
784,left road,784,-2.10500001907349,0.0,6.59999990463257,-2.04999995231628,0.0,-0.34999999403954,-2.10500001907349,0.0,6.59999990463257,6.15136003494263,1.20477890968323,-1.33936309814453,5.59133911132813,1.12305998802185,-0.80084401369095,"(5.591339, 1.12306, -0.800844)",truck body CS,11.5174856185913,0.1,6.15136003494263,1.20477890968323,-1.33936309814453,0.00003628125675,90.3817622677577,0.00000323313938
785,left road,785,-2.00500011444092,0.0,6.59999990463257,-1.95000004768372,0.0,-0.34999999403954,-2.00500011444092,0.0,6.59999990463257,6.15136003494263,1.20477890968323,-1.33936309814453,5.59297227859497,1.12229919433594,-0.79583132266998,"(5.592972, 1.122299, -0.795831)",truck body CS,11.4460124969482,0.1,6.15136003494263,1.20477890968323,-1.33936309814453,0.00003628125675,90.3817622677577,0.00000323313938
786,left road,786,-1.90499997138977,0.0,6.59999990463257,-1.85000002384186,0.0,-0.34999999403954,-1.90499997138977,0.0,6.59999990463257,6.15136003494263,1.20477890968323,-1.33936309814453,5.59463691711426,1.12152445316315,-0.79072481393814,"(5.594637, 1.121524, -0.790725)",truck body CS,11.3749694824219,0.1,6.15136003494263,1.20477890968323,-1.33936309814453,0.00003628125675,90.3817622677577,0.00000323313938
787,left road,787,-1.80499994754791,0.0,6.59999990463257,-1.75,0.0,-0.34999999403954,-1.80499994754791,0.0,6.59999990463257,6.15136003494263,1.20477890968323,-1.33936309814453,5.59633302688599,1.12073481082916,-0.78552150726318,"(5.596333, 1.120735, -0.785522)",truck body CS,11.3043632507324,0.1,6.15136003494263,1.20477890968323,-1.33936309814453,0.00003628125675,90.3817622677577,0.00000323313938
788,left road,788,-1.70499992370605,0.0,6.59999990463257,-1.64999997615814,0.0,-0.34999999403954,-1.70499992370605,0.0,6.59999990463257,6.15136003494263,1.20477890968323,-1.33936309814453,5.59806156158447,1.11993026733398,-0.78021889925003,"(5.598062, 1.11993, -0.780219)",truck body CS,11.2342052459717,0.1,6.15136003494263,1.20477890968323,-1.33936309814453,0.00003628125675,90.3817622677577,0.00000323313938
789,left road,789,-1.6049998998642,0.0,6.59999990463257,-1.54999995231628,0.0,-0.34999999403954,-1.6049998998642,0.0,6.59999990463257,6.15136003494263,1.20477890968323,-1.33936309814453,5.60112953186035,1.11931276321411,-0.77615141868591,"(5.60113, 1.119313, -0.776151)",truck body CS,11.1645021438599,0.1,6.15136003494263,1.20477890968323,-1.33936309814453,0.00003628125675,90.3817622677577,0.00000323313938
790,left road,790,-1.50499999523163,0.0,6.59999990463257,-1.45000004768372,0.0,-0.34999999403954,-1.50499999523163,0.0,6.59999990463257,6.15136003494263,1.20477890968323,-1.33936309814453,5.60441446304321,1.11871337890625,-0.77220129966736,"(5.604414, 1.118713, -0.772201)",truck body CS,11.0952615737915,0.1,6.15136003494263,1.20477890968323,-1.33936309814453,0.00003628125675,90.3817622677577,0.00000323313938
791,left road,791,-1.40499997138977,0.0,6.59999990463257,-1.35000002384186,0.0,-0.34999999403954,-1.40499997138977,0.0,6.59999990463257,6.15136003494263,1.20477890968323,-1.33936309814453,5.60774421691895,1.11810529232025,-0.76819354295731,"(5.607744, 1.118105, -0.768194)",truck body CS,11.0264930725098,0.1,6.15136003494263,1.20477890968323,-1.33936309814453,0.00003628125675,90.3817622677577,0.00000323313938
792,left road,792,-1.30499994754791,0.0,6.59999990463257,-1.25,0.0,-0.34999999403954,-1.30499994754791,0.0,6.59999990463257,6.15136003494263,1.20477890968323,-1.33936309814453,5.61112117767334,1.11748850345612,-0.76412987709045,"(5.611121, 1.117489, -0.76413)",truck body CS,10.9582061767578,0.1,6.15136003494263,1.20477890968323,-1.33936309814453,0.00003628125675,90.3817622677577,0.00000323313938
793,left road,793,-1.20499992370605,0.0,6.59999990463257,-1.14999997615814,0.0,-0.34999999403954,-1.20499992370605,0.0,6.59999990463257,6.15136003494263,1.20477890968323,-1.33936309814453,5.6145486831665,1.11686336994171,-0.7600085735321,"(5.614549, 1.116863, -0.760009)",truck body CS,10.8904094696045,0.1,6.15136003494263,1.20477890968323,-1.33936309814453,0.00003628125675,90.3817622677577,0.00000323313938
794,left road,794,-1.1049998998642,0.0,6.59999990463257,-1.04999995231628,0.0,-0.34999999403954,-1.1049998998642,0.0,6.59999990463257,6.15136003494263,1.20477890968323,-1.33936309814453,5.61802291870117,1.11622858047485,-0.75582605600357,"(5.618023, 1.116229, -0.755826)",truck body CS,10.8231115341187,0.1,6.15136003494263,1.20477890968323,-1.33936309814453,0.00003628125675,90.3817622677577,0.00000323313938
795,left road,795,-1.00499999523163,0.0,6.59999990463257,-0.94999998807907,0.0,-0.34999999403954,-1.00499999523163,0.0,6.59999990463257,6.15136003494263,1.20477890968323,-1.33936309814453,5.62154865264893,1.11558485031128,-0.75158333778381,"(5.621549, 1.115585, -0.751583)",truck body CS,10.7563219070435,0.1,6.15136003494263,1.20477890968323,-1.33936309814453,0.00003628125675,90.3817622677577,0.00000323313938
796,left road,796,-0.90500003099442,0.0,6.59999990463257,-0.85000002384186,0.0,-0.34999999403954,-0.90500003099442,0.0,6.59999990463257,6.15136003494263,1.20477890968323,-1.33936309814453,5.62512731552124,1.11493182182312,-0.74727994203568,"(5.625127, 1.114932, -0.74728)",truck body CS,10.6900510787964,0.1,6.15136003494263,1.20477890968323,-1.33936309814453,0.00003628125675,90.3817622677577,0.00000323313938
797,left road,797,-0.80500000715256,0.0,6.59999990463257,-0.75,0.0,-0.34999999403954,-0.80500000715256,0.0,6.59999990463257,6.15136003494263,1.20477890968323,-1.33936309814453,5.62875747680664,1.11426889896393,-0.74291223287582,"(5.628757, 1.114269, -0.742912)",truck body CS,10.6243076324463,0.1,6.15136003494263,1.20477890968323,-1.33936309814453,0.00003628125675,90.3817622677577,0.00000323313938
798,left road,798,-0.7049999833107,0.0,6.59999990463257,-0.64999997615814,0.0,-0.34999999403954,-0.7049999833107,0.0,6.59999990463257,6.15136003494263,1.20477890968323,-1.33936309814453,5.63244199752808,1.11359632015228,-0.73847961425781,"(5.632442, 1.113596, -0.73848)",truck body CS,10.5591020584106,0.1,6.15136003494263,1.20477890968323,-1.33936309814453,0.00003628125675,90.3817622677577,0.00000323313938
799,left road,799,-0.60500001907349,0.0,6.59999990463257,-0.55000001192093,0.0,-0.34999999403954,-0.60500001907349,0.0,6.59999990463257,6.15136003494263,1.20477890968323,-1.33936309814453,5.63618040084839,1.11291325092316,-0.73397892713547,"(5.63618, 1.112913, -0.733979)",truck body CS,10.4944448471069,0.1,6.15136003494263,1.20477890968323,-1.33936309814453,0.00003628125675,90.3817622677577,0.00000323313938
800,left road,800,-0.50499999523163,0.0,6.59999990463257,-0.44999998807907,0.0,-0.34999999403954,-0.50499999523163,0.0,6.59999990463257,6.15136003494263,1.20477890968323,-1.33936309814453,5.63997650146484,1.112220287323,-0.72941213846207,"(5.639977, 1.11222, -0.729412)",truck body CS,10.4303455352783,0.1,6.15136003494263,1.20477890968323,-1.33936309814453,0.00003628125675,90.3817622677577,0.00000323313938
801,left road,801,-0.40500000119209,0.0,6.59999990463257,-0.34999999403954,0.0,-0.34999999403954,-0.40500000119209,0.0,6.59999990463257,6.15136003494263,1.20477890968323,-1.33936309814453,5.64382934570313,1.11151659488678,-0.72477436065674,"(5.643829, 1.111517, -0.724774)",truck body CS,10.3668146133423,0.1,6.15136003494263,1.20477890968323,-1.33936309814453,0.00003628125675,90.3817622677577,0.00000323313938
802,left road,802,-0.30500000715256,0.0,6.59999990463257,-0.25,0.0,-0.34999999403954,-0.30500000715256,0.0,6.59999990463257,6.15136003494263,1.20477890968323,-1.33936309814453,5.6477427482605,1.1108021736145,-0.72006678581238,"(5.647743, 1.110802, -0.720067)",truck body CS,10.303861618042,0.1,6.15136003494263,1.20477890968323,-1.33936309814453,0.00003628125675,90.3817622677577,0.00000323313938
803,left road,803,-0.20500001311302,0.0,6.59999990463257,-0.15000000596046,0.0,-0.34999999403954,-0.20500001311302,0.0,6.59999990463257,6.15136003494263,1.20477890968323,-1.33936309814453,5.65171527862549,1.1100766658783,-0.71528565883636,"(5.651715, 1.110077, -0.715286)",truck body CS,10.2414979934692,0.1,6.15136003494263,1.20477890968323,-1.33936309814453,0.00003628125675,90.3817622677577,0.00000323313938
804,left road,804,-0.10500000417233,0.0,6.59999990463257,-0.05000000074506,0.0,-0.34999999403954,-0.10500000417233,0.0,6.59999990463257,6.15136003494263,1.20477890968323,-1.33936309814453,5.65574979782104,1.10933995246887,-0.71043121814728,"(5.65575, 1.10934, -0.710431)",truck body CS,10.1797351837158,0.1,6.15136003494263,1.20477890968323,-1.33936309814453,0.00003628125675,90.3817622677577,0.00000323313938
805,left road,805,-0.00499999895692,0.0,6.59999990463257,0.05000000074506,0.0,-0.34999999403954,-0.00499999895692,0.0,6.59999990463257,6.15136003494263,1.20477890968323,-1.33936309814453,5.6598482131958,1.10859179496765,-0.70550084114075,"(5.659848, 1.108592, -0.705501)",truck body CS,10.1185846328735,0.1,6.15136003494263,1.20477890968323,-1.33936309814453,0.00003628125675,90.3817622677577,0.00000323313938
806,left road,806,0.09500000625849,0.0,6.59999990463257,0.15000000596046,0.0,-0.34999999403954,0.09500000625849,0.0,6.59999990463257,6.15136003494263,1.20477890968323,-1.33936309814453,5.66401100158691,1.10783171653748,-0.70049154758453,"(5.664011, 1.107832, -0.700492)",truck body CS,10.0580549240112,0.1,6.15136003494263,1.20477890968323,-1.33936309814453,0.00003628125675,90.3817622677577,0.00000323313938
807,left road,807,0.19499999284744,0.0,6.59999990463257,0.25,0.0,-0.34999999403954,0.19499999284744,0.0,6.59999990463257,6.15136003494263,1.20477890968323,-1.33936309814453,5.66954851150513,1.10732412338257,-0.69714725017548,"(5.669549, 1.107324, -0.697147)",truck body CS,9.99815940856934,0.1,6.15136003494263,1.20477890968323,-1.33936309814453,0.00003628125675,90.3817622677577,0.00000323313938
808,left road,808,0.29499998688698,0.0,6.59999990463257,0.34999999403954,0.0,-0.34999999403954,0.29499998688698,0.0,6.59999990463257,6.15136003494263,1.20477890968323,-1.33936309814453,5.67843866348267,1.10748887062073,-0.69823372364044,"(5.678439, 1.107489, -0.698234)",truck body CS,9.93890953063965,0.1,6.15136003494263,1.20477890968323,-1.33936309814453,0.00003628125675,90.3817622677577,0.00000323313938
809,left road,809,0.39499998092651,0.0,6.59999990463257,0.44999998807907,0.0,-0.34999999403954,0.39499998092651,0.0,6.59999990463257,6.15136003494263,1.20477890968323,-1.33936309814453,5.68730020523071,1.10765337944031,-0.6993168592453,"(5.6873, 1.107653, -0.699317)",truck body CS,9.88031673431396,0.1,6.15136003494263,1.20477890968323,-1.33936309814453,0.00003628125675,90.3817622677577,0.00000323313938
810,left road,810,0.49500000476837,0.0,6.59999990463257,0.55000001192093,0.0,-0.34999999403954,0.49500000476837,0.0,6.59999990463257,6.15136003494263,1.20477890968323,-1.33936309814453,5.69612979888916,1.10781717300415,-0.70039486885071,"(5.69613, 1.107817, -0.700395)",truck body CS,9.82239246368408,0.1,6.15136003494263,1.20477890968323,-1.33936309814453,0.00003628125675,90.3817622677577,0.00000323313938
811,left road,811,0.59499996900558,0.0,6.59999990463257,0.64999997615814,0.0,-0.34999999403954,0.59499996900558,0.0,6.59999990463257,6.15136003494263,1.20477890968323,-1.33936309814453,5.70493078231812,1.10798025131226,-0.70147109031677,"(5.704931, 1.10798, -0.701471)",truck body CS,9.7651481628418,0.1,6.15136003494263,1.20477890968323,-1.33936309814453,0.00003628125675,90.3817622677577,0.00000323313938
812,left road,812,0.69499999284744,0.0,6.59999990463257,0.75,0.0,-0.34999999403954,0.69499999284744,0.0,6.59999990463257,6.15136003494263,1.20477890968323,-1.33936309814453,5.71346378326416,1.1080904006958,-0.70219552516937,"(5.713464, 1.10809, -0.702196)",truck body CS,9.70859622955322,0.1,6.15136003494263,1.20477890968323,-1.33936309814453,0.00003628125675,90.3817622677577,0.00000323313938
813,left road,813,0.7950000166893,0.0,6.59999990463257,0.85000002384186,0.0,-0.34999999403954,0.7950000166893,0.0,6.59999990463257,6.15136003494263,1.20477890968323,-1.33936309814453,5.72941780090332,1.10987377166748,-0.71394872665405,"(5.729418, 1.109874, -0.713949)",truck body CS,9.65274906158447,0.1,6.15136003494263,1.20477890968323,-1.33936309814453,0.00003628125675,90.3817622677577,0.00000323313938
814,left road,814,0.89499998092651,0.0,6.59999990463257,0.94999998807907,0.0,-0.34999999403954,0.89499998092651,0.0,6.59999990463257,6.15136003494263,1.20477890968323,-1.33936309814453,6.11810970306396,1.19715774059296,-1.28914082050323,"(6.11811, 1.197158, -1.289141)",EyeArea,9.59761905670166,0.1,6.15136003494263,1.20477890968323,-1.33936309814453,0.00003628125675,90.3817622677577,0.00000323313938
815,left road,815,0.99499994516373,0.0,6.59999990463257,1.04999995231628,0.0,-0.34999999403954,0.99499994516373,0.0,6.59999990463257,6.15136003494263,1.20477890968323,-1.33936309814453,6.11874532699585,1.19715845584869,-1.28914511203766,"(6.118745, 1.197158, -1.289145)",EyeArea,9.5432186126709,0.1,6.15136003494263,1.20477890968323,-1.33936309814453,0.00003628125675,90.3817622677577,0.00000323313938
816,left road,816,1.09500002861023,0.0,6.59999990463257,1.14999997615814,0.0,-0.34999999403954,1.09500002861023,0.0,6.59999990463257,6.15136003494263,1.20477890968323,-1.33936309814453,6.11938095092773,1.19715905189514,-1.28914928436279,"(6.119381, 1.197159, -1.289149)",EyeArea,9.4895601272583,0.1,6.15136003494263,1.20477890968323,-1.33936309814453,0.00003628125675,90.3817622677577,0.00000323313938
817,left road,817,1.19500005245209,0.0,6.59999990463257,1.25,0.0,-0.34999999403954,1.19500005245209,0.0,6.59999990463257,6.15136003494263,1.20477890968323,-1.33936309814453,6.1200156211853,1.19715976715088,-1.28915357589722,"(6.120016, 1.19716, -1.289154)",EyeArea,9.43665599822998,0.1,6.15136003494263,1.20477890968323,-1.33936309814453,0.00003628125675,90.3817622677577,0.00000323313938
818,left road,818,1.29500007629395,0.0,6.59999990463257,1.35000002384186,0.0,-0.34999999403954,1.29500007629395,0.0,6.59999990463257,6.15136003494263,1.20477890968323,-1.33936309814453,6.12065076828003,1.19716036319733,-1.28915774822235,"(6.120651, 1.19716, -1.289158)",EyeArea,9.38451957702637,0.1,6.15136003494263,1.20477890968323,-1.33936309814453,0.00003628125675,90.3817622677577,0.00000323313938
819,left road,819,1.3950001001358,0.0,6.59999990463257,1.45000004768372,0.0,-0.34999999403954,1.3950001001358,0.0,6.59999990463257,6.15136003494263,1.20477890968323,-1.33936309814453,6.1212854385376,1.19716107845306,-1.28916192054749,"(6.121285, 1.197161, -1.289162)",EyeArea,9.33316326141357,0.1,6.15136003494263,1.20477890968323,-1.33936309814453,0.00003628125675,90.3817622677577,0.00000323313938
820,left road,820,1.49500000476837,0.0,6.59999990463257,1.54999995231628,0.0,-0.34999999403954,1.49500000476837,0.0,6.59999990463257,6.15136003494263,1.20477890968323,-1.33936309814453,6.12192010879517,1.19716155529022,-1.28916621208191,"(6.12192, 1.197162, -1.289166)",EyeArea,9.28260040283203,0.1,6.15136003494263,1.20477890968323,-1.33936309814453,0.00003628125675,90.3817622677577,0.00000323313938
821,left road,821,1.59500002861023,0.0,6.59999990463257,1.64999997615814,0.0,-0.34999999403954,1.59500002861023,0.0,6.59999990463257,6.15136003494263,1.20477890968323,-1.33936309814453,6.12255525588989,1.19716227054596,-1.28917038440704,"(6.122555, 1.197162, -1.28917)",EyeArea,9.23284339904785,0.1,6.15136003494263,1.20477890968323,-1.33936309814453,0.00003628125675,90.3817622677577,0.00000323313938
822,left road,822,1.69500005245209,0.0,6.59999990463257,1.75,0.0,-0.34999999403954,1.69500005245209,0.0,6.59999990463257,6.15136003494263,1.20477890968323,-1.33936309814453,6.1231894493103,1.19716286659241,-1.28917467594147,"(6.123189, 1.197163, -1.289175)",EyeArea,9.18390560150146,0.1,6.15136003494263,1.20477890968323,-1.33936309814453,0.00003628125675,90.3817622677577,0.00000323313938
823,left road,823,1.79500007629395,0.0,6.59999990463257,1.85000002384186,0.0,-0.34999999403954,1.79500007629395,0.0,6.59999990463257,6.15136003494263,1.20477890968323,-1.33936309814453,6.12382364273071,1.19716358184814,-1.2891788482666,"(6.123824, 1.197164, -1.289179)",EyeArea,9.1358003616333,0.1,6.15136003494263,1.20477890968323,-1.33936309814453,0.00003628125675,90.3817622677577,0.00000323313938
824,left road,824,1.8950001001358,0.0,6.59999990463257,1.95000004768372,0.0,-0.34999999403954,1.8950001001358,0.0,6.59999990463257,6.15136003494263,1.20477890968323,-1.33936309814453,6.12445831298828,1.19716417789459,-1.28918313980103,"(6.124458, 1.197164, -1.289183)",EyeArea,9.08854103088379,0.1,6.15136003494263,1.20477890968323,-1.33936309814453,0.00003628125675,90.3817622677577,0.00000323313938
825,left road,825,1.99500000476837,0.0,6.59999990463257,2.04999995231628,0.0,-0.34999999403954,1.99500000476837,0.0,6.59999990463257,6.15136003494263,1.20477890968323,-1.33936309814453,6.12509250640869,1.19716489315033,-1.28918731212616,"(6.125093, 1.197165, -1.289187)",EyeArea,9.04214096069336,0.1,6.15136003494263,1.20477890968323,-1.33936309814453,0.00003628125675,90.3817622677577,0.00000323313938
826,left road,826,2.09500002861023,0.0,6.59999990463257,2.15000009536743,0.0,-0.34999999403954,2.09500002861023,0.0,6.59999990463257,6.15136003494263,1.20477890968323,-1.33936309814453,6.1257266998291,1.19716548919678,-1.28919160366058,"(6.125727, 1.197165, -1.289192)",EyeArea,8.99661254882813,0.1,6.15136003494263,1.20477890968323,-1.33936309814453,0.00003628125675,90.3817622677577,0.00000323313938
827,left road,827,2.1949999332428,0.0,6.59999990463257,2.25,0.0,-0.34999999403954,2.1949999332428,0.0,6.59999990463257,6.15136003494263,1.20477890968323,-1.33936309814453,6.12636041641235,1.19716608524323,-1.28919577598572,"(6.12636, 1.197166, -1.289196)",EyeArea,8.95197010040283,0.1,6.15136003494263,1.20477890968323,-1.33936309814453,0.00003628125675,90.3817622677577,0.00000323313938
828,left road,828,2.29499983787537,0.0,6.59999990463257,2.34999990463257,0.0,-0.34999999403954,2.29499983787537,0.0,6.59999990463257,6.15136003494263,1.20477890968323,-1.33936309814453,6.12699460983276,1.19716680049896,-1.28920006752014,"(6.126995, 1.197167, -1.2892)",EyeArea,8.90822601318359,0.1,6.15136003494263,1.20477890968323,-1.33936309814453,0.00003628125675,90.3817622677577,0.00000323313938
829,left road,829,2.39499998092651,0.0,6.59999990463257,2.45000004768372,0.0,-0.34999999403954,2.39499998092651,0.0,6.59999990463257,6.15136003494263,1.20477890968323,-1.33936309814453,6.12762832641602,1.19716739654541,-1.28920423984528,"(6.127628, 1.197167, -1.289204)",EyeArea,8.86539459228516,0.1,6.15136003494263,1.20477890968323,-1.33936309814453,0.00003628125675,90.3817622677577,0.00000323313938
830,left road,830,2.49499988555908,0.0,6.59999990463257,2.54999995231628,0.0,-0.34999999403954,2.49499988555908,0.0,6.59999990463257,6.15136003494263,1.20477890968323,-1.33936309814453,6.12826204299927,1.19716811180115,-1.28920841217041,"(6.128262, 1.197168, -1.289208)",EyeArea,8.82348823547363,0.1,6.15136003494263,1.20477890968323,-1.33936309814453,0.00003628125675,90.3817622677577,0.00000323313938
831,left road,831,2.59500002861023,0.0,6.59999990463257,2.65000009536743,0.0,-0.34999999403954,2.59500002861023,0.0,6.59999990463257,6.15136003494263,1.20477890968323,-1.33936309814453,6.12889575958252,1.1971687078476,-1.28921270370483,"(6.128896, 1.197169, -1.289213)",EyeArea,8.78252124786377,0.1,6.15136003494263,1.20477890968323,-1.33936309814453,0.00003628125675,90.3817622677577,0.00000323313938
832,left road,832,2.6949999332428,0.0,6.59999990463257,2.75,0.0,-0.34999999403954,2.6949999332428,0.0,6.59999990463257,6.15136003494263,1.20477890968323,-1.33936309814453,6.12952947616577,1.19716942310333,-1.28921687602997,"(6.129529, 1.197169, -1.289217)",EyeArea,8.74250602722168,0.1,6.15136003494263,1.20477890968323,-1.33936309814453,0.00003628125675,90.3817622677577,0.00000323313938
833,left road,833,2.79499983787537,0.0,6.59999990463257,2.84999990463257,0.0,-0.34999999403954,2.79499983787537,0.0,6.59999990463257,6.15136003494263,1.20477890968323,-1.33936309814453,6.13016271591187,1.19717001914978,-1.28922116756439,"(6.130163, 1.19717, -1.289221)",EyeArea,8.70345497131348,0.1,6.15136003494263,1.20477890968323,-1.33936309814453,0.00003628125675,90.3817622677577,0.00000323313938
834,left road,834,2.89499998092651,0.0,6.59999990463257,2.95000004768372,0.0,-0.34999999403954,2.89499998092651,0.0,6.59999990463257,6.15136003494263,1.20477890968323,-1.33936309814453,6.13079595565796,1.19717061519623,-1.28922533988953,"(6.130796, 1.197171, -1.289225)",EyeArea,8.66538238525391,0.1,6.15136003494263,1.20477890968323,-1.33936309814453,0.00003628125675,90.3817622677577,0.00000323313938
835,left road,835,2.99499988555908,0.0,6.59999990463257,3.04999995231628,0.0,-0.34999999403954,2.99499988555908,0.0,6.59999990463257,6.15136003494263,1.20477890968323,-1.33936309814453,6.13142919540405,1.19717121124268,-1.28922951221466,"(6.131429, 1.197171, -1.28923)",EyeArea,8.6283016204834,0.1,6.15136003494263,1.20477890968323,-1.33936309814453,0.00003628125675,90.3817622677577,0.00000323313938
836,left road,836,3.09500002861023,0.0,6.59999990463257,3.15000009536743,0.0,-0.34999999403954,3.09500002861023,0.0,6.59999990463257,6.15136003494263,1.20477890968323,-1.33936309814453,6.13206195831299,1.19717192649841,-1.28923380374908,"(6.132062, 1.197172, -1.289234)",EyeArea,8.59222412109375,0.1,6.15136003494263,1.20477890968323,-1.33936309814453,0.00003628125675,90.3817622677577,0.00000323313938
837,left road,837,3.1949999332428,0.0,6.59999990463257,3.25,0.0,-0.34999999403954,3.1949999332428,0.0,6.59999990463257,6.15136003494263,1.20477890968323,-1.33936309814453,6.13269472122192,1.19717252254486,-1.28923797607422,"(6.132695, 1.197173, -1.289238)",EyeArea,8.55716323852539,0.1,6.15136003494263,1.20477890968323,-1.33936309814453,0.00003628125675,90.3817622677577,0.00000323313938
838,left road,838,3.29499983787537,0.0,6.59999990463257,3.34999990463257,0.0,-0.34999999403954,3.29499983787537,0.0,6.59999990463257,6.15136003494263,1.20477890968323,-1.33936309814453,6.13332796096802,1.19717311859131,-1.28924226760864,"(6.133328, 1.197173, -1.289242)",EyeArea,8.52313137054443,0.1,6.15136003494263,1.20477890968323,-1.33936309814453,0.00003628125675,90.3817622677577,0.00000323313938
839,left road,839,3.39499998092651,0.0,6.59999990463257,3.45000004768372,0.0,-0.34999999403954,3.39499998092651,0.0,6.59999990463257,6.15136003494263,1.20477890968323,-1.33936309814453,6.13396072387695,1.19717383384705,-1.28924643993378,"(6.133961, 1.197174, -1.289246)",EyeArea,8.49014091491699,0.1,6.15136003494263,1.20477890968323,-1.33936309814453,0.00003628125675,90.3817622677577,0.00000323313938
840,left road,840,-3.50500011444092,0.0,6.69999980926514,-3.45000004768372,0.0,-0.25,-3.50500011444092,0.0,6.69999980926514,6.15136003494263,1.20477890968323,-1.33936309814453,6.10163497924805,1.19857478141785,-1.29796421527863,"(6.101635, 1.198575, -1.297964)",EyeArea,12.6225261688232,0.1,6.15136003494263,1.20477890968323,-1.33936309814453,0.00003628125675,90.3817622677577,0.00000323313938
841,left road,841,-3.40499997138977,0.0,6.69999980926514,-3.34999990463257,0.0,-0.25,-3.40499997138977,0.0,6.69999980926514,6.15136003494263,1.20477890968323,-1.33936309814453,6.101637840271,1.1985102891922,-1.29753315448761,"(6.101638, 1.19851, -1.297533)",EyeArea,12.5461893081665,0.1,6.15136003494263,1.20477890968323,-1.33936309814453,0.00003628125675,90.3817622677577,0.00000323313938
842,left road,842,-3.3050000667572,0.0,6.69999980926514,-3.25,0.0,-0.25,-3.3050000667572,0.0,6.69999980926514,6.15136003494263,1.20477890968323,-1.33936309814453,6.1016411781311,1.19844448566437,-1.29709446430206,"(6.101641, 1.198444, -1.297094)",EyeArea,12.4701881408691,0.1,6.15136003494263,1.20477890968323,-1.33936309814453,0.00003628125675,90.3817622677577,0.00000323313938
843,left road,843,-3.20500016212463,0.0,6.69999980926514,-3.15000009536743,0.0,-0.25,-3.20500016212463,0.0,6.69999980926514,6.15136003494263,1.20477890968323,-1.33936309814453,6.10164403915405,1.19837713241577,-1.29664480686188,"(6.101644, 1.198377, -1.296645)",EyeArea,12.3945283889771,0.1,6.15136003494263,1.20477890968323,-1.33936309814453,0.00003628125675,90.3817622677577,0.00000323313938
844,left road,844,-3.10500001907349,0.0,6.69999980926514,-3.04999995231628,0.0,-0.25,-3.10500001907349,0.0,6.69999980926514,6.15136003494263,1.20477890968323,-1.33936309814453,5.58904600143433,1.13158988952637,-0.85098040103912,"(5.589046, 1.13159, -0.85098)",truck body CS,12.3192148208618,0.1,6.15136003494263,1.20477890968323,-1.33936309814453,0.00003628125675,90.3817622677577,0.00000323313938
845,left road,845,-3.00500011444092,0.0,6.69999980926514,-2.95000004768372,0.0,-0.25,-3.00500011444092,0.0,6.69999980926514,6.15136003494263,1.20477890968323,-1.33936309814453,5.58741998672485,1.1305764913559,-0.84421813488007,"(5.58742, 1.130576, -0.844218)",truck body CS,12.244255065918,0.1,6.15136003494263,1.20477890968323,-1.33936309814453,0.00003628125675,90.3817622677577,0.00000323313938
846,left road,846,-2.90499997138977,0.0,6.69999980926514,-2.84999990463257,0.0,-0.25,-2.90499997138977,0.0,6.69999980926514,6.15136003494263,1.20477890968323,-1.33936309814453,5.58723735809326,1.12973284721375,-0.83858913183212,"(5.587237, 1.129733, -0.838589)",truck body CS,12.1696548461914,0.1,6.15136003494263,1.20477890968323,-1.33936309814453,0.00003628125675,90.3817622677577,0.00000323313938
847,left road,847,-2.8050000667572,0.0,6.69999980926514,-2.75,0.0,-0.25,-2.8050000667572,0.0,6.69999980926514,6.15136003494263,1.20477890968323,-1.33936309814453,5.58723211288452,1.12889432907104,-0.83299362659454,"(5.587232, 1.128894, -0.832994)",truck body CS,12.0954217910767,0.1,6.15136003494263,1.20477890968323,-1.33936309814453,0.00003628125675,90.3817622677577,0.00000323313938
848,left road,848,-2.70500016212463,0.0,6.69999980926514,-2.65000009536743,0.0,-0.25,-2.70500016212463,0.0,6.69999980926514,6.15136003494263,1.20477890968323,-1.33936309814453,5.5872278213501,1.12803685665131,-0.82727235555649,"(5.587228, 1.128037, -0.827272)",truck body CS,12.0215625762939,0.1,6.15136003494263,1.20477890968323,-1.33936309814453,0.00003628125675,90.3817622677577,0.00000323313938
849,left road,849,-2.60500001907349,0.0,6.69999980926514,-2.54999995231628,0.0,-0.25,-2.60500001907349,0.0,6.69999980926514,6.15136003494263,1.20477890968323,-1.33936309814453,5.58722019195557,1.12715947628021,-0.82141751050949,"(5.58722, 1.127159, -0.821418)",truck body CS,11.9480829238892,0.1,6.15136003494263,1.20477890968323,-1.33936309814453,0.00003628125675,90.3817622677577,0.00000323313938
850,left road,850,-2.50500011444092,0.0,6.69999980926514,-2.45000004768372,0.0,-0.25,-2.50500011444092,0.0,6.69999980926514,6.15136003494263,1.20477890968323,-1.33936309814453,5.58746576309204,1.12629699707031,-0.8156613111496,"(5.587466, 1.126297, -0.815661)",truck body CS,11.8749914169312,0.1,6.15136003494263,1.20477890968323,-1.33936309814453,0.00003628125675,90.3817622677577,0.00000323313938
851,left road,851,-2.40499997138977,0.0,6.69999980926514,-2.34999990463257,0.0,-0.25,-2.40499997138977,0.0,6.69999980926514,6.15136003494263,1.20477890968323,-1.33936309814453,5.5890007019043,1.12559580802917,-0.81098300218582,"(5.589001, 1.125596, -0.810983)",truck body CS,11.8022947311401,0.1,6.15136003494263,1.20477890968323,-1.33936309814453,0.00003628125675,90.3817622677577,0.00000323313938
852,left road,852,-2.3050000667572,0.0,6.69999980926514,-2.25,0.0,-0.25,-2.3050000667572,0.0,6.69999980926514,6.15136003494263,1.20477890968323,-1.33936309814453,5.59056043624878,1.12488174438477,-0.80621761083603,"(5.59056, 1.124882, -0.806218)",truck body CS,11.729998588562,0.1,6.15136003494263,1.20477890968323,-1.33936309814453,0.00003628125675,90.3817622677577,0.00000323313938
853,left road,853,-2.20500016212463,0.0,6.69999980926514,-2.15000009536743,0.0,-0.25,-2.20500016212463,0.0,6.69999980926514,6.15136003494263,1.20477890968323,-1.33936309814453,5.59215116500854,1.12415492534637,-0.80136758089066,"(5.592151, 1.124155, -0.801368)",truck body CS,11.6581134796143,0.1,6.15136003494263,1.20477890968323,-1.33936309814453,0.00003628125675,90.3817622677577,0.00000323313938
854,left road,854,-2.10500001907349,0.0,6.69999980926514,-2.04999995231628,0.0,-0.25,-2.10500001907349,0.0,6.69999980926514,6.15136003494263,1.20477890968323,-1.33936309814453,5.59376955032349,1.12341463565826,-0.79642742872238,"(5.59377, 1.123415, -0.796427)",truck body CS,11.5866451263428,0.1,6.15136003494263,1.20477890968323,-1.33936309814453,0.00003628125675,90.3817622677577,0.00000323313938
855,left road,855,-2.00500011444092,0.0,6.69999980926514,-1.95000004768372,0.0,-0.25,-2.00500011444092,0.0,6.69999980926514,6.15136003494263,1.20477890968323,-1.33936309814453,5.59541749954224,1.12266039848328,-0.79139465093613,"(5.595417, 1.12266, -0.791395)",truck body CS,11.5156011581421,0.1,6.15136003494263,1.20477890968323,-1.33936309814453,0.00003628125675,90.3817622677577,0.00000323313938
856,left road,856,-1.90499997138977,0.0,6.69999980926514,-1.85000002384186,0.0,-0.25,-1.90499997138977,0.0,6.69999980926514,6.15136003494263,1.20477890968323,-1.33936309814453,5.59709692001343,1.1218923330307,-0.78626996278763,"(5.597097, 1.121892, -0.78627)",truck body CS,11.4449901580811,0.1,6.15136003494263,1.20477890968323,-1.33936309814453,0.00003628125675,90.3817622677577,0.00000323313938
857,left road,857,-1.80499994754791,0.0,6.69999980926514,-1.75,0.0,-0.25,-1.80499994754791,0.0,6.69999980926514,6.15136003494263,1.20477890968323,-1.33936309814453,5.59880971908569,1.12110996246338,-0.78104907274246,"(5.59881, 1.12111, -0.781049)",truck body CS,11.3748188018799,0.1,6.15136003494263,1.20477890968323,-1.33936309814453,0.00003628125675,90.3817622677577,0.00000323313938
858,left road,858,-1.70499992370605,0.0,6.69999980926514,-1.64999997615814,0.0,-0.25,-1.70499992370605,0.0,6.69999980926514,6.15136003494263,1.20477890968323,-1.33936309814453,5.60180807113647,1.12050485610962,-0.77701103687286,"(5.601808, 1.120505, -0.777011)",truck body CS,11.3050975799561,0.1,6.15136003494263,1.20477890968323,-1.33936309814453,0.00003628125675,90.3817622677577,0.00000323313938
859,left road,859,-1.6049998998642,0.0,6.69999980926514,-1.54999995231628,0.0,-0.25,-1.6049998998642,0.0,6.69999980926514,6.15136003494263,1.20477890968323,-1.33936309814453,5.60505199432373,1.11992192268372,-0.77312159538269,"(5.605052, 1.119922, -0.773122)",truck body CS,11.2358341217041,0.1,6.15136003494263,1.20477890968323,-1.33936309814453,0.00003628125675,90.3817622677577,0.00000323313938
860,left road,860,-1.50499999523163,0.0,6.69999980926514,-1.45000004768372,0.0,-0.25,-1.50499999523163,0.0,6.69999980926514,6.15136003494263,1.20477890968323,-1.33936309814453,5.60833883285522,1.11933100223541,-0.76917767524719,"(5.608339, 1.119331, -0.769178)",truck body CS,11.1670360565186,0.1,6.15136003494263,1.20477890968323,-1.33936309814453,0.00003628125675,90.3817622677577,0.00000323313938
861,left road,861,-1.40499997138977,0.0,6.69999980926514,-1.35000002384186,0.0,-0.25,-1.40499997138977,0.0,6.69999980926514,6.15136003494263,1.20477890968323,-1.33936309814453,5.61167287826538,1.11873173713684,-0.76517903804779,"(5.611673, 1.118732, -0.765179)",truck body CS,11.0987129211426,0.1,6.15136003494263,1.20477890968323,-1.33936309814453,0.00003628125675,90.3817622677577,0.00000323313938
862,left road,862,-1.30499994754791,0.0,6.69999980926514,-1.25,0.0,-0.25,-1.30499994754791,0.0,6.69999980926514,6.15136003494263,1.20477890968323,-1.33936309814453,5.61505174636841,1.11812376976013,-0.7611221075058,"(5.615052, 1.118124, -0.761122)",truck body CS,11.0308723449707,0.1,6.15136003494263,1.20477890968323,-1.33936309814453,0.00003628125675,90.3817622677577,0.00000323313938
863,left road,863,-1.20499992370605,0.0,6.69999980926514,-1.14999997615814,0.0,-0.25,-1.20499992370605,0.0,6.69999980926514,6.15136003494263,1.20477890968323,-1.33936309814453,5.61848258972168,1.11750769615173,-0.75701129436493,"(5.618483, 1.117508, -0.757011)",truck body CS,10.9635248184204,0.1,6.15136003494263,1.20477890968323,-1.33936309814453,0.00003628125675,90.3817622677577,0.00000323313938
864,left road,864,-1.1049998998642,0.0,6.69999980926514,-1.04999995231628,0.0,-0.25,-1.1049998998642,0.0,6.69999980926514,6.15136003494263,1.20477890968323,-1.33936309814453,5.62195920944214,1.11688208580017,-0.7528378367424,"(5.621959, 1.116882, -0.752838)",truck body CS,10.8966789245605,0.1,6.15136003494263,1.20477890968323,-1.33936309814453,0.00003628125675,90.3817622677577,0.00000323313938
865,left road,865,-1.00499999523163,0.0,6.69999980926514,-0.94999998807907,0.0,-0.25,-1.00499999523163,0.0,6.69999980926514,6.15136003494263,1.20477890968323,-1.33936309814453,5.62548780441284,1.11624789237976,-0.74860554933548,"(5.625488, 1.116248, -0.748606)",truck body CS,10.83034324646,0.1,6.15136003494263,1.20477890968323,-1.33936309814453,0.00003628125675,90.3817622677577,0.00000323313938
866,left road,866,-0.90500003099442,0.0,6.69999980926514,-0.85000002384186,0.0,-0.25,-0.90500003099442,0.0,6.69999980926514,6.15136003494263,1.20477890968323,-1.33936309814453,5.629065990448,1.11560440063477,-0.74431073665619,"(5.629066, 1.115604, -0.744311)",truck body CS,10.7645282745361,0.1,6.15136003494263,1.20477890968323,-1.33936309814453,0.00003628125675,90.3817622677577,0.00000323313938
867,left road,867,-0.80500000715256,0.0,6.69999980926514,-0.75,0.0,-0.25,-0.80500000715256,0.0,6.69999980926514,6.15136003494263,1.20477890968323,-1.33936309814453,5.63269948959351,1.11495161056519,-0.73995459079742,"(5.632699, 1.114952, -0.739955)",truck body CS,10.6992425918579,0.1,6.15136003494263,1.20477890968323,-1.33936309814453,0.00003628125675,90.3817622677577,0.00000323313938
868,left road,868,-0.7049999833107,0.0,6.69999980926514,-0.64999997615814,0.0,-0.25,-0.7049999833107,0.0,6.69999980926514,6.15136003494263,1.20477890968323,-1.33936309814453,5.63638401031494,1.11428904533386,-0.7355329990387,"(5.636384, 1.114289, -0.735533)",truck body CS,10.6344966888428,0.1,6.15136003494263,1.20477890968323,-1.33936309814453,0.00003628125675,90.3817622677577,0.00000323313938
869,left road,869,-0.60500001907349,0.0,6.69999980926514,-0.55000001192093,0.0,-0.25,-0.60500001907349,0.0,6.69999980926514,6.15136003494263,1.20477890968323,-1.33936309814453,5.64012384414673,1.11361646652222,-0.73104578256607,"(5.640124, 1.113616, -0.731046)",truck body CS,10.5703001022339,0.1,6.15136003494263,1.20477890968323,-1.33936309814453,0.00003628125675,90.3817622677577,0.00000323313938
870,left road,870,-0.50499999523163,0.0,6.69999980926514,-0.44999998807907,0.0,-0.25,-0.50499999523163,0.0,6.69999980926514,6.15136003494263,1.20477890968323,-1.33936309814453,5.64392042160034,1.11293411254883,-0.72649240493774,"(5.64392, 1.112934, -0.726492)",truck body CS,10.5066633224487,0.1,6.15136003494263,1.20477890968323,-1.33936309814453,0.00003628125675,90.3817622677577,0.00000323313938
871,left road,871,-0.40500000119209,0.0,6.69999980926514,-0.34999999403954,0.0,-0.25,-0.40500000119209,0.0,6.69999980926514,6.15136003494263,1.20477890968323,-1.33936309814453,5.6477746963501,1.11224150657654,-0.72187113761902,"(5.647775, 1.112242, -0.721871)",truck body CS,10.4435968399048,0.1,6.15136003494263,1.20477890968323,-1.33936309814453,0.00003628125675,90.3817622677577,0.00000323313938
872,left road,872,-0.30500000715256,0.0,6.69999980926514,-0.25,0.0,-0.25,-0.30500000715256,0.0,6.69999980926514,6.15136003494263,1.20477890968323,-1.33936309814453,5.65168476104736,1.11153793334961,-0.7171756029129,"(5.651685, 1.111538, -0.717176)",truck body CS,10.3811092376709,0.1,6.15136003494263,1.20477890968323,-1.33936309814453,0.00003628125675,90.3817622677577,0.00000323313938
873,left road,873,-0.20500001311302,0.0,6.69999980926514,-0.15000000596046,0.0,-0.25,-0.20500001311302,0.0,6.69999980926514,6.15136003494263,1.20477890968323,-1.33936309814453,5.65565729141235,1.1108238697052,-0.71241176128387,"(5.655657, 1.110824, -0.712412)",truck body CS,10.3192129135132,0.1,6.15136003494263,1.20477890968323,-1.33936309814453,0.00003628125675,90.3817622677577,0.00000323313938
874,left road,874,-0.10500000417233,0.0,6.69999980926514,-0.05000000074506,0.0,-0.25,-0.10500000417233,0.0,6.69999980926514,6.15136003494263,1.20477890968323,-1.33936309814453,5.65968990325928,1.11009860038757,-0.70757246017456,"(5.65969, 1.110099, -0.707572)",truck body CS,10.2579183578491,0.1,6.15136003494263,1.20477890968323,-1.33936309814453,0.00003628125675,90.3817622677577,0.00000323313938
875,left road,875,-0.00499999895692,0.0,6.69999980926514,0.05000000074506,0.0,-0.25,-0.00499999895692,0.0,6.69999980926514,6.15136003494263,1.20477890968323,-1.33936309814453,5.66378355026245,1.10936188697815,-0.70265543460846,"(5.663784, 1.109362, -0.702655)",truck body CS,10.1972360610962,0.1,6.15136003494263,1.20477890968323,-1.33936309814453,0.00003628125675,90.3817622677577,0.00000323313938
876,left road,876,0.09500000625849,0.0,6.69999980926514,0.15000000596046,0.0,-0.25,0.09500000625849,0.0,6.69999980926514,6.15136003494263,1.20477890968323,-1.33936309814453,5.66895008087158,1.10881412029266,-0.69900059700012,"(5.66895, 1.108814, -0.699001)",truck body CS,10.1371765136719,0.1,6.15136003494263,1.20477890968323,-1.33936309814453,0.00003628125675,90.3817622677577,0.00000323313938
877,left road,877,0.19499999284744,0.0,6.69999980926514,0.25,0.0,-0.25,0.19499999284744,0.0,6.69999980926514,6.15136003494263,1.20477890968323,-1.33936309814453,5.67770481109619,1.10897374153137,-0.70006585121155,"(5.677705, 1.108974, -0.700066)",truck body CS,10.077751159668,0.1,6.15136003494263,1.20477890968323,-1.33936309814453,0.00003628125675,90.3817622677577,0.00000323313938
878,left road,878,0.29499998688698,0.0,6.69999980926514,0.34999999403954,0.0,-0.25,0.29499998688698,0.0,6.69999980926514,6.15136003494263,1.20477890968323,-1.33936309814453,5.68643236160278,1.10913348197937,-0.70113039016724,"(5.686432, 1.109133, -0.70113)",truck body CS,10.0189723968506,0.1,6.15136003494263,1.20477890968323,-1.33936309814453,0.00003628125675,90.3817622677577,0.00000323313938
879,left road,879,0.39499998092651,0.0,6.69999980926514,0.44999998807907,0.0,-0.25,0.39499998092651,0.0,6.69999980926514,6.15136003494263,1.20477890968323,-1.33936309814453,5.69512844085693,1.10929179191589,-0.70218873023987,"(5.695128, 1.109292, -0.702189)",truck body CS,9.96084976196289,0.1,6.15136003494263,1.20477890968323,-1.33936309814453,0.00003628125675,90.3817622677577,0.00000323313938
880,left road,880,0.49500000476837,0.0,6.69999980926514,0.55000001192093,0.0,-0.25,0.49500000476837,0.0,6.69999980926514,6.15136003494263,1.20477890968323,-1.33936309814453,5.70379686355591,1.10945010185242,-0.70324432849884,"(5.703797, 1.10945, -0.703244)",truck body CS,9.90339660644531,0.1,6.15136003494263,1.20477890968323,-1.33936309814453,0.00003628125675,90.3817622677577,0.00000323313938
881,left road,881,0.59499996900558,0.0,6.69999980926514,0.64999997615814,0.0,-0.25,0.59499996900558,0.0,6.69999980926514,6.15136003494263,1.20477890968323,-1.33936309814453,5.71203565597534,1.10952079296112,-0.70371603965759,"(5.712036, 1.109521, -0.703716)",truck body CS,9.84662342071533,0.1,6.15136003494263,1.20477890968323,-1.33936309814453,0.00003628125675,90.3817622677577,0.00000323313938
882,left road,882,0.69499999284744,0.0,6.69999980926514,0.75,0.0,-0.25,0.69499999284744,0.0,6.69999980926514,6.15136003494263,1.20477890968323,-1.33936309814453,5.72648096084595,1.11096465587616,-0.71335053443909,"(5.726481, 1.110965, -0.713351)",truck body CS,9.79054164886475,0.1,6.15136003494263,1.20477890968323,-1.33936309814453,0.00003628125675,90.3817622677577,0.00000323313938
883,left road,883,0.7950000166893,0.0,6.69999980926514,0.85000002384186,0.0,-0.25,0.7950000166893,0.0,6.69999980926514,6.15136003494263,1.20477890968323,-1.33936309814453,6.11789751052856,1.19725239276886,-1.28913938999176,"(6.117898, 1.197252, -1.289139)",EyeArea,9.73516464233398,0.1,6.15136003494263,1.20477890968323,-1.33936309814453,0.00003628125675,90.3817622677577,0.00000323313938
884,left road,884,0.89499998092651,0.0,6.69999980926514,0.94999998807907,0.0,-0.25,0.89499998092651,0.0,6.69999980926514,6.15136003494263,1.20477890968323,-1.33936309814453,6.11852502822876,1.19725298881531,-1.28914356231689,"(6.118525, 1.197253, -1.289144)",EyeArea,9.68050479888916,0.1,6.15136003494263,1.20477890968323,-1.33936309814453,0.00003628125675,90.3817622677577,0.00000323313938
885,left road,885,0.99499994516373,0.0,6.69999980926514,1.04999995231628,0.0,-0.25,0.99499994516373,0.0,6.69999980926514,6.15136003494263,1.20477890968323,-1.33936309814453,6.11915254592896,1.19725358486176,-1.28914773464203,"(6.119153, 1.197254, -1.289148)",EyeArea,9.62657260894775,0.1,6.15136003494263,1.20477890968323,-1.33936309814453,0.00003628125675,90.3817622677577,0.00000323313938
886,left road,886,1.09500002861023,0.0,6.69999980926514,1.14999997615814,0.0,-0.25,1.09500002861023,0.0,6.69999980926514,6.15136003494263,1.20477890968323,-1.33936309814453,6.11978006362915,1.1972541809082,-1.28915190696716,"(6.11978, 1.197254, -1.289152)",EyeArea,9.5733814239502,0.1,6.15136003494263,1.20477890968323,-1.33936309814453,0.00003628125675,90.3817622677577,0.00000323313938
887,left road,887,1.19500005245209,0.0,6.69999980926514,1.25,0.0,-0.25,1.19500005245209,0.0,6.69999980926514,6.15136003494263,1.20477890968323,-1.33936309814453,6.12040710449219,1.19725489616394,-1.2891560792923,"(6.120407, 1.197255, -1.289156)",EyeArea,9.52094268798828,0.1,6.15136003494263,1.20477890968323,-1.33936309814453,0.00003628125675,90.3817622677577,0.00000323313938
888,left road,888,1.29500007629395,0.0,6.69999980926514,1.35000002384186,0.0,-0.25,1.29500007629395,0.0,6.69999980926514,6.15136003494263,1.20477890968323,-1.33936309814453,6.12103414535522,1.19725549221039,-1.28916025161743,"(6.121034, 1.197255, -1.28916)",EyeArea,9.46927070617676,0.1,6.15136003494263,1.20477890968323,-1.33936309814453,0.00003628125675,90.3817622677577,0.00000323313938
889,left road,889,1.3950001001358,0.0,6.69999980926514,1.45000004768372,0.0,-0.25,1.3950001001358,0.0,6.69999980926514,6.15136003494263,1.20477890968323,-1.33936309814453,6.1216607093811,1.19725608825684,-1.28916442394257,"(6.121661, 1.197256, -1.289164)",EyeArea,9.41837596893311,0.1,6.15136003494263,1.20477890968323,-1.33936309814453,0.00003628125675,90.3817622677577,0.00000323313938
890,left road,890,1.49500000476837,0.0,6.69999980926514,1.54999995231628,0.0,-0.25,1.49500000476837,0.0,6.69999980926514,6.15136003494263,1.20477890968323,-1.33936309814453,6.12228775024414,1.19725680351257,-1.28916871547699,"(6.122288, 1.197257, -1.289169)",EyeArea,9.36827278137207,0.1,6.15136003494263,1.20477890968323,-1.33936309814453,0.00003628125675,90.3817622677577,0.00000323313938
891,left road,891,1.59500002861023,0.0,6.69999980926514,1.64999997615814,0.0,-0.25,1.59500002861023,0.0,6.69999980926514,6.15136003494263,1.20477890968323,-1.33936309814453,6.12291526794434,1.19725739955902,-1.28917288780212,"(6.122915, 1.197257, -1.289173)",EyeArea,9.31897354125977,0.1,6.15136003494263,1.20477890968323,-1.33936309814453,0.00003628125675,90.3817622677577,0.00000323313938
892,left road,892,1.69500005245209,0.0,6.69999980926514,1.75,0.0,-0.25,1.69500005245209,0.0,6.69999980926514,6.15136003494263,1.20477890968323,-1.33936309814453,6.1235408782959,1.19725799560547,-1.28917706012726,"(6.123541, 1.197258, -1.289177)",EyeArea,9.27048969268799,0.1,6.15136003494263,1.20477890968323,-1.33936309814453,0.00003628125675,90.3817622677577,0.00000323313938
893,left road,893,1.79500007629395,0.0,6.69999980926514,1.85000002384186,0.0,-0.25,1.79500007629395,0.0,6.69999980926514,6.15136003494263,1.20477890968323,-1.33936309814453,6.12416744232178,1.19725859165192,-1.28918123245239,"(6.124167, 1.197259, -1.289181)",EyeArea,9.22283744812012,0.1,6.15136003494263,1.20477890968323,-1.33936309814453,0.00003628125675,90.3817622677577,0.00000323313938
894,left road,894,1.8950001001358,0.0,6.69999980926514,1.95000004768372,0.0,-0.25,1.8950001001358,0.0,6.69999980926514,6.15136003494263,1.20477890968323,-1.33936309814453,6.12479400634766,1.19725930690765,-1.28918540477753,"(6.124794, 1.197259, -1.289185)",EyeArea,9.176025390625,0.1,6.15136003494263,1.20477890968323,-1.33936309814453,0.00003628125675,90.3817622677577,0.00000323313938
895,left road,895,1.99500000476837,0.0,6.69999980926514,2.04999995231628,0.0,-0.25,1.99500000476837,0.0,6.69999980926514,6.15136003494263,1.20477890968323,-1.33936309814453,6.12542057037354,1.1972599029541,-1.28918957710266,"(6.125421, 1.19726, -1.28919)",EyeArea,9.13006973266602,0.1,6.15136003494263,1.20477890968323,-1.33936309814453,0.00003628125675,90.3817622677577,0.00000323313938
896,left road,896,2.09500002861023,0.0,6.69999980926514,2.15000009536743,0.0,-0.25,2.09500002861023,0.0,6.69999980926514,6.15136003494263,1.20477890968323,-1.33936309814453,6.12604665756226,1.19726049900055,-1.2891937494278,"(6.126047, 1.19726, -1.289194)",EyeArea,9.08498191833496,0.1,6.15136003494263,1.20477890968323,-1.33936309814453,0.00003628125675,90.3817622677577,0.00000323313938
897,left road,897,2.1949999332428,0.0,6.69999980926514,2.25,0.0,-0.25,2.1949999332428,0.0,6.69999980926514,6.15136003494263,1.20477890968323,-1.33936309814453,6.12667226791382,1.197261095047,-1.28919792175293,"(6.126672, 1.197261, -1.289198)",EyeArea,9.04077625274658,0.1,6.15136003494263,1.20477890968323,-1.33936309814453,0.00003628125675,90.3817622677577,0.00000323313938
898,left road,898,2.29499983787537,0.0,6.69999980926514,2.34999990463257,0.0,-0.25,2.29499983787537,0.0,6.69999980926514,6.15136003494263,1.20477890968323,-1.33936309814453,6.12729835510254,1.19726181030273,-1.28920209407806,"(6.127298, 1.197262, -1.289202)",EyeArea,8.99746417999268,0.1,6.15136003494263,1.20477890968323,-1.33936309814453,0.00003628125675,90.3817622677577,0.00000323313938
899,left road,899,2.39499998092651,0.0,6.69999980926514,2.45000004768372,0.0,-0.25,2.39499998092651,0.0,6.69999980926514,6.15136003494263,1.20477890968323,-1.33936309814453,6.12792444229126,1.19726240634918,-1.2892062664032,"(6.127924, 1.197262, -1.289206)",EyeArea,8.95505905151367,0.1,6.15136003494263,1.20477890968323,-1.33936309814453,0.00003628125675,90.3817622677577,0.00000323313938
900,left road,900,2.49499988555908,0.0,6.69999980926514,2.54999995231628,0.0,-0.25,2.49499988555908,0.0,6.69999980926514,6.15136003494263,1.20477890968323,-1.33936309814453,6.12855005264282,1.19726300239563,-1.28921043872833,"(6.12855, 1.197263, -1.28921)",EyeArea,8.91357517242432,0.1,6.15136003494263,1.20477890968323,-1.33936309814453,0.00003628125675,90.3817622677577,0.00000323313938
901,left road,901,2.59500002861023,0.0,6.69999980926514,2.65000009536743,0.0,-0.25,2.59500002861023,0.0,6.69999980926514,6.15136003494263,1.20477890968323,-1.33936309814453,6.12917613983154,1.19726359844208,-1.28921461105347,"(6.129176, 1.197264, -1.289215)",EyeArea,8.87302303314209,0.1,6.15136003494263,1.20477890968323,-1.33936309814453,0.00003628125675,90.3817622677577,0.00000323313938
902,left road,902,2.6949999332428,0.0,6.69999980926514,2.75,0.0,-0.25,2.6949999332428,0.0,6.69999980926514,6.15136003494263,1.20477890968323,-1.33936309814453,6.12980175018311,1.19726431369781,-1.28921866416931,"(6.129802, 1.197264, -1.289219)",EyeArea,8.83341789245605,0.1,6.15136003494263,1.20477890968323,-1.33936309814453,0.00003628125675,90.3817622677577,0.00000323313938
903,left road,903,2.79499983787537,0.0,6.69999980926514,2.84999990463257,0.0,-0.25,2.79499983787537,0.0,6.69999980926514,6.15136003494263,1.20477890968323,-1.33936309814453,6.13042688369751,1.19726490974426,-1.28922283649445,"(6.130427, 1.197265, -1.289223)",EyeArea,8.79477119445801,0.1,6.15136003494263,1.20477890968323,-1.33936309814453,0.00003628125675,90.3817622677577,0.00000323313938
904,left road,904,2.89499998092651,0.0,6.69999980926514,2.95000004768372,0.0,-0.25,2.89499998092651,0.0,6.69999980926514,6.15136003494263,1.20477890968323,-1.33936309814453,6.13105249404907,1.19726550579071,-1.28922700881958,"(6.131052, 1.197266, -1.289227)",EyeArea,8.75709629058838,0.1,6.15136003494263,1.20477890968323,-1.33936309814453,0.00003628125675,90.3817622677577,0.00000323313938
905,left road,905,2.99499988555908,0.0,6.69999980926514,3.04999995231628,0.0,-0.25,2.99499988555908,0.0,6.69999980926514,6.15136003494263,1.20477890968323,-1.33936309814453,6.13167762756348,1.19726622104645,-1.28923118114471,"(6.131678, 1.197266, -1.289231)",EyeArea,8.72040462493896,0.1,6.15136003494263,1.20477890968323,-1.33936309814453,0.00003628125675,90.3817622677577,0.00000323313938
906,left road,906,3.09500002861023,0.0,6.69999980926514,3.15000009536743,0.0,-0.25,3.09500002861023,0.0,6.69999980926514,6.15136003494263,1.20477890968323,-1.33936309814453,6.13230276107788,1.19726669788361,-1.28923535346985,"(6.132303, 1.197267, -1.289235)",EyeArea,8.6847095489502,0.1,6.15136003494263,1.20477890968323,-1.33936309814453,0.00003628125675,90.3817622677577,0.00000323313938
907,left road,907,3.1949999332428,0.0,6.69999980926514,3.25,0.0,-0.25,3.1949999332428,0.0,6.69999980926514,6.15136003494263,1.20477890968323,-1.33936309814453,6.13292789459229,1.19726741313934,-1.28923952579498,"(6.132928, 1.197267, -1.28924)",EyeArea,8.6500244140625,0.1,6.15136003494263,1.20477890968323,-1.33936309814453,0.00003628125675,90.3817622677577,0.00000323313938
908,left road,908,3.29499983787537,0.0,6.69999980926514,3.34999990463257,0.0,-0.25,3.29499983787537,0.0,6.69999980926514,6.15136003494263,1.20477890968323,-1.33936309814453,6.13355255126953,1.19726800918579,-1.28924369812012,"(6.133553, 1.197268, -1.289244)",EyeArea,8.61635875701904,0.1,6.15136003494263,1.20477890968323,-1.33936309814453,0.00003628125675,90.3817622677577,0.00000323313938
909,left road,909,3.39499998092651,0.0,6.69999980926514,3.45000004768372,0.0,-0.25,3.39499998092651,0.0,6.69999980926514,6.15136003494263,1.20477890968323,-1.33936309814453,6.13417768478394,1.19726860523224,-1.28924787044525,"(6.134178, 1.197269, -1.289248)",EyeArea,8.58372688293457,0.1,6.15136003494263,1.20477890968323,-1.33936309814453,0.00003628125675,90.3817622677577,0.00000323313938
910,left road,910,-3.50500011444092,0.0,6.79999971389771,-3.45000004768372,0.0,-0.15000000596046,-3.50500011444092,0.0,6.79999971389771,6.15136003494263,1.20477890968323,-1.33936309814453,6.10163879394531,1.19857537746429,-1.29745209217072,"(6.101639, 1.198575, -1.297452)",EyeArea,12.6864500045776,0.1,6.15136003494263,1.20477890968323,-1.33936309814453,0.00003628125675,90.3817622677577,0.00000323313938
911,left road,911,-3.40499997138977,0.0,6.79999971389771,-3.34999990463257,0.0,-0.15000000596046,-3.40499997138977,0.0,6.79999971389771,6.15136003494263,1.20477890968323,-1.33936309814453,6.10164165496826,1.19851088523865,-1.29701721668243,"(6.101642, 1.198511, -1.297017)",EyeArea,12.6105012893677,0.1,6.15136003494263,1.20477890968323,-1.33936309814453,0.00003628125675,90.3817622677577,0.00000323313938
912,left road,912,-3.3050000667572,0.0,6.79999971389771,-3.25,0.0,-0.15000000596046,-3.3050000667572,0.0,6.79999971389771,6.15136003494263,1.20477890968323,-1.33936309814453,6.10164451599121,1.19844508171082,-1.29657185077667,"(6.101645, 1.198445, -1.296572)",EyeArea,12.5348892211914,0.1,6.15136003494263,1.20477890968323,-1.33936309814453,0.00003628125675,90.3817622677577,0.00000323313938
913,left road,913,-3.20500016212463,0.0,6.79999971389771,-3.15000009536743,0.0,-0.15000000596046,-3.20500016212463,0.0,6.79999971389771,6.15136003494263,1.20477890968323,-1.33936309814453,5.59166526794434,1.13270926475525,-0.85246872901917,"(5.591665, 1.132709, -0.852469)",truck body CS,12.4596223831177,0.1,6.15136003494263,1.20477890968323,-1.33936309814453,0.00003628125675,90.3817622677577,0.00000323313938
914,left road,914,-3.10500001907349,0.0,6.79999971389771,-3.04999995231628,0.0,-0.15000000596046,-3.10500001907349,0.0,6.79999971389771,6.15136003494263,1.20477890968323,-1.33936309814453,5.59009838104248,1.13172686100006,-0.84583073854446,"(5.590098, 1.131727, -0.845831)",truck body CS,12.3847055435181,0.1,6.15136003494263,1.20477890968323,-1.33936309814453,0.00003628125675,90.3817622677577,0.00000323313938
915,left road,915,-3.00500011444092,0.0,6.79999971389771,-2.95000004768372,0.0,-0.15000000596046,-3.00500011444092,0.0,6.79999971389771,6.15136003494263,1.20477890968323,-1.33936309814453,5.58933782577515,1.13082885742188,-0.83976459503174,"(5.589338, 1.130829, -0.839765)",truck body CS,12.3101444244385,0.1,6.15136003494263,1.20477890968323,-1.33936309814453,0.00003628125675,90.3817622677577,0.00000323313938
916,left road,916,-2.90499997138977,0.0,6.79999971389771,-2.84999990463257,0.0,-0.15000000596046,-2.90499997138977,0.0,6.79999971389771,6.15136003494263,1.20477890968323,-1.33936309814453,5.58935737609863,1.13001501560211,-0.83426570892334,"(5.589357, 1.130015, -0.834266)",truck body CS,12.2359466552734,0.1,6.15136003494263,1.20477890968323,-1.33936309814453,0.00003628125675,90.3817622677577,0.00000323313938
917,left road,917,-2.8050000667572,0.0,6.79999971389771,-2.75,0.0,-0.15000000596046,-2.8050000667572,0.0,6.79999971389771,6.15136003494263,1.20477890968323,-1.33936309814453,5.5893759727478,1.12918269634247,-0.8286435008049,"(5.589376, 1.129183, -0.828644)",truck body CS,12.1621170043945,0.1,6.15136003494263,1.20477890968323,-1.33936309814453,0.00003628125675,90.3817622677577,0.00000323313938
918,left road,918,-2.70500016212463,0.0,6.79999971389771,-2.65000009536743,0.0,-0.15000000596046,-2.70500016212463,0.0,6.79999971389771,6.15136003494263,1.20477890968323,-1.33936309814453,5.58939504623413,1.12833166122437,-0.82289308309555,"(5.589395, 1.128332, -0.822893)",truck body CS,12.0886659622192,0.1,6.15136003494263,1.20477890968323,-1.33936309814453,0.00003628125675,90.3817622677577,0.00000323313938
919,left road,919,-2.60500001907349,0.0,6.79999971389771,-2.54999995231628,0.0,-0.15000000596046,-2.60500001907349,0.0,6.79999971389771,6.15136003494263,1.20477890968323,-1.33936309814453,5.58941555023193,1.12746167182922,-0.81701517105103,"(5.589416, 1.127462, -0.817015)",truck body CS,12.0155963897705,0.1,6.15136003494263,1.20477890968323,-1.33936309814453,0.00003628125675,90.3817622677577,0.00000323313938
920,left road,920,-2.50500011444092,0.0,6.79999971389771,-2.45000004768372,0.0,-0.15000000596046,-2.50500011444092,0.0,6.79999971389771,6.15136003494263,1.20477890968323,-1.33936309814453,5.58981657028198,1.12662410736084,-0.81135714054108,"(5.589817, 1.126624, -0.811357)",truck body CS,11.9429187774658,0.1,6.15136003494263,1.20477890968323,-1.33936309814453,0.00003628125675,90.3817622677577,0.00000323313938
921,left road,921,-2.40499997138977,0.0,6.79999971389771,-2.34999990463257,0.0,-0.15000000596046,-2.40499997138977,0.0,6.79999971389771,6.15136003494263,1.20477890968323,-1.33936309814453,5.59136486053467,1.12592875957489,-0.80665934085846,"(5.591365, 1.125929, -0.806659)",truck body CS,11.8706369400024,0.1,6.15136003494263,1.20477890968323,-1.33936309814453,0.00003628125675,90.3817622677577,0.00000323313938
922,left road,922,-2.3050000667572,0.0,6.79999971389771,-2.25,0.0,-0.15000000596046,-2.3050000667572,0.0,6.79999971389771,6.15136003494263,1.20477890968323,-1.33936309814453,5.59294128417969,1.12522089481354,-0.801877617836,"(5.592941, 1.125221, -0.801878)",truck body CS,11.7987604141235,0.1,6.15136003494263,1.20477890968323,-1.33936309814453,0.00003628125675,90.3817622677577,0.00000323313938
923,left road,923,-2.20500016212463,0.0,6.79999971389771,-2.15000009536743,0.0,-0.15000000596046,-2.20500016212463,0.0,6.79999971389771,6.15136003494263,1.20477890968323,-1.33936309814453,5.59454584121704,1.12450003623962,-0.79700750112534,"(5.594546, 1.1245, -0.797008)",truck body CS,11.7272968292236,0.1,6.15136003494263,1.20477890968323,-1.33936309814453,0.00003628125675,90.3817622677577,0.00000323313938
924,left road,924,-2.10500001907349,0.0,6.79999971389771,-2.04999995231628,0.0,-0.15000000596046,-2.10500001907349,0.0,6.79999971389771,6.15136003494263,1.20477890968323,-1.33936309814453,5.59617853164673,1.12376618385315,-0.79204851388931,"(5.596179, 1.123766, -0.792049)",truck body CS,11.6562509536743,0.1,6.15136003494263,1.20477890968323,-1.33936309814453,0.00003628125675,90.3817622677577,0.00000323313938
925,left road,925,-2.00500011444092,0.0,6.79999971389771,-1.95000004768372,0.0,-0.15000000596046,-2.00500011444092,0.0,6.79999971389771,6.15136003494263,1.20477890968323,-1.33936309814453,5.59784364700317,1.12301874160767,-0.78699940443039,"(5.597844, 1.123019, -0.786999)",truck body CS,11.5856342315674,0.1,6.15136003494263,1.20477890968323,-1.33936309814453,0.00003628125675,90.3817622677577,0.00000323313938
926,left road,926,-1.90499997138977,0.0,6.79999971389771,-1.85000002384186,0.0,-0.15000000596046,-1.90499997138977,0.0,6.79999971389771,6.15136003494263,1.20477890968323,-1.33936309814453,5.59953689575195,1.12225699424744,-0.78185403347015,"(5.599537, 1.122257, -0.781854)",truck body CS,11.5154523849487,0.1,6.15136003494263,1.20477890968323,-1.33936309814453,0.00003628125675,90.3817622677577,0.00000323313938
927,left road,927,-1.80499994754791,0.0,6.79999971389771,-1.75,0.0,-0.15000000596046,-1.80499994754791,0.0,6.79999971389771,6.15136003494263,1.20477890968323,-1.33936309814453,5.60246849060059,1.12166380882263,-0.77784663438797,"(5.602468, 1.121664, -0.777847)",truck body CS,11.4457139968872,0.1,6.15136003494263,1.20477890968323,-1.33936309814453,0.00003628125675,90.3817622677577,0.00000323313938
928,left road,928,-1.70499992370605,0.0,6.79999971389771,-1.64999997615814,0.0,-0.15000000596046,-1.70499992370605,0.0,6.79999971389771,6.15136003494263,1.20477890968323,-1.33936309814453,5.60567092895508,1.12109708786011,-0.77401679754257,"(5.605671, 1.121097, -0.774017)",truck body CS,11.3764276504517,0.1,6.15136003494263,1.20477890968323,-1.33936309814453,0.00003628125675,90.3817622677577,0.00000323313938
929,left road,929,-1.6049998998642,0.0,6.79999971389771,-1.54999995231628,0.0,-0.15000000596046,-1.6049998998642,0.0,6.79999971389771,6.15136003494263,1.20477890968323,-1.33936309814453,5.60891675949097,1.12052226066589,-0.77013421058655,"(5.608917, 1.120522, -0.770134)",truck body CS,11.3076009750366,0.1,6.15136003494263,1.20477890968323,-1.33936309814453,0.00003628125675,90.3817622677577,0.00000323313938
930,left road,930,-1.50499999523163,0.0,6.79999971389771,-1.45000004768372,0.0,-0.15000000596046,-1.50499999523163,0.0,6.79999971389771,6.15136003494263,1.20477890968323,-1.33936309814453,5.61220693588257,1.11993980407715,-0.76619815826416,"(5.612207, 1.11994, -0.766198)",truck body CS,11.2392425537109,0.1,6.15136003494263,1.20477890968323,-1.33936309814453,0.00003628125675,90.3817622677577,0.00000323313938
931,left road,931,-1.40499997138977,0.0,6.79999971389771,-1.35000002384186,0.0,-0.15000000596046,-1.40499997138977,0.0,6.79999971389771,6.15136003494263,1.20477890968323,-1.33936309814453,5.61554336547852,1.11934876441956,-0.76220566034317,"(5.615543, 1.119349, -0.762206)",truck body CS,11.1713600158691,0.1,6.15136003494263,1.20477890968323,-1.33936309814453,0.00003628125675,90.3817622677577,0.00000323313938
932,left road,932,-1.30499994754791,0.0,6.79999971389771,-1.25,0.0,-0.15000000596046,-1.30499994754791,0.0,6.79999971389771,6.15136003494263,1.20477890968323,-1.33936309814453,5.61892795562744,1.11874985694885,-0.75815981626511,"(5.618928, 1.11875, -0.75816)",truck body CS,11.1039638519287,0.1,6.15136003494263,1.20477890968323,-1.33936309814453,0.00003628125675,90.3817622677577,0.00000323313938
933,left road,933,-1.20499992370605,0.0,6.79999971389771,-1.14999997615814,0.0,-0.15000000596046,-1.20499992370605,0.0,6.79999971389771,6.15136003494263,1.20477890968323,-1.33936309814453,5.62235879898071,1.1181423664093,-0.75405567884445,"(5.622359, 1.118142, -0.754056)",truck body CS,11.0370626449585,0.1,6.15136003494263,1.20477890968323,-1.33936309814453,0.00003628125675,90.3817622677577,0.00000323313938
934,left road,934,-1.1049998998642,0.0,6.79999971389771,-1.04999995231628,0.0,-0.15000000596046,-1.1049998998642,0.0,6.79999971389771,6.15136003494263,1.20477890968323,-1.33936309814453,5.62583923339844,1.1175262928009,-0.74989384412766,"(5.625839, 1.117526, -0.749894)",truck body CS,10.970664024353,0.1,6.15136003494263,1.20477890968323,-1.33936309814453,0.00003628125675,90.3817622677577,0.00000323313938
935,left road,935,-1.00499999523163,0.0,6.79999971389771,-0.94999998807907,0.0,-0.15000000596046,-1.00499999523163,0.0,6.79999971389771,6.15136003494263,1.20477890968323,-1.33936309814453,5.62936925888062,1.11690139770508,-0.74567133188248,"(5.629369, 1.116901, -0.745671)",truck body CS,10.9047784805298,0.1,6.15136003494263,1.20477890968323,-1.33936309814453,0.00003628125675,90.3817622677577,0.00000323313938
936,left road,936,-0.90500003099442,0.0,6.79999971389771,-0.85000002384186,0.0,-0.15000000596046,-0.90500003099442,0.0,6.79999971389771,6.15136003494263,1.20477890968323,-1.33936309814453,5.6329493522644,1.11626732349396,-0.74138748645782,"(5.632949, 1.116267, -0.741387)",truck body CS,10.8394155502319,0.1,6.15136003494263,1.20477890968323,-1.33936309814453,0.00003628125675,90.3817622677577,0.00000323313938
937,left road,937,-0.80500000715256,0.0,6.79999971389771,-0.75,0.0,-0.15000000596046,-0.80500000715256,0.0,6.79999971389771,6.15136003494263,1.20477890968323,-1.33936309814453,5.6365818977356,1.11562395095825,-0.73704117536545,"(5.636582, 1.115624, -0.737041)",truck body CS,10.7745838165283,0.1,6.15136003494263,1.20477890968323,-1.33936309814453,0.00003628125675,90.3817622677577,0.00000323313938
938,left road,938,-0.7049999833107,0.0,6.79999971389771,-0.64999997615814,0.0,-0.15000000596046,-0.7049999833107,0.0,6.79999971389771,6.15136003494263,1.20477890968323,-1.33936309814453,5.64026832580566,1.11497139930725,-0.73263293504715,"(5.640268, 1.114971, -0.732633)",truck body CS,10.7102937698364,0.1,6.15136003494263,1.20477890968323,-1.33936309814453,0.00003628125675,90.3817622677577,0.00000323313938
939,left road,939,-0.60500001907349,0.0,6.79999971389771,-0.55000001192093,0.0,-0.15000000596046,-0.60500001907349,0.0,6.79999971389771,6.15136003494263,1.20477890968323,-1.33936309814453,5.64400768280029,1.11430907249451,-0.7281579375267,"(5.644008, 1.114309, -0.728158)",truck body CS,10.6465539932251,0.1,6.15136003494263,1.20477890968323,-1.33936309814453,0.00003628125675,90.3817622677577,0.00000323313938
940,left road,940,-0.50499999523163,0.0,6.79999971389771,-0.44999998807907,0.0,-0.15000000596046,-0.50499999523163,0.0,6.79999971389771,6.15136003494263,1.20477890968323,-1.33936309814453,5.64780330657959,1.11363697052002,-0.72361743450165,"(5.647803, 1.113637, -0.723617)",truck body CS,10.5833759307861,0.1,6.15136003494263,1.20477890968323,-1.33936309814453,0.00003628125675,90.3817622677577,0.00000323313938
941,left road,941,-0.40500000119209,0.0,6.79999971389771,-0.34999999403954,0.0,-0.15000000596046,-0.40500000119209,0.0,6.79999971389771,6.15136003494263,1.20477890968323,-1.33936309814453,5.6516547203064,1.11295437812805,-0.71900641918182,"(5.651655, 1.112954, -0.719006)",truck body CS,10.5207681655884,0.1,6.15136003494263,1.20477890968323,-1.33936309814453,0.00003628125675,90.3817622677577,0.00000323313938
942,left road,942,-0.30500000715256,0.0,6.79999971389771,-0.25,0.0,-0.15000000596046,-0.30500000715256,0.0,6.79999971389771,6.15136003494263,1.20477890968323,-1.33936309814453,5.65556478500366,1.11226177215576,-0.71432745456696,"(5.655565, 1.112262, -0.714327)",truck body CS,10.4587430953979,0.1,6.15136003494263,1.20477890968323,-1.33936309814453,0.00003628125675,90.3817622677577,0.00000323313938
943,left road,943,-0.20500001311302,0.0,6.79999971389771,-0.15000000596046,0.0,-0.15000000596046,-0.20500001311302,0.0,6.79999971389771,6.15136003494263,1.20477890968323,-1.33936309814453,5.65953207015991,1.11155831813812,-0.70957446098328,"(5.659532, 1.111558, -0.709574)",truck body CS,10.3973083496094,0.1,6.15136003494263,1.20477890968323,-1.33936309814453,0.00003628125675,90.3817622677577,0.00000323313938
944,left road,944,-0.10500000417233,0.0,6.79999971389771,-0.05000000074506,0.0,-0.15000000596046,-0.10500000417233,0.0,6.79999971389771,6.15136003494263,1.20477890968323,-1.33936309814453,5.66356039047241,1.11084413528442,-0.70474863052368,"(5.66356, 1.110844, -0.704749)",truck body CS,10.3364772796631,0.1,6.15136003494263,1.20477890968323,-1.33936309814453,0.00003628125675,90.3817622677577,0.00000323313938
945,left road,945,-0.00499999895692,0.0,6.79999971389771,0.05000000074506,0.0,-0.15000000596046,-0.00499999895692,0.0,6.79999971389771,6.15136003494263,1.20477890968323,-1.33936309814453,5.66836833953857,1.1102591753006,-0.70079708099365,"(5.668368, 1.110259, -0.700797)",truck body CS,10.2762584686279,0.1,6.15136003494263,1.20477890968323,-1.33936309814453,0.00003628125675,90.3817622677577,0.00000323313938
946,left road,946,0.09500000625849,0.0,6.79999971389771,0.15000000596046,0.0,-0.15000000596046,0.09500000625849,0.0,6.79999971389771,6.15136003494263,1.20477890968323,-1.33936309814453,5.67699146270752,1.11041378974915,-0.70184206962585,"(5.676991, 1.110414, -0.701842)",truck body CS,10.2166633605957,0.1,6.15136003494263,1.20477890968323,-1.33936309814453,0.00003628125675,90.3817622677577,0.00000323313938
947,left road,947,0.19499999284744,0.0,6.79999971389771,0.25,0.0,-0.15000000596046,0.19499999284744,0.0,6.79999971389771,6.15136003494263,1.20477890968323,-1.33936309814453,5.68559074401855,1.11056888103485,-0.70288991928101,"(5.685591, 1.110569, -0.70289)",truck body CS,10.1577033996582,0.1,6.15136003494263,1.20477890968323,-1.33936309814453,0.00003628125675,90.3817622677577,0.00000323313938
948,left road,948,0.29499998688698,0.0,6.79999971389771,0.34999999403954,0.0,-0.15000000596046,0.29499998688698,0.0,6.79999971389771,6.15136003494263,1.20477890968323,-1.33936309814453,5.69415760040283,1.11072254180908,-0.70392835140228,"(5.694158, 1.110723, -0.703928)",truck body CS,10.0993890762329,0.1,6.15136003494263,1.20477890968323,-1.33936309814453,0.00003628125675,90.3817622677577,0.00000323313938
949,left road,949,0.39499998092651,0.0,6.79999971389771,0.44999998807907,0.0,-0.15000000596046,0.39499998092651,0.0,6.79999971389771,6.15136003494263,1.20477890968323,-1.33936309814453,5.70269823074341,1.1108763217926,-0.70496606826782,"(5.702698, 1.110876, -0.704966)",truck body CS,10.0417327880859,0.1,6.15136003494263,1.20477890968323,-1.33936309814453,0.00003628125675,90.3817622677577,0.00000323313938
950,left road,950,0.49500000476837,0.0,6.79999971389771,0.55000001192093,0.0,-0.15000000596046,0.49500000476837,0.0,6.79999971389771,6.15136003494263,1.20477890968323,-1.33936309814453,5.71064805984497,1.11090934276581,-0.7051899433136,"(5.710648, 1.110909, -0.70519)",truck body CS,9.98474407196045,0.1,6.15136003494263,1.20477890968323,-1.33936309814453,0.00003628125675,90.3817622677577,0.00000323313938
951,left road,951,0.59499996900558,0.0,6.79999971389771,0.64999997615814,0.0,-0.15000000596046,0.59499996900558,0.0,6.79999971389771,6.15136003494263,1.20477890968323,-1.33936309814453,5.72360515594482,1.11202931404114,-0.71275699138641,"(5.723605, 1.112029, -0.712757)",truck body CS,9.92843627929688,0.1,6.15136003494263,1.20477890968323,-1.33936309814453,0.00003628125675,90.3817622677577,0.00000323313938
952,left road,952,0.69499999284744,0.0,6.79999971389771,0.75,0.0,-0.15000000596046,0.69499999284744,0.0,6.79999971389771,6.15136003494263,1.20477890968323,-1.33936309814453,6.1176905632019,1.19734466075897,-1.28913807868958,"(6.117691, 1.197345, -1.289138)",EyeArea,9.8728199005127,0.1,6.15136003494263,1.20477890968323,-1.33936309814453,0.00003628125675,90.3817622677577,0.00000323313938
953,left road,953,0.7950000166893,0.0,6.79999971389771,0.85000002384186,0.0,-0.15000000596046,0.7950000166893,0.0,6.79999971389771,6.15136003494263,1.20477890968323,-1.33936309814453,6.11830997467041,1.19734525680542,-1.28914213180542,"(6.11831, 1.197345, -1.289142)",EyeArea,9.81790733337402,0.1,6.15136003494263,1.20477890968323,-1.33936309814453,0.00003628125675,90.3817622677577,0.00000323313938
954,left road,954,0.89499998092651,0.0,6.79999971389771,0.94999998807907,0.0,-0.15000000596046,0.89499998092651,0.0,6.79999971389771,6.15136003494263,1.20477890968323,-1.33936309814453,6.11893033981323,1.19734597206116,-1.28914630413055,"(6.11893, 1.197346, -1.289146)",EyeArea,9.76371002197266,0.1,6.15136003494263,1.20477890968323,-1.33936309814453,0.00003628125675,90.3817622677577,0.00000323313938
955,left road,955,0.99499994516373,0.0,6.79999971389771,1.04999995231628,0.0,-0.15000000596046,0.99499994516373,0.0,6.79999971389771,6.15136003494263,1.20477890968323,-1.33936309814453,6.11954927444458,1.19734644889832,-1.2891503572464,"(6.119549, 1.197346, -1.28915)",EyeArea,9.71024036407471,0.1,6.15136003494263,1.20477890968323,-1.33936309814453,0.00003628125675,90.3817622677577,0.00000323313938
956,left road,956,1.09500002861023,0.0,6.79999971389771,1.14999997615814,0.0,-0.15000000596046,1.09500002861023,0.0,6.79999971389771,6.15136003494263,1.20477890968323,-1.33936309814453,6.1201696395874,1.19734704494476,-1.28915452957153,"(6.12017, 1.197347, -1.289155)",EyeArea,9.65750980377197,0.1,6.15136003494263,1.20477890968323,-1.33936309814453,0.00003628125675,90.3817622677577,0.00000323313938
957,left road,957,1.19500005245209,0.0,6.79999971389771,1.25,0.0,-0.15000000596046,1.19500005245209,0.0,6.79999971389771,6.15136003494263,1.20477890968323,-1.33936309814453,6.12078857421875,1.1973477602005,-1.28915870189667,"(6.120789, 1.197348, -1.289159)",EyeArea,9.60553073883057,0.1,6.15136003494263,1.20477890968323,-1.33936309814453,0.00003628125675,90.3817622677577,0.00000323313938
958,left road,958,1.29500007629395,0.0,6.79999971389771,1.35000002384186,0.0,-0.15000000596046,1.29500007629395,0.0,6.79999971389771,6.15136003494263,1.20477890968323,-1.33936309814453,6.1214075088501,1.19734835624695,-1.28916275501251,"(6.121408, 1.197348, -1.289163)",EyeArea,9.5543155670166,0.1,6.15136003494263,1.20477890968323,-1.33936309814453,0.00003628125675,90.3817622677577,0.00000323313938
959,left road,959,1.3950001001358,0.0,6.79999971389771,1.45000004768372,0.0,-0.15000000596046,1.3950001001358,0.0,6.79999971389771,6.15136003494263,1.20477890968323,-1.33936309814453,6.12202644348145,1.19734883308411,-1.28916692733765,"(6.122026, 1.197349, -1.289167)",EyeArea,9.50387668609619,0.1,6.15136003494263,1.20477890968323,-1.33936309814453,0.00003628125675,90.3817622677577,0.00000323313938
960,left road,960,1.49500000476837,0.0,6.79999971389771,1.54999995231628,0.0,-0.15000000596046,1.49500000476837,0.0,6.79999971389771,6.15136003494263,1.20477890968323,-1.33936309814453,6.12264633178711,1.19734966754913,-1.28917109966278,"(6.122646, 1.19735, -1.289171)",EyeArea,9.45422649383545,0.1,6.15136003494263,1.20477890968323,-1.33936309814453,0.00003628125675,90.3817622677577,0.00000323313938
961,left road,961,1.59500002861023,0.0,6.79999971389771,1.64999997615814,0.0,-0.15000000596046,1.59500002861023,0.0,6.79999971389771,6.15136003494263,1.20477890968323,-1.33936309814453,6.12326526641846,1.19735014438629,-1.28917515277863,"(6.123265, 1.19735, -1.289175)",EyeArea,9.4053783416748,0.1,6.15136003494263,1.20477890968323,-1.33936309814453,0.00003628125675,90.3817622677577,0.00000323313938
962,left road,962,1.69500005245209,0.0,6.79999971389771,1.75,0.0,-0.15000000596046,1.69500005245209,0.0,6.79999971389771,6.15136003494263,1.20477890968323,-1.33936309814453,6.12388372421265,1.19735074043274,-1.28917932510376,"(6.123884, 1.197351, -1.289179)",EyeArea,9.35734272003174,0.1,6.15136003494263,1.20477890968323,-1.33936309814453,0.00003628125675,90.3817622677577,0.00000323313938
963,left road,963,1.79500007629395,0.0,6.79999971389771,1.85000002384186,0.0,-0.15000000596046,1.79500007629395,0.0,6.79999971389771,6.15136003494263,1.20477890968323,-1.33936309814453,6.12450313568115,1.19735145568848,-1.2891833782196,"(6.124503, 1.197351, -1.289183)",EyeArea,9.310133934021,0.1,6.15136003494263,1.20477890968323,-1.33936309814453,0.00003628125675,90.3817622677577,0.00000323313938
964,left road,964,1.8950001001358,0.0,6.79999971389771,1.95000004768372,0.0,-0.15000000596046,1.8950001001358,0.0,6.79999971389771,6.15136003494263,1.20477890968323,-1.33936309814453,6.12512111663818,1.19735193252563,-1.28918755054474,"(6.125121, 1.197352, -1.289188)",EyeArea,9.26376342773438,0.1,6.15136003494263,1.20477890968323,-1.33936309814453,0.00003628125675,90.3817622677577,0.00000323313938
965,left road,965,1.99500000476837,0.0,6.79999971389771,2.04999995231628,0.0,-0.15000000596046,1.99500000476837,0.0,6.79999971389771,6.15136003494263,1.20477890968323,-1.33936309814453,6.12573909759521,1.19735252857208,-1.28919160366058,"(6.125739, 1.197353, -1.289192)",EyeArea,9.21824550628662,0.1,6.15136003494263,1.20477890968323,-1.33936309814453,0.00003628125675,90.3817622677577,0.00000323313938
966,left road,966,2.09500002861023,0.0,6.79999971389771,2.15000009536743,0.0,-0.15000000596046,2.09500002861023,0.0,6.79999971389771,6.15136003494263,1.20477890968323,-1.33936309814453,6.12635898590088,1.19735336303711,-1.28919577598572,"(6.126359, 1.197353, -1.289196)",EyeArea,9.17359066009521,0.1,6.15136003494263,1.20477890968323,-1.33936309814453,0.00003628125675,90.3817622677577,0.00000323313938
967,left road,967,2.1949999332428,0.0,6.79999971389771,2.25,0.0,-0.15000000596046,2.1949999332428,0.0,6.79999971389771,6.15136003494263,1.20477890968323,-1.33936309814453,6.12697601318359,1.19735372066498,-1.28919994831085,"(6.126976, 1.197354, -1.2892)",EyeArea,9.12981414794922,0.1,6.15136003494263,1.20477890968323,-1.33936309814453,0.00003628125675,90.3817622677577,0.00000323313938
968,left road,968,2.29499983787537,0.0,6.79999971389771,2.34999990463257,0.0,-0.15000000596046,2.29499983787537,0.0,6.79999971389771,6.15136003494263,1.20477890968323,-1.33936309814453,6.12759447097778,1.19735443592072,-1.2892040014267,"(6.127594, 1.197354, -1.289204)",EyeArea,9.08692646026611,0.1,6.15136003494263,1.20477890968323,-1.33936309814453,0.00003628125675,90.3817622677577,0.00000323313938
969,left road,969,2.39499998092651,0.0,6.79999971389771,2.45000004768372,0.0,-0.15000000596046,2.39499998092651,0.0,6.79999971389771,6.15136003494263,1.20477890968323,-1.33936309814453,6.12821292877197,1.19735515117645,-1.28920817375183,"(6.128213, 1.197355, -1.289208)",EyeArea,9.04494094848633,0.1,6.15136003494263,1.20477890968323,-1.33936309814453,0.00003628125675,90.3817622677577,0.00000323313938
970,left road,970,2.49499988555908,0.0,6.79999971389771,2.54999995231628,0.0,-0.15000000596046,2.49499988555908,0.0,6.79999971389771,6.15136003494263,1.20477890968323,-1.33936309814453,6.128830909729,1.19735562801361,-1.28921222686768,"(6.128831, 1.197356, -1.289212)",EyeArea,9.00387096405029,0.1,6.15136003494263,1.20477890968323,-1.33936309814453,0.00003628125675,90.3817622677577,0.00000323313938
971,left road,971,2.59500002861023,0.0,6.79999971389771,2.65000009536743,0.0,-0.15000000596046,2.59500002861023,0.0,6.79999971389771,6.15136003494263,1.20477890968323,-1.33936309814453,6.12944889068604,1.19735622406006,-1.28921639919281,"(6.129449, 1.197356, -1.289216)",EyeArea,8.9637279510498,0.1,6.15136003494263,1.20477890968323,-1.33936309814453,0.00003628125675,90.3817622677577,0.00000323313938
972,left road,972,2.6949999332428,0.0,6.79999971389771,2.75,0.0,-0.15000000596046,2.6949999332428,0.0,6.79999971389771,6.15136003494263,1.20477890968323,-1.33936309814453,6.13006734848022,1.19735705852509,-1.28922045230865,"(6.130067, 1.197357, -1.28922)",EyeArea,8.92452430725098,0.1,6.15136003494263,1.20477890968323,-1.33936309814453,0.00003628125675,90.3817622677577,0.00000323313938
973,left road,973,2.79499983787537,0.0,6.79999971389771,2.84999990463257,0.0,-0.15000000596046,2.79499983787537,0.0,6.79999971389771,6.15136003494263,1.20477890968323,-1.33936309814453,6.13068437576294,1.19735741615295,-1.28922462463379,"(6.130684, 1.197357, -1.289225)",EyeArea,8.88627433776855,0.1,6.15136003494263,1.20477890968323,-1.33936309814453,0.00003628125675,90.3817622677577,0.00000323313938
974,left road,974,2.89499998092651,0.0,6.79999971389771,2.95000004768372,0.0,-0.15000000596046,2.89499998092651,0.0,6.79999971389771,6.15136003494263,1.20477890968323,-1.33936309814453,6.13130235671997,1.19735813140869,-1.28922867774963,"(6.131302, 1.197358, -1.289229)",EyeArea,8.84898853302002,0.1,6.15136003494263,1.20477890968323,-1.33936309814453,0.00003628125675,90.3817622677577,0.00000323313938
975,left road,975,2.99499988555908,0.0,6.79999971389771,3.04999995231628,0.0,-0.15000000596046,2.99499988555908,0.0,6.79999971389771,6.15136003494263,1.20477890968323,-1.33936309814453,6.13191986083984,1.19735884666443,-1.28923285007477,"(6.13192, 1.197359, -1.289233)",EyeArea,8.81267929077148,0.1,6.15136003494263,1.20477890968323,-1.33936309814453,0.00003628125675,90.3817622677577,0.00000323313938
976,left road,976,3.09500002861023,0.0,6.79999971389771,3.15000009536743,0.0,-0.15000000596046,3.09500002861023,0.0,6.79999971389771,6.15136003494263,1.20477890968323,-1.33936309814453,6.13253688812256,1.19735932350159,-1.28923690319061,"(6.132537, 1.197359, -1.289237)",EyeArea,8.77735996246338,0.1,6.15136003494263,1.20477890968323,-1.33936309814453,0.00003628125675,90.3817622677577,0.00000323313938
977,left road,977,3.1949999332428,0.0,6.79999971389771,3.25,0.0,-0.15000000596046,3.1949999332428,0.0,6.79999971389771,6.15136003494263,1.20477890968323,-1.33936309814453,6.13315439224243,1.19735991954803,-1.28924107551575,"(6.133154, 1.19736, -1.289241)",EyeArea,8.7430419921875,0.1,6.15136003494263,1.20477890968323,-1.33936309814453,0.00003628125675,90.3817622677577,0.00000323313938
978,left road,978,3.29499983787537,0.0,6.79999971389771,3.34999990463257,0.0,-0.15000000596046,3.29499983787537,0.0,6.79999971389771,6.15136003494263,1.20477890968323,-1.33936309814453,6.1337718963623,1.19736063480377,-1.28924512863159,"(6.133772, 1.197361, -1.289245)",EyeArea,8.70973587036133,0.1,6.15136003494263,1.20477890968323,-1.33936309814453,0.00003628125675,90.3817622677577,0.00000323313938
979,left road,979,3.39499998092651,0.0,6.79999971389771,3.45000004768372,0.0,-0.15000000596046,3.39499998092651,0.0,6.79999971389771,6.15136003494263,1.20477890968323,-1.33936309814453,6.13438844680786,1.19736111164093,-1.28924930095673,"(6.134388, 1.197361, -1.289249)",EyeArea,8.67745590209961,0.1,6.15136003494263,1.20477890968323,-1.33936309814453,0.00003628125675,90.3817622677577,0.00000323313938
980,left road,980,-3.50500011444092,0.0,6.89999961853027,-3.45000004768372,0.0,-0.05000000074506,-3.50500011444092,0.0,6.89999961853027,6.15136003494263,1.20477890968323,-1.33936309814453,6.10164213180542,1.19857585430145,-1.29694092273712,"(6.101642, 1.198576, -1.296941)",EyeArea,12.7508392333984,0.1,6.15136003494263,1.20477890968323,-1.33936309814453,0.00003628125675,90.3817622677577,0.00000323313938
981,left road,981,-3.40499997138977,0.0,6.89999961853027,-3.34999990463257,0.0,-0.05000000074506,-3.40499997138977,0.0,6.89999961853027,6.15136003494263,1.20477890968323,-1.33936309814453,6.10164499282837,1.19851124286652,-1.29649937152863,"(6.101645, 1.198511, -1.296499)",EyeArea,12.6752758026123,0.1,6.15136003494263,1.20477890968323,-1.33936309814453,0.00003628125675,90.3817622677577,0.00000323313938
982,left road,982,-3.3050000667572,0.0,6.89999961853027,-3.25,0.0,-0.05000000074506,-3.3050000667572,0.0,6.89999961853027,6.15136003494263,1.20477890968323,-1.33936309814453,5.5942006111145,1.13379454612732,-0.85390889644623,"(5.594201, 1.133795, -0.853909)",truck body CS,12.6000528335571,0.1,6.15136003494263,1.20477890968323,-1.33936309814453,0.00003628125675,90.3817622677577,0.00000323313938
983,left road,983,-3.20500016212463,0.0,6.89999961853027,-3.15000009536743,0.0,-0.05000000074506,-3.20500016212463,0.0,6.89999961853027,6.15136003494263,1.20477890968323,-1.33936309814453,5.59269571304321,1.13284206390381,-0.84739404916763,"(5.592696, 1.132842, -0.847394)",truck body CS,12.5251770019531,0.1,6.15136003494263,1.20477890968323,-1.33936309814453,0.00003628125675,90.3817622677577,0.00000323313938
984,left road,984,-3.10500001907349,0.0,6.89999961853027,-3.04999995231628,0.0,-0.05000000074506,-3.10500001907349,0.0,6.89999961853027,6.15136003494263,1.20477890968323,-1.33936309814453,5.59138107299805,1.13189387321472,-0.84090912342072,"(5.591381, 1.131894, -0.840909)",truck body CS,12.4506549835205,0.1,6.15136003494263,1.20477890968323,-1.33936309814453,0.00003628125675,90.3817622677577,0.00000323313938
985,left road,985,-3.00500011444092,0.0,6.89999961853027,-2.95000004768372,0.0,-0.05000000074506,-3.00500011444092,0.0,6.89999961853027,6.15136003494263,1.20477890968323,-1.33936309814453,5.59142017364502,1.13110291957855,-0.83550006151199,"(5.59142, 1.131103, -0.8355)",truck body CS,12.3764915466309,0.1,6.15136003494263,1.20477890968323,-1.33936309814453,0.00003628125675,90.3817622677577,0.00000323313938
986,left road,986,-2.90499997138977,0.0,6.89999961853027,-2.84999990463257,0.0,-0.05000000074506,-2.90499997138977,0.0,6.89999961853027,6.15136003494263,1.20477890968323,-1.33936309814453,5.59146356582642,1.13029515743256,-0.82997566461563,"(5.591464, 1.130295, -0.829976)",truck body CS,12.3026933670044,0.1,6.15136003494263,1.20477890968323,-1.33936309814453,0.00003628125675,90.3817622677577,0.00000323313938
987,left road,987,-2.8050000667572,0.0,6.89999961853027,-2.75,0.0,-0.05000000074506,-2.8050000667572,0.0,6.89999961853027,6.15136003494263,1.20477890968323,-1.33936309814453,5.59150314331055,1.12946891784668,-0.82432556152344,"(5.591503, 1.129469, -0.824326)",truck body CS,12.2292671203613,0.1,6.15136003494263,1.20477890968323,-1.33936309814453,0.00003628125675,90.3817622677577,0.00000323313938
988,left road,988,-2.70500016212463,0.0,6.89999961853027,-2.65000009536743,0.0,-0.05000000074506,-2.70500016212463,0.0,6.89999961853027,6.15136003494263,1.20477890968323,-1.33936309814453,5.59154844284058,1.12862467765808,-0.81855219602585,"(5.591548, 1.128625, -0.818552)",truck body CS,12.1562213897705,0.1,6.15136003494263,1.20477890968323,-1.33936309814453,0.00003628125675,90.3817622677577,0.00000323313938
989,left road,989,-2.60500001907349,0.0,6.89999961853027,-2.54999995231628,0.0,-0.05000000074506,-2.60500001907349,0.0,6.89999961853027,6.15136003494263,1.20477890968323,-1.33936309814453,5.59159135818481,1.127760887146,-0.81264507770538,"(5.591591, 1.127761, -0.812645)",truck body CS,12.0835609436035,0.1,6.15136003494263,1.20477890968323,-1.33936309814453,0.00003628125675,90.3817622677577,0.00000323313938
990,left road,990,-2.50500011444092,0.0,6.89999961853027,-2.45000004768372,0.0,-0.05000000074506,-2.50500011444092,0.0,6.89999961853027,6.15136003494263,1.20477890968323,-1.33936309814453,5.5921483039856,1.126948595047,-0.80708998441696,"(5.592148, 1.126949, -0.80709)",truck body CS,12.0112934112549,0.1,6.15136003494263,1.20477890968323,-1.33936309814453,0.00003628125675,90.3817622677577,0.00000323313938
991,left road,991,-2.40499997138977,0.0,6.89999961853027,-2.34999990463257,0.0,-0.05000000074506,-2.40499997138977,0.0,6.89999961853027,6.15136003494263,1.20477890968323,-1.33936309814453,5.59370994567871,1.12625885009766,-0.80237281322479,"(5.59371, 1.126259, -0.802373)",truck body CS,11.9394264221191,0.1,6.15136003494263,1.20477890968323,-1.33936309814453,0.00003628125675,90.3817622677577,0.00000323313938
992,left road,992,-2.3050000667572,0.0,6.89999961853027,-2.25,0.0,-0.05000000074506,-2.3050000667572,0.0,6.89999961853027,6.15136003494263,1.20477890968323,-1.33936309814453,5.59530115127563,1.12555706501007,-0.79757344722748,"(5.595301, 1.125557, -0.797573)",truck body CS,11.8679656982422,0.1,6.15136003494263,1.20477890968323,-1.33936309814453,0.00003628125675,90.3817622677577,0.00000323313938
993,left road,993,-2.20500016212463,0.0,6.89999961853027,-2.15000009536743,0.0,-0.05000000074506,-2.20500016212463,0.0,6.89999961853027,6.15136003494263,1.20477890968323,-1.33936309814453,5.5969181060791,1.12484216690063,-0.79268389940262,"(5.596918, 1.124842, -0.792684)",truck body CS,11.7969217300415,0.1,6.15136003494263,1.20477890968323,-1.33936309814453,0.00003628125675,90.3817622677577,0.00000323313938
994,left road,994,-2.10500001907349,0.0,6.89999961853027,-2.04999995231628,0.0,-0.05000000074506,-2.10500001907349,0.0,6.89999961853027,6.15136003494263,1.20477890968323,-1.33936309814453,5.5985689163208,1.12411499023438,-0.78770977258682,"(5.598569, 1.124115, -0.78771)",truck body CS,11.7262983322144,0.1,6.15136003494263,1.20477890968323,-1.33936309814453,0.00003628125675,90.3817622677577,0.00000323313938
995,left road,995,-2.00500011444092,0.0,6.89999961853027,-1.95000004768372,0.0,-0.05000000074506,-2.00500011444092,0.0,6.89999961853027,6.15136003494263,1.20477890968323,-1.33936309814453,5.60024547576904,1.12337350845337,-0.78263938426971,"(5.600245, 1.123374, -0.782639)",truck body CS,11.6561059951782,0.1,6.15136003494263,1.20477890968323,-1.33936309814453,0.00003628125675,90.3817622677577,0.00000323313938
996,left road,996,-1.90499997138977,0.0,6.89999961853027,-1.85000002384186,0.0,-0.05000000074506,-1.90499997138977,0.0,6.89999961853027,6.15136003494263,1.20477890968323,-1.33936309814453,5.60311079025269,1.12279152870178,-0.77866023778915,"(5.603111, 1.122792, -0.77866)",truck body CS,11.5863513946533,0.1,6.15136003494263,1.20477890968323,-1.33936309814453,0.00003628125675,90.3817622677577,0.00000323313938
997,left road,997,-1.80499994754791,0.0,6.89999961853027,-1.75,0.0,-0.05000000074506,-1.80499994754791,0.0,6.89999961853027,6.15136003494263,1.20477890968323,-1.33936309814453,5.60627174377441,1.12223982810974,-0.774886906147,"(5.606272, 1.12224, -0.774887)",truck body CS,11.5170412063599,0.1,6.15136003494263,1.20477890968323,-1.33936309814453,0.00003628125675,90.3817622677577,0.00000323313938
998,left road,998,-1.70499992370605,0.0,6.89999961853027,-1.64999997615814,0.0,-0.05000000074506,-1.70499992370605,0.0,6.89999961853027,6.15136003494263,1.20477890968323,-1.33936309814453,5.60947751998901,1.12168097496033,-0.77106446027756,"(5.609478, 1.121681, -0.771064)",truck body CS,11.4481868743896,0.1,6.15136003494263,1.20477890968323,-1.33936309814453,0.00003628125675,90.3817622677577,0.00000323313938
999,left road,999,-1.6049998998642,0.0,6.89999961853027,-1.54999995231628,0.0,-0.05000000074506,-1.6049998998642,0.0,6.89999961853027,6.15136003494263,1.20477890968323,-1.33936309814453,5.61272764205933,1.1211142539978,-0.7671891450882,"(5.612728, 1.121114, -0.767189)",truck body CS,11.3797941207886,0.1,6.15136003494263,1.20477890968323,-1.33936309814453,0.00003628125675,90.3817622677577,0.00000323313938
1000,left road,1000,-1.50499999523163,0.0,6.89999961853027,-1.45000004768372,0.0,-0.05000000074506,-1.50499999523163,0.0,6.89999961853027,6.15136003494263,1.20477890968323,-1.33936309814453,5.61602067947388,1.12053978443146,-0.76326042413712,"(5.616021, 1.12054, -0.76326)",truck body CS,11.3118715286255,0.1,6.15136003494263,1.20477890968323,-1.33936309814453,0.00003628125675,90.3817622677577,0.00000323313938
1001,left road,1001,-1.40499997138977,0.0,6.89999961853027,-1.35000002384186,0.0,-0.05000000074506,-1.40499997138977,0.0,6.89999961853027,6.15136003494263,1.20477890968323,-1.33936309814453,5.61936044692993,1.11995720863342,-0.75927656888962,"(5.61936, 1.119957, -0.759277)",truck body CS,11.2444286346436,0.1,6.15136003494263,1.20477890968323,-1.33936309814453,0.00003628125675,90.3817622677577,0.00000323313938
1002,left road,1002,-1.30499994754791,0.0,6.89999961853027,-1.25,0.0,-0.05000000074506,-1.30499994754791,0.0,6.89999961853027,6.15136003494263,1.20477890968323,-1.33936309814453,5.62274503707886,1.11936688423157,-0.75523799657822,"(5.622745, 1.119367, -0.755238)",truck body CS,11.1774730682373,0.1,6.15136003494263,1.20477890968323,-1.33936309814453,0.00003628125675,90.3817622677577,0.00000323313938
1003,left road,1003,-1.20499992370605,0.0,6.89999961853027,-1.14999997615814,0.0,-0.05000000074506,-1.20499992370605,0.0,6.89999961853027,6.15136003494263,1.20477890968323,-1.33936309814453,5.62617874145508,1.11876797676086,-0.75114363431931,"(5.626179, 1.118768, -0.751144)",truck body CS,11.1110134124756,0.1,6.15136003494263,1.20477890968323,-1.33936309814453,0.00003628125675,90.3817622677577,0.00000323313938
1004,left road,1004,-1.1049998998642,0.0,6.89999961853027,-1.04999995231628,0.0,-0.05000000074506,-1.1049998998642,0.0,6.89999961853027,6.15136003494263,1.20477890968323,-1.33936309814453,5.62966060638428,1.11816084384918,-0.7469909787178,"(5.629661, 1.118161, -0.746991)",truck body CS,11.0450601577759,0.1,6.15136003494263,1.20477890968323,-1.33936309814453,0.00003628125675,90.3817622677577,0.00000323313938
1005,left road,1005,-1.00499999523163,0.0,6.89999961853027,-0.94999998807907,0.0,-0.05000000074506,-1.00499999523163,0.0,6.89999961853027,6.15136003494263,1.20477890968323,-1.33936309814453,5.63319206237793,1.11754512786865,-0.74277949333191,"(5.633192, 1.117545, -0.742779)",truck body CS,10.9796209335327,0.1,6.15136003494263,1.20477890968323,-1.33936309814453,0.00003628125675,90.3817622677577,0.00000323313938
1006,left road,1006,-0.90500003099442,0.0,6.89999961853027,-0.85000002384186,0.0,-0.05000000074506,-0.90500003099442,0.0,6.89999961853027,6.15136003494263,1.20477890968323,-1.33936309814453,5.63677310943604,1.11692023277283,-0.73850601911545,"(5.636773, 1.11692, -0.738506)",truck body CS,10.9147062301636,0.1,6.15136003494263,1.20477890968323,-1.33936309814453,0.00003628125675,90.3817622677577,0.00000323313938
1007,left road,1007,-0.80500000715256,0.0,6.89999961853027,-0.75,0.0,-0.05000000074506,-0.80500000715256,0.0,6.89999961853027,6.15136003494263,1.20477890968323,-1.33936309814453,5.64040660858154,1.11628651618958,-0.73417192697525,"(5.640407, 1.116287, -0.734172)",truck body CS,10.8503246307373,0.1,6.15136003494263,1.20477890968323,-1.33936309814453,0.00003628125675,90.3817622677577,0.00000323313938
1008,left road,1008,-0.7049999833107,0.0,6.89999961853027,-0.64999997615814,0.0,-0.05000000074506,-0.7049999833107,0.0,6.89999961853027,6.15136003494263,1.20477890968323,-1.33936309814453,5.64409208297729,1.11564338207245,-0.7297739982605,"(5.644092, 1.115643, -0.729774)",truck body CS,10.7864856719971,0.1,6.15136003494263,1.20477890968323,-1.33936309814453,0.00003628125675,90.3817622677577,0.00000323313938
1009,left road,1009,-0.60500001907349,0.0,6.89999961853027,-0.55000001192093,0.0,-0.05000000074506,-0.60500001907349,0.0,6.89999961853027,6.15136003494263,1.20477890968323,-1.33936309814453,5.64783000946045,1.11499047279358,-0.72530937194824,"(5.64783, 1.11499, -0.725309)",truck body CS,10.723198890686,0.1,6.15136003494263,1.20477890968323,-1.33936309814453,0.00003628125675,90.3817622677577,0.00000323313938
1010,left road,1010,-0.50499999523163,0.0,6.89999961853027,-0.44999998807907,0.0,-0.05000000074506,-0.50499999523163,0.0,6.89999961853027,6.15136003494263,1.20477890968323,-1.33936309814453,5.65162229537964,1.11432814598084,-0.72077858448029,"(5.651622, 1.114328, -0.720779)",truck body CS,10.6604747772217,0.1,6.15136003494263,1.20477890968323,-1.33936309814453,0.00003628125675,90.3817622677577,0.00000323313938
1011,left road,1011,-0.40500000119209,0.0,6.89999961853027,-0.34999999403954,0.0,-0.05000000074506,-0.40500000119209,0.0,6.89999961853027,6.15136003494263,1.20477890968323,-1.33936309814453,5.65547180175781,1.11365580558777,-0.71618235111237,"(5.655472, 1.113656, -0.716182)",truck body CS,10.5983228683472,0.1,6.15136003494263,1.20477890968323,-1.33936309814453,0.00003628125675,90.3817622677577,0.00000323313938
1012,left road,1012,-0.30500000715256,0.0,6.89999961853027,-0.25,0.0,-0.05000000074506,-0.30500000715256,0.0,6.89999961853027,6.15136003494263,1.20477890968323,-1.33936309814453,5.65937900543213,1.11297369003296,-0.71151673793793,"(5.659379, 1.112974, -0.711517)",truck body CS,10.53675365448,0.1,6.15136003494263,1.20477890968323,-1.33936309814453,0.00003628125675,90.3817622677577,0.00000323313938
1013,left road,1013,-0.20500001311302,0.0,6.89999961853027,-0.15000000596046,0.0,-0.05000000074506,-0.20500001311302,0.0,6.89999961853027,6.15136003494263,1.20477890968323,-1.33936309814453,5.66334390640259,1.11228084564209,-0.70677900314331,"(5.663344, 1.112281, -0.706779)",truck body CS,10.4757766723633,0.1,6.15136003494263,1.20477890968323,-1.33936309814453,0.00003628125675,90.3817622677577,0.00000323313938
1014,left road,1014,-0.10500000417233,0.0,6.89999961853027,-0.05000000074506,0.0,-0.05000000074506,-0.10500000417233,0.0,6.89999961853027,6.15136003494263,1.20477890968323,-1.33936309814453,5.66780471801758,1.11166131496429,-0.70254194736481,"(5.667805, 1.111661, -0.702542)",truck body CS,10.4154033660889,0.1,6.15136003494263,1.20477890968323,-1.33936309814453,0.00003628125675,90.3817622677577,0.00000323313938
1015,left road,1015,-0.00499999895692,0.0,6.89999961853027,0.05000000074506,0.0,-0.05000000074506,-0.00499999895692,0.0,6.89999961853027,6.15136003494263,1.20477890968323,-1.33936309814453,5.67630195617676,1.111811876297,-0.70357012748718,"(5.676302, 1.111812, -0.70357)",truck body CS,10.3556442260742,0.1,6.15136003494263,1.20477890968323,-1.33936309814453,0.00003628125675,90.3817622677577,0.00000323313938
1016,left road,1016,0.09500000625849,0.0,6.89999961853027,0.15000000596046,0.0,-0.05000000074506,0.09500000625849,0.0,6.89999961853027,6.15136003494263,1.20477890968323,-1.33936309814453,5.6847710609436,1.11196136474609,-0.70459342002869,"(5.684771, 1.111961, -0.704593)",truck body CS,10.2965087890625,0.1,6.15136003494263,1.20477890968323,-1.33936309814453,0.00003628125675,90.3817622677577,0.00000323313938
1017,left road,1017,0.19499999284744,0.0,6.89999961853027,0.25,0.0,-0.05000000074506,0.19499999284744,0.0,6.89999961853027,6.15136003494263,1.20477890968323,-1.33936309814453,5.69321489334106,1.11211109161377,-0.70561695098877,"(5.693215, 1.112111, -0.705617)",truck body CS,10.2380084991455,0.1,6.15136003494263,1.20477890968323,-1.33936309814453,0.00003628125675,90.3817622677577,0.00000323313938
1018,left road,1018,0.29499998688698,0.0,6.89999961853027,0.34999999403954,0.0,-0.05000000074506,0.29499998688698,0.0,6.89999961853027,6.15136003494263,1.20477890968323,-1.33936309814453,5.70163154602051,1.11226010322571,-0.70663619041443,"(5.701632, 1.11226, -0.706636)",truck body CS,10.180154800415,0.1,6.15136003494263,1.20477890968323,-1.33936309814453,0.00003628125675,90.3817622677577,0.00000323313938
1019,left road,1019,0.39499998092651,0.0,6.89999961853027,0.44999998807907,0.0,-0.05000000074506,0.39499998092651,0.0,6.89999961853027,6.15136003494263,1.20477890968323,-1.33936309814453,5.70930004119873,1.1122579574585,-0.70662200450897,"(5.7093, 1.112258, -0.706622)",truck body CS,10.1229581832886,0.1,6.15136003494263,1.20477890968323,-1.33936309814453,0.00003628125675,90.3817622677577,0.00000323313938
1020,left road,1020,0.49500000476837,0.0,6.89999961853027,0.55000001192093,0.0,-0.05000000074506,0.49500000476837,0.0,6.89999961853027,6.15136003494263,1.20477890968323,-1.33936309814453,5.72124671936035,1.11316680908203,-0.71283781528473,"(5.721247, 1.113167, -0.712838)",truck body CS,10.0664291381836,0.1,6.15136003494263,1.20477890968323,-1.33936309814453,0.00003628125675,90.3817622677577,0.00000323313938
1021,left road,1021,0.59499996900558,0.0,6.89999961853027,0.64999997615814,0.0,-0.05000000074506,0.59499996900558,0.0,6.89999961853027,6.15136003494263,1.20477890968323,-1.33936309814453,6.11748886108398,1.19743466377258,-1.2891366481781,"(6.117489, 1.197435, -1.289137)",EyeArea,10.0105810165405,0.1,6.15136003494263,1.20477890968323,-1.33936309814453,0.00003628125675,90.3817622677577,0.00000323313938
1022,left road,1022,0.69499999284744,0.0,6.89999961853027,0.75,0.0,-0.05000000074506,0.69499999284744,0.0,6.89999961853027,6.15136003494263,1.20477890968323,-1.33936309814453,6.11810111999512,1.19743525981903,-1.28914082050323,"(6.118101, 1.197435, -1.289141)",EyeArea,9.95542335510254,0.1,6.15136003494263,1.20477890968323,-1.33936309814453,0.00003628125675,90.3817622677577,0.00000323313938
1023,left road,1023,0.7950000166893,0.0,6.89999961853027,0.85000002384186,0.0,-0.05000000074506,0.7950000166893,0.0,6.89999961853027,6.15136003494263,1.20477890968323,-1.33936309814453,6.11871337890625,1.19743585586548,-1.28914487361908,"(6.118713, 1.197436, -1.289145)",EyeArea,9.90096855163574,0.1,6.15136003494263,1.20477890968323,-1.33936309814453,0.00003628125675,90.3817622677577,0.00000323313938
1024,left road,1024,0.89499998092651,0.0,6.89999961853027,0.94999998807907,0.0,-0.05000000074506,0.89499998092651,0.0,6.89999961853027,6.15136003494263,1.20477890968323,-1.33936309814453,6.11932563781738,1.19743645191193,-1.28914892673492,"(6.119326, 1.197436, -1.289149)",EyeArea,9.84722900390625,0.1,6.15136003494263,1.20477890968323,-1.33936309814453,0.00003628125675,90.3817622677577,0.00000323313938
1025,left road,1025,0.99499994516373,0.0,6.89999961853027,1.04999995231628,0.0,-0.05000000074506,0.99499994516373,0.0,6.89999961853027,6.15136003494263,1.20477890968323,-1.33936309814453,6.11993741989136,1.19743704795837,-1.28915297985077,"(6.119937, 1.197437, -1.289153)",EyeArea,9.79421520233154,0.1,6.15136003494263,1.20477890968323,-1.33936309814453,0.00003628125675,90.3817622677577,0.00000323313938
1026,left road,1026,1.09500002861023,0.0,6.89999961853027,1.14999997615814,0.0,-0.05000000074506,1.09500002861023,0.0,6.89999961853027,6.15136003494263,1.20477890968323,-1.33936309814453,6.12055015563965,1.19743764400482,-1.28915703296661,"(6.12055, 1.197438, -1.289157)",EyeArea,9.74193859100342,0.1,6.15136003494263,1.20477890968323,-1.33936309814453,0.00003628125675,90.3817622677577,0.00000323313938
1027,left road,1027,1.19500005245209,0.0,6.89999961853027,1.25,0.0,-0.05000000074506,1.19500005245209,0.0,6.89999961853027,6.15136003494263,1.20477890968323,-1.33936309814453,6.12116098403931,1.19743824005127,-1.28916120529175,"(6.121161, 1.197438, -1.289161)",EyeArea,9.6904125213623,0.1,6.15136003494263,1.20477890968323,-1.33936309814453,0.00003628125675,90.3817622677577,0.00000323313938
1028,left road,1028,1.29500007629395,0.0,6.89999961853027,1.35000002384186,0.0,-0.05000000074506,1.29500007629395,0.0,6.89999961853027,6.15136003494263,1.20477890968323,-1.33936309814453,6.12177324295044,1.19743883609772,-1.28916525840759,"(6.121773, 1.197439, -1.289165)",EyeArea,9.6396484375,0.1,6.15136003494263,1.20477890968323,-1.33936309814453,0.00003628125675,90.3817622677577,0.00000323313938
1029,left road,1029,1.3950001001358,0.0,6.89999961853027,1.45000004768372,0.0,-0.05000000074506,1.3950001001358,0.0,6.89999961853027,6.15136003494263,1.20477890968323,-1.33936309814453,6.12238454818726,1.19743943214417,-1.28916931152344,"(6.122385, 1.197439, -1.289169)",EyeArea,9.58965873718262,0.1,6.15136003494263,1.20477890968323,-1.33936309814453,0.00003628125675,90.3817622677577,0.00000323313938
1030,left road,1030,1.49500000476837,0.0,6.89999961853027,1.54999995231628,0.0,-0.05000000074506,1.49500000476837,0.0,6.89999961853027,6.15136003494263,1.20477890968323,-1.33936309814453,6.12299585342407,1.19744002819061,-1.28917336463928,"(6.122996, 1.19744, -1.289173)",EyeArea,9.54045486450195,0.1,6.15136003494263,1.20477890968323,-1.33936309814453,0.00003628125675,90.3817622677577,0.00000323313938
1031,left road,1031,1.59500002861023,0.0,6.89999961853027,1.64999997615814,0.0,-0.05000000074506,1.59500002861023,0.0,6.89999961853027,6.15136003494263,1.20477890968323,-1.33936309814453,6.12360811233521,1.19744062423706,-1.28917741775513,"(6.123608, 1.197441, -1.289177)",EyeArea,9.49205017089844,0.1,6.15136003494263,1.20477890968323,-1.33936309814453,0.00003628125675,90.3817622677577,0.00000323313938
1032,left road,1032,1.69500005245209,0.0,6.89999961853027,1.75,0.0,-0.05000000074506,1.69500005245209,0.0,6.89999961853027,6.15136003494263,1.20477890968323,-1.33936309814453,6.12421894073486,1.19744122028351,-1.28918147087097,"(6.124219, 1.197441, -1.289181)",EyeArea,9.44445514678955,0.1,6.15136003494263,1.20477890968323,-1.33936309814453,0.00003628125675,90.3817622677577,0.00000323313938
1033,left road,1033,1.79500007629395,0.0,6.89999961853027,1.85000002384186,0.0,-0.05000000074506,1.79500007629395,0.0,6.89999961853027,6.15136003494263,1.20477890968323,-1.33936309814453,6.12483024597168,1.19744181632996,-1.28918564319611,"(6.12483, 1.197442, -1.289186)",EyeArea,9.39768409729004,0.1,6.15136003494263,1.20477890968323,-1.33936309814453,0.00003628125675,90.3817622677577,0.00000323313938
1034,left road,1034,1.8950001001358,0.0,6.89999961853027,1.95000004768372,0.0,-0.05000000074506,1.8950001001358,0.0,6.89999961853027,6.15136003494263,1.20477890968323,-1.33936309814453,6.12544107437134,1.1974424123764,-1.28918969631195,"(6.125441, 1.197442, -1.28919)",EyeArea,9.3517484664917,0.1,6.15136003494263,1.20477890968323,-1.33936309814453,0.00003628125675,90.3817622677577,0.00000323313938
1035,left road,1035,1.99500000476837,0.0,6.89999961853027,2.04999995231628,0.0,-0.05000000074506,1.99500000476837,0.0,6.89999961853027,6.15136003494263,1.20477890968323,-1.33936309814453,6.126051902771,1.19744300842285,-1.2891937494278,"(6.126052, 1.197443, -1.289194)",EyeArea,9.30665969848633,0.1,6.15136003494263,1.20477890968323,-1.33936309814453,0.00003628125675,90.3817622677577,0.00000323313938
1036,left road,1036,2.09500002861023,0.0,6.89999961853027,2.15000009536743,0.0,-0.05000000074506,2.09500002861023,0.0,6.89999961853027,6.15136003494263,1.20477890968323,-1.33936309814453,6.12666320800781,1.1974436044693,-1.28919780254364,"(6.126663, 1.197444, -1.289198)",EyeArea,9.26243209838867,0.1,6.15136003494263,1.20477890968323,-1.33936309814453,0.00003628125675,90.3817622677577,0.00000323313938
1037,left road,1037,2.1949999332428,0.0,6.89999961853027,2.25,0.0,-0.05000000074506,2.1949999332428,0.0,6.89999961853027,6.15136003494263,1.20477890968323,-1.33936309814453,6.12727355957031,1.19744420051575,-1.28920185565948,"(6.127274, 1.197444, -1.289202)",EyeArea,9.21907711029053,0.1,6.15136003494263,1.20477890968323,-1.33936309814453,0.00003628125675,90.3817622677577,0.00000323313938
1038,left road,1038,2.29499983787537,0.0,6.89999961853027,2.34999990463257,0.0,-0.05000000074506,2.29499983787537,0.0,6.89999961853027,6.15136003494263,1.20477890968323,-1.33936309814453,6.12788438796997,1.19744479656219,-1.28920590877533,"(6.127884, 1.197445, -1.289206)",EyeArea,9.17660617828369,0.1,6.15136003494263,1.20477890968323,-1.33936309814453,0.00003628125675,90.3817622677577,0.00000323313938
1039,left road,1039,2.39499998092651,0.0,6.89999961853027,2.45000004768372,0.0,-0.05000000074506,2.39499998092651,0.0,6.89999961853027,6.15136003494263,1.20477890968323,-1.33936309814453,6.12849521636963,1.19744539260864,-1.28921008110046,"(6.128495, 1.197445, -1.28921)",EyeArea,9.13503360748291,0.1,6.15136003494263,1.20477890968323,-1.33936309814453,0.00003628125675,90.3817622677577,0.00000323313938
1040,left road,1040,2.49499988555908,0.0,6.89999961853027,2.54999995231628,0.0,-0.05000000074506,2.49499988555908,0.0,6.89999961853027,6.15136003494263,1.20477890968323,-1.33936309814453,6.12910556793213,1.19744598865509,-1.28921413421631,"(6.129106, 1.197446, -1.289214)",EyeArea,9.09436988830566,0.1,6.15136003494263,1.20477890968323,-1.33936309814453,0.00003628125675,90.3817622677577,0.00000323313938
1041,left road,1041,2.59500002861023,0.0,6.89999961853027,2.65000009536743,0.0,-0.05000000074506,2.59500002861023,0.0,6.89999961853027,6.15136003494263,1.20477890968323,-1.33936309814453,6.12971591949463,1.19744658470154,-1.28921818733215,"(6.129716, 1.197447, -1.289218)",EyeArea,9.05462837219238,0.1,6.15136003494263,1.20477890968323,-1.33936309814453,0.00003628125675,90.3817622677577,0.00000323313938
1042,left road,1042,2.6949999332428,0.0,6.89999961853027,2.75,0.0,-0.05000000074506,2.6949999332428,0.0,6.89999961853027,6.15136003494263,1.20477890968323,-1.33936309814453,6.13032627105713,1.19744718074799,-1.289222240448,"(6.130326, 1.197447, -1.289222)",EyeArea,9.01582050323486,0.1,6.15136003494263,1.20477890968323,-1.33936309814453,0.00003628125675,90.3817622677577,0.00000323313938
1043,left road,1043,2.79499983787537,0.0,6.89999961853027,2.84999990463257,0.0,-0.05000000074506,2.79499983787537,0.0,6.89999961853027,6.15136003494263,1.20477890968323,-1.33936309814453,6.13093662261963,1.19744777679443,-1.28922629356384,"(6.130937, 1.197448, -1.289226)",EyeArea,8.97795867919922,0.1,6.15136003494263,1.20477890968323,-1.33936309814453,0.00003628125675,90.3817622677577,0.00000323313938
1044,left road,1044,2.89499998092651,0.0,6.89999961853027,2.95000004768372,0.0,-0.05000000074506,2.89499998092651,0.0,6.89999961853027,6.15136003494263,1.20477890968323,-1.33936309814453,6.13154649734497,1.19744837284088,-1.28923034667969,"(6.131546, 1.197448, -1.28923)",EyeArea,8.94105529785156,0.1,6.15136003494263,1.20477890968323,-1.33936309814453,0.00003628125675,90.3817622677577,0.00000323313938
1045,left road,1045,2.99499988555908,0.0,6.89999961853027,3.04999995231628,0.0,-0.05000000074506,2.99499988555908,0.0,6.89999961853027,6.15136003494263,1.20477890968323,-1.33936309814453,6.13215684890747,1.19744896888733,-1.28923439979553,"(6.132157, 1.197449, -1.289234)",EyeArea,8.90512180328369,0.1,6.15136003494263,1.20477890968323,-1.33936309814453,0.00003628125675,90.3817622677577,0.00000323313938
1046,left road,1046,3.09500002861023,0.0,6.89999961853027,3.15000009536743,0.0,-0.05000000074506,3.09500002861023,0.0,6.89999961853027,6.15136003494263,1.20477890968323,-1.33936309814453,6.13276624679565,1.19744956493378,-1.28923845291138,"(6.132766, 1.19745, -1.289238)",EyeArea,8.87017059326172,0.1,6.15136003494263,1.20477890968323,-1.33936309814453,0.00003628125675,90.3817622677577,0.00000323313938
1047,left road,1047,3.1949999332428,0.0,6.89999961853027,3.25,0.0,-0.05000000074506,3.1949999332428,0.0,6.89999961853027,6.15136003494263,1.20477890968323,-1.33936309814453,6.133376121521,1.19745016098022,-1.28924250602722,"(6.133376, 1.19745, -1.289243)",EyeArea,8.83621311187744,0.1,6.15136003494263,1.20477890968323,-1.33936309814453,0.00003628125675,90.3817622677577,0.00000323313938
1048,left road,1048,3.29499983787537,0.0,6.89999961853027,3.34999990463257,0.0,-0.05000000074506,3.29499983787537,0.0,6.89999961853027,6.15136003494263,1.20477890968323,-1.33936309814453,6.13398599624634,1.19745075702667,-1.28924655914307,"(6.133986, 1.197451, -1.289247)",EyeArea,8.80325984954834,0.1,6.15136003494263,1.20477890968323,-1.33936309814453,0.00003628125675,90.3817622677577,0.00000323313938
1049,left road,1049,3.39499998092651,0.0,6.89999961853027,3.45000004768372,0.0,-0.05000000074506,3.39499998092651,0.0,6.89999961853027,6.15136003494263,1.20477890968323,-1.33936309814453,6.13459587097168,1.19745135307312,-1.28925061225891,"(6.134596, 1.197451, -1.289251)",EyeArea,8.77132320404053,0.1,6.15136003494263,1.20477890968323,-1.33936309814453,0.00003628125675,90.3817622677577,0.00000323313938
1050,left road,1050,-3.50500011444092,0.0,7.0,-3.45000004768372,0.0,0.05000000074506,-3.50500011444092,0.0,7.0,6.15136003494263,1.20477890968323,-1.33936309814453,6.10164546966553,1.19857609272003,-1.2964278459549,"(6.101645, 1.198576, -1.296428)",EyeArea,12.8156843185425,0.1,6.15136003494263,1.20477890968323,-1.33936309814453,0.00003628125675,90.3817622677577,0.00000323313938
1051,left road,1051,-3.40499997138977,0.0,7.0,-3.34999990463257,0.0,0.05000000074506,-3.40499997138977,0.0,7.0,6.15136003494263,1.20477890968323,-1.33936309814453,6.10164833068848,1.19851160049438,-1.29598164558411,"(6.101648, 1.198512, -1.295982)",EyeArea,12.7405061721802,0.1,6.15136003494263,1.20477890968323,-1.33936309814453,0.00003628125675,90.3817622677577,0.00000323313938
1052,left road,1052,-3.3050000667572,0.0,7.0,-3.25,0.0,0.05000000074506,-3.3050000667572,0.0,7.0,6.15136003494263,1.20477890968323,-1.33936309814453,5.59521961212158,1.13392436504364,-0.84891527891159,"(5.59522, 1.133924, -0.848915)",truck body CS,12.6656713485718,0.1,6.15136003494263,1.20477890968323,-1.33936309814453,0.00003628125675,90.3817622677577,0.00000323313938
1053,left road,1053,-3.20500016212463,0.0,7.0,-3.15000009536743,0.0,0.05000000074506,-3.20500016212463,0.0,7.0,6.15136003494263,1.20477890968323,-1.33936309814453,5.59373140335083,1.13297533988953,-0.84234684705734,"(5.593731, 1.132975, -0.842347)",truck body CS,12.5911855697632,0.1,6.15136003494263,1.20477890968323,-1.33936309814453,0.00003628125675,90.3817622677577,0.00000323313938
1054,left road,1054,-3.10500001907349,0.0,7.0,-3.04999995231628,0.0,0.05000000074506,-3.10500001907349,0.0,7.0,6.15136003494263,1.20477890968323,-1.33936309814453,5.59342575073242,1.132159948349,-0.83670169115067,"(5.593426, 1.13216, -0.836702)",truck body CS,12.5170545578003,0.1,6.15136003494263,1.20477890968323,-1.33936309814453,0.00003628125675,90.3817622677577,0.00000323313938
1055,left road,1055,-3.00500011444092,0.0,7.0,-2.95000004768372,0.0,0.05000000074506,-3.00500011444092,0.0,7.0,6.15136003494263,1.20477890968323,-1.33936309814453,5.5934886932373,1.1313750743866,-0.83126842975616,"(5.593489, 1.131375, -0.831268)",truck body CS,12.4432878494263,0.1,6.15136003494263,1.20477890968323,-1.33936309814453,0.00003628125675,90.3817622677577,0.00000323313938
1056,left road,1056,-2.90499997138977,0.0,7.0,-2.84999990463257,0.0,0.05000000074506,-2.90499997138977,0.0,7.0,6.15136003494263,1.20477890968323,-1.33936309814453,5.59355115890503,1.13057291507721,-0.8257160782814,"(5.593551, 1.130573, -0.825716)",truck body CS,12.3698883056641,0.1,6.15136003494263,1.20477890968323,-1.33936309814453,0.00003628125675,90.3817622677577,0.00000323313938
1057,left road,1057,-2.8050000667572,0.0,7.0,-2.75,0.0,0.05000000074506,-2.8050000667572,0.0,7.0,6.15136003494263,1.20477890968323,-1.33936309814453,5.59361553192139,1.12975299358368,-0.82004112005234,"(5.593616, 1.129753, -0.820041)",truck body CS,12.2968635559082,0.1,6.15136003494263,1.20477890968323,-1.33936309814453,0.00003628125675,90.3817622677577,0.00000323313938
1058,left road,1058,-2.70500016212463,0.0,7.0,-2.65000009536743,0.0,0.05000000074506,-2.70500016212463,0.0,7.0,6.15136003494263,1.20477890968323,-1.33936309814453,5.59368276596069,1.12891507148743,-0.81424099206924,"(5.593683, 1.128915, -0.814241)",truck body CS,12.2242212295532,0.1,6.15136003494263,1.20477890968323,-1.33936309814453,0.00003628125675,90.3817622677577,0.00000323313938
1059,left road,1059,-2.60500001907349,0.0,7.0,-2.54999995231628,0.0,0.05000000074506,-2.60500001907349,0.0,7.0,6.15136003494263,1.20477890968323,-1.33936309814453,5.59375,1.12805795669556,-0.80830907821655,"(5.59375, 1.128058, -0.808309)",truck body CS,12.1519680023193,0.1,6.15136003494263,1.20477890968323,-1.33936309814453,0.00003628125675,90.3817622677577,0.00000323313938
1060,left road,1060,-2.50500011444092,0.0,7.0,-2.45000004768372,0.0,0.05000000074506,-2.50500011444092,0.0,7.0,6.15136003494263,1.20477890968323,-1.33936309814453,5.59445905685425,1.12727022171021,-0.80285632610321,"(5.594459, 1.12727, -0.802856)",truck body CS,12.0801095962524,0.1,6.15136003494263,1.20477890968323,-1.33936309814453,0.00003628125675,90.3817622677577,0.00000323313938
1061,left road,1061,-2.40499997138977,0.0,7.0,-2.34999990463257,0.0,0.05000000074506,-2.40499997138977,0.0,7.0,6.15136003494263,1.20477890968323,-1.33936309814453,5.59603595733643,1.12658643722534,-0.79812276363373,"(5.596036, 1.126586, -0.798123)",truck body CS,12.0086536407471,0.1,6.15136003494263,1.20477890968323,-1.33936309814453,0.00003628125675,90.3817622677577,0.00000323313938
1062,left road,1062,-2.3050000667572,0.0,7.0,-2.25,0.0,0.05000000074506,-2.3050000667572,0.0,7.0,6.15136003494263,1.20477890968323,-1.33936309814453,5.59764051437378,1.12589037418365,-0.79330456256866,"(5.597641, 1.12589, -0.793305)",truck body CS,11.9376087188721,0.1,6.15136003494263,1.20477890968323,-1.33936309814453,0.00003628125675,90.3817622677577,0.00000323313938
1063,left road,1063,-2.20500016212463,0.0,7.0,-2.15000009536743,0.0,0.05000000074506,-2.20500016212463,0.0,7.0,6.15136003494263,1.20477890968323,-1.33936309814453,5.59927320480347,1.12518179416656,-0.78839862346649,"(5.599273, 1.125182, -0.788399)",truck body CS,11.8669805526733,0.1,6.15136003494263,1.20477890968323,-1.33936309814453,0.00003628125675,90.3817622677577,0.00000323313938
1064,left road,1064,-2.10500001907349,0.0,7.0,-2.04999995231628,0.0,0.05000000074506,-2.10500001907349,0.0,7.0,6.15136003494263,1.20477890968323,-1.33936309814453,5.6009349822998,1.12446010112762,-0.78340446949005,"(5.600935, 1.12446, -0.783404)",truck body CS,11.7967767715454,0.1,6.15136003494263,1.20477890968323,-1.33936309814453,0.00003628125675,90.3817622677577,0.00000323313938
1065,left road,1065,-2.00500011444092,0.0,7.0,-1.95000004768372,0.0,0.05000000074506,-2.00500011444092,0.0,7.0,6.15136003494263,1.20477890968323,-1.33936309814453,5.60373592376709,1.12388908863068,-0.77945107221603,"(5.603736, 1.123889, -0.779451)",truck body CS,11.7270069122314,0.1,6.15136003494263,1.20477890968323,-1.33936309814453,0.00003628125675,90.3817622677577,0.00000323313938
1066,left road,1066,-1.90499997138977,0.0,7.0,-1.85000002384186,0.0,0.05000000074506,-1.90499997138977,0.0,7.0,6.15136003494263,1.20477890968323,-1.33936309814453,5.60685920715332,1.12335205078125,-0.77573484182358,"(5.606859, 1.123352, -0.775735)",truck body CS,11.657675743103,0.1,6.15136003494263,1.20477890968323,-1.33936309814453,0.00003628125675,90.3817622677577,0.00000323313938
1067,left road,1067,-1.80499994754791,0.0,7.0,-1.75,0.0,0.05000000074506,-1.80499994754791,0.0,7.0,6.15136003494263,1.20477890968323,-1.33936309814453,5.61002445220947,1.12280809879303,-0.77196949720383,"(5.610024, 1.122808, -0.771969)",truck body CS,11.5887928009033,0.1,6.15136003494263,1.20477890968323,-1.33936309814453,0.00003628125675,90.3817622677577,0.00000323313938
1068,left road,1068,-1.70499992370605,0.0,7.0,-1.64999997615814,0.0,0.05000000074506,-1.70499992370605,0.0,7.0,6.15136003494263,1.20477890968323,-1.33936309814453,5.61323213577271,1.12225663661957,-0.76815193891525,"(5.613232, 1.122257, -0.768152)",truck body CS,11.5203666687012,0.1,6.15136003494263,1.20477890968323,-1.33936309814453,0.00003628125675,90.3817622677577,0.00000323313938
1069,left road,1069,-1.6049998998642,0.0,7.0,-1.54999995231628,0.0,0.05000000074506,-1.6049998998642,0.0,7.0,6.15136003494263,1.20477890968323,-1.33936309814453,5.61648511886597,1.12169790267944,-0.76428461074829,"(5.616485, 1.121698, -0.764285)",truck body CS,11.4524059295654,0.1,6.15136003494263,1.20477890968323,-1.33936309814453,0.00003628125675,90.3817622677577,0.00000323313938
1070,left road,1070,-1.50499999523163,0.0,7.0,-1.45000004768372,0.0,0.05000000074506,-1.50499999523163,0.0,7.0,6.15136003494263,1.20477890968323,-1.33936309814453,5.61978244781494,1.12113177776337,-0.76036512851715,"(5.619782, 1.121132, -0.760365)",truck body CS,11.384916305542,0.1,6.15136003494263,1.20477890968323,-1.33936309814453,0.00003628125675,90.3817622677577,0.00000323313938
1071,left road,1071,-1.40499997138977,0.0,7.0,-1.35000002384186,0.0,0.05000000074506,-1.40499997138977,0.0,7.0,6.15136003494263,1.20477890968323,-1.33936309814453,5.623122215271,1.12055706977844,-0.75638788938522,"(5.623122, 1.120557, -0.756388)",truck body CS,11.3179082870483,0.1,6.15136003494263,1.20477890968323,-1.33936309814453,0.00003628125675,90.3817622677577,0.00000323313938
1072,left road,1072,-1.30499994754791,0.0,7.0,-1.25,0.0,0.05000000074506,-1.30499994754791,0.0,7.0,6.15136003494263,1.20477890968323,-1.33936309814453,5.62651062011719,1.11997520923615,-0.7523598074913,"(5.626511, 1.119975, -0.75236)",truck body CS,11.251389503479,0.1,6.15136003494263,1.20477890968323,-1.33936309814453,0.00003628125675,90.3817622677577,0.00000323313938
1073,left road,1073,-1.20499992370605,0.0,7.0,-1.14999997615814,0.0,0.05000000074506,-1.20499992370605,0.0,7.0,6.15136003494263,1.20477890968323,-1.33936309814453,5.62994384765625,1.119384765625,-0.74827271699905,"(5.629944, 1.119385, -0.748273)",truck body CS,11.1853704452515,0.1,6.15136003494263,1.20477890968323,-1.33936309814453,0.00003628125675,90.3817622677577,0.00000323313938
1074,left road,1074,-1.1049998998642,0.0,7.0,-1.04999995231628,0.0,0.05000000074506,-1.1049998998642,0.0,7.0,6.15136003494263,1.20477890968323,-1.33936309814453,5.63342666625977,1.11878609657288,-0.7441298365593,"(5.633427, 1.118786, -0.74413)",truck body CS,11.1198577880859,0.1,6.15136003494263,1.20477890968323,-1.33936309814453,0.00003628125675,90.3817622677577,0.00000323313938
1075,left road,1075,-1.00499999523163,0.0,7.0,-0.94999998807907,0.0,0.05000000074506,-1.00499999523163,0.0,7.0,6.15136003494263,1.20477890968323,-1.33936309814453,5.63695859909058,1.11817920207977,-0.7399280667305,"(5.636959, 1.118179, -0.739928)",truck body CS,11.0548610687256,0.1,6.15136003494263,1.20477890968323,-1.33936309814453,0.00003628125675,90.3817622677577,0.00000323313938
1076,left road,1076,-0.90500003099442,0.0,7.0,-0.85000002384186,0.0,0.05000000074506,-0.90500003099442,0.0,7.0,6.15136003494263,1.20477890968323,-1.33936309814453,5.64053916931152,1.11756312847137,-0.73566442728043,"(5.640539, 1.117563, -0.735664)",truck body CS,10.9903907775879,0.1,6.15136003494263,1.20477890968323,-1.33936309814453,0.00003628125675,90.3817622677577,0.00000323313938
1077,left road,1077,-0.80500000715256,0.0,7.0,-0.75,0.0,0.05000000074506,-0.80500000715256,0.0,7.0,6.15136003494263,1.20477890968323,-1.33936309814453,5.64416980743408,1.11693823337555,-0.73133820295334,"(5.64417, 1.116938, -0.731338)",truck body CS,10.9264545440674,0.1,6.15136003494263,1.20477890968323,-1.33936309814453,0.00003628125675,90.3817622677577,0.00000323313938
1078,left road,1078,-0.7049999833107,0.0,7.0,-0.64999997615814,0.0,0.05000000074506,-0.7049999833107,0.0,7.0,6.15136003494263,1.20477890968323,-1.33936309814453,5.64785385131836,1.11630439758301,-0.72695070505142,"(5.647854, 1.116304, -0.726951)",truck body CS,10.8630628585815,0.1,6.15136003494263,1.20477890968323,-1.33936309814453,0.00003628125675,90.3817622677577,0.00000323313938
1079,left road,1079,-0.60500001907349,0.0,7.0,-0.55000001192093,0.0,0.05000000074506,-0.60500001907349,0.0,7.0,6.15136003494263,1.20477890968323,-1.33936309814453,5.65159130096436,1.11566126346588,-0.72249948978424,"(5.651591, 1.115661, -0.722499)",truck body CS,10.8002252578735,0.1,6.15136003494263,1.20477890968323,-1.33936309814453,0.00003628125675,90.3817622677577,0.00000323313938
1080,left road,1080,-0.50499999523163,0.0,7.0,-0.44999998807907,0.0,0.05000000074506,-0.50499999523163,0.0,7.0,6.15136003494263,1.20477890968323,-1.33936309814453,5.65538263320923,1.11500883102417,-0.71798276901245,"(5.655383, 1.115009, -0.717983)",truck body CS,10.7379512786865,0.1,6.15136003494263,1.20477890968323,-1.33936309814453,0.00003628125675,90.3817622677577,0.00000323313938
1081,left road,1081,-0.40500000119209,0.0,7.0,-0.34999999403954,0.0,0.05000000074506,-0.40500000119209,0.0,7.0,6.15136003494263,1.20477890968323,-1.33936309814453,5.65923070907593,1.11434662342072,-0.71340048313141,"(5.659231, 1.114347, -0.7134)",truck body CS,10.6762504577637,0.1,6.15136003494263,1.20477890968323,-1.33936309814453,0.00003628125675,90.3817622677577,0.00000323313938
1082,left road,1082,-0.30500000715256,0.0,7.0,-0.25,0.0,0.05000000074506,-0.30500000715256,0.0,7.0,6.15136003494263,1.20477890968323,-1.33936309814453,5.66313648223877,1.11367475986481,-0.70874953269958,"(5.663136, 1.113675, -0.70875)",truck body CS,10.6151332855225,0.1,6.15136003494263,1.20477890968323,-1.33936309814453,0.00003628125675,90.3817622677577,0.00000323313938
1083,left road,1083,-0.20500001311302,0.0,7.0,-0.15000000596046,0.0,0.05000000074506,-0.20500001311302,0.0,7.0,6.15136003494263,1.20477890968323,-1.33936309814453,5.66725540161133,1.11302208900452,-0.70423257350922,"(5.667255, 1.113022, -0.704233)",truck body CS,10.5546092987061,0.1,6.15136003494263,1.20477890968323,-1.33936309814453,0.00003628125675,90.3817622677577,0.00000323313938
1084,left road,1084,-0.10500000417233,0.0,7.0,-0.05000000074506,0.0,0.05000000074506,-0.10500000417233,0.0,7.0,6.15136003494263,1.20477890968323,-1.33936309814453,5.67562961578369,1.11316823959351,-0.70524346828461,"(5.67563, 1.113168, -0.705243)",truck body CS,10.4946889877319,0.1,6.15136003494263,1.20477890968323,-1.33936309814453,0.00003628125675,90.3817622677577,0.00000323313938
1085,left road,1085,-0.00499999895692,0.0,7.0,0.05000000074506,0.0,0.05000000074506,-0.00499999895692,0.0,7.0,6.15136003494263,1.20477890968323,-1.33936309814453,5.68397903442383,1.11331403255463,-0.70625174045563,"(5.683979, 1.113314, -0.706252)",truck body CS,10.4353837966919,0.1,6.15136003494263,1.20477890968323,-1.33936309814453,0.00003628125675,90.3817622677577,0.00000323313938
1086,left road,1086,0.09500000625849,0.0,7.0,0.15000000596046,0.0,0.05000000074506,0.09500000625849,0.0,7.0,6.15136003494263,1.20477890968323,-1.33936309814453,5.69229984283447,1.11345911026001,-0.70725631713867,"(5.6923, 1.113459, -0.707256)",truck body CS,10.3767032623291,0.1,6.15136003494263,1.20477890968323,-1.33936309814453,0.00003628125675,90.3817622677577,0.00000323313938
1087,left road,1087,0.19499999284744,0.0,7.0,0.25,0.0,0.05000000074506,0.19499999284744,0.0,7.0,6.15136003494263,1.20477890968323,-1.33936309814453,5.70059537887573,1.11360383033752,-0.70825827121735,"(5.700595, 1.113604, -0.708258)",truck body CS,10.3186569213867,0.1,6.15136003494263,1.20477890968323,-1.33936309814453,0.00003628125675,90.3817622677577,0.00000323313938
1088,left road,1088,0.29499998688698,0.0,7.0,0.34999999403954,0.0,0.05000000074506,0.29499998688698,0.0,7.0,6.15136003494263,1.20477890968323,-1.33936309814453,5.70799160003662,1.11356854438782,-0.70801389217377,"(5.707992, 1.113569, -0.708014)",truck body CS,10.2612581253052,0.1,6.15136003494263,1.20477890968323,-1.33936309814453,0.00003628125675,90.3817622677577,0.00000323313938
1089,left road,1089,0.39499998092651,0.0,7.0,0.44999998807907,0.0,0.05000000074506,0.39499998092651,0.0,7.0,6.15136003494263,1.20477890968323,-1.33936309814453,5.71954822540283,1.11440277099609,-0.71378827095032,"(5.719548, 1.114403, -0.713788)",truck body CS,10.2045164108276,0.1,6.15136003494263,1.20477890968323,-1.33936309814453,0.00003628125675,90.3817622677577,0.00000323313938
1090,left road,1090,0.49500000476837,0.0,7.0,0.55000001192093,0.0,0.05000000074506,0.49500000476837,0.0,7.0,6.15136003494263,1.20477890968323,-1.33936309814453,6.11729192733765,1.19752252101898,-1.28913533687592,"(6.117292, 1.197523, -1.289135)",EyeArea,10.1484422683716,0.1,6.15136003494263,1.20477890968323,-1.33936309814453,0.00003628125675,90.3817622677577,0.00000323313938
1091,left road,1091,0.59499996900558,0.0,7.0,0.64999997615814,0.0,0.05000000074506,0.59499996900558,0.0,7.0,6.15136003494263,1.20477890968323,-1.33936309814453,6.11789655685425,1.19752311706543,-1.28913938999176,"(6.117897, 1.197523, -1.289139)",EyeArea,10.0930471420288,0.1,6.15136003494263,1.20477890968323,-1.33936309814453,0.00003628125675,90.3817622677577,0.00000323313938
1092,left road,1092,0.69499999284744,0.0,7.0,0.75,0.0,0.05000000074506,0.69499999284744,0.0,7.0,6.15136003494263,1.20477890968323,-1.33936309814453,6.11850214004517,1.19752371311188,-1.28914344310761,"(6.118502, 1.197524, -1.289143)",EyeArea,10.0383424758911,0.1,6.15136003494263,1.20477890968323,-1.33936309814453,0.00003628125675,90.3817622677577,0.00000323313938
1093,left road,1093,0.7950000166893,0.0,7.0,0.85000002384186,0.0,0.05000000074506,0.7950000166893,0.0,7.0,6.15136003494263,1.20477890968323,-1.33936309814453,6.11910676956177,1.19752430915833,-1.28914749622345,"(6.119107, 1.197524, -1.289147)",EyeArea,9.98434066772461,0.1,6.15136003494263,1.20477890968323,-1.33936309814453,0.00003628125675,90.3817622677577,0.00000323313938
1094,left road,1094,0.89499998092651,0.0,7.0,0.94999998807907,0.0,0.05000000074506,0.89499998092651,0.0,7.0,6.15136003494263,1.20477890968323,-1.33936309814453,6.11971139907837,1.19752490520477,-1.28915154933929,"(6.119711, 1.197525, -1.289152)",EyeArea,9.93105125427246,0.1,6.15136003494263,1.20477890968323,-1.33936309814453,0.00003628125675,90.3817622677577,0.00000323313938
1095,left road,1095,0.99499994516373,0.0,7.0,1.04999995231628,0.0,0.05000000074506,0.99499994516373,0.0,7.0,6.15136003494263,1.20477890968323,-1.33936309814453,6.12031602859497,1.19752550125122,-1.28915548324585,"(6.120316, 1.197526, -1.289155)",EyeArea,9.8784875869751,0.1,6.15136003494263,1.20477890968323,-1.33936309814453,0.00003628125675,90.3817622677577,0.00000323313938
1096,left road,1096,1.09500002861023,0.0,7.0,1.14999997615814,0.0,0.05000000074506,1.09500002861023,0.0,7.0,6.15136003494263,1.20477890968323,-1.33936309814453,6.12092113494873,1.19752609729767,-1.28915953636169,"(6.120921, 1.197526, -1.28916)",EyeArea,9.82666015625,0.1,6.15136003494263,1.20477890968323,-1.33936309814453,0.00003628125675,90.3817622677577,0.00000323313938
1097,left road,1097,1.19500005245209,0.0,7.0,1.25,0.0,0.05000000074506,1.19500005245209,0.0,7.0,6.15136003494263,1.20477890968323,-1.33936309814453,6.12152481079102,1.19752657413483,-1.28916358947754,"(6.121525, 1.197527, -1.289164)",EyeArea,9.77558040618896,0.1,6.15136003494263,1.20477890968323,-1.33936309814453,0.00003628125675,90.3817622677577,0.00000323313938
1098,left road,1098,1.29500007629395,0.0,7.0,1.35000002384186,0.0,0.05000000074506,1.29500007629395,0.0,7.0,6.15136003494263,1.20477890968323,-1.33936309814453,6.12212896347046,1.19752717018127,-1.28916764259338,"(6.122129, 1.197527, -1.289168)",EyeArea,9.72526073455811,0.1,6.15136003494263,1.20477890968323,-1.33936309814453,0.00003628125675,90.3817622677577,0.00000323313938
1099,left road,1099,1.3950001001358,0.0,7.0,1.45000004768372,0.0,0.05000000074506,1.3950001001358,0.0,7.0,6.15136003494263,1.20477890968323,-1.33936309814453,6.12273359298706,1.19752776622772,-1.28917157649994,"(6.122734, 1.197528, -1.289172)",EyeArea,9.67571353912354,0.1,6.15136003494263,1.20477890968323,-1.33936309814453,0.00003628125675,90.3817622677577,0.00000323313938
1100,left road,1100,1.49500000476837,0.0,7.0,1.54999995231628,0.0,0.05000000074506,1.49500000476837,0.0,7.0,6.15136003494263,1.20477890968323,-1.33936309814453,6.12333726882935,1.19752836227417,-1.28917562961578,"(6.123337, 1.197528, -1.289176)",EyeArea,9.62694931030273,0.1,6.15136003494263,1.20477890968323,-1.33936309814453,0.00003628125675,90.3817622677577,0.00000323313938
1101,left road,1101,1.59500002861023,0.0,7.0,1.64999997615814,0.0,0.05000000074506,1.59500002861023,0.0,7.0,6.15136003494263,1.20477890968323,-1.33936309814453,6.12394189834595,1.19752895832062,-1.28917968273163,"(6.123942, 1.197529, -1.28918)",EyeArea,9.57898139953613,0.1,6.15136003494263,1.20477890968323,-1.33936309814453,0.00003628125675,90.3817622677577,0.00000323313938
1102,left road,1102,1.69500005245209,0.0,7.0,1.75,0.0,0.05000000074506,1.69500005245209,0.0,7.0,6.15136003494263,1.20477890968323,-1.33936309814453,6.12454557418823,1.19752955436707,-1.28918373584747,"(6.124546, 1.19753, -1.289184)",EyeArea,9.53182029724121,0.1,6.15136003494263,1.20477890968323,-1.33936309814453,0.00003628125675,90.3817622677577,0.00000323313938
1103,left road,1103,1.79500007629395,0.0,7.0,1.85000002384186,0.0,0.05000000074506,1.79500007629395,0.0,7.0,6.15136003494263,1.20477890968323,-1.33936309814453,6.12514925003052,1.19753015041351,-1.28918766975403,"(6.125149, 1.19753, -1.289188)",EyeArea,9.48548030853271,0.1,6.15136003494263,1.20477890968323,-1.33936309814453,0.00003628125675,90.3817622677577,0.00000323313938
1104,left road,1104,1.8950001001358,0.0,7.0,1.95000004768372,0.0,0.05000000074506,1.8950001001358,0.0,7.0,6.15136003494263,1.20477890968323,-1.33936309814453,6.1257529258728,1.19753074645996,-1.28919172286987,"(6.125753, 1.197531, -1.289192)",EyeArea,9.43997192382813,0.1,6.15136003494263,1.20477890968323,-1.33936309814453,0.00003628125675,90.3817622677577,0.00000323313938
1105,left road,1105,1.99500000476837,0.0,7.0,2.04999995231628,0.0,0.05000000074506,1.99500000476837,0.0,7.0,6.15136003494263,1.20477890968323,-1.33936309814453,6.12635612487793,1.19753134250641,-1.28919577598572,"(6.126356, 1.197531, -1.289196)",EyeArea,9.39530754089355,0.1,6.15136003494263,1.20477890968323,-1.33936309814453,0.00003628125675,90.3817622677577,0.00000323313938
1106,left road,1106,2.09500002861023,0.0,7.0,2.15000009536743,0.0,0.05000000074506,2.09500002861023,0.0,7.0,6.15136003494263,1.20477890968323,-1.33936309814453,6.12696027755737,1.19753181934357,-1.28919982910156,"(6.12696, 1.197532, -1.2892)",EyeArea,9.3514986038208,0.1,6.15136003494263,1.20477890968323,-1.33936309814453,0.00003628125675,90.3817622677577,0.00000323313938
1107,left road,1107,2.1949999332428,0.0,7.0,2.25,0.0,0.05000000074506,2.1949999332428,0.0,7.0,6.15136003494263,1.20477890968323,-1.33936309814453,6.1275634765625,1.19753241539001,-1.28920376300812,"(6.127563, 1.197532, -1.289204)",EyeArea,9.30855846405029,0.1,6.15136003494263,1.20477890968323,-1.33936309814453,0.00003628125675,90.3817622677577,0.00000323313938
1108,left road,1108,2.29499983787537,0.0,7.0,2.34999990463257,0.0,0.05000000074506,2.29499983787537,0.0,7.0,6.15136003494263,1.20477890968323,-1.33936309814453,6.12816667556763,1.19753301143646,-1.28920781612396,"(6.128167, 1.197533, -1.289208)",EyeArea,9.26649761199951,0.1,6.15136003494263,1.20477890968323,-1.33936309814453,0.00003628125675,90.3817622677577,0.00000323313938
1109,left road,1109,2.39499998092651,0.0,7.0,2.45000004768372,0.0,0.05000000074506,2.39499998092651,0.0,7.0,6.15136003494263,1.20477890968323,-1.33936309814453,6.12876987457275,1.19753360748291,-1.28921186923981,"(6.12877, 1.197534, -1.289212)",EyeArea,9.22532939910889,0.1,6.15136003494263,1.20477890968323,-1.33936309814453,0.00003628125675,90.3817622677577,0.00000323313938
1110,left road,1110,2.49499988555908,0.0,7.0,2.54999995231628,0.0,0.05000000074506,2.49499988555908,0.0,7.0,6.15136003494263,1.20477890968323,-1.33936309814453,6.12937307357788,1.19753420352936,-1.28921592235565,"(6.129373, 1.197534, -1.289216)",EyeArea,9.18506622314453,0.1,6.15136003494263,1.20477890968323,-1.33936309814453,0.00003628125675,90.3817622677577,0.00000323313938
1111,left road,1111,2.59500002861023,0.0,7.0,2.65000009536743,0.0,0.05000000074506,2.59500002861023,0.0,7.0,6.15136003494263,1.20477890968323,-1.33936309814453,6.12997627258301,1.19753468036652,-1.28921985626221,"(6.129976, 1.197535, -1.28922)",EyeArea,9.14571857452393,0.1,6.15136003494263,1.20477890968323,-1.33936309814453,0.00003628125675,90.3817622677577,0.00000323313938
1112,left road,1112,2.6949999332428,0.0,7.0,2.75,0.0,0.05000000074506,2.6949999332428,0.0,7.0,6.15136003494263,1.20477890968323,-1.33936309814453,6.13057899475098,1.19753527641296,-1.28922390937805,"(6.130579, 1.197535, -1.289224)",EyeArea,9.10729885101318,0.1,6.15136003494263,1.20477890968323,-1.33936309814453,0.00003628125675,90.3817622677577,0.00000323313938
1113,left road,1113,2.79499983787537,0.0,7.0,2.84999990463257,0.0,0.05000000074506,2.79499983787537,0.0,7.0,6.15136003494263,1.20477890968323,-1.33936309814453,6.1311821937561,1.1975359916687,-1.2892279624939,"(6.131182, 1.197536, -1.289228)",EyeArea,9.06981945037842,0.1,6.15136003494263,1.20477890968323,-1.33936309814453,0.00003628125675,90.3817622677577,0.00000323313938
1114,left road,1114,2.89499998092651,0.0,7.0,2.95000004768372,0.0,0.05000000074506,2.89499998092651,0.0,7.0,6.15136003494263,1.20477890968323,-1.33936309814453,6.13178491592407,1.19753658771515,-1.28923189640045,"(6.131785, 1.197537, -1.289232)",EyeArea,9.03329086303711,0.1,6.15136003494263,1.20477890968323,-1.33936309814453,0.00003628125675,90.3817622677577,0.00000323313938
1115,left road,1115,2.99499988555908,0.0,7.0,3.04999995231628,0.0,0.05000000074506,2.99499988555908,0.0,7.0,6.15136003494263,1.20477890968323,-1.33936309814453,6.13238763809204,1.19753706455231,-1.2892359495163,"(6.132388, 1.197537, -1.289236)",EyeArea,8.99772644042969,0.1,6.15136003494263,1.20477890968323,-1.33936309814453,0.00003628125675,90.3817622677577,0.00000323313938
1116,left road,1116,3.09500002861023,0.0,7.0,3.15000009536743,0.0,0.05000000074506,3.09500002861023,0.0,7.0,6.15136003494263,1.20477890968323,-1.33936309814453,6.13298988342285,1.19753766059875,-1.28924000263214,"(6.13299, 1.197538, -1.28924)",EyeArea,8.96313571929932,0.1,6.15136003494263,1.20477890968323,-1.33936309814453,0.00003628125675,90.3817622677577,0.00000323313938
1117,left road,1117,3.1949999332428,0.0,7.0,3.25,0.0,0.05000000074506,3.1949999332428,0.0,7.0,6.15136003494263,1.20477890968323,-1.33936309814453,6.13359260559082,1.1975382566452,-1.2892439365387,"(6.133593, 1.197538, -1.289244)",EyeArea,8.92953109741211,0.1,6.15136003494263,1.20477890968323,-1.33936309814453,0.00003628125675,90.3817622677577,0.00000323313938
1118,left road,1118,3.29499983787537,0.0,7.0,3.34999990463257,0.0,0.05000000074506,3.29499983787537,0.0,7.0,6.15136003494263,1.20477890968323,-1.33936309814453,6.13419485092163,1.19753885269165,-1.28924798965454,"(6.134195, 1.197539, -1.289248)",EyeArea,8.89692401885986,0.1,6.15136003494263,1.20477890968323,-1.33936309814453,0.00003628125675,90.3817622677577,0.00000323313938
1119,left road,1119,3.39499998092651,0.0,7.0,3.45000004768372,0.0,0.05000000074506,3.39499998092651,0.0,7.0,6.15136003494263,1.20477890968323,-1.33936309814453,6.13479709625244,1.1975394487381,-1.28925204277039,"(6.134797, 1.197539, -1.289252)",EyeArea,8.86532497406006,0.1,6.15136003494263,1.20477890968323,-1.33936309814453,0.00003628125675,90.3817622677577,0.00000323313938
1120,left road,1120,-3.50500011444092,0.0,7.09999990463257,-3.45000004768372,0.0,0.15000000596046,-3.50500011444092,0.0,7.09999990463257,6.15136003494263,1.20477890968323,-1.33936309814453,6.10164880752563,1.19857656955719,-1.29591774940491,"(6.101649, 1.198577, -1.295918)",EyeArea,12.8809804916382,0.1,6.15136003494263,1.20477890968323,-1.33936309814453,0.00003628125675,90.3817622677577,0.00000323313938
1121,left road,1121,-3.40499997138977,0.0,7.09999990463257,-3.34999990463257,0.0,0.15000000596046,-3.40499997138977,0.0,7.09999990463257,6.15136003494263,1.20477890968323,-1.33936309814453,5.59766626358032,1.13497424125671,-0.85038781166077,"(5.597666, 1.134974, -0.850388)",truck body CS,12.8061847686768,0.1,6.15136003494263,1.20477890968323,-1.33936309814453,0.00003628125675,90.3817622677577,0.00000323313938
1122,left road,1122,-3.3050000667572,0.0,7.09999990463257,-3.25,0.0,0.15000000596046,-3.3050000667572,0.0,7.09999990463257,6.15136003494263,1.20477890968323,-1.33936309814453,5.59622955322266,1.13405299186707,-0.84393507242203,"(5.59623, 1.134053, -0.843935)",truck body CS,12.7317352294922,0.1,6.15136003494263,1.20477890968323,-1.33936309814453,0.00003628125675,90.3817622677577,0.00000323313938
1123,left road,1123,-3.20500016212463,0.0,7.09999990463257,-3.15000009536743,0.0,0.15000000596046,-3.20500016212463,0.0,7.09999990463257,6.15136003494263,1.20477890968323,-1.33936309814453,5.59537315368652,1.13318681716919,-0.83786761760712,"(5.595373, 1.133187, -0.837868)",truck body CS,12.6576385498047,0.1,6.15136003494263,1.20477890968323,-1.33936309814453,0.00003628125675,90.3817622677577,0.00000323313938
1124,left road,1124,-3.10500001907349,0.0,7.09999990463257,-3.04999995231628,0.0,0.15000000596046,-3.10500001907349,0.0,7.09999990463257,6.15136003494263,1.20477890968323,-1.33936309814453,5.59545469284058,1.13242399692535,-0.83252412080765,"(5.595455, 1.132424, -0.832524)",truck body CS,12.5839004516602,0.1,6.15136003494263,1.20477890968323,-1.33936309814453,0.00003628125675,90.3817622677577,0.00000323313938
1125,left road,1125,-3.00500011444092,0.0,7.09999990463257,-2.95000004768372,0.0,0.15000000596046,-3.00500011444092,0.0,7.09999990463257,6.15136003494263,1.20477890968323,-1.33936309814453,5.59553861618042,1.13164472579956,-0.82706594467163,"(5.595539, 1.131645, -0.827066)",truck body CS,12.5105276107788,0.1,6.15136003494263,1.20477890968323,-1.33936309814453,0.00003628125675,90.3817622677577,0.00000323313938
1126,left road,1126,-2.90499997138977,0.0,7.09999990463257,-2.84999990463257,0.0,0.15000000596046,-2.90499997138977,0.0,7.09999990463257,6.15136003494263,1.20477890968323,-1.33936309814453,5.5956244468689,1.13084864616394,-0.82148939371109,"(5.595624, 1.130849, -0.821489)",truck body CS,12.4375247955322,0.1,6.15136003494263,1.20477890968323,-1.33936309814453,0.00003628125675,90.3817622677577,0.00000323313938
1127,left road,1127,-2.8050000667572,0.0,7.09999990463257,-2.75,0.0,0.15000000596046,-2.8050000667572,0.0,7.09999990463257,6.15136003494263,1.20477890968323,-1.33936309814453,5.59571027755737,1.13003480434418,-0.81578826904297,"(5.59571, 1.130035, -0.815788)",truck body CS,12.3648996353149,0.1,6.15136003494263,1.20477890968323,-1.33936309814453,0.00003628125675,90.3817622677577,0.00000323313938
1128,left road,1128,-2.70500016212463,0.0,7.09999990463257,-2.65000009536743,0.0,0.15000000596046,-2.70500016212463,0.0,7.09999990463257,6.15136003494263,1.20477890968323,-1.33936309814453,5.59580039978027,1.12920308113098,-0.80996149778366,"(5.5958, 1.129203, -0.809961)",truck body CS,12.2926588058472,0.1,6.15136003494263,1.20477890968323,-1.33936309814453,0.00003628125675,90.3817622677577,0.00000323313938
1129,left road,1129,-2.60500001907349,0.0,7.09999990463257,-2.54999995231628,0.0,0.15000000596046,-2.60500001907349,0.0,7.09999990463257,6.15136003494263,1.20477890968323,-1.33936309814453,5.5958948135376,1.12835311889648,-0.80400776863098,"(5.595895, 1.128353, -0.804008)",truck body CS,12.2208099365234,0.1,6.15136003494263,1.20477890968323,-1.33936309814453,0.00003628125675,90.3817622677577,0.00000323313938
1130,left road,1130,-2.50500011444092,0.0,7.09999990463257,-2.45000004768372,0.0,0.15000000596046,-2.50500011444092,0.0,7.09999990463257,6.15136003494263,1.20477890968323,-1.33936309814453,5.59675264358521,1.12758946418762,-0.79865854978561,"(5.596753, 1.127589, -0.798659)",truck body CS,12.149359703064,0.1,6.15136003494263,1.20477890968323,-1.33936309814453,0.00003628125675,90.3817622677577,0.00000323313938
1131,left road,1131,-2.40499997138977,0.0,7.09999990463257,-2.34999990463257,0.0,0.15000000596046,-2.40499997138977,0.0,7.09999990463257,6.15136003494263,1.20477890968323,-1.33936309814453,5.59834146499634,1.1269109249115,-0.79390674829483,"(5.598341, 1.126911, -0.793907)",truck body CS,12.0783128738403,0.1,6.15136003494263,1.20477890968323,-1.33936309814453,0.00003628125675,90.3817622677577,0.00000323313938
1132,left road,1132,-2.3050000667572,0.0,7.09999990463257,-2.25,0.0,0.15000000596046,-2.3050000667572,0.0,7.09999990463257,6.15136003494263,1.20477890968323,-1.33936309814453,5.59995889663696,1.126220703125,-0.78907150030136,"(5.599959, 1.126221, -0.789072)",truck body CS,12.00767993927,0.1,6.15136003494263,1.20477890968323,-1.33936309814453,0.00003628125675,90.3817622677577,0.00000323313938
1133,left road,1133,-2.20500016212463,0.0,7.09999990463257,-2.15000009536743,0.0,0.15000000596046,-2.20500016212463,0.0,7.09999990463257,6.15136003494263,1.20477890968323,-1.33936309814453,5.60160732269287,1.12551832199097,-0.78415048122406,"(5.601607, 1.125518, -0.78415)",truck body CS,11.9374666213989,0.1,6.15136003494263,1.20477890968323,-1.33936309814453,0.00003628125675,90.3817622677577,0.00000323313938
1134,left road,1134,-2.10500001907349,0.0,7.09999990463257,-2.04999995231628,0.0,0.15000000596046,-2.10500001907349,0.0,7.09999990463257,6.15136003494263,1.20477890968323,-1.33936309814453,5.60434293746948,1.12495732307434,-0.78022176027298,"(5.604343, 1.124957, -0.780222)",truck body CS,11.8676795959473,0.1,6.15136003494263,1.20477890968323,-1.33936309814453,0.00003628125675,90.3817622677577,0.00000323313938
1135,left road,1135,-2.00500011444092,0.0,7.09999990463257,-1.95000004768372,0.0,0.15000000596046,-2.00500011444092,0.0,7.09999990463257,6.15136003494263,1.20477890968323,-1.33936309814453,5.60742855072021,1.12443459033966,-0.77655899524689,"(5.607429, 1.124435, -0.776559)",truck body CS,11.7983283996582,0.1,6.15136003494263,1.20477890968323,-1.33936309814453,0.00003628125675,90.3817622677577,0.00000323313938
1136,left road,1136,-1.90499997138977,0.0,7.09999990463257,-1.85000002384186,0.0,0.15000000596046,-1.90499997138977,0.0,7.09999990463257,6.15136003494263,1.20477890968323,-1.33936309814453,5.61055755615234,1.12390518188477,-0.77285075187683,"(5.610558, 1.123905, -0.772851)",truck body CS,11.729419708252,0.1,6.15136003494263,1.20477890968323,-1.33936309814453,0.00003628125675,90.3817622677577,0.00000323313938
1137,left road,1137,-1.80499994754791,0.0,7.09999990463257,-1.75,0.0,0.15000000596046,-1.80499994754791,0.0,7.09999990463257,6.15136003494263,1.20477890968323,-1.33936309814453,5.61372566223145,1.12336850166321,-0.76909148693085,"(5.613726, 1.123369, -0.769091)",truck body CS,11.6609601974487,0.1,6.15136003494263,1.20477890968323,-1.33936309814453,0.00003628125675,90.3817622677577,0.00000323313938
1138,left road,1138,-1.70499992370605,0.0,7.09999990463257,-1.64999997615814,0.0,0.15000000596046,-1.70499992370605,0.0,7.09999990463257,6.15136003494263,1.20477890968323,-1.33936309814453,5.61693620681763,1.12282466888428,-0.76528185606003,"(5.616936, 1.122825, -0.765282)",truck body CS,11.5929613113403,0.1,6.15136003494263,1.20477890968323,-1.33936309814453,0.00003628125675,90.3817622677577,0.00000323313938
1139,left road,1139,-1.6049998998642,0.0,7.09999990463257,-1.54999995231628,0.0,0.15000000596046,-1.6049998998642,0.0,7.09999990463257,6.15136003494263,1.20477890968323,-1.33936309814453,5.62019062042236,1.12227344512939,-0.76142126321793,"(5.620191, 1.122273, -0.761421)",truck body CS,11.525426864624,0.1,6.15136003494263,1.20477890968323,-1.33936309814453,0.00003628125675,90.3817622677577,0.00000323313938
1140,left road,1140,-1.50499999523163,0.0,7.09999990463257,-1.45000004768372,0.0,0.15000000596046,-1.50499999523163,0.0,7.09999990463257,6.15136003494263,1.20477890968323,-1.33936309814453,5.62348890304565,1.12171494960785,-0.75750786066055,"(5.623489, 1.121715, -0.757508)",truck body CS,11.4583673477173,0.1,6.15136003494263,1.20477890968323,-1.33936309814453,0.00003628125675,90.3817622677577,0.00000323313938
1141,left road,1141,-1.40499997138977,0.0,7.09999990463257,-1.35000002384186,0.0,0.15000000596046,-1.40499997138977,0.0,7.09999990463257,6.15136003494263,1.20477890968323,-1.33936309814453,5.62683200836182,1.12114870548248,-0.75354170799255,"(5.626832, 1.121149, -0.753542)",truck body CS,11.391791343689,0.1,6.15136003494263,1.20477890968323,-1.33936309814453,0.00003628125675,90.3817622677577,0.00000323313938
1142,left road,1142,-1.30499994754791,0.0,7.09999990463257,-1.25,0.0,0.15000000596046,-1.30499994754791,0.0,7.09999990463257,6.15136003494263,1.20477890968323,-1.33936309814453,5.63021945953369,1.12057447433472,-0.74951958656311,"(5.630219, 1.120574, -0.74952)",truck body CS,11.3257074356079,0.1,6.15136003494263,1.20477890968323,-1.33936309814453,0.00003628125675,90.3817622677577,0.00000323313938
1143,left road,1143,-1.20499992370605,0.0,7.09999990463257,-1.14999997615814,0.0,0.15000000596046,-1.20499992370605,0.0,7.09999990463257,6.15136003494263,1.20477890968323,-1.33936309814453,5.63365411758423,1.11999225616455,-0.74544107913971,"(5.633654, 1.119992, -0.745441)",truck body CS,11.2601232528687,0.1,6.15136003494263,1.20477890968323,-1.33936309814453,0.00003628125675,90.3817622677577,0.00000323313938
1144,left road,1144,-1.1049998998642,0.0,7.09999990463257,-1.04999995231628,0.0,0.15000000596046,-1.1049998998642,0.0,7.09999990463257,6.15136003494263,1.20477890968323,-1.33936309814453,5.63713550567627,1.1194019317627,-0.74130553007126,"(5.637136, 1.119402, -0.741306)",truck body CS,11.1950483322144,0.1,6.15136003494263,1.20477890968323,-1.33936309814453,0.00003628125675,90.3817622677577,0.00000323313938
1145,left road,1145,-1.00499999523163,0.0,7.09999990463257,-0.94999998807907,0.0,0.15000000596046,-1.00499999523163,0.0,7.09999990463257,6.15136003494263,1.20477890968323,-1.33936309814453,5.64066505432129,1.11880314350128,-0.73711115121841,"(5.640665, 1.118803, -0.737111)",truck body CS,11.1304912567139,0.1,6.15136003494263,1.20477890968323,-1.33936309814453,0.00003628125675,90.3817622677577,0.00000323313938
1146,left road,1146,-0.90500003099442,0.0,7.09999990463257,-0.85000002384186,0.0,0.15000000596046,-0.90500003099442,0.0,7.09999990463257,6.15136003494263,1.20477890968323,-1.33936309814453,5.64424610137939,1.1181960105896,-0.73285841941833,"(5.644246, 1.118196, -0.732858)",truck body CS,11.0664615631104,0.1,6.15136003494263,1.20477890968323,-1.33936309814453,0.00003628125675,90.3817622677577,0.00000323313938
1147,left road,1147,-0.80500000715256,0.0,7.09999990463257,-0.75,0.0,0.15000000596046,-0.80500000715256,0.0,7.09999990463257,6.15136003494263,1.20477890968323,-1.33936309814453,5.64787769317627,1.11758029460907,-0.72854566574097,"(5.647878, 1.11758, -0.728546)",truck body CS,11.0029678344727,0.1,6.15136003494263,1.20477890968323,-1.33936309814453,0.00003628125675,90.3817622677577,0.00000323313938
1148,left road,1148,-0.7049999833107,0.0,7.09999990463257,-0.64999997615814,0.0,0.15000000596046,-0.7049999833107,0.0,7.09999990463257,6.15136003494263,1.20477890968323,-1.33936309814453,5.65156078338623,1.11695575714111,-0.72417032718658,"(5.651561, 1.116956, -0.72417)",truck body CS,10.9400196075439,0.1,6.15136003494263,1.20477890968323,-1.33936309814453,0.00003628125675,90.3817622677577,0.00000323313938
1149,left road,1149,-0.60500001907349,0.0,7.09999990463257,-0.55000001192093,0.0,0.15000000596046,-0.60500001907349,0.0,7.09999990463257,6.15136003494263,1.20477890968323,-1.33936309814453,5.65529632568359,1.11632204055786,-0.71973073482513,"(5.655296, 1.116322, -0.719731)",truck body CS,10.8776264190674,0.1,6.15136003494263,1.20477890968323,-1.33936309814453,0.00003628125675,90.3817622677577,0.00000323313938
1150,left road,1150,-0.50499999523163,0.0,7.09999990463257,-0.44999998807907,0.0,0.15000000596046,-0.50499999523163,0.0,7.09999990463257,6.15136003494263,1.20477890968323,-1.33936309814453,5.65908813476563,1.11567938327789,-0.71522986888885,"(5.659088, 1.115679, -0.71523)",truck body CS,10.8157978057861,0.1,6.15136003494263,1.20477890968323,-1.33936309814453,0.00003628125675,90.3817622677577,0.00000323313938
1151,left road,1151,-0.40500000119209,0.0,7.09999990463257,-0.34999999403954,0.0,0.15000000596046,-0.40500000119209,0.0,7.09999990463257,6.15136003494263,1.20477890968323,-1.33936309814453,5.66293430328369,1.11502707004547,-0.71066105365753,"(5.662934, 1.115027, -0.710661)",truck body CS,10.7545433044434,0.1,6.15136003494263,1.20477890968323,-1.33936309814453,0.00003628125675,90.3817622677577,0.00000323313938
1152,left road,1152,-0.30500000715256,0.0,7.09999990463257,-0.25,0.0,0.15000000596046,-0.30500000715256,0.0,7.09999990463257,6.15136003494263,1.20477890968323,-1.33936309814453,5.66683578491211,1.1143651008606,-0.70602345466614,"(5.666836, 1.114365, -0.706023)",truck body CS,10.6938734054565,0.1,6.15136003494263,1.20477890968323,-1.33936309814453,0.00003628125675,90.3817622677577,0.00000323313938
1153,left road,1153,-0.20500001311302,0.0,7.09999990463257,-0.15000000596046,0.0,0.15000000596046,-0.20500001311302,0.0,7.09999990463257,6.15136003494263,1.20477890968323,-1.33936309814453,5.67497873306274,1.11448609828949,-0.70687115192413,"(5.674979, 1.114486, -0.706871)",truck body CS,10.6337976455688,0.1,6.15136003494263,1.20477890968323,-1.33936309814453,0.00003628125675,90.3817622677577,0.00000323313938
1154,left road,1154,-0.10500000417233,0.0,7.09999990463257,-0.05000000074506,0.0,0.15000000596046,-0.10500000417233,0.0,7.09999990463257,6.15136003494263,1.20477890968323,-1.33936309814453,5.6832070350647,1.1146274805069,-0.70786106586456,"(5.683207, 1.114627, -0.707861)",truck body CS,10.5743265151978,0.1,6.15136003494263,1.20477890968323,-1.33936309814453,0.00003628125675,90.3817622677577,0.00000323313938
1155,left road,1155,-0.00499999895692,0.0,7.09999990463257,0.05000000074506,0.0,0.15000000596046,-0.00499999895692,0.0,7.09999990463257,6.15136003494263,1.20477890968323,-1.33936309814453,5.69141149520874,1.11476850509644,-0.70884954929352,"(5.691411, 1.114769, -0.70885)",truck body CS,10.5154705047607,0.1,6.15136003494263,1.20477890968323,-1.33936309814453,0.00003628125675,90.3817622677577,0.00000323313938
1156,left road,1156,0.09500000625849,0.0,7.09999990463257,0.15000000596046,0.0,0.15000000596046,0.09500000625849,0.0,7.09999990463257,6.15136003494263,1.20477890968323,-1.33936309814453,5.69952392578125,1.11489605903625,-0.70974326133728,"(5.699524, 1.114896, -0.709743)",truck body CS,10.457239151001,0.1,6.15136003494263,1.20477890968323,-1.33936309814453,0.00003628125675,90.3817622677577,0.00000323313938
1157,left road,1157,0.19499999284744,0.0,7.09999990463257,0.25,0.0,0.15000000596046,0.19499999284744,0.0,7.09999990463257,6.15136003494263,1.20477890968323,-1.33936309814453,5.70671892166138,1.11484265327454,-0.70936763286591,"(5.706719, 1.114843, -0.709368)",truck body CS,10.3996429443359,0.1,6.15136003494263,1.20477890968323,-1.33936309814453,0.00003628125675,90.3817622677577,0.00000323313938
1158,left road,1158,0.29499998688698,0.0,7.09999990463257,0.34999999403954,0.0,0.15000000596046,0.29499998688698,0.0,7.09999990463257,6.15136003494263,1.20477890968323,-1.33936309814453,5.71659231185913,1.11533796787262,-0.71283853054047,"(5.716592, 1.115338, -0.712839)",truck body CS,10.3426933288574,0.1,6.15136003494263,1.20477890968323,-1.33936309814453,0.00003628125675,90.3817622677577,0.00000323313938
1159,left road,1159,0.39499998092651,0.0,7.09999990463257,0.44999998807907,0.0,0.15000000596046,0.39499998092651,0.0,7.09999990463257,6.15136003494263,1.20477890968323,-1.33936309814453,6.11709880828857,1.19760823249817,-1.28913402557373,"(6.117099, 1.197608, -1.289134)",EyeArea,10.2863998413086,0.1,6.15136003494263,1.20477890968323,-1.33936309814453,0.00003628125675,90.3817622677577,0.00000323313938
1160,left road,1160,0.49500000476837,0.0,7.09999990463257,0.55000001192093,0.0,0.15000000596046,0.49500000476837,0.0,7.09999990463257,6.15136003494263,1.20477890968323,-1.33936309814453,6.11769723892212,1.19760894775391,-1.28913807868958,"(6.117697, 1.197609, -1.289138)",EyeArea,10.2307748794556,0.1,6.15136003494263,1.20477890968323,-1.33936309814453,0.00003628125675,90.3817622677577,0.00000323313938
1161,left road,1161,0.59499996900558,0.0,7.09999990463257,0.64999997615814,0.0,0.15000000596046,0.59499996900558,0.0,7.09999990463257,6.15136003494263,1.20477890968323,-1.33936309814453,6.11829519271851,1.19760942459106,-1.28914201259613,"(6.118295, 1.197609, -1.289142)",EyeArea,10.1758289337158,0.1,6.15136003494263,1.20477890968323,-1.33936309814453,0.00003628125675,90.3817622677577,0.00000323313938
1162,left road,1162,0.69499999284744,0.0,7.09999990463257,0.75,0.0,0.15000000596046,0.69499999284744,0.0,7.09999990463257,6.15136003494263,1.20477890968323,-1.33936309814453,6.11889219284058,1.19760990142822,-1.28914606571198,"(6.118892, 1.19761, -1.289146)",EyeArea,10.1215715408325,0.1,6.15136003494263,1.20477890968323,-1.33936309814453,0.00003628125675,90.3817622677577,0.00000323313938
1163,left road,1163,0.7950000166893,0.0,7.09999990463257,0.85000002384186,0.0,0.15000000596046,0.7950000166893,0.0,7.09999990463257,6.15136003494263,1.20477890968323,-1.33936309814453,6.11949062347412,1.19761061668396,-1.28914999961853,"(6.119491, 1.197611, -1.28915)",EyeArea,10.0680150985718,0.1,6.15136003494263,1.20477890968323,-1.33936309814453,0.00003628125675,90.3817622677577,0.00000323313938
1164,left road,1164,0.89499998092651,0.0,7.09999990463257,0.94999998807907,0.0,0.15000000596046,0.89499998092651,0.0,7.09999990463257,6.15136003494263,1.20477890968323,-1.33936309814453,6.12008810043335,1.19761121273041,-1.28915405273438,"(6.120088, 1.197611, -1.289154)",EyeArea,10.0151720046997,0.1,6.15136003494263,1.20477890968323,-1.33936309814453,0.00003628125675,90.3817622677577,0.00000323313938
1165,left road,1165,0.99499994516373,0.0,7.09999990463257,1.04999995231628,0.0,0.15000000596046,0.99499994516373,0.0,7.09999990463257,6.15136003494263,1.20477890968323,-1.33936309814453,6.12068462371826,1.19761168956757,-1.28915798664093,"(6.120685, 1.197612, -1.289158)",EyeArea,9.96305179595947,0.1,6.15136003494263,1.20477890968323,-1.33936309814453,0.00003628125675,90.3817622677577,0.00000323313938
1166,left road,1166,1.09500002861023,0.0,7.09999990463257,1.14999997615814,0.0,0.15000000596046,1.09500002861023,0.0,7.09999990463257,6.15136003494263,1.20477890968323,-1.33936309814453,6.12128305435181,1.1976124048233,-1.28916192054749,"(6.121283, 1.197612, -1.289162)",EyeArea,9.91166591644287,0.1,6.15136003494263,1.20477890968323,-1.33936309814453,0.00003628125675,90.3817622677577,0.00000323313938
1167,left road,1167,1.19500005245209,0.0,7.09999990463257,1.25,0.0,0.15000000596046,1.19500005245209,0.0,7.09999990463257,6.15136003494263,1.20477890968323,-1.33936309814453,6.12187957763672,1.19761288166046,-1.28916597366333,"(6.12188, 1.197613, -1.289166)",EyeArea,9.86102676391602,0.1,6.15136003494263,1.20477890968323,-1.33936309814453,0.00003628125675,90.3817622677577,0.00000323313938
1168,left road,1168,1.29500007629395,0.0,7.09999990463257,1.35000002384186,0.0,0.15000000596046,1.29500007629395,0.0,7.09999990463257,6.15136003494263,1.20477890968323,-1.33936309814453,6.12247610092163,1.19761323928833,-1.28916990756989,"(6.122476, 1.197613, -1.28917)",EyeArea,9.8111457824707,0.1,6.15136003494263,1.20477890968323,-1.33936309814453,0.00003628125675,90.3817622677577,0.00000323313938
1169,left road,1169,1.3950001001358,0.0,7.09999990463257,1.45000004768372,0.0,0.15000000596046,1.3950001001358,0.0,7.09999990463257,6.15136003494263,1.20477890968323,-1.33936309814453,6.12307405471802,1.19761395454407,-1.28917384147644,"(6.123074, 1.197614, -1.289174)",EyeArea,9.76203441619873,0.1,6.15136003494263,1.20477890968323,-1.33936309814453,0.00003628125675,90.3817622677577,0.00000323313938
1170,left road,1170,1.49500000476837,0.0,7.09999990463257,1.54999995231628,0.0,0.15000000596046,1.49500000476837,0.0,7.09999990463257,6.15136003494263,1.20477890968323,-1.33936309814453,6.12367057800293,1.19761455059052,-1.28917789459229,"(6.123671, 1.197615, -1.289178)",EyeArea,9.71370315551758,0.1,6.15136003494263,1.20477890968323,-1.33936309814453,0.00003628125675,90.3817622677577,0.00000323313938
1171,left road,1171,1.59500002861023,0.0,7.09999990463257,1.64999997615814,0.0,0.15000000596046,1.59500002861023,0.0,7.09999990463257,6.15136003494263,1.20477890968323,-1.33936309814453,6.124267578125,1.19761502742767,-1.28918182849884,"(6.124268, 1.197615, -1.289182)",EyeArea,9.66616630554199,0.1,6.15136003494263,1.20477890968323,-1.33936309814453,0.00003628125675,90.3817622677577,0.00000323313938
1172,left road,1172,1.69500005245209,0.0,7.09999990463257,1.75,0.0,0.15000000596046,1.69500005245209,0.0,7.09999990463257,6.15136003494263,1.20477890968323,-1.33936309814453,6.12486457824707,1.19761574268341,-1.28918588161469,"(6.124865, 1.197616, -1.289186)",EyeArea,9.61943340301514,0.1,6.15136003494263,1.20477890968323,-1.33936309814453,0.00003628125675,90.3817622677577,0.00000323313938
1173,left road,1173,1.79500007629395,0.0,7.09999990463257,1.85000002384186,0.0,0.15000000596046,1.79500007629395,0.0,7.09999990463257,6.15136003494263,1.20477890968323,-1.33936309814453,6.12546062469482,1.19761633872986,-1.28918981552124,"(6.125461, 1.197616, -1.28919)",EyeArea,9.57351684570313,0.1,6.15136003494263,1.20477890968323,-1.33936309814453,0.00003628125675,90.3817622677577,0.00000323313938
1174,left road,1174,1.8950001001358,0.0,7.09999990463257,1.95000004768372,0.0,0.15000000596046,1.8950001001358,0.0,7.09999990463257,6.15136003494263,1.20477890968323,-1.33936309814453,6.12605667114258,1.19761669635773,-1.2891937494278,"(6.126057, 1.197617, -1.289194)",EyeArea,9.52842807769775,0.1,6.15136003494263,1.20477890968323,-1.33936309814453,0.00003628125675,90.3817622677577,0.00000323313938
1175,left road,1175,1.99500000476837,0.0,7.09999990463257,2.04999995231628,0.0,0.15000000596046,1.99500000476837,0.0,7.09999990463257,6.15136003494263,1.20477890968323,-1.33936309814453,6.12665367126465,1.19761741161346,-1.28919780254364,"(6.126654, 1.197617, -1.289198)",EyeArea,9.48418045043945,0.1,6.15136003494263,1.20477890968323,-1.33936309814453,0.00003628125675,90.3817622677577,0.00000323313938
1176,left road,1176,2.09500002861023,0.0,7.09999990463257,2.15000009536743,0.0,0.15000000596046,2.09500002861023,0.0,7.09999990463257,6.15136003494263,1.20477890968323,-1.33936309814453,6.12725067138672,1.19761800765991,-1.2892017364502,"(6.127251, 1.197618, -1.289202)",EyeArea,9.4407844543457,0.1,6.15136003494263,1.20477890968323,-1.33936309814453,0.00003628125675,90.3817622677577,0.00000323313938
1177,left road,1177,2.1949999332428,0.0,7.09999990463257,2.25,0.0,0.15000000596046,2.1949999332428,0.0,7.09999990463257,6.15136003494263,1.20477890968323,-1.33936309814453,6.12784576416016,1.19761848449707,-1.28920567035675,"(6.127846, 1.197618, -1.289206)",EyeArea,9.3982515335083,0.1,6.15136003494263,1.20477890968323,-1.33936309814453,0.00003628125675,90.3817622677577,0.00000323313938
1178,left road,1178,2.29499983787537,0.0,7.09999990463257,2.34999990463257,0.0,0.15000000596046,2.29499983787537,0.0,7.09999990463257,6.15136003494263,1.20477890968323,-1.33936309814453,6.12844228744507,1.19761908054352,-1.2892097234726,"(6.128442, 1.197619, -1.28921)",EyeArea,9.35659408569336,0.1,6.15136003494263,1.20477890968323,-1.33936309814453,0.00003628125675,90.3817622677577,0.00000323313938
1179,left road,1179,2.39499998092651,0.0,7.09999990463257,2.45000004768372,0.0,0.15000000596046,2.39499998092651,0.0,7.09999990463257,6.15136003494263,1.20477890968323,-1.33936309814453,6.12903833389282,1.19761967658997,-1.28921365737915,"(6.129038, 1.19762, -1.289214)",EyeArea,9.31582450866699,0.1,6.15136003494263,1.20477890968323,-1.33936309814453,0.00003628125675,90.3817622677577,0.00000323313938
1180,left road,1180,2.49499988555908,0.0,7.09999990463257,2.54999995231628,0.0,0.15000000596046,2.49499988555908,0.0,7.09999990463257,6.15136003494263,1.20477890968323,-1.33936309814453,6.12963390350342,1.19762015342712,-1.28921759128571,"(6.129634, 1.19762, -1.289218)",EyeArea,9.275954246521,0.1,6.15136003494263,1.20477890968323,-1.33936309814453,0.00003628125675,90.3817622677577,0.00000323313938
1181,left road,1181,2.59500002861023,0.0,7.09999990463257,2.65000009536743,0.0,0.15000000596046,2.59500002861023,0.0,7.09999990463257,6.15136003494263,1.20477890968323,-1.33936309814453,6.13023042678833,1.19762086868286,-1.28922152519226,"(6.13023, 1.197621, -1.289222)",EyeArea,9.23699283599854,0.1,6.15136003494263,1.20477890968323,-1.33936309814453,0.00003628125675,90.3817622677577,0.00000323313938
1182,left road,1182,2.6949999332428,0.0,7.09999990463257,2.75,0.0,0.15000000596046,2.6949999332428,0.0,7.09999990463257,6.15136003494263,1.20477890968323,-1.33936309814453,6.13082599639893,1.19762146472931,-1.28922557830811,"(6.130826, 1.197621, -1.289226)",EyeArea,9.19895458221436,0.1,6.15136003494263,1.20477890968323,-1.33936309814453,0.00003628125675,90.3817622677577,0.00000323313938
1183,left road,1183,2.79499983787537,0.0,7.09999990463257,2.84999990463257,0.0,0.15000000596046,2.79499983787537,0.0,7.09999990463257,6.15136003494263,1.20477890968323,-1.33936309814453,6.13142156600952,1.19762182235718,-1.28922951221466,"(6.131422, 1.197622, -1.28923)",EyeArea,9.16184997558594,0.1,6.15136003494263,1.20477890968323,-1.33936309814453,0.00003628125675,90.3817622677577,0.00000323313938
1184,left road,1184,2.89499998092651,0.0,7.09999990463257,2.95000004768372,0.0,0.15000000596046,2.89499998092651,0.0,7.09999990463257,6.15136003494263,1.20477890968323,-1.33936309814453,6.13201761245728,1.19762253761292,-1.28923344612122,"(6.132018, 1.197623, -1.289233)",EyeArea,9.12569046020508,0.1,6.15136003494263,1.20477890968323,-1.33936309814453,0.00003628125675,90.3817622677577,0.00000323313938
1185,left road,1185,2.99499988555908,0.0,7.09999990463257,3.04999995231628,0.0,0.15000000596046,2.99499988555908,0.0,7.09999990463257,6.15136003494263,1.20477890968323,-1.33936309814453,6.13261270523071,1.19762313365936,-1.28923749923706,"(6.132613, 1.197623, -1.289237)",EyeArea,9.09048748016357,0.1,6.15136003494263,1.20477890968323,-1.33936309814453,0.00003628125675,90.3817622677577,0.00000323313938
1186,left road,1186,3.09500002861023,0.0,7.09999990463257,3.15000009536743,0.0,0.15000000596046,3.09500002861023,0.0,7.09999990463257,6.15136003494263,1.20477890968323,-1.33936309814453,6.13320779800415,1.19762361049652,-1.28924143314362,"(6.133208, 1.197624, -1.289241)",EyeArea,9.05625152587891,0.1,6.15136003494263,1.20477890968323,-1.33936309814453,0.00003628125675,90.3817622677577,0.00000323313938
1187,left road,1187,3.1949999332428,0.0,7.09999990463257,3.25,0.0,0.15000000596046,3.1949999332428,0.0,7.09999990463257,6.15136003494263,1.20477890968323,-1.33936309814453,6.13380336761475,1.19762420654297,-1.28924536705017,"(6.133803, 1.197624, -1.289245)",EyeArea,9.02299404144287,0.1,6.15136003494263,1.20477890968323,-1.33936309814453,0.00003628125675,90.3817622677577,0.00000323313938
1188,left road,1188,3.29499983787537,0.0,7.09999990463257,3.34999990463257,0.0,0.15000000596046,3.29499983787537,0.0,7.09999990463257,6.15136003494263,1.20477890968323,-1.33936309814453,6.13439846038818,1.19762480258942,-1.28924930095673,"(6.134398, 1.197625, -1.289249)",EyeArea,8.99072551727295,0.1,6.15136003494263,1.20477890968323,-1.33936309814453,0.00003628125675,90.3817622677577,0.00000323313938
1189,left road,1189,3.39499998092651,0.0,7.09999990463257,3.45000004768372,0.0,0.15000000596046,3.39499998092651,0.0,7.09999990463257,6.15136003494263,1.20477890968323,-1.33936309814453,6.13499355316162,1.19762516021729,-1.28925335407257,"(6.134994, 1.197625, -1.289253)",EyeArea,8.95945644378662,0.1,6.15136003494263,1.20477890968323,-1.33936309814453,0.00003628125675,90.3817622677577,0.00000323313938
1190,left road,1190,-3.50500011444092,0.0,7.19999980926514,-3.45000004768372,0.0,0.25,-3.50500011444092,0.0,7.19999980926514,6.15136003494263,1.20477890968323,-1.33936309814453,5.6000394821167,1.13599324226379,-0.85181593894958,"(5.600039, 1.135993, -0.851816)",truck body CS,12.9467182159424,0.1,6.15136003494263,1.20477890968323,-1.33936309814453,0.00003628125675,90.3817622677577,0.00000323313938
1191,left road,1191,-3.40499997138977,0.0,7.19999980926514,-3.34999990463257,0.0,0.25,-3.40499997138977,0.0,7.19999980926514,6.15136003494263,1.20477890968323,-1.33936309814453,5.59865808486938,1.13509917259216,-0.8454794883728,"(5.598658, 1.135099, -0.845479)",truck body CS,12.8723049163818,0.1,6.15136003494263,1.20477890968323,-1.33936309814453,0.00003628125675,90.3817622677577,0.00000323313938
1192,left road,1192,-3.3050000667572,0.0,7.19999980926514,-3.25,0.0,0.25,-3.3050000667572,0.0,7.19999980926514,6.15136003494263,1.20477890968323,-1.33936309814453,5.59726572036743,1.13418507575989,-0.83900016546249,"(5.597266, 1.134185, -0.839)",truck body CS,12.7982406616211,0.1,6.15136003494263,1.20477890968323,-1.33936309814453,0.00003628125675,90.3817622677577,0.00000323313938
1193,left road,1193,-3.20500016212463,0.0,7.19999980926514,-3.15000009536743,0.0,0.25,-3.20500016212463,0.0,7.19999980926514,6.15136003494263,1.20477890968323,-1.33936309814453,5.59736824035645,1.13344371318817,-0.83374536037445,"(5.597368, 1.133444, -0.833745)",truck body CS,12.7245311737061,0.1,6.15136003494263,1.20477890968323,-1.33936309814453,0.00003628125675,90.3817622677577,0.00000323313938
1194,left road,1194,-3.10500001907349,0.0,7.19999980926514,-3.04999995231628,0.0,0.25,-3.10500001907349,0.0,7.19999980926514,6.15136003494263,1.20477890968323,-1.33936309814453,5.5974702835083,1.13268637657166,-0.82837820053101,"(5.59747, 1.132686, -0.828378)",truck body CS,12.6511821746826,0.1,6.15136003494263,1.20477890968323,-1.33936309814453,0.00003628125675,90.3817622677577,0.00000323313938
1195,left road,1195,-3.00500011444092,0.0,7.19999980926514,-2.95000004768372,0.0,0.25,-3.00500011444092,0.0,7.19999980926514,6.15136003494263,1.20477890968323,-1.33936309814453,5.59757518768311,1.13191270828247,-0.82289451360703,"(5.597575, 1.131913, -0.822895)",truck body CS,12.5782012939453,0.1,6.15136003494263,1.20477890968323,-1.33936309814453,0.00003628125675,90.3817622677577,0.00000323313938
1196,left road,1196,-2.90499997138977,0.0,7.19999980926514,-2.84999990463257,0.0,0.25,-2.90499997138977,0.0,7.19999980926514,6.15136003494263,1.20477890968323,-1.33936309814453,5.59768104553223,1.13112235069275,-0.81729239225388,"(5.597681, 1.131122, -0.817292)",truck body CS,12.5055932998657,0.1,6.15136003494263,1.20477890968323,-1.33936309814453,0.00003628125675,90.3817622677577,0.00000323313938
1197,left road,1197,-2.8050000667572,0.0,7.19999980926514,-2.75,0.0,0.25,-2.8050000667572,0.0,7.19999980926514,6.15136003494263,1.20477890968323,-1.33936309814453,5.59779071807861,1.13031458854675,-0.81156826019287,"(5.597791, 1.130315, -0.811568)",truck body CS,12.4333658218384,0.1,6.15136003494263,1.20477890968323,-1.33936309814453,0.00003628125675,90.3817622677577,0.00000323313938
1198,left road,1198,-2.70500016212463,0.0,7.19999980926514,-2.65000009536743,0.0,0.25,-2.70500016212463,0.0,7.19999980926514,6.15136003494263,1.20477890968323,-1.33936309814453,5.59790563583374,1.12948942184448,-0.80571848154068,"(5.597906, 1.129489, -0.805718)",truck body CS,12.3615264892578,0.1,6.15136003494263,1.20477890968323,-1.33936309814453,0.00003628125675,90.3817622677577,0.00000323313938
1199,left road,1199,-2.60500001907349,0.0,7.19999980926514,-2.54999995231628,0.0,0.25,-2.60500001907349,0.0,7.19999980926514,6.15136003494263,1.20477890968323,-1.33936309814453,5.59801864624023,1.12864518165588,-0.79973441362381,"(5.598019, 1.128645, -0.799734)",truck body CS,12.2900791168213,0.1,6.15136003494263,1.20477890968323,-1.33936309814453,0.00003628125675,90.3817622677577,0.00000323313938
1200,left road,1200,-2.50500011444092,0.0,7.19999980926514,-2.45000004768372,0.0,0.25,-2.50500011444092,0.0,7.19999980926514,6.15136003494263,1.20477890968323,-1.33936309814453,5.59902620315552,1.12790584564209,-0.79449415206909,"(5.599026, 1.127906, -0.794494)",truck body CS,12.219033241272,0.1,6.15136003494263,1.20477890968323,-1.33936309814453,0.00003628125675,90.3817622677577,0.00000323313938
1201,left road,1201,-2.40499997138977,0.0,7.19999980926514,-2.34999990463257,0.0,0.25,-2.40499997138977,0.0,7.19999980926514,6.15136003494263,1.20477890968323,-1.33936309814453,5.6006293296814,1.12723326683044,-0.78972595930099,"(5.600629, 1.127233, -0.789726)",truck body CS,12.1483955383301,0.1,6.15136003494263,1.20477890968323,-1.33936309814453,0.00003628125675,90.3817622677577,0.00000323313938
1202,left road,1202,-2.3050000667572,0.0,7.19999980926514,-2.25,0.0,0.25,-2.3050000667572,0.0,7.19999980926514,6.15136003494263,1.20477890968323,-1.33936309814453,5.60226058959961,1.12654876708984,-0.7848749756813,"(5.602261, 1.126549, -0.784875)",truck body CS,12.0781717300415,0.1,6.15136003494263,1.20477890968323,-1.33936309814453,0.00003628125675,90.3817622677577,0.00000323313938
1203,left road,1203,-2.20500016212463,0.0,7.19999980926514,-2.15000009536743,0.0,0.25,-2.20500016212463,0.0,7.19999980926514,6.15136003494263,1.20477890968323,-1.33936309814453,5.60493516921997,1.12599813938141,-0.78097206354141,"(5.604935, 1.125998, -0.780972)",truck body CS,12.0083703994751,0.1,6.15136003494263,1.20477890968323,-1.33936309814453,0.00003628125675,90.3817622677577,0.00000323313938
1204,left road,1204,-2.10500001907349,0.0,7.19999980926514,-2.04999995231628,0.0,0.25,-2.10500001907349,0.0,7.19999980926514,6.15136003494263,1.20477890968323,-1.33936309814453,5.60798597335815,1.12548899650574,-0.77736407518387,"(5.607986, 1.125489, -0.777364)",truck body CS,11.9389982223511,0.1,6.15136003494263,1.20477890968323,-1.33936309814453,0.00003628125675,90.3817622677577,0.00000323313938
1205,left road,1205,-2.00500011444092,0.0,7.19999980926514,-1.95000004768372,0.0,0.25,-2.00500011444092,0.0,7.19999980926514,6.15136003494263,1.20477890968323,-1.33936309814453,5.61107492446899,1.12497305870056,-0.77370738983154,"(5.611075, 1.124973, -0.773707)",truck body CS,11.8700647354126,0.1,6.15136003494263,1.20477890968323,-1.33936309814453,0.00003628125675,90.3817622677577,0.00000323313938
1206,left road,1206,-1.90499997138977,0.0,7.19999980926514,-1.85000002384186,0.0,0.25,-1.90499997138977,0.0,7.19999980926514,6.15136003494263,1.20477890968323,-1.33936309814453,5.61420583724976,1.12445092201233,-0.77000463008881,"(5.614206, 1.124451, -0.770005)",truck body CS,11.8015737533569,0.1,6.15136003494263,1.20477890968323,-1.33936309814453,0.00003628125675,90.3817622677577,0.00000323313938
1207,left road,1207,-1.80499994754791,0.0,7.19999980926514,-1.75,0.0,0.25,-1.80499994754791,0.0,7.19999980926514,6.15136003494263,1.20477890968323,-1.33936309814453,5.61737537384033,1.12392115592957,-0.76625090837479,"(5.617375, 1.123921, -0.766251)",truck body CS,11.7335367202759,0.1,6.15136003494263,1.20477890968323,-1.33936309814453,0.00003628125675,90.3817622677577,0.00000323313938
1208,left road,1208,-1.70499992370605,0.0,7.19999980926514,-1.64999997615814,0.0,0.25,-1.70499992370605,0.0,7.19999980926514,6.15136003494263,1.20477890968323,-1.33936309814453,5.62058925628662,1.12338471412659,-0.76244860887527,"(5.620589, 1.123385, -0.762449)",truck body CS,11.6659593582153,0.1,6.15136003494263,1.20477890968323,-1.33936309814453,0.00003628125675,90.3817622677577,0.00000323313938
1209,left road,1209,-1.6049998998642,0.0,7.19999980926514,-1.54999995231628,0.0,0.25,-1.6049998998642,0.0,7.19999980926514,6.15136003494263,1.20477890968323,-1.33936309814453,5.62384414672852,1.12284088134766,-0.75859475135803,"(5.623844, 1.122841, -0.758595)",truck body CS,11.5988502502441,0.1,6.15136003494263,1.20477890968323,-1.33936309814453,0.00003628125675,90.3817622677577,0.00000323313938
1210,left road,1210,-1.50499999523163,0.0,7.19999980926514,-1.45000004768372,0.0,0.25,-1.50499999523163,0.0,7.19999980926514,6.15136003494263,1.20477890968323,-1.33936309814453,5.62714195251465,1.12228989601135,-0.75468808412552,"(5.627142, 1.12229, -0.754688)",truck body CS,11.5322189331055,0.1,6.15136003494263,1.20477890968323,-1.33936309814453,0.00003628125675,90.3817622677577,0.00000323313938
1211,left road,1211,-1.40499997138977,0.0,7.19999980926514,-1.35000002384186,0.0,0.25,-1.40499997138977,0.0,7.19999980926514,6.15136003494263,1.20477890968323,-1.33936309814453,5.63048553466797,1.12173116207123,-0.75072860717773,"(5.630486, 1.121731, -0.750729)",truck body CS,11.4660711288452,0.1,6.15136003494263,1.20477890968323,-1.33936309814453,0.00003628125675,90.3817622677577,0.00000323313938
1212,left road,1212,-1.30499994754791,0.0,7.19999980926514,-1.25,0.0,0.25,-1.30499994754791,0.0,7.19999980926514,6.15136003494263,1.20477890968323,-1.33936309814453,5.63387203216553,1.12116456031799,-0.74671322107315,"(5.633872, 1.121165, -0.746713)",truck body CS,11.4004173278809,0.1,6.15136003494263,1.20477890968323,-1.33936309814453,0.00003628125675,90.3817622677577,0.00000323313938
1213,left road,1213,-1.20499992370605,0.0,7.19999980926514,-1.14999997615814,0.0,0.25,-1.20499992370605,0.0,7.19999980926514,6.15136003494263,1.20477890968323,-1.33936309814453,5.63730812072754,1.1205906867981,-0.74264454841614,"(5.637308, 1.120591, -0.742645)",truck body CS,11.3352651596069,0.1,6.15136003494263,1.20477890968323,-1.33936309814453,0.00003628125675,90.3817622677577,0.00000323313938
1214,left road,1214,-1.1049998998642,0.0,7.19999980926514,-1.04999995231628,0.0,0.25,-1.1049998998642,0.0,7.19999980926514,6.15136003494263,1.20477890968323,-1.33936309814453,5.64078855514526,1.12000846862793,-0.73851752281189,"(5.640789, 1.120008, -0.738518)",truck body CS,11.2706241607666,0.1,6.15136003494263,1.20477890968323,-1.33936309814453,0.00003628125675,90.3817622677577,0.00000323313938
1215,left road,1215,-1.00499999523163,0.0,7.19999980926514,-0.94999998807907,0.0,0.25,-1.00499999523163,0.0,7.19999980926514,6.15136003494263,1.20477890968323,-1.33936309814453,5.64432048797607,1.11941838264465,-0.73433589935303,"(5.64432, 1.119418, -0.734336)",truck body CS,11.2065019607544,0.1,6.15136003494263,1.20477890968323,-1.33936309814453,0.00003628125675,90.3817622677577,0.00000323313938
1216,left road,1216,-0.90500003099442,0.0,7.19999980926514,-0.85000002384186,0.0,0.25,-0.90500003099442,0.0,7.19999980926514,6.15136003494263,1.20477890968323,-1.33936309814453,5.64790010452271,1.11881995201111,-0.73009359836578,"(5.6479, 1.11882, -0.730094)",truck body CS,11.1429090499878,0.1,6.15136003494263,1.20477890968323,-1.33936309814453,0.00003628125675,90.3817622677577,0.00000323313938
1217,left road,1217,-0.80500000715256,0.0,7.19999980926514,-0.75,0.0,0.25,-0.80500000715256,0.0,7.19999980926514,6.15136003494263,1.20477890968323,-1.33936309814453,5.65153121948242,1.11821317672729,-0.7257936000824,"(5.651531, 1.118213, -0.725794)",truck body CS,11.0798530578613,0.1,6.15136003494263,1.20477890968323,-1.33936309814453,0.00003628125675,90.3817622677577,0.00000323313938
1218,left road,1218,-0.7049999833107,0.0,7.19999980926514,-0.64999997615814,0.0,0.25,-0.7049999833107,0.0,7.19999980926514,6.15136003494263,1.20477890968323,-1.33936309814453,5.65521287918091,1.11759746074677,-0.72142934799194,"(5.655213, 1.117597, -0.721429)",truck body CS,11.0173444747925,0.1,6.15136003494263,1.20477890968323,-1.33936309814453,0.00003628125675,90.3817622677577,0.00000323313938
1219,left road,1219,-0.60500001907349,0.0,7.19999980926514,-0.55000001192093,0.0,0.25,-0.60500001907349,0.0,7.19999980926514,6.15136003494263,1.20477890968323,-1.33936309814453,5.65894746780396,1.1169730424881,-0.71700370311737,"(5.658947, 1.116973, -0.717004)",truck body CS,10.9553918838501,0.1,6.15136003494263,1.20477890968323,-1.33936309814453,0.00003628125675,90.3817622677577,0.00000323313938
1220,left road,1220,-0.50499999523163,0.0,7.19999980926514,-0.44999998807907,0.0,0.25,-0.50499999523163,0.0,7.19999980926514,6.15136003494263,1.20477890968323,-1.33936309814453,5.66273593902588,1.11633968353271,-0.71251380443573,"(5.662736, 1.11634, -0.712514)",truck body CS,10.8940048217773,0.1,6.15136003494263,1.20477890968323,-1.33936309814453,0.00003628125675,90.3817622677577,0.00000323313938
1221,left road,1221,-0.40500000119209,0.0,7.19999980926514,-0.34999999403954,0.0,0.25,-0.40500000119209,0.0,7.19999980926514,6.15136003494263,1.20477890968323,-1.33936309814453,5.66658067703247,1.11569714546204,-0.70796012878418,"(5.666581, 1.115697, -0.70796)",truck body CS,10.8331928253174,0.1,6.15136003494263,1.20477890968323,-1.33936309814453,0.00003628125675,90.3817622677577,0.00000323313938
1222,left road,1222,-0.30500000715256,0.0,7.19999980926514,-0.25,0.0,0.25,-0.30500000715256,0.0,7.19999980926514,6.15136003494263,1.20477890968323,-1.33936309814453,5.67434501647949,1.11576628684998,-0.70844960212708,"(5.674345, 1.115766, -0.70845)",truck body CS,10.7729654312134,0.1,6.15136003494263,1.20477890968323,-1.33936309814453,0.00003628125675,90.3817622677577,0.00000323313938
1223,left road,1223,-0.20500001311302,0.0,7.19999980926514,-0.15000000596046,0.0,0.25,-0.20500001311302,0.0,7.19999980926514,6.15136003494263,1.20477890968323,-1.33936309814453,5.68245935440063,1.1159040927887,-0.70942580699921,"(5.682459, 1.115904, -0.709426)",truck body CS,10.7133340835571,0.1,6.15136003494263,1.20477890968323,-1.33936309814453,0.00003628125675,90.3817622677577,0.00000323313938
1224,left road,1224,-0.10500000417233,0.0,7.19999980926514,-0.05000000074506,0.0,0.25,-0.10500000417233,0.0,7.19999980926514,6.15136003494263,1.20477890968323,-1.33936309814453,5.69054698944092,1.1160409450531,-0.71039581298828,"(5.690547, 1.116041, -0.710396)",truck body CS,10.6543064117432,0.1,6.15136003494263,1.20477890968323,-1.33936309814453,0.00003628125675,90.3817622677577,0.00000323313938
1225,left road,1225,-0.00499999895692,0.0,7.19999980926514,0.05000000074506,0.0,0.25,-0.00499999895692,0.0,7.19999980926514,6.15136003494263,1.20477890968323,-1.33936309814453,5.6983847618103,1.11613321304321,-0.7110515832901,"(5.698385, 1.116133, -0.711052)",truck body CS,10.5958948135376,0.1,6.15136003494263,1.20477890968323,-1.33936309814453,0.00003628125675,90.3817622677577,0.00000323313938
1226,left road,1226,0.09500000625849,0.0,7.19999980926514,0.15000000596046,0.0,0.25,0.09500000625849,0.0,7.19999980926514,6.15136003494263,1.20477890968323,-1.33936309814453,5.705482006073,1.11608123779297,-0.71068322658539,"(5.705482, 1.116081, -0.710683)",truck body CS,10.5381078720093,0.1,6.15136003494263,1.20477890968323,-1.33936309814453,0.00003628125675,90.3817622677577,0.00000323313938
1227,left road,1227,0.19499999284744,0.0,7.19999980926514,0.25,0.0,0.25,0.19499999284744,0.0,7.19999980926514,6.15136003494263,1.20477890968323,-1.33936309814453,5.71440029144287,1.11639618873596,-0.71291482448578,"(5.7144, 1.116396, -0.712915)",truck body CS,10.4809560775757,0.1,6.15136003494263,1.20477890968323,-1.33936309814453,0.00003628125675,90.3817622677577,0.00000323313938
1228,left road,1228,0.29499998688698,0.0,7.19999980926514,0.34999999403954,0.0,0.25,0.29499998688698,0.0,7.19999980926514,6.15136003494263,1.20477890968323,-1.33936309814453,6.11691188812256,1.19769215583801,-1.28913283348084,"(6.116912, 1.197692, -1.289133)",EyeArea,10.4244499206543,0.1,6.15136003494263,1.20477890968323,-1.33936309814453,0.00003628125675,90.3817622677577,0.00000323313938
1229,left road,1229,0.39499998092651,0.0,7.19999980926514,0.44999998807907,0.0,0.25,0.39499998092651,0.0,7.19999980926514,6.15136003494263,1.20477890968323,-1.33936309814453,6.11750268936157,1.19769275188446,-1.28913676738739,"(6.117503, 1.197693, -1.289137)",EyeArea,10.3686008453369,0.1,6.15136003494263,1.20477890968323,-1.33936309814453,0.00003628125675,90.3817622677577,0.00000323313938
1230,left road,1230,0.49500000476837,0.0,7.19999980926514,0.55000001192093,0.0,0.25,0.49500000476837,0.0,7.19999980926514,6.15136003494263,1.20477890968323,-1.33936309814453,6.11809301376343,1.19769322872162,-1.28914070129395,"(6.118093, 1.197693, -1.289141)",EyeArea,10.313419342041,0.1,6.15136003494263,1.20477890968323,-1.33936309814453,0.00003628125675,90.3817622677577,0.00000323313938
1231,left road,1231,0.59499996900558,0.0,7.19999980926514,0.64999997615814,0.0,0.25,0.59499996900558,0.0,7.19999980926514,6.15136003494263,1.20477890968323,-1.33936309814453,6.11868381500244,1.19769382476807,-1.2891446352005,"(6.118684, 1.197694, -1.289145)",EyeArea,10.2589159011841,0.1,6.15136003494263,1.20477890968323,-1.33936309814453,0.00003628125675,90.3817622677577,0.00000323313938
1232,left road,1232,0.69499999284744,0.0,7.19999980926514,0.75,0.0,0.25,0.69499999284744,0.0,7.19999980926514,6.15136003494263,1.20477890968323,-1.33936309814453,6.11927461624146,1.19769442081451,-1.28914856910706,"(6.119275, 1.197694, -1.289149)",EyeArea,10.2051000595093,0.1,6.15136003494263,1.20477890968323,-1.33936309814453,0.00003628125675,90.3817622677577,0.00000323313938
1233,left road,1233,0.7950000166893,0.0,7.19999980926514,0.85000002384186,0.0,0.25,0.7950000166893,0.0,7.19999980926514,6.15136003494263,1.20477890968323,-1.33936309814453,6.11986541748047,1.19769489765167,-1.28915250301361,"(6.119865, 1.197695, -1.289153)",EyeArea,10.151985168457,0.1,6.15136003494263,1.20477890968323,-1.33936309814453,0.00003628125675,90.3817622677577,0.00000323313938
1234,left road,1234,0.89499998092651,0.0,7.19999980926514,0.94999998807907,0.0,0.25,0.89499998092651,0.0,7.19999980926514,6.15136003494263,1.20477890968323,-1.33936309814453,6.12045574188232,1.19769549369812,-1.28915643692017,"(6.120456, 1.197695, -1.289156)",EyeArea,10.0995807647705,0.1,6.15136003494263,1.20477890968323,-1.33936309814453,0.00003628125675,90.3817622677577,0.00000323313938
1235,left road,1235,0.99499994516373,0.0,7.19999980926514,1.04999995231628,0.0,0.25,0.99499994516373,0.0,7.19999980926514,6.15136003494263,1.20477890968323,-1.33936309814453,6.12104606628418,1.19769597053528,-1.28916037082672,"(6.121046, 1.197696, -1.28916)",EyeArea,10.0478982925415,0.1,6.15136003494263,1.20477890968323,-1.33936309814453,0.00003628125675,90.3817622677577,0.00000323313938
1236,left road,1236,1.09500002861023,0.0,7.19999980926514,1.14999997615814,0.0,0.25,1.09500002861023,0.0,7.19999980926514,6.15136003494263,1.20477890968323,-1.33936309814453,6.12163686752319,1.19769656658173,-1.28916430473328,"(6.121637, 1.197697, -1.289164)",EyeArea,9.99694919586182,0.1,6.15136003494263,1.20477890968323,-1.33936309814453,0.00003628125675,90.3817622677577,0.00000323313938
1237,left road,1237,1.19500005245209,0.0,7.19999980926514,1.25,0.0,0.25,1.19500005245209,0.0,7.19999980926514,6.15136003494263,1.20477890968323,-1.33936309814453,6.12222671508789,1.19769716262817,-1.28916823863983,"(6.122227, 1.197697, -1.289168)",EyeArea,9.94674396514893,0.1,6.15136003494263,1.20477890968323,-1.33936309814453,0.00003628125675,90.3817622677577,0.00000323313938
1238,left road,1238,1.29500007629395,0.0,7.19999980926514,1.35000002384186,0.0,0.25,1.29500007629395,0.0,7.19999980926514,6.15136003494263,1.20477890968323,-1.33936309814453,6.12281656265259,1.19769763946533,-1.28917217254639,"(6.122817, 1.197698, -1.289172)",EyeArea,9.89729404449463,0.1,6.15136003494263,1.20477890968323,-1.33936309814453,0.00003628125675,90.3817622677577,0.00000323313938
1239,left road,1239,1.3950001001358,0.0,7.19999980926514,1.45000004768372,0.0,0.25,1.3950001001358,0.0,7.19999980926514,6.15136003494263,1.20477890968323,-1.33936309814453,6.12340641021729,1.19769823551178,-1.28917610645294,"(6.123406, 1.197698, -1.289176)",EyeArea,9.84861278533936,0.1,6.15136003494263,1.20477890968323,-1.33936309814453,0.00003628125675,90.3817622677577,0.00000323313938
1240,left road,1240,1.49500000476837,0.0,7.19999980926514,1.54999995231628,0.0,0.25,1.49500000476837,0.0,7.19999980926514,6.15136003494263,1.20477890968323,-1.33936309814453,6.12399625778198,1.19769883155823,-1.2891800403595,"(6.123996, 1.197699, -1.28918)",EyeArea,9.80070877075195,0.1,6.15136003494263,1.20477890968323,-1.33936309814453,0.00003628125675,90.3817622677577,0.00000323313938
1241,left road,1241,1.59500002861023,0.0,7.19999980926514,1.64999997615814,0.0,0.25,1.59500002861023,0.0,7.19999980926514,6.15136003494263,1.20477890968323,-1.33936309814453,6.12458658218384,1.19769930839539,-1.28918397426605,"(6.124587, 1.197699, -1.289184)",EyeArea,9.75359535217285,0.1,6.15136003494263,1.20477890968323,-1.33936309814453,0.00003628125675,90.3817622677577,0.00000323313938
1242,left road,1242,1.69500005245209,0.0,7.19999980926514,1.75,0.0,0.25,1.69500005245209,0.0,7.19999980926514,6.15136003494263,1.20477890968323,-1.33936309814453,6.12517595291138,1.19769990444183,-1.28918790817261,"(6.125176, 1.1977, -1.289188)",EyeArea,9.70728397369385,0.1,6.15136003494263,1.20477890968323,-1.33936309814453,0.00003628125675,90.3817622677577,0.00000323313938
1243,left road,1243,1.79500007629395,0.0,7.19999980926514,1.85000002384186,0.0,0.25,1.79500007629395,0.0,7.19999980926514,6.15136003494263,1.20477890968323,-1.33936309814453,6.12576484680176,1.19770050048828,-1.28919184207916,"(6.125765, 1.197701, -1.289192)",EyeArea,9.66178417205811,0.1,6.15136003494263,1.20477890968323,-1.33936309814453,0.00003628125675,90.3817622677577,0.00000323313938
1244,left road,1244,1.8950001001358,0.0,7.19999980926514,1.95000004768372,0.0,0.25,1.8950001001358,0.0,7.19999980926514,6.15136003494263,1.20477890968323,-1.33936309814453,6.12635469436646,1.19770109653473,-1.28919577598572,"(6.126355, 1.197701, -1.289196)",EyeArea,9.61711025238037,0.1,6.15136003494263,1.20477890968323,-1.33936309814453,0.00003628125675,90.3817622677577,0.00000323313938
1245,left road,1245,1.99500000476837,0.0,7.19999980926514,2.04999995231628,0.0,0.25,1.99500000476837,0.0,7.19999980926514,6.15136003494263,1.20477890968323,-1.33936309814453,6.12694358825684,1.19770157337189,-1.28919970989227,"(6.126944, 1.197702, -1.2892)",EyeArea,9.57327175140381,0.1,6.15136003494263,1.20477890968323,-1.33936309814453,0.00003628125675,90.3817622677577,0.00000323313938
1246,left road,1246,2.09500002861023,0.0,7.19999980926514,2.15000009536743,0.0,0.25,2.09500002861023,0.0,7.19999980926514,6.15136003494263,1.20477890968323,-1.33936309814453,6.12753343582153,1.19770216941834,-1.28920364379883,"(6.127533, 1.197702, -1.289204)",EyeArea,9.53028106689453,0.1,6.15136003494263,1.20477890968323,-1.33936309814453,0.00003628125675,90.3817622677577,0.00000323313938
1247,left road,1247,2.1949999332428,0.0,7.19999980926514,2.25,0.0,0.25,2.1949999332428,0.0,7.19999980926514,6.15136003494263,1.20477890968323,-1.33936309814453,6.12812232971191,1.19770264625549,-1.28920757770538,"(6.128122, 1.197703, -1.289208)",EyeArea,9.48815059661865,0.1,6.15136003494263,1.20477890968323,-1.33936309814453,0.00003628125675,90.3817622677577,0.00000323313938
1248,left road,1248,2.29499983787537,0.0,7.19999980926514,2.34999990463257,0.0,0.25,2.29499983787537,0.0,7.19999980926514,6.15136003494263,1.20477890968323,-1.33936309814453,6.12871170043945,1.19770324230194,-1.28921151161194,"(6.128712, 1.197703, -1.289212)",EyeArea,9.44688987731934,0.1,6.15136003494263,1.20477890968323,-1.33936309814453,0.00003628125675,90.3817622677577,0.00000323313938
1249,left road,1249,2.39499998092651,0.0,7.19999980926514,2.45000004768372,0.0,0.25,2.39499998092651,0.0,7.19999980926514,6.15136003494263,1.20477890968323,-1.33936309814453,6.12930059432983,1.1977037191391,-1.2892153263092,"(6.129301, 1.197704, -1.289215)",EyeArea,9.4065113067627,0.1,6.15136003494263,1.20477890968323,-1.33936309814453,0.00003628125675,90.3817622677577,0.00000323313938
1250,left road,1250,2.49499988555908,0.0,7.19999980926514,2.54999995231628,0.0,0.25,2.49499988555908,0.0,7.19999980926514,6.15136003494263,1.20477890968323,-1.33936309814453,6.12988948822021,1.19770431518555,-1.28921926021576,"(6.129889, 1.197704, -1.289219)",EyeArea,9.36702632904053,0.1,6.15136003494263,1.20477890968323,-1.33936309814453,0.00003628125675,90.3817622677577,0.00000323313938
1251,left road,1251,2.59500002861023,0.0,7.19999980926514,2.65000009536743,0.0,0.25,2.59500002861023,0.0,7.19999980926514,6.15136003494263,1.20477890968323,-1.33936309814453,6.1304783821106,1.19770491123199,-1.28922319412231,"(6.130478, 1.197705, -1.289223)",EyeArea,9.32844638824463,0.1,6.15136003494263,1.20477890968323,-1.33936309814453,0.00003628125675,90.3817622677577,0.00000323313938
1252,left road,1252,2.6949999332428,0.0,7.19999980926514,2.75,0.0,0.25,2.6949999332428,0.0,7.19999980926514,6.15136003494263,1.20477890968323,-1.33936309814453,6.13106727600098,1.19770538806915,-1.28922712802887,"(6.131067, 1.197705, -1.289227)",EyeArea,9.29078197479248,0.1,6.15136003494263,1.20477890968323,-1.33936309814453,0.00003628125675,90.3817622677577,0.00000323313938
1253,left road,1253,2.79499983787537,0.0,7.19999980926514,2.84999990463257,0.0,0.25,2.79499983787537,0.0,7.19999980926514,6.15136003494263,1.20477890968323,-1.33936309814453,6.13165616989136,1.1977059841156,-1.28923106193542,"(6.131656, 1.197706, -1.289231)",EyeArea,9.2540454864502,0.1,6.15136003494263,1.20477890968323,-1.33936309814453,0.00003628125675,90.3817622677577,0.00000323313938
1254,left road,1254,2.89499998092651,0.0,7.19999980926514,2.95000004768372,0.0,0.25,2.89499998092651,0.0,7.19999980926514,6.15136003494263,1.20477890968323,-1.33936309814453,6.13224458694458,1.19770658016205,-1.28923499584198,"(6.132245, 1.197707, -1.289235)",EyeArea,9.21824741363525,0.1,6.15136003494263,1.20477890968323,-1.33936309814453,0.00003628125675,90.3817622677577,0.00000323313938
1255,left road,1255,2.99499988555908,0.0,7.19999980926514,3.04999995231628,0.0,0.25,2.99499988555908,0.0,7.19999980926514,6.15136003494263,1.20477890968323,-1.33936309814453,6.13283252716064,1.19770705699921,-1.28923892974854,"(6.132833, 1.197707, -1.289239)",EyeArea,9.18339920043945,0.1,6.15136003494263,1.20477890968323,-1.33936309814453,0.00003628125675,90.3817622677577,0.00000323313938
1256,left road,1256,3.09500002861023,0.0,7.19999980926514,3.15000009536743,0.0,0.25,3.09500002861023,0.0,7.19999980926514,6.15136003494263,1.20477890968323,-1.33936309814453,6.13342094421387,1.19770765304565,-1.28924286365509,"(6.133421, 1.197708, -1.289243)",EyeArea,9.14951038360596,0.1,6.15136003494263,1.20477890968323,-1.33936309814453,0.00003628125675,90.3817622677577,0.00000323313938
1257,left road,1257,3.1949999332428,0.0,7.19999980926514,3.25,0.0,0.25,3.1949999332428,0.0,7.19999980926514,6.15136003494263,1.20477890968323,-1.33936309814453,6.13400936126709,1.1977082490921,-1.28924679756165,"(6.134009, 1.197708, -1.289247)",EyeArea,9.11659336090088,0.1,6.15136003494263,1.20477890968323,-1.33936309814453,0.00003628125675,90.3817622677577,0.00000323313938
1258,left road,1258,3.29499983787537,0.0,7.19999980926514,3.34999990463257,0.0,0.25,3.29499983787537,0.0,7.19999980926514,6.15136003494263,1.20477890968323,-1.33936309814453,6.13459777832031,1.19770884513855,-1.2892507314682,"(6.134598, 1.197709, -1.289251)",EyeArea,9.08465766906738,0.1,6.15136003494263,1.20477890968323,-1.33936309814453,0.00003628125675,90.3817622677577,0.00000323313938
1259,left road,1259,3.39499998092651,0.0,7.19999980926514,3.45000004768372,0.0,0.25,3.39499998092651,0.0,7.19999980926514,6.15136003494263,1.20477890968323,-1.33936309814453,6.13518571853638,1.19770932197571,-1.28925454616547,"(6.135186, 1.197709, -1.289255)",EyeArea,9.05371379852295,0.1,6.15136003494263,1.20477890968323,-1.33936309814453,0.00003628125675,90.3817622677577,0.00000323313938
1260,left road,1260,-3.50500011444092,0.0,7.29999971389771,-3.45000004768372,0.0,0.34999999403954,-3.50500011444092,0.0,7.29999971389771,6.15136003494263,1.20477890968323,-1.33936309814453,5.60101318359375,1.13611459732056,-0.84697765111923,"(5.601013, 1.136115, -0.846978)",truck body CS,13.0128927230835,0.1,6.15136003494263,1.20477890968323,-1.33936309814453,0.00003628125675,90.3817622677577,0.00000323313938
1261,left road,1261,-3.40499997138977,0.0,7.29999971389771,-3.34999990463257,0.0,0.34999999403954,-3.40499997138977,0.0,7.29999971389771,6.15136003494263,1.20477890968323,-1.33936309814453,5.59964895248413,1.13522410392761,-0.84059190750122,"(5.599649, 1.135224, -0.840592)",truck body CS,12.9388599395752,0.1,6.15136003494263,1.20477890968323,-1.33936309814453,0.00003628125675,90.3817622677577,0.00000323313938
1262,left road,1262,-3.3050000667572,0.0,7.29999971389771,-3.25,0.0,0.34999999403954,-3.3050000667572,0.0,7.29999971389771,6.15136003494263,1.20477890968323,-1.33936309814453,5.59922742843628,1.13443493843079,-0.83493256568909,"(5.599227, 1.134435, -0.834933)",truck body CS,12.8651781082153,0.1,6.15136003494263,1.20477890968323,-1.33936309814453,0.00003628125675,90.3817622677577,0.00000323313938
1263,left road,1263,-3.20500016212463,0.0,7.29999971389771,-3.15000009536743,0.0,0.34999999403954,-3.20500016212463,0.0,7.29999971389771,6.15136003494263,1.20477890968323,-1.33936309814453,5.59934949874878,1.13369882106781,-0.82965350151062,"(5.599349, 1.133699, -0.829654)",truck body CS,12.7918548583984,0.1,6.15136003494263,1.20477890968323,-1.33936309814453,0.00003628125675,90.3817622677577,0.00000323313938
1264,left road,1264,-3.10500001907349,0.0,7.29999971389771,-3.04999995231628,0.0,0.34999999403954,-3.10500001907349,0.0,7.29999971389771,6.15136003494263,1.20477890968323,-1.33936309814453,5.5994701385498,1.13294672966003,-0.82426089048386,"(5.59947, 1.132947, -0.824261)",truck body CS,12.7188940048218,0.1,6.15136003494263,1.20477890968323,-1.33936309814453,0.00003628125675,90.3817622677577,0.00000323313938
1265,left road,1265,-3.00500011444092,0.0,7.29999971389771,-2.95000004768372,0.0,0.34999999403954,-3.00500011444092,0.0,7.29999971389771,6.15136003494263,1.20477890968323,-1.33936309814453,5.59959650039673,1.13217878341675,-0.81875413656235,"(5.599597, 1.132179, -0.818754)",truck body CS,12.6463041305542,0.1,6.15136003494263,1.20477890968323,-1.33936309814453,0.00003628125675,90.3817622677577,0.00000323313938
1266,left road,1266,-2.90499997138977,0.0,7.29999971389771,-2.84999990463257,0.0,0.34999999403954,-2.90499997138977,0.0,7.29999971389771,6.15136003494263,1.20477890968323,-1.33936309814453,5.59972620010376,1.1313943862915,-0.81312841176987,"(5.599726, 1.131394, -0.813128)",truck body CS,12.574089050293,0.1,6.15136003494263,1.20477890968323,-1.33936309814453,0.00003628125675,90.3817622677577,0.00000323313938
1267,left road,1267,-2.8050000667572,0.0,7.29999971389771,-2.75,0.0,0.34999999403954,-2.8050000667572,0.0,7.29999971389771,6.15136003494263,1.20477890968323,-1.33936309814453,5.59985685348511,1.13059258460999,-0.80737936496735,"(5.599857, 1.130593, -0.807379)",truck body CS,12.5022583007813,0.1,6.15136003494263,1.20477890968323,-1.33936309814453,0.00003628125675,90.3817622677577,0.00000323313938
1268,left road,1268,-2.70500016212463,0.0,7.29999971389771,-2.65000009536743,0.0,0.34999999403954,-2.70500016212463,0.0,7.29999971389771,6.15136003494263,1.20477890968323,-1.33936309814453,5.59999227523804,1.12977337837219,-0.80150467157364,"(5.599992, 1.129773, -0.801505)",truck body CS,12.4308166503906,0.1,6.15136003494263,1.20477890968323,-1.33936309814453,0.00003628125675,90.3817622677577,0.00000323313938
1269,left road,1269,-2.60500001907349,0.0,7.29999971389771,-2.54999995231628,0.0,0.34999999403954,-2.60500001907349,0.0,7.29999971389771,6.15136003494263,1.20477890968323,-1.33936309814453,5.60013055801392,1.12893581390381,-0.79549878835678,"(5.600131, 1.128936, -0.795499)",truck body CS,12.359769821167,0.1,6.15136003494263,1.20477890968323,-1.33936309814453,0.00003628125675,90.3817622677577,0.00000323313938
1270,left road,1270,-2.50500011444092,0.0,7.29999971389771,-2.45000004768372,0.0,0.34999999403954,-2.50500011444092,0.0,7.29999971389771,6.15136003494263,1.20477890968323,-1.33936309814453,5.60128211975098,1.12821984291077,-0.79036509990692,"(5.601282, 1.12822, -0.790365)",truck body CS,12.2891273498535,0.1,6.15136003494263,1.20477890968323,-1.33936309814453,0.00003628125675,90.3817622677577,0.00000323313938
1271,left road,1271,-2.40499997138977,0.0,7.29999971389771,-2.34999990463257,0.0,0.34999999403954,-2.40499997138977,0.0,7.29999971389771,6.15136003494263,1.20477890968323,-1.33936309814453,5.60289716720581,1.12755250930786,-0.78557926416397,"(5.602897, 1.127553, -0.785579)",truck body CS,12.2188940048218,0.1,6.15136003494263,1.20477890968323,-1.33936309814453,0.00003628125675,90.3817622677577,0.00000323313938
1272,left road,1272,-2.3050000667572,0.0,7.29999971389771,-2.25,0.0,0.34999999403954,-2.3050000667572,0.0,7.29999971389771,6.15136003494263,1.20477890968323,-1.33936309814453,5.60551261901855,1.12701201438904,-0.78170341253281,"(5.605513, 1.127012, -0.781703)",truck body CS,12.1490783691406,0.1,6.15136003494263,1.20477890968323,-1.33936309814453,0.00003628125675,90.3817622677577,0.00000323313938
1273,left road,1273,-2.20500016212463,0.0,7.29999971389771,-2.15000009536743,0.0,0.34999999403954,-2.20500016212463,0.0,7.29999971389771,6.15136003494263,1.20477890968323,-1.33936309814453,5.6085262298584,1.12651586532593,-0.77814519405365,"(5.608526, 1.126516, -0.778145)",truck body CS,12.079686164856,0.1,6.15136003494263,1.20477890968323,-1.33936309814453,0.00003628125675,90.3817622677577,0.00000323313938
1274,left road,1274,-2.10500001907349,0.0,7.29999971389771,-2.04999995231628,0.0,0.34999999403954,-2.10500001907349,0.0,7.29999971389771,6.15136003494263,1.20477890968323,-1.33936309814453,5.61157941818237,1.12601351737976,-0.77454322576523,"(5.611579, 1.126014, -0.774543)",truck body CS,12.0107269287109,0.1,6.15136003494263,1.20477890968323,-1.33936309814453,0.00003628125675,90.3817622677577,0.00000323313938
1275,left road,1275,-2.00500011444092,0.0,7.29999971389771,-1.95000004768372,0.0,0.34999999403954,-2.00500011444092,0.0,7.29999971389771,6.15136003494263,1.20477890968323,-1.33936309814453,5.61467170715332,1.12550449371338,-0.77089273929596,"(5.614672, 1.125504, -0.770893)",truck body CS,11.9422063827515,0.1,6.15136003494263,1.20477890968323,-1.33936309814453,0.00003628125675,90.3817622677577,0.00000323313938
1276,left road,1276,-1.90499997138977,0.0,7.29999971389771,-1.85000002384186,0.0,0.34999999403954,-1.90499997138977,0.0,7.29999971389771,6.15136003494263,1.20477890968323,-1.33936309814453,5.61780309677124,1.12498879432678,-0.76719486713409,"(5.617803, 1.124989, -0.767195)",truck body CS,11.8741321563721,0.1,6.15136003494263,1.20477890968323,-1.33936309814453,0.00003628125675,90.3817622677577,0.00000323313938
1277,left road,1277,-1.80499994754791,0.0,7.29999971389771,-1.75,0.0,0.34999999403954,-1.80499994754791,0.0,7.29999971389771,6.15136003494263,1.20477890968323,-1.33936309814453,5.62097311019897,1.12446594238281,-0.76344603300095,"(5.620973, 1.124466, -0.763446)",truck body CS,11.8065128326416,0.1,6.15136003494263,1.20477890968323,-1.33936309814453,0.00003628125675,90.3817622677577,0.00000323313938
1278,left road,1278,-1.70499992370605,0.0,7.29999971389771,-1.64999997615814,0.0,0.34999999403954,-1.70499992370605,0.0,7.29999971389771,6.15136003494263,1.20477890968323,-1.33936309814453,5.62418651580811,1.12393653392792,-0.75964921712875,"(5.624187, 1.123937, -0.759649)",truck body CS,11.7393560409546,0.1,6.15136003494263,1.20477890968323,-1.33936309814453,0.00003628125675,90.3817622677577,0.00000323313938
1279,left road,1279,-1.6049998998642,0.0,7.29999971389771,-1.54999995231628,0.0,0.34999999403954,-1.6049998998642,0.0,7.29999971389771,6.15136003494263,1.20477890968323,-1.33936309814453,5.62744331359863,1.12340009212494,-0.75580275058746,"(5.627443, 1.1234, -0.755803)",truck body CS,11.6726684570313,0.1,6.15136003494263,1.20477890968323,-1.33936309814453,0.00003628125675,90.3817622677577,0.00000323313938
1280,left road,1280,-1.50499999523163,0.0,7.29999971389771,-1.45000004768372,0.0,0.34999999403954,-1.50499999523163,0.0,7.29999971389771,6.15136003494263,1.20477890968323,-1.33936309814453,5.6307430267334,1.12285649776459,-0.75190401077271,"(5.630743, 1.122856, -0.751904)",truck body CS,11.6064605712891,0.1,6.15136003494263,1.20477890968323,-1.33936309814453,0.00003628125675,90.3817622677577,0.00000323313938
1281,left road,1281,-1.40499997138977,0.0,7.29999971389771,-1.35000002384186,0.0,0.34999999403954,-1.40499997138977,0.0,7.29999971389771,6.15136003494263,1.20477890968323,-1.33936309814453,5.63408660888672,1.1223052740097,-0.74795180559158,"(5.634087, 1.122305, -0.747952)",truck body CS,11.5407390594482,0.1,6.15136003494263,1.20477890968323,-1.33936309814453,0.00003628125675,90.3817622677577,0.00000323313938
1282,left road,1282,-1.30499994754791,0.0,7.29999971389771,-1.25,0.0,0.34999999403954,-1.30499994754791,0.0,7.29999971389771,6.15136003494263,1.20477890968323,-1.33936309814453,5.63747501373291,1.12174677848816,-0.74394685029984,"(5.637475, 1.121747, -0.743947)",truck body CS,11.4755125045776,0.1,6.15136003494263,1.20477890968323,-1.33936309814453,0.00003628125675,90.3817622677577,0.00000323313938
1283,left road,1283,-1.20499992370605,0.0,7.29999971389771,-1.14999997615814,0.0,0.34999999403954,-1.20499992370605,0.0,7.29999971389771,6.15136003494263,1.20477890968323,-1.33936309814453,5.64090967178345,1.12118053436279,-0.73988604545593,"(5.64091, 1.121181, -0.739886)",truck body CS,11.4107885360718,0.1,6.15136003494263,1.20477890968323,-1.33936309814453,0.00003628125675,90.3817622677577,0.00000323313938
1284,left road,1284,-1.1049998998642,0.0,7.29999971389771,-1.04999995231628,0.0,0.34999999403954,-1.1049998998642,0.0,7.29999971389771,6.15136003494263,1.20477890968323,-1.33936309814453,5.64439249038696,1.12060678005219,-0.73577183485031,"(5.644392, 1.120607, -0.735772)",truck body CS,11.3465785980225,0.1,6.15136003494263,1.20477890968323,-1.33936309814453,0.00003628125675,90.3817622677577,0.00000323313938
1285,left road,1285,-1.00499999523163,0.0,7.29999971389771,-0.94999998807907,0.0,0.34999999403954,-1.00499999523163,0.0,7.29999971389771,6.15136003494263,1.20477890968323,-1.33936309814453,5.64792251586914,1.1200248003006,-0.7315987944603,"(5.647923, 1.120025, -0.731599)",truck body CS,11.2828874588013,0.1,6.15136003494263,1.20477890968323,-1.33936309814453,0.00003628125675,90.3817622677577,0.00000323313938
1286,left road,1286,-0.90500003099442,0.0,7.29999971389771,-0.85000002384186,0.0,0.34999999403954,-0.90500003099442,0.0,7.29999971389771,6.15136003494263,1.20477890968323,-1.33936309814453,5.65150260925293,1.1194349527359,-0.72736930847168,"(5.651503, 1.119435, -0.727369)",truck body CS,11.2197275161743,0.1,6.15136003494263,1.20477890968323,-1.33936309814453,0.00003628125675,90.3817622677577,0.00000323313938
1287,left road,1287,-0.80500000715256,0.0,7.29999971389771,-0.75,0.0,0.34999999403954,-0.80500000715256,0.0,7.29999971389771,6.15136003494263,1.20477890968323,-1.33936309814453,5.65513134002686,1.11883664131165,-0.72307908535004,"(5.655131, 1.118837, -0.723079)",truck body CS,11.1571063995361,0.1,6.15136003494263,1.20477890968323,-1.33936309814453,0.00003628125675,90.3817622677577,0.00000323313938
1288,left road,1288,-0.7049999833107,0.0,7.29999971389771,-0.64999997615814,0.0,0.34999999403954,-0.7049999833107,0.0,7.29999971389771,6.15136003494263,1.20477890968323,-1.33936309814453,5.6588134765625,1.11823010444641,-0.71872937679291,"(5.658813, 1.11823, -0.718729)",truck body CS,11.0950326919556,0.1,6.15136003494263,1.20477890968323,-1.33936309814453,0.00003628125675,90.3817622677577,0.00000323313938
1289,left road,1289,-0.60500001907349,0.0,7.29999971389771,-0.55000001192093,0.0,0.34999999403954,-0.60500001907349,0.0,7.29999971389771,6.15136003494263,1.20477890968323,-1.33936309814453,5.66254615783691,1.11761474609375,-0.71431660652161,"(5.662546, 1.117615, -0.714317)",truck body CS,11.0335159301758,0.1,6.15136003494263,1.20477890968323,-1.33936309814453,0.00003628125675,90.3817622677577,0.00000323313938
1290,left road,1290,-0.50499999523163,0.0,7.29999971389771,-0.44999998807907,0.0,0.34999999403954,-0.50499999523163,0.0,7.29999971389771,6.15136003494263,1.20477890968323,-1.33936309814453,5.66633272171021,1.11699056625366,-0.70984137058258,"(5.666333, 1.116991, -0.709841)",truck body CS,10.9725656509399,0.1,6.15136003494263,1.20477890968323,-1.33936309814453,0.00003628125675,90.3817622677577,0.00000323313938
1291,left road,1291,-0.40500000119209,0.0,7.29999971389771,-0.34999999403954,0.0,0.34999999403954,-0.40500000119209,0.0,7.29999971389771,6.15136003494263,1.20477890968323,-1.33936309814453,5.67372941970825,1.11701083183289,-0.70998644828796,"(5.673729, 1.117011, -0.709986)",truck body CS,10.9121913909912,0.1,6.15136003494263,1.20477890968323,-1.33936309814453,0.00003628125675,90.3817622677577,0.00000323313938
1292,left road,1292,-0.30500000715256,0.0,7.29999971389771,-0.25,0.0,0.34999999403954,-0.30500000715256,0.0,7.29999971389771,6.15136003494263,1.20477890968323,-1.33936309814453,5.68173265457153,1.11714482307434,-0.71094727516174,"(5.681733, 1.117145, -0.710947)",truck body CS,10.8524036407471,0.1,6.15136003494263,1.20477890968323,-1.33936309814453,0.00003628125675,90.3817622677577,0.00000323313938
1293,left road,1293,-0.20500001311302,0.0,7.29999971389771,-0.15000000596046,0.0,0.34999999403954,-0.20500001311302,0.0,7.29999971389771,6.15136003494263,1.20477890968323,-1.33936309814453,5.68970775604248,1.11727786064148,-0.71190083026886,"(5.689708, 1.117278, -0.711901)",truck body CS,10.7932100296021,0.1,6.15136003494263,1.20477890968323,-1.33936309814453,0.00003628125675,90.3817622677577,0.00000323313938
1294,left road,1294,-0.10500000417233,0.0,7.29999971389771,-0.05000000074506,0.0,0.34999999403954,-0.10500000417233,0.0,7.29999971389771,6.15136003494263,1.20477890968323,-1.33936309814453,5.69727802276611,1.1173369884491,-0.71232414245605,"(5.697278, 1.117337, -0.712324)",truck body CS,10.7346220016479,0.1,6.15136003494263,1.20477890968323,-1.33936309814453,0.00003628125675,90.3817622677577,0.00000323313938
1295,left road,1295,-0.00499999895692,0.0,7.29999971389771,0.05000000074506,0.0,0.34999999403954,-0.00499999895692,0.0,7.29999971389771,6.15136003494263,1.20477890968323,-1.33936309814453,5.70427751541138,1.11728656291962,-0.71196305751801,"(5.704278, 1.117287, -0.711963)",truck body CS,10.6766490936279,0.1,6.15136003494263,1.20477890968323,-1.33936309814453,0.00003628125675,90.3817622677577,0.00000323313938
1296,left road,1296,0.09500000625849,0.0,7.29999971389771,0.15000000596046,0.0,0.34999999403954,0.09500000625849,0.0,7.29999971389771,6.15136003494263,1.20477890968323,-1.33936309814453,5.71245956420898,1.11746942996979,-0.71327424049377,"(5.71246, 1.117469, -0.713274)",truck body CS,10.6193017959595,0.1,6.15136003494263,1.20477890968323,-1.33936309814453,0.00003628125675,90.3817622677577,0.00000323313938
1297,left road,1297,0.19499999284744,0.0,7.29999971389771,0.25,0.0,0.34999999403954,0.19499999284744,0.0,7.29999971389771,6.15136003494263,1.20477890968323,-1.33936309814453,6.11672830581665,1.19777417182922,-1.28913164138794,"(6.116728, 1.197774, -1.289132)",EyeArea,10.5625896453857,0.1,6.15136003494263,1.20477890968323,-1.33936309814453,0.00003628125675,90.3817622677577,0.00000323313938
1298,left road,1298,0.29499998688698,0.0,7.29999971389771,0.34999999403954,0.0,0.34999999403954,0.29499998688698,0.0,7.29999971389771,6.15136003494263,1.20477890968323,-1.33936309814453,6.11731243133545,1.19777464866638,-1.28913545608521,"(6.117312, 1.197775, -1.289135)",EyeArea,10.5065231323242,0.1,6.15136003494263,1.20477890968323,-1.33936309814453,0.00003628125675,90.3817622677577,0.00000323313938
1299,left road,1299,0.39499998092651,0.0,7.29999971389771,0.44999998807907,0.0,0.34999999403954,0.39499998092651,0.0,7.29999971389771,6.15136003494263,1.20477890968323,-1.33936309814453,6.11789560317993,1.19777512550354,-1.28913938999176,"(6.117896, 1.197775, -1.289139)",EyeArea,10.4511127471924,0.1,6.15136003494263,1.20477890968323,-1.33936309814453,0.00003628125675,90.3817622677577,0.00000323313938
1300,left road,1300,0.49500000476837,0.0,7.29999971389771,0.55000001192093,0.0,0.34999999403954,0.49500000476837,0.0,7.29999971389771,6.15136003494263,1.20477890968323,-1.33936309814453,6.11848020553589,1.19777572154999,-1.28914332389832,"(6.11848, 1.197776, -1.289143)",EyeArea,10.3963689804077,0.1,6.15136003494263,1.20477890968323,-1.33936309814453,0.00003628125675,90.3817622677577,0.00000323313938
1301,left road,1301,0.59499996900558,0.0,7.29999971389771,0.64999997615814,0.0,0.34999999403954,0.59499996900558,0.0,7.29999971389771,6.15136003494263,1.20477890968323,-1.33936309814453,6.11906433105469,1.19777631759644,-1.28914713859558,"(6.119064, 1.197776, -1.289147)",EyeArea,10.3423023223877,0.1,6.15136003494263,1.20477890968323,-1.33936309814453,0.00003628125675,90.3817622677577,0.00000323313938
1302,left road,1302,0.69499999284744,0.0,7.29999971389771,0.75,0.0,0.34999999403954,0.69499999284744,0.0,7.29999971389771,6.15136003494263,1.20477890968323,-1.33936309814453,6.11964750289917,1.1977766752243,-1.28915107250214,"(6.119648, 1.197777, -1.289151)",EyeArea,10.2889232635498,0.1,6.15136003494263,1.20477890968323,-1.33936309814453,0.00003628125675,90.3817622677577,0.00000323313938
1303,left road,1303,0.7950000166893,0.0,7.29999971389771,0.85000002384186,0.0,0.34999999403954,0.7950000166893,0.0,7.29999971389771,6.15136003494263,1.20477890968323,-1.33936309814453,6.12023162841797,1.19777739048004,-1.28915500640869,"(6.120232, 1.197777, -1.289155)",EyeArea,10.2362422943115,0.1,6.15136003494263,1.20477890968323,-1.33936309814453,0.00003628125675,90.3817622677577,0.00000323313938
1304,left road,1304,0.89499998092651,0.0,7.29999971389771,0.94999998807907,0.0,0.34999999403954,0.89499998092651,0.0,7.29999971389771,6.15136003494263,1.20477890968323,-1.33936309814453,6.12081527709961,1.19777798652649,-1.28915882110596,"(6.120815, 1.197778, -1.289159)",EyeArea,10.184271812439,0.1,6.15136003494263,1.20477890968323,-1.33936309814453,0.00003628125675,90.3817622677577,0.00000323313938
1305,left road,1305,0.99499994516373,0.0,7.29999971389771,1.04999995231628,0.0,0.34999999403954,0.99499994516373,0.0,7.29999971389771,6.15136003494263,1.20477890968323,-1.33936309814453,6.12139749526978,1.19777834415436,-1.28916275501251,"(6.121397, 1.197778, -1.289163)",EyeArea,10.1330213546753,0.1,6.15136003494263,1.20477890968323,-1.33936309814453,0.00003628125675,90.3817622677577,0.00000323313938
1306,left road,1306,1.09500002861023,0.0,7.29999971389771,1.14999997615814,0.0,0.34999999403954,1.09500002861023,0.0,7.29999971389771,6.15136003494263,1.20477890968323,-1.33936309814453,6.12198209762573,1.1977790594101,-1.28916656970978,"(6.121982, 1.197779, -1.289167)",EyeArea,10.0825023651123,0.1,6.15136003494263,1.20477890968323,-1.33936309814453,0.00003628125675,90.3817622677577,0.00000323313938
1307,left road,1307,1.19500005245209,0.0,7.29999971389771,1.25,0.0,0.34999999403954,1.19500005245209,0.0,7.29999971389771,6.15136003494263,1.20477890968323,-1.33936309814453,6.12256479263306,1.19777953624725,-1.28917050361633,"(6.122565, 1.19778, -1.289171)",EyeArea,10.0327253341675,0.1,6.15136003494263,1.20477890968323,-1.33936309814453,0.00003628125675,90.3817622677577,0.00000323313938
1308,left road,1308,1.29500007629395,0.0,7.29999971389771,1.35000002384186,0.0,0.34999999403954,1.29500007629395,0.0,7.29999971389771,6.15136003494263,1.20477890968323,-1.33936309814453,6.12314748764038,1.19778001308441,-1.28917443752289,"(6.123147, 1.19778, -1.289174)",EyeArea,9.98370170593262,0.1,6.15136003494263,1.20477890968323,-1.33936309814453,0.00003628125675,90.3817622677577,0.00000323313938
1309,left road,1309,1.3950001001358,0.0,7.29999971389771,1.45000004768372,0.0,0.34999999403954,1.3950001001358,0.0,7.29999971389771,6.15136003494263,1.20477890968323,-1.33936309814453,6.12373113632202,1.19778060913086,-1.28917825222015,"(6.123731, 1.197781, -1.289178)",EyeArea,9.93544387817383,0.1,6.15136003494263,1.20477890968323,-1.33936309814453,0.00003628125675,90.3817622677577,0.00000323313938
1310,left road,1310,1.49500000476837,0.0,7.29999971389771,1.54999995231628,0.0,0.34999999403954,1.49500000476837,0.0,7.29999971389771,6.15136003494263,1.20477890968323,-1.33936309814453,6.1243143081665,1.19778120517731,-1.28918218612671,"(6.124314, 1.197781, -1.289182)",EyeArea,9.88796043395996,0.1,6.15136003494263,1.20477890968323,-1.33936309814453,0.00003628125675,90.3817622677577,0.00000323313938
1311,left road,1311,1.59500002861023,0.0,7.29999971389771,1.64999997615814,0.0,0.34999999403954,1.59500002861023,0.0,7.29999971389771,6.15136003494263,1.20477890968323,-1.33936309814453,6.12489700317383,1.19778156280518,-1.28918600082397,"(6.124897, 1.197782, -1.289186)",EyeArea,9.84126472473145,0.1,6.15136003494263,1.20477890968323,-1.33936309814453,0.00003628125675,90.3817622677577,0.00000323313938
1312,left road,1312,1.69500005245209,0.0,7.29999971389771,1.75,0.0,0.34999999403954,1.69500005245209,0.0,7.29999971389771,6.15136003494263,1.20477890968323,-1.33936309814453,6.12547969818115,1.19778227806091,-1.28918993473053,"(6.12548, 1.197782, -1.28919)",EyeArea,9.79536724090576,0.1,6.15136003494263,1.20477890968323,-1.33936309814453,0.00003628125675,90.3817622677577,0.00000323313938
1313,left road,1313,1.79500007629395,0.0,7.29999971389771,1.85000002384186,0.0,0.34999999403954,1.79500007629395,0.0,7.29999971389771,6.15136003494263,1.20477890968323,-1.33936309814453,6.12606239318848,1.19778287410736,-1.28919386863709,"(6.126062, 1.197783, -1.289194)",EyeArea,9.75027942657471,0.1,6.15136003494263,1.20477890968323,-1.33936309814453,0.00003628125675,90.3817622677577,0.00000323313938
1314,left road,1314,1.8950001001358,0.0,7.29999971389771,1.95000004768372,0.0,0.34999999403954,1.8950001001358,0.0,7.29999971389771,6.15136003494263,1.20477890968323,-1.33936309814453,6.12664413452148,1.19778323173523,-1.28919768333435,"(6.126644, 1.197783, -1.289198)",EyeArea,9.70601177215576,0.1,6.15136003494263,1.20477890968323,-1.33936309814453,0.00003628125675,90.3817622677577,0.00000323313938
1315,left road,1315,1.99500000476837,0.0,7.29999971389771,2.04999995231628,0.0,0.34999999403954,1.99500000476837,0.0,7.29999971389771,6.15136003494263,1.20477890968323,-1.33936309814453,6.12722730636597,1.19778394699097,-1.28920161724091,"(6.127227, 1.197784, -1.289202)",EyeArea,9.66257762908936,0.1,6.15136003494263,1.20477890968323,-1.33936309814453,0.00003628125675,90.3817622677577,0.00000323313938
1316,left road,1316,2.09500002861023,0.0,7.29999971389771,2.15000009536743,0.0,0.34999999403954,2.09500002861023,0.0,7.29999971389771,6.15136003494263,1.20477890968323,-1.33936309814453,6.12781000137329,1.19778442382813,-1.28920543193817,"(6.12781, 1.197784, -1.289205)",EyeArea,9.61998558044434,0.1,6.15136003494263,1.20477890968323,-1.33936309814453,0.00003628125675,90.3817622677577,0.00000323313938
1317,left road,1317,2.1949999332428,0.0,7.29999971389771,2.25,0.0,0.34999999403954,2.1949999332428,0.0,7.29999971389771,6.15136003494263,1.20477890968323,-1.33936309814453,6.1283917427063,1.19778490066528,-1.28920936584473,"(6.128392, 1.197785, -1.289209)",EyeArea,9.57824897766113,0.1,6.15136003494263,1.20477890968323,-1.33936309814453,0.00003628125675,90.3817622677577,0.00000323313938
1318,left road,1318,2.29499983787537,0.0,7.29999971389771,2.34999990463257,0.0,0.34999999403954,2.29499983787537,0.0,7.29999971389771,6.15136003494263,1.20477890968323,-1.33936309814453,6.12897443771362,1.19778549671173,-1.28921318054199,"(6.128974, 1.197785, -1.289213)",EyeArea,9.53737831115723,0.1,6.15136003494263,1.20477890968323,-1.33936309814453,0.00003628125675,90.3817622677577,0.00000323313938
1319,left road,1319,2.39499998092651,0.0,7.29999971389771,2.45000004768372,0.0,0.34999999403954,2.39499998092651,0.0,7.29999971389771,6.15136003494263,1.20477890968323,-1.33936309814453,6.12955665588379,1.19778609275818,-1.28921711444855,"(6.129557, 1.197786, -1.289217)",EyeArea,9.49738502502441,0.1,6.15136003494263,1.20477890968323,-1.33936309814453,0.00003628125675,90.3817622677577,0.00000323313938
1320,left road,1320,2.49499988555908,0.0,7.29999971389771,2.54999995231628,0.0,0.34999999403954,2.49499988555908,0.0,7.29999971389771,6.15136003494263,1.20477890968323,-1.33936309814453,6.1301383972168,1.19778645038605,-1.28922092914581,"(6.130138, 1.197786, -1.289221)",EyeArea,9.45827960968018,0.1,6.15136003494263,1.20477890968323,-1.33936309814453,0.00003628125675,90.3817622677577,0.00000323313938
1321,left road,1321,2.59500002861023,0.0,7.29999971389771,2.65000009536743,0.0,0.34999999403954,2.59500002861023,0.0,7.29999971389771,6.15136003494263,1.20477890968323,-1.33936309814453,6.13072061538696,1.19778716564178,-1.28922486305237,"(6.130721, 1.197787, -1.289225)",EyeArea,9.42007255554199,0.1,6.15136003494263,1.20477890968323,-1.33936309814453,0.00003628125675,90.3817622677577,0.00000323313938
1322,left road,1322,2.6949999332428,0.0,7.29999971389771,2.75,0.0,0.34999999403954,2.6949999332428,0.0,7.29999971389771,6.15136003494263,1.20477890968323,-1.33936309814453,6.13130283355713,1.19778764247894,-1.28922867774963,"(6.131303, 1.197788, -1.289229)",EyeArea,9.38277626037598,0.1,6.15136003494263,1.20477890968323,-1.33936309814453,0.00003628125675,90.3817622677577,0.00000323313938
1323,left road,1323,2.79499983787537,0.0,7.29999971389771,2.84999990463257,0.0,0.34999999403954,2.79499983787537,0.0,7.29999971389771,6.15136003494263,1.20477890968323,-1.33936309814453,6.13188409805298,1.1977881193161,-1.28923261165619,"(6.131884, 1.197788, -1.289233)",EyeArea,9.34640216827393,0.1,6.15136003494263,1.20477890968323,-1.33936309814453,0.00003628125675,90.3817622677577,0.00000323313938
1324,left road,1324,2.89499998092651,0.0,7.29999971389771,2.95000004768372,0.0,0.34999999403954,2.89499998092651,0.0,7.29999971389771,6.15136003494263,1.20477890968323,-1.33936309814453,6.13246631622314,1.19778871536255,-1.28923642635345,"(6.132466, 1.197789, -1.289236)",EyeArea,9.31095886230469,0.1,6.15136003494263,1.20477890968323,-1.33936309814453,0.00003628125675,90.3817622677577,0.00000323313938
1325,left road,1325,2.99499988555908,0.0,7.29999971389771,3.04999995231628,0.0,0.34999999403954,2.99499988555908,0.0,7.29999971389771,6.15136003494263,1.20477890968323,-1.33936309814453,6.13304758071899,1.197789311409,-1.28924036026001,"(6.133048, 1.197789, -1.28924)",EyeArea,9.27645874023438,0.1,6.15136003494263,1.20477890968323,-1.33936309814453,0.00003628125675,90.3817622677577,0.00000323313938
1326,left road,1326,3.09500002861023,0.0,7.29999971389771,3.15000009536743,0.0,0.34999999403954,3.09500002861023,0.0,7.29999971389771,6.15136003494263,1.20477890968323,-1.33936309814453,6.13362884521484,1.19778978824615,-1.28924417495728,"(6.133629, 1.19779, -1.289244)",EyeArea,9.24291133880615,0.1,6.15136003494263,1.20477890968323,-1.33936309814453,0.00003628125675,90.3817622677577,0.00000323313938
1327,left road,1327,3.1949999332428,0.0,7.29999971389771,3.25,0.0,0.34999999403954,3.1949999332428,0.0,7.29999971389771,6.15136003494263,1.20477890968323,-1.33936309814453,6.13421058654785,1.1977903842926,-1.28924810886383,"(6.134211, 1.19779, -1.289248)",EyeArea,9.21032810211182,0.1,6.15136003494263,1.20477890968323,-1.33936309814453,0.00003628125675,90.3817622677577,0.00000323313938
1328,left road,1328,3.29499983787537,0.0,7.29999971389771,3.34999990463257,0.0,0.34999999403954,3.29499983787537,0.0,7.29999971389771,6.15136003494263,1.20477890968323,-1.33936309814453,6.13479232788086,1.19779098033905,-1.2892519235611,"(6.134792, 1.197791, -1.289252)",EyeArea,9.17871761322021,0.1,6.15136003494263,1.20477890968323,-1.33936309814453,0.00003628125675,90.3817622677577,0.00000323313938
1329,left road,1329,3.39499998092651,0.0,7.29999971389771,3.45000004768372,0.0,0.34999999403954,3.39499998092651,0.0,7.29999971389771,6.15136003494263,1.20477890968323,-1.33936309814453,6.13537311553955,1.19779133796692,-1.28925585746765,"(6.135373, 1.197791, -1.289256)",EyeArea,9.14809226989746,0.1,6.15136003494263,1.20477890968323,-1.33936309814453,0.00003628125675,90.3817622677577,0.00000323313938
1330,left road,1330,-3.50500011444092,0.0,7.39999961853027,-3.45000004768372,0.0,0.44999998807907,-3.50500011444092,0.0,7.39999961853027,6.15136003494263,1.20477890968323,-1.33936309814453,5.60198402404785,1.13623571395874,-0.84215706586838,"(5.601984, 1.136236, -0.842157)",truck body CS,13.0794973373413,0.1,6.15136003494263,1.20477890968323,-1.33936309814453,0.00003628125675,90.3817622677577,0.00000323313938
1331,left road,1331,-3.40499997138977,0.0,7.39999961853027,-3.34999990463257,0.0,0.44999998807907,-3.40499997138977,0.0,7.39999961853027,6.15136003494263,1.20477890968323,-1.33936309814453,5.60103511810303,1.13539886474609,-0.83608651161194,"(5.601035, 1.135399, -0.836087)",truck body CS,13.0058441162109,0.1,6.15136003494263,1.20477890968323,-1.33936309814453,0.00003628125675,90.3817622677577,0.00000323313938
1332,left road,1332,-3.3050000667572,0.0,7.39999961853027,-3.25,0.0,0.44999998807907,-3.3050000667572,0.0,7.39999961853027,6.15136003494263,1.20477890968323,-1.33936309814453,5.60117053985596,1.13468241691589,-0.83088994026184,"(5.601171, 1.134682, -0.83089)",truck body CS,12.932544708252,0.1,6.15136003494263,1.20477890968323,-1.33936309814453,0.00003628125675,90.3817622677577,0.00000323313938
1333,left road,1333,-3.20500016212463,0.0,7.39999961853027,-3.15000009536743,0.0,0.44999998807907,-3.20500016212463,0.0,7.39999961853027,6.15136003494263,1.20477890968323,-1.33936309814453,5.60131359100342,1.13395178318024,-0.82558840513229,"(5.601314, 1.133952, -0.825588)",truck body CS,12.8596048355103,0.1,6.15136003494263,1.20477890968323,-1.33936309814453,0.00003628125675,90.3817622677577,0.00000323313938
1334,left road,1334,-3.10500001907349,0.0,7.39999961853027,-3.04999995231628,0.0,0.44999998807907,-3.10500001907349,0.0,7.39999961853027,6.15136003494263,1.20477890968323,-1.33936309814453,5.60145664215088,1.13320517539978,-0.82017457485199,"(5.601457, 1.133205, -0.820175)",truck body CS,12.7870302200317,0.1,6.15136003494263,1.20477890968323,-1.33936309814453,0.00003628125675,90.3817622677577,0.00000323313938
1335,left road,1335,-3.00500011444092,0.0,7.39999961853027,-2.95000004768372,0.0,0.44999998807907,-3.00500011444092,0.0,7.39999961853027,6.15136003494263,1.20477890968323,-1.33936309814453,5.60160255432129,1.13244271278381,-0.81464290618896,"(5.601603, 1.132443, -0.814643)",truck body CS,12.7148303985596,0.1,6.15136003494263,1.20477890968323,-1.33936309814453,0.00003628125675,90.3817622677577,0.00000323313938
1336,left road,1336,-2.90499997138977,0.0,7.39999961853027,-2.84999990463257,0.0,0.44999998807907,-2.90499997138977,0.0,7.39999961853027,6.15136003494263,1.20477890968323,-1.33936309814453,5.60175323486328,1.13166403770447,-0.80899411439896,"(5.601753, 1.131664, -0.808994)",truck body CS,12.6430063247681,0.1,6.15136003494263,1.20477890968323,-1.33936309814453,0.00003628125675,90.3817622677577,0.00000323313938
1337,left road,1337,-2.8050000667572,0.0,7.39999961853027,-2.75,0.0,0.44999998807907,-2.8050000667572,0.0,7.39999961853027,6.15136003494263,1.20477890968323,-1.33936309814453,5.60190677642822,1.13086843490601,-0.80322265625,"(5.601907, 1.130868, -0.803223)",truck body CS,12.5715684890747,0.1,6.15136003494263,1.20477890968323,-1.33936309814453,0.00003628125675,90.3817622677577,0.00000323313938
1338,left road,1338,-2.70500016212463,0.0,7.39999961853027,-2.65000009536743,0.0,0.44999998807907,-2.70500016212463,0.0,7.39999961853027,6.15136003494263,1.20477890968323,-1.33936309814453,5.60206365585327,1.1300550699234,-0.79732245206833,"(5.602064, 1.130055, -0.797322)",truck body CS,12.5005226135254,0.1,6.15136003494263,1.20477890968323,-1.33936309814453,0.00003628125675,90.3817622677577,0.00000323313938
1339,left road,1339,-2.60500001907349,0.0,7.39999961853027,-2.54999995231628,0.0,0.44999998807907,-2.60500001907349,0.0,7.39999961853027,6.15136003494263,1.20477890968323,-1.33936309814453,5.60222434997559,1.12922382354736,-0.79129356145859,"(5.602224, 1.129224, -0.791294)",truck body CS,12.4298753738403,0.1,6.15136003494263,1.20477890968323,-1.33936309814453,0.00003628125675,90.3817622677577,0.00000323313938
1340,left road,1340,-2.50500011444092,0.0,7.39999961853027,-2.45000004768372,0.0,0.44999998807907,-2.50500011444092,0.0,7.39999961853027,6.15136003494263,1.20477890968323,-1.33936309814453,5.60351943969727,1.12853121757507,-0.78626883029938,"(5.603519, 1.128531, -0.786269)",truck body CS,12.3596334457397,0.1,6.15136003494263,1.20477890968323,-1.33936309814453,0.00003628125675,90.3817622677577,0.00000323313938
1341,left road,1341,-2.40499997138977,0.0,7.39999961853027,-2.34999990463257,0.0,0.44999998807907,-2.40499997138977,0.0,7.39999961853027,6.15136003494263,1.20477890968323,-1.33936309814453,5.60607481002808,1.12800002098084,-0.78241521120071,"(5.606075, 1.128, -0.782415)",truck body CS,12.2898025512695,0.1,6.15136003494263,1.20477890968323,-1.33936309814453,0.00003628125675,90.3817622677577,0.00000323313938
1342,left road,1342,-2.3050000667572,0.0,7.39999961853027,-2.25,0.0,0.44999998807907,-2.3050000667572,0.0,7.39999961853027,6.15136003494263,1.20477890968323,-1.33936309814453,5.60905265808105,1.12751638889313,-0.77890795469284,"(5.609053, 1.127516, -0.778908)",truck body CS,12.2203922271729,0.1,6.15136003494263,1.20477890968323,-1.33936309814453,0.00003628125675,90.3817622677577,0.00000323313938
1343,left road,1343,-2.20500016212463,0.0,7.39999961853027,-2.15000009536743,0.0,0.44999998807907,-2.20500016212463,0.0,7.39999961853027,6.15136003494263,1.20477890968323,-1.33936309814453,5.61206960678101,1.12702667713165,-0.775355219841,"(5.61207, 1.127027, -0.775355)",truck body CS,12.1514072418213,0.1,6.15136003494263,1.20477890968323,-1.33936309814453,0.00003628125675,90.3817622677577,0.00000323313938
1344,left road,1344,-2.10500001907349,0.0,7.39999961853027,-2.04999995231628,0.0,0.44999998807907,-2.10500001907349,0.0,7.39999961853027,6.15136003494263,1.20477890968323,-1.33936309814453,5.61512184143066,1.12653040885925,-0.77175569534302,"(5.615122, 1.12653, -0.771756)",truck body CS,12.0828561782837,0.1,6.15136003494263,1.20477890968323,-1.33936309814453,0.00003628125675,90.3817622677577,0.00000323313938
1345,left road,1345,-2.00500011444092,0.0,7.39999961853027,-1.95000004768372,0.0,0.44999998807907,-2.00500011444092,0.0,7.39999961853027,6.15136003494263,1.20477890968323,-1.33936309814453,5.6182165145874,1.12602806091309,-0.76811128854752,"(5.618217, 1.126028, -0.768111)",truck body CS,12.0147476196289,0.1,6.15136003494263,1.20477890968323,-1.33936309814453,0.00003628125675,90.3817622677577,0.00000323313938
1346,left road,1346,-1.90499997138977,0.0,7.39999961853027,-1.85000002384186,0.0,0.44999998807907,-1.90499997138977,0.0,7.39999961853027,6.15136003494263,1.20477890968323,-1.33936309814453,5.62134790420532,1.12551879882813,-0.76441717147827,"(5.621348, 1.125519, -0.764417)",truck body CS,11.9470863342285,0.1,6.15136003494263,1.20477890968323,-1.33936309814453,0.00003628125675,90.3817622677577,0.00000323313938
1347,left road,1347,-1.80499994754791,0.0,7.39999961853027,-1.75,0.0,0.44999998807907,-1.80499994754791,0.0,7.39999961853027,6.15136003494263,1.20477890968323,-1.33936309814453,5.62452125549316,1.12500321865082,-0.76067686080933,"(5.624521, 1.125003, -0.760677)",truck body CS,11.8798828125,0.1,6.15136003494263,1.20477890968323,-1.33936309814453,0.00003628125675,90.3817622677577,0.00000323313938
1348,left road,1348,-1.70499992370605,0.0,7.39999961853027,-1.64999997615814,0.0,0.44999998807907,-1.70499992370605,0.0,7.39999961853027,6.15136003494263,1.20477890968323,-1.33936309814453,5.62773609161377,1.12448084354401,-0.75688737630844,"(5.627736, 1.124481, -0.756887)",truck body CS,11.8131427764893,0.1,6.15136003494263,1.20477890968323,-1.33936309814453,0.00003628125675,90.3817622677577,0.00000323313938
1349,left road,1349,-1.6049998998642,0.0,7.39999961853027,-1.54999995231628,0.0,0.44999998807907,-1.6049998998642,0.0,7.39999961853027,6.15136003494263,1.20477890968323,-1.33936309814453,5.63099193572998,1.12395119667053,-0.75304633378983,"(5.630992, 1.123951, -0.753046)",truck body CS,11.7468748092651,0.1,6.15136003494263,1.20477890968323,-1.33936309814453,0.00003628125675,90.3817622677577,0.00000323313938
1350,left road,1350,-1.50499999523163,0.0,7.39999961853027,-1.45000004768372,0.0,0.44999998807907,-1.50499999523163,0.0,7.39999961853027,6.15136003494263,1.20477890968323,-1.33936309814453,5.6342921257019,1.12341499328613,-0.74915611743927,"(5.634292, 1.123415, -0.749156)",truck body CS,11.6810874938965,0.1,6.15136003494263,1.20477890968323,-1.33936309814453,0.00003628125675,90.3817622677577,0.00000323313938
1351,left road,1351,-1.40499997138977,0.0,7.39999961853027,-1.35000002384186,0.0,0.44999998807907,-1.40499997138977,0.0,7.39999961853027,6.15136003494263,1.20477890968323,-1.33936309814453,5.63763618469238,1.1228711605072,-0.74521189928055,"(5.637636, 1.122871, -0.745212)",truck body CS,11.6157875061035,0.1,6.15136003494263,1.20477890968323,-1.33936309814453,0.00003628125675,90.3817622677577,0.00000323313938
1352,left road,1352,-1.30499994754791,0.0,7.39999961853027,-1.25,0.0,0.44999998807907,-1.30499994754791,0.0,7.39999961853027,6.15136003494263,1.20477890968323,-1.33936309814453,5.64102506637573,1.12232041358948,-0.74121671915054,"(5.641025, 1.12232, -0.741217)",truck body CS,11.5509843826294,0.1,6.15136003494263,1.20477890968323,-1.33936309814453,0.00003628125675,90.3817622677577,0.00000323313938
1353,left road,1353,-1.20499992370605,0.0,7.39999961853027,-1.14999997615814,0.0,0.44999998807907,-1.20499992370605,0.0,7.39999961853027,6.15136003494263,1.20477890968323,-1.33936309814453,5.64446258544922,1.12176251411438,-0.73716872930527,"(5.644463, 1.121763, -0.737169)",truck body CS,11.4866876602173,0.1,6.15136003494263,1.20477890968323,-1.33936309814453,0.00003628125675,90.3817622677577,0.00000323313938
1354,left road,1354,-1.1049998998642,0.0,7.39999961853027,-1.04999995231628,0.0,0.44999998807907,-1.1049998998642,0.0,7.39999961853027,6.15136003494263,1.20477890968323,-1.33936309814453,5.64794445037842,1.1211963891983,-0.73306310176849,"(5.647944, 1.121196, -0.733063)",truck body CS,11.4229030609131,0.1,6.15136003494263,1.20477890968323,-1.33936309814453,0.00003628125675,90.3817622677577,0.00000323313938
1355,left road,1355,-1.00499999523163,0.0,7.39999961853027,-0.94999998807907,0.0,0.44999998807907,-1.00499999523163,0.0,7.39999961853027,6.15136003494263,1.20477890968323,-1.33936309814453,5.65147304534912,1.1206226348877,-0.72890043258667,"(5.651473, 1.120623, -0.7289)",truck body CS,11.3596410751343,0.1,6.15136003494263,1.20477890968323,-1.33936309814453,0.00003628125675,90.3817622677577,0.00000323313938
1356,left road,1356,-0.90500003099442,0.0,7.39999961853027,-0.85000002384186,0.0,0.44999998807907,-0.90500003099442,0.0,7.39999961853027,6.15136003494263,1.20477890968323,-1.33936309814453,5.65505266189575,1.12004101276398,-0.72468185424805,"(5.655053, 1.120041, -0.724682)",truck body CS,11.2969093322754,0.1,6.15136003494263,1.20477890968323,-1.33936309814453,0.00003628125675,90.3817622677577,0.00000323313938
1357,left road,1357,-0.80500000715256,0.0,7.39999961853027,-0.75,0.0,0.44999998807907,-0.80500000715256,0.0,7.39999961853027,6.15136003494263,1.20477890968323,-1.33936309814453,5.65868091583252,1.11945128440857,-0.72040462493896,"(5.658681, 1.119451, -0.720405)",truck body CS,11.2347183227539,0.1,6.15136003494263,1.20477890968323,-1.33936309814453,0.00003628125675,90.3817622677577,0.00000323313938
1358,left road,1358,-0.7049999833107,0.0,7.39999961853027,-0.64999997615814,0.0,0.44999998807907,-0.7049999833107,0.0,7.39999961853027,6.15136003494263,1.20477890968323,-1.33936309814453,5.6623592376709,1.11885333061218,-0.71606647968292,"(5.662359, 1.118853, -0.716066)",truck body CS,11.1730756759644,0.1,6.15136003494263,1.20477890968323,-1.33936309814453,0.00003628125675,90.3817622677577,0.00000323313938
1359,left road,1359,-0.60500001907349,0.0,7.39999961853027,-0.55000001192093,0.0,0.44999998807907,-0.60500001907349,0.0,7.39999961853027,6.15136003494263,1.20477890968323,-1.33936309814453,5.66609144210815,1.11824691295624,-0.71166837215424,"(5.666091, 1.118247, -0.711668)",truck body CS,11.1119909286499,0.1,6.15136003494263,1.20477890968323,-1.33936309814453,0.00003628125675,90.3817622677577,0.00000323313938
1360,left road,1360,-0.50499999523163,0.0,7.39999961853027,-0.44999998807907,0.0,0.44999998807907,-0.50499999523163,0.0,7.39999961853027,6.15136003494263,1.20477890968323,-1.33936309814453,5.67313051223755,1.11822104454041,-0.71148025989532,"(5.673131, 1.118221, -0.71148)",truck body CS,11.0514736175537,0.1,6.15136003494263,1.20477890968323,-1.33936309814453,0.00003628125675,90.3817622677577,0.00000323313938
1361,left road,1361,-0.40500000119209,0.0,7.39999961853027,-0.34999999403954,0.0,0.44999998807907,-0.40500000119209,0.0,7.39999961853027,6.15136003494263,1.20477890968323,-1.33936309814453,5.68102407455444,1.11835122108459,-0.71242439746857,"(5.681024, 1.118351, -0.712424)",truck body CS,10.9915332794189,0.1,6.15136003494263,1.20477890968323,-1.33936309814453,0.00003628125675,90.3817622677577,0.00000323313938
1362,left road,1362,-0.30500000715256,0.0,7.39999961853027,-0.25,0.0,0.44999998807907,-0.30500000715256,0.0,7.39999961853027,6.15136003494263,1.20477890968323,-1.33936309814453,5.68889188766479,1.11848092079163,-0.71336436271667,"(5.688892, 1.118481, -0.713364)",truck body CS,10.9321784973145,0.1,6.15136003494263,1.20477890968323,-1.33936309814453,0.00003628125675,90.3817622677577,0.00000323313938
1363,left road,1363,-0.20500001311302,0.0,7.39999961853027,-0.15000000596046,0.0,0.44999998807907,-0.20500001311302,0.0,7.39999961853027,6.15136003494263,1.20477890968323,-1.33936309814453,5.69620037078857,1.11850833892822,-0.71356379985809,"(5.6962, 1.118508, -0.713564)",truck body CS,10.8734197616577,0.1,6.15136003494263,1.20477890968323,-1.33936309814453,0.00003628125675,90.3817622677577,0.00000323313938
1364,left road,1364,-0.10500000417233,0.0,7.39999961853027,-0.05000000074506,0.0,0.44999998807907,-0.10500000417233,0.0,7.39999961853027,6.15136003494263,1.20477890968323,-1.33936309814453,5.7031078338623,1.11845970153809,-0.713210105896,"(5.703108, 1.11846, -0.71321)",truck body CS,10.8152666091919,0.1,6.15136003494263,1.20477890968323,-1.33936309814453,0.00003628125675,90.3817622677577,0.00000323313938
1365,left road,1365,-0.00499999895692,0.0,7.39999961853027,0.05000000074506,0.0,0.44999998807907,-0.00499999895692,0.0,7.39999961853027,6.15136003494263,1.20477890968323,-1.33936309814453,5.71064186096191,1.11853194236755,-0.71373510360718,"(5.710642, 1.118532, -0.713735)",truck body CS,10.7577285766602,0.1,6.15136003494263,1.20477890968323,-1.33936309814453,0.00003628125675,90.3817622677577,0.00000323313938
1366,left road,1366,0.09500000625849,0.0,7.39999961853027,0.15000000596046,0.0,0.44999998807907,0.09500000625849,0.0,7.39999961853027,6.15136003494263,1.20477890968323,-1.33936309814453,5.72545671463013,1.12005496025085,-0.72478294372559,"(5.725457, 1.120055, -0.724783)",truck body CS,10.7008152008057,0.1,6.15136003494263,1.20477890968323,-1.33936309814453,0.00003628125675,90.3817622677577,0.00000323313938
1367,left road,1367,0.19499999284744,0.0,7.39999961853027,0.25,0.0,0.44999998807907,0.19499999284744,0.0,7.39999961853027,6.15136003494263,1.20477890968323,-1.33936309814453,6.11712598800659,1.19785451889038,-1.28913426399231,"(6.117126, 1.197855, -1.289134)",EyeArea,10.6445369720459,0.1,6.15136003494263,1.20477890968323,-1.33936309814453,0.00003628125675,90.3817622677577,0.00000323313938
1368,left road,1368,0.29499998688698,0.0,7.39999961853027,0.34999999403954,0.0,0.44999998807907,0.29499998688698,0.0,7.39999961853027,6.15136003494263,1.20477890968323,-1.33936309814453,6.11770391464233,1.19785511493683,-1.28913807868958,"(6.117704, 1.197855, -1.289138)",EyeArea,10.5889043807983,0.1,6.15136003494263,1.20477890968323,-1.33936309814453,0.00003628125675,90.3817622677577,0.00000323313938
1369,left road,1369,0.39499998092651,0.0,7.39999961853027,0.44999998807907,0.0,0.44999998807907,0.39499998092651,0.0,7.39999961853027,6.15136003494263,1.20477890968323,-1.33936309814453,6.11828088760376,1.19785559177399,-1.28914201259613,"(6.118281, 1.197856, -1.289142)",EyeArea,10.5339279174805,0.1,6.15136003494263,1.20477890968323,-1.33936309814453,0.00003628125675,90.3817622677577,0.00000323313938
1370,left road,1370,0.49500000476837,0.0,7.39999961853027,0.55000001192093,0.0,0.44999998807907,0.49500000476837,0.0,7.39999961853027,6.15136003494263,1.20477890968323,-1.33936309814453,6.11885786056519,1.19785606861115,-1.2891458272934,"(6.118858, 1.197856, -1.289146)",EyeArea,10.4796161651611,0.1,6.15136003494263,1.20477890968323,-1.33936309814453,0.00003628125675,90.3817622677577,0.00000323313938
1371,left road,1371,0.59499996900558,0.0,7.39999961853027,0.64999997615814,0.0,0.44999998807907,0.59499996900558,0.0,7.39999961853027,6.15136003494263,1.20477890968323,-1.33936309814453,6.11943531036377,1.19785666465759,-1.28914964199066,"(6.119435, 1.197857, -1.28915)",EyeArea,10.4259815216064,0.1,6.15136003494263,1.20477890968323,-1.33936309814453,0.00003628125675,90.3817622677577,0.00000323313938
1372,left road,1372,0.69499999284744,0.0,7.39999961853027,0.75,0.0,0.44999998807907,0.69499999284744,0.0,7.39999961853027,6.15136003494263,1.20477890968323,-1.33936309814453,6.12001180648804,1.19785714149475,-1.28915345668793,"(6.120012, 1.197857, -1.289153)",EyeArea,10.3730325698853,0.1,6.15136003494263,1.20477890968323,-1.33936309814453,0.00003628125675,90.3817622677577,0.00000323313938
1373,left road,1373,0.7950000166893,0.0,7.39999961853027,0.85000002384186,0.0,0.44999998807907,0.7950000166893,0.0,7.39999961853027,6.15136003494263,1.20477890968323,-1.33936309814453,6.12058925628662,1.1978577375412,-1.28915739059448,"(6.120589, 1.197858, -1.289157)",EyeArea,10.3207817077637,0.1,6.15136003494263,1.20477890968323,-1.33936309814453,0.00003628125675,90.3817622677577,0.00000323313938
1374,left road,1374,0.89499998092651,0.0,7.39999961853027,0.94999998807907,0.0,0.44999998807907,0.89499998092651,0.0,7.39999961853027,6.15136003494263,1.20477890968323,-1.33936309814453,6.12116575241089,1.19785821437836,-1.28916120529175,"(6.121166, 1.197858, -1.289161)",EyeArea,10.2692384719849,0.1,6.15136003494263,1.20477890968323,-1.33936309814453,0.00003628125675,90.3817622677577,0.00000323313938
1375,left road,1375,0.99499994516373,0.0,7.39999961853027,1.04999995231628,0.0,0.44999998807907,0.99499994516373,0.0,7.39999961853027,6.15136003494263,1.20477890968323,-1.33936309814453,6.12174224853516,1.19785869121552,-1.28916501998901,"(6.121742, 1.197859, -1.289165)",EyeArea,10.2184143066406,0.1,6.15136003494263,1.20477890968323,-1.33936309814453,0.00003628125675,90.3817622677577,0.00000323313938
1376,left road,1376,1.09500002861023,0.0,7.39999961853027,1.14999997615814,0.0,0.44999998807907,1.09500002861023,0.0,7.39999961853027,6.15136003494263,1.20477890968323,-1.33936309814453,6.12231969833374,1.19785928726196,-1.28916883468628,"(6.12232, 1.197859, -1.289169)",EyeArea,10.1683197021484,0.1,6.15136003494263,1.20477890968323,-1.33936309814453,0.00003628125675,90.3817622677577,0.00000323313938
1377,left road,1377,1.19500005245209,0.0,7.39999961853027,1.25,0.0,0.44999998807907,1.19500005245209,0.0,7.39999961853027,6.15136003494263,1.20477890968323,-1.33936309814453,6.12289571762085,1.19785976409912,-1.28917264938354,"(6.122896, 1.19786, -1.289173)",EyeArea,10.1189651489258,0.1,6.15136003494263,1.20477890968323,-1.33936309814453,0.00003628125675,90.3817622677577,0.00000323313938
1378,left road,1378,1.29500007629395,0.0,7.39999961853027,1.35000002384186,0.0,0.44999998807907,1.29500007629395,0.0,7.39999961853027,6.15136003494263,1.20477890968323,-1.33936309814453,6.12347221374512,1.19786036014557,-1.2891765832901,"(6.123472, 1.19786, -1.289177)",EyeArea,10.0703620910645,0.1,6.15136003494263,1.20477890968323,-1.33936309814453,0.00003628125675,90.3817622677577,0.00000323313938
1379,left road,1379,1.3950001001358,0.0,7.39999961853027,1.45000004768372,0.0,0.44999998807907,1.3950001001358,0.0,7.39999961853027,6.15136003494263,1.20477890968323,-1.33936309814453,6.12404870986938,1.19786083698273,-1.28918039798737,"(6.124049, 1.197861, -1.28918)",EyeArea,10.0225200653076,0.1,6.15136003494263,1.20477890968323,-1.33936309814453,0.00003628125675,90.3817622677577,0.00000323313938
1380,left road,1380,1.49500000476837,0.0,7.39999961853027,1.54999995231628,0.0,0.44999998807907,1.49500000476837,0.0,7.39999961853027,6.15136003494263,1.20477890968323,-1.33936309814453,6.12462472915649,1.19786143302917,-1.28918421268463,"(6.124625, 1.197861, -1.289184)",EyeArea,9.9754524230957,0.1,6.15136003494263,1.20477890968323,-1.33936309814453,0.00003628125675,90.3817622677577,0.00000323313938
1381,left road,1381,1.59500002861023,0.0,7.39999961853027,1.64999997615814,0.0,0.44999998807907,1.59500002861023,0.0,7.39999961853027,6.15136003494263,1.20477890968323,-1.33936309814453,6.12520122528076,1.19786190986633,-1.2891880273819,"(6.125201, 1.197862, -1.289188)",EyeArea,9.92916774749756,0.1,6.15136003494263,1.20477890968323,-1.33936309814453,0.00003628125675,90.3817622677577,0.00000323313938
1382,left road,1382,1.69500005245209,0.0,7.39999961853027,1.75,0.0,0.44999998807907,1.69500005245209,0.0,7.39999961853027,6.15136003494263,1.20477890968323,-1.33936309814453,6.12577676773071,1.19786250591278,-1.28919196128845,"(6.125777, 1.197863, -1.289192)",EyeArea,9.88367748260498,0.1,6.15136003494263,1.20477890968323,-1.33936309814453,0.00003628125675,90.3817622677577,0.00000323313938
1383,left road,1383,1.79500007629395,0.0,7.39999961853027,1.85000002384186,0.0,0.44999998807907,1.79500007629395,0.0,7.39999961853027,6.15136003494263,1.20477890968323,-1.33936309814453,6.12635278701782,1.19786298274994,-1.28919577598572,"(6.126353, 1.197863, -1.289196)",EyeArea,9.8389949798584,0.1,6.15136003494263,1.20477890968323,-1.33936309814453,0.00003628125675,90.3817622677577,0.00000323313938
1384,left road,1384,1.8950001001358,0.0,7.39999961853027,1.95000004768372,0.0,0.44999998807907,1.8950001001358,0.0,7.39999961853027,6.15136003494263,1.20477890968323,-1.33936309814453,6.12692880630493,1.19786357879639,-1.28919959068298,"(6.126929, 1.197864, -1.2892)",EyeArea,9.79512882232666,0.1,6.15136003494263,1.20477890968323,-1.33936309814453,0.00003628125675,90.3817622677577,0.00000323313938
1385,left road,1385,1.99500000476837,0.0,7.39999961853027,2.04999995231628,0.0,0.44999998807907,1.99500000476837,0.0,7.39999961853027,6.15136003494263,1.20477890968323,-1.33936309814453,6.12750434875488,1.19786405563354,-1.28920340538025,"(6.127504, 1.197864, -1.289203)",EyeArea,9.75209140777588,0.1,6.15136003494263,1.20477890968323,-1.33936309814453,0.00003628125675,90.3817622677577,0.00000323313938
1386,left road,1386,2.09500002861023,0.0,7.39999961853027,2.15000009536743,0.0,0.44999998807907,2.09500002861023,0.0,7.39999961853027,6.15136003494263,1.20477890968323,-1.33936309814453,6.12808036804199,1.1978645324707,-1.28920722007751,"(6.12808, 1.197865, -1.289207)",EyeArea,9.70989227294922,0.1,6.15136003494263,1.20477890968323,-1.33936309814453,0.00003628125675,90.3817622677577,0.00000323313938
1387,left road,1387,2.1949999332428,0.0,7.39999961853027,2.25,0.0,0.44999998807907,2.1949999332428,0.0,7.39999961853027,6.15136003494263,1.20477890968323,-1.33936309814453,6.12865591049194,1.19786512851715,-1.28921103477478,"(6.128656, 1.197865, -1.289211)",EyeArea,9.66854381561279,0.1,6.15136003494263,1.20477890968323,-1.33936309814453,0.00003628125675,90.3817622677577,0.00000323313938
1388,left road,1388,2.29499983787537,0.0,7.39999961853027,2.34999990463257,0.0,0.44999998807907,2.29499983787537,0.0,7.39999961853027,6.15136003494263,1.20477890968323,-1.33936309814453,6.12923145294189,1.19786560535431,-1.28921496868134,"(6.129231, 1.197866, -1.289215)",EyeArea,9.62805557250977,0.1,6.15136003494263,1.20477890968323,-1.33936309814453,0.00003628125675,90.3817622677577,0.00000323313938
1389,left road,1389,2.39499998092651,0.0,7.39999961853027,2.45000004768372,0.0,0.44999998807907,2.39499998092651,0.0,7.39999961853027,6.15136003494263,1.20477890968323,-1.33936309814453,6.12980699539185,1.19786608219147,-1.2892187833786,"(6.129807, 1.197866, -1.289219)",EyeArea,9.58843994140625,0.1,6.15136003494263,1.20477890968323,-1.33936309814453,0.00003628125675,90.3817622677577,0.00000323313938
1390,left road,1390,2.49499988555908,0.0,7.39999961853027,2.54999995231628,0.0,0.44999998807907,2.49499988555908,0.0,7.39999961853027,6.15136003494263,1.20477890968323,-1.33936309814453,6.1303825378418,1.19786667823792,-1.28922259807587,"(6.130383, 1.197867, -1.289223)",EyeArea,9.54970836639404,0.1,6.15136003494263,1.20477890968323,-1.33936309814453,0.00003628125675,90.3817622677577,0.00000323313938
1391,left road,1391,2.59500002861023,0.0,7.39999961853027,2.65000009536743,0.0,0.44999998807907,2.59500002861023,0.0,7.39999961853027,6.15136003494263,1.20477890968323,-1.33936309814453,6.13095760345459,1.19786727428436,-1.28922641277313,"(6.130958, 1.197867, -1.289226)",EyeArea,9.51186847686768,0.1,6.15136003494263,1.20477890968323,-1.33936309814453,0.00003628125675,90.3817622677577,0.00000323313938
1392,left road,1392,2.6949999332428,0.0,7.39999961853027,2.75,0.0,0.44999998807907,2.6949999332428,0.0,7.39999961853027,6.15136003494263,1.20477890968323,-1.33936309814453,6.13153266906738,1.19786775112152,-1.2892302274704,"(6.131533, 1.197868, -1.28923)",EyeArea,9.47493362426758,0.1,6.15136003494263,1.20477890968323,-1.33936309814453,0.00003628125675,90.3817622677577,0.00000323313938
1393,left road,1393,2.79499983787537,0.0,7.39999961853027,2.84999990463257,0.0,0.44999998807907,2.79499983787537,0.0,7.39999961853027,6.15136003494263,1.20477890968323,-1.33936309814453,6.13210821151733,1.19786834716797,-1.28923404216766,"(6.132108, 1.197868, -1.289234)",EyeArea,9.43891429901123,0.1,6.15136003494263,1.20477890968323,-1.33936309814453,0.00003628125675,90.3817622677577,0.00000323313938
1394,left road,1394,2.89499998092651,0.0,7.39999961853027,2.95000004768372,0.0,0.44999998807907,2.89499998092651,0.0,7.39999961853027,6.15136003494263,1.20477890968323,-1.33936309814453,6.13268280029297,1.19786882400513,-1.28923797607422,"(6.132683, 1.197869, -1.289238)",EyeArea,9.4038200378418,0.1,6.15136003494263,1.20477890968323,-1.33936309814453,0.00003628125675,90.3817622677577,0.00000323313938
1395,left road,1395,2.99499988555908,0.0,7.39999961853027,3.04999995231628,0.0,0.44999998807907,2.99499988555908,0.0,7.39999961853027,6.15136003494263,1.20477890968323,-1.33936309814453,6.13325786590576,1.19786942005157,-1.28924179077148,"(6.133258, 1.197869, -1.289242)",EyeArea,9.36966133117676,0.1,6.15136003494263,1.20477890968323,-1.33936309814453,0.00003628125675,90.3817622677577,0.00000323313938
1396,left road,1396,3.09500002861023,0.0,7.39999961853027,3.15000009536743,0.0,0.44999998807907,3.09500002861023,0.0,7.39999961853027,6.15136003494263,1.20477890968323,-1.33936309814453,6.13383293151855,1.19786989688873,-1.28924560546875,"(6.133833, 1.19787, -1.289246)",EyeArea,9.33644962310791,0.1,6.15136003494263,1.20477890968323,-1.33936309814453,0.00003628125675,90.3817622677577,0.00000323313938
1397,left road,1397,3.1949999332428,0.0,7.39999961853027,3.25,0.0,0.44999998807907,3.1949999332428,0.0,7.39999961853027,6.15136003494263,1.20477890968323,-1.33936309814453,6.13440752029419,1.19787037372589,-1.28924942016602,"(6.134408, 1.19787, -1.289249)",EyeArea,9.3041934967041,0.1,6.15136003494263,1.20477890968323,-1.33936309814453,0.00003628125675,90.3817622677577,0.00000323313938
1398,left road,1398,3.29499983787537,0.0,7.39999961853027,3.34999990463257,0.0,0.44999998807907,3.29499983787537,0.0,7.39999961853027,6.15136003494263,1.20477890968323,-1.33936309814453,6.13498210906982,1.19787096977234,-1.28925323486328,"(6.134982, 1.197871, -1.289253)",EyeArea,9.27290344238281,0.1,6.15136003494263,1.20477890968323,-1.33936309814453,0.00003628125675,90.3817622677577,0.00000323313938
1399,left road,1399,3.39499998092651,0.0,7.39999961853027,3.45000004768372,0.0,0.44999998807907,3.39499998092651,0.0,7.39999961853027,6.15136003494263,1.20477890968323,-1.33936309814453,6.13555669784546,1.1978714466095,-1.28925704956055,"(6.135557, 1.197871, -1.289257)",EyeArea,9.24258995056152,0.1,6.15136003494263,1.20477890968323,-1.33936309814453,0.00003628125675,90.3817622677577,0.00000323313938
1400,left road,1400,-3.50500011444092,0.0,7.5,-3.45000004768372,0.0,0.55000001192093,-3.50500011444092,0.0,7.5,6.15136003494263,1.20477890968323,-1.33936309814453,5.60295486450195,1.13635683059692,-0.83735662698746,"(5.602955, 1.136357, -0.837357)",truck body CS,13.1465253829956,0.1,6.15136003494263,1.20477890968323,-1.33936309814453,0.00003628125675,90.3817622677577,0.00000323313938
1401,left road,1401,-3.40499997138977,0.0,7.5,-3.34999990463257,0.0,0.55000001192093,-3.40499997138977,0.0,7.5,6.15136003494263,1.20477890968323,-1.33936309814453,5.60294723510742,1.13563990592957,-0.83209615945816,"(5.602947, 1.13564, -0.832096)",truck body CS,13.0732498168945,0.1,6.15136003494263,1.20477890968323,-1.33936309814453,0.00003628125675,90.3817622677577,0.00000323313938
1402,left road,1402,-3.3050000667572,0.0,7.5,-3.25,0.0,0.55000001192093,-3.3050000667572,0.0,7.5,6.15136003494263,1.20477890968323,-1.33936309814453,5.60310554504395,1.13492894172668,-0.82688015699387,"(5.603106, 1.134929, -0.82688)",truck body CS,13.0003299713135,0.1,6.15136003494263,1.20477890968323,-1.33936309814453,0.00003628125675,90.3817622677577,0.00000323313938
1403,left road,1403,-3.20500016212463,0.0,7.5,-3.15000009536743,0.0,0.55000001192093,-3.20500016212463,0.0,7.5,6.15136003494263,1.20477890968323,-1.33936309814453,5.60326433181763,1.13420295715332,-0.82155251502991,"(5.603264, 1.134203, -0.821553)",truck body CS,12.927773475647,0.1,6.15136003494263,1.20477890968323,-1.33936309814453,0.00003628125675,90.3817622677577,0.00000323313938
1404,left road,1404,-3.10500001907349,0.0,7.5,-3.04999995231628,0.0,0.55000001192093,-3.10500001907349,0.0,7.5,6.15136003494263,1.20477890968323,-1.33936309814453,5.60342693328857,1.13346171379089,-0.81611496210098,"(5.603427, 1.133462, -0.816115)",truck body CS,12.855583190918,0.1,6.15136003494263,1.20477890968323,-1.33936309814453,0.00003628125675,90.3817622677577,0.00000323313938
1405,left road,1405,-3.00500011444092,0.0,7.5,-2.95000004768372,0.0,0.55000001192093,-3.00500011444092,0.0,7.5,6.15136003494263,1.20477890968323,-1.33936309814453,5.60359668731689,1.13270509243011,-0.81056398153305,"(5.603597, 1.132705, -0.810564)",truck body CS,12.7837696075439,0.1,6.15136003494263,1.20477890968323,-1.33936309814453,0.00003628125675,90.3817622677577,0.00000323313938
1406,left road,1406,-2.90499997138977,0.0,7.5,-2.84999990463257,0.0,0.55000001192093,-2.90499997138977,0.0,7.5,6.15136003494263,1.20477890968323,-1.33936309814453,5.60376644134521,1.1319317817688,-0.80489027500153,"(5.603766, 1.131932, -0.80489)",truck body CS,12.7123355865479,0.1,6.15136003494263,1.20477890968323,-1.33936309814453,0.00003628125675,90.3817622677577,0.00000323313938
1407,left road,1407,-2.8050000667572,0.0,7.5,-2.75,0.0,0.55000001192093,-2.8050000667572,0.0,7.5,6.15136003494263,1.20477890968323,-1.33936309814453,5.60394239425659,1.13114213943481,-0.79909706115723,"(5.603942, 1.131142, -0.799097)",truck body CS,12.6412897109985,0.1,6.15136003494263,1.20477890968323,-1.33936309814453,0.00003628125675,90.3817622677577,0.00000323313938
1408,left road,1408,-2.70500016212463,0.0,7.5,-2.65000009536743,0.0,0.55000001192093,-2.70500016212463,0.0,7.5,6.15136003494263,1.20477890968323,-1.33936309814453,5.6041202545166,1.13033485412598,-0.79317313432693,"(5.60412, 1.130335, -0.793173)",truck body CS,12.5706386566162,0.1,6.15136003494263,1.20477890968323,-1.33936309814453,0.00003628125675,90.3817622677577,0.00000323313938
1409,left road,1409,-2.60500001907349,0.0,7.5,-2.54999995231628,0.0,0.55000001192093,-2.60500001907349,0.0,7.5,6.15136003494263,1.20477890968323,-1.33936309814453,5.60430097579956,1.12950968742371,-0.78711873292923,"(5.604301, 1.12951, -0.787119)",truck body CS,12.5003871917725,0.1,6.15136003494263,1.20477890968323,-1.33936309814453,0.00003628125675,90.3817622677577,0.00000323313938
1410,left road,1410,-2.50500011444092,0.0,7.5,-2.45000004768372,0.0,0.55000001192093,-2.50500011444092,0.0,7.5,6.15136003494263,1.20477890968323,-1.33936309814453,5.60662412643433,1.12896335124969,-0.78311038017273,"(5.606624, 1.128963, -0.78311)",truck body CS,12.4305429458618,0.1,6.15136003494263,1.20477890968323,-1.33936309814453,0.00003628125675,90.3817622677577,0.00000323313938
1411,left road,1411,-2.40499997138977,0.0,7.5,-2.34999990463257,0.0,0.55000001192093,-2.40499997138977,0.0,7.5,6.15136003494263,1.20477890968323,-1.33936309814453,5.60956573486328,1.12849140167236,-0.77964800596237,"(5.609566, 1.128491, -0.779648)",truck body CS,12.3611135482788,0.1,6.15136003494263,1.20477890968323,-1.33936309814453,0.00003628125675,90.3817622677577,0.00000323313938
1412,left road,1412,-2.3050000667572,0.0,7.5,-2.25,0.0,0.55000001192093,-2.3050000667572,0.0,7.5,6.15136003494263,1.20477890968323,-1.33936309814453,5.61254596710205,1.12801396846771,-0.77614569664001,"(5.612546, 1.128014, -0.776146)",truck body CS,12.2921056747437,0.1,6.15136003494263,1.20477890968323,-1.33936309814453,0.00003628125675,90.3817622677577,0.00000323313938
1413,left road,1413,-2.20500016212463,0.0,7.5,-2.15000009536743,0.0,0.55000001192093,-2.20500016212463,0.0,7.5,6.15136003494263,1.20477890968323,-1.33936309814453,5.61556243896484,1.12753021717072,-0.77259600162506,"(5.615562, 1.12753, -0.772596)",truck body CS,12.2235260009766,0.1,6.15136003494263,1.20477890968323,-1.33936309814453,0.00003628125675,90.3817622677577,0.00000323313938
1414,left road,1414,-2.10500001907349,0.0,7.5,-2.04999995231628,0.0,0.55000001192093,-2.10500001907349,0.0,7.5,6.15136003494263,1.20477890968323,-1.33936309814453,5.61861801147461,1.12704050540924,-0.76900327205658,"(5.618618, 1.127041, -0.769003)",truck body CS,12.1553821563721,0.1,6.15136003494263,1.20477890968323,-1.33936309814453,0.00003628125675,90.3817622677577,0.00000323313938
1415,left road,1415,-2.00500011444092,0.0,7.5,-1.95000004768372,0.0,0.55000001192093,-2.00500011444092,0.0,7.5,6.15136003494263,1.20477890968323,-1.33936309814453,5.62171030044556,1.12654423713684,-0.76536190509796,"(5.62171, 1.126544, -0.765362)",truck body CS,12.0876817703247,0.1,6.15136003494263,1.20477890968323,-1.33936309814453,0.00003628125675,90.3817622677577,0.00000323313938
1416,left road,1416,-1.90499997138977,0.0,7.5,-1.85000002384186,0.0,0.55000001192093,-1.90499997138977,0.0,7.5,6.15136003494263,1.20477890968323,-1.33936309814453,5.62484502792358,1.12604188919067,-0.76167571544647,"(5.624845, 1.126042, -0.761676)",truck body CS,12.0204315185547,0.1,6.15136003494263,1.20477890968323,-1.33936309814453,0.00003628125675,90.3817622677577,0.00000323313938
1417,left road,1417,-1.80499994754791,0.0,7.5,-1.75,0.0,0.55000001192093,-1.80499994754791,0.0,7.5,6.15136003494263,1.20477890968323,-1.33936309814453,5.62802028656006,1.12553310394287,-0.75794333219528,"(5.62802, 1.125533, -0.757943)",truck body CS,11.9536390304565,0.1,6.15136003494263,1.20477890968323,-1.33936309814453,0.00003628125675,90.3817622677577,0.00000323313938
1418,left road,1418,-1.70499992370605,0.0,7.5,-1.64999997615814,0.0,0.55000001192093,-1.70499992370605,0.0,7.5,6.15136003494263,1.20477890968323,-1.33936309814453,5.63123798370361,1.12501776218414,-0.7541618347168,"(5.631238, 1.125018, -0.754162)",truck body CS,11.8873138427734,0.1,6.15136003494263,1.20477890968323,-1.33936309814453,0.00003628125675,90.3817622677577,0.00000323313938
1419,left road,1419,-1.6049998998642,0.0,7.5,-1.54999995231628,0.0,0.55000001192093,-1.6049998998642,0.0,7.5,6.15136003494263,1.20477890968323,-1.33936309814453,5.63449430465698,1.12449526786804,-0.75032931566238,"(5.634494, 1.124495, -0.750329)",truck body CS,11.8214616775513,0.1,6.15136003494263,1.20477890968323,-1.33936309814453,0.00003628125675,90.3817622677577,0.00000323313938
1420,left road,1420,-1.50499999523163,0.0,7.5,-1.45000004768372,0.0,0.55000001192093,-1.50499999523163,0.0,7.5,6.15136003494263,1.20477890968323,-1.33936309814453,5.63779544830322,1.12396621704102,-0.74644708633423,"(5.637795, 1.123966, -0.746447)",truck body CS,11.7560911178589,0.1,6.15136003494263,1.20477890968323,-1.33936309814453,0.00003628125675,90.3817622677577,0.00000323313938
1421,left road,1421,-1.40499997138977,0.0,7.5,-1.35000002384186,0.0,0.55000001192093,-1.40499997138977,0.0,7.5,6.15136003494263,1.20477890968323,-1.33936309814453,5.64113998413086,1.12342977523804,-0.74251198768616,"(5.64114, 1.12343, -0.742512)",truck body CS,11.6912107467651,0.1,6.15136003494263,1.20477890968323,-1.33936309814453,0.00003628125675,90.3817622677577,0.00000323313938
1422,left road,1422,-1.30499994754791,0.0,7.5,-1.25,0.0,0.55000001192093,-1.30499994754791,0.0,7.5,6.15136003494263,1.20477890968323,-1.33936309814453,5.64453029632568,1.12288689613342,-0.73852783441544,"(5.64453, 1.122887, -0.738528)",truck body CS,11.6268281936646,0.1,6.15136003494263,1.20477890968323,-1.33936309814453,0.00003628125675,90.3817622677577,0.00000323313938
1423,left road,1423,-1.20499992370605,0.0,7.5,-1.14999997615814,0.0,0.55000001192093,-1.20499992370605,0.0,7.5,6.15136003494263,1.20477890968323,-1.33936309814453,5.64796543121338,1.1223361492157,-0.73448652029037,"(5.647965, 1.122336, -0.734487)",truck body CS,11.562952041626,0.1,6.15136003494263,1.20477890968323,-1.33936309814453,0.00003628125675,90.3817622677577,0.00000323313938
1424,left road,1424,-1.1049998998642,0.0,7.5,-1.04999995231628,0.0,0.55000001192093,-1.1049998998642,0.0,7.5,6.15136003494263,1.20477890968323,-1.33936309814453,5.6514458656311,1.12177777290344,-0.73039066791534,"(5.651446, 1.121778, -0.730391)",truck body CS,11.4995908737183,0.1,6.15136003494263,1.20477890968323,-1.33936309814453,0.00003628125675,90.3817622677577,0.00000323313938
1425,left road,1425,-1.00499999523163,0.0,7.5,-0.94999998807907,0.0,0.55000001192093,-1.00499999523163,0.0,7.5,6.15136003494263,1.20477890968323,-1.33936309814453,5.65497446060181,1.12121212482452,-0.72624009847641,"(5.654974, 1.121212, -0.72624)",truck body CS,11.4367532730103,0.1,6.15136003494263,1.20477890968323,-1.33936309814453,0.00003628125675,90.3817622677577,0.00000323313938
1426,left road,1426,-0.90500003099442,0.0,7.5,-0.85000002384186,0.0,0.55000001192093,-0.90500003099442,0.0,7.5,6.15136003494263,1.20477890968323,-1.33936309814453,5.65855312347412,1.12063872814178,-0.72203385829926,"(5.658553, 1.120639, -0.722034)",truck body CS,11.3744468688965,0.1,6.15136003494263,1.20477890968323,-1.33936309814453,0.00003628125675,90.3817622677577,0.00000323313938
1427,left road,1427,-0.80500000715256,0.0,7.5,-0.75,0.0,0.55000001192093,-0.80500000715256,0.0,7.5,6.15136003494263,1.20477890968323,-1.33936309814453,5.6621789932251,1.12005734443665,-0.71776807308197,"(5.662179, 1.120057, -0.717768)",truck body CS,11.3126821517944,0.1,6.15136003494263,1.20477890968323,-1.33936309814453,0.00003628125675,90.3817622677577,0.00000323313938
1428,left road,1428,-0.7049999833107,0.0,7.5,-0.64999997615814,0.0,0.55000001192093,-0.7049999833107,0.0,7.5,6.15136003494263,1.20477890968323,-1.33936309814453,5.66585493087769,1.11946749687195,-0.71344089508057,"(5.665855, 1.119467, -0.713441)",truck body CS,11.2514667510986,0.1,6.15136003494263,1.20477890968323,-1.33936309814453,0.00003628125675,90.3817622677577,0.00000323313938
1429,left road,1429,-0.60500001907349,0.0,7.5,-0.55000001192093,0.0,0.55000001192093,-0.60500001907349,0.0,7.5,6.15136003494263,1.20477890968323,-1.33936309814453,5.67254638671875,1.11939799785614,-0.71293139457703,"(5.672546, 1.119398, -0.712931)",truck body CS,11.1908102035522,0.1,6.15136003494263,1.20477890968323,-1.33936309814453,0.00003628125675,90.3817622677577,0.00000323313938
1430,left road,1430,-0.50499999523163,0.0,7.5,-0.44999998807907,0.0,0.55000001192093,-0.50499999523163,0.0,7.5,6.15136003494263,1.20477890968323,-1.33936309814453,5.68033361434937,1.11952471733093,-0.71386027336121,"(5.680334, 1.119525, -0.71386)",truck body CS,11.1307210922241,0.1,6.15136003494263,1.20477890968323,-1.33936309814453,0.00003628125675,90.3817622677577,0.00000323313938
1431,left road,1431,-0.40500000119209,0.0,7.5,-0.34999999403954,0.0,0.55000001192093,-0.40500000119209,0.0,7.5,6.15136003494263,1.20477890968323,-1.33936309814453,5.68809795379639,1.11965107917786,-0.7147878408432,"(5.688098, 1.119651, -0.714788)",truck body CS,11.0712099075317,0.1,6.15136003494263,1.20477890968323,-1.33936309814453,0.00003628125675,90.3817622677577,0.00000323313938
1432,left road,1432,-0.30500000715256,0.0,7.5,-0.25,0.0,0.55000001192093,-0.30500000715256,0.0,7.5,6.15136003494263,1.20477890968323,-1.33936309814453,5.69515228271484,1.11964917182922,-0.71477258205414,"(5.695152, 1.119649, -0.714773)",truck body CS,11.0122852325439,0.1,6.15136003494263,1.20477890968323,-1.33936309814453,0.00003628125675,90.3817622677577,0.00000323313938
1433,left road,1433,-0.20500001311302,0.0,7.5,-0.15000000596046,0.0,0.55000001192093,-0.20500001311302,0.0,7.5,6.15136003494263,1.20477890968323,-1.33936309814453,5.70196771621704,1.1196014881134,-0.71442377567291,"(5.701968, 1.119601, -0.714424)",truck body CS,10.9539556503296,0.1,6.15136003494263,1.20477890968323,-1.33936309814453,0.00003628125675,90.3817622677577,0.00000323313938
1434,left road,1434,-0.10500000417233,0.0,7.5,-0.05000000074506,0.0,0.55000001192093,-0.10500000417233,0.0,7.5,6.15136003494263,1.20477890968323,-1.33936309814453,5.70887184143066,1.1195695400238,-0.71418905258179,"(5.708872, 1.11957, -0.714189)",truck body CS,10.8962326049805,0.1,6.15136003494263,1.20477890968323,-1.33936309814453,0.00003628125675,90.3817622677577,0.00000323313938
1435,left road,1435,-0.00499999895692,0.0,7.5,0.05000000074506,0.0,0.55000001192093,-0.00499999895692,0.0,7.5,6.15136003494263,1.20477890968323,-1.33936309814453,5.72284364700317,1.12091970443726,-0.72409605979919,"(5.722844, 1.12092, -0.724096)",truck body CS,10.8391237258911,0.1,6.15136003494263,1.20477890968323,-1.33936309814453,0.00003628125675,90.3817622677577,0.00000323313938
1436,left road,1436,0.09500000625849,0.0,7.5,0.15000000596046,0.0,0.55000001192093,0.09500000625849,0.0,7.5,6.15136003494263,1.20477890968323,-1.33936309814453,6.11694431304932,1.19793272018433,-1.28913307189941,"(6.116944, 1.197933, -1.289133)",EyeArea,10.7826404571533,0.1,6.15136003494263,1.20477890968323,-1.33936309814453,0.00003628125675,90.3817622677577,0.00000323313938
1437,left road,1437,0.19499999284744,0.0,7.5,0.25,0.0,0.55000001192093,0.19499999284744,0.0,7.5,6.15136003494263,1.20477890968323,-1.33936309814453,6.11751508712769,1.19793319702148,-1.28913688659668,"(6.117515, 1.197933, -1.289137)",EyeArea,10.7267913818359,0.1,6.15136003494263,1.20477890968323,-1.33936309814453,0.00003628125675,90.3817622677577,0.00000323313938
1438,left road,1438,0.29499998688698,0.0,7.5,0.34999999403954,0.0,0.55000001192093,0.29499998688698,0.0,7.5,6.15136003494263,1.20477890968323,-1.33936309814453,6.11808586120605,1.19793367385864,-1.28914070129395,"(6.118086, 1.197934, -1.289141)",EyeArea,10.6715879440308,0.1,6.15136003494263,1.20477890968323,-1.33936309814453,0.00003628125675,90.3817622677577,0.00000323313938
1439,left road,1439,0.39499998092651,0.0,7.5,0.44999998807907,0.0,0.55000001192093,0.39499998092651,0.0,7.5,6.15136003494263,1.20477890968323,-1.33936309814453,6.11865663528442,1.1979341506958,-1.28914451599121,"(6.118657, 1.197934, -1.289145)",EyeArea,10.6170387268066,0.1,6.15136003494263,1.20477890968323,-1.33936309814453,0.00003628125675,90.3817622677577,0.00000323313938
1440,left road,1440,0.49500000476837,0.0,7.5,0.55000001192093,0.0,0.55000001192093,0.49500000476837,0.0,7.5,6.15136003494263,1.20477890968323,-1.33936309814453,6.11922740936279,1.19793474674225,-1.28914821147919,"(6.119227, 1.197935, -1.289148)",EyeArea,10.5631551742554,0.1,6.15136003494263,1.20477890968323,-1.33936309814453,0.00003628125675,90.3817622677577,0.00000323313938
1441,left road,1441,0.59499996900558,0.0,7.5,0.64999997615814,0.0,0.55000001192093,0.59499996900558,0.0,7.5,6.15136003494263,1.20477890968323,-1.33936309814453,6.119797706604,1.1979353427887,-1.28915202617645,"(6.119798, 1.197935, -1.289152)",EyeArea,10.5099458694458,0.1,6.15136003494263,1.20477890968323,-1.33936309814453,0.00003628125675,90.3817622677577,0.00000323313938
1442,left road,1442,0.69499999284744,0.0,7.5,0.75,0.0,0.55000001192093,0.69499999284744,0.0,7.5,6.15136003494263,1.20477890968323,-1.33936309814453,6.12036800384521,1.19793581962585,-1.28915584087372,"(6.120368, 1.197936, -1.289156)",EyeArea,10.457423210144,0.1,6.15136003494263,1.20477890968323,-1.33936309814453,0.00003628125675,90.3817622677577,0.00000323313938
1443,left road,1443,0.7950000166893,0.0,7.5,0.85000002384186,0.0,0.55000001192093,0.7950000166893,0.0,7.5,6.15136003494263,1.20477890968323,-1.33936309814453,6.12093830108643,1.19793629646301,-1.28915965557098,"(6.120938, 1.197936, -1.28916)",EyeArea,10.4055957794189,0.1,6.15136003494263,1.20477890968323,-1.33936309814453,0.00003628125675,90.3817622677577,0.00000323313938
1444,left road,1444,0.89499998092651,0.0,7.5,0.94999998807907,0.0,0.55000001192093,0.89499998092651,0.0,7.5,6.15136003494263,1.20477890968323,-1.33936309814453,6.12150907516479,1.19793689250946,-1.28916347026825,"(6.121509, 1.197937, -1.289163)",EyeArea,10.3544750213623,0.1,6.15136003494263,1.20477890968323,-1.33936309814453,0.00003628125675,90.3817622677577,0.00000323313938
1445,left road,1445,0.99499994516373,0.0,7.5,1.04999995231628,0.0,0.55000001192093,0.99499994516373,0.0,7.5,6.15136003494263,1.20477890968323,-1.33936309814453,6.12207889556885,1.19793736934662,-1.28916728496552,"(6.122079, 1.197937, -1.289167)",EyeArea,10.3040714263916,0.1,6.15136003494263,1.20477890968323,-1.33936309814453,0.00003628125675,90.3817622677577,0.00000323313938
1446,left road,1446,1.09500002861023,0.0,7.5,1.14999997615814,0.0,0.55000001192093,1.09500002861023,0.0,7.5,6.15136003494263,1.20477890968323,-1.33936309814453,6.12264966964722,1.19793784618378,-1.28917109966278,"(6.12265, 1.197938, -1.289171)",EyeArea,10.25439453125,0.1,6.15136003494263,1.20477890968323,-1.33936309814453,0.00003628125675,90.3817622677577,0.00000323313938
1447,left road,1447,1.19500005245209,0.0,7.5,1.25,0.0,0.55000001192093,1.19500005245209,0.0,7.5,6.15136003494263,1.20477890968323,-1.33936309814453,6.12321901321411,1.19793832302094,-1.28917491436005,"(6.123219, 1.197938, -1.289175)",EyeArea,10.2054557800293,0.1,6.15136003494263,1.20477890968323,-1.33936309814453,0.00003628125675,90.3817622677577,0.00000323313938
1448,left road,1448,1.29500007629395,0.0,7.5,1.35000002384186,0.0,0.55000001192093,1.29500007629395,0.0,7.5,6.15136003494263,1.20477890968323,-1.33936309814453,6.12378883361816,1.19793891906738,-1.28917860984802,"(6.123789, 1.197939, -1.289179)",EyeArea,10.1572666168213,0.1,6.15136003494263,1.20477890968323,-1.33936309814453,0.00003628125675,90.3817622677577,0.00000323313938
1449,left road,1449,1.3950001001358,0.0,7.5,1.45000004768372,0.0,0.55000001192093,1.3950001001358,0.0,7.5,6.15136003494263,1.20477890968323,-1.33936309814453,6.12435865402222,1.19793951511383,-1.28918242454529,"(6.124359, 1.19794, -1.289182)",EyeArea,10.1098365783691,0.1,6.15136003494263,1.20477890968323,-1.33936309814453,0.00003628125675,90.3817622677577,0.00000323313938
1450,left road,1450,1.49500000476837,0.0,7.5,1.54999995231628,0.0,0.55000001192093,1.49500000476837,0.0,7.5,6.15136003494263,1.20477890968323,-1.33936309814453,6.12492847442627,1.19793999195099,-1.28918623924255,"(6.124928, 1.19794, -1.289186)",EyeArea,10.0631761550903,0.1,6.15136003494263,1.20477890968323,-1.33936309814453,0.00003628125675,90.3817622677577,0.00000323313938
1451,left road,1451,1.59500002861023,0.0,7.5,1.64999997615814,0.0,0.55000001192093,1.59500002861023,0.0,7.5,6.15136003494263,1.20477890968323,-1.33936309814453,6.12549781799316,1.19794046878815,-1.28919005393982,"(6.125498, 1.19794, -1.28919)",EyeArea,10.017297744751,0.1,6.15136003494263,1.20477890968323,-1.33936309814453,0.00003628125675,90.3817622677577,0.00000323313938
1452,left road,1452,1.69500005245209,0.0,7.5,1.75,0.0,0.55000001192093,1.69500005245209,0.0,7.5,6.15136003494263,1.20477890968323,-1.33936309814453,6.12606716156006,1.19794094562531,-1.28919386863709,"(6.126067, 1.197941, -1.289194)",EyeArea,9.97220993041992,0.1,6.15136003494263,1.20477890968323,-1.33936309814453,0.00003628125675,90.3817622677577,0.00000323313938
1453,left road,1453,1.79500007629395,0.0,7.5,1.85000002384186,0.0,0.55000001192093,1.79500007629395,0.0,7.5,6.15136003494263,1.20477890968323,-1.33936309814453,6.12663650512695,1.19794142246246,-1.28919768333435,"(6.126637, 1.197941, -1.289198)",EyeArea,9.92792510986328,0.1,6.15136003494263,1.20477890968323,-1.33936309814453,0.00003628125675,90.3817622677577,0.00000323313938
1454,left road,1454,1.8950001001358,0.0,7.5,1.95000004768372,0.0,0.55000001192093,1.8950001001358,0.0,7.5,6.15136003494263,1.20477890968323,-1.33936309814453,6.12720584869385,1.19794201850891,-1.28920137882233,"(6.127206, 1.197942, -1.289201)",EyeArea,9.88445377349854,0.1,6.15136003494263,1.20477890968323,-1.33936309814453,0.00003628125675,90.3817622677577,0.00000323313938
1455,left road,1455,1.99500000476837,0.0,7.5,2.04999995231628,0.0,0.55000001192093,1.99500000476837,0.0,7.5,6.15136003494263,1.20477890968323,-1.33936309814453,6.12777519226074,1.19794249534607,-1.28920519351959,"(6.127775, 1.197942, -1.289205)",EyeArea,9.84180641174316,0.1,6.15136003494263,1.20477890968323,-1.33936309814453,0.00003628125675,90.3817622677577,0.00000323313938
1456,left road,1456,2.09500002861023,0.0,7.5,2.15000009536743,0.0,0.55000001192093,2.09500002861023,0.0,7.5,6.15136003494263,1.20477890968323,-1.33936309814453,6.12834501266479,1.19794309139252,-1.28920900821686,"(6.128345, 1.197943, -1.289209)",EyeArea,9.79999446868896,0.1,6.15136003494263,1.20477890968323,-1.33936309814453,0.00003628125675,90.3817622677577,0.00000323313938
1457,left road,1457,2.1949999332428,0.0,7.5,2.25,0.0,0.55000001192093,2.1949999332428,0.0,7.5,6.15136003494263,1.20477890968323,-1.33936309814453,6.12891340255737,1.19794356822968,-1.28921282291412,"(6.128913, 1.197944, -1.289213)",EyeArea,9.7590274810791,0.1,6.15136003494263,1.20477890968323,-1.33936309814453,0.00003628125675,90.3817622677577,0.00000323313938
1458,left road,1458,2.29499983787537,0.0,7.5,2.34999990463257,0.0,0.55000001192093,2.29499983787537,0.0,7.5,6.15136003494263,1.20477890968323,-1.33936309814453,6.12948226928711,1.19794404506683,-1.28921663761139,"(6.129482, 1.197944, -1.289217)",EyeArea,9.71891689300537,0.1,6.15136003494263,1.20477890968323,-1.33936309814453,0.00003628125675,90.3817622677577,0.00000323313938
1459,left road,1459,2.39499998092651,0.0,7.5,2.45000004768372,0.0,0.55000001192093,2.39499998092651,0.0,7.5,6.15136003494263,1.20477890968323,-1.33936309814453,6.130051612854,1.19794464111328,-1.28922033309937,"(6.130052, 1.197945, -1.28922)",EyeArea,9.67967319488525,0.1,6.15136003494263,1.20477890968323,-1.33936309814453,0.00003628125675,90.3817622677577,0.00000323313938
1460,left road,1460,2.49499988555908,0.0,7.5,2.54999995231628,0.0,0.55000001192093,2.49499988555908,0.0,7.5,6.15136003494263,1.20477890968323,-1.33936309814453,6.13062047958374,1.19794511795044,-1.28922414779663,"(6.13062, 1.197945, -1.289224)",EyeArea,9.64130687713623,0.1,6.15136003494263,1.20477890968323,-1.33936309814453,0.00003628125675,90.3817622677577,0.00000323313938
1461,left road,1461,2.59500002861023,0.0,7.5,2.65000009536743,0.0,0.55000001192093,2.59500002861023,0.0,7.5,6.15136003494263,1.20477890968323,-1.33936309814453,6.13118934631348,1.1979455947876,-1.2892279624939,"(6.131189, 1.197946, -1.289228)",EyeArea,9.60382843017578,0.1,6.15136003494263,1.20477890968323,-1.33936309814453,0.00003628125675,90.3817622677577,0.00000323313938
1462,left road,1462,2.6949999332428,0.0,7.5,2.75,0.0,0.55000001192093,2.6949999332428,0.0,7.5,6.15136003494263,1.20477890968323,-1.33936309814453,6.13175773620605,1.19794619083405,-1.28923177719116,"(6.131758, 1.197946, -1.289232)",EyeArea,9.5672492980957,0.1,6.15136003494263,1.20477890968323,-1.33936309814453,0.00003628125675,90.3817622677577,0.00000323313938
1463,left road,1463,2.79499983787537,0.0,7.5,2.84999990463257,0.0,0.55000001192093,2.79499983787537,0.0,7.5,6.15136003494263,1.20477890968323,-1.33936309814453,6.13232612609863,1.1979466676712,-1.28923559188843,"(6.132326, 1.197947, -1.289236)",EyeArea,9.53157806396484,0.1,6.15136003494263,1.20477890968323,-1.33936309814453,0.00003628125675,90.3817622677577,0.00000323313938
1464,left road,1464,2.89499998092651,0.0,7.5,2.95000004768372,0.0,0.55000001192093,2.89499998092651,0.0,7.5,6.15136003494263,1.20477890968323,-1.33936309814453,6.13289499282837,1.19794726371765,-1.2892392873764,"(6.132895, 1.197947, -1.289239)",EyeArea,9.496826171875,0.1,6.15136003494263,1.20477890968323,-1.33936309814453,0.00003628125675,90.3817622677577,0.00000323313938
1465,left road,1465,2.99499988555908,0.0,7.5,3.04999995231628,0.0,0.55000001192093,2.99499988555908,0.0,7.5,6.15136003494263,1.20477890968323,-1.33936309814453,6.13346338272095,1.19794774055481,-1.28924310207367,"(6.133463, 1.197948, -1.289243)",EyeArea,9.46300411224365,0.1,6.15136003494263,1.20477890968323,-1.33936309814453,0.00003628125675,90.3817622677577,0.00000323313938
1466,left road,1466,3.09500002861023,0.0,7.5,3.15000009536743,0.0,0.55000001192093,3.09500002861023,0.0,7.5,6.15136003494263,1.20477890968323,-1.33936309814453,6.13403129577637,1.19794821739197,-1.28924691677094,"(6.134031, 1.197948, -1.289247)",EyeArea,9.43012046813965,0.1,6.15136003494263,1.20477890968323,-1.33936309814453,0.00003628125675,90.3817622677577,0.00000323313938
1467,left road,1467,3.1949999332428,0.0,7.5,3.25,0.0,0.55000001192093,3.1949999332428,0.0,7.5,6.15136003494263,1.20477890968323,-1.33936309814453,6.13459968566895,1.19794869422913,-1.2892507314682,"(6.1346, 1.197949, -1.289251)",EyeArea,9.39818572998047,0.1,6.15136003494263,1.20477890968323,-1.33936309814453,0.00003628125675,90.3817622677577,0.00000323313938
1468,left road,1468,3.29499983787537,0.0,7.5,3.34999990463257,0.0,0.55000001192093,3.29499983787537,0.0,7.5,6.15136003494263,1.20477890968323,-1.33936309814453,6.13516759872437,1.19794917106628,-1.28925442695618,"(6.135168, 1.197949, -1.289254)",EyeArea,9.36720943450928,0.1,6.15136003494263,1.20477890968323,-1.33936309814453,0.00003628125675,90.3817622677577,0.00000323313938
1469,left road,1469,3.39499998092651,0.0,7.5,3.45000004768372,0.0,0.55000001192093,3.39499998092651,0.0,7.5,6.15136003494263,1.20477890968323,-1.33936309814453,6.13573598861694,1.19794976711273,-1.28925824165344,"(6.135736, 1.19795, -1.289258)",EyeArea,9.33720207214355,0.1,6.15136003494263,1.20477890968323,-1.33936309814453,0.00003628125675,90.3817622677577,0.00000323313938
1470,left road,1470,-3.50500011444092,0.0,7.59999990463257,-3.45000004768372,0.0,0.64999997615814,-3.50500011444092,0.0,7.59999990463257,6.15136003494263,1.20477890968323,-1.33936309814453,5.60467433929443,1.13657140731812,-0.8332691192627,"(5.604674, 1.136571, -0.833269)",truck body CS,13.2139701843262,0.1,6.15136003494263,1.20477890968323,-1.33936309814453,0.00003628125675,90.3817622677577,0.00000323313938
1471,left road,1471,-3.40499997138977,0.0,7.59999990463257,-3.34999990463257,0.0,0.64999997615814,-3.40499997138977,0.0,7.59999990463257,6.15136003494263,1.20477890968323,-1.33936309814453,5.60484552383423,1.13587927818298,-0.82813376188278,"(5.604846, 1.135879, -0.828134)",truck body CS,13.1410703659058,0.1,6.15136003494263,1.20477890968323,-1.33936309814453,0.00003628125675,90.3817622677577,0.00000323313938
1472,left road,1472,-3.3050000667572,0.0,7.59999990463257,-3.25,0.0,0.64999997615814,-3.3050000667572,0.0,7.59999990463257,6.15136003494263,1.20477890968323,-1.33936309814453,5.60502290725708,1.13517332077026,-0.82289588451385,"(5.605023, 1.135173, -0.822896)",truck body CS,13.0685291290283,0.1,6.15136003494263,1.20477890968323,-1.33936309814453,0.00003628125675,90.3817622677577,0.00000323313938
1473,left road,1473,-3.20500016212463,0.0,7.59999990463257,-3.15000009536743,0.0,0.64999997615814,-3.20500016212463,0.0,7.59999990463257,6.15136003494263,1.20477890968323,-1.33936309814453,5.60520315170288,1.13445258140564,-0.8175476193428,"(5.605203, 1.134453, -0.817548)",truck body CS,12.9963521957397,0.1,6.15136003494263,1.20477890968323,-1.33936309814453,0.00003628125675,90.3817622677577,0.00000323313938
1474,left road,1474,-3.10500001907349,0.0,7.59999990463257,-3.04999995231628,0.0,0.64999997615814,-3.10500001907349,0.0,7.59999990463257,6.15136003494263,1.20477890968323,-1.33936309814453,5.60538673400879,1.13371670246124,-0.81208765506744,"(5.605387, 1.133717, -0.812088)",truck body CS,12.9245471954346,0.1,6.15136003494263,1.20477890968323,-1.33936309814453,0.00003628125675,90.3817622677577,0.00000323313938
1475,left road,1475,-3.00500011444092,0.0,7.59999990463257,-2.95000004768372,0.0,0.64999997615814,-3.00500011444092,0.0,7.59999990463257,6.15136003494263,1.20477890968323,-1.33936309814453,5.60557317733765,1.13296508789063,-0.80651116371155,"(5.605573, 1.132965, -0.806511)",truck body CS,12.8531179428101,0.1,6.15136003494263,1.20477890968323,-1.33936309814453,0.00003628125675,90.3817622677577,0.00000323313938
1476,left road,1476,-2.90499997138977,0.0,7.59999990463257,-2.84999990463257,0.0,0.64999997615814,-2.90499997138977,0.0,7.59999990463257,6.15136003494263,1.20477890968323,-1.33936309814453,5.60576581954956,1.13219773769379,-0.80081689357758,"(5.605766, 1.132198, -0.800817)",truck body CS,12.7820720672607,0.1,6.15136003494263,1.20477890968323,-1.33936309814453,0.00003628125675,90.3817622677577,0.00000323313938
1477,left road,1477,-2.8050000667572,0.0,7.59999990463257,-2.75,0.0,0.64999997615814,-2.8050000667572,0.0,7.59999990463257,6.15136003494263,1.20477890968323,-1.33936309814453,5.60595989227295,1.13141369819641,-0.79499930143356,"(5.60596, 1.131414, -0.794999)",truck body CS,12.7114162445068,0.1,6.15136003494263,1.20477890968323,-1.33936309814453,0.00003628125675,90.3817622677577,0.00000323313938
1478,left road,1478,-2.70500016212463,0.0,7.59999990463257,-2.65000009536743,0.0,0.64999997615814,-2.70500016212463,0.0,7.59999990463257,6.15136003494263,1.20477890968323,-1.33936309814453,5.60615968704224,1.13061237335205,-0.78905302286148,"(5.60616, 1.130612, -0.789053)",truck body CS,12.6411561965942,0.1,6.15136003494263,1.20477890968323,-1.33936309814453,0.00003628125675,90.3817622677577,0.00000323313938
1479,left road,1479,-2.60500001907349,0.0,7.59999990463257,-2.54999995231628,0.0,0.64999997615814,-2.60500001907349,0.0,7.59999990463257,6.15136003494263,1.20477890968323,-1.33936309814453,5.60759830474854,1.12996339797974,-0.78423798084259,"(5.607598, 1.129963, -0.784238)",truck body CS,12.5712985992432,0.1,6.15136003494263,1.20477890968323,-1.33936309814453,0.00003628125675,90.3817622677577,0.00000323313938
1480,left road,1480,-2.50500011444092,0.0,7.59999990463257,-2.45000004768372,0.0,0.64999997615814,-2.50500011444092,0.0,7.59999990463257,6.15136003494263,1.20477890968323,-1.33936309814453,5.61006259918213,1.12944197654724,-0.78036910295486,"(5.610063, 1.129442, -0.780369)",truck body CS,12.5018520355225,0.1,6.15136003494263,1.20477890968323,-1.33936309814453,0.00003628125675,90.3817622677577,0.00000323313938
1481,left road,1481,-2.40499997138977,0.0,7.59999990463257,-2.34999990463257,0.0,0.64999997615814,-2.40499997138977,0.0,7.59999990463257,6.15136003494263,1.20477890968323,-1.33936309814453,5.61300754547119,1.12897622585297,-0.77691352367401,"(5.613008, 1.128976, -0.776914)",truck body CS,12.4328203201294,0.1,6.15136003494263,1.20477890968323,-1.33936309814453,0.00003628125675,90.3817622677577,0.00000323313938
1482,left road,1482,-2.3050000667572,0.0,7.59999990463257,-2.25,0.0,0.64999997615814,-2.3050000667572,0.0,7.59999990463257,6.15136003494263,1.20477890968323,-1.33936309814453,5.61598968505859,1.1285046339035,-0.77341485023499,"(5.61599, 1.128505, -0.773415)",truck body CS,12.3642120361328,0.1,6.15136003494263,1.20477890968323,-1.33936309814453,0.00003628125675,90.3817622677577,0.00000323313938
1483,left road,1483,-2.20500016212463,0.0,7.59999990463257,-2.15000009536743,0.0,0.64999997615814,-2.20500016212463,0.0,7.59999990463257,6.15136003494263,1.20477890968323,-1.33936309814453,5.61900854110718,1.12802696228027,-0.76987063884735,"(5.619009, 1.128027, -0.769871)",truck body CS,12.2960348129272,0.1,6.15136003494263,1.20477890968323,-1.33936309814453,0.00003628125675,90.3817622677577,0.00000323313938
1484,left road,1484,-2.10500001907349,0.0,7.59999990463257,-2.04999995231628,0.0,0.64999997615814,-2.10500001907349,0.0,7.59999990463257,6.15136003494263,1.20477890968323,-1.33936309814453,5.62206602096558,1.12754368782043,-0.76628458499908,"(5.622066, 1.127544, -0.766285)",truck body CS,12.2282943725586,0.1,6.15136003494263,1.20477890968323,-1.33936309814453,0.00003628125675,90.3817622677577,0.00000323313938
1485,left road,1485,-2.00500011444092,0.0,7.59999990463257,-1.95000004768372,0.0,0.64999997615814,-2.00500011444092,0.0,7.59999990463257,6.15136003494263,1.20477890968323,-1.33936309814453,5.62516212463379,1.12705397605896,-0.76265066862106,"(5.625162, 1.127054, -0.762651)",truck body CS,12.16100025177,0.1,6.15136003494263,1.20477890968323,-1.33936309814453,0.00003628125675,90.3817622677577,0.00000323313938
1486,left road,1486,-1.90499997138977,0.0,7.59999990463257,-1.85000002384186,0.0,0.64999997615814,-1.90499997138977,0.0,7.59999990463257,6.15136003494263,1.20477890968323,-1.33936309814453,5.62829685211182,1.12655806541443,-0.75897109508514,"(5.628297, 1.126558, -0.758971)",truck body CS,12.0941572189331,0.1,6.15136003494263,1.20477890968323,-1.33936309814453,0.00003628125675,90.3817622677577,0.00000323313938
1487,left road,1487,-1.80499994754791,0.0,7.59999990463257,-1.75,0.0,0.64999997615814,-1.80499994754791,0.0,7.59999990463257,6.15136003494263,1.20477890968323,-1.33936309814453,5.63147354125977,1.12605595588684,-0.75524610280991,"(5.631474, 1.126056, -0.755246)",truck body CS,12.027774810791,0.1,6.15136003494263,1.20477890968323,-1.33936309814453,0.00003628125675,90.3817622677577,0.00000323313938
1488,left road,1488,-1.70499992370605,0.0,7.59999990463257,-1.64999997615814,0.0,0.64999997615814,-1.70499992370605,0.0,7.59999990463257,6.15136003494263,1.20477890968323,-1.33936309814453,5.63468980789185,1.12554717063904,-0.75147068500519,"(5.63469, 1.125547, -0.751471)",truck body CS,11.9618606567383,0.1,6.15136003494263,1.20477890968323,-1.33936309814453,0.00003628125675,90.3817622677577,0.00000323313938
1489,left road,1489,-1.6049998998642,0.0,7.59999990463257,-1.54999995231628,0.0,0.64999997615814,-1.6049998998642,0.0,7.59999990463257,6.15136003494263,1.20477890968323,-1.33936309814453,5.63794946670532,1.12503206729889,-0.74764800071716,"(5.637949, 1.125032, -0.747648)",truck body CS,11.8964204788208,0.1,6.15136003494263,1.20477890968323,-1.33936309814453,0.00003628125675,90.3817622677577,0.00000323313938
1490,left road,1490,-1.50499999523163,0.0,7.59999990463257,-1.45000004768372,0.0,0.64999997615814,-1.50499999523163,0.0,7.59999990463257,6.15136003494263,1.20477890968323,-1.33936309814453,5.64125156402588,1.12451004981995,-0.74377489089966,"(5.641252, 1.12451, -0.743775)",truck body CS,11.8314647674561,0.1,6.15136003494263,1.20477890968323,-1.33936309814453,0.00003628125675,90.3817622677577,0.00000323313938
1491,left road,1491,-1.40499997138977,0.0,7.59999990463257,-1.35000002384186,0.0,0.64999997615814,-1.40499997138977,0.0,7.59999990463257,6.15136003494263,1.20477890968323,-1.33936309814453,5.64459609985352,1.12398087978363,-0.73984897136688,"(5.644596, 1.123981, -0.739849)",truck body CS,11.7669992446899,0.1,6.15136003494263,1.20477890968323,-1.33936309814453,0.00003628125675,90.3817622677577,0.00000323313938
1492,left road,1492,-1.30499994754791,0.0,7.59999990463257,-1.25,0.0,0.64999997615814,-1.30499994754791,0.0,7.59999990463257,6.15136003494263,1.20477890968323,-1.33936309814453,5.64798498153687,1.12344479560852,-0.73587149381638,"(5.647985, 1.123445, -0.735871)",truck body CS,11.7030344009399,0.1,6.15136003494263,1.20477890968323,-1.33936309814453,0.00003628125675,90.3817622677577,0.00000323313938
1493,left road,1493,-1.20499992370605,0.0,7.59999990463257,-1.14999997615814,0.0,0.64999997615814,-1.20499992370605,0.0,7.59999990463257,6.15136003494263,1.20477890968323,-1.33936309814453,5.6514196395874,1.12290191650391,-0.73184245824814,"(5.65142, 1.122902, -0.731842)",truck body CS,11.639575958252,0.1,6.15136003494263,1.20477890968323,-1.33936309814453,0.00003628125675,90.3817622677577,0.00000323313938
1494,left road,1494,-1.1049998998642,0.0,7.59999990463257,-1.04999995231628,0.0,0.64999997615814,-1.1049998998642,0.0,7.59999990463257,6.15136003494263,1.20477890968323,-1.33936309814453,5.65489959716797,1.12235116958618,-0.72775691747665,"(5.6549, 1.122351, -0.727757)",truck body CS,11.5766344070435,0.1,6.15136003494263,1.20477890968323,-1.33936309814453,0.00003628125675,90.3817622677577,0.00000323313938
1495,left road,1495,-1.00499999523163,0.0,7.59999990463257,-0.94999998807907,0.0,0.64999997615814,-1.00499999523163,0.0,7.59999990463257,6.15136003494263,1.20477890968323,-1.33936309814453,5.65842866897583,1.12179350852966,-0.72361862659454,"(5.658429, 1.121794, -0.723619)",truck body CS,11.514217376709,0.1,6.15136003494263,1.20477890968323,-1.33936309814453,0.00003628125675,90.3817622677577,0.00000323313938
1496,left road,1496,-0.90500003099442,0.0,7.59999990463257,-0.85000002384186,0.0,0.64999997615814,-0.90500003099442,0.0,7.59999990463257,6.15136003494263,1.20477890968323,-1.33936309814453,5.66200351715088,1.12122797966003,-0.71942210197449,"(5.662004, 1.121228, -0.719422)",truck body CS,11.4523324966431,0.1,6.15136003494263,1.20477890968323,-1.33936309814453,0.00003628125675,90.3817622677577,0.00000323313938
1497,left road,1497,-0.80500000715256,0.0,7.59999990463257,-0.75,0.0,0.64999997615814,-0.80500000715256,0.0,7.59999990463257,6.15136003494263,1.20477890968323,-1.33936309814453,5.66562986373901,1.12065482139587,-0.71516966819763,"(5.66563, 1.120655, -0.71517)",truck body CS,11.3909902572632,0.1,6.15136003494263,1.20477890968323,-1.33936309814453,0.00003628125675,90.3817622677577,0.00000323313938
1498,left road,1498,-0.7049999833107,0.0,7.59999990463257,-0.64999997615814,0.0,0.64999997615814,-0.7049999833107,0.0,7.59999990463257,6.15136003494263,1.20477890968323,-1.33936309814453,5.67198085784912,1.12054395675659,-0.71434664726257,"(5.671981, 1.120544, -0.714347)",truck body CS,11.3301982879639,0.1,6.15136003494263,1.20477890968323,-1.33936309814453,0.00003628125675,90.3817622677577,0.00000323313938
1499,left road,1499,-0.60500001907349,0.0,7.59999990463257,-0.55000001192093,0.0,0.64999997615814,-0.60500001907349,0.0,7.59999990463257,6.15136003494263,1.20477890968323,-1.33936309814453,5.67966508865356,1.12066733837128,-0.71526265144348,"(5.679665, 1.120667, -0.715263)",truck body CS,11.269965171814,0.1,6.15136003494263,1.20477890968323,-1.33936309814453,0.00003628125675,90.3817622677577,0.00000323313938
1500,left road,1500,-0.50499999523163,0.0,7.59999990463257,-0.44999998807907,0.0,0.64999997615814,-0.50499999523163,0.0,7.59999990463257,6.15136003494263,1.20477890968323,-1.33936309814453,5.68732357025146,1.12078988552094,-0.7161717414856,"(5.687324, 1.12079, -0.716172)",truck body CS,11.2103004455566,0.1,6.15136003494263,1.20477890968323,-1.33936309814453,0.00003628125675,90.3817622677577,0.00000323313938
1501,left road,1501,-0.40500000119209,0.0,7.59999990463257,-0.34999999403954,0.0,0.64999997615814,-0.40500000119209,0.0,7.59999990463257,6.15136003494263,1.20477890968323,-1.33936309814453,5.69413089752197,1.12075972557068,-0.71594858169556,"(5.694131, 1.12076, -0.715949)",truck body CS,11.1512136459351,0.1,6.15136003494263,1.20477890968323,-1.33936309814453,0.00003628125675,90.3817622677577,0.00000323313938
1502,left road,1502,-0.30500000715256,0.0,7.59999990463257,-0.25,0.0,0.64999997615814,-0.30500000715256,0.0,7.59999990463257,6.15136003494263,1.20477890968323,-1.33936309814453,5.70085430145264,1.12071311473846,-0.71560215950012,"(5.700854, 1.120713, -0.715602)",truck body CS,11.0927133560181,0.1,6.15136003494263,1.20477890968323,-1.33936309814453,0.00003628125675,90.3817622677577,0.00000323313938
1503,left road,1503,-0.20500001311302,0.0,7.59999990463257,-0.15000000596046,0.0,0.64999997615814,-0.20500001311302,0.0,7.59999990463257,6.15136003494263,1.20477890968323,-1.33936309814453,5.70758628845215,1.12066650390625,-0.71525645256042,"(5.707586, 1.120667, -0.715256)",truck body CS,11.0348091125488,0.1,6.15136003494263,1.20477890968323,-1.33936309814453,0.00003628125675,90.3817622677577,0.00000323313938
1504,left road,1504,-0.10500000417233,0.0,7.59999990463257,-0.05000000074506,0.0,0.64999997615814,-0.10500000417233,0.0,7.59999990463257,6.15136003494263,1.20477890968323,-1.33936309814453,5.72029685974121,1.12176978588104,-0.72344195842743,"(5.720297, 1.12177, -0.723442)",truck body CS,10.9775114059448,0.1,6.15136003494263,1.20477890968323,-1.33936309814453,0.00003628125675,90.3817622677577,0.00000323313938
1505,left road,1505,-0.00499999895692,0.0,7.59999990463257,0.05000000074506,0.0,0.64999997615814,-0.00499999895692,0.0,7.59999990463257,6.15136003494263,1.20477890968323,-1.33936309814453,6.11676597595215,1.19800901412964,-1.28913187980652,"(6.116766, 1.198009, -1.289132)",EyeArea,10.9208278656006,0.1,6.15136003494263,1.20477890968323,-1.33936309814453,0.00003628125675,90.3817622677577,0.00000323313938
1506,left road,1506,0.09500000625849,0.0,7.59999990463257,0.15000000596046,0.0,0.64999997615814,0.09500000625849,0.0,7.59999990463257,6.15136003494263,1.20477890968323,-1.33936309814453,6.11733055114746,1.1980094909668,-1.28913557529449,"(6.117331, 1.198009, -1.289136)",EyeArea,10.8647689819336,0.1,6.15136003494263,1.20477890968323,-1.33936309814453,0.00003628125675,90.3817622677577,0.00000323313938
1507,left road,1507,0.19499999284744,0.0,7.59999990463257,0.25,0.0,0.64999997615814,0.19499999284744,0.0,7.59999990463257,6.15136003494263,1.20477890968323,-1.33936309814453,6.11789560317993,1.19801008701324,-1.28913938999176,"(6.117896, 1.19801, -1.289139)",EyeArea,10.809344291687,0.1,6.15136003494263,1.20477890968323,-1.33936309814453,0.00003628125675,90.3817622677577,0.00000323313938
1508,left road,1508,0.29499998688698,0.0,7.59999990463257,0.34999999403954,0.0,0.64999997615814,0.29499998688698,0.0,7.59999990463257,6.15136003494263,1.20477890968323,-1.33936309814453,6.11845922470093,1.19801044464111,-1.28914320468903,"(6.118459, 1.19801, -1.289143)",EyeArea,10.7545642852783,0.1,6.15136003494263,1.20477890968323,-1.33936309814453,0.00003628125675,90.3817622677577,0.00000323313938
1509,left road,1509,0.39499998092651,0.0,7.59999990463257,0.44999998807907,0.0,0.64999997615814,0.39499998092651,0.0,7.59999990463257,6.15136003494263,1.20477890968323,-1.33936309814453,6.1190242767334,1.19801115989685,-1.289146900177,"(6.119024, 1.198011, -1.289147)",EyeArea,10.7004384994507,0.1,6.15136003494263,1.20477890968323,-1.33936309814453,0.00003628125675,90.3817622677577,0.00000323313938
1510,left road,1510,0.49500000476837,0.0,7.59999990463257,0.55000001192093,0.0,0.64999997615814,0.49500000476837,0.0,7.59999990463257,6.15136003494263,1.20477890968323,-1.33936309814453,6.11958837509155,1.19801163673401,-1.28915071487427,"(6.119588, 1.198012, -1.289151)",EyeArea,10.6469764709473,0.1,6.15136003494263,1.20477890968323,-1.33936309814453,0.00003628125675,90.3817622677577,0.00000323313938
1511,left road,1511,0.59499996900558,0.0,7.59999990463257,0.64999997615814,0.0,0.64999997615814,0.59499996900558,0.0,7.59999990463257,6.15136003494263,1.20477890968323,-1.33936309814453,6.12015199661255,1.19801199436188,-1.28915441036224,"(6.120152, 1.198012, -1.289154)",EyeArea,10.5941896438599,0.1,6.15136003494263,1.20477890968323,-1.33936309814453,0.00003628125675,90.3817622677577,0.00000323313938
1512,left road,1512,0.69499999284744,0.0,7.59999990463257,0.75,0.0,0.64999997615814,0.69499999284744,0.0,7.59999990463257,6.15136003494263,1.20477890968323,-1.33936309814453,6.1207160949707,1.19801259040833,-1.28915822505951,"(6.120716, 1.198013, -1.289158)",EyeArea,10.542085647583,0.1,6.15136003494263,1.20477890968323,-1.33936309814453,0.00003628125675,90.3817622677577,0.00000323313938
1513,left road,1513,0.7950000166893,0.0,7.59999990463257,0.85000002384186,0.0,0.64999997615814,0.7950000166893,0.0,7.59999990463257,6.15136003494263,1.20477890968323,-1.33936309814453,6.12128019332886,1.19801318645477,-1.28916192054749,"(6.12128, 1.198013, -1.289162)",EyeArea,10.4906768798828,0.1,6.15136003494263,1.20477890968323,-1.33936309814453,0.00003628125675,90.3817622677577,0.00000323313938
1514,left road,1514,0.89499998092651,0.0,7.59999990463257,0.94999998807907,0.0,0.64999997615814,0.89499998092651,0.0,7.59999990463257,6.15136003494263,1.20477890968323,-1.33936309814453,6.1218433380127,1.19801354408264,-1.28916573524475,"(6.121843, 1.198014, -1.289166)",EyeArea,10.4399728775024,0.1,6.15136003494263,1.20477890968323,-1.33936309814453,0.00003628125675,90.3817622677577,0.00000323313938
1515,left road,1515,0.99499994516373,0.0,7.59999990463257,1.04999995231628,0.0,0.64999997615814,0.99499994516373,0.0,7.59999990463257,6.15136003494263,1.20477890968323,-1.33936309814453,6.12240791320801,1.19801425933838,-1.28916943073273,"(6.122408, 1.198014, -1.289169)",EyeArea,10.3899831771851,0.1,6.15136003494263,1.20477890968323,-1.33936309814453,0.00003628125675,90.3817622677577,0.00000323313938
1516,left road,1516,1.09500002861023,0.0,7.59999990463257,1.14999997615814,0.0,0.64999997615814,1.09500002861023,0.0,7.59999990463257,6.15136003494263,1.20477890968323,-1.33936309814453,6.12297201156616,1.19801473617554,-1.28917324542999,"(6.122972, 1.198015, -1.289173)",EyeArea,10.3407201766968,0.1,6.15136003494263,1.20477890968323,-1.33936309814453,0.00003628125675,90.3817622677577,0.00000323313938
1517,left road,1517,1.19500005245209,0.0,7.59999990463257,1.25,0.0,0.64999997615814,1.19500005245209,0.0,7.59999990463257,6.15136003494263,1.20477890968323,-1.33936309814453,6.12353420257568,1.19801509380341,-1.28917694091797,"(6.123534, 1.198015, -1.289177)",EyeArea,10.2921915054321,0.1,6.15136003494263,1.20477890968323,-1.33936309814453,0.00003628125675,90.3817622677577,0.00000323313938
1518,left road,1518,1.29500007629395,0.0,7.59999990463257,1.35000002384186,0.0,0.64999997615814,1.29500007629395,0.0,7.59999990463257,6.15136003494263,1.20477890968323,-1.33936309814453,6.12409830093384,1.19801568984985,-1.28918075561523,"(6.124098, 1.198016, -1.289181)",EyeArea,10.2444095611572,0.1,6.15136003494263,1.20477890968323,-1.33936309814453,0.00003628125675,90.3817622677577,0.00000323313938
1519,left road,1519,1.3950001001358,0.0,7.59999990463257,1.45000004768372,0.0,0.64999997615814,1.3950001001358,0.0,7.59999990463257,6.15136003494263,1.20477890968323,-1.33936309814453,6.12466192245483,1.19801616668701,-1.28918445110321,"(6.124662, 1.198016, -1.289184)",EyeArea,10.1973857879639,0.1,6.15136003494263,1.20477890968323,-1.33936309814453,0.00003628125675,90.3817622677577,0.00000323313938
1520,left road,1520,1.49500000476837,0.0,7.59999990463257,1.54999995231628,0.0,0.64999997615814,1.49500000476837,0.0,7.59999990463257,6.15136003494263,1.20477890968323,-1.33936309814453,6.12522459030151,1.19801652431488,-1.28918826580048,"(6.125225, 1.198017, -1.289188)",EyeArea,10.1511278152466,0.1,6.15136003494263,1.20477890968323,-1.33936309814453,0.00003628125675,90.3817622677577,0.00000323313938
1521,left road,1521,1.59500002861023,0.0,7.59999990463257,1.64999997615814,0.0,0.64999997615814,1.59500002861023,0.0,7.59999990463257,6.15136003494263,1.20477890968323,-1.33936309814453,6.12578821182251,1.19801723957062,-1.28919196128845,"(6.125788, 1.198017, -1.289192)",EyeArea,10.1056480407715,0.1,6.15136003494263,1.20477890968323,-1.33936309814453,0.00003628125675,90.3817622677577,0.00000323313938
1522,left road,1522,1.69500005245209,0.0,7.59999990463257,1.75,0.0,0.64999997615814,1.69500005245209,0.0,7.59999990463257,6.15136003494263,1.20477890968323,-1.33936309814453,6.12635087966919,1.19801771640778,-1.28919577598572,"(6.126351, 1.198018, -1.289196)",EyeArea,10.0609569549561,0.1,6.15136003494263,1.20477890968323,-1.33936309814453,0.00003628125675,90.3817622677577,0.00000323313938
1523,left road,1523,1.79500007629395,0.0,7.59999990463257,1.85000002384186,0.0,0.64999997615814,1.79500007629395,0.0,7.59999990463257,6.15136003494263,1.20477890968323,-1.33936309814453,6.12691354751587,1.19801807403564,-1.28919947147369,"(6.126914, 1.198018, -1.289199)",EyeArea,10.0170650482178,0.1,6.15136003494263,1.20477890968323,-1.33936309814453,0.00003628125675,90.3817622677577,0.00000323313938
1524,left road,1524,1.8950001001358,0.0,7.59999990463257,1.95000004768372,0.0,0.64999997615814,1.8950001001358,0.0,7.59999990463257,6.15136003494263,1.20477890968323,-1.33936309814453,6.12747669219971,1.19801878929138,-1.28920328617096,"(6.127477, 1.198019, -1.289203)",EyeArea,9.9739818572998,0.1,6.15136003494263,1.20477890968323,-1.33936309814453,0.00003628125675,90.3817622677577,0.00000323313938
1525,left road,1525,1.99500000476837,0.0,7.59999990463257,2.04999995231628,0.0,0.64999997615814,1.99500000476837,0.0,7.59999990463257,6.15136003494263,1.20477890968323,-1.33936309814453,6.12803983688354,1.19801926612854,-1.28920698165894,"(6.12804, 1.198019, -1.289207)",EyeArea,9.93171882629395,0.1,6.15136003494263,1.20477890968323,-1.33936309814453,0.00003628125675,90.3817622677577,0.00000323313938
1526,left road,1526,2.09500002861023,0.0,7.59999990463257,2.15000009536743,0.0,0.64999997615814,2.09500002861023,0.0,7.59999990463257,6.15136003494263,1.20477890968323,-1.33936309814453,6.12860250473022,1.19801962375641,-1.2892107963562,"(6.128603, 1.19802, -1.289211)",EyeArea,9.89028644561768,0.1,6.15136003494263,1.20477890968323,-1.33936309814453,0.00003628125675,90.3817622677577,0.00000323313938
1527,left road,1527,2.1949999332428,0.0,7.59999990463257,2.25,0.0,0.64999997615814,2.1949999332428,0.0,7.59999990463257,6.15136003494263,1.20477890968323,-1.33936309814453,6.1291651725769,1.19802021980286,-1.28921449184418,"(6.129165, 1.19802, -1.289214)",EyeArea,9.84969520568848,0.1,6.15136003494263,1.20477890968323,-1.33936309814453,0.00003628125675,90.3817622677577,0.00000323313938
1528,left road,1528,2.29499983787537,0.0,7.59999990463257,2.34999990463257,0.0,0.64999997615814,2.29499983787537,0.0,7.59999990463257,6.15136003494263,1.20477890968323,-1.33936309814453,6.12972784042358,1.19802069664001,-1.28921818733215,"(6.129728, 1.198021, -1.289218)",EyeArea,9.80995559692383,0.1,6.15136003494263,1.20477890968323,-1.33936309814453,0.00003628125675,90.3817622677577,0.00000323313938
1529,left road,1529,2.39499998092651,0.0,7.59999990463257,2.45000004768372,0.0,0.64999997615814,2.39499998092651,0.0,7.59999990463257,6.15136003494263,1.20477890968323,-1.33936309814453,6.13029003143311,1.19802105426788,-1.28922200202942,"(6.13029, 1.198021, -1.289222)",EyeArea,9.77107715606689,0.1,6.15136003494263,1.20477890968323,-1.33936309814453,0.00003628125675,90.3817622677577,0.00000323313938
1530,left road,1530,2.49499988555908,0.0,7.59999990463257,2.54999995231628,0.0,0.64999997615814,2.49499988555908,0.0,7.59999990463257,6.15136003494263,1.20477890968323,-1.33936309814453,6.13085317611694,1.19802176952362,-1.2892256975174,"(6.130853, 1.198022, -1.289226)",EyeArea,9.73307132720947,0.1,6.15136003494263,1.20477890968323,-1.33936309814453,0.00003628125675,90.3817622677577,0.00000323313938
1531,left road,1531,2.59500002861023,0.0,7.59999990463257,2.65000009536743,0.0,0.64999997615814,2.59500002861023,0.0,7.59999990463257,6.15136003494263,1.20477890968323,-1.33936309814453,6.13141536712646,1.19802224636078,-1.28922951221466,"(6.131415, 1.198022, -1.28923)",EyeArea,9.69594764709473,0.1,6.15136003494263,1.20477890968323,-1.33936309814453,0.00003628125675,90.3817622677577,0.00000323313938
1532,left road,1532,2.6949999332428,0.0,7.59999990463257,2.75,0.0,0.64999997615814,2.6949999332428,0.0,7.59999990463257,6.15136003494263,1.20477890968323,-1.33936309814453,6.13197708129883,1.19802260398865,-1.28923320770264,"(6.131977, 1.198023, -1.289233)",EyeArea,9.65971755981445,0.1,6.15136003494263,1.20477890968323,-1.33936309814453,0.00003628125675,90.3817622677577,0.00000323313938
1533,left road,1533,2.79499983787537,0.0,7.59999990463257,2.84999990463257,0.0,0.64999997615814,2.79499983787537,0.0,7.59999990463257,6.15136003494263,1.20477890968323,-1.33936309814453,6.13253974914551,1.19802331924438,-1.2892370223999,"(6.13254, 1.198023, -1.289237)",EyeArea,9.62438869476318,0.1,6.15136003494263,1.20477890968323,-1.33936309814453,0.00003628125675,90.3817622677577,0.00000323313938
1534,left road,1534,2.89499998092651,0.0,7.59999990463257,2.95000004768372,0.0,0.64999997615814,2.89499998092651,0.0,7.59999990463257,6.15136003494263,1.20477890968323,-1.33936309814453,6.13310146331787,1.19802379608154,-1.28924071788788,"(6.133101, 1.198024, -1.289241)",EyeArea,9.58997344970703,0.1,6.15136003494263,1.20477890968323,-1.33936309814453,0.00003628125675,90.3817622677577,0.00000323313938
1535,left road,1535,2.99499988555908,0.0,7.59999990463257,3.04999995231628,0.0,0.64999997615814,2.99499988555908,0.0,7.59999990463257,6.15136003494263,1.20477890968323,-1.33936309814453,6.13366365432739,1.19802415370941,-1.28924441337585,"(6.133664, 1.198024, -1.289244)",EyeArea,9.55648040771484,0.1,6.15136003494263,1.20477890968323,-1.33936309814453,0.00003628125675,90.3817622677577,0.00000323313938
1536,left road,1536,3.09500002861023,0.0,7.59999990463257,3.15000009536743,0.0,0.64999997615814,3.09500002861023,0.0,7.59999990463257,6.15136003494263,1.20477890968323,-1.33936309814453,6.13422584533691,1.19802474975586,-1.28924822807312,"(6.134226, 1.198025, -1.289248)",EyeArea,9.5239200592041,0.1,6.15136003494263,1.20477890968323,-1.33936309814453,0.00003628125675,90.3817622677577,0.00000323313938
1537,left road,1537,3.1949999332428,0.0,7.59999990463257,3.25,0.0,0.64999997615814,3.1949999332428,0.0,7.59999990463257,6.15136003494263,1.20477890968323,-1.33936309814453,6.13478755950928,1.19802522659302,-1.2892519235611,"(6.134788, 1.198025, -1.289252)",EyeArea,9.49230098724365,0.1,6.15136003494263,1.20477890968323,-1.33936309814453,0.00003628125675,90.3817622677577,0.00000323313938
1538,left road,1538,3.29499983787537,0.0,7.59999990463257,3.34999990463257,0.0,0.64999997615814,3.29499983787537,0.0,7.59999990463257,6.15136003494263,1.20477890968323,-1.33936309814453,6.13534927368164,1.19802570343018,-1.28925573825836,"(6.135349, 1.198026, -1.289256)",EyeArea,9.46163272857666,0.1,6.15136003494263,1.20477890968323,-1.33936309814453,0.00003628125675,90.3817622677577,0.00000323313938
1539,left road,1539,3.39499998092651,0.0,7.59999990463257,3.45000004768372,0.0,0.64999997615814,3.39499998092651,0.0,7.59999990463257,6.15136003494263,1.20477890968323,-1.33936309814453,6.135910987854,1.19802629947662,-1.28925943374634,"(6.135911, 1.198026, -1.289259)",EyeArea,9.43192577362061,0.1,6.15136003494263,1.20477890968323,-1.33936309814453,0.00003628125675,90.3817622677577,0.00000323313938
1540,left road,1540,-3.50500011444092,0.0,7.69999980926514,-3.45000004768372,0.0,0.75,-3.50500011444092,0.0,7.69999980926514,6.15136003494263,1.20477890968323,-1.33936309814453,5.60654211044312,1.13680458068848,-0.82935655117035,"(5.606542, 1.136805, -0.829357)",truck body CS,13.2818250656128,0.1,6.15136003494263,1.20477890968323,-1.33936309814453,0.00003628125675,90.3817622677577,0.00000323313938
1541,left road,1541,-3.40499997138977,0.0,7.69999980926514,-3.34999990463257,0.0,0.75,-3.40499997138977,0.0,7.69999980926514,6.15136003494263,1.20477890968323,-1.33936309814453,5.60673236846924,1.13611721992493,-0.82419872283936,"(5.606732, 1.136117, -0.824199)",truck body CS,13.2093000411987,0.1,6.15136003494263,1.20477890968323,-1.33936309814453,0.00003628125675,90.3817622677577,0.00000323313938
1542,left road,1542,-3.3050000667572,0.0,7.69999980926514,-3.25,0.0,0.75,-3.3050000667572,0.0,7.69999980926514,6.15136003494263,1.20477890968323,-1.33936309814453,5.60692834854126,1.13541603088379,-0.81893903017044,"(5.606928, 1.135416, -0.818939)",truck body CS,13.1371355056763,0.1,6.15136003494263,1.20477890968323,-1.33936309814453,0.00003628125675,90.3817622677577,0.00000323313938
1543,left road,1543,-3.20500016212463,0.0,7.69999980926514,-3.15000009536743,0.0,0.75,-3.20500016212463,0.0,7.69999980926514,6.15136003494263,1.20477890968323,-1.33936309814453,5.60712814331055,1.13470053672791,-0.81356954574585,"(5.607128, 1.134701, -0.81357)",truck body CS,13.0653381347656,0.1,6.15136003494263,1.20477890968323,-1.33936309814453,0.00003628125675,90.3817622677577,0.00000323313938
1544,left road,1544,-3.10500001907349,0.0,7.69999980926514,-3.04999995231628,0.0,0.75,-3.10500001907349,0.0,7.69999980926514,6.15136003494263,1.20477890968323,-1.33936309814453,5.60732889175415,1.13396954536438,-0.80808645486832,"(5.607329, 1.13397, -0.808086)",truck body CS,12.9939126968384,0.1,6.15136003494263,1.20477890968323,-1.33936309814453,0.00003628125675,90.3817622677577,0.00000323313938
1545,left road,1545,-3.00500011444092,0.0,7.69999980926514,-2.95000004768372,0.0,0.75,-3.00500011444092,0.0,7.69999980926514,6.15136003494263,1.20477890968323,-1.33936309814453,5.6075382232666,1.13322377204895,-0.80248993635178,"(5.607538, 1.133224, -0.80249)",truck body CS,12.9228677749634,0.1,6.15136003494263,1.20477890968323,-1.33936309814453,0.00003628125675,90.3817622677577,0.00000323313938
1546,left road,1546,-2.90499997138977,0.0,7.69999980926514,-2.84999990463257,0.0,0.75,-2.90499997138977,0.0,7.69999980926514,6.15136003494263,1.20477890968323,-1.33936309814453,5.60774850845337,1.13246154785156,-0.79677206277847,"(5.607749, 1.132462, -0.796772)",truck body CS,12.8522071838379,0.1,6.15136003494263,1.20477890968323,-1.33936309814453,0.00003628125675,90.3817622677577,0.00000323313938
1547,left road,1547,-2.8050000667572,0.0,7.69999980926514,-2.75,0.0,0.75,-2.8050000667572,0.0,7.69999980926514,6.15136003494263,1.20477890968323,-1.33936309814453,5.60796499252319,1.13168334960938,-0.79093325138092,"(5.607965, 1.131683, -0.790933)",truck body CS,12.7819385528564,0.1,6.15136003494263,1.20477890968323,-1.33936309814453,0.00003628125675,90.3817622677577,0.00000323313938
1548,left road,1548,-2.70500016212463,0.0,7.69999980926514,-2.65000009536743,0.0,0.75,-2.70500016212463,0.0,7.69999980926514,6.15136003494263,1.20477890968323,-1.33936309814453,5.60939121246338,1.13105201721191,-0.78619503974915,"(5.609391, 1.131052, -0.786195)",truck body CS,12.7120685577393,0.1,6.15136003494263,1.20477890968323,-1.33936309814453,0.00003628125675,90.3817622677577,0.00000323313938
1549,left road,1549,-2.60500001907349,0.0,7.69999980926514,-2.54999995231628,0.0,0.75,-2.60500001907349,0.0,7.69999980926514,6.15136003494263,1.20477890968323,-1.33936309814453,5.61143350601196,1.13049101829529,-0.7819864153862,"(5.611434, 1.130491, -0.781986)",truck body CS,12.6426029205322,0.1,6.15136003494263,1.20477890968323,-1.33936309814453,0.00003628125675,90.3817622677577,0.00000323313938
1550,left road,1550,-2.50500011444092,0.0,7.69999980926514,-2.45000004768372,0.0,0.75,-2.50500011444092,0.0,7.69999980926514,6.15136003494263,1.20477890968323,-1.33936309814453,5.61350917816162,1.12992167472839,-0.77771389484406,"(5.613509, 1.129922, -0.777714)",truck body CS,12.5735492706299,0.1,6.15136003494263,1.20477890968323,-1.33936309814453,0.00003628125675,90.3817622677577,0.00000323313938
1551,left road,1551,-2.40499997138977,0.0,7.69999980926514,-2.34999990463257,0.0,0.75,-2.40499997138977,0.0,7.69999980926514,6.15136003494263,1.20477890968323,-1.33936309814453,5.61640691757202,1.12945461273193,-0.77421110868454,"(5.616407, 1.129455, -0.774211)",truck body CS,12.5049142837524,0.1,6.15136003494263,1.20477890968323,-1.33936309814453,0.00003628125675,90.3817622677577,0.00000323313938
1552,left road,1552,-2.3050000667572,0.0,7.69999980926514,-2.25,0.0,0.75,-2.3050000667572,0.0,7.69999980926514,6.15136003494263,1.20477890968323,-1.33936309814453,5.6193904876709,1.12898910045624,-0.77071851491928,"(5.61939, 1.128989, -0.770719)",truck body CS,12.4367036819458,0.1,6.15136003494263,1.20477890968323,-1.33936309814453,0.00003628125675,90.3817622677577,0.00000323313938
1553,left road,1553,-2.20500016212463,0.0,7.69999980926514,-2.15000009536743,0.0,0.75,-2.20500016212463,0.0,7.69999980926514,6.15136003494263,1.20477890968323,-1.33936309814453,5.62241363525391,1.12851798534393,-0.76718354225159,"(5.622414, 1.128518, -0.767184)",truck body CS,12.3689260482788,0.1,6.15136003494263,1.20477890968323,-1.33936309814453,0.00003628125675,90.3817622677577,0.00000323313938
1554,left road,1554,-2.10500001907349,0.0,7.69999980926514,-2.04999995231628,0.0,0.75,-2.10500001907349,0.0,7.69999980926514,6.15136003494263,1.20477890968323,-1.33936309814453,5.6254711151123,1.12804055213928,-0.7636017203331,"(5.625471, 1.128041, -0.763602)",truck body CS,12.3015871047974,0.1,6.15136003494263,1.20477890968323,-1.33936309814453,0.00003628125675,90.3817622677577,0.00000323313938
1555,left road,1555,-2.00500011444092,0.0,7.69999980926514,-1.95000004768372,0.0,0.75,-2.00500011444092,0.0,7.69999980926514,6.15136003494263,1.20477890968323,-1.33936309814453,5.62856769561768,1.12755703926086,-0.7599738240242,"(5.628568, 1.127557, -0.759974)",truck body CS,12.2346963882446,0.1,6.15136003494263,1.20477890968323,-1.33936309814453,0.00003628125675,90.3817622677577,0.00000323313938
1556,left road,1556,-1.90499997138977,0.0,7.69999980926514,-1.85000002384186,0.0,0.75,-1.90499997138977,0.0,7.69999980926514,6.15136003494263,1.20477890968323,-1.33936309814453,5.63170671463013,1.12706792354584,-0.75630354881287,"(5.631707, 1.127068, -0.756304)",truck body CS,12.1682586669922,0.1,6.15136003494263,1.20477890968323,-1.33936309814453,0.00003628125675,90.3817622677577,0.00000323313938
1557,left road,1557,-1.80499994754791,0.0,7.69999980926514,-1.75,0.0,0.75,-1.80499994754791,0.0,7.69999980926514,6.15136003494263,1.20477890968323,-1.33936309814453,5.63488149642944,1.1265721321106,-0.75258278846741,"(5.634881, 1.126572, -0.752583)",truck body CS,12.1022825241089,0.1,6.15136003494263,1.20477890968323,-1.33936309814453,0.00003628125675,90.3817622677577,0.00000323313938
1558,left road,1558,-1.70499992370605,0.0,7.69999980926514,-1.64999997615814,0.0,0.75,-1.70499992370605,0.0,7.69999980926514,6.15136003494263,1.20477890968323,-1.33936309814453,5.63809871673584,1.12607002258301,-0.74881535768509,"(5.638099, 1.12607, -0.748815)",truck body CS,12.0367755889893,0.1,6.15136003494263,1.20477890968323,-1.33936309814453,0.00003628125675,90.3817622677577,0.00000323313938
1559,left road,1559,-1.6049998998642,0.0,7.69999980926514,-1.54999995231628,0.0,0.75,-1.6049998998642,0.0,7.69999980926514,6.15136003494263,1.20477890968323,-1.33936309814453,5.64135885238647,1.12556159496307,-0.74500232934952,"(5.641359, 1.125562, -0.745002)",truck body CS,11.9717454910278,0.1,6.15136003494263,1.20477890968323,-1.33936309814453,0.00003628125675,90.3817622677577,0.00000323313938
1560,left road,1560,-1.50499999523163,0.0,7.69999980926514,-1.45000004768372,0.0,0.75,-1.50499999523163,0.0,7.69999980926514,6.15136003494263,1.20477890968323,-1.33936309814453,5.64465951919556,1.12504625320435,-0.74113595485687,"(5.64466, 1.125046, -0.741136)",truck body CS,11.9072008132935,0.1,6.15136003494263,1.20477890968323,-1.33936309814453,0.00003628125675,90.3817622677577,0.00000323313938
1561,left road,1561,-1.40499997138977,0.0,7.69999980926514,-1.35000002384186,0.0,0.75,-1.40499997138977,0.0,7.69999980926514,6.15136003494263,1.20477890968323,-1.33936309814453,5.64800500869751,1.12452435493469,-0.73722040653229,"(5.648005, 1.124524, -0.73722)",truck body CS,11.8431482315063,0.1,6.15136003494263,1.20477890968323,-1.33936309814453,0.00003628125675,90.3817622677577,0.00000323313938
1562,left road,1562,-1.30499994754791,0.0,7.69999980926514,-1.25,0.0,0.75,-1.30499994754791,0.0,7.69999980926514,6.15136003494263,1.20477890968323,-1.33936309814453,5.65139389038086,1.12399578094482,-0.73325395584106,"(5.651394, 1.123996, -0.733254)",truck body CS,11.7795963287354,0.1,6.15136003494263,1.20477890968323,-1.33936309814453,0.00003628125675,90.3817622677577,0.00000323313938
1563,left road,1563,-1.20499992370605,0.0,7.69999980926514,-1.14999997615814,0.0,0.75,-1.20499992370605,0.0,7.69999980926514,6.15136003494263,1.20477890968323,-1.33936309814453,5.65482759475708,1.12345993518829,-0.72923338413239,"(5.654828, 1.12346, -0.729233)",truck body CS,11.716552734375,0.1,6.15136003494263,1.20477890968323,-1.33936309814453,0.00003628125675,90.3817622677577,0.00000323313938
1564,left road,1564,-1.1049998998642,0.0,7.69999980926514,-1.04999995231628,0.0,0.75,-1.1049998998642,0.0,7.69999980926514,6.15136003494263,1.20477890968323,-1.33936309814453,5.6583080291748,1.12291705608368,-0.72516012191772,"(5.658308, 1.122917, -0.72516)",truck body CS,11.6540269851685,0.1,6.15136003494263,1.20477890968323,-1.33936309814453,0.00003628125675,90.3817622677577,0.00000323313938
1565,left road,1565,-1.00499999523163,0.0,7.69999980926514,-0.94999998807907,0.0,0.75,-1.00499999523163,0.0,7.69999980926514,6.15136003494263,1.20477890968323,-1.33936309814453,5.66183233261108,1.12236666679382,-0.72103035449982,"(5.661832, 1.122367, -0.72103)",truck body CS,11.5920257568359,0.1,6.15136003494263,1.20477890968323,-1.33936309814453,0.00003628125675,90.3817622677577,0.00000323313938
1566,left road,1566,-0.90500003099442,0.0,7.69999980926514,-0.85000002384186,0.0,0.75,-0.90500003099442,0.0,7.69999980926514,6.15136003494263,1.20477890968323,-1.33936309814453,5.66540765762329,1.12180912494659,-0.71684718132019,"(5.665408, 1.121809, -0.716847)",truck body CS,11.5305595397949,0.1,6.15136003494263,1.20477890968323,-1.33936309814453,0.00003628125675,90.3817622677577,0.00000323313938
1567,left road,1567,-0.80500000715256,0.0,7.69999980926514,-0.75,0.0,0.75,-0.80500000715256,0.0,7.69999980926514,6.15136003494263,1.20477890968323,-1.33936309814453,5.67142915725708,1.12165927886963,-0.7157233953476,"(5.671429, 1.121659, -0.715723)",truck body CS,11.4696350097656,0.1,6.15136003494263,1.20477890968323,-1.33936309814453,0.00003628125675,90.3817622677577,0.00000323313938
1568,left road,1568,-0.7049999833107,0.0,7.69999980926514,-0.64999997615814,0.0,0.75,-0.7049999833107,0.0,7.69999980926514,6.15136003494263,1.20477890968323,-1.33936309814453,5.67901134490967,1.12177920341492,-0.71662354469299,"(5.679011, 1.121779, -0.716624)",truck body CS,11.4092617034912,0.1,6.15136003494263,1.20477890968323,-1.33936309814453,0.00003628125675,90.3817622677577,0.00000323313938
1569,left road,1569,-0.60500001907349,0.0,7.69999980926514,-0.55000001192093,0.0,0.75,-0.60500001907349,0.0,7.69999980926514,6.15136003494263,1.20477890968323,-1.33936309814453,5.6865062713623,1.12188720703125,-0.71743404865265,"(5.686506, 1.121887, -0.717434)",truck body CS,11.3494482040405,0.1,6.15136003494263,1.20477890968323,-1.33936309814453,0.00003628125675,90.3817622677577,0.00000323313938
1570,left road,1570,-0.50499999523163,0.0,7.69999980926514,-0.44999998807907,0.0,0.75,-0.50499999523163,0.0,7.69999980926514,6.15136003494263,1.20477890968323,-1.33936309814453,5.69313621520996,1.12184190750122,-0.71709418296814,"(5.693136, 1.121842, -0.717094)",truck body CS,11.2902040481567,0.1,6.15136003494263,1.20477890968323,-1.33936309814453,0.00003628125675,90.3817622677577,0.00000323313938
1571,left road,1571,-0.40500000119209,0.0,7.69999980926514,-0.34999999403954,0.0,0.75,-0.40500000119209,0.0,7.69999980926514,6.15136003494263,1.20477890968323,-1.33936309814453,5.69977331161499,1.12179660797119,-0.71675336360931,"(5.699773, 1.121797, -0.716753)",truck body CS,11.2315368652344,0.1,6.15136003494263,1.20477890968323,-1.33936309814453,0.00003628125675,90.3817622677577,0.00000323313938
1572,left road,1572,-0.30500000715256,0.0,7.69999980926514,-0.25,0.0,0.75,-0.30500000715256,0.0,7.69999980926514,6.15136003494263,1.20477890968323,-1.33936309814453,5.70641803741455,1.12175130844116,-0.71641373634338,"(5.706418, 1.121751, -0.716414)",truck body CS,11.1734580993652,0.1,6.15136003494263,1.20477890968323,-1.33936309814453,0.00003628125675,90.3817622677577,0.00000323313938
1573,left road,1573,-0.20500001311302,0.0,7.69999980926514,-0.15000000596046,0.0,0.75,-0.20500001311302,0.0,7.69999980926514,6.15136003494263,1.20477890968323,-1.33936309814453,5.7177882194519,1.12260007858276,-0.72278249263763,"(5.717788, 1.1226, -0.722782)",truck body CS,11.1159744262695,0.1,6.15136003494263,1.20477890968323,-1.33936309814453,0.00003628125675,90.3817622677577,0.00000323313938
1574,left road,1574,-0.10500000417233,0.0,7.69999980926514,-0.05000000074506,0.0,0.75,-0.10500000417233,0.0,7.69999980926514,6.15136003494263,1.20477890968323,-1.33936309814453,6.11659288406372,1.19808387756348,-1.28913068771362,"(6.116593, 1.198084, -1.289131)",EyeArea,11.0590963363647,0.1,6.15136003494263,1.20477890968323,-1.33936309814453,0.00003628125675,90.3817622677577,0.00000323313938
1575,left road,1575,-0.00499999895692,0.0,7.69999980926514,0.05000000074506,0.0,0.75,-0.00499999895692,0.0,7.69999980926514,6.15136003494263,1.20477890968323,-1.33936309814453,6.11715126037598,1.19808435440063,-1.2891343832016,"(6.117151, 1.198084, -1.289134)",EyeArea,11.002833366394,0.1,6.15136003494263,1.20477890968323,-1.33936309814453,0.00003628125675,90.3817622677577,0.00000323313938
1576,left road,1576,0.09500000625849,0.0,7.69999980926514,0.15000000596046,0.0,0.75,0.09500000625849,0.0,7.69999980926514,6.15136003494263,1.20477890968323,-1.33936309814453,6.11770963668823,1.19808483123779,-1.28913819789886,"(6.11771, 1.198085, -1.289138)",EyeArea,10.9471950531006,0.1,6.15136003494263,1.20477890968323,-1.33936309814453,0.00003628125675,90.3817622677577,0.00000323313938
1577,left road,1577,0.19499999284744,0.0,7.69999980926514,0.25,0.0,0.75,0.19499999284744,0.0,7.69999980926514,6.15136003494263,1.20477890968323,-1.33936309814453,6.11826753616333,1.19808542728424,-1.28914189338684,"(6.118268, 1.198085, -1.289142)",EyeArea,10.8921899795532,0.1,6.15136003494263,1.20477890968323,-1.33936309814453,0.00003628125675,90.3817622677577,0.00000323313938
1578,left road,1578,0.29499998688698,0.0,7.69999980926514,0.34999999403954,0.0,0.75,0.29499998688698,0.0,7.69999980926514,6.15136003494263,1.20477890968323,-1.33936309814453,6.11882543563843,1.19808578491211,-1.28914558887482,"(6.118825, 1.198086, -1.289146)",EyeArea,10.8378286361694,0.1,6.15136003494263,1.20477890968323,-1.33936309814453,0.00003628125675,90.3817622677577,0.00000323313938
1579,left road,1579,0.39499998092651,0.0,7.69999980926514,0.44999998807907,0.0,0.75,0.39499998092651,0.0,7.69999980926514,6.15136003494263,1.20477890968323,-1.33936309814453,6.11938333511353,1.19808626174927,-1.28914928436279,"(6.119383, 1.198086, -1.289149)",EyeArea,10.7841205596924,0.1,6.15136003494263,1.20477890968323,-1.33936309814453,0.00003628125675,90.3817622677577,0.00000323313938
1580,left road,1580,0.49500000476837,0.0,7.69999980926514,0.55000001192093,0.0,0.75,0.49500000476837,0.0,7.69999980926514,6.15136003494263,1.20477890968323,-1.33936309814453,6.11994123458862,1.19808685779572,-1.28915297985077,"(6.119941, 1.198087, -1.289153)",EyeArea,10.7310752868652,0.1,6.15136003494263,1.20477890968323,-1.33936309814453,0.00003628125675,90.3817622677577,0.00000323313938
1581,left road,1581,0.59499996900558,0.0,7.69999980926514,0.64999997615814,0.0,0.75,0.59499996900558,0.0,7.69999980926514,6.15136003494263,1.20477890968323,-1.33936309814453,6.12049913406372,1.19808733463287,-1.28915679454803,"(6.120499, 1.198087, -1.289157)",EyeArea,10.6787033081055,0.1,6.15136003494263,1.20477890968323,-1.33936309814453,0.00003628125675,90.3817622677577,0.00000323313938
1582,left road,1582,0.69499999284744,0.0,7.69999980926514,0.75,0.0,0.75,0.69499999284744,0.0,7.69999980926514,6.15136003494263,1.20477890968323,-1.33936309814453,6.12105655670166,1.19808781147003,-1.28916049003601,"(6.121057, 1.198088, -1.28916)",EyeArea,10.6270151138306,0.1,6.15136003494263,1.20477890968323,-1.33936309814453,0.00003628125675,90.3817622677577,0.00000323313938
1583,left road,1583,0.7950000166893,0.0,7.69999980926514,0.85000002384186,0.0,0.75,0.7950000166893,0.0,7.69999980926514,6.15136003494263,1.20477890968323,-1.33936309814453,6.12161445617676,1.19808828830719,-1.28916418552399,"(6.121614, 1.198088, -1.289164)",EyeArea,10.5760183334351,0.1,6.15136003494263,1.20477890968323,-1.33936309814453,0.00003628125675,90.3817622677577,0.00000323313938
1584,left road,1584,0.89499998092651,0.0,7.69999980926514,0.94999998807907,0.0,0.75,0.89499998092651,0.0,7.69999980926514,6.15136003494263,1.20477890968323,-1.33936309814453,6.1221718788147,1.19808876514435,-1.28916788101196,"(6.122172, 1.198089, -1.289168)",EyeArea,10.5257253646851,0.1,6.15136003494263,1.20477890968323,-1.33936309814453,0.00003628125675,90.3817622677577,0.00000323313938
1585,left road,1585,0.99499994516373,0.0,7.69999980926514,1.04999995231628,0.0,0.75,0.99499994516373,0.0,7.69999980926514,6.15136003494263,1.20477890968323,-1.33936309814453,6.12272930145264,1.1980893611908,-1.28917157649994,"(6.122729, 1.198089, -1.289172)",EyeArea,10.4761457443237,0.1,6.15136003494263,1.20477890968323,-1.33936309814453,0.00003628125675,90.3817622677577,0.00000323313938
1586,left road,1586,1.09500002861023,0.0,7.69999980926514,1.14999997615814,0.0,0.75,1.09500002861023,0.0,7.69999980926514,6.15136003494263,1.20477890968323,-1.33936309814453,6.12328720092773,1.19808983802795,-1.28917527198792,"(6.123287, 1.19809, -1.289175)",EyeArea,10.4272890090942,0.1,6.15136003494263,1.20477890968323,-1.33936309814453,0.00003628125675,90.3817622677577,0.00000323313938
1587,left road,1587,1.19500005245209,0.0,7.69999980926514,1.25,0.0,0.75,1.19500005245209,0.0,7.69999980926514,6.15136003494263,1.20477890968323,-1.33936309814453,6.12384366989136,1.19809031486511,-1.28917908668518,"(6.123844, 1.19809, -1.289179)",EyeArea,10.3791656494141,0.1,6.15136003494263,1.20477890968323,-1.33936309814453,0.00003628125675,90.3817622677577,0.00000323313938
1588,left road,1588,1.29500007629395,0.0,7.69999980926514,1.35000002384186,0.0,0.75,1.29500007629395,0.0,7.69999980926514,6.15136003494263,1.20477890968323,-1.33936309814453,6.1244010925293,1.19809079170227,-1.28918278217316,"(6.124401, 1.198091, -1.289183)",EyeArea,10.3317861557007,0.1,6.15136003494263,1.20477890968323,-1.33936309814453,0.00003628125675,90.3817622677577,0.00000323313938
1589,left road,1589,1.3950001001358,0.0,7.69999980926514,1.45000004768372,0.0,0.75,1.3950001001358,0.0,7.69999980926514,6.15136003494263,1.20477890968323,-1.33936309814453,6.12495803833008,1.19809126853943,-1.28918647766113,"(6.124958, 1.198091, -1.289186)",EyeArea,10.2851610183716,0.1,6.15136003494263,1.20477890968323,-1.33936309814453,0.00003628125675,90.3817622677577,0.00000323313938
1590,left road,1590,1.49500000476837,0.0,7.69999980926514,1.54999995231628,0.0,0.75,1.49500000476837,0.0,7.69999980926514,6.15136003494263,1.20477890968323,-1.33936309814453,6.1255145072937,1.19809174537659,-1.28919017314911,"(6.125515, 1.198092, -1.28919)",EyeArea,10.2392997741699,0.1,6.15136003494263,1.20477890968323,-1.33936309814453,0.00003628125675,90.3817622677577,0.00000323313938
1591,left road,1591,1.59500002861023,0.0,7.69999980926514,1.64999997615814,0.0,0.75,1.59500002861023,0.0,7.69999980926514,6.15136003494263,1.20477890968323,-1.33936309814453,6.12607192993164,1.19809222221375,-1.28919386863709,"(6.126072, 1.198092, -1.289194)",EyeArea,10.1942138671875,0.1,6.15136003494263,1.20477890968323,-1.33936309814453,0.00003628125675,90.3817622677577,0.00000323313938
1592,left road,1592,1.69500005245209,0.0,7.69999980926514,1.75,0.0,0.75,1.69500005245209,0.0,7.69999980926514,6.15136003494263,1.20477890968323,-1.33936309814453,6.12662839889526,1.19809281826019,-1.28919756412506,"(6.126628, 1.198093, -1.289198)",EyeArea,10.1499128341675,0.1,6.15136003494263,1.20477890968323,-1.33936309814453,0.00003628125675,90.3817622677577,0.00000323313938
1593,left road,1593,1.79500007629395,0.0,7.69999980926514,1.85000002384186,0.0,0.75,1.79500007629395,0.0,7.69999980926514,6.15136003494263,1.20477890968323,-1.33936309814453,6.12718534469604,1.19809329509735,-1.28920125961304,"(6.127185, 1.198093, -1.289201)",EyeArea,10.106406211853,0.1,6.15136003494263,1.20477890968323,-1.33936309814453,0.00003628125675,90.3817622677577,0.00000323313938
1594,left road,1594,1.8950001001358,0.0,7.69999980926514,1.95000004768372,0.0,0.75,1.8950001001358,0.0,7.69999980926514,6.15136003494263,1.20477890968323,-1.33936309814453,6.12774181365967,1.19809377193451,-1.28920495510101,"(6.127742, 1.198094, -1.289205)",EyeArea,10.0637054443359,0.1,6.15136003494263,1.20477890968323,-1.33936309814453,0.00003628125675,90.3817622677577,0.00000323313938
1595,left road,1595,1.99500000476837,0.0,7.69999980926514,2.04999995231628,0.0,0.75,1.99500000476837,0.0,7.69999980926514,6.15136003494263,1.20477890968323,-1.33936309814453,6.12829875946045,1.19809424877167,-1.28920876979828,"(6.128299, 1.198094, -1.289209)",EyeArea,10.0218210220337,0.1,6.15136003494263,1.20477890968323,-1.33936309814453,0.00003628125675,90.3817622677577,0.00000323313938
1596,left road,1596,2.09500002861023,0.0,7.69999980926514,2.15000009536743,0.0,0.75,2.09500002861023,0.0,7.69999980926514,6.15136003494263,1.20477890968323,-1.33936309814453,6.12885522842407,1.19809472560883,-1.28921246528625,"(6.128855, 1.198095, -1.289212)",EyeArea,9.98076343536377,0.1,6.15136003494263,1.20477890968323,-1.33936309814453,0.00003628125675,90.3817622677577,0.00000323313938
1597,left road,1597,2.1949999332428,0.0,7.69999980926514,2.25,0.0,0.75,2.1949999332428,0.0,7.69999980926514,6.15136003494263,1.20477890968323,-1.33936309814453,6.1294116973877,1.19809520244598,-1.28921616077423,"(6.129412, 1.198095, -1.289216)",EyeArea,9.94054126739502,0.1,6.15136003494263,1.20477890968323,-1.33936309814453,0.00003628125675,90.3817622677577,0.00000323313938
1598,left road,1598,2.29499983787537,0.0,7.69999980926514,2.34999990463257,0.0,0.75,2.29499983787537,0.0,7.69999980926514,6.15136003494263,1.20477890968323,-1.33936309814453,6.12996816635132,1.19809567928314,-1.28921985626221,"(6.129968, 1.198096, -1.28922)",EyeArea,9.90116596221924,0.1,6.15136003494263,1.20477890968323,-1.33936309814453,0.00003628125675,90.3817622677577,0.00000323313938
1599,left road,1599,2.39499998092651,0.0,7.69999980926514,2.45000004768372,0.0,0.75,2.39499998092651,0.0,7.69999980926514,6.15136003494263,1.20477890968323,-1.33936309814453,6.13052415847778,1.19809627532959,-1.28922355175018,"(6.130524, 1.198096, -1.289224)",EyeArea,9.86264801025391,0.1,6.15136003494263,1.20477890968323,-1.33936309814453,0.00003628125675,90.3817622677577,0.00000323313938
1600,left road,1600,2.49499988555908,0.0,7.69999980926514,2.54999995231628,0.0,0.75,2.49499988555908,0.0,7.69999980926514,6.15136003494263,1.20477890968323,-1.33936309814453,6.13108062744141,1.19809675216675,-1.28922724723816,"(6.131081, 1.198097, -1.289227)",EyeArea,9.82499599456787,0.1,6.15136003494263,1.20477890968323,-1.33936309814453,0.00003628125675,90.3817622677577,0.00000323313938
1601,left road,1601,2.59500002861023,0.0,7.69999980926514,2.65000009536743,0.0,0.75,2.59500002861023,0.0,7.69999980926514,6.15136003494263,1.20477890968323,-1.33936309814453,6.13163661956787,1.19809722900391,-1.28923094272614,"(6.131637, 1.198097, -1.289231)",EyeArea,9.78822135925293,0.1,6.15136003494263,1.20477890968323,-1.33936309814453,0.00003628125675,90.3817622677577,0.00000323313938
1602,left road,1602,2.6949999332428,0.0,7.69999980926514,2.75,0.0,0.75,2.6949999332428,0.0,7.69999980926514,6.15136003494263,1.20477890968323,-1.33936309814453,6.13219261169434,1.19809770584106,-1.28923463821411,"(6.132193, 1.198098, -1.289235)",EyeArea,9.75233268737793,0.1,6.15136003494263,1.20477890968323,-1.33936309814453,0.00003628125675,90.3817622677577,0.00000323313938
1603,left road,1603,2.79499983787537,0.0,7.69999980926514,2.84999990463257,0.0,0.75,2.79499983787537,0.0,7.69999980926514,6.15136003494263,1.20477890968323,-1.33936309814453,6.1327486038208,1.19809818267822,-1.28923833370209,"(6.132749, 1.198098, -1.289238)",EyeArea,9.71734142303467,0.1,6.15136003494263,1.20477890968323,-1.33936309814453,0.00003628125675,90.3817622677577,0.00000323313938
1604,left road,1604,2.89499998092651,0.0,7.69999980926514,2.95000004768372,0.0,0.75,2.89499998092651,0.0,7.69999980926514,6.15136003494263,1.20477890968323,-1.33936309814453,6.13330411911011,1.19809865951538,-1.28924202919006,"(6.133304, 1.198099, -1.289242)",EyeArea,9.68325614929199,0.1,6.15136003494263,1.20477890968323,-1.33936309814453,0.00003628125675,90.3817622677577,0.00000323313938
1605,left road,1605,2.99499988555908,0.0,7.69999980926514,3.04999995231628,0.0,0.75,2.99499988555908,0.0,7.69999980926514,6.15136003494263,1.20477890968323,-1.33936309814453,6.13386011123657,1.19809913635254,-1.28924572467804,"(6.13386, 1.198099, -1.289246)",EyeArea,9.65008735656738,0.1,6.15136003494263,1.20477890968323,-1.33936309814453,0.00003628125675,90.3817622677577,0.00000323313938
1606,left road,1606,3.09500002861023,0.0,7.69999980926514,3.15000009536743,0.0,0.75,3.09500002861023,0.0,7.69999980926514,6.15136003494263,1.20477890968323,-1.33936309814453,6.13441562652588,1.1980996131897,-1.28924942016602,"(6.134416, 1.1981, -1.289249)",EyeArea,9.61784362792969,0.1,6.15136003494263,1.20477890968323,-1.33936309814453,0.00003628125675,90.3817622677577,0.00000323313938
1607,left road,1607,3.1949999332428,0.0,7.69999980926514,3.25,0.0,0.75,3.1949999332428,0.0,7.69999980926514,6.15136003494263,1.20477890968323,-1.33936309814453,6.13497114181519,1.19810020923615,-1.28925311565399,"(6.134971, 1.1981, -1.289253)",EyeArea,9.58653450012207,0.1,6.15136003494263,1.20477890968323,-1.33936309814453,0.00003628125675,90.3817622677577,0.00000323313938
1608,left road,1608,3.29499983787537,0.0,7.69999980926514,3.34999990463257,0.0,0.75,3.29499983787537,0.0,7.69999980926514,6.15136003494263,1.20477890968323,-1.33936309814453,6.13552665710449,1.1981006860733,-1.28925693035126,"(6.135527, 1.198101, -1.289257)",EyeArea,9.55616855621338,0.1,6.15136003494263,1.20477890968323,-1.33936309814453,0.00003628125675,90.3817622677577,0.00000323313938
1609,left road,1609,3.39499998092651,0.0,7.69999980926514,3.45000004768372,0.0,0.75,3.39499998092651,0.0,7.69999980926514,6.15136003494263,1.20477890968323,-1.33936309814453,6.1360821723938,1.19810116291046,-1.28926062583923,"(6.136082, 1.198101, -1.289261)",EyeArea,9.52675628662109,0.1,6.15136003494263,1.20477890968323,-1.33936309814453,0.00003628125675,90.3817622677577,0.00000323313938
1610,left road,1610,-3.50500011444092,0.0,7.79999971389771,-3.45000004768372,0.0,0.85000002384186,-3.50500011444092,0.0,7.79999971389771,6.15136003494263,1.20477890968323,-1.33936309814453,5.60839796066284,1.13703608512878,-0.82547080516815,"(5.608398, 1.137036, -0.825471)",truck body CS,13.3500833511353,0.1,6.15136003494263,1.20477890968323,-1.33936309814453,0.00003628125675,90.3817622677577,0.00000323313938
1611,left road,1611,-3.40499997138977,0.0,7.79999971389771,-3.34999990463257,0.0,0.85000002384186,-3.40499997138977,0.0,7.79999971389771,6.15136003494263,1.20477890968323,-1.33936309814453,5.60860729217529,1.13635349273682,-0.82029294967651,"(5.608607, 1.136353, -0.820293)",truck body CS,13.2779312133789,0.1,6.15136003494263,1.20477890968323,-1.33936309814453,0.00003628125675,90.3817622677577,0.00000323313938
1612,left road,1612,-3.3050000667572,0.0,7.79999971389771,-3.25,0.0,0.85000002384186,-3.3050000667572,0.0,7.79999971389771,6.15136003494263,1.20477890968323,-1.33936309814453,5.60882139205933,1.13565731048584,-0.81501203775406,"(5.608821, 1.135657, -0.815012)",truck body CS,13.2061424255371,0.1,6.15136003494263,1.20477890968323,-1.33936309814453,0.00003628125675,90.3817622677577,0.00000323313938
1613,left road,1613,-3.20500016212463,0.0,7.79999971389771,-3.15000009536743,0.0,0.85000002384186,-3.20500016212463,0.0,7.79999971389771,6.15136003494263,1.20477890968323,-1.33936309814453,5.60903882980347,1.13494646549225,-0.8096187710762,"(5.609039, 1.134946, -0.809619)",truck body CS,13.1347217559814,0.1,6.15136003494263,1.20477890968323,-1.33936309814453,0.00003628125675,90.3817622677577,0.00000323313938
1614,left road,1614,-3.10500001907349,0.0,7.79999971389771,-3.04999995231628,0.0,0.85000002384186,-3.10500001907349,0.0,7.79999971389771,6.15136003494263,1.20477890968323,-1.33936309814453,5.60925912857056,1.13422083854675,-0.80411452054977,"(5.609259, 1.134221, -0.804115)",truck body CS,13.0636758804321,0.1,6.15136003494263,1.20477890968323,-1.33936309814453,0.00003628125675,90.3817622677577,0.00000323313938
1615,left road,1615,-3.00500011444092,0.0,7.79999971389771,-2.95000004768372,0.0,0.85000002384186,-3.00500011444092,0.0,7.79999971389771,6.15136003494263,1.20477890968323,-1.33936309814453,5.60948801040649,1.13348031044006,-0.79849678277969,"(5.609488, 1.13348, -0.798497)",truck body CS,12.993013381958,0.1,6.15136003494263,1.20477890968323,-1.33936309814453,0.00003628125675,90.3817622677577,0.00000323313938
1616,left road,1616,-2.90499997138977,0.0,7.79999971389771,-2.84999990463257,0.0,0.85000002384186,-2.90499997138977,0.0,7.79999971389771,6.15136003494263,1.20477890968323,-1.33936309814453,5.60971736907959,1.13272345066071,-0.79275578260422,"(5.609717, 1.132723, -0.792756)",truck body CS,12.9227361679077,0.1,6.15136003494263,1.20477890968323,-1.33936309814453,0.00003628125675,90.3817622677577,0.00000323313938
1617,left road,1617,-2.8050000667572,0.0,7.79999971389771,-2.75,0.0,0.85000002384186,-2.8050000667572,0.0,7.79999971389771,6.15136003494263,1.20477890968323,-1.33936309814453,5.61112976074219,1.13210904598236,-0.78809499740601,"(5.61113, 1.132109, -0.788095)",truck body CS,12.8528528213501,0.1,6.15136003494263,1.20477890968323,-1.33936309814453,0.00003628125675,90.3817622677577,0.00000323313938
1618,left road,1618,-2.70500016212463,0.0,7.79999971389771,-2.65000009536743,0.0,0.85000002384186,-2.70500016212463,0.0,7.79999971389771,6.15136003494263,1.20477890968323,-1.33936309814453,5.61315774917603,1.1315643787384,-0.78396254777908,"(5.613158, 1.131564, -0.783963)",truck body CS,12.7833700180054,0.1,6.15136003494263,1.20477890968323,-1.33936309814453,0.00003628125675,90.3817622677577,0.00000323313938
1619,left road,1619,-2.60500001907349,0.0,7.79999971389771,-2.54999995231628,0.0,0.85000002384186,-2.60500001907349,0.0,7.79999971389771,6.15136003494263,1.20477890968323,-1.33936309814453,5.61521577835083,1.13101124763489,-0.77976810932159,"(5.615216, 1.131011, -0.779768)",truck body CS,12.7142944335938,0.1,6.15136003494263,1.20477890968323,-1.33936309814453,0.00003628125675,90.3817622677577,0.00000323313938
1620,left road,1620,-2.50500011444092,0.0,7.79999971389771,-2.45000004768372,0.0,0.85000002384186,-2.50500011444092,0.0,7.79999971389771,6.15136003494263,1.20477890968323,-1.33936309814453,5.61730527877808,1.13045001029968,-0.77550911903381,"(5.617305, 1.13045, -0.775509)",truck body CS,12.6456327438354,0.1,6.15136003494263,1.20477890968323,-1.33936309814453,0.00003628125675,90.3817622677577,0.00000323313938
1621,left road,1621,-2.40499997138977,0.0,7.79999971389771,-2.34999990463257,0.0,0.85000002384186,-2.40499997138977,0.0,7.79999971389771,6.15136003494263,1.20477890968323,-1.33936309814453,5.61976432800293,1.12992739677429,-0.77154618501663,"(5.619764, 1.129927, -0.771546)",truck body CS,12.5773897171021,0.1,6.15136003494263,1.20477890968323,-1.33936309814453,0.00003628125675,90.3817622677577,0.00000323313938
1622,left road,1622,-2.3050000667572,0.0,7.79999971389771,-2.25,0.0,0.85000002384186,-2.3050000667572,0.0,7.79999971389771,6.15136003494263,1.20477890968323,-1.33936309814453,5.62274932861328,1.12946772575378,-0.7680578827858,"(5.622749, 1.129468, -0.768058)",truck body CS,12.5095748901367,0.1,6.15136003494263,1.20477890968323,-1.33936309814453,0.00003628125675,90.3817622677577,0.00000323313938
1623,left road,1623,-2.20500016212463,0.0,7.79999971389771,-2.15000009536743,0.0,0.85000002384186,-2.20500016212463,0.0,7.79999971389771,6.15136003494263,1.20477890968323,-1.33936309814453,5.62577295303345,1.12900233268738,-0.76452714204788,"(5.625773, 1.129002, -0.764527)",truck body CS,12.4421939849854,0.1,6.15136003494263,1.20477890968323,-1.33936309814453,0.00003628125675,90.3817622677577,0.00000323313938
1624,left road,1624,-2.10500001907349,0.0,7.79999971389771,-2.04999995231628,0.0,0.85000002384186,-2.10500001907349,0.0,7.79999971389771,6.15136003494263,1.20477890968323,-1.33936309814453,5.62883186340332,1.12853097915649,-0.76095151901245,"(5.628832, 1.128531, -0.760952)",truck body CS,12.3752536773682,0.1,6.15136003494263,1.20477890968323,-1.33936309814453,0.00003628125675,90.3817622677577,0.00000323313938
1625,left road,1625,-2.00500011444092,0.0,7.79999971389771,-1.95000004768372,0.0,0.85000002384186,-2.00500011444092,0.0,7.79999971389771,6.15136003494263,1.20477890968323,-1.33936309814453,5.63193082809448,1.12805390357971,-0.75733155012131,"(5.631931, 1.128054, -0.757332)",truck body CS,12.3087635040283,0.1,6.15136003494263,1.20477890968323,-1.33936309814453,0.00003628125675,90.3817622677577,0.00000323313938
1626,left road,1626,-1.90499997138977,0.0,7.79999971389771,-1.85000002384186,0.0,0.85000002384186,-1.90499997138977,0.0,7.79999971389771,6.15136003494263,1.20477890968323,-1.33936309814453,5.63506889343262,1.12757062911987,-0.7536672949791,"(5.635069, 1.127571, -0.753667)",truck body CS,12.2427272796631,0.1,6.15136003494263,1.20477890968323,-1.33936309814453,0.00003628125675,90.3817622677577,0.00000323313938
1627,left road,1627,-1.80499994754791,0.0,7.79999971389771,-1.75,0.0,0.85000002384186,-1.80499994754791,0.0,7.79999971389771,6.15136003494263,1.20477890968323,-1.33936309814453,5.63824605941772,1.12708163261414,-0.74995636940002,"(5.638246, 1.127082, -0.749956)",truck body CS,12.1771545410156,0.1,6.15136003494263,1.20477890968323,-1.33936309814453,0.00003628125675,90.3817622677577,0.00000323313938
1628,left road,1628,-1.70499992370605,0.0,7.79999971389771,-1.64999997615814,0.0,0.85000002384186,-1.70499992370605,0.0,7.79999971389771,6.15136003494263,1.20477890968323,-1.33936309814453,5.64146518707275,1.12658619880676,-0.74619871377945,"(5.641465, 1.126586, -0.746199)",truck body CS,12.1120529174805,0.1,6.15136003494263,1.20477890968323,-1.33936309814453,0.00003628125675,90.3817622677577,0.00000323313938
1629,left road,1629,-1.6049998998642,0.0,7.79999971389771,-1.54999995231628,0.0,0.85000002384186,-1.6049998998642,0.0,7.79999971389771,6.15136003494263,1.20477890968323,-1.33936309814453,5.64472246170044,1.12608408927917,-0.7423899769783,"(5.644722, 1.126084, -0.74239)",truck body CS,12.0474300384521,0.1,6.15136003494263,1.20477890968323,-1.33936309814453,0.00003628125675,90.3817622677577,0.00000323313938
1630,left road,1630,-1.50499999523163,0.0,7.79999971389771,-1.45000004768372,0.0,0.85000002384186,-1.50499999523163,0.0,7.79999971389771,6.15136003494263,1.20477890968323,-1.33936309814453,5.64802408218384,1.12557566165924,-0.73853272199631,"(5.648024, 1.125576, -0.738533)",truck body CS,11.9832916259766,0.1,6.15136003494263,1.20477890968323,-1.33936309814453,0.00003628125675,90.3817622677577,0.00000323313938
1631,left road,1631,-1.40499997138977,0.0,7.79999971389771,-1.35000002384186,0.0,0.85000002384186,-1.40499997138977,0.0,7.79999971389771,6.15136003494263,1.20477890968323,-1.33936309814453,5.65136909484863,1.12506079673767,-0.73462700843811,"(5.651369, 1.125061, -0.734627)",truck body CS,11.9196481704712,0.1,6.15136003494263,1.20477890968323,-1.33936309814453,0.00003628125675,90.3817622677577,0.00000323313938
1632,left road,1632,-1.30499994754791,0.0,7.79999971389771,-1.25,0.0,0.85000002384186,-1.30499994754791,0.0,7.79999971389771,6.15136003494263,1.20477890968323,-1.33936309814453,5.65475654602051,1.12453901767731,-0.73066902160645,"(5.654757, 1.124539, -0.730669)",truck body CS,11.8565063476563,0.1,6.15136003494263,1.20477890968323,-1.33936309814453,0.00003628125675,90.3817622677577,0.00000323313938
1633,left road,1633,-1.20499992370605,0.0,7.79999971389771,-1.14999997615814,0.0,0.85000002384186,-1.20499992370605,0.0,7.79999971389771,6.15136003494263,1.20477890968323,-1.33936309814453,5.65818881988525,1.12401032447815,-0.72665947675705,"(5.658189, 1.12401, -0.726659)",truck body CS,11.7938747406006,0.1,6.15136003494263,1.20477890968323,-1.33936309814453,0.00003628125675,90.3817622677577,0.00000323313938
1634,left road,1634,-1.1049998998642,0.0,7.79999971389771,-1.04999995231628,0.0,0.85000002384186,-1.1049998998642,0.0,7.79999971389771,6.15136003494263,1.20477890968323,-1.33936309814453,5.66166687011719,1.12347483634949,-0.72259712219238,"(5.661667, 1.123475, -0.722597)",truck body CS,11.7317600250244,0.1,6.15136003494263,1.20477890968323,-1.33936309814453,0.00003628125675,90.3817622677577,0.00000323313938
1635,left road,1635,-1.00499999523163,0.0,7.79999971389771,-0.94999998807907,0.0,0.85000002384186,-1.00499999523163,0.0,7.79999971389771,6.15136003494263,1.20477890968323,-1.33936309814453,5.66519212722778,1.12293219566345,-0.71848022937775,"(5.665192, 1.122932, -0.71848)",truck body CS,11.6701726913452,0.1,6.15136003494263,1.20477890968323,-1.33936309814453,0.00003628125675,90.3817622677577,0.00000323313938
1636,left road,1636,-0.90500003099442,0.0,7.79999971389771,-0.85000002384186,0.0,0.85000002384186,-0.90500003099442,0.0,7.79999971389771,6.15136003494263,1.20477890968323,-1.33936309814453,5.67089414596558,1.12274575233459,-0.71706628799438,"(5.670894, 1.122746, -0.717066)",truck body CS,11.6091203689575,0.1,6.15136003494263,1.20477890968323,-1.33936309814453,0.00003628125675,90.3817622677577,0.00000323313938
1637,left road,1637,-0.80500000715256,0.0,7.79999971389771,-0.75,0.0,0.85000002384186,-0.80500000715256,0.0,7.79999971389771,6.15136003494263,1.20477890968323,-1.33936309814453,5.67837762832642,1.12286269664764,-0.71795237064362,"(5.678378, 1.122863, -0.717952)",truck body CS,11.5486097335815,0.1,6.15136003494263,1.20477890968323,-1.33936309814453,0.00003628125675,90.3817622677577,0.00000323313938
1638,left road,1638,-0.7049999833107,0.0,7.79999971389771,-0.64999997615814,0.0,0.85000002384186,-0.7049999833107,0.0,7.79999971389771,6.15136003494263,1.20477890968323,-1.33936309814453,5.68562126159668,1.1229407787323,-0.71854496002197,"(5.685621, 1.122941, -0.718545)",truck body CS,11.4886512756348,0.1,6.15136003494263,1.20477890968323,-1.33936309814453,0.00003628125675,90.3817622677577,0.00000323313938
1639,left road,1639,-0.60500001907349,0.0,7.79999971389771,-0.55000001192093,0.0,0.85000002384186,-0.60500001907349,0.0,7.79999971389771,6.15136003494263,1.20477890968323,-1.33936309814453,5.69216680526733,1.12289667129517,-0.71821069717407,"(5.692167, 1.122897, -0.718211)",truck body CS,11.429253578186,0.1,6.15136003494263,1.20477890968323,-1.33936309814453,0.00003628125675,90.3817622677577,0.00000323313938
1640,left road,1640,-0.50499999523163,0.0,7.79999971389771,-0.44999998807907,0.0,0.85000002384186,-0.50499999523163,0.0,7.79999971389771,6.15136003494263,1.20477890968323,-1.33936309814453,5.69871854782104,1.12285232543945,-0.71787416934967,"(5.698719, 1.122852, -0.717874)",truck body CS,11.3704252243042,0.1,6.15136003494263,1.20477890968323,-1.33936309814453,0.00003628125675,90.3817622677577,0.00000323313938
1641,left road,1641,-0.40500000119209,0.0,7.79999971389771,-0.34999999403954,0.0,0.85000002384186,-0.40500000119209,0.0,7.79999971389771,6.15136003494263,1.20477890968323,-1.33936309814453,5.70527791976929,1.12280821800232,-0.71753895282745,"(5.705278, 1.122808, -0.717539)",truck body CS,11.3121747970581,0.1,6.15136003494263,1.20477890968323,-1.33936309814453,0.00003628125675,90.3817622677577,0.00000323313938
1642,left road,1642,-0.30500000715256,0.0,7.79999971389771,-0.25,0.0,0.85000002384186,-0.30500000715256,0.0,7.79999971389771,6.15136003494263,1.20477890968323,-1.33936309814453,5.71559619903564,1.12346386909485,-0.72251331806183,"(5.715596, 1.123464, -0.722513)",truck body CS,11.2545108795166,0.1,6.15136003494263,1.20477890968323,-1.33936309814453,0.00003628125675,90.3817622677577,0.00000323313938
1643,left road,1643,-0.20500001311302,0.0,7.79999971389771,-0.15000000596046,0.0,0.85000002384186,-0.20500001311302,0.0,7.79999971389771,6.15136003494263,1.20477890968323,-1.33936309814453,6.11642265319824,1.19815695285797,-1.28912961483002,"(6.116423, 1.198157, -1.28913)",EyeArea,11.1974439620972,0.1,6.15136003494263,1.20477890968323,-1.33936309814453,0.00003628125675,90.3817622677577,0.00000323313938
1644,left road,1644,-0.10500000417233,0.0,7.79999971389771,-0.05000000074506,0.0,0.85000002384186,-0.10500000417233,0.0,7.79999971389771,6.15136003494263,1.20477890968323,-1.33936309814453,6.1169753074646,1.19815754890442,-1.28913331031799,"(6.116975, 1.198158, -1.289133)",EyeArea,11.1409816741943,0.1,6.15136003494263,1.20477890968323,-1.33936309814453,0.00003628125675,90.3817622677577,0.00000323313938
1645,left road,1645,-0.00499999895692,0.0,7.79999971389771,0.05000000074506,0.0,0.85000002384186,-0.00499999895692,0.0,7.79999971389771,6.15136003494263,1.20477890968323,-1.33936309814453,6.1175274848938,1.19815802574158,-1.28913688659668,"(6.117527, 1.198158, -1.289137)",EyeArea,11.0851345062256,0.1,6.15136003494263,1.20477890968323,-1.33936309814453,0.00003628125675,90.3817622677577,0.00000323313938
1646,left road,1646,0.09500000625849,0.0,7.79999971389771,0.15000000596046,0.0,0.85000002384186,0.09500000625849,0.0,7.79999971389771,6.15136003494263,1.20477890968323,-1.33936309814453,6.11807870864868,1.19815838336945,-1.28914058208466,"(6.118079, 1.198158, -1.289141)",EyeArea,11.0299110412598,0.1,6.15136003494263,1.20477890968323,-1.33936309814453,0.00003628125675,90.3817622677577,0.00000323313938
1647,left road,1647,0.19499999284744,0.0,7.79999971389771,0.25,0.0,0.85000002384186,0.19499999284744,0.0,7.79999971389771,6.15136003494263,1.20477890968323,-1.33936309814453,6.11863136291504,1.19815909862518,-1.28914427757263,"(6.118631, 1.198159, -1.289144)",EyeArea,10.97532081604,0.1,6.15136003494263,1.20477890968323,-1.33936309814453,0.00003628125675,90.3817622677577,0.00000323313938
1648,left road,1648,0.29499998688698,0.0,7.79999971389771,0.34999999403954,0.0,0.85000002384186,0.29499998688698,0.0,7.79999971389771,6.15136003494263,1.20477890968323,-1.33936309814453,6.11918306350708,1.19815945625305,-1.28914797306061,"(6.119183, 1.198159, -1.289148)",EyeArea,10.9213733673096,0.1,6.15136003494263,1.20477890968323,-1.33936309814453,0.00003628125675,90.3817622677577,0.00000323313938
1649,left road,1649,0.39499998092651,0.0,7.79999971389771,0.44999998807907,0.0,0.85000002384186,0.39499998092651,0.0,7.79999971389771,6.15136003494263,1.20477890968323,-1.33936309814453,6.11973428726196,1.19815981388092,-1.28915166854858,"(6.119734, 1.19816, -1.289152)",EyeArea,10.8680782318115,0.1,6.15136003494263,1.20477890968323,-1.33936309814453,0.00003628125675,90.3817622677577,0.00000323313938
1650,left road,1650,0.49500000476837,0.0,7.79999971389771,0.55000001192093,0.0,0.85000002384186,0.49500000476837,0.0,7.79999971389771,6.15136003494263,1.20477890968323,-1.33936309814453,6.12028646469116,1.19816052913666,-1.28915536403656,"(6.120286, 1.198161, -1.289155)",EyeArea,10.8154449462891,0.1,6.15136003494263,1.20477890968323,-1.33936309814453,0.00003628125675,90.3817622677577,0.00000323313938
1651,left road,1651,0.59499996900558,0.0,7.79999971389771,0.64999997615814,0.0,0.85000002384186,0.59499996900558,0.0,7.79999971389771,6.15136003494263,1.20477890968323,-1.33936309814453,6.1208381652832,1.19816100597382,-1.28915905952454,"(6.120838, 1.198161, -1.289159)",EyeArea,10.7634830474854,0.1,6.15136003494263,1.20477890968323,-1.33936309814453,0.00003628125675,90.3817622677577,0.00000323313938
1652,left road,1652,0.69499999284744,0.0,7.79999971389771,0.75,0.0,0.85000002384186,0.69499999284744,0.0,7.79999971389771,6.15136003494263,1.20477890968323,-1.33936309814453,6.12138938903809,1.19816136360168,-1.28916263580322,"(6.121389, 1.198161, -1.289163)",EyeArea,10.7122030258179,0.1,6.15136003494263,1.20477890968323,-1.33936309814453,0.00003628125675,90.3817622677577,0.00000323313938
1653,left road,1653,0.7950000166893,0.0,7.79999971389771,0.85000002384186,0.0,0.85000002384186,0.7950000166893,0.0,7.79999971389771,6.15136003494263,1.20477890968323,-1.33936309814453,6.12194108963013,1.19816195964813,-1.2891663312912,"(6.121941, 1.198162, -1.289166)",EyeArea,10.6616144180298,0.1,6.15136003494263,1.20477890968323,-1.33936309814453,0.00003628125675,90.3817622677577,0.00000323313938
1654,left road,1654,0.89499998092651,0.0,7.79999971389771,0.94999998807907,0.0,0.85000002384186,0.89499998092651,0.0,7.79999971389771,6.15136003494263,1.20477890968323,-1.33936309814453,6.12249231338501,1.19816243648529,-1.28917002677917,"(6.122492, 1.198162, -1.28917)",EyeArea,10.6117277145386,0.1,6.15136003494263,1.20477890968323,-1.33936309814453,0.00003628125675,90.3817622677577,0.00000323313938
1655,left road,1655,0.99499994516373,0.0,7.79999971389771,1.04999995231628,0.0,0.85000002384186,0.99499994516373,0.0,7.79999971389771,6.15136003494263,1.20477890968323,-1.33936309814453,6.12304306030273,1.19816279411316,-1.28917372226715,"(6.123043, 1.198163, -1.289174)",EyeArea,10.5625514984131,0.1,6.15136003494263,1.20477890968323,-1.33936309814453,0.00003628125675,90.3817622677577,0.00000323313938
1656,left road,1656,1.09500002861023,0.0,7.79999971389771,1.14999997615814,0.0,0.85000002384186,1.09500002861023,0.0,7.79999971389771,6.15136003494263,1.20477890968323,-1.33936309814453,6.12359523773193,1.19816339015961,-1.28917741775513,"(6.123595, 1.198163, -1.289177)",EyeArea,10.5140962600708,0.1,6.15136003494263,1.20477890968323,-1.33936309814453,0.00003628125675,90.3817622677577,0.00000323313938
1657,left road,1657,1.19500005245209,0.0,7.79999971389771,1.25,0.0,0.85000002384186,1.19500005245209,0.0,7.79999971389771,6.15136003494263,1.20477890968323,-1.33936309814453,6.12414598464966,1.19816386699677,-1.28918099403381,"(6.124146, 1.198164, -1.289181)",EyeArea,10.4663715362549,0.1,6.15136003494263,1.20477890968323,-1.33936309814453,0.00003628125675,90.3817622677577,0.00000323313938
1658,left road,1658,1.29500007629395,0.0,7.79999971389771,1.35000002384186,0.0,0.85000002384186,1.29500007629395,0.0,7.79999971389771,6.15136003494263,1.20477890968323,-1.33936309814453,6.12469673156738,1.19816422462463,-1.28918468952179,"(6.124697, 1.198164, -1.289185)",EyeArea,10.4193897247314,0.1,6.15136003494263,1.20477890968323,-1.33936309814453,0.00003628125675,90.3817622677577,0.00000323313938
1659,left road,1659,1.3950001001358,0.0,7.79999971389771,1.45000004768372,0.0,0.85000002384186,1.3950001001358,0.0,7.79999971389771,6.15136003494263,1.20477890968323,-1.33936309814453,6.12524843215942,1.19816482067108,-1.28918838500977,"(6.125248, 1.198165, -1.289188)",EyeArea,10.3731575012207,0.1,6.15136003494263,1.20477890968323,-1.33936309814453,0.00003628125675,90.3817622677577,0.00000323313938
1660,left road,1660,1.49500000476837,0.0,7.79999971389771,1.54999995231628,0.0,0.85000002384186,1.49500000476837,0.0,7.79999971389771,6.15136003494263,1.20477890968323,-1.33936309814453,6.12579822540283,1.19816529750824,-1.28919208049774,"(6.125798, 1.198165, -1.289192)",EyeArea,10.3276872634888,0.1,6.15136003494263,1.20477890968323,-1.33936309814453,0.00003628125675,90.3817622677577,0.00000323313938
1661,left road,1661,1.59500002861023,0.0,7.79999971389771,1.64999997615814,0.0,0.85000002384186,1.59500002861023,0.0,7.79999971389771,6.15136003494263,1.20477890968323,-1.33936309814453,6.12634897232056,1.19816565513611,-1.28919577598572,"(6.126349, 1.198166, -1.289196)",EyeArea,10.2829885482788,0.1,6.15136003494263,1.20477890968323,-1.33936309814453,0.00003628125675,90.3817622677577,0.00000323313938
1662,left road,1662,1.69500005245209,0.0,7.79999971389771,1.75,0.0,0.85000002384186,1.69500005245209,0.0,7.79999971389771,6.15136003494263,1.20477890968323,-1.33936309814453,6.12690019607544,1.19816625118256,-1.2891993522644,"(6.1269, 1.198166, -1.289199)",EyeArea,10.239070892334,0.1,6.15136003494263,1.20477890968323,-1.33936309814453,0.00003628125675,90.3817622677577,0.00000323313938
1663,left road,1663,1.79500007629395,0.0,7.79999971389771,1.85000002384186,0.0,0.85000002384186,1.79500007629395,0.0,7.79999971389771,6.15136003494263,1.20477890968323,-1.33936309814453,6.12745046615601,1.19816672801971,-1.28920304775238,"(6.12745, 1.198167, -1.289203)",EyeArea,10.1959457397461,0.1,6.15136003494263,1.20477890968323,-1.33936309814453,0.00003628125675,90.3817622677577,0.00000323313938
1664,left road,1664,1.8950001001358,0.0,7.79999971389771,1.95000004768372,0.0,0.85000002384186,1.8950001001358,0.0,7.79999971389771,6.15136003494263,1.20477890968323,-1.33936309814453,6.12800073623657,1.19816708564758,-1.28920674324036,"(6.128001, 1.198167, -1.289207)",EyeArea,10.153621673584,0.1,6.15136003494263,1.20477890968323,-1.33936309814453,0.00003628125675,90.3817622677577,0.00000323313938
1665,left road,1665,1.99500000476837,0.0,7.79999971389771,2.04999995231628,0.0,0.85000002384186,1.99500000476837,0.0,7.79999971389771,6.15136003494263,1.20477890968323,-1.33936309814453,6.1285514831543,1.19816780090332,-1.28921043872833,"(6.128551, 1.198168, -1.28921)",EyeArea,10.1121101379395,0.1,6.15136003494263,1.20477890968323,-1.33936309814453,0.00003628125675,90.3817622677577,0.00000323313938
1666,left road,1666,2.09500002861023,0.0,7.79999971389771,2.15000009536743,0.0,0.85000002384186,2.09500002861023,0.0,7.79999971389771,6.15136003494263,1.20477890968323,-1.33936309814453,6.12910270690918,1.19816827774048,-1.28921401500702,"(6.129103, 1.198168, -1.289214)",EyeArea,10.0714197158813,0.1,6.15136003494263,1.20477890968323,-1.33936309814453,0.00003628125675,90.3817622677577,0.00000323313938
1667,left road,1667,2.1949999332428,0.0,7.79999971389771,2.25,0.0,0.85000002384186,2.1949999332428,0.0,7.79999971389771,6.15136003494263,1.20477890968323,-1.33936309814453,6.12965202331543,1.19816863536835,-1.289217710495,"(6.129652, 1.198169, -1.289218)",EyeArea,10.0315618515015,0.1,6.15136003494263,1.20477890968323,-1.33936309814453,0.00003628125675,90.3817622677577,0.00000323313938
1668,left road,1668,2.29499983787537,0.0,7.79999971389771,2.34999990463257,0.0,0.85000002384186,2.29499983787537,0.0,7.79999971389771,6.15136003494263,1.20477890968323,-1.33936309814453,6.13020277023315,1.19816923141479,-1.28922140598297,"(6.130203, 1.198169, -1.289221)",EyeArea,9.99254512786865,0.1,6.15136003494263,1.20477890968323,-1.33936309814453,0.00003628125675,90.3817622677577,0.00000323313938
1669,left road,1669,2.39499998092651,0.0,7.79999971389771,2.45000004768372,0.0,0.85000002384186,2.39499998092651,0.0,7.79999971389771,6.15136003494263,1.20477890968323,-1.33936309814453,6.13075304031372,1.19816970825195,-1.28922510147095,"(6.130753, 1.19817, -1.289225)",EyeArea,9.95438003540039,0.1,6.15136003494263,1.20477890968323,-1.33936309814453,0.00003628125675,90.3817622677577,0.00000323313938
1670,left road,1670,2.49499988555908,0.0,7.79999971389771,2.54999995231628,0.0,0.85000002384186,2.49499988555908,0.0,7.79999971389771,6.15136003494263,1.20477890968323,-1.33936309814453,6.13130235671997,1.19817006587982,-1.28922867774963,"(6.131302, 1.19817, -1.289229)",EyeArea,9.91707706451416,0.1,6.15136003494263,1.20477890968323,-1.33936309814453,0.00003628125675,90.3817622677577,0.00000323313938
1671,left road,1671,2.59500002861023,0.0,7.79999971389771,2.65000009536743,0.0,0.85000002384186,2.59500002861023,0.0,7.79999971389771,6.15136003494263,1.20477890968323,-1.33936309814453,6.13185262680054,1.19817066192627,-1.28923237323761,"(6.131853, 1.198171, -1.289232)",EyeArea,9.88064479827881,0.1,6.15136003494263,1.20477890968323,-1.33936309814453,0.00003628125675,90.3817622677577,0.00000323313938
1672,left road,1672,2.6949999332428,0.0,7.79999971389771,2.75,0.0,0.85000002384186,2.6949999332428,0.0,7.79999971389771,6.15136003494263,1.20477890968323,-1.33936309814453,6.1324028968811,1.19817113876343,-1.28923606872559,"(6.132403, 1.198171, -1.289236)",EyeArea,9.84509372711182,0.1,6.15136003494263,1.20477890968323,-1.33936309814453,0.00003628125675,90.3817622677577,0.00000323313938
1673,left road,1673,2.79499983787537,0.0,7.79999971389771,2.84999990463257,0.0,0.85000002384186,2.79499983787537,0.0,7.79999971389771,6.15136003494263,1.20477890968323,-1.33936309814453,6.13295221328735,1.1981714963913,-1.28923976421356,"(6.132952, 1.198171, -1.28924)",EyeArea,9.81043243408203,0.1,6.15136003494263,1.20477890968323,-1.33936309814453,0.00003628125675,90.3817622677577,0.00000323313938
1674,left road,1674,2.89499998092651,0.0,7.79999971389771,2.95000004768372,0.0,0.85000002384186,2.89499998092651,0.0,7.79999971389771,6.15136003494263,1.20477890968323,-1.33936309814453,6.13350200653076,1.19817209243774,-1.28924334049225,"(6.133502, 1.198172, -1.289243)",EyeArea,9.77667236328125,0.1,6.15136003494263,1.20477890968323,-1.33936309814453,0.00003628125675,90.3817622677577,0.00000323313938
1675,left road,1675,2.99499988555908,0.0,7.79999971389771,3.04999995231628,0.0,0.85000002384186,2.99499988555908,0.0,7.79999971389771,6.15136003494263,1.20477890968323,-1.33936309814453,6.13405179977417,1.1981725692749,-1.28924703598022,"(6.134052, 1.198173, -1.289247)",EyeArea,9.743821144104,0.1,6.15136003494263,1.20477890968323,-1.33936309814453,0.00003628125675,90.3817622677577,0.00000323313938
1676,left road,1676,3.09500002861023,0.0,7.79999971389771,3.15000009536743,0.0,0.85000002384186,3.09500002861023,0.0,7.79999971389771,6.15136003494263,1.20477890968323,-1.33936309814453,6.13460111618042,1.19817292690277,-1.2892507314682,"(6.134601, 1.198173, -1.289251)",EyeArea,9.71188831329346,0.1,6.15136003494263,1.20477890968323,-1.33936309814453,0.00003628125675,90.3817622677577,0.00000323313938
1677,left road,1677,3.1949999332428,0.0,7.79999971389771,3.25,0.0,0.85000002384186,3.1949999332428,0.0,7.79999971389771,6.15136003494263,1.20477890968323,-1.33936309814453,6.13515090942383,1.19817352294922,-1.28925442695618,"(6.135151, 1.198174, -1.289254)",EyeArea,9.68088340759277,0.1,6.15136003494263,1.20477890968323,-1.33936309814453,0.00003628125675,90.3817622677577,0.00000323313938
1678,left road,1678,3.29499983787537,0.0,7.79999971389771,3.34999990463257,0.0,0.85000002384186,3.29499983787537,0.0,7.79999971389771,6.15136003494263,1.20477890968323,-1.33936309814453,6.13570022583008,1.19817399978638,-1.28925800323486,"(6.1357, 1.198174, -1.289258)",EyeArea,9.6508150100708,0.1,6.15136003494263,1.20477890968323,-1.33936309814453,0.00003628125675,90.3817622677577,0.00000323313938
1679,left road,1679,3.39499998092651,0.0,7.79999971389771,3.45000004768372,0.0,0.85000002384186,3.39499998092651,0.0,7.79999971389771,6.15136003494263,1.20477890968323,-1.33936309814453,6.13624954223633,1.19817435741425,-1.28926169872284,"(6.13625, 1.198174, -1.289262)",EyeArea,9.62169170379639,0.1,6.15136003494263,1.20477890968323,-1.33936309814453,0.00003628125675,90.3817622677577,0.00000323313938
1680,left road,1680,-3.50500011444092,0.0,7.89999961853027,-3.45000004768372,0.0,0.94999998807907,-3.50500011444092,0.0,7.89999961853027,6.15136003494263,1.20477890968323,-1.33936309814453,5.61024236679077,1.13726615905762,-0.82161301374435,"(5.610242, 1.137266, -0.821613)",truck body CS,13.4187412261963,0.1,6.15136003494263,1.20477890968323,-1.33936309814453,0.00003628125675,90.3817622677577,0.00000323313938
1681,left road,1681,-3.40499997138977,0.0,7.89999961853027,-3.34999990463257,0.0,0.94999998807907,-3.40499997138977,0.0,7.89999961853027,6.15136003494263,1.20477890968323,-1.33936309814453,5.61046600341797,1.13658785820007,-0.81641209125519,"(5.610466, 1.136588, -0.816412)",truck body CS,13.3469591140747,0.1,6.15136003494263,1.20477890968323,-1.33936309814453,0.00003628125675,90.3817622677577,0.00000323313938
1682,left road,1682,-3.3050000667572,0.0,7.89999961853027,-3.25,0.0,0.94999998807907,-3.3050000667572,0.0,7.89999961853027,6.15136003494263,1.20477890968323,-1.33936309814453,5.61069965362549,1.13589668273926,-0.81110990047455,"(5.6107, 1.135897, -0.81111)",truck body CS,13.2755432128906,0.1,6.15136003494263,1.20477890968323,-1.33936309814453,0.00003628125675,90.3817622677577,0.00000323313938
1683,left road,1683,-3.20500016212463,0.0,7.89999961853027,-3.15000009536743,0.0,0.94999998807907,-3.20500016212463,0.0,7.89999961853027,6.15136003494263,1.20477890968323,-1.33936309814453,5.61093664169312,1.13519096374512,-0.80569791793823,"(5.610937, 1.135191, -0.805698)",truck body CS,13.2044992446899,0.1,6.15136003494263,1.20477890968323,-1.33936309814453,0.00003628125675,90.3817622677577,0.00000323313938
1684,left road,1684,-3.10500001907349,0.0,7.89999961853027,-3.04999995231628,0.0,0.94999998807907,-3.10500001907349,0.0,7.89999961853027,6.15136003494263,1.20477890968323,-1.33936309814453,5.61117601394653,1.13447022438049,-0.80017113685608,"(5.611176, 1.13447, -0.800171)",truck body CS,13.1338310241699,0.1,6.15136003494263,1.20477890968323,-1.33936309814453,0.00003628125675,90.3817622677577,0.00000323313938
1685,left road,1685,-3.00500011444092,0.0,7.89999961853027,-2.95000004768372,0.0,0.94999998807907,-3.00500011444092,0.0,7.89999961853027,6.15136003494263,1.20477890968323,-1.33936309814453,5.61142301559448,1.13373494148254,-0.79453098773956,"(5.611423, 1.133735, -0.794531)",truck body CS,13.0635461807251,0.1,6.15136003494263,1.20477890968323,-1.33936309814453,0.00003628125675,90.3817622677577,0.00000323313938
1686,left road,1686,-2.90499997138977,0.0,7.89999961853027,-2.84999990463257,0.0,0.94999998807907,-2.90499997138977,0.0,7.89999961853027,6.15136003494263,1.20477890968323,-1.33936309814453,5.61282157897949,1.13313627243042,-0.78994154930115,"(5.612822, 1.133136, -0.789942)",truck body CS,12.9936513900757,0.1,6.15136003494263,1.20477890968323,-1.33936309814453,0.00003628125675,90.3817622677577,0.00000323313938
1687,left road,1687,-2.8050000667572,0.0,7.89999961853027,-2.75,0.0,0.94999998807907,-2.8050000667572,0.0,7.89999961853027,6.15136003494263,1.20477890968323,-1.33936309814453,5.61483192443848,1.13260698318481,-0.78588217496872,"(5.614832, 1.132607, -0.785882)",truck body CS,12.9241514205933,0.1,6.15136003494263,1.20477890968323,-1.33936309814453,0.00003628125675,90.3817622677577,0.00000323313938
1688,left road,1688,-2.70500016212463,0.0,7.89999961853027,-2.65000009536743,0.0,0.94999998807907,-2.70500016212463,0.0,7.89999961853027,6.15136003494263,1.20477890968323,-1.33936309814453,5.61687278747559,1.13206970691681,-0.78176206350327,"(5.616873, 1.13207, -0.781762)",truck body CS,12.8550548553467,0.1,6.15136003494263,1.20477890968323,-1.33936309814453,0.00003628125675,90.3817622677577,0.00000323313938
1689,left road,1689,-2.60500001907349,0.0,7.89999961853027,-2.54999995231628,0.0,0.94999998807907,-2.60500001907349,0.0,7.89999961853027,6.15136003494263,1.20477890968323,-1.33936309814453,5.61894416809082,1.13152432441711,-0.7775799036026,"(5.618944, 1.131524, -0.77758)",truck body CS,12.7863655090332,0.1,6.15136003494263,1.20477890968323,-1.33936309814453,0.00003628125675,90.3817622677577,0.00000323313938
1690,left road,1690,-2.50500011444092,0.0,7.89999961853027,-2.45000004768372,0.0,0.94999998807907,-2.50500011444092,0.0,7.89999961853027,6.15136003494263,1.20477890968323,-1.33936309814453,5.62104797363281,1.13097095489502,-0.77333503961563,"(5.621048, 1.130971, -0.773335)",truck body CS,12.718092918396,0.1,6.15136003494263,1.20477890968323,-1.33936309814453,0.00003628125675,90.3817622677577,0.00000323313938
1691,left road,1691,-2.40499997138977,0.0,7.89999961853027,-2.34999990463257,0.0,0.94999998807907,-2.40499997138977,0.0,7.89999961853027,6.15136003494263,1.20477890968323,-1.33936309814453,5.62318229675293,1.1304087638855,-0.76902449131012,"(5.623182, 1.130409, -0.769024)",truck body CS,12.6502418518066,0.1,6.15136003494263,1.20477890968323,-1.33936309814453,0.00003628125675,90.3817622677577,0.00000323313938
1692,left road,1692,-2.3050000667572,0.0,7.89999961853027,-2.25,0.0,0.94999998807907,-2.3050000667572,0.0,7.89999961853027,6.15136003494263,1.20477890968323,-1.33936309814453,5.62606620788574,1.12994039058685,-0.76543122529984,"(5.626066, 1.12994, -0.765431)",truck body CS,12.5828189849854,0.1,6.15136003494263,1.20477890968323,-1.33936309814453,0.00003628125675,90.3817622677577,0.00000323313938
1693,left road,1693,-2.20500016212463,0.0,7.89999961853027,-2.15000009536743,0.0,0.94999998807907,-2.20500016212463,0.0,7.89999961853027,6.15136003494263,1.20477890968323,-1.33936309814453,5.62909030914307,1.12948060035706,-0.76190531253815,"(5.62909, 1.129481, -0.761905)",truck body CS,12.515832901001,0.1,6.15136003494263,1.20477890968323,-1.33936309814453,0.00003628125675,90.3817622677577,0.00000323313938
1694,left road,1694,-2.10500001907349,0.0,7.89999961853027,-2.04999995231628,0.0,0.94999998807907,-2.10500001907349,0.0,7.89999961853027,6.15136003494263,1.20477890968323,-1.33936309814453,5.63215065002441,1.12901520729065,-0.75833642482758,"(5.632151, 1.129015, -0.758336)",truck body CS,12.4492893218994,0.1,6.15136003494263,1.20477890968323,-1.33936309814453,0.00003628125675,90.3817622677577,0.00000323313938
1695,left road,1695,-2.00500011444092,0.0,7.89999961853027,-1.95000004768372,0.0,0.94999998807907,-2.00500011444092,0.0,7.89999961853027,6.15136003494263,1.20477890968323,-1.33936309814453,5.63525056838989,1.12854409217834,-0.75472444295883,"(5.635251, 1.128544, -0.754724)",truck body CS,12.3831958770752,0.1,6.15136003494263,1.20477890968323,-1.33936309814453,0.00003628125675,90.3817622677577,0.00000323313938
1696,left road,1696,-1.90499997138977,0.0,7.89999961853027,-1.85000002384186,0.0,0.94999998807907,-1.90499997138977,0.0,7.89999961853027,6.15136003494263,1.20477890968323,-1.33936309814453,5.63838815689087,1.12806713581085,-0.75106632709503,"(5.638388, 1.128067, -0.751066)",truck body CS,12.3175592422485,0.1,6.15136003494263,1.20477890968323,-1.33936309814453,0.00003628125675,90.3817622677577,0.00000323313938
1697,left road,1697,-1.80499994754791,0.0,7.89999961853027,-1.75,0.0,0.94999998807907,-1.80499994754791,0.0,7.89999961853027,6.15136003494263,1.20477890968323,-1.33936309814453,5.64156532287598,1.12758421897888,-0.74736201763153,"(5.641565, 1.127584, -0.747362)",truck body CS,12.2523860931396,0.1,6.15136003494263,1.20477890968323,-1.33936309814453,0.00003628125675,90.3817622677577,0.00000323313938
1698,left road,1698,-1.70499992370605,0.0,7.89999961853027,-1.64999997615814,0.0,0.94999998807907,-1.70499992370605,0.0,7.89999961853027,6.15136003494263,1.20477890968323,-1.33936309814453,5.64478302001953,1.12709498405457,-0.74361103773117,"(5.644783, 1.127095, -0.743611)",truck body CS,12.187686920166,0.1,6.15136003494263,1.20477890968323,-1.33936309814453,0.00003628125675,90.3817622677577,0.00000323313938
1699,left road,1699,-1.6049998998642,0.0,7.89999961853027,-1.54999995231628,0.0,0.94999998807907,-1.6049998998642,0.0,7.89999961853027,6.15136003494263,1.20477890968323,-1.33936309814453,5.64804267883301,1.12659978866577,-0.73981273174286,"(5.648043, 1.1266, -0.739813)",truck body CS,12.1234664916992,0.1,6.15136003494263,1.20477890968323,-1.33936309814453,0.00003628125675,90.3817622677577,0.00000323313938
1700,left road,1700,-1.50499999523163,0.0,7.89999961853027,-1.45000004768372,0.0,0.94999998807907,-1.50499999523163,0.0,7.89999961853027,6.15136003494263,1.20477890968323,-1.33936309814453,5.65134477615356,1.12609815597534,-0.73596650362015,"(5.651345, 1.126098, -0.735967)",truck body CS,12.0597333908081,0.1,6.15136003494263,1.20477890968323,-1.33936309814453,0.00003628125675,90.3817622677577,0.00000323313938
1701,left road,1701,-1.40499997138977,0.0,7.89999961853027,-1.35000002384186,0.0,0.94999998807907,-1.40499997138977,0.0,7.89999961853027,6.15136003494263,1.20477890968323,-1.33936309814453,5.65468788146973,1.1255898475647,-0.73206800222397,"(5.654688, 1.12559, -0.732068)",truck body CS,11.9964952468872,0.1,6.15136003494263,1.20477890968323,-1.33936309814453,0.00003628125675,90.3817622677577,0.00000323313938
1702,left road,1702,-1.30499994754791,0.0,7.89999961853027,-1.25,0.0,0.94999998807907,-1.30499994754791,0.0,7.89999961853027,6.15136003494263,1.20477890968323,-1.33936309814453,5.65807390213013,1.12507510185242,-0.72812044620514,"(5.658074, 1.125075, -0.72812)",truck body CS,11.9337596893311,0.1,6.15136003494263,1.20477890968323,-1.33936309814453,0.00003628125675,90.3817622677577,0.00000323313938
1703,left road,1703,-1.20499992370605,0.0,7.89999961853027,-1.14999997615814,0.0,0.94999998807907,-1.20499992370605,0.0,7.89999961853027,6.15136003494263,1.20477890968323,-1.33936309814453,5.6615047454834,1.12455344200134,-0.72412121295929,"(5.661505, 1.124553, -0.724121)",truck body CS,11.8715353012085,0.1,6.15136003494263,1.20477890968323,-1.33936309814453,0.00003628125675,90.3817622677577,0.00000323313938
1704,left road,1704,-1.1049998998642,0.0,7.89999961853027,-1.04999995231628,0.0,0.94999998807907,-1.1049998998642,0.0,7.89999961853027,6.15136003494263,1.20477890968323,-1.33936309814453,5.66498136520386,1.12402522563934,-0.72006940841675,"(5.664981, 1.124025, -0.720069)",truck body CS,11.8098297119141,0.1,6.15136003494263,1.20477890968323,-1.33936309814453,0.00003628125675,90.3817622677577,0.00000323313938
1705,left road,1705,-1.00499999523163,0.0,7.89999961853027,-0.94999998807907,0.0,0.94999998807907,-1.00499999523163,0.0,7.89999961853027,6.15136003494263,1.20477890968323,-1.33936309814453,5.67036962509155,1.12380385398865,-0.71837186813354,"(5.67037, 1.123804, -0.718372)",truck body CS,11.7486515045166,0.1,6.15136003494263,1.20477890968323,-1.33936309814453,0.00003628125675,90.3817622677577,0.00000323313938
1706,left road,1706,-0.90500003099442,0.0,7.89999961853027,-0.85000002384186,0.0,0.94999998807907,-0.90500003099442,0.0,7.89999961853027,6.15136003494263,1.20477890968323,-1.33936309814453,5.67775726318359,1.12391769886017,-0.7192450761795,"(5.677757, 1.123918, -0.719245)",truck body CS,11.6880083084106,0.1,6.15136003494263,1.20477890968323,-1.33936309814453,0.00003628125675,90.3817622677577,0.00000323313938
1707,left road,1707,-0.80500000715256,0.0,7.89999961853027,-0.75,0.0,0.94999998807907,-0.80500000715256,0.0,7.89999961853027,6.15136003494263,1.20477890968323,-1.33936309814453,5.68475961685181,1.12396800518036,-0.71962988376617,"(5.68476, 1.123968, -0.71963)",truck body CS,11.627908706665,0.1,6.15136003494263,1.20477890968323,-1.33936309814453,0.00003628125675,90.3817622677577,0.00000323313938
1708,left road,1708,-0.7049999833107,0.0,7.89999961853027,-0.64999997615814,0.0,0.94999998807907,-0.7049999833107,0.0,7.89999961853027,6.15136003494263,1.20477890968323,-1.33936309814453,5.69122266769409,1.12392497062683,-0.71930062770844,"(5.691223, 1.123925, -0.719301)",truck body CS,11.5683612823486,0.1,6.15136003494263,1.20477890968323,-1.33936309814453,0.00003628125675,90.3817622677577,0.00000323313938
1709,left road,1709,-0.60500001907349,0.0,7.89999961853027,-0.55000001192093,0.0,0.94999998807907,-0.60500001907349,0.0,7.89999961853027,6.15136003494263,1.20477890968323,-1.33936309814453,5.69769191741943,1.12388205528259,-0.7189701795578,"(5.697692, 1.123882, -0.71897)",truck body CS,11.5093746185303,0.1,6.15136003494263,1.20477890968323,-1.33936309814453,0.00003628125675,90.3817622677577,0.00000323313938
1710,left road,1710,-0.50499999523163,0.0,7.89999961853027,-0.44999998807907,0.0,0.94999998807907,-0.50499999523163,0.0,7.89999961853027,6.15136003494263,1.20477890968323,-1.33936309814453,5.70416784286499,1.1238386631012,-0.71863794326782,"(5.704168, 1.123839, -0.718638)",truck body CS,11.4509582519531,0.1,6.15136003494263,1.20477890968323,-1.33936309814453,0.00003628125675,90.3817622677577,0.00000323313938
1711,left road,1711,-0.40500000119209,0.0,7.89999961853027,-0.34999999403954,0.0,0.94999998807907,-0.40500000119209,0.0,7.89999961853027,6.15136003494263,1.20477890968323,-1.33936309814453,6.11571025848389,1.19822800159454,-1.28912484645844,"(6.11571, 1.198228, -1.289125)",EyeArea,11.3931198120117,0.1,6.15136003494263,1.20477890968323,-1.33936309814453,0.00003628125675,90.3817622677577,0.00000323313938
1712,left road,1712,-0.30500000715256,0.0,7.89999961853027,-0.25,0.0,0.94999998807907,-0.30500000715256,0.0,7.89999961853027,6.15136003494263,1.20477890968323,-1.33936309814453,6.11625671386719,1.1982284784317,-1.28912842273712,"(6.116257, 1.198228, -1.289128)",EyeArea,11.3358678817749,0.1,6.15136003494263,1.20477890968323,-1.33936309814453,0.00003628125675,90.3817622677577,0.00000323313938
1713,left road,1713,-0.20500001311302,0.0,7.89999961853027,-0.15000000596046,0.0,0.94999998807907,-0.20500001311302,0.0,7.89999961853027,6.15136003494263,1.20477890968323,-1.33936309814453,6.11680316925049,1.19822895526886,-1.2891321182251,"(6.116803, 1.198229, -1.289132)",EyeArea,11.2792119979858,0.1,6.15136003494263,1.20477890968323,-1.33936309814453,0.00003628125675,90.3817622677577,0.00000323313938
1714,left road,1714,-0.10500000417233,0.0,7.89999961853027,-0.05000000074506,0.0,0.94999998807907,-0.10500000417233,0.0,7.89999961853027,6.15136003494263,1.20477890968323,-1.33936309814453,6.11734914779663,1.19822943210602,-1.28913569450378,"(6.117349, 1.198229, -1.289136)",EyeArea,11.2231616973877,0.1,6.15136003494263,1.20477890968323,-1.33936309814453,0.00003628125675,90.3817622677577,0.00000323313938
1715,left road,1715,-0.00499999895692,0.0,7.89999961853027,0.05000000074506,0.0,0.94999998807907,-0.00499999895692,0.0,7.89999961853027,6.15136003494263,1.20477890968323,-1.33936309814453,6.11789512634277,1.19822990894318,-1.28913938999176,"(6.117895, 1.19823, -1.289139)",EyeArea,11.1677255630493,0.1,6.15136003494263,1.20477890968323,-1.33936309814453,0.00003628125675,90.3817622677577,0.00000323313938
1716,left road,1716,0.09500000625849,0.0,7.89999961853027,0.15000000596046,0.0,0.94999998807907,0.09500000625849,0.0,7.89999961853027,6.15136003494263,1.20477890968323,-1.33936309814453,6.11844110488892,1.19823038578033,-1.28914308547974,"(6.118441, 1.19823, -1.289143)",EyeArea,11.1129121780396,0.1,6.15136003494263,1.20477890968323,-1.33936309814453,0.00003628125675,90.3817622677577,0.00000323313938
1717,left road,1717,0.19499999284744,0.0,7.89999961853027,0.25,0.0,0.94999998807907,0.19499999284744,0.0,7.89999961853027,6.15136003494263,1.20477890968323,-1.33936309814453,6.11898708343506,1.19823086261749,-1.28914666175842,"(6.118987, 1.198231, -1.289147)",EyeArea,11.0587310791016,0.1,6.15136003494263,1.20477890968323,-1.33936309814453,0.00003628125675,90.3817622677577,0.00000323313938
1718,left road,1718,0.29499998688698,0.0,7.89999961853027,0.34999999403954,0.0,0.94999998807907,0.29499998688698,0.0,7.89999961853027,6.15136003494263,1.20477890968323,-1.33936309814453,6.1195330619812,1.19823133945465,-1.2891503572464,"(6.119533, 1.198231, -1.28915)",EyeArea,11.0051927566528,0.1,6.15136003494263,1.20477890968323,-1.33936309814453,0.00003628125675,90.3817622677577,0.00000323313938
1719,left road,1719,0.39499998092651,0.0,7.89999961853027,0.44999998807907,0.0,0.94999998807907,0.39499998092651,0.0,7.89999961853027,6.15136003494263,1.20477890968323,-1.33936309814453,6.12007856369019,1.19823181629181,-1.28915393352509,"(6.120079, 1.198232, -1.289154)",EyeArea,10.9523057937622,0.1,6.15136003494263,1.20477890968323,-1.33936309814453,0.00003628125675,90.3817622677577,0.00000323313938
1720,left road,1720,0.49500000476837,0.0,7.89999961853027,0.55000001192093,0.0,0.94999998807907,0.49500000476837,0.0,7.89999961853027,6.15136003494263,1.20477890968323,-1.33936309814453,6.12062406539917,1.19823229312897,-1.28915762901306,"(6.120624, 1.198232, -1.289158)",EyeArea,10.9000787734985,0.1,6.15136003494263,1.20477890968323,-1.33936309814453,0.00003628125675,90.3817622677577,0.00000323313938
1721,left road,1721,0.59499996900558,0.0,7.89999961853027,0.64999997615814,0.0,0.94999998807907,0.59499996900558,0.0,7.89999961853027,6.15136003494263,1.20477890968323,-1.33936309814453,6.12116956710815,1.19823276996613,-1.28916120529175,"(6.12117, 1.198233, -1.289161)",EyeArea,10.8485231399536,0.1,6.15136003494263,1.20477890968323,-1.33936309814453,0.00003628125675,90.3817622677577,0.00000323313938
1722,left road,1722,0.69499999284744,0.0,7.89999961853027,0.75,0.0,0.94999998807907,0.69499999284744,0.0,7.89999961853027,6.15136003494263,1.20477890968323,-1.33936309814453,6.12171506881714,1.19823324680328,-1.28916478157043,"(6.121715, 1.198233, -1.289165)",EyeArea,10.797646522522,0.1,6.15136003494263,1.20477890968323,-1.33936309814453,0.00003628125675,90.3817622677577,0.00000323313938
1723,left road,1723,0.7950000166893,0.0,7.89999961853027,0.85000002384186,0.0,0.94999998807907,0.7950000166893,0.0,7.89999961853027,6.15136003494263,1.20477890968323,-1.33936309814453,6.12226104736328,1.19823372364044,-1.28916847705841,"(6.122261, 1.198234, -1.289168)",EyeArea,10.7474603652954,0.1,6.15136003494263,1.20477890968323,-1.33936309814453,0.00003628125675,90.3817622677577,0.00000323313938
1724,left road,1724,0.89499998092651,0.0,7.89999961853027,0.94999998807907,0.0,0.94999998807907,0.89499998092651,0.0,7.89999961853027,6.15136003494263,1.20477890968323,-1.33936309814453,6.12280607223511,1.1982342004776,-1.28917217254639,"(6.122806, 1.198234, -1.289172)",EyeArea,10.6979732513428,0.1,6.15136003494263,1.20477890968323,-1.33936309814453,0.00003628125675,90.3817622677577,0.00000323313938
1725,left road,1725,0.99499994516373,0.0,7.89999961853027,1.04999995231628,0.0,0.94999998807907,0.99499994516373,0.0,7.89999961853027,6.15136003494263,1.20477890968323,-1.33936309814453,6.12335157394409,1.19823467731476,-1.28917574882507,"(6.123352, 1.198235, -1.289176)",EyeArea,10.6491956710815,0.1,6.15136003494263,1.20477890968323,-1.33936309814453,0.00003628125675,90.3817622677577,0.00000323313938
1726,left road,1726,1.09500002861023,0.0,7.89999961853027,1.14999997615814,0.0,0.94999998807907,1.09500002861023,0.0,7.89999961853027,6.15136003494263,1.20477890968323,-1.33936309814453,6.12389707565308,1.19823515415192,-1.28917932510376,"(6.123897, 1.198235, -1.289179)",EyeArea,10.6011362075806,0.1,6.15136003494263,1.20477890968323,-1.33936309814453,0.00003628125675,90.3817622677577,0.00000323313938
1727,left road,1727,1.19500005245209,0.0,7.89999961853027,1.25,0.0,0.94999998807907,1.19500005245209,0.0,7.89999961853027,6.15136003494263,1.20477890968323,-1.33936309814453,6.12444162368774,1.19823563098907,-1.28918302059174,"(6.124442, 1.198236, -1.289183)",EyeArea,10.5538053512573,0.1,6.15136003494263,1.20477890968323,-1.33936309814453,0.00003628125675,90.3817622677577,0.00000323313938
1728,left road,1728,1.29500007629395,0.0,7.89999961853027,1.35000002384186,0.0,0.94999998807907,1.29500007629395,0.0,7.89999961853027,6.15136003494263,1.20477890968323,-1.33936309814453,6.12498664855957,1.19823610782623,-1.28918659687042,"(6.124987, 1.198236, -1.289187)",EyeArea,10.5072145462036,0.1,6.15136003494263,1.20477890968323,-1.33936309814453,0.00003628125675,90.3817622677577,0.00000323313938
1729,left road,1729,1.3950001001358,0.0,7.89999961853027,1.45000004768372,0.0,0.94999998807907,1.3950001001358,0.0,7.89999961853027,6.15136003494263,1.20477890968323,-1.33936309814453,6.12553119659424,1.19823658466339,-1.2891902923584,"(6.125531, 1.198237, -1.28919)",EyeArea,10.4613704681396,0.1,6.15136003494263,1.20477890968323,-1.33936309814453,0.00003628125675,90.3817622677577,0.00000323313938
1730,left road,1730,1.49500000476837,0.0,7.89999961853027,1.54999995231628,0.0,0.94999998807907,1.49500000476837,0.0,7.89999961853027,6.15136003494263,1.20477890968323,-1.33936309814453,6.12607622146606,1.19823706150055,-1.28919386863709,"(6.126076, 1.198237, -1.289194)",EyeArea,10.4162855148315,0.1,6.15136003494263,1.20477890968323,-1.33936309814453,0.00003628125675,90.3817622677577,0.00000323313938
1731,left road,1731,1.59500002861023,0.0,7.89999961853027,1.64999997615814,0.0,0.94999998807907,1.59500002861023,0.0,7.89999961853027,6.15136003494263,1.20477890968323,-1.33936309814453,6.12662124633789,1.19823741912842,-1.28919756412506,"(6.126621, 1.198237, -1.289198)",EyeArea,10.3719682693481,0.1,6.15136003494263,1.20477890968323,-1.33936309814453,0.00003628125675,90.3817622677577,0.00000323313938
1732,left road,1732,1.69500005245209,0.0,7.89999961853027,1.75,0.0,0.94999998807907,1.69500005245209,0.0,7.89999961853027,6.15136003494263,1.20477890968323,-1.33936309814453,6.12716579437256,1.19823801517487,-1.28920114040375,"(6.127166, 1.198238, -1.289201)",EyeArea,10.3284292221069,0.1,6.15136003494263,1.20477890968323,-1.33936309814453,0.00003628125675,90.3817622677577,0.00000323313938
1733,left road,1733,1.79500007629395,0.0,7.89999961853027,1.85000002384186,0.0,0.94999998807907,1.79500007629395,0.0,7.89999961853027,6.15136003494263,1.20477890968323,-1.33936309814453,6.12770986557007,1.19823837280273,-1.28920483589172,"(6.12771, 1.198238, -1.289205)",EyeArea,10.2856788635254,0.1,6.15136003494263,1.20477890968323,-1.33936309814453,0.00003628125675,90.3817622677577,0.00000323313938
1734,left road,1734,1.8950001001358,0.0,7.89999961853027,1.95000004768372,0.0,0.94999998807907,1.8950001001358,0.0,7.89999961853027,6.15136003494263,1.20477890968323,-1.33936309814453,6.12825489044189,1.19823884963989,-1.28920841217041,"(6.128255, 1.198239, -1.289208)",EyeArea,10.2437257766724,0.1,6.15136003494263,1.20477890968323,-1.33936309814453,0.00003628125675,90.3817622677577,0.00000323313938
1735,left road,1735,1.99500000476837,0.0,7.89999961853027,2.04999995231628,0.0,0.94999998807907,1.99500000476837,0.0,7.89999961853027,6.15136003494263,1.20477890968323,-1.33936309814453,6.12879943847656,1.19823944568634,-1.2892119884491,"(6.128799, 1.198239, -1.289212)",EyeArea,10.2025804519653,0.1,6.15136003494263,1.20477890968323,-1.33936309814453,0.00003628125675,90.3817622677577,0.00000323313938
1736,left road,1736,2.09500002861023,0.0,7.89999961853027,2.15000009536743,0.0,0.94999998807907,2.09500002861023,0.0,7.89999961853027,6.15136003494263,1.20477890968323,-1.33936309814453,6.12934398651123,1.19823980331421,-1.28921568393707,"(6.129344, 1.19824, -1.289216)",EyeArea,10.1622524261475,0.1,6.15136003494263,1.20477890968323,-1.33936309814453,0.00003628125675,90.3817622677577,0.00000323313938
1737,left road,1737,2.1949999332428,0.0,7.89999961853027,2.25,0.0,0.94999998807907,2.1949999332428,0.0,7.89999961853027,6.15136003494263,1.20477890968323,-1.33936309814453,6.12988805770874,1.19824039936066,-1.28921926021576,"(6.129888, 1.19824, -1.289219)",EyeArea,10.1227512359619,0.1,6.15136003494263,1.20477890968323,-1.33936309814453,0.00003628125675,90.3817622677577,0.00000323313938
1738,left road,1738,2.29499983787537,0.0,7.89999961853027,2.34999990463257,0.0,0.94999998807907,2.29499983787537,0.0,7.89999961853027,6.15136003494263,1.20477890968323,-1.33936309814453,6.13043212890625,1.19824075698853,-1.28922295570374,"(6.130432, 1.198241, -1.289223)",EyeArea,10.0840873718262,0.1,6.15136003494263,1.20477890968323,-1.33936309814453,0.00003628125675,90.3817622677577,0.00000323313938
1739,left road,1739,2.39499998092651,0.0,7.89999961853027,2.45000004768372,0.0,0.94999998807907,2.39499998092651,0.0,7.89999961853027,6.15136003494263,1.20477890968323,-1.33936309814453,6.13097667694092,1.19824123382568,-1.28922653198242,"(6.130977, 1.198241, -1.289227)",EyeArea,10.0462703704834,0.1,6.15136003494263,1.20477890968323,-1.33936309814453,0.00003628125675,90.3817622677577,0.00000323313938
1740,left road,1740,2.49499988555908,0.0,7.89999961853027,2.54999995231628,0.0,0.94999998807907,2.49499988555908,0.0,7.89999961853027,6.15136003494263,1.20477890968323,-1.33936309814453,6.13152074813843,1.19824182987213,-1.2892302274704,"(6.131521, 1.198242, -1.28923)",EyeArea,10.0093097686768,0.1,6.15136003494263,1.20477890968323,-1.33936309814453,0.00003628125675,90.3817622677577,0.00000323313938
1741,left road,1741,2.59500002861023,0.0,7.89999961853027,2.65000009536743,0.0,0.94999998807907,2.59500002861023,0.0,7.89999961853027,6.15136003494263,1.20477890968323,-1.33936309814453,6.13206481933594,1.1982421875,-1.28923380374908,"(6.132065, 1.198242, -1.289234)",EyeArea,9.97321510314941,0.1,6.15136003494263,1.20477890968323,-1.33936309814453,0.00003628125675,90.3817622677577,0.00000323313938
1742,left road,1742,2.6949999332428,0.0,7.89999961853027,2.75,0.0,0.94999998807907,2.6949999332428,0.0,7.89999961853027,6.15136003494263,1.20477890968323,-1.33936309814453,6.13260841369629,1.19824266433716,-1.28923738002777,"(6.132608, 1.198243, -1.289237)",EyeArea,9.93799495697021,0.1,6.15136003494263,1.20477890968323,-1.33936309814453,0.00003628125675,90.3817622677577,0.00000323313938
1743,left road,1743,2.79499983787537,0.0,7.89999961853027,2.84999990463257,0.0,0.94999998807907,2.79499983787537,0.0,7.89999961853027,6.15136003494263,1.20477890968323,-1.33936309814453,6.13315200805664,1.19824314117432,-1.28924107551575,"(6.133152, 1.198243, -1.289241)",EyeArea,9.90365886688232,0.1,6.15136003494263,1.20477890968323,-1.33936309814453,0.00003628125675,90.3817622677577,0.00000323313938
1744,left road,1744,2.89499998092651,0.0,7.89999961853027,2.95000004768372,0.0,0.94999998807907,2.89499998092651,0.0,7.89999961853027,6.15136003494263,1.20477890968323,-1.33936309814453,6.13369607925415,1.19824361801147,-1.28924465179443,"(6.133696, 1.198244, -1.289245)",EyeArea,9.87021732330322,0.1,6.15136003494263,1.20477890968323,-1.33936309814453,0.00003628125675,90.3817622677577,0.00000323313938
1745,left road,1745,2.99499988555908,0.0,7.89999961853027,3.04999995231628,0.0,0.94999998807907,2.99499988555908,0.0,7.89999961853027,6.15136003494263,1.20477890968323,-1.33936309814453,6.1342396736145,1.19824409484863,-1.28924834728241,"(6.13424, 1.198244, -1.289248)",EyeArea,9.83767890930176,0.1,6.15136003494263,1.20477890968323,-1.33936309814453,0.00003628125675,90.3817622677577,0.00000323313938
1746,left road,1746,3.09500002861023,0.0,7.89999961853027,3.15000009536743,0.0,0.94999998807907,3.09500002861023,0.0,7.89999961853027,6.15136003494263,1.20477890968323,-1.33936309814453,6.13478326797485,1.19824457168579,-1.2892519235611,"(6.134783, 1.198245, -1.289252)",EyeArea,9.80605220794678,0.1,6.15136003494263,1.20477890968323,-1.33936309814453,0.00003628125675,90.3817622677577,0.00000323313938
1747,left road,1747,3.1949999332428,0.0,7.89999961853027,3.25,0.0,0.94999998807907,3.1949999332428,0.0,7.89999961853027,6.15136003494263,1.20477890968323,-1.33936309814453,6.13532686233521,1.19824504852295,-1.28925549983978,"(6.135327, 1.198245, -1.289255)",EyeArea,9.77534580230713,0.1,6.15136003494263,1.20477890968323,-1.33936309814453,0.00003628125675,90.3817622677577,0.00000323313938
1748,left road,1748,3.29499983787537,0.0,7.89999961853027,3.34999990463257,0.0,0.94999998807907,3.29499983787537,0.0,7.89999961853027,6.15136003494263,1.20477890968323,-1.33936309814453,6.13587045669556,1.19824552536011,-1.28925919532776,"(6.13587, 1.198246, -1.289259)",EyeArea,9.74556827545166,0.1,6.15136003494263,1.20477890968323,-1.33936309814453,0.00003628125675,90.3817622677577,0.00000323313938
1749,left road,1749,3.39499998092651,0.0,7.89999961853027,3.45000004768372,0.0,0.94999998807907,3.39499998092651,0.0,7.89999961853027,6.15136003494263,1.20477890968323,-1.33936309814453,6.13641357421875,1.19824600219727,-1.28926277160645,"(6.136414, 1.198246, -1.289263)",EyeArea,9.71672916412354,0.1,6.15136003494263,1.20477890968323,-1.33936309814453,0.00003628125675,90.3817622677577,0.00000323313938
1750,left road,1750,-3.50500011444092,0.0,8.0,-3.45000004768372,0.0,1.04999995231628,-3.50500011444092,0.0,8.0,6.15136003494263,1.20477890968323,-1.33936309814453,5.61207294464111,1.1374945640564,-0.81778019666672,"(5.612073, 1.137495, -0.81778)",truck body CS,13.4877910614014,0.1,6.15136003494263,1.20477890968323,-1.33936309814453,0.00003628125675,90.3817622677577,0.00000323313938
1751,left road,1751,-3.40499997138977,0.0,8.0,-3.34999990463257,0.0,1.04999995231628,-3.40499997138977,0.0,8.0,6.15136003494263,1.20477890968323,-1.33936309814453,5.61231899261475,1.13682150840759,-0.81256228685379,"(5.612319, 1.136822, -0.812562)",truck body CS,13.4163780212402,0.1,6.15136003494263,1.20477890968323,-1.33936309814453,0.00003628125675,90.3817622677577,0.00000323313938
1752,left road,1752,-3.3050000667572,0.0,8.0,-3.25,0.0,1.04999995231628,-3.3050000667572,0.0,8.0,6.15136003494263,1.20477890968323,-1.33936309814453,5.6125659942627,1.13613438606262,-0.80723583698273,"(5.612566, 1.136134, -0.807236)",truck body CS,13.3453340530396,0.1,6.15136003494263,1.20477890968323,-1.33936309814453,0.00003628125675,90.3817622677577,0.00000323313938
1753,left road,1753,-3.20500016212463,0.0,8.0,-3.15000009536743,0.0,1.04999995231628,-3.20500016212463,0.0,8.0,6.15136003494263,1.20477890968323,-1.33936309814453,5.6128191947937,1.13543319702148,-0.80180072784424,"(5.612819, 1.135433, -0.801801)",truck body CS,13.2746629714966,0.1,6.15136003494263,1.20477890968323,-1.33936309814453,0.00003628125675,90.3817622677577,0.00000323313938
1754,left road,1754,-3.10500001907349,0.0,8.0,-3.04999995231628,0.0,1.04999995231628,-3.10500001907349,0.0,8.0,6.15136003494263,1.20477890968323,-1.33936309814453,5.61307859420776,1.13471794128418,-0.79625517129898,"(5.613079, 1.134718, -0.796255)",truck body CS,13.2043704986572,0.1,6.15136003494263,1.20477890968323,-1.33936309814453,0.00003628125675,90.3817622677577,0.00000323313938
1755,left road,1755,-3.00500011444092,0.0,8.0,-2.95000004768372,0.0,1.04999995231628,-3.00500011444092,0.0,8.0,6.15136003494263,1.20477890968323,-1.33936309814453,5.61446523666382,1.13413524627686,-0.79173707962036,"(5.614465, 1.134135, -0.791737)",truck body CS,13.1344633102417,0.1,6.15136003494263,1.20477890968323,-1.33936309814453,0.00003628125675,90.3817622677577,0.00000323313938
1756,left road,1756,-2.90499997138977,0.0,8.0,-2.84999990463257,0.0,1.04999995231628,-2.90499997138977,0.0,8.0,6.15136003494263,1.20477890968323,-1.33936309814453,5.61646127700806,1.13362061977386,-0.78774905204773,"(5.616461, 1.133621, -0.787749)",truck body CS,13.0649471282959,0.1,6.15136003494263,1.20477890968323,-1.33936309814453,0.00003628125675,90.3817622677577,0.00000323313938
1757,left road,1757,-2.8050000667572,0.0,8.0,-2.75,0.0,1.04999995231628,-2.8050000667572,0.0,8.0,6.15136003494263,1.20477890968323,-1.33936309814453,5.61848306655884,1.13309812545776,-0.78369897603989,"(5.618483, 1.133098, -0.783699)",truck body CS,12.99582862854,0.1,6.15136003494263,1.20477890968323,-1.33936309814453,0.00003628125675,90.3817622677577,0.00000323313938
1758,left road,1758,-2.70500016212463,0.0,8.0,-2.65000009536743,0.0,1.04999995231628,-2.70500016212463,0.0,8.0,6.15136003494263,1.20477890968323,-1.33936309814453,5.62053775787354,1.13256812095642,-0.77959108352661,"(5.620538, 1.132568, -0.779591)",truck body CS,12.9271154403687,0.1,6.15136003494263,1.20477890968323,-1.33936309814453,0.00003628125675,90.3817622677577,0.00000323313938
1759,left road,1759,-2.60500001907349,0.0,8.0,-2.54999995231628,0.0,1.04999995231628,-2.60500001907349,0.0,8.0,6.15136003494263,1.20477890968323,-1.33936309814453,5.6226224899292,1.13203048706055,-0.77542245388031,"(5.622622, 1.13203, -0.775422)",truck body CS,12.858811378479,0.1,6.15136003494263,1.20477890968323,-1.33936309814453,0.00003628125675,90.3817622677577,0.00000323313938
1760,left road,1760,-2.50500011444092,0.0,8.0,-2.45000004768372,0.0,1.04999995231628,-2.50500011444092,0.0,8.0,6.15136003494263,1.20477890968323,-1.33936309814453,5.62473773956299,1.1314845085144,-0.77118992805481,"(5.624738, 1.131485, -0.77119)",truck body CS,12.7909250259399,0.1,6.15136003494263,1.20477890968323,-1.33936309814453,0.00003628125675,90.3817622677577,0.00000323313938
1761,left road,1761,-2.40499997138977,0.0,8.0,-2.34999990463257,0.0,1.04999995231628,-2.40499997138977,0.0,8.0,6.15136003494263,1.20477890968323,-1.33936309814453,5.62688541412354,1.13093018531799,-0.76689350605011,"(5.626885, 1.13093, -0.766894)",truck body CS,12.7234630584717,0.1,6.15136003494263,1.20477890968323,-1.33936309814453,0.00003628125675,90.3817622677577,0.00000323313938
1762,left road,1762,-2.3050000667572,0.0,8.0,-2.25,0.0,1.04999995231628,-2.3050000667572,0.0,8.0,6.15136003494263,1.20477890968323,-1.33936309814453,5.62933969497681,1.13040661811829,-0.76283413171768,"(5.62934, 1.130407, -0.762834)",truck body CS,12.6564292907715,0.1,6.15136003494263,1.20477890968323,-1.33936309814453,0.00003628125675,90.3817622677577,0.00000323313938
1763,left road,1763,-2.20500016212463,0.0,8.0,-2.15000009536743,0.0,1.04999995231628,-2.20500016212463,0.0,8.0,6.15136003494263,1.20477890968323,-1.33936309814453,5.63236522674561,1.12995278835297,-0.75931620597839,"(5.632365, 1.129953, -0.759316)",truck body CS,12.5898351669312,0.1,6.15136003494263,1.20477890968323,-1.33936309814453,0.00003628125675,90.3817622677577,0.00000323313938
1764,left road,1764,-2.10500001907349,0.0,8.0,-2.04999995231628,0.0,1.04999995231628,-2.10500001907349,0.0,8.0,6.15136003494263,1.20477890968323,-1.33936309814453,5.63542747497559,1.12949347496033,-0.75575518608093,"(5.635427, 1.129493, -0.755755)",truck body CS,12.5236845016479,0.1,6.15136003494263,1.20477890968323,-1.33936309814453,0.00003628125675,90.3817622677577,0.00000323313938
1765,left road,1765,-2.00500011444092,0.0,8.0,-1.95000004768372,0.0,1.04999995231628,-2.00500011444092,0.0,8.0,6.15136003494263,1.20477890968323,-1.33936309814453,5.63852739334106,1.12902808189392,-0.75214809179306,"(5.638527, 1.129028, -0.752148)",truck body CS,12.4579858779907,0.1,6.15136003494263,1.20477890968323,-1.33936309814453,0.00003628125675,90.3817622677577,0.00000323313938
1766,left road,1766,-1.90499997138977,0.0,8.0,-1.85000002384186,0.0,1.04999995231628,-1.90499997138977,0.0,8.0,6.15136003494263,1.20477890968323,-1.33936309814453,5.6416654586792,1.1285572052002,-0.74849849939346,"(5.641665, 1.128557, -0.748498)",truck body CS,12.3927450180054,0.1,6.15136003494263,1.20477890968323,-1.33936309814453,0.00003628125675,90.3817622677577,0.00000323313938
1767,left road,1767,-1.80499994754791,0.0,8.0,-1.75,0.0,1.04999995231628,-1.80499994754791,0.0,8.0,6.15136003494263,1.20477890968323,-1.33936309814453,5.64484262466431,1.12808036804199,-0.74480217695236,"(5.644843, 1.12808, -0.744802)",truck body CS,12.3279705047607,0.1,6.15136003494263,1.20477890968323,-1.33936309814453,0.00003628125675,90.3817622677577,0.00000323313938
1768,left road,1768,-1.70499992370605,0.0,8.0,-1.64999997615814,0.0,1.04999995231628,-1.70499992370605,0.0,8.0,6.15136003494263,1.20477890968323,-1.33936309814453,5.64806079864502,1.12759757041931,-0.7410597205162,"(5.648061, 1.127598, -0.74106)",truck body CS,12.2636690139771,0.1,6.15136003494263,1.20477890968323,-1.33936309814453,0.00003628125675,90.3817622677577,0.00000323313938
1769,left road,1769,-1.6049998998642,0.0,8.0,-1.54999995231628,0.0,1.04999995231628,-1.6049998998642,0.0,8.0,6.15136003494263,1.20477890968323,-1.33936309814453,5.65131950378418,1.12710869312286,-0.73726940155029,"(5.65132, 1.127109, -0.737269)",truck body CS,12.1998491287231,0.1,6.15136003494263,1.20477890968323,-1.33936309814453,0.00003628125675,90.3817622677577,0.00000323313938
1770,left road,1770,-1.50499999523163,0.0,8.0,-1.45000004768372,0.0,1.04999995231628,-1.50499999523163,0.0,8.0,6.15136003494263,1.20477890968323,-1.33936309814453,5.6546196937561,1.12661349773407,-0.73343044519424,"(5.65462, 1.126613, -0.73343)",truck body CS,12.1365165710449,0.1,6.15136003494263,1.20477890968323,-1.33936309814453,0.00003628125675,90.3817622677577,0.00000323313938
1771,left road,1771,-1.40499997138977,0.0,8.0,-1.35000002384186,0.0,1.04999995231628,-1.40499997138977,0.0,8.0,6.15136003494263,1.20477890968323,-1.33936309814453,5.65796279907227,1.12611198425293,-0.7295423746109,"(5.657963, 1.126112, -0.729542)",truck body CS,12.0736808776855,0.1,6.15136003494263,1.20477890968323,-1.33936309814453,0.00003628125675,90.3817622677577,0.00000323313938
1772,left road,1772,-1.30499994754791,0.0,8.0,-1.25,0.0,1.04999995231628,-1.30499994754791,0.0,8.0,6.15136003494263,1.20477890968323,-1.33936309814453,5.66134881973267,1.12560415267944,-0.72560638189316,"(5.661349, 1.125604, -0.725606)",truck body CS,12.0113487243652,0.1,6.15136003494263,1.20477890968323,-1.33936309814453,0.00003628125675,90.3817622677577,0.00000323313938
1773,left road,1773,-1.20499992370605,0.0,8.0,-1.14999997615814,0.0,1.04999995231628,-1.20499992370605,0.0,8.0,6.15136003494263,1.20477890968323,-1.33936309814453,5.6647777557373,1.12508940696716,-0.7216169834137,"(5.664778, 1.125089, -0.721617)",truck body CS,11.9495286941528,0.1,6.15136003494263,1.20477890968323,-1.33936309814453,0.00003628125675,90.3817622677577,0.00000323313938
1774,left road,1774,-1.1049998998642,0.0,8.0,-1.04999995231628,0.0,1.04999995231628,-1.1049998998642,0.0,8.0,6.15136003494263,1.20477890968323,-1.33936309814453,5.66985893249512,1.12483501434326,-0.71964406967163,"(5.669859, 1.124835, -0.719644)",truck body CS,11.8882274627686,0.1,6.15136003494263,1.20477890968323,-1.33936309814453,0.00003628125675,90.3817622677577,0.00000323313938
1775,left road,1775,-1.00499999523163,0.0,8.0,-0.94999998807907,0.0,1.04999995231628,-1.00499999523163,0.0,8.0,6.15136003494263,1.20477890968323,-1.33936309814453,5.67715215682983,1.12494564056396,-0.72050261497498,"(5.677152, 1.124946, -0.720503)",truck body CS,11.8274545669556,0.1,6.15136003494263,1.20477890968323,-1.33936309814453,0.00003628125675,90.3817622677577,0.00000323313938
1776,left road,1776,-0.90500003099442,0.0,8.0,-0.85000002384186,0.0,1.04999995231628,-0.90500003099442,0.0,8.0,6.15136003494263,1.20477890968323,-1.33936309814453,5.68391704559326,1.12496936321259,-0.72068560123444,"(5.683917, 1.124969, -0.720686)",truck body CS,11.7672176361084,0.1,6.15136003494263,1.20477890968323,-1.33936309814453,0.00003628125675,90.3817622677577,0.00000323313938
1777,left road,1777,-0.80500000715256,0.0,8.0,-0.75,0.0,1.04999995231628,-0.80500000715256,0.0,8.0,6.15136003494263,1.20477890968323,-1.33936309814453,5.69029903411865,1.12492740154266,-0.72035956382751,"(5.690299, 1.124927, -0.72036)",truck body CS,11.7075242996216,0.1,6.15136003494263,1.20477890968323,-1.33936309814453,0.00003628125675,90.3817622677577,0.00000323313938
1778,left road,1778,-0.7049999833107,0.0,8.0,-0.64999997615814,0.0,1.04999995231628,-0.7049999833107,0.0,8.0,6.15136003494263,1.20477890968323,-1.33936309814453,5.69668674468994,1.12488508224487,-0.72003281116486,"(5.696687, 1.124885, -0.720033)",truck body CS,11.6483840942383,0.1,6.15136003494263,1.20477890968323,-1.33936309814453,0.00003628125675,90.3817622677577,0.00000323313938
1779,left road,1779,-0.60500001907349,0.0,8.0,-0.55000001192093,0.0,1.04999995231628,-0.60500001907349,0.0,8.0,6.15136003494263,1.20477890968323,-1.33936309814453,5.70308351516724,1.12484335899353,-0.71970796585083,"(5.703084, 1.124843, -0.719708)",truck body CS,11.5898056030273,0.1,6.15136003494263,1.20477890968323,-1.33936309814453,0.00003628125675,90.3817622677577,0.00000323313938
1780,left road,1780,-0.50499999523163,0.0,8.0,-0.44999998807907,0.0,1.04999995231628,-0.50499999523163,0.0,8.0,6.15136003494263,1.20477890968323,-1.33936309814453,6.11555337905884,1.19829797744751,-1.28912377357483,"(6.115553, 1.198298, -1.289124)",EyeArea,11.5317964553833,0.1,6.15136003494263,1.20477890968323,-1.33936309814453,0.00003628125675,90.3817622677577,0.00000323313938
1781,left road,1781,-0.40500000119209,0.0,8.0,-0.34999999403954,0.0,1.04999995231628,-0.40500000119209,0.0,8.0,6.15136003494263,1.20477890968323,-1.33936309814453,6.11609411239624,1.19829845428467,-1.28912734985352,"(6.116094, 1.198298, -1.289127)",EyeArea,11.474365234375,0.1,6.15136003494263,1.20477890968323,-1.33936309814453,0.00003628125675,90.3817622677577,0.00000323313938
1782,left road,1782,-0.30500000715256,0.0,8.0,-0.25,0.0,1.04999995231628,-0.30500000715256,0.0,8.0,6.15136003494263,1.20477890968323,-1.33936309814453,6.11663436889648,1.19829893112183,-1.28913104534149,"(6.116634, 1.198299, -1.289131)",EyeArea,11.4175205230713,0.1,6.15136003494263,1.20477890968323,-1.33936309814453,0.00003628125675,90.3817622677577,0.00000323313938
1783,left road,1783,-0.20500001311302,0.0,8.0,-0.15000000596046,0.0,1.04999995231628,-0.20500001311302,0.0,8.0,6.15136003494263,1.20477890968323,-1.33936309814453,6.11717462539673,1.19829940795898,-1.28913462162018,"(6.117175, 1.198299, -1.289135)",EyeArea,11.3612718582153,0.1,6.15136003494263,1.20477890968323,-1.33936309814453,0.00003628125675,90.3817622677577,0.00000323313938
1784,left road,1784,-0.10500000417233,0.0,8.0,-0.05000000074506,0.0,1.04999995231628,-0.10500000417233,0.0,8.0,6.15136003494263,1.20477890968323,-1.33936309814453,6.11771488189697,1.19829988479614,-1.28913819789886,"(6.117715, 1.1983, -1.289138)",EyeArea,11.305627822876,0.1,6.15136003494263,1.20477890968323,-1.33936309814453,0.00003628125675,90.3817622677577,0.00000323313938
1785,left road,1785,-0.00499999895692,0.0,8.0,0.05000000074506,0.0,1.04999995231628,-0.00499999895692,0.0,8.0,6.15136003494263,1.20477890968323,-1.33936309814453,6.11825513839722,1.1983003616333,-1.28914177417755,"(6.118255, 1.1983, -1.289142)",EyeArea,11.2505989074707,0.1,6.15136003494263,1.20477890968323,-1.33936309814453,0.00003628125675,90.3817622677577,0.00000323313938
1786,left road,1786,0.09500000625849,0.0,8.0,0.15000000596046,0.0,1.04999995231628,0.09500000625849,0.0,8.0,6.15136003494263,1.20477890968323,-1.33936309814453,6.1187949180603,1.19830083847046,-1.28914535045624,"(6.118795, 1.198301, -1.289145)",EyeArea,11.1961908340454,0.1,6.15136003494263,1.20477890968323,-1.33936309814453,0.00003628125675,90.3817622677577,0.00000323313938
1787,left road,1787,0.19499999284744,0.0,8.0,0.25,0.0,1.04999995231628,0.19499999284744,0.0,8.0,6.15136003494263,1.20477890968323,-1.33936309814453,6.11933469772339,1.19830119609833,-1.28914892673492,"(6.119335, 1.198301, -1.289149)",EyeArea,11.1424150466919,0.1,6.15136003494263,1.20477890968323,-1.33936309814453,0.00003628125675,90.3817622677577,0.00000323313938
1788,left road,1788,0.29499998688698,0.0,8.0,0.34999999403954,0.0,1.04999995231628,0.29499998688698,0.0,8.0,6.15136003494263,1.20477890968323,-1.33936309814453,6.11987495422363,1.19830179214478,-1.2891526222229,"(6.119875, 1.198302, -1.289153)",EyeArea,11.0892810821533,0.1,6.15136003494263,1.20477890968323,-1.33936309814453,0.00003628125675,90.3817622677577,0.00000323313938
1789,left road,1789,0.39499998092651,0.0,8.0,0.44999998807907,0.0,1.04999995231628,0.39499998092651,0.0,8.0,6.15136003494263,1.20477890968323,-1.33936309814453,6.12041473388672,1.19830214977264,-1.28915619850159,"(6.120415, 1.198302, -1.289156)",EyeArea,11.0367965698242,0.1,6.15136003494263,1.20477890968323,-1.33936309814453,0.00003628125675,90.3817622677577,0.00000323313938
1790,left road,1790,0.49500000476837,0.0,8.0,0.55000001192093,0.0,1.04999995231628,0.49500000476837,0.0,8.0,6.15136003494263,1.20477890968323,-1.33936309814453,6.1209545135498,1.1983026266098,-1.28915977478027,"(6.120955, 1.198303, -1.28916)",EyeArea,10.9849720001221,0.1,6.15136003494263,1.20477890968323,-1.33936309814453,0.00003628125675,90.3817622677577,0.00000323313938
1791,left road,1791,0.59499996900558,0.0,8.0,0.64999997615814,0.0,1.04999995231628,0.59499996900558,0.0,8.0,6.15136003494263,1.20477890968323,-1.33936309814453,6.12149429321289,1.19830310344696,-1.28916335105896,"(6.121494, 1.198303, -1.289163)",EyeArea,10.9338159561157,0.1,6.15136003494263,1.20477890968323,-1.33936309814453,0.00003628125675,90.3817622677577,0.00000323313938
1792,left road,1792,0.69499999284744,0.0,8.0,0.75,0.0,1.04999995231628,0.69499999284744,0.0,8.0,6.15136003494263,1.20477890968323,-1.33936309814453,6.12203407287598,1.19830358028412,-1.28916692733765,"(6.122034, 1.198304, -1.289167)",EyeArea,10.8833379745483,0.1,6.15136003494263,1.20477890968323,-1.33936309814453,0.00003628125675,90.3817622677577,0.00000323313938
1793,left road,1793,0.7950000166893,0.0,8.0,0.85000002384186,0.0,1.04999995231628,0.7950000166893,0.0,8.0,6.15136003494263,1.20477890968323,-1.33936309814453,6.1225733757019,1.19830405712128,-1.28917050361633,"(6.122573, 1.198304, -1.289171)",EyeArea,10.8335485458374,0.1,6.15136003494263,1.20477890968323,-1.33936309814453,0.00003628125675,90.3817622677577,0.00000323313938
1794,left road,1794,0.89499998092651,0.0,8.0,0.94999998807907,0.0,1.04999995231628,0.89499998092651,0.0,8.0,6.15136003494263,1.20477890968323,-1.33936309814453,6.12311315536499,1.19830453395844,-1.28917419910431,"(6.123113, 1.198305, -1.289174)",EyeArea,10.7844572067261,0.1,6.15136003494263,1.20477890968323,-1.33936309814453,0.00003628125675,90.3817622677577,0.00000323313938
1795,left road,1795,0.99499994516373,0.0,8.0,1.04999995231628,0.0,1.04999995231628,0.99499994516373,0.0,8.0,6.15136003494263,1.20477890968323,-1.33936309814453,6.12365245819092,1.19830501079559,-1.289177775383,"(6.123652, 1.198305, -1.289178)",EyeArea,10.7360725402832,0.1,6.15136003494263,1.20477890968323,-1.33936309814453,0.00003628125675,90.3817622677577,0.00000323313938
1796,left road,1796,1.09500002861023,0.0,8.0,1.14999997615814,0.0,1.04999995231628,1.09500002861023,0.0,8.0,6.15136003494263,1.20477890968323,-1.33936309814453,6.124192237854,1.19830548763275,-1.28918135166168,"(6.124192, 1.198305, -1.289181)",EyeArea,10.688404083252,0.1,6.15136003494263,1.20477890968323,-1.33936309814453,0.00003628125675,90.3817622677577,0.00000323313938
1797,left road,1797,1.19500005245209,0.0,8.0,1.25,0.0,1.04999995231628,1.19500005245209,0.0,8.0,6.15136003494263,1.20477890968323,-1.33936309814453,6.12473106384277,1.19830584526062,-1.28918492794037,"(6.124731, 1.198306, -1.289185)",EyeArea,10.6414613723755,0.1,6.15136003494263,1.20477890968323,-1.33936309814453,0.00003628125675,90.3817622677577,0.00000323313938
1798,left road,1798,1.29500007629395,0.0,8.0,1.35000002384186,0.0,1.04999995231628,1.29500007629395,0.0,8.0,6.15136003494263,1.20477890968323,-1.33936309814453,6.12526988983154,1.19830632209778,-1.28918850421906,"(6.12527, 1.198306, -1.289189)",EyeArea,10.5952548980713,0.1,6.15136003494263,1.20477890968323,-1.33936309814453,0.00003628125675,90.3817622677577,0.00000323313938
1799,left road,1799,1.3950001001358,0.0,8.0,1.45000004768372,0.0,1.04999995231628,1.3950001001358,0.0,8.0,6.15136003494263,1.20477890968323,-1.33936309814453,6.12580871582031,1.19830679893494,-1.28919208049774,"(6.125809, 1.198307, -1.289192)",EyeArea,10.5497941970825,0.1,6.15136003494263,1.20477890968323,-1.33936309814453,0.00003628125675,90.3817622677577,0.00000323313938
1800,left road,1800,1.49500000476837,0.0,8.0,1.54999995231628,0.0,1.04999995231628,1.49500000476837,0.0,8.0,6.15136003494263,1.20477890968323,-1.33936309814453,6.12634754180908,1.19830727577209,-1.28919565677643,"(6.126348, 1.198307, -1.289196)",EyeArea,10.5050888061523,0.1,6.15136003494263,1.20477890968323,-1.33936309814453,0.00003628125675,90.3817622677577,0.00000323313938
1801,left road,1801,1.59500002861023,0.0,8.0,1.64999997615814,0.0,1.04999995231628,1.59500002861023,0.0,8.0,6.15136003494263,1.20477890968323,-1.33936309814453,6.12688732147217,1.19830775260925,-1.2891993522644,"(6.126887, 1.198308, -1.289199)",EyeArea,10.4611473083496,0.1,6.15136003494263,1.20477890968323,-1.33936309814453,0.00003628125675,90.3817622677577,0.00000323313938
1802,left road,1802,1.69500005245209,0.0,8.0,1.75,0.0,1.04999995231628,1.69500005245209,0.0,8.0,6.15136003494263,1.20477890968323,-1.33936309814453,6.12742519378662,1.19830822944641,-1.28920292854309,"(6.127425, 1.198308, -1.289203)",EyeArea,10.4179811477661,0.1,6.15136003494263,1.20477890968323,-1.33936309814453,0.00003628125675,90.3817622677577,0.00000323313938
1803,left road,1803,1.79500007629395,0.0,8.0,1.85000002384186,0.0,1.04999995231628,1.79500007629395,0.0,8.0,6.15136003494263,1.20477890968323,-1.33936309814453,6.12796449661255,1.19830870628357,-1.28920650482178,"(6.127964, 1.198309, -1.289207)",EyeArea,10.375599861145,0.1,6.15136003494263,1.20477890968323,-1.33936309814453,0.00003628125675,90.3817622677577,0.00000323313938
1804,left road,1804,1.8950001001358,0.0,8.0,1.95000004768372,0.0,1.04999995231628,1.8950001001358,0.0,8.0,6.15136003494263,1.20477890968323,-1.33936309814453,6.12850284576416,1.19830918312073,-1.28921008110046,"(6.128503, 1.198309, -1.28921)",EyeArea,10.3340110778809,0.1,6.15136003494263,1.20477890968323,-1.33936309814453,0.00003628125675,90.3817622677577,0.00000323313938
1805,left road,1805,1.99500000476837,0.0,8.0,2.04999995231628,0.0,1.04999995231628,1.99500000476837,0.0,8.0,6.15136003494263,1.20477890968323,-1.33936309814453,6.12904167175293,1.19830965995789,-1.28921365737915,"(6.129042, 1.19831, -1.289214)",EyeArea,10.2932271957397,0.1,6.15136003494263,1.20477890968323,-1.33936309814453,0.00003628125675,90.3817622677577,0.00000323313938
1806,left road,1806,2.09500002861023,0.0,8.0,2.15000009536743,0.0,1.04999995231628,2.09500002861023,0.0,8.0,6.15136003494263,1.20477890968323,-1.33936309814453,6.1295804977417,1.19831001758575,-1.28921723365784,"(6.12958, 1.19831, -1.289217)",EyeArea,10.2532558441162,0.1,6.15136003494263,1.20477890968323,-1.33936309814453,0.00003628125675,90.3817622677577,0.00000323313938
1807,left road,1807,2.1949999332428,0.0,8.0,2.25,0.0,1.04999995231628,2.1949999332428,0.0,8.0,6.15136003494263,1.20477890968323,-1.33936309814453,6.13011884689331,1.1983106136322,-1.28922080993652,"(6.130119, 1.198311, -1.289221)",EyeArea,10.2141065597534,0.1,6.15136003494263,1.20477890968323,-1.33936309814453,0.00003628125675,90.3817622677577,0.00000323313938
1808,left road,1808,2.29499983787537,0.0,8.0,2.34999990463257,0.0,1.04999995231628,2.29499983787537,0.0,8.0,6.15136003494263,1.20477890968323,-1.33936309814453,6.13065719604492,1.19831097126007,-1.28922438621521,"(6.130657, 1.198311, -1.289224)",EyeArea,10.1757898330688,0.1,6.15136003494263,1.20477890968323,-1.33936309814453,0.00003628125675,90.3817622677577,0.00000323313938
1809,left road,1809,2.39499998092651,0.0,8.0,2.45000004768372,0.0,1.04999995231628,2.39499998092651,0.0,8.0,6.15136003494263,1.20477890968323,-1.33936309814453,6.13119554519653,1.19831144809723,-1.2892279624939,"(6.131196, 1.198311, -1.289228)",EyeArea,10.1383152008057,0.1,6.15136003494263,1.20477890968323,-1.33936309814453,0.00003628125675,90.3817622677577,0.00000323313938
1810,left road,1810,2.49499988555908,0.0,8.0,2.54999995231628,0.0,1.04999995231628,2.49499988555908,0.0,8.0,6.15136003494263,1.20477890968323,-1.33936309814453,6.13173389434814,1.19831192493439,-1.28923153877258,"(6.131734, 1.198312, -1.289232)",EyeArea,10.1016912460327,0.1,6.15136003494263,1.20477890968323,-1.33936309814453,0.00003628125675,90.3817622677577,0.00000323313938
1811,left road,1811,2.59500002861023,0.0,8.0,2.65000009536743,0.0,1.04999995231628,2.59500002861023,0.0,8.0,6.15136003494263,1.20477890968323,-1.33936309814453,6.1322717666626,1.19831240177155,-1.28923523426056,"(6.132272, 1.198312, -1.289235)",EyeArea,10.0659275054932,0.1,6.15136003494263,1.20477890968323,-1.33936309814453,0.00003628125675,90.3817622677577,0.00000323313938
1812,left road,1812,2.6949999332428,0.0,8.0,2.75,0.0,1.04999995231628,2.6949999332428,0.0,8.0,6.15136003494263,1.20477890968323,-1.33936309814453,6.13280963897705,1.1983128786087,-1.28923881053925,"(6.13281, 1.198313, -1.289239)",EyeArea,10.0310325622559,0.1,6.15136003494263,1.20477890968323,-1.33936309814453,0.00003628125675,90.3817622677577,0.00000323313938
1813,left road,1813,2.79499983787537,0.0,8.0,2.84999990463257,0.0,1.04999995231628,2.79499983787537,0.0,8.0,6.15136003494263,1.20477890968323,-1.33936309814453,6.1333475112915,1.19831335544586,-1.28924238681793,"(6.133348, 1.198313, -1.289242)",EyeArea,9.99701690673828,0.1,6.15136003494263,1.20477890968323,-1.33936309814453,0.00003628125675,90.3817622677577,0.00000323313938
1814,left road,1814,2.89499998092651,0.0,8.0,2.95000004768372,0.0,1.04999995231628,2.89499998092651,0.0,8.0,6.15136003494263,1.20477890968323,-1.33936309814453,6.13388586044312,1.19831383228302,-1.28924596309662,"(6.133886, 1.198314, -1.289246)",EyeArea,9.96388816833496,0.1,6.15136003494263,1.20477890968323,-1.33936309814453,0.00003628125675,90.3817622677577,0.00000323313938
1815,left road,1815,2.99499988555908,0.0,8.0,3.04999995231628,0.0,1.04999995231628,2.99499988555908,0.0,8.0,6.15136003494263,1.20477890968323,-1.33936309814453,6.13442325592041,1.19831418991089,-1.28924953937531,"(6.134423, 1.198314, -1.28925)",EyeArea,9.93165683746338,0.1,6.15136003494263,1.20477890968323,-1.33936309814453,0.00003628125675,90.3817622677577,0.00000323313938
1816,left road,1816,3.09500002861023,0.0,8.0,3.15000009536743,0.0,1.04999995231628,3.09500002861023,0.0,8.0,6.15136003494263,1.20477890968323,-1.33936309814453,6.13496112823486,1.19831466674805,-1.28925311565399,"(6.134961, 1.198315, -1.289253)",EyeArea,9.90032958984375,0.1,6.15136003494263,1.20477890968323,-1.33936309814453,0.00003628125675,90.3817622677577,0.00000323313938
1817,left road,1817,3.1949999332428,0.0,8.0,3.25,0.0,1.04999995231628,3.1949999332428,0.0,8.0,6.15136003494263,1.20477890968323,-1.33936309814453,6.13549900054932,1.19831514358521,-1.28925669193268,"(6.135499, 1.198315, -1.289257)",EyeArea,9.86991691589355,0.1,6.15136003494263,1.20477890968323,-1.33936309814453,0.00003628125675,90.3817622677577,0.00000323313938
1818,left road,1818,3.29499983787537,0.0,8.0,3.34999990463257,0.0,1.04999995231628,3.29499983787537,0.0,8.0,6.15136003494263,1.20477890968323,-1.33936309814453,6.13603639602661,1.19831562042236,-1.28926026821136,"(6.136036, 1.198316, -1.28926)",EyeArea,9.84042644500732,0.1,6.15136003494263,1.20477890968323,-1.33936309814453,0.00003628125675,90.3817622677577,0.00000323313938
1819,left road,1819,3.39499998092651,0.0,8.0,3.45000004768372,0.0,1.04999995231628,3.39499998092651,0.0,8.0,6.15136003494263,1.20477890968323,-1.33936309814453,6.13657426834106,1.19831609725952,-1.28926384449005,"(6.136574, 1.198316, -1.289264)",EyeArea,9.81186580657959,0.1,6.15136003494263,1.20477890968323,-1.33936309814453,0.00003628125675,90.3817622677577,0.00000323313938
1820,left road,1820,-3.50500011444092,0.0,8.09999942779541,-3.45000004768372,0.0,1.14999997615814,-3.50500011444092,0.0,8.09999942779541,6.15136003494263,1.20477890968323,-1.33936309814453,5.61388969421387,1.13772130012512,-0.81397104263306,"(5.61389, 1.137721, -0.813971)",truck body CS,13.557225227356,0.1,6.15136003494263,1.20477890968323,-1.33936309814453,0.00003628125675,90.3817622677577,0.00000323313938
1821,left road,1821,-3.40499997138977,0.0,8.09999942779541,-3.34999990463257,0.0,1.14999997615814,-3.40499997138977,0.0,8.09999942779541,6.15136003494263,1.20477890968323,-1.33936309814453,5.61415100097656,1.13705241680145,-0.8087312579155,"(5.614151, 1.137052, -0.808731)",truck body CS,13.4861812591553,0.1,6.15136003494263,1.20477890968323,-1.33936309814453,0.00003628125675,90.3817622677577,0.00000323313938
1822,left road,1822,-3.3050000667572,0.0,8.09999942779541,-3.25,0.0,1.14999997615814,-3.3050000667572,0.0,8.09999942779541,6.15136003494263,1.20477890968323,-1.33936309814453,5.61441946029663,1.13637042045593,-0.80338782072067,"(5.614419, 1.13637, -0.803388)",truck body CS,13.415506362915,0.1,6.15136003494263,1.20477890968323,-1.33936309814453,0.00003628125675,90.3817622677577,0.00000323313938
1823,left road,1823,-3.20500016212463,0.0,8.09999942779541,-3.15000009536743,0.0,1.14999997615814,-3.20500016212463,0.0,8.09999942779541,6.15136003494263,1.20477890968323,-1.33936309814453,5.61469078063965,1.13567423820496,-0.79793268442154,"(5.614691, 1.135674, -0.797933)",truck body CS,13.3452072143555,0.1,6.15136003494263,1.20477890968323,-1.33936309814453,0.00003628125675,90.3817622677577,0.00000323313938
1824,left road,1824,-3.10500001907349,0.0,8.09999942779541,-3.04999995231628,0.0,1.14999997615814,-3.10500001907349,0.0,8.09999942779541,6.15136003494263,1.20477890968323,-1.33936309814453,5.61606502532959,1.1351066827774,-0.79348528385162,"(5.616065, 1.135107, -0.793485)",truck body CS,13.2752866744995,0.1,6.15136003494263,1.20477890968323,-1.33936309814453,0.00003628125675,90.3817622677577,0.00000323313938
1825,left road,1825,-3.00500011444092,0.0,8.09999942779541,-2.95000004768372,0.0,1.14999997615814,-3.00500011444092,0.0,8.09999942779541,6.15136003494263,1.20477890968323,-1.33936309814453,5.6180419921875,1.134605884552,-0.78956067562103,"(5.618042, 1.134606, -0.789561)",truck body CS,13.205756187439,0.1,6.15136003494263,1.20477890968323,-1.33936309814453,0.00003628125675,90.3817622677577,0.00000323313938
1826,left road,1826,-2.90499997138977,0.0,8.09999942779541,-2.84999990463257,0.0,1.14999997615814,-2.90499997138977,0.0,8.09999942779541,6.15136003494263,1.20477890968323,-1.33936309814453,5.62004995346069,1.13409793376923,-0.78558248281479,"(5.62005, 1.134098, -0.785582)",truck body CS,13.1366167068481,0.1,6.15136003494263,1.20477890968323,-1.33936309814453,0.00003628125675,90.3817622677577,0.00000323313938
1827,left road,1827,-2.8050000667572,0.0,8.09999942779541,-2.75,0.0,1.14999997615814,-2.8050000667572,0.0,8.09999942779541,6.15136003494263,1.20477890968323,-1.33936309814453,5.62208652496338,1.13358283042908,-0.7815465927124,"(5.622087, 1.133583, -0.781547)",truck body CS,13.0678777694702,0.1,6.15136003494263,1.20477890968323,-1.33936309814453,0.00003628125675,90.3817622677577,0.00000323313938
1828,left road,1828,-2.70500016212463,0.0,8.09999942779541,-2.65000009536743,0.0,1.14999997615814,-2.70500016212463,0.0,8.09999942779541,6.15136003494263,1.20477890968323,-1.33936309814453,5.62415361404419,1.13306021690369,-0.77745163440704,"(5.624154, 1.13306, -0.777452)",truck body CS,12.9995450973511,0.1,6.15136003494263,1.20477890968323,-1.33936309814453,0.00003628125675,90.3817622677577,0.00000323313938
1829,left road,1829,-2.60500001907349,0.0,8.09999942779541,-2.54999995231628,0.0,1.14999997615814,-2.60500001907349,0.0,8.09999942779541,6.15136003494263,1.20477890968323,-1.33936309814453,5.62624883651733,1.13252949714661,-0.77329337596893,"(5.626249, 1.132529, -0.773293)",truck body CS,12.9316244125366,0.1,6.15136003494263,1.20477890968323,-1.33936309814453,0.00003628125675,90.3817622677577,0.00000323313938
1830,left road,1830,-2.50500011444092,0.0,8.09999942779541,-2.45000004768372,0.0,1.14999997615814,-2.50500011444092,0.0,8.09999942779541,6.15136003494263,1.20477890968323,-1.33936309814453,5.62837743759155,1.13199090957642,-0.7690743803978,"(5.628377, 1.131991, -0.769074)",truck body CS,12.8641214370728,0.1,6.15136003494263,1.20477890968323,-1.33936309814453,0.00003628125675,90.3817622677577,0.00000323313938
1831,left road,1831,-2.40499997138977,0.0,8.09999942779541,-2.34999990463257,0.0,1.14999997615814,-2.40499997138977,0.0,8.09999942779541,6.15136003494263,1.20477890968323,-1.33936309814453,5.63053703308105,1.13144433498383,-0.76479208469391,"(5.630537, 1.131444, -0.764792)",truck body CS,12.7970447540283,0.1,6.15136003494263,1.20477890968323,-1.33936309814453,0.00003628125675,90.3817622677577,0.00000323313938
1832,left road,1832,-2.3050000667572,0.0,8.09999942779541,-2.25,0.0,1.14999997615814,-2.3050000667572,0.0,8.09999942779541,6.15136003494263,1.20477890968323,-1.33936309814453,5.63272953033447,1.13088965415955,-0.76044529676437,"(5.63273, 1.13089, -0.760445)",truck body CS,12.7304000854492,0.1,6.15136003494263,1.20477890968323,-1.33936309814453,0.00003628125675,90.3817622677577,0.00000323313938
1833,left road,1833,-2.20500016212463,0.0,8.09999942779541,-2.15000009536743,0.0,1.14999997615814,-2.20500016212463,0.0,8.09999942779541,6.15136003494263,1.20477890968323,-1.33936309814453,5.63560056686401,1.13041925430298,-0.75675976276398,"(5.635601, 1.130419, -0.75676)",truck body CS,12.6641941070557,0.1,6.15136003494263,1.20477890968323,-1.33936309814453,0.00003628125675,90.3817622677577,0.00000323313938
1834,left road,1834,-2.10500001907349,0.0,8.09999942779541,-2.04999995231628,0.0,1.14999997615814,-2.10500001907349,0.0,8.09999942779541,6.15136003494263,1.20477890968323,-1.33936309814453,5.63866186141968,1.12996530532837,-0.75320363044739,"(5.638662, 1.129965, -0.753204)",truck body CS,12.5984334945679,0.1,6.15136003494263,1.20477890968323,-1.33936309814453,0.00003628125675,90.3817622677577,0.00000323313938
1835,left road,1835,-2.00500011444092,0.0,8.09999942779541,-1.95000004768372,0.0,1.14999997615814,-2.00500011444092,0.0,8.09999942779541,6.15136003494263,1.20477890968323,-1.33936309814453,5.64176177978516,1.12950599193573,-0.74960446357727,"(5.641762, 1.129506, -0.749604)",truck body CS,12.533127784729,0.1,6.15136003494263,1.20477890968323,-1.33936309814453,0.00003628125675,90.3817622677577,0.00000323313938
1836,left road,1836,-1.90499997138977,0.0,8.09999942779541,-1.85000002384186,0.0,1.14999997615814,-1.90499997138977,0.0,8.09999942779541,6.15136003494263,1.20477890968323,-1.33936309814453,5.64490127563477,1.12904095649719,-0.74596279859543,"(5.644901, 1.129041, -0.745963)",truck body CS,12.468279838562,0.1,6.15136003494263,1.20477890968323,-1.33936309814453,0.00003628125675,90.3817622677577,0.00000323313938
1837,left road,1837,-1.80499994754791,0.0,8.09999942779541,-1.75,0.0,1.14999997615814,-1.80499994754791,0.0,8.09999942779541,6.15136003494263,1.20477890968323,-1.33936309814453,5.64807987213135,1.12857055664063,-0.74227625131607,"(5.64808, 1.128571, -0.742276)",truck body CS,12.4038991928101,0.1,6.15136003494263,1.20477890968323,-1.33936309814453,0.00003628125675,90.3817622677577,0.00000323313938
1838,left road,1838,-1.70499992370605,0.0,8.09999942779541,-1.64999997615814,0.0,1.14999997615814,-1.70499992370605,0.0,8.09999942779541,6.15136003494263,1.20477890968323,-1.33936309814453,5.65129661560059,1.12809371948242,-0.73854112625122,"(5.651297, 1.128094, -0.738541)",truck body CS,12.339994430542,0.1,6.15136003494263,1.20477890968323,-1.33936309814453,0.00003628125675,90.3817622677577,0.00000323313938
1839,left road,1839,-1.6049998998642,0.0,8.09999942779541,-1.54999995231628,0.0,1.14999997615814,-1.6049998998642,0.0,8.09999942779541,6.15136003494263,1.20477890968323,-1.33936309814453,5.65455436706543,1.12761116027832,-0.73475933074951,"(5.654554, 1.127611, -0.734759)",truck body CS,12.2765703201294,0.1,6.15136003494263,1.20477890968323,-1.33936309814453,0.00003628125675,90.3817622677577,0.00000323313938
1840,left road,1840,-1.50499999523163,0.0,8.09999942779541,-1.45000004768372,0.0,1.14999997615814,-1.50499999523163,0.0,8.09999942779541,6.15136003494263,1.20477890968323,-1.33936309814453,5.65785360336304,1.12712252140045,-0.73093014955521,"(5.657854, 1.127123, -0.73093)",truck body CS,12.2136363983154,0.1,6.15136003494263,1.20477890968323,-1.33936309814453,0.00003628125675,90.3817622677577,0.00000323313938
1841,left road,1841,-1.40499997138977,0.0,8.09999942779541,-1.35000002384186,0.0,1.14999997615814,-1.40499997138977,0.0,8.09999942779541,6.15136003494263,1.20477890968323,-1.33936309814453,5.66119432449341,1.12662720680237,-0.72705060243607,"(5.661194, 1.126627, -0.727051)",truck body CS,12.1511993408203,0.1,6.15136003494263,1.20477890968323,-1.33936309814453,0.00003628125675,90.3817622677577,0.00000323313938
1842,left road,1842,-1.30499994754791,0.0,8.09999942779541,-1.25,0.0,1.14999997615814,-1.30499994754791,0.0,8.09999942779541,6.15136003494263,1.20477890968323,-1.33936309814453,5.66457891464233,1.12612628936768,-0.72312438488007,"(5.664579, 1.126126, -0.723124)",truck body CS,12.0892667770386,0.1,6.15136003494263,1.20477890968323,-1.33936309814453,0.00003628125675,90.3817622677577,0.00000323313938
1843,left road,1843,-1.20499992370605,0.0,8.09999942779541,-1.14999997615814,0.0,1.14999997615814,-1.20499992370605,0.0,8.09999942779541,6.15136003494263,1.20477890968323,-1.33936309814453,5.66936206817627,1.12584018707275,-0.72088468074799,"(5.669362, 1.12584, -0.720885)",truck body CS,12.0278463363647,0.1,6.15136003494263,1.20477890968323,-1.33936309814453,0.00003628125675,90.3817622677577,0.00000323313938
1844,left road,1844,-1.1049998998642,0.0,8.09999942779541,-1.04999995231628,0.0,1.14999997615814,-1.1049998998642,0.0,8.09999942779541,6.15136003494263,1.20477890968323,-1.33936309814453,5.67656517028809,1.12594854831696,-0.72173285484314,"(5.676565, 1.125949, -0.721733)",truck body CS,11.966947555542,0.1,6.15136003494263,1.20477890968323,-1.33936309814453,0.00003628125675,90.3817622677577,0.00000323313938
1845,left road,1845,-1.00499999523163,0.0,8.09999942779541,-0.94999998807907,0.0,1.14999997615814,-1.00499999523163,0.0,8.09999942779541,6.15136003494263,1.20477890968323,-1.33936309814453,5.68309593200684,1.12594628334045,-0.72171592712402,"(5.683096, 1.125946, -0.721716)",truck body CS,11.9065752029419,0.1,6.15136003494263,1.20477890968323,-1.33936309814453,0.00003628125675,90.3817622677577,0.00000323313938
1846,left road,1846,-0.90500003099442,0.0,8.09999942779541,-0.85000002384186,0.0,1.14999997615814,-0.90500003099442,0.0,8.09999942779541,6.15136003494263,1.20477890968323,-1.33936309814453,5.68940019607544,1.12590551376343,-0.72139596939087,"(5.6894, 1.125906, -0.721396)",truck body CS,11.8467407226563,0.1,6.15136003494263,1.20477890968323,-1.33936309814453,0.00003628125675,90.3817622677577,0.00000323313938
1847,left road,1847,-0.80500000715256,0.0,8.09999942779541,-0.75,0.0,1.14999997615814,-0.80500000715256,0.0,8.09999942779541,6.15136003494263,1.20477890968323,-1.33936309814453,5.69571018218994,1.12586450576782,-0.72107422351837,"(5.69571, 1.125865, -0.721074)",truck body CS,11.7874507904053,0.1,6.15136003494263,1.20477890968323,-1.33936309814453,0.00003628125675,90.3817622677577,0.00000323313938
1848,left road,1848,-0.7049999833107,0.0,8.09999942779541,-0.64999997615814,0.0,1.14999997615814,-0.7049999833107,0.0,8.09999942779541,6.15136003494263,1.20477890968323,-1.33936309814453,5.70202875137329,1.1258237361908,-0.72075510025024,"(5.702029, 1.125824, -0.720755)",truck body CS,11.7287139892578,0.1,6.15136003494263,1.20477890968323,-1.33936309814453,0.00003628125675,90.3817622677577,0.00000323313938
1849,left road,1849,-0.60500001907349,0.0,8.09999942779541,-0.55000001192093,0.0,1.14999997615814,-0.60500001907349,0.0,8.09999942779541,6.15136003494263,1.20477890968323,-1.33936309814453,6.11539936065674,1.198366522789,-1.28912281990051,"(6.115399, 1.198367, -1.289123)",EyeArea,11.6705379486084,0.1,6.15136003494263,1.20477890968323,-1.33936309814453,0.00003628125675,90.3817622677577,0.00000323313938
1850,left road,1850,-0.50499999523163,0.0,8.09999942779541,-0.44999998807907,0.0,1.14999997615814,-0.50499999523163,0.0,8.09999942779541,6.15136003494263,1.20477890968323,-1.33936309814453,6.11593437194824,1.19836699962616,-1.28912627696991,"(6.115934, 1.198367, -1.289126)",EyeArea,11.6129322052002,0.1,6.15136003494263,1.20477890968323,-1.33936309814453,0.00003628125675,90.3817622677577,0.00000323313938
1851,left road,1851,-0.40500000119209,0.0,8.09999942779541,-0.34999999403954,0.0,1.14999997615814,-0.40500000119209,0.0,8.09999942779541,6.15136003494263,1.20477890968323,-1.33936309814453,6.11646890640259,1.19836747646332,-1.2891298532486,"(6.116469, 1.198367, -1.28913)",EyeArea,11.5559034347534,0.1,6.15136003494263,1.20477890968323,-1.33936309814453,0.00003628125675,90.3817622677577,0.00000323313938
1852,left road,1852,-0.30500000715256,0.0,8.09999942779541,-0.25,0.0,1.14999997615814,-0.30500000715256,0.0,8.09999942779541,6.15136003494263,1.20477890968323,-1.33936309814453,6.11700344085693,1.19836783409119,-1.28913342952728,"(6.117003, 1.198368, -1.289133)",EyeArea,11.4994630813599,0.1,6.15136003494263,1.20477890968323,-1.33936309814453,0.00003628125675,90.3817622677577,0.00000323313938
1853,left road,1853,-0.20500001311302,0.0,8.09999942779541,-0.15000000596046,0.0,1.14999997615814,-0.20500001311302,0.0,8.09999942779541,6.15136003494263,1.20477890968323,-1.33936309814453,6.11753845214844,1.19836843013763,-1.28913700580597,"(6.117538, 1.198368, -1.289137)",EyeArea,11.4436168670654,0.1,6.15136003494263,1.20477890968323,-1.33936309814453,0.00003628125675,90.3817622677577,0.00000323313938
1854,left road,1854,-0.10500000417233,0.0,8.09999942779541,-0.05000000074506,0.0,1.14999997615814,-0.10500000417233,0.0,8.09999942779541,6.15136003494263,1.20477890968323,-1.33936309814453,6.11807298660278,1.1983687877655,-1.28914058208466,"(6.118073, 1.198369, -1.289141)",EyeArea,11.3883752822876,0.1,6.15136003494263,1.20477890968323,-1.33936309814453,0.00003628125675,90.3817622677577,0.00000323313938
1855,left road,1855,-0.00499999895692,0.0,8.09999942779541,0.05000000074506,0.0,1.14999997615814,-0.00499999895692,0.0,8.09999942779541,6.15136003494263,1.20477890968323,-1.33936309814453,6.11860704421997,1.19836926460266,-1.28914415836334,"(6.118607, 1.198369, -1.289144)",EyeArea,11.3337469100952,0.1,6.15136003494263,1.20477890968323,-1.33936309814453,0.00003628125675,90.3817622677577,0.00000323313938
1856,left road,1856,0.09500000625849,0.0,8.09999942779541,0.15000000596046,0.0,1.14999997615814,0.09500000625849,0.0,8.09999942779541,6.15136003494263,1.20477890968323,-1.33936309814453,6.11914157867432,1.19836974143982,-1.28914773464203,"(6.119142, 1.19837, -1.289148)",EyeArea,11.2797412872314,0.1,6.15136003494263,1.20477890968323,-1.33936309814453,0.00003628125675,90.3817622677577,0.00000323313938
1857,left road,1857,0.19499999284744,0.0,8.09999942779541,0.25,0.0,1.14999997615814,0.19499999284744,0.0,8.09999942779541,6.15136003494263,1.20477890968323,-1.33936309814453,6.1196756362915,1.19837021827698,-1.28915131092072,"(6.119676, 1.19837, -1.289151)",EyeArea,11.2263650894165,0.1,6.15136003494263,1.20477890968323,-1.33936309814453,0.00003628125675,90.3817622677577,0.00000323313938
1858,left road,1858,0.29499998688698,0.0,8.09999942779541,0.34999999403954,0.0,1.14999997615814,0.29499998688698,0.0,8.09999942779541,6.15136003494263,1.20477890968323,-1.33936309814453,6.12020969390869,1.19837057590485,-1.28915476799011,"(6.12021, 1.198371, -1.289155)",EyeArea,11.1736297607422,0.1,6.15136003494263,1.20477890968323,-1.33936309814453,0.00003628125675,90.3817622677577,0.00000323313938
1859,left road,1859,0.39499998092651,0.0,8.09999942779541,0.44999998807907,0.0,1.14999997615814,0.39499998092651,0.0,8.09999942779541,6.15136003494263,1.20477890968323,-1.33936309814453,6.12074422836304,1.198371052742,-1.2891583442688,"(6.120744, 1.198371, -1.289158)",EyeArea,11.1215438842773,0.1,6.15136003494263,1.20477890968323,-1.33936309814453,0.00003628125675,90.3817622677577,0.00000323313938
1860,left road,1860,0.49500000476837,0.0,8.09999942779541,0.55000001192093,0.0,1.14999997615814,0.49500000476837,0.0,8.09999942779541,6.15136003494263,1.20477890968323,-1.33936309814453,6.12127780914307,1.19837152957916,-1.28916192054749,"(6.121278, 1.198372, -1.289162)",EyeArea,11.0701160430908,0.1,6.15136003494263,1.20477890968323,-1.33936309814453,0.00003628125675,90.3817622677577,0.00000323313938
1861,left road,1861,0.59499996900558,0.0,8.09999942779541,0.64999997615814,0.0,1.14999997615814,0.59499996900558,0.0,8.09999942779541,6.15136003494263,1.20477890968323,-1.33936309814453,6.12181186676025,1.19837200641632,-1.28916549682617,"(6.121812, 1.198372, -1.289165)",EyeArea,11.0193557739258,0.1,6.15136003494263,1.20477890968323,-1.33936309814453,0.00003628125675,90.3817622677577,0.00000323313938
1862,left road,1862,0.69499999284744,0.0,8.09999942779541,0.75,0.0,1.14999997615814,0.69499999284744,0.0,8.09999942779541,6.15136003494263,1.20477890968323,-1.33936309814453,6.12234592437744,1.19837248325348,-1.28916907310486,"(6.122346, 1.198372, -1.289169)",EyeArea,10.9692716598511,0.1,6.15136003494263,1.20477890968323,-1.33936309814453,0.00003628125675,90.3817622677577,0.00000323313938
1863,left road,1863,0.7950000166893,0.0,8.09999942779541,0.85000002384186,0.0,1.14999997615814,0.7950000166893,0.0,8.09999942779541,6.15136003494263,1.20477890968323,-1.33936309814453,6.12287950515747,1.19837296009064,-1.28917264938354,"(6.12288, 1.198373, -1.289173)",EyeArea,10.9198741912842,0.1,6.15136003494263,1.20477890968323,-1.33936309814453,0.00003628125675,90.3817622677577,0.00000323313938
1864,left road,1864,0.89499998092651,0.0,8.09999942779541,0.94999998807907,0.0,1.14999997615814,0.89499998092651,0.0,8.09999942779541,6.15136003494263,1.20477890968323,-1.33936309814453,6.1234130859375,1.19837331771851,-1.28917610645294,"(6.123413, 1.198373, -1.289176)",EyeArea,10.8711719512939,0.1,6.15136003494263,1.20477890968323,-1.33936309814453,0.00003628125675,90.3817622677577,0.00000323313938
1865,left road,1865,0.99499994516373,0.0,8.09999942779541,1.04999995231628,0.0,1.14999997615814,0.99499994516373,0.0,8.09999942779541,6.15136003494263,1.20477890968323,-1.33936309814453,6.12394714355469,1.19837379455566,-1.28917968273163,"(6.123947, 1.198374, -1.28918)",EyeArea,10.8231744766235,0.1,6.15136003494263,1.20477890968323,-1.33936309814453,0.00003628125675,90.3817622677577,0.00000323313938
1866,left road,1866,1.09500002861023,0.0,8.09999942779541,1.14999997615814,0.0,1.14999997615814,1.09500002861023,0.0,8.09999942779541,6.15136003494263,1.20477890968323,-1.33936309814453,6.12448120117188,1.19837427139282,-1.28918325901031,"(6.124481, 1.198374, -1.289183)",EyeArea,10.7758913040161,0.1,6.15136003494263,1.20477890968323,-1.33936309814453,0.00003628125675,90.3817622677577,0.00000323313938
1867,left road,1867,1.19500005245209,0.0,8.09999942779541,1.25,0.0,1.14999997615814,1.19500005245209,0.0,8.09999942779541,6.15136003494263,1.20477890968323,-1.33936309814453,6.12501382827759,1.19837474822998,-1.289186835289,"(6.125014, 1.198375, -1.289187)",EyeArea,10.7293319702148,0.1,6.15136003494263,1.20477890968323,-1.33936309814453,0.00003628125675,90.3817622677577,0.00000323313938
1868,left road,1868,1.29500007629395,0.0,8.09999942779541,1.35000002384186,0.0,1.14999997615814,1.29500007629395,0.0,8.09999942779541,6.15136003494263,1.20477890968323,-1.33936309814453,6.12554693222046,1.19837522506714,-1.28919041156769,"(6.125547, 1.198375, -1.28919)",EyeArea,10.6835050582886,0.1,6.15136003494263,1.20477890968323,-1.33936309814453,0.00003628125675,90.3817622677577,0.00000323313938
1869,left road,1869,1.3950001001358,0.0,8.09999942779541,1.45000004768372,0.0,1.14999997615814,1.3950001001358,0.0,8.09999942779541,6.15136003494263,1.20477890968323,-1.33936309814453,6.12608051300049,1.19837558269501,-1.28919398784637,"(6.126081, 1.198376, -1.289194)",EyeArea,10.6384220123291,0.1,6.15136003494263,1.20477890968323,-1.33936309814453,0.00003628125675,90.3817622677577,0.00000323313938
1870,left road,1870,1.49500000476837,0.0,8.09999942779541,1.54999995231628,0.0,1.14999997615814,1.49500000476837,0.0,8.09999942779541,6.15136003494263,1.20477890968323,-1.33936309814453,6.12661361694336,1.19837605953217,-1.28919744491577,"(6.126614, 1.198376, -1.289197)",EyeArea,10.5940895080566,0.1,6.15136003494263,1.20477890968323,-1.33936309814453,0.00003628125675,90.3817622677577,0.00000323313938
1871,left road,1871,1.59500002861023,0.0,8.09999942779541,1.64999997615814,0.0,1.14999997615814,1.59500002861023,0.0,8.09999942779541,6.15136003494263,1.20477890968323,-1.33936309814453,6.12714719772339,1.19837653636932,-1.28920102119446,"(6.127147, 1.198377, -1.289201)",EyeArea,10.5505199432373,0.1,6.15136003494263,1.20477890968323,-1.33936309814453,0.00003628125675,90.3817622677577,0.00000323313938
1872,left road,1872,1.69500005245209,0.0,8.09999942779541,1.75,0.0,1.14999997615814,1.69500005245209,0.0,8.09999942779541,6.15136003494263,1.20477890968323,-1.33936309814453,6.1276798248291,1.19837701320648,-1.28920459747314,"(6.12768, 1.198377, -1.289205)",EyeArea,10.5077209472656,0.1,6.15136003494263,1.20477890968323,-1.33936309814453,0.00003628125675,90.3817622677577,0.00000323313938
1873,left road,1873,1.79500007629395,0.0,8.09999942779541,1.85000002384186,0.0,1.14999997615814,1.79500007629395,0.0,8.09999942779541,6.15136003494263,1.20477890968323,-1.33936309814453,6.12821292877197,1.19837737083435,-1.28920817375183,"(6.128213, 1.198377, -1.289208)",EyeArea,10.4657030105591,0.1,6.15136003494263,1.20477890968323,-1.33936309814453,0.00003628125675,90.3817622677577,0.00000323313938
1874,left road,1874,1.8950001001358,0.0,8.09999942779541,1.95000004768372,0.0,1.14999997615814,1.8950001001358,0.0,8.09999942779541,6.15136003494263,1.20477890968323,-1.33936309814453,6.12874603271484,1.1983779668808,-1.28921175003052,"(6.128746, 1.198378, -1.289212)",EyeArea,10.4244737625122,0.1,6.15136003494263,1.20477890968323,-1.33936309814453,0.00003628125675,90.3817622677577,0.00000323313938
1875,left road,1875,1.99500000476837,0.0,8.09999942779541,2.04999995231628,0.0,1.14999997615814,1.99500000476837,0.0,8.09999942779541,6.15136003494263,1.20477890968323,-1.33936309814453,6.12927865982056,1.19837832450867,-1.28921520709991,"(6.129279, 1.198378, -1.289215)",EyeArea,10.3840446472168,0.1,6.15136003494263,1.20477890968323,-1.33936309814453,0.00003628125675,90.3817622677577,0.00000323313938
1876,left road,1876,2.09500002861023,0.0,8.09999942779541,2.15000009536743,0.0,1.14999997615814,2.09500002861023,0.0,8.09999942779541,6.15136003494263,1.20477890968323,-1.33936309814453,6.12981176376343,1.19837880134583,-1.2892187833786,"(6.129812, 1.198379, -1.289219)",EyeArea,10.3444242477417,0.1,6.15136003494263,1.20477890968323,-1.33936309814453,0.00003628125675,90.3817622677577,0.00000323313938
1877,left road,1877,2.1949999332428,0.0,8.09999942779541,2.25,0.0,1.14999997615814,2.1949999332428,0.0,8.09999942779541,6.15136003494263,1.20477890968323,-1.33936309814453,6.13034439086914,1.19837927818298,-1.28922235965729,"(6.130344, 1.198379, -1.289222)",EyeArea,10.3056221008301,0.1,6.15136003494263,1.20477890968323,-1.33936309814453,0.00003628125675,90.3817622677577,0.00000323313938
1878,left road,1878,2.29499983787537,0.0,8.09999942779541,2.34999990463257,0.0,1.14999997615814,2.29499983787537,0.0,8.09999942779541,6.15136003494263,1.20477890968323,-1.33936309814453,6.13087701797485,1.19837975502014,-1.28922593593597,"(6.130877, 1.19838, -1.289226)",EyeArea,10.2676467895508,0.1,6.15136003494263,1.20477890968323,-1.33936309814453,0.00003628125675,90.3817622677577,0.00000323313938
1879,left road,1879,2.39499998092651,0.0,8.09999942779541,2.45000004768372,0.0,1.14999997615814,2.39499998092651,0.0,8.09999942779541,6.15136003494263,1.20477890968323,-1.33936309814453,6.13140964508057,1.19838011264801,-1.28922939300537,"(6.13141, 1.19838, -1.289229)",EyeArea,10.230507850647,0.1,6.15136003494263,1.20477890968323,-1.33936309814453,0.00003628125675,90.3817622677577,0.00000323313938
1880,left road,1880,2.49499988555908,0.0,8.09999942779541,2.54999995231628,0.0,1.14999997615814,2.49499988555908,0.0,8.09999942779541,6.15136003494263,1.20477890968323,-1.33936309814453,6.13194179534912,1.19838058948517,-1.28923296928406,"(6.131942, 1.198381, -1.289233)",EyeArea,10.1942157745361,0.1,6.15136003494263,1.20477890968323,-1.33936309814453,0.00003628125675,90.3817622677577,0.00000323313938
1881,left road,1881,2.59500002861023,0.0,8.09999942779541,2.65000009536743,0.0,1.14999997615814,2.59500002861023,0.0,8.09999942779541,6.15136003494263,1.20477890968323,-1.33936309814453,6.13247442245483,1.19838106632233,-1.28923654556274,"(6.132474, 1.198381, -1.289237)",EyeArea,10.1587772369385,0.1,6.15136003494263,1.20477890968323,-1.33936309814453,0.00003628125675,90.3817622677577,0.00000323313938
1882,left road,1882,2.6949999332428,0.0,8.09999942779541,2.75,0.0,1.14999997615814,2.6949999332428,0.0,8.09999942779541,6.15136003494263,1.20477890968323,-1.33936309814453,6.13300657272339,1.19838154315948,-1.28924012184143,"(6.133007, 1.198382, -1.28924)",EyeArea,10.1242027282715,0.1,6.15136003494263,1.20477890968323,-1.33936309814453,0.00003628125675,90.3817622677577,0.00000323313938
1883,left road,1883,2.79499983787537,0.0,8.09999942779541,2.84999990463257,0.0,1.14999997615814,2.79499983787537,0.0,8.09999942779541,6.15136003494263,1.20477890968323,-1.33936309814453,6.13353872299194,1.19838190078735,-1.28924357891083,"(6.133539, 1.198382, -1.289244)",EyeArea,10.090500831604,0.1,6.15136003494263,1.20477890968323,-1.33936309814453,0.00003628125675,90.3817622677577,0.00000323313938
1884,left road,1884,2.89499998092651,0.0,8.09999942779541,2.95000004768372,0.0,1.14999997615814,2.89499998092651,0.0,8.09999942779541,6.15136003494263,1.20477890968323,-1.33936309814453,6.13407135009766,1.1983824968338,-1.28924715518951,"(6.134071, 1.198382, -1.289247)",EyeArea,10.0576801300049,0.1,6.15136003494263,1.20477890968323,-1.33936309814453,0.00003628125675,90.3817622677577,0.00000323313938
1885,left road,1885,2.99499988555908,0.0,8.09999942779541,3.04999995231628,0.0,1.14999997615814,2.99499988555908,0.0,8.09999942779541,6.15136003494263,1.20477890968323,-1.33936309814453,6.13460350036621,1.19838285446167,-1.2892507314682,"(6.134604, 1.198383, -1.289251)",EyeArea,10.0257501602173,0.1,6.15136003494263,1.20477890968323,-1.33936309814453,0.00003628125675,90.3817622677577,0.00000323313938
1886,left road,1886,3.09500002861023,0.0,8.09999942779541,3.15000009536743,0.0,1.14999997615814,3.09500002861023,0.0,8.09999942779541,6.15136003494263,1.20477890968323,-1.33936309814453,6.13513517379761,1.19838333129883,-1.28925430774689,"(6.135135, 1.198383, -1.289254)",EyeArea,9.99471855163574,0.1,6.15136003494263,1.20477890968323,-1.33936309814453,0.00003628125675,90.3817622677577,0.00000323313938
1887,left road,1887,3.1949999332428,0.0,8.09999942779541,3.25,0.0,1.14999997615814,3.1949999332428,0.0,8.09999942779541,6.15136003494263,1.20477890968323,-1.33936309814453,6.13566732406616,1.19838380813599,-1.28925776481628,"(6.135667, 1.198384, -1.289258)",EyeArea,9.96459293365479,0.1,6.15136003494263,1.20477890968323,-1.33936309814453,0.00003628125675,90.3817622677577,0.00000323313938
1888,left road,1888,3.29499983787537,0.0,8.09999942779541,3.34999990463257,0.0,1.14999997615814,3.29499983787537,0.0,8.09999942779541,6.15136003494263,1.20477890968323,-1.33936309814453,6.13619947433472,1.19838428497314,-1.28926134109497,"(6.136199, 1.198384, -1.289261)",EyeArea,9.93538379669189,0.1,6.15136003494263,1.20477890968323,-1.33936309814453,0.00003628125675,90.3817622677577,0.00000323313938
1889,left road,1889,3.39499998092651,0.0,8.09999942779541,3.45000004768372,0.0,1.14999997615814,3.39499998092651,0.0,8.09999942779541,6.15136003494263,1.20477890968323,-1.33936309814453,6.13673114776611,1.19838464260101,-1.28926491737366,"(6.136731, 1.198385, -1.289265)",EyeArea,9.90709686279297,0.1,6.15136003494263,1.20477890968323,-1.33936309814453,0.00003628125675,90.3817622677577,0.00000323313938
1890,left road,1890,-3.50500011444092,0.0,8.19999980926514,-3.45000004768372,0.0,1.25,-3.50500011444092,0.0,8.19999980926514,6.15136003494263,1.20477890968323,-1.33936309814453,5.6156964302063,1.13794660568237,-0.81018990278244,"(5.615696, 1.137947, -0.81019)",truck body CS,13.6270399093628,0.1,6.15136003494263,1.20477890968323,-1.33936309814453,0.00003628125675,90.3817622677577,0.00000323313938
1891,left road,1891,-3.40499997138977,0.0,8.19999980926514,-3.34999990463257,0.0,1.25,-3.40499997138977,0.0,8.19999980926514,6.15136003494263,1.20477890968323,-1.33936309814453,5.61597394943237,1.13728213310242,-0.80492949485779,"(5.615974, 1.137282, -0.804929)",truck body CS,13.5563621520996,0.1,6.15136003494263,1.20477890968323,-1.33936309814453,0.00003628125675,90.3817622677577,0.00000323313938
1892,left road,1892,-3.3050000667572,0.0,8.19999980926514,-3.25,0.0,1.25,-3.3050000667572,0.0,8.19999980926514,6.15136003494263,1.20477890968323,-1.33936309814453,5.6162576675415,1.13660478591919,-0.79956483840942,"(5.616258, 1.136605, -0.799565)",truck body CS,13.4860553741455,0.1,6.15136003494263,1.20477890968323,-1.33936309814453,0.00003628125675,90.3817622677577,0.00000323313938
1893,left road,1893,-3.20500016212463,0.0,8.19999980926514,-3.15000009536743,0.0,1.25,-3.20500016212463,0.0,8.19999980926514,6.15136003494263,1.20477890968323,-1.33936309814453,5.61762046813965,1.13605141639709,-0.79518383741379,"(5.61762, 1.136051, -0.795184)",truck body CS,13.4161252975464,0.1,6.15136003494263,1.20477890968323,-1.33936309814453,0.00003628125675,90.3817622677577,0.00000323313938
1894,left road,1894,-3.10500001907349,0.0,8.19999980926514,-3.04999995231628,0.0,1.25,-3.10500001907349,0.0,8.19999980926514,6.15136003494263,1.20477890968323,-1.33936309814453,5.61958312988281,1.13556456565857,-0.79132741689682,"(5.619583, 1.135565, -0.791327)",truck body CS,13.3465776443481,0.1,6.15136003494263,1.20477890968323,-1.33936309814453,0.00003628125675,90.3817622677577,0.00000323313938
1895,left road,1895,-3.00500011444092,0.0,8.19999980926514,-2.95000004768372,0.0,1.25,-3.00500011444092,0.0,8.19999980926514,6.15136003494263,1.20477890968323,-1.33936309814453,5.62157344818115,1.13507032394409,-0.78741508722305,"(5.621573, 1.13507, -0.787415)",truck body CS,13.2774200439453,0.1,6.15136003494263,1.20477890968323,-1.33936309814453,0.00003628125675,90.3817622677577,0.00000323313938
1896,left road,1896,-2.90499997138977,0.0,8.19999980926514,-2.84999990463257,0.0,1.25,-2.90499997138977,0.0,8.19999980926514,6.15136003494263,1.20477890968323,-1.33936309814453,5.62359285354614,1.13456928730011,-0.78344798088074,"(5.623593, 1.134569, -0.783448)",truck body CS,13.2086563110352,0.1,6.15136003494263,1.20477890968323,-1.33936309814453,0.00003628125675,90.3817622677577,0.00000323313938
1897,left road,1897,-2.8050000667572,0.0,8.19999980926514,-2.75,0.0,1.25,-2.8050000667572,0.0,8.19999980926514,6.15136003494263,1.20477890968323,-1.33936309814453,5.62563991546631,1.13406085968018,-0.77942252159119,"(5.62564, 1.134061, -0.779423)",truck body CS,13.1402940750122,0.1,6.15136003494263,1.20477890968323,-1.33936309814453,0.00003628125675,90.3817622677577,0.00000323313938
1898,left road,1898,-2.70500016212463,0.0,8.19999980926514,-2.65000009536743,0.0,1.25,-2.70500016212463,0.0,8.19999980926514,6.15136003494263,1.20477890968323,-1.33936309814453,5.62771797180176,1.133544921875,-0.77533739805222,"(5.627718, 1.133545, -0.775337)",truck body CS,13.0723390579224,0.1,6.15136003494263,1.20477890968323,-1.33936309814453,0.00003628125675,90.3817622677577,0.00000323313938
1899,left road,1899,-2.60500001907349,0.0,8.19999980926514,-2.54999995231628,0.0,1.25,-2.60500001907349,0.0,8.19999980926514,6.15136003494263,1.20477890968323,-1.33936309814453,5.62982749938965,1.13302183151245,-0.77119517326355,"(5.629827, 1.133022, -0.771195)",truck body CS,13.0047988891602,0.1,6.15136003494263,1.20477890968323,-1.33936309814453,0.00003628125675,90.3817622677577,0.00000323313938
1900,left road,1900,-2.50500011444092,0.0,8.19999980926514,-2.45000004768372,0.0,1.25,-2.50500011444092,0.0,8.19999980926514,6.15136003494263,1.20477890968323,-1.33936309814453,5.63196706771851,1.13249063491821,-0.76698905229568,"(5.631967, 1.132491, -0.766989)",truck body CS,12.9376783370972,0.1,6.15136003494263,1.20477890968323,-1.33936309814453,0.00003628125675,90.3817622677577,0.00000323313938
1901,left road,1901,-2.40499997138977,0.0,8.19999980926514,-2.34999990463257,0.0,1.25,-2.40499997138977,0.0,8.19999980926514,6.15136003494263,1.20477890968323,-1.33936309814453,5.63413763046265,1.13195133209229,-0.76271957159042,"(5.634138, 1.131951, -0.76272)",truck body CS,12.8709840774536,0.1,6.15136003494263,1.20477890968323,-1.33936309814453,0.00003628125675,90.3817622677577,0.00000323313938
1902,left road,1902,-2.3050000667572,0.0,8.19999980926514,-2.25,0.0,1.25,-2.3050000667572,0.0,8.19999980926514,6.15136003494263,1.20477890968323,-1.33936309814453,5.63634204864502,1.13140428066254,-0.7583869099617,"(5.636342, 1.131404, -0.758387)",truck body CS,12.8047246932983,0.1,6.15136003494263,1.20477890968323,-1.33936309814453,0.00003628125675,90.3817622677577,0.00000323313938
1903,left road,1903,-2.20500016212463,0.0,8.19999980926514,-2.15000009536743,0.0,1.25,-2.20500016212463,0.0,8.19999980926514,6.15136003494263,1.20477890968323,-1.33936309814453,5.63879585266113,1.1308798789978,-0.75423538684845,"(5.638796, 1.13088, -0.754235)",truck body CS,12.7389049530029,0.1,6.15136003494263,1.20477890968323,-1.33936309814453,0.00003628125675,90.3817622677577,0.00000323313938
1904,left road,1904,-2.10500001907349,0.0,8.19999980926514,-2.04999995231628,0.0,1.25,-2.10500001907349,0.0,8.19999980926514,6.15136003494263,1.20477890968323,-1.33936309814453,5.64185857772827,1.13043189048767,-0.75068777799606,"(5.641859, 1.130432, -0.750688)",truck body CS,12.6735315322876,0.1,6.15136003494263,1.20477890968323,-1.33936309814453,0.00003628125675,90.3817622677577,0.00000323313938
1905,left road,1905,-2.00500011444092,0.0,8.19999980926514,-1.95000004768372,0.0,1.25,-2.00500011444092,0.0,8.19999980926514,6.15136003494263,1.20477890968323,-1.33936309814453,5.64495849609375,1.12997817993164,-0.74709534645081,"(5.644958, 1.129978, -0.747095)",truck body CS,12.6086139678955,0.1,6.15136003494263,1.20477890968323,-1.33936309814453,0.00003628125675,90.3817622677577,0.00000323313938
1906,left road,1906,-1.90499997138977,0.0,8.19999980926514,-1.85000002384186,0.0,1.25,-1.90499997138977,0.0,8.19999980926514,6.15136003494263,1.20477890968323,-1.33936309814453,5.64809703826904,1.12951898574829,-0.74346041679382,"(5.648097, 1.129519, -0.74346)",truck body CS,12.5441570281982,0.1,6.15136003494263,1.20477890968323,-1.33936309814453,0.00003628125675,90.3817622677577,0.00000323313938
1907,left road,1907,-1.80499994754791,0.0,8.19999980926514,-1.75,0.0,1.25,-1.80499994754791,0.0,8.19999980926514,6.15136003494263,1.20477890968323,-1.33936309814453,5.65127420425415,1.12905430793762,-0.73978120088577,"(5.651274, 1.129054, -0.739781)",truck body CS,12.4801683425903,0.1,6.15136003494263,1.20477890968323,-1.33936309814453,0.00003628125675,90.3817622677577,0.00000323313938
1908,left road,1908,-1.70499992370605,0.0,8.19999980926514,-1.64999997615814,0.0,1.25,-1.70499992370605,0.0,8.19999980926514,6.15136003494263,1.20477890968323,-1.33936309814453,5.65449047088623,1.1285834312439,-0.73605394363403,"(5.65449, 1.128583, -0.736054)",truck body CS,12.4166555404663,0.1,6.15136003494263,1.20477890968323,-1.33936309814453,0.00003628125675,90.3817622677577,0.00000323313938
1909,left road,1909,-1.6049998998642,0.0,8.19999980926514,-1.54999995231628,0.0,1.25,-1.6049998998642,0.0,8.19999980926514,6.15136003494263,1.20477890968323,-1.33936309814453,5.65774822235107,1.12810730934143,-0.73228192329407,"(5.657748, 1.128107, -0.732282)",truck body CS,12.3536252975464,0.1,6.15136003494263,1.20477890968323,-1.33936309814453,0.00003628125675,90.3817622677577,0.00000323313938
1910,left road,1910,-1.50499999523163,0.0,8.19999980926514,-1.45000004768372,0.0,1.25,-1.50499999523163,0.0,8.19999980926514,6.15136003494263,1.20477890968323,-1.33936309814453,5.66104650497437,1.12762475013733,-0.72846192121506,"(5.661047, 1.127625, -0.728462)",truck body CS,12.2910852432251,0.1,6.15136003494263,1.20477890968323,-1.33936309814453,0.00003628125675,90.3817622677577,0.00000323313938
1911,left road,1911,-1.40499997138977,0.0,8.19999980926514,-1.35000002384186,0.0,1.25,-1.40499997138977,0.0,8.19999980926514,6.15136003494263,1.20477890968323,-1.33936309814453,5.66438436508179,1.12713599205017,-0.72459089756012,"(5.664384, 1.127136, -0.724591)",truck body CS,12.2290439605713,0.1,6.15136003494263,1.20477890968323,-1.33936309814453,0.00003628125675,90.3817622677577,0.00000323313938
1912,left road,1912,-1.30499994754791,0.0,8.19999980926514,-1.25,0.0,1.25,-1.30499994754791,0.0,8.19999980926514,6.15136003494263,1.20477890968323,-1.33936309814453,5.66887950897217,1.12682104110718,-0.72209715843201,"(5.66888, 1.126821, -0.722097)",truck body CS,12.1675071716309,0.1,6.15136003494263,1.20477890968323,-1.33936309814453,0.00003628125675,90.3817622677577,0.00000323313938
1913,left road,1913,-1.20499992370605,0.0,8.19999980926514,-1.14999997615814,0.0,1.25,-1.20499992370605,0.0,8.19999980926514,6.15136003494263,1.20477890968323,-1.33936309814453,5.67599487304688,1.12692642211914,-0.72293365001678,"(5.675995, 1.126926, -0.722934)",truck body CS,12.106484413147,0.1,6.15136003494263,1.20477890968323,-1.33936309814453,0.00003628125675,90.3817622677577,0.00000323313938
1914,left road,1914,-1.1049998998642,0.0,8.19999980926514,-1.04999995231628,0.0,1.25,-1.1049998998642,0.0,8.19999980926514,6.15136003494263,1.20477890968323,-1.33936309814453,5.682297706604,1.12690019607544,-0.72272479534149,"(5.682298, 1.1269, -0.722725)",truck body CS,12.0459823608398,0.1,6.15136003494263,1.20477890968323,-1.33936309814453,0.00003628125675,90.3817622677577,0.00000323313938
1915,left road,1915,-1.00499999523163,0.0,8.19999980926514,-0.94999998807907,0.0,1.25,-1.00499999523163,0.0,8.19999980926514,6.15136003494263,1.20477890968323,-1.33936309814453,5.6885232925415,1.12685990333557,-0.72240626811981,"(5.688523, 1.12686, -0.722406)",truck body CS,11.9860095977783,0.1,6.15136003494263,1.20477890968323,-1.33936309814453,0.00003628125675,90.3817622677577,0.00000323313938
1916,left road,1916,-0.90500003099442,0.0,8.19999980926514,-0.85000002384186,0.0,1.25,-0.90500003099442,0.0,8.19999980926514,6.15136003494263,1.20477890968323,-1.33936309814453,5.69475507736206,1.12681984901428,-0.72208833694458,"(5.694755, 1.12682, -0.722088)",truck body CS,11.9265737533569,0.1,6.15136003494263,1.20477890968323,-1.33936309814453,0.00003628125675,90.3817622677577,0.00000323313938
1917,left road,1917,-0.80500000715256,0.0,8.19999980926514,-0.75,0.0,1.25,-0.80500000715256,0.0,8.19999980926514,6.15136003494263,1.20477890968323,-1.33936309814453,5.70282888412476,1.12709736824036,-0.72428560256958,"(5.702829, 1.127097, -0.724286)",truck body CS,11.8676815032959,0.1,6.15136003494263,1.20477890968323,-1.33936309814453,0.00003628125675,90.3817622677577,0.00000323313938
1918,left road,1918,-0.7049999833107,0.0,8.19999980926514,-0.64999997615814,0.0,1.25,-0.7049999833107,0.0,8.19999980926514,6.15136003494263,1.20477890968323,-1.33936309814453,6.1152491569519,1.19843363761902,-1.28912174701691,"(6.115249, 1.198434, -1.289122)",EyeArea,11.809344291687,0.1,6.15136003494263,1.20477890968323,-1.33936309814453,0.00003628125675,90.3817622677577,0.00000323313938
1919,left road,1919,-0.60500001907349,0.0,8.19999980926514,-0.55000001192093,0.0,1.25,-0.60500001907349,0.0,8.19999980926514,6.15136003494263,1.20477890968323,-1.33936309814453,6.11577844619751,1.19843411445618,-1.28912532329559,"(6.115778, 1.198434, -1.289125)",EyeArea,11.7515668869019,0.1,6.15136003494263,1.20477890968323,-1.33936309814453,0.00003628125675,90.3817622677577,0.00000323313938
1920,left road,1920,-0.50499999523163,0.0,8.19999980926514,-0.44999998807907,0.0,1.25,-0.50499999523163,0.0,8.19999980926514,6.15136003494263,1.20477890968323,-1.33936309814453,6.11630773544312,1.19843447208405,-1.28912878036499,"(6.116308, 1.198434, -1.289129)",EyeArea,11.6943597793579,0.1,6.15136003494263,1.20477890968323,-1.33936309814453,0.00003628125675,90.3817622677577,0.00000323313938
1921,left road,1921,-0.40500000119209,0.0,8.19999980926514,-0.34999999403954,0.0,1.25,-0.40500000119209,0.0,8.19999980926514,6.15136003494263,1.20477890968323,-1.33936309814453,6.11683654785156,1.1984349489212,-1.28913235664368,"(6.116837, 1.198435, -1.289132)",EyeArea,11.637731552124,0.1,6.15136003494263,1.20477890968323,-1.33936309814453,0.00003628125675,90.3817622677577,0.00000323313938
1922,left road,1922,-0.30500000715256,0.0,8.19999980926514,-0.25,0.0,1.25,-0.30500000715256,0.0,8.19999980926514,6.15136003494263,1.20477890968323,-1.33936309814453,6.11736583709717,1.19843542575836,-1.28913581371307,"(6.117366, 1.198435, -1.289136)",EyeArea,11.5816888809204,0.1,6.15136003494263,1.20477890968323,-1.33936309814453,0.00003628125675,90.3817622677577,0.00000323313938
1923,left road,1923,-0.20500001311302,0.0,8.19999980926514,-0.15000000596046,0.0,1.25,-0.20500001311302,0.0,8.19999980926514,6.15136003494263,1.20477890968323,-1.33936309814453,6.11789464950562,1.19843590259552,-1.28913938999176,"(6.117895, 1.198436, -1.289139)",EyeArea,11.5262413024902,0.1,6.15136003494263,1.20477890968323,-1.33936309814453,0.00003628125675,90.3817622677577,0.00000323313938
1924,left road,1924,-0.10500000417233,0.0,8.19999980926514,-0.05000000074506,0.0,1.25,-0.10500000417233,0.0,8.19999980926514,6.15136003494263,1.20477890968323,-1.33936309814453,6.11842346191406,1.19843626022339,-1.28914296627045,"(6.118423, 1.198436, -1.289143)",EyeArea,11.4713983535767,0.1,6.15136003494263,1.20477890968323,-1.33936309814453,0.00003628125675,90.3817622677577,0.00000323313938
1925,left road,1925,-0.00499999895692,0.0,8.19999980926514,0.05000000074506,0.0,1.25,-0.00499999895692,0.0,8.19999980926514,6.15136003494263,1.20477890968323,-1.33936309814453,6.11895179748535,1.19843673706055,-1.28914642333984,"(6.118952, 1.198437, -1.289146)",EyeArea,11.4171676635742,0.1,6.15136003494263,1.20477890968323,-1.33936309814453,0.00003628125675,90.3817622677577,0.00000323313938
1926,left road,1926,0.09500000625849,0.0,8.19999980926514,0.15000000596046,0.0,1.25,0.09500000625849,0.0,8.19999980926514,6.15136003494263,1.20477890968323,-1.33936309814453,6.1194806098938,1.19843721389771,-1.28914999961853,"(6.119481, 1.198437, -1.28915)",EyeArea,11.3635568618774,0.1,6.15136003494263,1.20477890968323,-1.33936309814453,0.00003628125675,90.3817622677577,0.00000323313938
1927,left road,1927,0.19499999284744,0.0,8.19999980926514,0.25,0.0,1.25,0.19499999284744,0.0,8.19999980926514,6.15136003494263,1.20477890968323,-1.33936309814453,6.12000942230225,1.19843769073486,-1.28915345668793,"(6.120009, 1.198438, -1.289153)",EyeArea,11.3105773925781,0.1,6.15136003494263,1.20477890968323,-1.33936309814453,0.00003628125675,90.3817622677577,0.00000323313938
1928,left road,1928,0.29499998688698,0.0,8.19999980926514,0.34999999403954,0.0,1.25,0.29499998688698,0.0,8.19999980926514,6.15136003494263,1.20477890968323,-1.33936309814453,6.12053775787354,1.19843804836273,-1.28915703296661,"(6.120538, 1.198438, -1.289157)",EyeArea,11.2582359313965,0.1,6.15136003494263,1.20477890968323,-1.33936309814453,0.00003628125675,90.3817622677577,0.00000323313938
1929,left road,1929,0.39499998092651,0.0,8.19999980926514,0.44999998807907,0.0,1.25,0.39499998092651,0.0,8.19999980926514,6.15136003494263,1.20477890968323,-1.33936309814453,6.12106609344482,1.19843852519989,-1.28916049003601,"(6.121066, 1.198439, -1.28916)",EyeArea,11.2065439224243,0.1,6.15136003494263,1.20477890968323,-1.33936309814453,0.00003628125675,90.3817622677577,0.00000323313938
1930,left road,1930,0.49500000476837,0.0,8.19999980926514,0.55000001192093,0.0,1.25,0.49500000476837,0.0,8.19999980926514,6.15136003494263,1.20477890968323,-1.33936309814453,6.12159442901611,1.19843900203705,-1.2891640663147,"(6.121594, 1.198439, -1.289164)",EyeArea,11.1555070877075,0.1,6.15136003494263,1.20477890968323,-1.33936309814453,0.00003628125675,90.3817622677577,0.00000323313938
1931,left road,1931,0.59499996900558,0.0,8.19999980926514,0.64999997615814,0.0,1.25,0.59499996900558,0.0,8.19999980926514,6.15136003494263,1.20477890968323,-1.33936309814453,6.1221227645874,1.19843935966492,-1.28916752338409,"(6.122123, 1.198439, -1.289168)",EyeArea,11.1051368713379,0.1,6.15136003494263,1.20477890968323,-1.33936309814453,0.00003628125675,90.3817622677577,0.00000323313938
1932,left road,1932,0.69499999284744,0.0,8.19999980926514,0.75,0.0,1.25,0.69499999284744,0.0,8.19999980926514,6.15136003494263,1.20477890968323,-1.33936309814453,6.12265110015869,1.19843995571136,-1.28917109966278,"(6.122651, 1.19844, -1.289171)",EyeArea,11.0554418563843,0.1,6.15136003494263,1.20477890968323,-1.33936309814453,0.00003628125675,90.3817622677577,0.00000323313938
1933,left road,1933,0.7950000166893,0.0,8.19999980926514,0.85000002384186,0.0,1.25,0.7950000166893,0.0,8.19999980926514,6.15136003494263,1.20477890968323,-1.33936309814453,6.12317943572998,1.19844031333923,-1.28917455673218,"(6.123179, 1.19844, -1.289175)",EyeArea,11.0064306259155,0.1,6.15136003494263,1.20477890968323,-1.33936309814453,0.00003628125675,90.3817622677577,0.00000323313938
1934,left road,1934,0.89499998092651,0.0,8.19999980926514,0.94999998807907,0.0,1.25,0.89499998092651,0.0,8.19999980926514,6.15136003494263,1.20477890968323,-1.33936309814453,6.12370729446411,1.19844079017639,-1.28917813301086,"(6.123707, 1.198441, -1.289178)",EyeArea,10.9581136703491,0.1,6.15136003494263,1.20477890968323,-1.33936309814453,0.00003628125675,90.3817622677577,0.00000323313938
1935,left road,1935,0.99499994516373,0.0,8.19999980926514,1.04999995231628,0.0,1.25,0.99499994516373,0.0,8.19999980926514,6.15136003494263,1.20477890968323,-1.33936309814453,6.12423515319824,1.19844114780426,-1.28918159008026,"(6.124235, 1.198441, -1.289182)",EyeArea,10.9104986190796,0.1,6.15136003494263,1.20477890968323,-1.33936309814453,0.00003628125675,90.3817622677577,0.00000323313938
1936,left road,1936,1.09500002861023,0.0,8.19999980926514,1.14999997615814,0.0,1.25,1.09500002861023,0.0,8.19999980926514,6.15136003494263,1.20477890968323,-1.33936309814453,6.12476348876953,1.19844162464142,-1.28918516635895,"(6.124763, 1.198442, -1.289185)",EyeArea,10.8635959625244,0.1,6.15136003494263,1.20477890968323,-1.33936309814453,0.00003628125675,90.3817622677577,0.00000323313938
1937,left road,1937,1.19500005245209,0.0,8.19999980926514,1.25,0.0,1.25,1.19500005245209,0.0,8.19999980926514,6.15136003494263,1.20477890968323,-1.33936309814453,6.1252908706665,1.19844210147858,-1.28918862342834,"(6.125291, 1.198442, -1.289189)",EyeArea,10.8174133300781,0.1,6.15136003494263,1.20477890968323,-1.33936309814453,0.00003628125675,90.3817622677577,0.00000323313938
1938,left road,1938,1.29500007629395,0.0,8.19999980926514,1.35000002384186,0.0,1.25,1.29500007629395,0.0,8.19999980926514,6.15136003494263,1.20477890968323,-1.33936309814453,6.12581872940063,1.19844257831573,-1.28919219970703,"(6.125819, 1.198443, -1.289192)",EyeArea,10.7719621658325,0.1,6.15136003494263,1.20477890968323,-1.33936309814453,0.00003628125675,90.3817622677577,0.00000323313938
1939,left road,1939,1.3950001001358,0.0,8.19999980926514,1.45000004768372,0.0,1.25,1.3950001001358,0.0,8.19999980926514,6.15136003494263,1.20477890968323,-1.33936309814453,6.12634611129761,1.1984429359436,-1.28919565677643,"(6.126346, 1.198443, -1.289196)",EyeArea,10.7272500991821,0.1,6.15136003494263,1.20477890968323,-1.33936309814453,0.00003628125675,90.3817622677577,0.00000323313938
1940,left road,1940,1.49500000476837,0.0,8.19999980926514,1.54999995231628,0.0,1.25,1.49500000476837,0.0,8.19999980926514,6.15136003494263,1.20477890968323,-1.33936309814453,6.12687397003174,1.19844341278076,-1.28919923305511,"(6.126874, 1.198443, -1.289199)",EyeArea,10.6832876205444,0.1,6.15136003494263,1.20477890968323,-1.33936309814453,0.00003628125675,90.3817622677577,0.00000323313938
1941,left road,1941,1.59500002861023,0.0,8.19999980926514,1.64999997615814,0.0,1.25,1.59500002861023,0.0,8.19999980926514,6.15136003494263,1.20477890968323,-1.33936309814453,6.12740182876587,1.19844388961792,-1.28920269012451,"(6.127402, 1.198444, -1.289203)",EyeArea,10.640082359314,0.1,6.15136003494263,1.20477890968323,-1.33936309814453,0.00003628125675,90.3817622677577,0.00000323313938
1942,left road,1942,1.69500005245209,0.0,8.19999980926514,1.75,0.0,1.25,1.69500005245209,0.0,8.19999980926514,6.15136003494263,1.20477890968323,-1.33936309814453,6.12792873382568,1.19844424724579,-1.2892062664032,"(6.127929, 1.198444, -1.289206)",EyeArea,10.5976448059082,0.1,6.15136003494263,1.20477890968323,-1.33936309814453,0.00003628125675,90.3817622677577,0.00000323313938
1943,left road,1943,1.79500007629395,0.0,8.19999980926514,1.85000002384186,0.0,1.25,1.79500007629395,0.0,8.19999980926514,6.15136003494263,1.20477890968323,-1.33936309814453,6.12845659255981,1.19844484329224,-1.2892097234726,"(6.128457, 1.198445, -1.28921)",EyeArea,10.5559844970703,0.1,6.15136003494263,1.20477890968323,-1.33936309814453,0.00003628125675,90.3817622677577,0.00000323313938
1944,left road,1944,1.8950001001358,0.0,8.19999980926514,1.95000004768372,0.0,1.25,1.8950001001358,0.0,8.19999980926514,6.15136003494263,1.20477890968323,-1.33936309814453,6.12898349761963,1.19844520092011,-1.28921329975128,"(6.128983, 1.198445, -1.289213)",EyeArea,10.5151100158691,0.1,6.15136003494263,1.20477890968323,-1.33936309814453,0.00003628125675,90.3817622677577,0.00000323313938
1945,left road,1945,1.99500000476837,0.0,8.19999980926514,2.04999995231628,0.0,1.25,1.99500000476837,0.0,8.19999980926514,6.15136003494263,1.20477890968323,-1.33936309814453,6.1295108795166,1.19844567775726,-1.28921675682068,"(6.129511, 1.198446, -1.289217)",EyeArea,10.4750308990479,0.1,6.15136003494263,1.20477890968323,-1.33936309814453,0.00003628125675,90.3817622677577,0.00000323313938
1946,left road,1946,2.09500002861023,0.0,8.19999980926514,2.15000009536743,0.0,1.25,2.09500002861023,0.0,8.19999980926514,6.15136003494263,1.20477890968323,-1.33936309814453,6.13003873825073,1.19844603538513,-1.28922033309937,"(6.130039, 1.198446, -1.28922)",EyeArea,10.4357557296753,0.1,6.15136003494263,1.20477890968323,-1.33936309814453,0.00003628125675,90.3817622677577,0.00000323313938
1947,left road,1947,2.1949999332428,0.0,8.19999980926514,2.25,0.0,1.25,2.1949999332428,0.0,8.19999980926514,6.15136003494263,1.20477890968323,-1.33936309814453,6.13056516647339,1.19844651222229,-1.28922379016876,"(6.130565, 1.198447, -1.289224)",EyeArea,10.3972940444946,0.1,6.15136003494263,1.20477890968323,-1.33936309814453,0.00003628125675,90.3817622677577,0.00000323313938
1948,left road,1948,2.29499983787537,0.0,8.19999980926514,2.34999990463257,0.0,1.25,2.29499983787537,0.0,8.19999980926514,6.15136003494263,1.20477890968323,-1.33936309814453,6.1310920715332,1.19844698905945,-1.28922736644745,"(6.131092, 1.198447, -1.289227)",EyeArea,10.3596544265747,0.1,6.15136003494263,1.20477890968323,-1.33936309814453,0.00003628125675,90.3817622677577,0.00000323313938
1949,left road,1949,2.39499998092651,0.0,8.19999980926514,2.45000004768372,0.0,1.25,2.39499998092651,0.0,8.19999980926514,6.15136003494263,1.20477890968323,-1.33936309814453,6.13161945343018,1.19844746589661,-1.28923082351685,"(6.131619, 1.198447, -1.289231)",EyeArea,10.322847366333,0.1,6.15136003494263,1.20477890968323,-1.33936309814453,0.00003628125675,90.3817622677577,0.00000323313938
1950,left road,1950,2.49499988555908,0.0,8.19999980926514,2.54999995231628,0.0,1.25,2.49499988555908,0.0,8.19999980926514,6.15136003494263,1.20477890968323,-1.33936309814453,6.13214635848999,1.19844782352448,-1.28923439979553,"(6.132146, 1.198448, -1.289234)",EyeArea,10.2868804931641,0.1,6.15136003494263,1.20477890968323,-1.33936309814453,0.00003628125675,90.3817622677577,0.00000323313938
1951,left road,1951,2.59500002861023,0.0,8.19999980926514,2.65000009536743,0.0,1.25,2.59500002861023,0.0,8.19999980926514,6.15136003494263,1.20477890968323,-1.33936309814453,6.13267278671265,1.19844830036163,-1.28923785686493,"(6.132673, 1.198448, -1.289238)",EyeArea,10.2517623901367,0.1,6.15136003494263,1.20477890968323,-1.33936309814453,0.00003628125675,90.3817622677577,0.00000323313938
1952,left road,1952,2.6949999332428,0.0,8.19999980926514,2.75,0.0,1.25,2.6949999332428,0.0,8.19999980926514,6.15136003494263,1.20477890968323,-1.33936309814453,6.13319969177246,1.19844877719879,-1.28924131393433,"(6.1332, 1.198449, -1.289241)",EyeArea,10.2175025939941,0.1,6.15136003494263,1.20477890968323,-1.33936309814453,0.00003628125675,90.3817622677577,0.00000323313938
1953,left road,1953,2.79499983787537,0.0,8.19999980926514,2.84999990463257,0.0,1.25,2.79499983787537,0.0,8.19999980926514,6.15136003494263,1.20477890968323,-1.33936309814453,6.13372611999512,1.19844913482666,-1.28924489021301,"(6.133726, 1.198449, -1.289245)",EyeArea,10.1841096878052,0.1,6.15136003494263,1.20477890968323,-1.33936309814453,0.00003628125675,90.3817622677577,0.00000323313938
1954,left road,1954,2.89499998092651,0.0,8.19999980926514,2.95000004768372,0.0,1.25,2.89499998092651,0.0,8.19999980926514,6.15136003494263,1.20477890968323,-1.33936309814453,6.13425254821777,1.19844961166382,-1.28924834728241,"(6.134253, 1.19845, -1.289248)",EyeArea,10.1515922546387,0.1,6.15136003494263,1.20477890968323,-1.33936309814453,0.00003628125675,90.3817622677577,0.00000323313938
1955,left road,1955,2.99499988555908,0.0,8.19999980926514,3.04999995231628,0.0,1.25,2.99499988555908,0.0,8.19999980926514,6.15136003494263,1.20477890968323,-1.33936309814453,6.13477945327759,1.19845008850098,-1.2892519235611,"(6.134779, 1.19845, -1.289252)",EyeArea,10.1199579238892,0.1,6.15136003494263,1.20477890968323,-1.33936309814453,0.00003628125675,90.3817622677577,0.00000323313938
1956,left road,1956,3.09500002861023,0.0,8.19999980926514,3.15000009536743,0.0,1.25,3.09500002861023,0.0,8.19999980926514,6.15136003494263,1.20477890968323,-1.33936309814453,6.13530588150024,1.19845056533813,-1.28925538063049,"(6.135306, 1.198451, -1.289255)",EyeArea,10.0892152786255,0.1,6.15136003494263,1.20477890968323,-1.33936309814453,0.00003628125675,90.3817622677577,0.00000323313938
1957,left road,1957,3.1949999332428,0.0,8.19999980926514,3.25,0.0,1.25,3.1949999332428,0.0,8.19999980926514,6.15136003494263,1.20477890968323,-1.33936309814453,6.1358323097229,1.198450922966,-1.28925895690918,"(6.135832, 1.198451, -1.289259)",EyeArea,10.0593738555908,0.1,6.15136003494263,1.20477890968323,-1.33936309814453,0.00003628125675,90.3817622677577,0.00000323313938
1958,left road,1958,3.29499983787537,0.0,8.19999980926514,3.34999990463257,0.0,1.25,3.29499983787537,0.0,8.19999980926514,6.15136003494263,1.20477890968323,-1.33936309814453,6.1363582611084,1.19845139980316,-1.28926241397858,"(6.136358, 1.198451, -1.289262)",EyeArea,10.0304403305054,0.1,6.15136003494263,1.20477890968323,-1.33936309814453,0.00003628125675,90.3817622677577,0.00000323313938
1959,left road,1959,3.39499998092651,0.0,8.19999980926514,3.45000004768372,0.0,1.25,3.39499998092651,0.0,8.19999980926514,6.15136003494263,1.20477890968323,-1.33936309814453,6.13688468933105,1.19845187664032,-1.28926587104797,"(6.136885, 1.198452, -1.289266)",EyeArea,10.0024223327637,0.1,6.15136003494263,1.20477890968323,-1.33936309814453,0.00003628125675,90.3817622677577,0.00000323313938
1960,left road,1960,-3.50500011444092,0.0,8.30000019073486,-3.45000004768372,0.0,1.35000002384186,-3.50500011444092,0.0,8.30000019073486,6.15136003494263,1.20477890968323,-1.33936309814453,5.61749219894409,1.13817071914673,-0.80643492937088,"(5.617492, 1.138171, -0.806435)",truck body CS,13.6972303390503,0.1,6.15136003494263,1.20477890968323,-1.33936309814453,0.00003628125675,90.3817622677577,0.00000323313938
1961,left road,1961,-3.40499997138977,0.0,8.30000019073486,-3.34999990463257,0.0,1.35000002384186,-3.40499997138977,0.0,8.30000019073486,6.15136003494263,1.20477890968323,-1.33936309814453,5.6177864074707,1.13751077651978,-0.80115449428558,"(5.617786, 1.137511, -0.801154)",truck body CS,13.6269159317017,0.1,6.15136003494263,1.20477890968323,-1.33936309814453,0.00003628125675,90.3817622677577,0.00000323313938
1962,left road,1962,-3.3050000667572,0.0,8.30000019073486,-3.25,0.0,1.35000002384186,-3.3050000667572,0.0,8.30000019073486,6.15136003494263,1.20477890968323,-1.33936309814453,5.61913442611694,1.13697123527527,-0.79683810472488,"(5.619134, 1.136971, -0.796838)",truck body CS,13.5569744110107,0.1,6.15136003494263,1.20477890968323,-1.33936309814453,0.00003628125675,90.3817622677577,0.00000323313938
1963,left road,1963,-3.20500016212463,0.0,8.30000019073486,-3.15000009536743,0.0,1.35000002384186,-3.20500016212463,0.0,8.30000019073486,6.15136003494263,1.20477890968323,-1.33936309814453,5.62108039855957,1.13649702072144,-0.79304385185242,"(5.62108, 1.136497, -0.793044)",truck body CS,13.4874134063721,0.1,6.15136003494263,1.20477890968323,-1.33936309814453,0.00003628125675,90.3817622677577,0.00000323313938
1964,left road,1964,-3.10500001907349,0.0,8.30000019073486,-3.04999995231628,0.0,1.35000002384186,-3.10500001907349,0.0,8.30000019073486,6.15136003494263,1.20477890968323,-1.33936309814453,5.62305402755737,1.13601636886597,-0.78919857740402,"(5.623054, 1.136016, -0.789199)",truck body CS,13.41823387146,0.1,6.15136003494263,1.20477890968323,-1.33936309814453,0.00003628125675,90.3817622677577,0.00000323313938
1965,left road,1965,-3.00500011444092,0.0,8.30000019073486,-2.95000004768372,0.0,1.35000002384186,-3.00500011444092,0.0,8.30000019073486,6.15136003494263,1.20477890968323,-1.33936309814453,5.62505626678467,1.1355288028717,-0.78529727458954,"(5.625056, 1.135529, -0.785297)",truck body CS,13.3494482040405,0.1,6.15136003494263,1.20477890968323,-1.33936309814453,0.00003628125675,90.3817622677577,0.00000323313938
1966,left road,1966,-2.90499997138977,0.0,8.30000019073486,-2.84999990463257,0.0,1.35000002384186,-2.90499997138977,0.0,8.30000019073486,6.15136003494263,1.20477890968323,-1.33936309814453,5.62708568572998,1.13503396511078,-0.78133881092072,"(5.627086, 1.135034, -0.781339)",truck body CS,13.2810573577881,0.1,6.15136003494263,1.20477890968323,-1.33936309814453,0.00003628125675,90.3817622677577,0.00000323313938
1967,left road,1967,-2.8050000667572,0.0,8.30000019073486,-2.75,0.0,1.35000002384186,-2.8050000667572,0.0,8.30000019073486,6.15136003494263,1.20477890968323,-1.33936309814453,5.62914657592773,1.13453269004822,-0.77732682228088,"(5.629147, 1.134533, -0.777327)",truck body CS,13.2130699157715,0.1,6.15136003494263,1.20477890968323,-1.33936309814453,0.00003628125675,90.3817622677577,0.00000323313938
1968,left road,1968,-2.70500016212463,0.0,8.30000019073486,-2.65000009536743,0.0,1.35000002384186,-2.70500016212463,0.0,8.30000019073486,6.15136003494263,1.20477890968323,-1.33936309814453,5.63123798370361,1.13402390480042,-0.77325648069382,"(5.631238, 1.134024, -0.773256)",truck body CS,13.1454916000366,0.1,6.15136003494263,1.20477890968323,-1.33936309814453,0.00003628125675,90.3817622677577,0.00000323313938
1969,left road,1969,-2.60500001907349,0.0,8.30000019073486,-2.54999995231628,0.0,1.35000002384186,-2.60500001907349,0.0,8.30000019073486,6.15136003494263,1.20477890968323,-1.33936309814453,5.63335466384888,1.13350713253021,-0.76912152767181,"(5.633355, 1.133507, -0.769122)",truck body CS,13.0783281326294,0.1,6.15136003494263,1.20477890968323,-1.33936309814453,0.00003628125675,90.3817622677577,0.00000323313938
1970,left road,1970,-2.50500011444092,0.0,8.30000019073486,-2.45000004768372,0.0,1.35000002384186,-2.50500011444092,0.0,8.30000019073486,6.15136003494263,1.20477890968323,-1.33936309814453,5.63550662994385,1.13298320770264,-0.76492953300476,"(5.635507, 1.132983, -0.76493)",truck body CS,13.0115871429443,0.1,6.15136003494263,1.20477890968323,-1.33936309814453,0.00003628125675,90.3817622677577,0.00000323313938
1971,left road,1971,-2.40499997138977,0.0,8.30000019073486,-2.34999990463257,0.0,1.35000002384186,-2.40499997138977,0.0,8.30000019073486,6.15136003494263,1.20477890968323,-1.33936309814453,5.63769054412842,1.13245153427124,-0.76067608594894,"(5.637691, 1.132452, -0.760676)",truck body CS,12.9452743530273,0.1,6.15136003494263,1.20477890968323,-1.33936309814453,0.00003628125675,90.3817622677577,0.00000323313938
1972,left road,1972,-2.3050000667572,0.0,8.30000019073486,-2.25,0.0,1.35000002384186,-2.3050000667572,0.0,8.30000019073486,6.15136003494263,1.20477890968323,-1.33936309814453,5.63990497589111,1.13191187381744,-0.75635874271393,"(5.639905, 1.131912, -0.756359)",truck body CS,12.8793964385986,0.1,6.15136003494263,1.20477890968323,-1.33936309814453,0.00003628125675,90.3817622677577,0.00000323313938
1973,left road,1973,-2.20500016212463,0.0,8.30000019073486,-2.15000009536743,0.0,1.35000002384186,-2.20500016212463,0.0,8.30000019073486,6.15136003494263,1.20477890968323,-1.33936309814453,5.64215469360352,1.13136410713196,-0.75197631120682,"(5.642155, 1.131364, -0.751976)",truck body CS,12.8139600753784,0.1,6.15136003494263,1.20477890968323,-1.33936309814453,0.00003628125675,90.3817622677577,0.00000323313938
1974,left road,1974,-2.10500001907349,0.0,8.30000019073486,-2.04999995231628,0.0,1.35000002384186,-2.10500001907349,0.0,8.30000019073486,6.15136003494263,1.20477890968323,-1.33936309814453,5.64501285552979,1.13089203834534,-0.74819976091385,"(5.645013, 1.130892, -0.7482)",truck body CS,12.7489728927612,0.1,6.15136003494263,1.20477890968323,-1.33936309814453,0.00003628125675,90.3817622677577,0.00000323313938
1975,left road,1975,-2.00500011444092,0.0,8.30000019073486,-1.95000004768372,0.0,1.35000002384186,-2.00500011444092,0.0,8.30000019073486,6.15136003494263,1.20477890968323,-1.33936309814453,5.64811420440674,1.13044404983521,-0.74461585283279,"(5.648114, 1.130444, -0.744616)",truck body CS,12.6844415664673,0.1,6.15136003494263,1.20477890968323,-1.33936309814453,0.00003628125675,90.3817622677577,0.00000323313938
1976,left road,1976,-1.90499997138977,0.0,8.30000019073486,-1.85000002384186,0.0,1.35000002384186,-1.90499997138977,0.0,8.30000019073486,6.15136003494263,1.20477890968323,-1.33936309814453,5.65125274658203,1.12999081611633,-0.74098885059357,"(5.651253, 1.129991, -0.740989)",truck body CS,12.6203708648682,0.1,6.15136003494263,1.20477890968323,-1.33936309814453,0.00003628125675,90.3817622677577,0.00000323313938
1977,left road,1977,-1.80499994754791,0.0,8.30000019073486,-1.75,0.0,1.35000002384186,-1.80499994754791,0.0,8.30000019073486,6.15136003494263,1.20477890968323,-1.33936309814453,5.65442705154419,1.12953162193298,-0.73731446266174,"(5.654427, 1.129532, -0.737314)",truck body CS,12.556770324707,0.1,6.15136003494263,1.20477890968323,-1.33936309814453,0.00003628125675,90.3817622677577,0.00000323313938
1978,left road,1978,-1.70499992370605,0.0,8.30000019073486,-1.64999997615814,0.0,1.35000002384186,-1.70499992370605,0.0,8.30000019073486,6.15136003494263,1.20477890968323,-1.33936309814453,5.65764427185059,1.12906718254089,-0.73359829187393,"(5.657644, 1.129067, -0.733598)",truck body CS,12.4936466217041,0.1,6.15136003494263,1.20477890968323,-1.33936309814453,0.00003628125675,90.3817622677577,0.00000323313938
1979,left road,1979,-1.6049998998642,0.0,8.30000019073486,-1.54999995231628,0.0,1.35000002384186,-1.6049998998642,0.0,8.30000019073486,6.15136003494263,1.20477890968323,-1.33936309814453,5.66089868545532,1.12859678268433,-0.72983413934708,"(5.660899, 1.128597, -0.729834)",truck body CS,12.4310073852539,0.1,6.15136003494263,1.20477890968323,-1.33936309814453,0.00003628125675,90.3817622677577,0.00000323313938
1980,left road,1980,-1.50499999523163,0.0,8.30000019073486,-1.45000004768372,0.0,1.35000002384186,-1.50499999523163,0.0,8.30000019073486,6.15136003494263,1.20477890968323,-1.33936309814453,5.6641960144043,1.12812042236328,-0.72602391242981,"(5.664196, 1.12812, -0.726024)",truck body CS,12.3688592910767,0.1,6.15136003494263,1.20477890968323,-1.33936309814453,0.00003628125675,90.3817622677577,0.00000323313938
1981,left road,1981,-1.40499997138977,0.0,8.30000019073486,-1.35000002384186,0.0,1.35000002384186,-1.40499997138977,0.0,8.30000019073486,6.15136003494263,1.20477890968323,-1.33936309814453,5.66840362548828,1.1277768611908,-0.72327435016632,"(5.668404, 1.127777, -0.723274)",truck body CS,12.3072099685669,0.1,6.15136003494263,1.20477890968323,-1.33936309814453,0.00003628125675,90.3817622677577,0.00000323313938
1982,left road,1982,-1.30499994754791,0.0,8.30000019073486,-1.25,0.0,1.35000002384186,-1.30499994754791,0.0,8.30000019073486,6.15136003494263,1.20477890968323,-1.33936309814453,5.67536926269531,1.12786960601807,-0.72401714324951,"(5.675369, 1.12787, -0.724017)",truck body CS,12.2460660934448,0.1,6.15136003494263,1.20477890968323,-1.33936309814453,0.00003628125675,90.3817622677577,0.00000323313938
1983,left road,1983,-1.20499992370605,0.0,8.30000019073486,-1.14999997615814,0.0,1.35000002384186,-1.20499992370605,0.0,8.30000019073486,6.15136003494263,1.20477890968323,-1.33936309814453,5.6815128326416,1.12783026695251,-0.72370219230652,"(5.681513, 1.12783, -0.723702)",truck body CS,12.1854362487793,0.1,6.15136003494263,1.20477890968323,-1.33936309814453,0.00003628125675,90.3817622677577,0.00000323313938
1984,left road,1984,-1.1049998998642,0.0,8.30000019073486,-1.04999995231628,0.0,1.35000002384186,-1.1049998998642,0.0,8.30000019073486,6.15136003494263,1.20477890968323,-1.33936309814453,5.68766641616821,1.1277916431427,-0.72339224815369,"(5.687666, 1.127792, -0.723392)",truck body CS,12.1253280639648,0.1,6.15136003494263,1.20477890968323,-1.33936309814453,0.00003628125675,90.3817622677577,0.00000323313938
1985,left road,1985,-1.00499999523163,0.0,8.30000019073486,-0.94999998807907,0.0,1.35000002384186,-1.00499999523163,0.0,8.30000019073486,6.15136003494263,1.20477890968323,-1.33936309814453,5.69464874267578,1.12789130210876,-0.7241895198822,"(5.694649, 1.127891, -0.72419)",truck body CS,12.065749168396,0.1,6.15136003494263,1.20477890968323,-1.33936309814453,0.00003628125675,90.3817622677577,0.00000323313938
1986,left road,1986,-0.90500003099442,0.0,8.30000019073486,-0.85000002384186,0.0,1.35000002384186,-0.90500003099442,0.0,8.30000019073486,6.15136003494263,1.20477890968323,-1.33936309814453,6.11457824707031,1.19849896430969,-1.28911733627319,"(6.114578, 1.198499, -1.289117)",EyeArea,12.0067081451416,0.1,6.15136003494263,1.20477890968323,-1.33936309814453,0.00003628125675,90.3817622677577,0.00000323313938
1987,left road,1987,-0.80500000715256,0.0,8.30000019073486,-0.75,0.0,1.35000002384186,-0.80500000715256,0.0,8.30000019073486,6.15136003494263,1.20477890968323,-1.33936309814453,6.11510229110718,1.19849932193756,-1.28912079334259,"(6.115102, 1.198499, -1.289121)",EyeArea,11.9482116699219,0.1,6.15136003494263,1.20477890968323,-1.33936309814453,0.00003628125675,90.3817622677577,0.00000323313938
1988,left road,1988,-0.7049999833107,0.0,8.30000019073486,-0.64999997615814,0.0,1.35000002384186,-0.7049999833107,0.0,8.30000019073486,6.15136003494263,1.20477890968323,-1.33936309814453,6.11562585830688,1.19849979877472,-1.28912425041199,"(6.115626, 1.1985, -1.289124)",EyeArea,11.89026927948,0.1,6.15136003494263,1.20477890968323,-1.33936309814453,0.00003628125675,90.3817622677577,0.00000323313938
1989,left road,1989,-0.60500001907349,0.0,8.30000019073486,-0.55000001192093,0.0,1.35000002384186,-0.60500001907349,0.0,8.30000019073486,6.15136003494263,1.20477890968323,-1.33936309814453,6.11614942550659,1.19850027561188,-1.28912770748138,"(6.116149, 1.1985, -1.289128)",EyeArea,11.8328866958618,0.1,6.15136003494263,1.20477890968323,-1.33936309814453,0.00003628125675,90.3817622677577,0.00000323313938
1990,left road,1990,-0.50499999523163,0.0,8.30000019073486,-0.44999998807907,0.0,1.35000002384186,-0.50499999523163,0.0,8.30000019073486,6.15136003494263,1.20477890968323,-1.33936309814453,6.1166729927063,1.19850063323975,-1.28913128376007,"(6.116673, 1.198501, -1.289131)",EyeArea,11.7760753631592,0.1,6.15136003494263,1.20477890968323,-1.33936309814453,0.00003628125675,90.3817622677577,0.00000323313938
1991,left road,1991,-0.40500000119209,0.0,8.30000019073486,-0.34999999403954,0.0,1.35000002384186,-0.40500000119209,0.0,8.30000019073486,6.15136003494263,1.20477890968323,-1.33936309814453,6.11719655990601,1.1985011100769,-1.28913474082947,"(6.117197, 1.198501, -1.289135)",EyeArea,11.719841003418,0.1,6.15136003494263,1.20477890968323,-1.33936309814453,0.00003628125675,90.3817622677577,0.00000323313938
1992,left road,1992,-0.30500000715256,0.0,8.30000019073486,-0.25,0.0,1.35000002384186,-0.30500000715256,0.0,8.30000019073486,6.15136003494263,1.20477890968323,-1.33936309814453,6.11771965026855,1.19850146770477,-1.28913819789886,"(6.11772, 1.198501, -1.289138)",EyeArea,11.6641931533813,0.1,6.15136003494263,1.20477890968323,-1.33936309814453,0.00003628125675,90.3817622677577,0.00000323313938
1993,left road,1993,-0.20500001311302,0.0,8.30000019073486,-0.15000000596046,0.0,1.35000002384186,-0.20500001311302,0.0,8.30000019073486,6.15136003494263,1.20477890968323,-1.33936309814453,6.11824321746826,1.19850194454193,-1.28914165496826,"(6.118243, 1.198502, -1.289142)",EyeArea,11.6091394424438,0.1,6.15136003494263,1.20477890968323,-1.33936309814453,0.00003628125675,90.3817622677577,0.00000323313938
1994,left road,1994,-0.10500000417233,0.0,8.30000019073486,-0.05000000074506,0.0,1.35000002384186,-0.10500000417233,0.0,8.30000019073486,6.15136003494263,1.20477890968323,-1.33936309814453,6.11876630783081,1.19850242137909,-1.28914523124695,"(6.118766, 1.198502, -1.289145)",EyeArea,11.5546903610229,0.1,6.15136003494263,1.20477890968323,-1.33936309814453,0.00003628125675,90.3817622677577,0.00000323313938
1995,left road,1995,-0.00499999895692,0.0,8.30000019073486,0.05000000074506,0.0,1.35000002384186,-0.00499999895692,0.0,8.30000019073486,6.15136003494263,1.20477890968323,-1.33936309814453,6.11928939819336,1.19850277900696,-1.28914868831635,"(6.119289, 1.198503, -1.289149)",EyeArea,11.5008516311646,0.1,6.15136003494263,1.20477890968323,-1.33936309814453,0.00003628125675,90.3817622677577,0.00000323313938
1996,left road,1996,0.09500000625849,0.0,8.30000019073486,0.15000000596046,0.0,1.35000002384186,0.09500000625849,0.0,8.30000019073486,6.15136003494263,1.20477890968323,-1.33936309814453,6.11981248855591,1.19850325584412,-1.28915214538574,"(6.119812, 1.198503, -1.289152)",EyeArea,11.4476337432861,0.1,6.15136003494263,1.20477890968323,-1.33936309814453,0.00003628125675,90.3817622677577,0.00000323313938
1997,left road,1997,0.19499999284744,0.0,8.30000019073486,0.25,0.0,1.35000002384186,0.19499999284744,0.0,8.30000019073486,6.15136003494263,1.20477890968323,-1.33936309814453,6.12033557891846,1.19850361347198,-1.28915560245514,"(6.120336, 1.198504, -1.289156)",EyeArea,11.3950443267822,0.1,6.15136003494263,1.20477890968323,-1.33936309814453,0.00003628125675,90.3817622677577,0.00000323313938
1998,left road,1998,0.29499998688698,0.0,8.30000019073486,0.34999999403954,0.0,1.35000002384186,0.29499998688698,0.0,8.30000019073486,6.15136003494263,1.20477890968323,-1.33936309814453,6.12085914611816,1.19850420951843,-1.28915917873383,"(6.120859, 1.198504, -1.289159)",EyeArea,11.3430938720703,0.1,6.15136003494263,1.20477890968323,-1.33936309814453,0.00003628125675,90.3817622677577,0.00000323313938
1999,left road,1999,0.39499998092651,0.0,8.30000019073486,0.44999998807907,0.0,1.35000002384186,0.39499998092651,0.0,8.30000019073486,6.15136003494263,1.20477890968323,-1.33936309814453,6.12138175964355,1.1985045671463,-1.28916263580322,"(6.121382, 1.198505, -1.289163)",EyeArea,11.2917890548706,0.1,6.15136003494263,1.20477890968323,-1.33936309814453,0.00003628125675,90.3817622677577,0.00000323313938
2000,left road,2000,0.49500000476837,0.0,8.30000019073486,0.55000001192093,0.0,1.35000002384186,0.49500000476837,0.0,8.30000019073486,6.15136003494263,1.20477890968323,-1.33936309814453,6.1219048500061,1.19850504398346,-1.28916609287262,"(6.121905, 1.198505, -1.289166)",EyeArea,11.2411403656006,0.1,6.15136003494263,1.20477890968323,-1.33936309814453,0.00003628125675,90.3817622677577,0.00000323313938
2001,left road,2001,0.59499996900558,0.0,8.30000019073486,0.64999997615814,0.0,1.35000002384186,0.59499996900558,0.0,8.30000019073486,6.15136003494263,1.20477890968323,-1.33936309814453,6.12242746353149,1.19850552082062,-1.28916954994202,"(6.122427, 1.198506, -1.28917)",EyeArea,11.1911554336548,0.1,6.15136003494263,1.20477890968323,-1.33936309814453,0.00003628125675,90.3817622677577,0.00000323313938
2002,left road,2002,0.69499999284744,0.0,8.30000019073486,0.75,0.0,1.35000002384186,0.69499999284744,0.0,8.30000019073486,6.15136003494263,1.20477890968323,-1.33936309814453,6.12295007705688,1.19850587844849,-1.2891731262207,"(6.12295, 1.198506, -1.289173)",EyeArea,11.1418437957764,0.1,6.15136003494263,1.20477890968323,-1.33936309814453,0.00003628125675,90.3817622677577,0.00000323313938
2003,left road,2003,0.7950000166893,0.0,8.30000019073486,0.85000002384186,0.0,1.35000002384186,0.7950000166893,0.0,8.30000019073486,6.15136003494263,1.20477890968323,-1.33936309814453,6.12347269058228,1.19850635528564,-1.2891765832901,"(6.123473, 1.198506, -1.289177)",EyeArea,11.0932149887085,0.1,6.15136003494263,1.20477890968323,-1.33936309814453,0.00003628125675,90.3817622677577,0.00000323313938
2004,left road,2004,0.89499998092651,0.0,8.30000019073486,0.94999998807907,0.0,1.35000002384186,0.89499998092651,0.0,8.30000019073486,6.15136003494263,1.20477890968323,-1.33936309814453,6.12399530410767,1.19850671291351,-1.2891800403595,"(6.123995, 1.198507, -1.28918)",EyeArea,11.0452766418457,0.1,6.15136003494263,1.20477890968323,-1.33936309814453,0.00003628125675,90.3817622677577,0.00000323313938
2005,left road,2005,0.99499994516373,0.0,8.30000019073486,1.04999995231628,0.0,1.35000002384186,0.99499994516373,0.0,8.30000019073486,6.15136003494263,1.20477890968323,-1.33936309814453,6.12451791763306,1.19850718975067,-1.28918349742889,"(6.124518, 1.198507, -1.289183)",EyeArea,10.9980392456055,0.1,6.15136003494263,1.20477890968323,-1.33936309814453,0.00003628125675,90.3817622677577,0.00000323313938
2006,left road,2006,1.09500002861023,0.0,8.30000019073486,1.14999997615814,0.0,1.35000002384186,1.09500002861023,0.0,8.30000019073486,6.15136003494263,1.20477890968323,-1.33936309814453,6.12504053115845,1.19850766658783,-1.28918695449829,"(6.125041, 1.198508, -1.289187)",EyeArea,10.9515113830566,0.1,6.15136003494263,1.20477890968323,-1.33936309814453,0.00003628125675,90.3817622677577,0.00000323313938
2007,left road,2007,1.19500005245209,0.0,8.30000019073486,1.25,0.0,1.35000002384186,1.19500005245209,0.0,8.30000019073486,6.15136003494263,1.20477890968323,-1.33936309814453,6.12556219100952,1.1985080242157,-1.28919053077698,"(6.125562, 1.198508, -1.289191)",EyeArea,10.9057016372681,0.1,6.15136003494263,1.20477890968323,-1.33936309814453,0.00003628125675,90.3817622677577,0.00000323313938
2008,left road,2008,1.29500007629395,0.0,8.30000019073486,1.35000002384186,0.0,1.35000002384186,1.29500007629395,0.0,8.30000019073486,6.15136003494263,1.20477890968323,-1.33936309814453,6.12608432769775,1.19850850105286,-1.28919398784637,"(6.126084, 1.198509, -1.289194)",EyeArea,10.8606195449829,0.1,6.15136003494263,1.20477890968323,-1.33936309814453,0.00003628125675,90.3817622677577,0.00000323313938
2009,left road,2009,1.3950001001358,0.0,8.30000019073486,1.45000004768372,0.0,1.35000002384186,1.3950001001358,0.0,8.30000019073486,6.15136003494263,1.20477890968323,-1.33936309814453,6.12660646438599,1.19850885868073,-1.28919744491577,"(6.126606, 1.198509, -1.289197)",EyeArea,10.81627368927,0.1,6.15136003494263,1.20477890968323,-1.33936309814453,0.00003628125675,90.3817622677577,0.00000323313938
2010,left road,2010,1.49500000476837,0.0,8.30000019073486,1.54999995231628,0.0,1.35000002384186,1.49500000476837,0.0,8.30000019073486,6.15136003494263,1.20477890968323,-1.33936309814453,6.12712860107422,1.19850933551788,-1.28920090198517,"(6.127129, 1.198509, -1.289201)",EyeArea,10.7726736068726,0.1,6.15136003494263,1.20477890968323,-1.33936309814453,0.00003628125675,90.3817622677577,0.00000323313938
2011,left road,2011,1.59500002861023,0.0,8.30000019073486,1.64999997615814,0.0,1.35000002384186,1.59500002861023,0.0,8.30000019073486,6.15136003494263,1.20477890968323,-1.33936309814453,6.12765121459961,1.19850981235504,-1.28920435905457,"(6.127651, 1.19851, -1.289204)",EyeArea,10.729829788208,0.1,6.15136003494263,1.20477890968323,-1.33936309814453,0.00003628125675,90.3817622677577,0.00000323313938
2012,left road,2012,1.69500005245209,0.0,8.30000019073486,1.75,0.0,1.35000002384186,1.69500005245209,0.0,8.30000019073486,6.15136003494263,1.20477890968323,-1.33936309814453,6.12817239761353,1.19851016998291,-1.28920781612396,"(6.128172, 1.19851, -1.289208)",EyeArea,10.6877479553223,0.1,6.15136003494263,1.20477890968323,-1.33936309814453,0.00003628125675,90.3817622677577,0.00000323313938
2013,left road,2013,1.79500007629395,0.0,8.30000019073486,1.85000002384186,0.0,1.35000002384186,1.79500007629395,0.0,8.30000019073486,6.15136003494263,1.20477890968323,-1.33936309814453,6.12869453430176,1.19851064682007,-1.28921139240265,"(6.128695, 1.198511, -1.289211)",EyeArea,10.6464405059814,0.1,6.15136003494263,1.20477890968323,-1.33936309814453,0.00003628125675,90.3817622677577,0.00000323313938
2014,left road,2014,1.8950001001358,0.0,8.30000019073486,1.95000004768372,0.0,1.35000002384186,1.8950001001358,0.0,8.30000019073486,6.15136003494263,1.20477890968323,-1.33936309814453,6.12921619415283,1.19851112365723,-1.28921484947205,"(6.129216, 1.198511, -1.289215)",EyeArea,10.6059141159058,0.1,6.15136003494263,1.20477890968323,-1.33936309814453,0.00003628125675,90.3817622677577,0.00000323313938
2015,left road,2015,1.99500000476837,0.0,8.30000019073486,2.04999995231628,0.0,1.35000002384186,1.99500000476837,0.0,8.30000019073486,6.15136003494263,1.20477890968323,-1.33936309814453,6.12973785400391,1.1985114812851,-1.28921830654144,"(6.129738, 1.198511, -1.289218)",EyeArea,10.5661792755127,0.1,6.15136003494263,1.20477890968323,-1.33936309814453,0.00003628125675,90.3817622677577,0.00000323313938
2016,left road,2016,2.09500002861023,0.0,8.30000019073486,2.15000009536743,0.0,1.35000002384186,2.09500002861023,0.0,8.30000019073486,6.15136003494263,1.20477890968323,-1.33936309814453,6.1302604675293,1.19851195812225,-1.28922176361084,"(6.13026, 1.198512, -1.289222)",EyeArea,10.5272445678711,0.1,6.15136003494263,1.20477890968323,-1.33936309814453,0.00003628125675,90.3817622677577,0.00000323313938
2017,left road,2017,2.1949999332428,0.0,8.30000019073486,2.25,0.0,1.35000002384186,2.1949999332428,0.0,8.30000019073486,6.15136003494263,1.20477890968323,-1.33936309814453,6.13078165054321,1.19851243495941,-1.28922522068024,"(6.130782, 1.198512, -1.289225)",EyeArea,10.4891185760498,0.1,6.15136003494263,1.20477890968323,-1.33936309814453,0.00003628125675,90.3817622677577,0.00000323313938
2018,left road,2018,2.29499983787537,0.0,8.30000019073486,2.34999990463257,0.0,1.35000002384186,2.29499983787537,0.0,8.30000019073486,6.15136003494263,1.20477890968323,-1.33936309814453,6.13130331039429,1.19851291179657,-1.28922867774963,"(6.131303, 1.198513, -1.289229)",EyeArea,10.4518098831177,0.1,6.15136003494263,1.20477890968323,-1.33936309814453,0.00003628125675,90.3817622677577,0.00000323313938
2019,left road,2019,2.39499998092651,0.0,8.30000019073486,2.45000004768372,0.0,1.35000002384186,2.39499998092651,0.0,8.30000019073486,6.15136003494263,1.20477890968323,-1.33936309814453,6.1318244934082,1.19851326942444,-1.28923225402832,"(6.131824, 1.198513, -1.289232)",EyeArea,10.4153280258179,0.1,6.15136003494263,1.20477890968323,-1.33936309814453,0.00003628125675,90.3817622677577,0.00000323313938
2020,left road,2020,2.49499988555908,0.0,8.30000019073486,2.54999995231628,0.0,1.35000002384186,2.49499988555908,0.0,8.30000019073486,6.15136003494263,1.20477890968323,-1.33936309814453,6.13234615325928,1.1985137462616,-1.28923571109772,"(6.132346, 1.198514, -1.289236)",EyeArea,10.3796815872192,0.1,6.15136003494263,1.20477890968323,-1.33936309814453,0.00003628125675,90.3817622677577,0.00000323313938
2021,left road,2021,2.59500002861023,0.0,8.30000019073486,2.65000009536743,0.0,1.35000002384186,2.59500002861023,0.0,8.30000019073486,6.15136003494263,1.20477890968323,-1.33936309814453,6.13286733627319,1.19851410388947,-1.28923916816711,"(6.132867, 1.198514, -1.289239)",EyeArea,10.3448791503906,0.1,6.15136003494263,1.20477890968323,-1.33936309814453,0.00003628125675,90.3817622677577,0.00000323313938
2022,left road,2022,2.6949999332428,0.0,8.30000019073486,2.75,0.0,1.35000002384186,2.6949999332428,0.0,8.30000019073486,6.15136003494263,1.20477890968323,-1.33936309814453,6.13338851928711,1.19851458072662,-1.28924262523651,"(6.133389, 1.198515, -1.289243)",EyeArea,10.3109283447266,0.1,6.15136003494263,1.20477890968323,-1.33936309814453,0.00003628125675,90.3817622677577,0.00000323313938
2023,left road,2023,2.79499983787537,0.0,8.30000019073486,2.84999990463257,0.0,1.35000002384186,2.79499983787537,0.0,8.30000019073486,6.15136003494263,1.20477890968323,-1.33936309814453,6.13390970230103,1.19851505756378,-1.28924608230591,"(6.13391, 1.198515, -1.289246)",EyeArea,10.2778387069702,0.1,6.15136003494263,1.20477890968323,-1.33936309814453,0.00003628125675,90.3817622677577,0.00000323313938
2024,left road,2024,2.89499998092651,0.0,8.30000019073486,2.95000004768372,0.0,1.35000002384186,2.89499998092651,0.0,8.30000019073486,6.15136003494263,1.20477890968323,-1.33936309814453,6.13443088531494,1.19851541519165,-1.28924953937531,"(6.134431, 1.198515, -1.28925)",EyeArea,10.2456188201904,0.1,6.15136003494263,1.20477890968323,-1.33936309814453,0.00003628125675,90.3817622677577,0.00000323313938
2025,left road,2025,2.99499988555908,0.0,8.30000019073486,3.04999995231628,0.0,1.35000002384186,2.99499988555908,0.0,8.30000019073486,6.15136003494263,1.20477890968323,-1.33936309814453,6.1349515914917,1.19851589202881,-1.2892529964447,"(6.134952, 1.198516, -1.289253)",EyeArea,10.2142753601074,0.1,6.15136003494263,1.20477890968323,-1.33936309814453,0.00003628125675,90.3817622677577,0.00000323313938
2026,left road,2026,3.09500002861023,0.0,8.30000019073486,3.15000009536743,0.0,1.35000002384186,3.09500002861023,0.0,8.30000019073486,6.15136003494263,1.20477890968323,-1.33936309814453,6.13547277450562,1.19851636886597,-1.28925657272339,"(6.135473, 1.198516, -1.289257)",EyeArea,10.1838188171387,0.1,6.15136003494263,1.20477890968323,-1.33936309814453,0.00003628125675,90.3817622677577,0.00000323313938
2027,left road,2027,3.1949999332428,0.0,8.30000019073486,3.25,0.0,1.35000002384186,3.1949999332428,0.0,8.30000019073486,6.15136003494263,1.20477890968323,-1.33936309814453,6.13599348068237,1.19851672649384,-1.28926002979279,"(6.135993, 1.198517, -1.28926)",EyeArea,10.1542549133301,0.1,6.15136003494263,1.20477890968323,-1.33936309814453,0.00003628125675,90.3817622677577,0.00000323313938
2028,left road,2028,3.29499983787537,0.0,8.30000019073486,3.34999990463257,0.0,1.35000002384186,3.29499983787537,0.0,8.30000019073486,6.15136003494263,1.20477890968323,-1.33936309814453,6.13651418685913,1.19851720333099,-1.28926348686218,"(6.136514, 1.198517, -1.289263)",EyeArea,10.1255922317505,0.1,6.15136003494263,1.20477890968323,-1.33936309814453,0.00003628125675,90.3817622677577,0.00000323313938
2029,left road,2029,3.39499998092651,0.0,8.30000019073486,3.45000004768372,0.0,1.35000002384186,3.39499998092651,0.0,8.30000019073486,6.15136003494263,1.20477890968323,-1.33936309814453,6.13703489303589,1.19851756095886,-1.28926694393158,"(6.137035, 1.198518, -1.289267)",EyeArea,10.0978384017944,0.1,6.15136003494263,1.20477890968323,-1.33936309814453,0.00003628125675,90.3817622677577,0.00000323313938
2030,left road,2030,-3.50500011444092,0.0,8.39999961853027,-3.45000004768372,0.0,1.45000004768372,-3.50500011444092,0.0,8.39999961853027,6.15136003494263,1.20477890968323,-1.33936309814453,5.61927366256714,1.13839292526245,-0.80270302295685,"(5.619274, 1.138393, -0.802703)",truck body CS,13.7677869796753,0.1,6.15136003494263,1.20477890968323,-1.33936309814453,0.00003628125675,90.3817622677577,0.00000323313938
2031,left road,2031,-3.40499997138977,0.0,8.39999961853027,-3.34999990463257,0.0,1.45000004768372,-3.40499997138977,0.0,8.39999961853027,6.15136003494263,1.20477890968323,-1.33936309814453,5.62060737609863,1.13786637783051,-0.79844635725021,"(5.620607, 1.137866, -0.798446)",truck body CS,13.6978359222412,0.1,6.15136003494263,1.20477890968323,-1.33936309814453,0.00003628125675,90.3817622677577,0.00000323313938
2032,left road,2032,-3.3050000667572,0.0,8.39999961853027,-3.25,0.0,1.45000004768372,-3.3050000667572,0.0,8.39999961853027,6.15136003494263,1.20477890968323,-1.33936309814453,5.62253904342651,1.13740503787994,-0.79471611976624,"(5.622539, 1.137405, -0.794716)",truck body CS,13.6282587051392,0.1,6.15136003494263,1.20477890968323,-1.33936309814453,0.00003628125675,90.3817622677577,0.00000323313938
2033,left road,2033,-3.20500016212463,0.0,8.39999961853027,-3.15000009536743,0.0,1.45000004768372,-3.20500016212463,0.0,8.39999961853027,6.15136003494263,1.20477890968323,-1.33936309814453,5.62449645996094,1.13693690299988,-0.79093170166016,"(5.624496, 1.136937, -0.790932)",truck body CS,13.5590620040894,0.1,6.15136003494263,1.20477890968323,-1.33936309814453,0.00003628125675,90.3817622677577,0.00000323313938
2034,left road,2034,-3.10500001907349,0.0,8.39999961853027,-3.04999995231628,0.0,1.45000004768372,-3.10500001907349,0.0,8.39999961853027,6.15136003494263,1.20477890968323,-1.33936309814453,5.62648057937622,1.13646221160889,-0.78709560632706,"(5.626481, 1.136462, -0.787096)",truck body CS,13.4902515411377,0.1,6.15136003494263,1.20477890968323,-1.33936309814453,0.00003628125675,90.3817622677577,0.00000323313938
2035,left road,2035,-3.00500011444092,0.0,8.39999961853027,-2.95000004768372,0.0,1.45000004768372,-3.00500011444092,0.0,8.39999961853027,6.15136003494263,1.20477890968323,-1.33936309814453,5.62849283218384,1.13598084449768,-0.78320473432541,"(5.628493, 1.135981, -0.783205)",truck body CS,13.4218339920044,0.1,6.15136003494263,1.20477890968323,-1.33936309814453,0.00003628125675,90.3817622677577,0.00000323313938
2036,left road,2036,-2.90499997138977,0.0,8.39999961853027,-2.84999990463257,0.0,1.45000004768372,-2.90499997138977,0.0,8.39999961853027,6.15136003494263,1.20477890968323,-1.33936309814453,5.63053464889526,1.13549280166626,-0.77925860881805,"(5.630535, 1.135493, -0.779259)",truck body CS,13.353814125061,0.1,6.15136003494263,1.20477890968323,-1.33936309814453,0.00003628125675,90.3817622677577,0.00000323313938
2037,left road,2037,-2.8050000667572,0.0,8.39999961853027,-2.75,0.0,1.45000004768372,-2.8050000667572,0.0,8.39999961853027,6.15136003494263,1.20477890968323,-1.33936309814453,5.63260793685913,1.1349983215332,-0.77526009082794,"(5.632608, 1.134998, -0.77526)",truck body CS,13.2861986160278,0.1,6.15136003494263,1.20477890968323,-1.33936309814453,0.00003628125675,90.3817622677577,0.00000323313938
2038,left road,2038,-2.70500016212463,0.0,8.39999961853027,-2.65000009536743,0.0,1.45000004768372,-2.70500016212463,0.0,8.39999961853027,6.15136003494263,1.20477890968323,-1.33936309814453,5.63470554351807,1.13449549674988,-0.77119654417038,"(5.634706, 1.134495, -0.771197)",truck body CS,13.2189931869507,0.1,6.15136003494263,1.20477890968323,-1.33936309814453,0.00003628125675,90.3817622677577,0.00000323313938
2039,left road,2039,-2.60500001907349,0.0,8.39999961853027,-2.54999995231628,0.0,1.45000004768372,-2.60500001907349,0.0,8.39999961853027,6.15136003494263,1.20477890968323,-1.33936309814453,5.63683605194092,1.13398623466492,-0.76707881689072,"(5.636836, 1.133986, -0.767079)",truck body CS,13.1522064208984,0.1,6.15136003494263,1.20477890968323,-1.33936309814453,0.00003628125675,90.3817622677577,0.00000323313938
2040,left road,2040,-2.50500011444092,0.0,8.39999961853027,-2.45000004768372,0.0,1.45000004768372,-2.50500011444092,0.0,8.39999961853027,6.15136003494263,1.20477890968323,-1.33936309814453,5.63900089263916,1.133469581604,-0.76290154457092,"(5.639001, 1.13347, -0.762902)",truck body CS,13.0858421325684,0.1,6.15136003494263,1.20477890968323,-1.33936309814453,0.00003628125675,90.3817622677577,0.00000323313938
2041,left road,2041,-2.40499997138977,0.0,8.39999961853027,-2.34999990463257,0.0,1.45000004768372,-2.40499997138977,0.0,8.39999961853027,6.15136003494263,1.20477890968323,-1.33936309814453,5.64119386672974,1.13294494152069,-0.75866097211838,"(5.641194, 1.132945, -0.758661)",truck body CS,13.0199069976807,0.1,6.15136003494263,1.20477890968323,-1.33936309814453,0.00003628125675,90.3817622677577,0.00000323313938
2042,left road,2042,-2.3050000667572,0.0,8.39999961853027,-2.25,0.0,1.45000004768372,-2.3050000667572,0.0,8.39999961853027,6.15136003494263,1.20477890968323,-1.33936309814453,5.64341974258423,1.13241267204285,-0.75435894727707,"(5.64342, 1.132413, -0.754359)",truck body CS,12.9544086456299,0.1,6.15136003494263,1.20477890968323,-1.33936309814453,0.00003628125675,90.3817622677577,0.00000323313938
2043,left road,2043,-2.20500016212463,0.0,8.39999961853027,-2.15000009536743,0.0,1.45000004768372,-2.20500016212463,0.0,8.39999961853027,6.15136003494263,1.20477890968323,-1.33936309814453,5.64567899703979,1.13187217712402,-0.74999064207077,"(5.645679, 1.131872, -0.749991)",truck body CS,12.8893537521362,0.1,6.15136003494263,1.20477890968323,-1.33936309814453,0.00003628125675,90.3817622677577,0.00000323313938
2044,left road,2044,-2.10500001907349,0.0,8.39999961853027,-2.04999995231628,0.0,1.45000004768372,-2.10500001907349,0.0,8.39999961853027,6.15136003494263,1.20477890968323,-1.33936309814453,5.6481294631958,1.13134694099426,-0.74574387073517,"(5.648129, 1.131347, -0.745744)",truck body CS,12.8247480392456,0.1,6.15136003494263,1.20477890968323,-1.33936309814453,0.00003628125675,90.3817622677577,0.00000323313938
2045,left road,2045,-2.00500011444092,0.0,8.39999961853027,-1.95000004768372,0.0,1.45000004768372,-2.00500011444092,0.0,8.39999961853027,6.15136003494263,1.20477890968323,-1.33936309814453,5.65123081207275,1.13090455532074,-0.74216789007187,"(5.651231, 1.130905, -0.742168)",truck body CS,12.7605991363525,0.1,6.15136003494263,1.20477890968323,-1.33936309814453,0.00003628125675,90.3817622677577,0.00000323313938
2046,left road,2046,-1.90499997138977,0.0,8.39999961853027,-1.85000002384186,0.0,1.45000004768372,-1.90499997138977,0.0,8.39999961853027,6.15136003494263,1.20477890968323,-1.33936309814453,5.65436840057373,1.13045680522919,-0.7385476231575,"(5.654368, 1.130457, -0.738548)",truck body CS,12.6969137191772,0.1,6.15136003494263,1.20477890968323,-1.33936309814453,0.00003628125675,90.3817622677577,0.00000323313938
2047,left road,2047,-1.80499994754791,0.0,8.39999961853027,-1.75,0.0,1.45000004768372,-1.80499994754791,0.0,8.39999961853027,6.15136003494263,1.20477890968323,-1.33936309814453,5.65754175186157,1.13000321388245,-0.73488175868988,"(5.657542, 1.130003, -0.734882)",truck body CS,12.6336984634399,0.1,6.15136003494263,1.20477890968323,-1.33936309814453,0.00003628125675,90.3817622677577,0.00000323313938
2048,left road,2048,-1.70499992370605,0.0,8.39999961853027,-1.64999997615814,0.0,1.45000004768372,-1.70499992370605,0.0,8.39999961853027,6.15136003494263,1.20477890968323,-1.33936309814453,5.66075801849365,1.12954473495483,-0.73117470741272,"(5.660758, 1.129545, -0.731175)",truck body CS,12.5709609985352,0.1,6.15136003494263,1.20477890968323,-1.33936309814453,0.00003628125675,90.3817622677577,0.00000323313938
2049,left road,2049,-1.6049998998642,0.0,8.39999961853027,-1.54999995231628,0.0,1.45000004768372,-1.6049998998642,0.0,8.39999961853027,6.15136003494263,1.20477890968323,-1.33936309814453,5.66401290893555,1.12908041477203,-0.72742086648941,"(5.664013, 1.12908, -0.727421)",truck body CS,12.5087089538574,0.1,6.15136003494263,1.20477890968323,-1.33936309814453,0.00003628125675,90.3817622677577,0.00000323313938
2050,left road,2050,-1.50499999523163,0.0,8.39999961853027,-1.45000004768372,0.0,1.45000004768372,-1.50499999523163,0.0,8.39999961853027,6.15136003494263,1.20477890968323,-1.33936309814453,5.66794204711914,1.12870991230011,-0.72442603111267,"(5.667942, 1.12871, -0.724426)",truck body CS,12.446949005127,0.1,6.15136003494263,1.20477890968323,-1.33936309814453,0.00003628125675,90.3817622677577,0.00000323313938
2051,left road,2051,-1.40499997138977,0.0,8.39999961853027,-1.35000002384186,0.0,1.45000004768372,-1.40499997138977,0.0,8.39999961853027,6.15136003494263,1.20477890968323,-1.33936309814453,5.67468070983887,1.12877750396729,-0.72497320175171,"(5.674681, 1.128778, -0.724973)",truck body CS,12.385687828064,0.1,6.15136003494263,1.20477890968323,-1.33936309814453,0.00003628125675,90.3817622677577,0.00000323313938
2052,left road,2052,-1.30499994754791,0.0,8.39999961853027,-1.25,0.0,1.45000004768372,-1.30499994754791,0.0,8.39999961853027,6.15136003494263,1.20477890968323,-1.33936309814453,5.68075037002563,1.12873911857605,-0.72466206550598,"(5.68075, 1.128739, -0.724662)",truck body CS,12.324933052063,0.1,6.15136003494263,1.20477890968323,-1.33936309814453,0.00003628125675,90.3817622677577,0.00000323313938
2053,left road,2053,-1.20499992370605,0.0,8.39999961853027,-1.14999997615814,0.0,1.45000004768372,-1.20499992370605,0.0,8.39999961853027,6.15136003494263,1.20477890968323,-1.33936309814453,5.68683004379272,1.12870109081268,-0.72435474395752,"(5.68683, 1.128701, -0.724355)",truck body CS,12.2646942138672,0.1,6.15136003494263,1.20477890968323,-1.33936309814453,0.00003628125675,90.3817622677577,0.00000323313938
2054,left road,2054,-1.1049998998642,0.0,8.39999961853027,-1.04999995231628,0.0,1.45000004768372,-1.1049998998642,0.0,8.39999961853027,6.15136003494263,1.20477890968323,-1.33936309814453,5.69640064239502,1.1292417049408,-0.72872495651245,"(5.696401, 1.129242, -0.728725)",truck body CS,12.2049760818481,0.1,6.15136003494263,1.20477890968323,-1.33936309814453,0.00003628125675,90.3817622677577,0.00000323313938
2055,left road,2055,-1.00499999523163,0.0,8.39999961853027,-0.94999998807907,0.0,1.45000004768372,-1.00499999523163,0.0,8.39999961853027,6.15136003494263,1.20477890968323,-1.33936309814453,6.11443901062012,1.19856321811676,-1.28911638259888,"(6.114439, 1.198563, -1.289116)",EyeArea,12.145788192749,0.1,6.15136003494263,1.20477890968323,-1.33936309814453,0.00003628125675,90.3817622677577,0.00000323313938
2056,left road,2056,-0.90500003099442,0.0,8.39999961853027,-0.85000002384186,0.0,1.45000004768372,-0.90500003099442,0.0,8.39999961853027,6.15136003494263,1.20477890968323,-1.33936309814453,6.11495780944824,1.19856369495392,-1.28911983966827,"(6.114958, 1.198564, -1.28912)",EyeArea,12.0871381759644,0.1,6.15136003494263,1.20477890968323,-1.33936309814453,0.00003628125675,90.3817622677577,0.00000323313938
2057,left road,2057,-0.80500000715256,0.0,8.39999961853027,-0.75,0.0,1.45000004768372,-0.80500000715256,0.0,8.39999961853027,6.15136003494263,1.20477890968323,-1.33936309814453,6.11547613143921,1.19856417179108,-1.28912329673767,"(6.115476, 1.198564, -1.289123)",EyeArea,12.0290327072144,0.1,6.15136003494263,1.20477890968323,-1.33936309814453,0.00003628125675,90.3817622677577,0.00000323313938
2058,left road,2058,-0.7049999833107,0.0,8.39999961853027,-0.64999997615814,0.0,1.45000004768372,-0.7049999833107,0.0,8.39999961853027,6.15136003494263,1.20477890968323,-1.33936309814453,6.11599445343018,1.19856452941895,-1.28912675380707,"(6.115994, 1.198565, -1.289127)",EyeArea,11.9714803695679,0.1,6.15136003494263,1.20477890968323,-1.33936309814453,0.00003628125675,90.3817622677577,0.00000323313938
2059,left road,2059,-0.60500001907349,0.0,8.39999961853027,-0.55000001192093,0.0,1.45000004768372,-0.60500001907349,0.0,8.39999961853027,6.15136003494263,1.20477890968323,-1.33936309814453,6.11651277542114,1.1985650062561,-1.28913021087646,"(6.116513, 1.198565, -1.28913)",EyeArea,11.9144906997681,0.1,6.15136003494263,1.20477890968323,-1.33936309814453,0.00003628125675,90.3817622677577,0.00000323313938
2060,left road,2060,-0.50499999523163,0.0,8.39999961853027,-0.44999998807907,0.0,1.45000004768372,-0.50499999523163,0.0,8.39999961853027,6.15136003494263,1.20477890968323,-1.33936309814453,6.11703062057495,1.19856536388397,-1.28913366794586,"(6.117031, 1.198565, -1.289134)",EyeArea,11.8580694198608,0.1,6.15136003494263,1.20477890968323,-1.33936309814453,0.00003628125675,90.3817622677577,0.00000323313938
2061,left road,2061,-0.40500000119209,0.0,8.39999961853027,-0.34999999403954,0.0,1.45000004768372,-0.40500000119209,0.0,8.39999961853027,6.15136003494263,1.20477890968323,-1.33936309814453,6.11754894256592,1.19856584072113,-1.28913712501526,"(6.117549, 1.198566, -1.289137)",EyeArea,11.8022260665894,0.1,6.15136003494263,1.20477890968323,-1.33936309814453,0.00003628125675,90.3817622677577,0.00000323313938
2062,left road,2062,-0.30500000715256,0.0,8.39999961853027,-0.25,0.0,1.45000004768372,-0.30500000715256,0.0,8.39999961853027,6.15136003494263,1.20477890968323,-1.33936309814453,6.11806678771973,1.19856631755829,-1.28914058208466,"(6.118067, 1.198566, -1.289141)",EyeArea,11.7469682693481,0.1,6.15136003494263,1.20477890968323,-1.33936309814453,0.00003628125675,90.3817622677577,0.00000323313938
2063,left road,2063,-0.20500001311302,0.0,8.39999961853027,-0.15000000596046,0.0,1.45000004768372,-0.20500001311302,0.0,8.39999961853027,6.15136003494263,1.20477890968323,-1.33936309814453,6.11858510971069,1.19856667518616,-1.28914403915405,"(6.118585, 1.198567, -1.289144)",EyeArea,11.6923046112061,0.1,6.15136003494263,1.20477890968323,-1.33936309814453,0.00003628125675,90.3817622677577,0.00000323313938
2064,left road,2064,-0.10500000417233,0.0,8.39999961853027,-0.05000000074506,0.0,1.45000004768372,-0.10500000417233,0.0,8.39999961853027,6.15136003494263,1.20477890968323,-1.33936309814453,6.1191029548645,1.19856715202332,-1.28914737701416,"(6.119103, 1.198567, -1.289147)",EyeArea,11.6382436752319,0.1,6.15136003494263,1.20477890968323,-1.33936309814453,0.00003628125675,90.3817622677577,0.00000323313938
2065,left road,2065,-0.00499999895692,0.0,8.39999961853027,0.05000000074506,0.0,1.45000004768372,-0.00499999895692,0.0,8.39999961853027,6.15136003494263,1.20477890968323,-1.33936309814453,6.11962032318115,1.19856750965118,-1.28915083408356,"(6.11962, 1.198568, -1.289151)",EyeArea,11.5847940444946,0.1,6.15136003494263,1.20477890968323,-1.33936309814453,0.00003628125675,90.3817622677577,0.00000323313938
2066,left road,2066,0.09500000625849,0.0,8.39999961853027,0.15000000596046,0.0,1.45000004768372,0.09500000625849,0.0,8.39999961853027,6.15136003494263,1.20477890968323,-1.33936309814453,6.12013816833496,1.19856798648834,-1.28915429115295,"(6.120138, 1.198568, -1.289154)",EyeArea,11.5319633483887,0.1,6.15136003494263,1.20477890968323,-1.33936309814453,0.00003628125675,90.3817622677577,0.00000323313938
2067,left road,2067,0.19499999284744,0.0,8.39999961853027,0.25,0.0,1.45000004768372,0.19499999284744,0.0,8.39999961853027,6.15136003494263,1.20477890968323,-1.33936309814453,6.12065553665161,1.19856834411621,-1.28915774822235,"(6.120656, 1.198568, -1.289158)",EyeArea,11.4797601699829,0.1,6.15136003494263,1.20477890968323,-1.33936309814453,0.00003628125675,90.3817622677577,0.00000323313938
2068,left road,2068,0.29499998688698,0.0,8.39999961853027,0.34999999403954,0.0,1.45000004768372,0.29499998688698,0.0,8.39999961853027,6.15136003494263,1.20477890968323,-1.33936309814453,6.12117338180542,1.19856882095337,-1.28916120529175,"(6.121173, 1.198569, -1.289161)",EyeArea,11.4281949996948,0.1,6.15136003494263,1.20477890968323,-1.33936309814453,0.00003628125675,90.3817622677577,0.00000323313938
2069,left road,2069,0.39499998092651,0.0,8.39999961853027,0.44999998807907,0.0,1.45000004768372,0.39499998092651,0.0,8.39999961853027,6.15136003494263,1.20477890968323,-1.33936309814453,6.12169075012207,1.19856917858124,-1.28916466236115,"(6.121691, 1.198569, -1.289165)",EyeArea,11.3772735595703,0.1,6.15136003494263,1.20477890968323,-1.33936309814453,0.00003628125675,90.3817622677577,0.00000323313938
2070,left road,2070,0.49500000476837,0.0,8.39999961853027,0.55000001192093,0.0,1.45000004768372,0.49500000476837,0.0,8.39999961853027,6.15136003494263,1.20477890968323,-1.33936309814453,6.12220811843872,1.1985696554184,-1.28916811943054,"(6.122208, 1.19857, -1.289168)",EyeArea,11.3270072937012,0.1,6.15136003494263,1.20477890968323,-1.33936309814453,0.00003628125675,90.3817622677577,0.00000323313938
2071,left road,2071,0.59499996900558,0.0,8.39999961853027,0.64999997615814,0.0,1.45000004768372,0.59499996900558,0.0,8.39999961853027,6.15136003494263,1.20477890968323,-1.33936309814453,6.12272548675537,1.19857013225555,-1.28917157649994,"(6.122725, 1.19857, -1.289172)",EyeArea,11.2774028778076,0.1,6.15136003494263,1.20477890968323,-1.33936309814453,0.00003628125675,90.3817622677577,0.00000323313938
2072,left road,2072,0.69499999284744,0.0,8.39999961853027,0.75,0.0,1.45000004768372,0.69499999284744,0.0,8.39999961853027,6.15136003494263,1.20477890968323,-1.33936309814453,6.12324285507202,1.19857048988342,-1.28917503356934,"(6.123243, 1.19857, -1.289175)",EyeArea,11.2284698486328,0.1,6.15136003494263,1.20477890968323,-1.33936309814453,0.00003628125675,90.3817622677577,0.00000323313938
2073,left road,2073,0.7950000166893,0.0,8.39999961853027,0.85000002384186,0.0,1.45000004768372,0.7950000166893,0.0,8.39999961853027,6.15136003494263,1.20477890968323,-1.33936309814453,6.12376022338867,1.19857096672058,-1.28917849063873,"(6.12376, 1.198571, -1.289178)",EyeArea,11.1802177429199,0.1,6.15136003494263,1.20477890968323,-1.33936309814453,0.00003628125675,90.3817622677577,0.00000323313938
2074,left road,2074,0.89499998092651,0.0,8.39999961853027,0.94999998807907,0.0,1.45000004768372,0.89499998092651,0.0,8.39999961853027,6.15136003494263,1.20477890968323,-1.33936309814453,6.12427711486816,1.19857144355774,-1.28918194770813,"(6.124277, 1.198571, -1.289182)",EyeArea,11.1326541900635,0.1,6.15136003494263,1.20477890968323,-1.33936309814453,0.00003628125675,90.3817622677577,0.00000323313938
2075,left road,2075,0.99499994516373,0.0,8.39999961853027,1.04999995231628,0.0,1.45000004768372,0.99499994516373,0.0,8.39999961853027,6.15136003494263,1.20477890968323,-1.33936309814453,6.12479448318481,1.19857180118561,-1.28918540477753,"(6.124794, 1.198572, -1.289185)",EyeArea,11.085789680481,0.1,6.15136003494263,1.20477890968323,-1.33936309814453,0.00003628125675,90.3817622677577,0.00000323313938
2076,left road,2076,1.09500002861023,0.0,8.39999961853027,1.14999997615814,0.0,1.45000004768372,1.09500002861023,0.0,8.39999961853027,6.15136003494263,1.20477890968323,-1.33936309814453,6.12531185150146,1.19857227802277,-1.28918886184692,"(6.125312, 1.198572, -1.289189)",EyeArea,11.0396308898926,0.1,6.15136003494263,1.20477890968323,-1.33936309814453,0.00003628125675,90.3817622677577,0.00000323313938
2077,left road,2077,1.19500005245209,0.0,8.39999961853027,1.25,0.0,1.45000004768372,1.19500005245209,0.0,8.39999961853027,6.15136003494263,1.20477890968323,-1.33936309814453,6.12582778930664,1.19857263565063,-1.28919219970703,"(6.125828, 1.198573, -1.289192)",EyeArea,10.9941883087158,0.1,6.15136003494263,1.20477890968323,-1.33936309814453,0.00003628125675,90.3817622677577,0.00000323313938
2078,left road,2078,1.29500007629395,0.0,8.39999961853027,1.35000002384186,0.0,1.45000004768372,1.29500007629395,0.0,8.39999961853027,6.15136003494263,1.20477890968323,-1.33936309814453,6.12634468078613,1.19857311248779,-1.28919565677643,"(6.126345, 1.198573, -1.289196)",EyeArea,10.9494705200195,0.1,6.15136003494263,1.20477890968323,-1.33936309814453,0.00003628125675,90.3817622677577,0.00000323313938
2079,left road,2079,1.3950001001358,0.0,8.39999961853027,1.45000004768372,0.0,1.45000004768372,1.3950001001358,0.0,8.39999961853027,6.15136003494263,1.20477890968323,-1.33936309814453,6.12686157226563,1.19857358932495,-1.28919911384583,"(6.126862, 1.198574, -1.289199)",EyeArea,10.9054870605469,0.1,6.15136003494263,1.20477890968323,-1.33936309814453,0.00003628125675,90.3817622677577,0.00000323313938
2080,left road,2080,1.49500000476837,0.0,8.39999961853027,1.54999995231628,0.0,1.45000004768372,1.49500000476837,0.0,8.39999961853027,6.15136003494263,1.20477890968323,-1.33936309814453,6.12737846374512,1.19857394695282,-1.28920257091522,"(6.127378, 1.198574, -1.289203)",EyeArea,10.8622455596924,0.1,6.15136003494263,1.20477890968323,-1.33936309814453,0.00003628125675,90.3817622677577,0.00000323313938
2081,left road,2081,1.59500002861023,0.0,8.39999961853027,1.64999997615814,0.0,1.45000004768372,1.59500002861023,0.0,8.39999961853027,6.15136003494263,1.20477890968323,-1.33936309814453,6.12789535522461,1.19857430458069,-1.28920602798462,"(6.127895, 1.198574, -1.289206)",EyeArea,10.8197546005249,0.1,6.15136003494263,1.20477890968323,-1.33936309814453,0.00003628125675,90.3817622677577,0.00000323313938
2082,left road,2082,1.69500005245209,0.0,8.39999961853027,1.75,0.0,1.45000004768372,1.69500005245209,0.0,8.39999961853027,6.15136003494263,1.20477890968323,-1.33936309814453,6.12841129302979,1.19857478141785,-1.28920948505402,"(6.128411, 1.198575, -1.289209)",EyeArea,10.7780246734619,0.1,6.15136003494263,1.20477890968323,-1.33936309814453,0.00003628125675,90.3817622677577,0.00000323313938
2083,left road,2083,1.79500007629395,0.0,8.39999961853027,1.85000002384186,0.0,1.45000004768372,1.79500007629395,0.0,8.39999961853027,6.15136003494263,1.20477890968323,-1.33936309814453,6.12892770767212,1.19857513904572,-1.28921294212341,"(6.128928, 1.198575, -1.289213)",EyeArea,10.7370643615723,0.1,6.15136003494263,1.20477890968323,-1.33936309814453,0.00003628125675,90.3817622677577,0.00000323313938
2084,left road,2084,1.8950001001358,0.0,8.39999961853027,1.95000004768372,0.0,1.45000004768372,1.8950001001358,0.0,8.39999961853027,6.15136003494263,1.20477890968323,-1.33936309814453,6.12944459915161,1.19857561588287,-1.28921639919281,"(6.129445, 1.198576, -1.289216)",EyeArea,10.6968812942505,0.1,6.15136003494263,1.20477890968323,-1.33936309814453,0.00003628125675,90.3817622677577,0.00000323313938
2085,left road,2085,1.99500000476837,0.0,8.39999961853027,2.04999995231628,0.0,1.45000004768372,1.99500000476837,0.0,8.39999961853027,6.15136003494263,1.20477890968323,-1.33936309814453,6.12996101379395,1.19857609272003,-1.28921973705292,"(6.129961, 1.198576, -1.28922)",EyeArea,10.6574859619141,0.1,6.15136003494263,1.20477890968323,-1.33936309814453,0.00003628125675,90.3817622677577,0.00000323313938
2086,left road,2086,2.09500002861023,0.0,8.39999961853027,2.15000009536743,0.0,1.45000004768372,2.09500002861023,0.0,8.39999961853027,6.15136003494263,1.20477890968323,-1.33936309814453,6.13047742843628,1.1985764503479,-1.28922319412231,"(6.130477, 1.198576, -1.289223)",EyeArea,10.6188859939575,0.1,6.15136003494263,1.20477890968323,-1.33936309814453,0.00003628125675,90.3817622677577,0.00000323313938
2087,left road,2087,2.1949999332428,0.0,8.39999961853027,2.25,0.0,1.45000004768372,2.1949999332428,0.0,8.39999961853027,6.15136003494263,1.20477890968323,-1.33936309814453,6.13099336624146,1.19857692718506,-1.28922665119171,"(6.130993, 1.198577, -1.289227)",EyeArea,10.5810899734497,0.1,6.15136003494263,1.20477890968323,-1.33936309814453,0.00003628125675,90.3817622677577,0.00000323313938
2088,left road,2088,2.29499983787537,0.0,8.39999961853027,2.34999990463257,0.0,1.45000004768372,2.29499983787537,0.0,8.39999961853027,6.15136003494263,1.20477890968323,-1.33936309814453,6.13150978088379,1.19857740402222,-1.28923010826111,"(6.13151, 1.198577, -1.28923)",EyeArea,10.5441074371338,0.1,6.15136003494263,1.20477890968323,-1.33936309814453,0.00003628125675,90.3817622677577,0.00000323313938
2089,left road,2089,2.39499998092651,0.0,8.39999961853027,2.45000004768372,0.0,1.45000004768372,2.39499998092651,0.0,8.39999961853027,6.15136003494263,1.20477890968323,-1.33936309814453,6.13202571868896,1.19857776165009,-1.28923356533051,"(6.132026, 1.198578, -1.289234)",EyeArea,10.50794506073,0.1,6.15136003494263,1.20477890968323,-1.33936309814453,0.00003628125675,90.3817622677577,0.00000323313938
2090,left road,2090,2.49499988555908,0.0,8.39999961853027,2.54999995231628,0.0,1.45000004768372,2.49499988555908,0.0,8.39999961853027,6.15136003494263,1.20477890968323,-1.33936309814453,6.13254165649414,1.19857823848724,-1.2892370223999,"(6.132542, 1.198578, -1.289237)",EyeArea,10.4726142883301,0.1,6.15136003494263,1.20477890968323,-1.33936309814453,0.00003628125675,90.3817622677577,0.00000323313938
2091,left road,2091,2.59500002861023,0.0,8.39999961853027,2.65000009536743,0.0,1.45000004768372,2.59500002861023,0.0,8.39999961853027,6.15136003494263,1.20477890968323,-1.33936309814453,6.13305759429932,1.19857859611511,-1.28924036026001,"(6.133058, 1.198579, -1.28924)",EyeArea,10.43812084198,0.1,6.15136003494263,1.20477890968323,-1.33936309814453,0.00003628125675,90.3817622677577,0.00000323313938
2092,left road,2092,2.6949999332428,0.0,8.39999961853027,2.75,0.0,1.45000004768372,2.6949999332428,0.0,8.39999961853027,6.15136003494263,1.20477890968323,-1.33936309814453,6.13357353210449,1.19857907295227,-1.28924381732941,"(6.133574, 1.198579, -1.289244)",EyeArea,10.4044752120972,0.1,6.15136003494263,1.20477890968323,-1.33936309814453,0.00003628125675,90.3817622677577,0.00000323313938
2093,left road,2093,2.79499983787537,0.0,8.39999961853027,2.84999990463257,0.0,1.45000004768372,2.79499983787537,0.0,8.39999961853027,6.15136003494263,1.20477890968323,-1.33936309814453,6.13408946990967,1.19857954978943,-1.2892472743988,"(6.134089, 1.19858, -1.289247)",EyeArea,10.3716840744019,0.1,6.15136003494263,1.20477890968323,-1.33936309814453,0.00003628125675,90.3817622677577,0.00000323313938
2094,left road,2094,2.89499998092651,0.0,8.39999961853027,2.95000004768372,0.0,1.45000004768372,2.89499998092651,0.0,8.39999961853027,6.15136003494263,1.20477890968323,-1.33936309814453,6.13460493087769,1.1985799074173,-1.2892507314682,"(6.134605, 1.19858, -1.289251)",EyeArea,10.3397560119629,0.1,6.15136003494263,1.20477890968323,-1.33936309814453,0.00003628125675,90.3817622677577,0.00000323313938
2095,left road,2095,2.99499988555908,0.0,8.39999961853027,3.04999995231628,0.0,1.45000004768372,2.99499988555908,0.0,8.39999961853027,6.15136003494263,1.20477890968323,-1.33936309814453,6.1351203918457,1.19858026504517,-1.2892541885376,"(6.13512, 1.19858, -1.289254)",EyeArea,10.3086996078491,0.1,6.15136003494263,1.20477890968323,-1.33936309814453,0.00003628125675,90.3817622677577,0.00000323313938
2096,left road,2096,3.09500002861023,0.0,8.39999961853027,3.15000009536743,0.0,1.45000004768372,3.09500002861023,0.0,8.39999961853027,6.15136003494263,1.20477890968323,-1.33936309814453,6.13563632965088,1.19858074188232,-1.28925764560699,"(6.135636, 1.198581, -1.289258)",EyeArea,10.2785224914551,0.1,6.15136003494263,1.20477890968323,-1.33936309814453,0.00003628125675,90.3817622677577,0.00000323313938
2097,left road,2097,3.1949999332428,0.0,8.39999961853027,3.25,0.0,1.45000004768372,3.1949999332428,0.0,8.39999961853027,6.15136003494263,1.20477890968323,-1.33936309814453,6.1361517906189,1.19858121871948,-1.2892609834671,"(6.136152, 1.198581, -1.289261)",EyeArea,10.249231338501,0.1,6.15136003494263,1.20477890968323,-1.33936309814453,0.00003628125675,90.3817622677577,0.00000323313938
2098,left road,2098,3.29499983787537,0.0,8.39999961853027,3.34999990463257,0.0,1.45000004768372,3.29499983787537,0.0,8.39999961853027,6.15136003494263,1.20477890968323,-1.33936309814453,6.13666725158691,1.19858157634735,-1.2892644405365,"(6.136667, 1.198582, -1.289264)",EyeArea,10.2208347320557,0.1,6.15136003494263,1.20477890968323,-1.33936309814453,0.00003628125675,90.3817622677577,0.00000323313938
2099,left road,2099,3.39499998092651,0.0,8.39999961853027,3.45000004768372,0.0,1.45000004768372,3.39499998092651,0.0,8.39999961853027,6.15136003494263,1.20477890968323,-1.33936309814453,6.13718271255493,1.19858205318451,-1.2892678976059,"(6.137183, 1.198582, -1.289268)",EyeArea,10.193341255188,0.1,6.15136003494263,1.20477890968323,-1.33936309814453,0.00003628125675,90.3817622677577,0.00000323313938
